scenario,time,time_to_terminal,log_capital,log_capability,log_population,log_consumption,log_shadow_value,log_output,log_service_composite,log_wage,log_ai_price,log_ai_marginal_cost,log_ai_services,log_inference_compute,log_human_research,log_production_labor,log_automated_research,log_effective_research,log_output_per_capita,log_consumption_per_capita,log_capital_per_capita,capital_growth,capability_growth,consumption_growth,consumption_per_capita_growth,shadow_growth,output_growth,output_per_capita_growth,wage_growth,output_capital_ratio,capability_growth_to_output_capital,gross_capital_return,net_capital_return,human_research_share,production_labor_population_share,ai_share,inverse_demand_elasticity,monopoly_soc_margin,automated_research_share,inference_share,research_resource_share,investment_share,consumption_share,resource_share_sum,production_labor_share,aggregate_labor_share,ai_markup,ai_profit_share,shadow_capability_to_output,shadow_capability_to_capital,human_to_automated_research_ratio,singularity_time_estimate,monopoly_foc_log_error,research_compute_foc_log_error,research_human_foc_log_error,labor_market_error,euler_residual,capital_law_residual,capability_law_residual,consumption_euler_path_residual,shadow_costate_residual
equilibrium_sigma_1_35,0.0,333.2210310848803,0.9200248718261719,0.0,0.0,-0.4673842508412471,-0.735022816253069,-0.06914801353433331,-0.5563525690104031,-0.5476544757011236,1.2360176013386077,0.0,-4.280636077616984,-4.280636077616984,-6.74165750249469,-0.0011813861014945439,-9.075044870709153,-7.293195642277322,-0.06914801353433331,-0.4673842508412471,0.9200248718261719,0.0666041460160548,0.0036950262532835106,0.04472177104413685,0.032721771044136844,0.041469080053148755,0.03161501103909892,0.019615011039098917,0.019026181610204418,0.37188415467920255,0.009935960451100536,0.12272177104413684,0.07272177104413684,0.0011806885396578027,0.9988193114603422,0.07615436378610067,0.7094610409485979,0.19863409828453116,0.14359668053102687,0.01482429241986923,0.00012268421554657066,0.3135496485905422,0.671503374774042,1.0,0.6189765762633125,0.6197082587022936,3.4418792001363885,0.03619913131681821,0.5138238365506217,0.19108294310965268,10.312815738043032,21.229377454140977,-1.1701084545734375e-11,0.0,1.1590728377086634e-13,0.0,0.0,0.0,0.0,0.0,0.0
equilibrium_sigma_1_35,1.0,332.2210310848803,0.9831354438596441,0.0037336392888115922,0.012,-0.4246930322428016,-0.6955384650389665,-0.03876239324685732,-0.5420852085381193,-0.5298288280596662,1.2315040171705616,-0.0037336392888115922,-4.238515727767329,-4.24224936705614,-6.6983345268148815,0.01078100080533148,-8.996070599746318,-7.244714016869066,-0.050762393246857315,-0.4366930322428016,0.9711354438596441,0.059812572728028146,0.0037715935978338533,0.04077070877015137,0.02877070877015137,0.03760729972832816,0.029224913586367585,0.017224913586367584,0.01669222562561412,0.3599112386974284,0.01047923263381217,0.11877070877015138,0.06877070877015137,0.001218256516955384,0.9987817434830446,0.07670627583970675,0.7092343481828759,0.19867922525762596,0.14580277656444643,0.014943378696484919,0.0001287924702880433,0.3051101519515088,0.6798176768817181,0.9999999999999999,0.6186067951873964,0.6193613361715375,3.4391957706788614,0.0364498261161186,0.5204599014042455,0.18731936780674344,9.951627174556902,22.935600337104304,-1.1864569222919119e-11,-5.551115123125783e-16,1.7108536809473662e-13,0.0,0.0,-2.0422077293136276e-08,4.499062407348209e-11,-1.1155957692354779e-08,-1.0979474822370161e-08
equilibrium_sigma_1_35,2.0,331.2210310848803,1.0399995711072594,0.00754195904797684,0.024,-0.38564542968902865,-0.6596151911646939,-0.010575378446309736,-0.5280227416592618,-0.5141500427862995,1.2269866457922953,-0.00754195904797684,-4.19928666983353,-4.206828628881507,-6.657444056041732,0.022745247259425255,-8.923822558426297,-7.199220795714682,-0.034575378446309736,-0.4096454296890287,1.0159995711072594,0.05407196393363292,0.0038444734701762896,0.03741308142750465,0.02541308142750465,0.03432580680374539,0.027204043926976063,0.015204043926976062,0.014719001829588407,0.3497366103863777,0.010992482216628793,0.11541308142750464,0.06541308142750464,0.0012539658674995471,0.9987460341325004,0.07720839541248116,0.7090281072176142,0.19872024802926183,0.14776634454235815,0.015051866877927342,0.00013459407245065795,0.2975724040404508,0.6872411350091711,0.9999999999999999,0.6182703750736376,0.6190466384286174,3.4367580676800156,0.036677758048435025,0.5265032083626743,0.18413744745031446,9.644410284408144,24.573756519733358,-1.2011272185197264e-11,-4.440892098500626e-16,2.403632848313464e-13,0.0,0.0,2.9669762480200035e-08,-7.345556324658831e-11,1.633239581078083e-08,1.6050494142105798e-08
equilibrium_sigma_1_35,3.0,330.2210310848803,1.0915607237594043,0.011421516523655242,0.036000000000000004,-0.34970685094650705,-0.6267305961335103,0.01574461603952443,-0.5141349594045955,-0.5002942032652521,1.2224584006142498,-0.011421516523655242,-4.162502270076425,-4.1739237866000805,-6.6186358516550134,0.034711132672754455,-8.857302674997328,-7.156293482196899,-0.020255383960475576,-0.38570685094650703,1.0555607237594042,0.04917703696320111,0.003914141813589415,0.03453637995427845,0.022536379954278447,0.031513939655998774,0.025480506632702404,0.013480506632702404,0.013036197434312946,0.34101933319478317,0.011477771001779944,0.11253637995427845,0.06253637995427845,0.0012880370944768622,0.9987119629055231,0.07766807983850088,0.7088392960959639,0.19875777637406827,0.14951976001109496,0.015151308173941315,0.00014011496538242167,0.2908252621166004,0.6938833147440758,1.0,0.6179623865082043,0.6187593715312919,3.4345294079157425,0.03688630531785427,0.5320309069010161,0.1814328251104003,9.380816661389707,26.15079621714454,-1.2139908869834848e-11,4.440892098500626e-16,3.1885605267234496e-13,0.0,0.0,-2.358847992628421e-08,6.452674419094029e-11,-1.307758607654863e-08,-1.2837334896487196e-08
equilibrium_sigma_1_35,4.0,329.2210310848803,1.1385831844826009,0.015369307289870649,0.048,-0.3164412650826204,-0.5964591622227706,0.04046639596803914,-0.5003970968824167,-0.4879987825937712,1.217913670264494,-0.015369307289870649,-4.1278007330835225,-4.143170040373393,-6.5816226290638085,0.04667846578698757,-8.795698611062981,-7.115584163364755,-0.007533604031960864,-0.36444126508262037,1.0905831844826008,0.044971889352583935,0.003981002083653708,0.03205451852274301,0.020054518522743012,0.029087138996105665,0.023999658740614382,0.011999658740614382,0.011590386247706252,0.33349854097800913,0.011937089955413673,0.11005451852274302,0.06005451852274302,0.001320661371213461,0.9986793386287866,0.0780913571470872,0.7086654388606964,0.19879230921109872,0.15109003699942067,0.01524297654654377,0.00014537920722710554,0.2847745272710095,0.6998371169752197,1.0,0.6176787907114516,0.6184956139770961,3.4324798131643046,0.037078232742004655,0.5371079121695688,0.17912470505629585,9.152947714520383,27.67287444720643,-1.225861599729594e-11,0.0,4.0839553960836383e-13,0.0,0.0,8.59539434072687e-09,-2.6014584583733402e-11,4.798172421882629e-09,4.703531696070851e-09
equilibrium_sigma_1_35,5.0,328.2210310848803,1.181693972524071,0.019382700320311815,0.06,-0.28548869410182465,-0.5684500294515985,0.06381064028202382,-0.48678861291182035,-0.4770483034828204,1.21334795161573,-0.019382700320311815,-4.094885252473521,-4.114267952793833,-6.546166015742182,0.05864707942137449,-8.738341039519252,-7.0768031139828595,0.003810640282023825,-0.34548869410182464,1.1216939725240709,0.041336006162224256,0.004045399672087809,0.029900480151146984,0.017900480151146984,0.026979661355533223,0.022719230051981842,0.010719230051981842,0.010340249347040587,0.32697115197317267,0.012372344311340731,0.10790048015114699,0.05790048015114699,0.0013520057941695514,0.9986479942058305,0.07848322474528063,0.708504482873142,0.1988242596301368,0.15249993833948305,0.015327930482738582,0.00015040909445870077,0.27933964697203073,0.7051820134507719,1.0,0.6174162394206619,0.6182521198689824,3.4305844900950437,0.037255830096599434,0.5417893699437629,0.17714949441733158,8.954668566041166,29.145460666042787,-1.2366933865859409e-11,-5.551115123125783e-16,5.08537656429553e-13,-1.1102230246251565e-16,0.0,8.650029581502849e-10,-2.876554897057737e-12,4.860223577762834e-10,4.758046699693264e-10
equilibrium_sigma_1_35,6.0,327.2210310848803,1.2214132046184987,0.023459385552820858,0.07200000000000001,-0.2565487999877071,-0.5424108091810879,0.08596051999841592,-0.4732922948144607,-0.4672639484612239,1.2087575860134931,-0.023459385552820858,-4.063509632627447,-4.086969018180268,-6.51206623529766,0.07061682642527246,-8.684672549031319,-7.03970670542937,0.01396051999841591,-0.3285487999877071,1.1494132046184986,0.0381747670253102,0.00410763277777039,0.028021294965957143,0.016021294965957143,0.02513960830051404,0.021606010363051098,0.009606010363051098,0.009253331242908835,0.32127665141199135,0.012785344841330964,0.10602129496595715,0.05602129496595715,0.001382217431046993,0.9986177825689531,0.07884786836305001,0.7083547088834731,0.19885397321333914,0.15376880877240134,0.015407058380373791,0.00015522528121883887,0.27445121404804074,0.7099865022903667,1.0000000000000002,0.6171719281967564,0.6180261747483369,3.4288227187182154,0.03742101342286971,0.5461225140904528,0.1754564125876787,8.781140649527694,30.573429330147302,-1.2464737575434981e-11,-1.1102230246251565e-16,6.180611578088246e-13,-1.1102230246251565e-16,0.0,-9.468308595494968e-08,3.398425577408326e-10,-5.3515901439482594e-08,-5.2344863568642985e-08
equilibrium_sigma_1_35,7.0,326.2210310848803,1.2581764682629373,0.027597331127975133,0.084,-0.229368710705059,-0.5180955915639863,0.10706952849317242,-0.4598935910949208,-0.4584959002652427,1.2041395667397232,-0.027597331127975133,-4.033467691441776,-4.061065022569751,-6.479154403277028,0.08258757652678031,-8.634224620618486,-7.00408834473866,0.02306952849317241,-0.313368710705059,1.1741764682629372,0.035412857031350053,0.004167960708469867,0.026374533603415067,0.014374533603415066,0.02352545861307084,0.020633548533655066,0.008633548533655066,0.0083037873524483,0.31628646546489414,0.01317780292098046,0.10437453360341507,0.05437453360341507,0.0014114264726367578,0.9985885735273632,0.0791888251586812,0.708214664036675,0.19888174166824465,0.1549132087501343,0.015481112429017112,0.0001598468882857679,0.27004904211062536,0.7143099985720718,1.0,0.6169434871436835,0.6178154882790456,3.4271770261722034,0.03757540042729929,0.550148086436956,0.17400439374141985,8.628496027749808,31.96113476526621,-1.2554624007066195e-11,-3.3306690738754696e-16,7.369660437461789e-13,0.0,0.0,-3.909929869455597e-08,1.5239847491604896e-10,-2.2228755353764784e-08,-2.1715694142193653e-08
equilibrium_sigma_1_35,8.0,325.2210310848803,1.2923516798358177,0.03179474783138579,0.096,-0.20373378861076996,-0.49529586183428115,0.1272673856281777,-0.4465801025636451,-0.4506175677660541,1.1994913954745443,-0.03179474783138579,-4.004585274087474,-4.03638002191886,-6.447286648201907,0.09455921379918633,-8.586600200544733,-6.969771533737745,0.031267385628177685,-0.29973378861076994,1.1963516798358176,0.03298958826663881,0.004226610394128056,0.024925802056162787,0.012925802056162786,0.022103593162192306,0.019780517755974003,0.007780517755974003,0.007470784011420761,0.31189636986715996,0.013551329231334803,0.1029258020561628,0.05292580205616279,0.0014397487666755265,0.9985602512333245,0.07950910801608628,0.7080831108185779,0.19890781320391804,0.15594740782494973,0.015550734487539079,0.00016429161216483437,0.2660806482037126,0.7182043256965835,1.0,0.6167288976292221,0.6176181125450354,3.4256325586077194,0.03772036788323872,0.5539014480693129,0.1727598509169819,8.493605211891994,33.31247507709516,-1.263879279012059e-11,1.6653345369377348e-16,8.648082250317657e-13,0.0,0.0,2.8890755565669224e-08,-1.21623571457119e-10,1.6516075347638992e-08,1.6116079387673565e-08
equilibrium_sigma_1_35,9.0,324.2210310848803,1.3242519408251687,0.03605005934859831,0.108,-0.1794605474735339,-0.4738335385122336,0.1466645430717909,-0.43334119015002215,-0.44352118081359554,1.1948109742419444,-0.03605005934859831,-3.976714162219354,-4.012764221567952,-6.416339574437317,0.10653163461747704,-8.541460352874955,-6.936604494270829,0.03866454307179089,-0.2874605474735339,1.2162519408251686,0.030855520113489215,0.004283781533153856,0.023646921742333606,0.011646921742333605,0.020846498456624476,0.019029533910863705,0.007029533910863705,0.006737342184148787,0.3080209749767685,0.013907434496877839,0.10164692174233361,0.05164692174233361,0.001467287861537361,0.9985327121384626,0.079811301284098,0.7079589877318279,0.19893240051413558,0.15688377195746336,0.015616476055888772,0.00016857582726645927,0.2625000460426031,0.7217149020742417,1.0,0.6165264281396543,0.6174323791749379,3.4241765984190455,0.03785709580445688,0.55741345674538,0.1716950364118827,8.373908814676373,34.63094636491682,-1.271568961236369e-11,2.7755575615628914e-16,1.000532989792191e-12,0.0,0.0,4.921939297797273e-08,-2.2266757014610672e-10,2.8285002791339497e-08,2.7569574612834602e-08
equilibrium_sigma_1_35,10.0,323.2210310848803,1.3541454754389748,0.04036187717362486,0.12,-0.15639114547385485,-0.45355556648641204,0.1653556688337547,-0.420167668747921,-0.4371143838405984,1.1900965230982083,-0.04036187717362486,-3.9497273658873944,-3.990089243061019,-6.386206715298863,0.11850474599184671,-8.498513899790215,-6.904455952876445,0.04535566883375469,-0.27639114547385485,1.2341454754389747,0.028969977056966217,0.004339650707271945,0.022514585654107695,0.010514585654107695,0.019731441365831145,0.018366287235227485,0.006366287235227485,0.006089487939731075,0.30458965349729605,0.014247531580420112,0.1005145856541077,0.0505145856541077,0.0014941366728482505,0.9985058633271517,0.08009763547344957,0.7078413786147941,0.19895568699929758,0.15773307111645643,0.0156788138868128,0.00017271468084716885,0.25926677465972187,0.7248816967726183,1.0,0.6163345842327886,0.6172568503294328,3.422798188346909,0.0379866018803984,0.5607111679689563,0.17078682036372853,8.267293469000244,35.919688992223186,-1.2786958991650721e-11,1.1102230246251565e-16,1.1464162952279366e-12,0.0,0.0,2.500628981660924e-09,-1.2100630393530043e-11,1.4441596911385357e-09,1.4061709366353092e-09
equilibrium_sigma_1_35,11.0,322.2210310848803,1.3822634200454775,0.044728979242438835,0.132,-0.13438904442402216,-0.43432965966872156,0.18342238011747508,-0.40705156492169037,-0.4313175648055323,1.1853465166294241,-0.044728979242438835,-3.923515433260694,-3.968244412503133,-6.356795723279571,0.1304784641883492,-8.457509269700488,-6.873211790525332,0.051422380117475075,-0.26638904442402217,1.2502634200454774,0.027299196991928093,0.0043943747189387275,0.021509350490941305,0.009509350490941305,0.01873947610325715,0.01777889419712908,0.00577889419712908,0.005515618479445816,0.3015434863361858,0.01457293862431342,0.09950935049094131,0.04950935049094131,0.0015203788628917628,0.9984796211371082,0.08037004634182876,0.7077294883729303,0.19897783168267422,0.15850472679102562,0.015738162357960092,0.0001767221823348427,0.25634510607782957,0.7277400093818754,1.0,0.6161520689509746,0.6170902799691358,3.42148783474647,0.03810976869106517,0.5638184025960938,0.17001576677932534,8.171998933272468,37.181527529654815,-1.2854120545746639e-11,2.7755575615628914e-16,1.2980172492405018e-12,0.0,0.0,-3.616344187648557e-08,1.841808589322924e-10,-2.097505909584574e-08,-2.041187054449556e-08
equilibrium_sigma_1_35,12.0,321.2210310848803,1.408805996684872,0.04915029161555358,0.14400000000000002,-0.11333555091917771,-0.4160409121684786,0.20093541040879642,-0.3939859231301663,-0.42606173748886944,1.1805596344936244,-0.04915029161555358,-3.8979835261111138,-3.9471338177266673,-6.328026120671986,0.1424527135771047,-8.41822801245925,-6.842772352082354,0.056935410408796405,-0.2573355509191777,1.264805996684872,0.02581493109372006,0.004448093324611258,0.020614870649647545,0.008614870649647544,0.017854690200149594,0.01725740714580981,0.005257407145809811,0.00500602258923788,0.2988329413625683,0.01488488285237092,0.09861487064964755,0.04861487064964755,0.0015460899924111687,0.9984539100075889,0.08063022212434892,0.7076226235792952,0.19899897313624862,0.15920701305570426,0.015794883379511036,0.00018061128678954492,0.25370339276530846,0.730321112568391,1.0000000000000002,0.6159777511766862,0.616931582923046,3.420237270848793,0.03822736544380274,0.5667562108391576,0.16936542552056938,8.086547607060314,38.41900539110996,-1.2918263680994357e-11,1.1102230246251565e-16,1.4607204334993185e-12,0.0,0.0,-1.608599544192235e-08,8.6963102517712e-11,-9.370983121426146e-09,-9.11085735674777e-09
equilibrium_sigma_1_35,13.0,320.2210310848803,1.433947479341631,0.05362487254892545,0.156,-0.09312701894014631,-0.3985890604117727,0.2179563537826557,-0.3809646483583321,-0.4212868372568976,1.175734722393336,-0.05362487254892545,-3.873049067391157,-3.9266739399400823,-6.2998274722957746,0.15442742564851064,-8.380479563618758,-6.813050253219328,0.06195635378265571,-0.24912701894014633,1.277947479341631,0.024493369675485044,0.004500931517048005,0.01981730742322941,0.007817307423229409,0.017063623494260542,0.016793437962181468,0.0047934379621814675,0.004552512641309292,0.29641608310069517,0.015184505071268345,0.09781730742322942,0.04781730742322941,0.0015713385043492662,0.9984286614956507,0.08087964187115464,0.7075201767277368,0.19901923266384736,0.1598472224354659,0.01584929445194121,0.0001843939756472137,0.25131352150746483,0.7326527900649468,0.9999999999999999,0.6158106399463263,0.6167798098101863,3.4190392649962127,0.03834006560173239,0.5695432577017184,0.16882178160435318,8.009690261232953,39.634415401194616,-1.2979173291682855e-11,4.996003610813204e-16,1.6299184224521923e-12,0.0,0.0,1.1716932871858043e-08,-6.69893585047987e-11,6.85394942884221e-09,6.657898982131982e-09
equilibrium_sigma_1_35,14.0,319.2210310848803,1.4578402014170324,0.05815189869266098,0.168,-0.0736725811932159,-0.381886264959239,0.23453907311809202,-0.367982378133625,-0.41694034541169034,1.1708707612393936,-0.05815189869266098,-3.8486398433091438,-3.9067917420018046,-6.2721378974692685,0.16640253818167242,-8.34409700510148,-6.783968589472866,0.06653907311809201,-0.2416725811932159,1.2898402014170325,0.023314311143443373,0.004553001422017522,0.019104869771034726,0.007104869771034725,0.016354816922908168,0.016379866709242963,0.004379866709242963,0.00414813976445938,0.2942571811243477,0.015472864263229339,0.09710486977103473,0.04710486977103473,0.0015961865553487755,0.9984038134446512,0.08111960661345201,0.7074216134317339,0.19903871688645128,0.1604318026512132,0.01590167522695818,0.0001880813307671718,0.24915045696866814,0.7347597864736065,1.0,0.6156498635689871,0.6166341266715495,3.417887465018328,0.03844846120405466,0.5721961428021906,0.1683728240311973,7.94036391738248,40.8298264080859,-1.3036724477721862e-11,-2.7755575615628914e-16,1.8080537067532987e-12,0.0,0.0,2.1367254167403704e-08,-1.287550231363066e-10,1.2547430362080947e-08,1.2178690902975298e-08
equilibrium_sigma_1_35,15.0,318.2210310848803,1.4806178233893845,0.06273065305010697,0.18,-0.054892290322688664,-0.36585529483695206,0.25073084888724495,-0.35503437736007754,-0.4129761671406884,1.1659668425593157,-0.06273065305010697,-3.824692456073423,-3.88742310912353,-6.244902846144903,0.17837799453343492,-8.308933597234738,-6.755459459047742,0.07073084888724496,-0.23489229032268866,1.3006178233893846,0.02226051173500844,0.0046044038920338365,0.018467453300469,0.006467453300468998,0.015718458135282297,0.016010613582140287,0.004010613582140287,0.0037869709262894347,0.2923256160620273,0.01575094223373448,0.096467453300469,0.046467453300469,0.001620690726632821,0.9983793092733672,0.0813512649627062,0.7073264619097624,0.19905751986376385,0.16096647047770293,0.01595227290519238,0.0001916836030265695,0.247191856493602,0.7366641869981791,1.0,0.6154946524749868,0.6164937982568484,3.4167762706261104,0.03855307461982077,0.5747296683856895,0.1680082043799713,7.877658783960624,42.00710664789555,-1.3089390682452517e-11,-4.996003610813204e-16,1.9942381079829374e-12,0.0,0.0,1.6682012958513237e-09,-1.0561541224918258e-11,9.831655108094584e-10,9.53561382632806e-10
equilibrium_sigma_1_35,16.0,317.2210310848803,1.5023980213455788,0.06736051441194633,0.192,-0.0367155824302869,-0.3504280281076604,0.26657332478074425,-0.342116451139249,-0.40935370803899873,1.1610221487337307,-0.06736051441194633,-3.801151051129949,-3.8685115655418953,-6.218074083631135,0.1903537430250879,-8.274859916517197,-6.727462733933414,0.07457332478074424,-0.2287155824302869,1.3103980213455788,0.021317171512512792,0.004655229857657878,0.017896353568330435,0.005896353568330435,0.01514610031495879,0.015680458532729702,0.0036804585327297017,0.003463912649215306,0.29059501081312256,0.016019648254221367,0.09589635356833044,0.04589635356833044,0.0016449026371963083,0.9983550973628037,0.08157563432337803,0.7072343042723607,0.1990757248506435,0.16145630732744032,0.016001306716072146,0.0001952102761230479,0.24541774242082853,0.7383857405869763,1.0,0.6153443250033367,0.6163581741895185,3.4157007278515352,0.03865436828059113,0.5771570657702428,0.1677189637683738,7.8207920366389505,43.167944373195084,-1.3141168708763473e-11,2.220446049250313e-16,2.191136161400209e-12,0.0,0.0,-1.6504714397264086e-08,1.0848028638571483e-10,-9.75702704394954e-09,-9.459672170586408e-09
equilibrium_sigma_1_35,17.0,316.2210310848803,1.5232847142424417,0.07204094805565565,0.20400000000000001,-0.019079998537804056,-0.33554420529207424,0.28210329143419793,-0.32922487203851925,-0.40603710884578137,1.1560359370232836,-0.07204094805565565,-3.777966263023939,-3.8500072110795944,-6.191608842928228,0.20232973641115146,-8.241761477427445,-6.6999250311509755,0.07810329143419792,-0.22307999853780408,1.3192847142424418,0.020471524515421335,0.004705561479307648,0.017384036450854824,0.005384036450854824,0.014630437174255814,0.015384897415482435,0.0033848974154824345,0.0031745704409669173,0.2890425346995601,0.016279823605196225,0.09538403645085483,0.04538403645085483,0.001668869474907719,0.9983311305250923,0.0817936185839487,0.707144769255704,0.1990934057606668,0.1619058399460937,0.01604897165956657,0.00019867012562358211,0.24381022187157214,0.7399421363432376,0.9999999999999999,0.6151982755487543,0.6162266774403584,3.414656441154539,0.03875275279167905,0.5794901877177017,0.16749731269144838,7.769086846492231,44.31386609623083,-1.3190989966993527e-11,-6.106226635438361e-16,2.395694753687394e-12,0.0,0.0,-7.765693820632746e-09,5.3358076637644025e-11,-4.605363947834951e-09,-4.4621121034205125e-09
equilibrium_sigma_1_35,18.0,315.2210310848803,1.5433699448896163,0.0767714973649535,0.216,-0.0019300998050363464,-0.3211503727004795,0.29735334866649377,-0.3163563181299697,-0.40299459891581607,1.1510075264489097,-0.0767714973649535,-3.7550943253529265,-3.83186582271788,-6.165469103196433,0.21430593140130527,-8.209536717835288,-6.672798834219786,0.08135334866649377,-0.21793009980503633,1.3273699448896163,0.019712506992509052,0.004755473160348895,0.016923951285740126,0.004923951285740125,0.014165120030993426,0.0151200254203121,0.0031200254203120996,0.002915134905134842,0.28764833722951555,0.016532246305162847,0.09492395128574013,0.04492395128574013,0.0016926344744354642,0.9983073655255645,0.0820060231822498,0.707057526033661,0.1991106284110899,0.1623191100282608,0.016095441698683034,0.00020207127697268706,0.24235324168373418,0.7413492453406102,1.0,0.6150559644678926,0.6160987945271674,3.4136394987285743,0.03884859383342433,0.5817396756566857,0.16733645040308334,7.721955342234106,45.44625317475622,-1.3238160567752288e-11,-3.3306690738754696e-16,2.611633131976987e-12,0.0,0.0,9.461778263317178e-08,-6.807495626232063e-10,5.628509842578455e-08,5.449462485429546e-08
equilibrium_sigma_1_35,19.0,314.2210310848803,1.56273538564355,0.08155177692983859,0.228,0.014783403181307752,-0.3071990347807889,0.31235243554841674,-0.3035078234536639,-0.4001979787207873,1.1459362875012378,-0.08155177692983859,-3.7324963586196804,-3.814048135549519,-6.139621009113308,0.2262822882919054,-8.178095383361658,-6.646041786218776,0.08435243554841673,-0.21321659681869226,1.33473538564355,0.01903049560712193,0.004805032339378417,0.016510383272702163,0.004510383272702163,0.013744613417261086,0.01488244516567594,0.002882445165675939,0.0026822919521607425,0.2863951008263702,0.016777634552804427,0.09451038327270217,0.04451038327270217,0.0017162372856702728,0.9982837627143297,0.08221356714860104,0.7069722792711857,0.1991274515182844,0.1626997301934756,0.016140872310556137,0.00020542124799531472,0.24103238989752251,0.742621316543926,1.0,0.6149169100104372,0.6159740676723826,3.4126464127678124,0.038942217679006554,0.5839150941813387,0.167230422272104,7.6788851529664965,46.56635524182825,-1.3283402156005764e-11,-2.220446049250313e-16,2.8358981829512686e-12,0.0,0.0,6.34094661396134e-08,-4.74651799635406e-10,3.7823501386480274e-08,3.660089987513049e-08
equilibrium_sigma_1_35,20.0,313.2210310848803,1.5814537725698714,0.08638146518898242,0.24,0.03110448575113483,-0.29364784199045524,0.32712633605100827,-0.2906767296970885,-0.39762212640549577,1.1408216327911167,-0.08638146518898242,-3.71013769189732,-3.796519157086302,-6.114034311703388,0.238258770529959,-8.147356981320684,-6.61961600345297,0.08712633605100828,-0.20889551424886516,1.3414537725698714,0.018417078120980396,0.0048543003593225645,0.016138322625474065,0.004138322625474065,0.013364067245559032,0.01466918600978584,0.0026691860097858393,0.0024731439945968603,0.2852676443196184,0.01701665245247277,0.09413832262547407,0.04413832262547407,0.0017397144094909258,0.9982602855905091,0.0824168948447224,0.7068887643026678,0.199143927664951,0.16305093971193865,0.016185402986699085,0.00020872701306058264,0.239834693780851,0.7437711762193893,1.0,0.614780680454036,0.6158520872042602,3.411674061581439,0.039033916559264914,0.5860250675959979,0.16717399054535542,7.639427529041854,47.675305090167896,-1.3328074754959118e-11,-1.1102230246251565e-16,3.071320975323033e-12,0.0,0.0,4.3938431955325985e-09,-3.415327482630959e-11,2.627560509449456e-09,2.5414084153102534e-09
equilibrium_sigma_1_35,21.0,312.2210310848803,1.599589935550134,0.09126029929364234,0.252,0.04707240884854079,-0.28045900783613337,0.3416980418069627,-0.277860652126241,-0.3952446436706744,1.1356630103751533,-0.09126029929364234,-3.6879873760150272,-3.7792476753086697,-6.088681966395656,0.2502353444586923,-8.117249670542813,-6.593487584784673,0.08969804180696272,-0.2049275911514592,1.347589935550134,0.01786488286533272,0.004903333012812729,0.015803367921807233,0.003803367921807233,0.013019222408136109,0.014477644140198365,0.0024776441401983644,0.0022851514303035003,0.28425263006608253,0.017249912557265736,0.09380336792180724,0.04380336792180724,0.00176309945217301,0.998236900547827,0.08261658424286447,0.7068067437313568,0.19916010398399858,0.1633756436441282,0.016229158988708924,0.00021199503309799213,0.23874847824470655,0.7448103677334865,1.0,0.6146468885572808,0.6157324861663258,3.410719648580059,0.03912395245401026,0.5880773745620144,0.1671625404016093,7.603188540777919,48.77412855270171,-1.337029098547049e-11,6.106226635438361e-16,3.320010932839068e-12,0.0,0.0,-5.0487482989441945e-08,4.008473301550519e-10,-3.0248340207594815e-08,-2.925689966855327e-08
equilibrium_sigma_1_35,22.0,311.2210310848803,1.6172017832769774,0.09618806971109961,0.264,0.06272229601146359,-0.2675987485996694,0.35608809946652314,-0.2650574462908648,-0.3930455168277149,1.1304598976484734,-0.09618806971109961,-3.6660177180359845,-3.7622057877470843,-6.063539745085429,0.2622119790187216,-8.08770919554615,-6.567626134595063,0.09208809946652313,-0.20127770398853642,1.3532017832769774,0.01736742760923736,0.0049521811382336545,0.015501639476606287,0.0035016394766062865,0.012706326269010547,0.014305529394964545,0.0023055293949645443,0.002116080713432389,0.2833383014442615,0.01747797990243776,0.0935016394766063,0.04350163947660629,0.001786423424060786,0.9982135765759392,0.08281315501175977,0.7067260041081327,0.1991760228245149,0.16367645175241632,0.016272253071634907,0.00021523129981567045,0.23776322250061183,0.7457492931279378,1.0000000000000002,0.6145151861421209,0.6156149350823537,3.409780662433147,0.03921256078624413,0.5900790438934836,0.16719199401463344,7.5698212215071345,49.863755265900835,-1.3412715382798979e-11,-5.551115123125783e-17,3.5780267637619545e-12,0.0,0.0,-6.099348963048423e-08,5.014416425488943e-10,-3.66230987793037e-08,-3.540784742316061e-08
equilibrium_sigma_1_35,23.0,310.2210310848803,1.6343411342408019,0.10116461548959076,0.276,0.0780856216494439,-0.255036809511154,0.370314903800825,-0.252265179848716,-0.39100683081042564,1.1252117963502672,-0.10116461548959076,-3.6442038886868513,-3.745368504176442,-6.038585907125555,0.27418864549193667,-8.058677985551153,-6.5420043576543385,0.09431490380082497,-0.19791437835055614,1.3583411342408018,0.01691899507699482,0.005000891127817961,0.015229707790782747,0.0032297077907827466,0.012422062916366557,0.01415082145406199,0.00215082145406199,0.00196396158114176,0.282514266032675,0.017701375573152715,0.09322970779078275,0.04322970779078275,0.0018097149955486151,0.9981902850044514,0.0830070753581095,0.7066463531214283,0.1991917223150083,0.16395571166676282,0.016314786943146812,0.00021844137428208633,0.23686943677830102,0.7465973349042702,1.0,0.6143852595100666,0.6154991375290001,3.408854843384571,0.039299953546786545,0.5920364365164944,0.16725873932705776,7.539019082711042,50.94502805032096,-1.3453807512497917e-11,-2.7755575615628914e-16,3.850197938248812e-12,0.0,0.0,-4.7781640831467964e-08,4.0618464234448703e-10,-2.8748381380311328e-08,-2.778399646810592e-08
equilibrium_sigma_1_35,24.0,309.2210310848803,1.6510544300756407,0.10618982002196412,0.28800000000000003,0.09319063154256643,-0.2427460569530545,0.38439494938400687,-0.23948210827008146,-0.3891125236238779,1.1199182284169527,-0.10618982002196412,-3.622523585492103,-3.728713405514067,-6.013800915371564,0.2861653172748703,-8.030104379423495,-6.516597708848087,0.09639494938400683,-0.1948093684574336,1.3630544300756406,0.016514528978805565,0.005049505372718384,0.014984533583472258,0.0029845335834722576,0.012163494752727044,0.014011733238949997,0.002011733238949997,0.0018270513194029725,0.28177131388930987,0.017920580001632158,0.09298453358347226,0.04298453358347226,0.0018330007235824012,0.9981669992764176,0.08319876792469554,0.7065676171746342,0.19920723684868724,0.16421553769776265,0.016356852522806973,0.0002216304220692916,0.23605855422505825,0.7473629628300655,1.0,0.6142568254904539,0.6153848263223846,3.4079401542455194,0.039386321986739026,0.5939553170235079,0.1673595700692554,7.510510684414548,52.018711273072796,-1.3492623684996374e-11,1.1102230246251565e-16,4.136191389392252e-12,0.0,0.0,-2.4983331937955544e-08,2.1933363111847903e-10,-1.505963567564883e-08,-1.4549585050649405e-08
equilibrium_sigma_1_35,25.0,308.2210310848803,1.6673833508985474,0.11126360724726905,0.3,0.10806270665835475,-0.23070212584359706,0.39834304775741136,-0.22670665378971533,-0.387348174487996,1.1145787325233267,-0.11126360724726905,-3.6009567422997395,-3.7122203495470085,-5.98916719001743,0.29814196967739787,-8.001941955797,-6.491384088994924,0.09834304775741137,-0.19193729334164522,1.3673833508985473,0.01614954667089126,0.005098062654524765,0.014763417242281161,0.002763417242281161,0.01192801329630928,0.013886680152730424,0.0018866801527304237,0.0017038047397943679,0.281101264370549,0.01813603601513679,0.09276341724228117,0.042763417242281165,0.001856305252838325,0.9981436947471617,0.08338861489914563,0.7064896392877213,0.1992225975035462,0.16445783597507105,0.01639853303391341,0.000224803245323971,0.23532283577242336,0.7480538279483391,0.9999999999999997,0.6141296280175723,0.6152717602179881,3.4070347552969182,0.03947183894851415,0.595840916390559,0.16749163496109273,7.484055062742618,53.085498322383515,-1.3531370468555792e-11,-2.220446049250313e-16,4.4349524053188816e-12,0.0,0.0,-1.625802749372074e-09,1.47252383897456e-11,-9.817000181516766e-10,-9.481705368769022e-10
equilibrium_sigma_1_35,26.0,307.2210310848803,1.6833653504666053,0.11638593822111275,0.312,0.12272468047433142,-0.2188831122549195,0.412172516352819,-0.213937387016658,-0.38570081954811236,1.1091928611763149,-0.11638593822111275,-3.579485276748043,-3.6958712149691557,-5.964668893496496,0.31011857974178514,-7.974148949395668,-6.466343578574714,0.10017251635281899,-0.18927531952566856,1.3713653504666052,0.015820065196904293,0.005146598493438334,0.014563955863950824,0.0025639558639508238,0.011713297401293624,0.013774254030429756,0.0017742540304297554,0.0015928487470673325,0.28049683595136615,0.018348151685856004,0.09256395586395083,0.04256395586395083,0.0018796514965560734,0.9981203485034439,0.08357696247674598,0.706412277264181,0.19923783240910137,0.16468432655930657,0.016439903958328728,0.00022796431241686868,0.23465528576698985,0.7486768459622647,1.0,0.6140034351405802,0.6151597210308368,3.40613698239101,0.03955666090109107,0.5976979874072099,0.16765239432222187,7.459437848140606,54.146018339642836,-1.3568937640151546e-11,2.7755575615628914e-17,4.749811655102576e-12,0.0,0.0,1.6802870421439575e-08,-1.5687099622768708e-10,1.0162023665258313e-08,9.812390646540825e-09
equilibrium_sigma_1_35,27.0,306.2210310848803,1.6990341232327537,0.12155680801441275,0.324,0.1371971166737926,-0.20726930455619866,0.42589534342162916,-0.20117301081370095,-0.3841587910044326,1.1037601782663948,-0.12155680801441275,-3.558092869947793,-3.679649677962206,-5.940291741921607,0.3220951260796763,-7.946687740732759,-6.44145820391649,0.10189534342162915,-0.1868028833262074,1.3750341232327536,0.01552253835930073,0.005195145458735242,0.01438400657486575,0.0023840065748657498,0.01151727761132322,0.013673200953412401,0.0016732009534124008,0.0014929606939606543,0.27995153507535075,0.018557302989379697,0.09238400657486576,0.042384006574865754,0.0019030607994358502,0.9980969392005642,0.08376412477179186,0.7063354020844751,0.19925296706761114,0.16489656294568067,0.016481033874196502,0.00023111778533831923,0.23404957698004736,0.7492382713604179,1.0,0.6138780364028994,0.6150485111141522,3.405245327780545,0.039640929722904034,0.5995308537923477,0.16783958284420342,7.436467954410522,55.20084228784094,-1.3606407667232645e-11,-2.7755575615628914e-17,5.080047493777329e-12,0.0,0.0,2.7253470393645562e-08,-2.6208743682254454e-10,1.6506199514848552e-08,1.593466490527884e-08
equilibrium_sigma_1_35,28.0,305.2210310848803,1.714420013297268,0.12677624290536674,0.336,0.1514985529176675,-0.19584294751410491,0.43952233248543415,-0.18841234612337956,-0.3827115762272092,1.0982802569993768,-0.12677624290536674,-3.5367647736427945,-3.6635410165481614,-5.916022839296269,0.33407158872494913,-7.919524408552283,-6.416711731296986,0.10352233248543413,-0.18450144708233251,1.378420013297268,0.015253802932365307,0.005243733446290328,0.014221655075215299,0.0022216550752152987,0.01133810561081303,0.013582402302037,0.0015824023020369997,0.0014030498840522654,0.27945956083398577,0.018763836279716305,0.0922216550752153,0.0422216550752153,0.0019265530846717138,0.9980734469153283,0.08395038725610314,0.7062588964936969,0.19926802463629875,0.16509594931108618,0.016521985193126178,0.00023426754500004512,0.23349998381744266,0.7497437634444312,1.0,0.6137532405384108,0.6149379511450711,3.4043584232837865,0.03972477426846292,0.6013434538185113,0.16805117751451334,7.414974742077287,56.25048842608366,-1.3642392771018308e-11,3.3306690738754696e-16,5.4262150328554526e-12,0.0,0.0,2.8339258151960367e-08,-2.805770728600554e-10,1.7186549872497126e-08,1.658818316215005e-08
equilibrium_sigma_1_35,29.0,304.2210310848803,1.7295503735705742,0.1320442978338547,0.34800000000000003,0.1656457154529476,-0.1845880347064778,0.45306322923328735,-0.17565431947015256,-0.3813496940010798,1.0927526781452865,-0.1320442978338547,-3.5154876409088,-3.6475319387426546,-5.891850531343282,0.34604794900064656,-7.892628336146304,-6.392089485133877,0.10506322923328731,-0.18235428454705244,1.381550373570574,0.015011032491464793,0.005292389927222822,0.014075188550651575,0.002075188550651575,0.011174127935320303,0.01350085847534599,0.001500858475345989,0.001322141691406653,0.2790157228807624,0.0189680705896439,0.09207518855065158,0.04207518855065158,0.0019501469869127434,0.9980498530130872,0.08413600979046384,0.7061826537564353,0.19928302617602137,0.1652837558018569,0.016562814810731515,0.0002374172145952352,0.2330013227220436,0.7501984452526296,0.9999999999999999,0.6136288734403892,0.6148278781744811,3.403475025458013,0.03980831174887925,0.6031393791436369,0.16828536986961606,7.394805577950534,57.2954272518643,-1.3677975418957544e-11,8.326672684688674e-17,5.7926441421329855e-12,0.0,0.0,1.9786890029238613e-08,-2.0161668255053167e-10,1.2014413099808996e-08,1.1594148533605741e-08
equilibrium_sigma_1_35,30.0,303.2210310848803,1.744449882098481,0.13736105409123753,0.36,0.1796537085507535,-0.17349012535668323,0.466526833311772,-0.16289795191153253,-0.38006458551022465,1.0871770285524462,-0.13736105409123753,-3.4942493770980283,-3.631610431189266,-5.867764276299173,0.35802418939842934,-7.8659718641197145,-6.36757818705791,0.10652683331177204,-0.1803462914492465,1.384449882098481,0.014791697619413458,0.005341140171137247,0.013943072253619702,0.0019430722536197022,0.011023863257815035,0.013427674830923664,0.0014276748309236635,0.0012493638368304971,0.27861537046551427,0.019170299765634606,0.09194307225361971,0.041943072253619706,0.0019738599727065933,0.9980261400272934,0.08432122930424209,0.7061065765561465,0.19929799087095829,0.16546113211442245,0.016603574682203696,0.00024057018116028212,0.23254889890374186,0.7506069562328941,1.0,0.6135047763661577,0.6147181439049081,3.402594002506932,0.03989164895163849,0.6049219094465315,0.16854054190315165,7.37582372725898,58.336085965781734,-1.37139466449554e-11,1.6653345369377348e-16,6.177724998224221e-12,0.0,0.0,2.0478058485040584e-09,-2.1470340262619292e-11,1.2447774252327681e-09,1.2010607300383391e-09
equilibrium_sigma_1_35,31.0,302.2210310848803,1.759140821142628,0.14272661722451022,0.372,0.19353618198982023,-0.16253618245462403,0.4799210969756317,-0.15014234925587402,-0.3788485181429945,1.0815528998844037,-0.14272661722451022,-3.473039008379441,-3.6157656256039514,-5.843754530535784,0.3700002934693989,-7.839529983621059,-6.34316581327073,0.10792109697563168,-0.17846381801017977,1.3871408211426282,0.014593531501311194,0.005390007446623784,0.013823929197068145,0.001823929197068145,0.010885982705529852,0.013362049581244761,0.0013620495812447612,0.0011839345845365834,0.2782543309002065,0.0193707944425737,0.09182392919706815,0.04182392919706815,0.001997708449577296,0.9980022915504227,0.08450626216752023,0.7060305760208223,0.19931293622298984,0.165629119572094,0.01664431233228175,0.00024372961542801482,0.23213845869833774,0.7509734993539524,0.9999999999999999,0.6133808043477614,0.6146086131674691,3.4017143227014097,0.0399748833199568,0.6066940433443739,0.16881524509192966,7.357906527524731,59.37285250280746,-1.374797498066016e-11,5.551115123125783e-17,6.580569422709459e-12,-1.1102230246251565e-16,0.0,-1.5555774408176903e-08,1.653369585338793e-10,-9.463563595962787e-09,-9.13216420019014e-09
equilibrium_sigma_1_35,32.0,301.2210310848803,1.7736433231407849,0.148141115142703,0.384,0.20730547894555584,-0.15171442986316466,0.49325321204807593,-0.13738669341549722,-0.3776945007005737,1.075879887546007,-0.148141115142703,-3.4518465659189372,-3.5999876810616405,-5.819812647442051,0.3819762457257985,-7.81328006564163,-6.318841468299341,0.10925321204807592,-0.17669452105444416,1.3896433231407848,0.014414500153070636,0.005439013200511113,0.013716522536804325,0.0017165225368043248,0.01075929279277394,0.013303263258768183,0.001303263258768183,0.0011251524603683727,0.2779288561721343,0.019569803853481404,0.09171652253680433,0.04171652253680433,0.002021707864230052,0.9979782921357699,0.08469130628766813,0.7059545708618429,0.19932787822341919,0.1657886618434572,0.01668507130632102,0.00024689848994531376,0.23176614706454135,0.7513018831391924,1.0000000000000002,0.6132568247872623,0.6144991625768066,3.4008350441535655,0.04005810390641662,0.6084585259232488,0.16910818213803144,7.340943805380814,60.40607915865087,-1.3781198404672068e-11,8.326672684688674e-17,7.008005287190144e-12,0.0,0.0,-1.9550745269242276e-08,2.1369946350685565e-10,-1.1905053739699745e-08,-1.1486828752071965e-08
equilibrium_sigma_1_35,33.0,300.2210310848803,1.7879755917753892,0.1536046963633797,0.396,0.22097276917409822,-0.14101422367311026,0.5065296881049519,-0.12463023459839781,-0.3765962071691564,1.0701575897591944,-0.1536046963633797,-3.430662981815943,-3.584267678179323,-5.795930786266275,0.39395203154918323,-7.787201617402124,-6.294595271024528,0.1105296881049519,-0.1750272308259018,1.391975591775389,0.014252776213581494,0.005488177223395751,0.013619740013180233,0.0016197400131802327,0.010642720356540632,0.013250669481101873,0.001250669481101873,0.0010723872453932692,0.27763557579751585,0.019767557553209133,0.09161974001318024,0.04161974001318024,0.002045872794285968,0.9979541272057141,0.0848765430023728,0.7058784865964327,0.19934283150791499,0.16594061465467333,0.016725891578046027,0.0002500795963171967,0.23142846888052304,0.7515955599451138,1.0000000000000002,0.6131327161884101,0.6143896793184178,3.3999553055953244,0.04014139223354374,0.6102178738038091,0.1694181907554564,7.324836480229855,61.436085923861555,-1.3815171229225598e-11,6.38378239159465e-16,7.456146811080089e-12,0.0,0.0,-1.5757154903789372e-08,1.771521956905886e-10,-9.60312114550721e-09,-9.264872636444155e-09
equilibrium_sigma_1_35,34.0,299.2210310848803,1.802154097625366,0.1591175284241187,0.40800000000000003,0.23454816708315276,-0.13042593818586856,0.5197564216827005,-0.11187228437861246,-0.3755479092470859,1.064385606776289,-0.1591175284241187,-3.4094799970359846,-3.5685975254601034,-5.772101831216493,0.4059276371074237,-7.7612760665072535,-6.270418253438769,0.1117564216827005,-0.17345183291684727,1.394154097625366,0.014106716120010132,0.0055375177981963454,0.013532580369692508,0.001532580369692508,0.010535299412976186,0.013203686881624321,0.0012036868816243211,0.0010250721063642665,0.2773714556657349,0.019964266996780316,0.09153258036969251,0.04153258036969251,0.002070217031187547,0.9979297829688124,0.08506213875948404,0.7058022548576786,0.19935780949394638,0.1660857544370244,0.016766809911647897,0.0002532755609628492,0.2311222543291053,0.751857660198284,1.0,0.6130083670311456,0.6142800600734286,3.3990743182018326,0.040224823057206406,0.6119743975310638,0.16974422947335222,7.3094953461979895,62.46316348576683,-1.3847312185788496e-11,2.220446049250313e-16,7.929545908780256e-12,0.0,0.0,-8.51337134642749e-09,9.847616125324699e-11,-5.192383500593478e-09,-5.009097980152033e-09
equilibrium_sigma_1_35,35.0,298.2210310848803,1.8161937515969895,0.16467979644375808,0.42,0.24804083655509085,-0.11994086471242175,0.5329387576367829,-0.09911220953764732,-0.3745444165275186,1.0585635402088172,-0.16467979644375808,-3.3882900798262243,-3.5529698762699824,-5.748319319568354,0.4179030492796813,-7.735486569418985,-6.24630227059722,0.1129387576367829,-0.17195916344490914,1.3961937515969896,0.013974840177660763,0.005587051833533137,0.013454141467695864,0.0014541414676958637,0.010436159660785344,0.01316179207955237,0.00116179207955237,0.0009826967362069894,0.2771337620233208,0.020160126982518234,0.09145414146769587,0.04145414146769587,0.0020947536551377505,0.9979052463448622,0.08524824660979506,0.7057258127813841,0.19937282450286217,0.16622478603500368,0.01680786018378269,0.0002564888594972938,0.23084462791753713,0.752091023039183,1.0,0.6128836747714372,0.6141702100638452,3.398191358330802,0.040308465044779994,0.613730221591527,0.17008536517706618,7.294840006909055,63.48757593177906,-1.3879120075444007e-11,5.134781488891349e-16,8.42753644647587e-12,0.0,0.0,-7.67313849611706e-10,9.136092923855976e-12,-4.683117938580894e-10,-4.517519813090898e-10
equilibrium_sigma_1_35,36.0,297.2210310848803,1.8301080597073938,0.1702917018104875,0.432,0.2614590846364407,-0.10955112113947159,0.5460815439138493,-0.08634942655162785,-0.3735810231046739,1.052690992451681,-0.1702917018104875,-3.367086352925157,-3.537378054735645,-5.724577377317483,0.4298782555877737,-7.7098178403571165,-6.222239919989393,0.11408154391384934,-0.1705409153635593,1.3981080597073938,0.013855815036742034,0.005636794984656495,0.01338360981265891,0.0013836098126589098,0.010344516354424325,0.01312451348545185,0.0011245134854518495,0.0009448013163493307,0.27692002973533003,0.02035531698463248,0.09138360981265892,0.041383609812658914,0.002119495103651417,0.9978805048963486,0.08543500754320171,0.7056491024572552,0.19938788786910952,0.16635834961883655,0.01684907367201584,0.00025972183000733795,0.23059298057194733,0.7522982239260296,1.0000000000000002,0.6127585449460548,0.6140600421988432,3.3973057610292194,0.0403923813819293,0.6154873024366316,0.1704407620924701,7.2807979377764855,64.50956319932712,-1.3911510832187446e-11,-5.134781488891349e-16,-8.919698313292201e-12,0.0,0.0,5.5645293685346875e-09,-6.823929008664686e-11,3.3982507762625458e-09,3.2779173125829786e-09
equilibrium_sigma_1_35,37.0,296.2210310848803,1.843909261445793,0.17595346098500536,0.444,0.2748104454008787,-0.09924957099470903,0.5591891805225745,-0.07358339664856305,-0.37265345983821235,1.0467675661884885,-0.17595346098500536,-3.3458625285141412,-3.5218159894991468,-5.700870661709345,0.441853244133757,-7.684255998214889,-6.198224469247705,0.11518918052257449,-0.16918955459912133,1.399909261445793,0.013748438245449732,0.005686761763208983,0.013320251301635867,0.001320251301635867,0.010259661361652059,0.01309142584060563,0.0010914258406056303,0.0009109711873733772,0.2767280342473814,0.02055000238293636,0.09132025130163587,0.04132025130163587,0.0021444532338929802,0.997855546766107,0.08562255168648131,0.705572070436923,0.19940301003809563,0.16648702691958536,0.016890479313597523,0.00026297668530737253,0.23036494447997174,0.7524815995211236,1.0000000000000002,0.6126328903700575,0.6139494763099773,3.396416914217444,0.04047663031634495,0.6172474447289049,0.17080967202404904,7.267303657001972,65.52934329682445,-1.394323545511611e-11,1.8041124150158794e-16,-8.335665491188138e-12,0.0,0.0,9.324446791081353e-09,-1.1786181666056939e-10,5.697510655974791e-09,5.495533214258663e-09
equilibrium_sigma_1_35,38.0,295.2210310848803,1.8576084536355453,0.18166530440818135,0.456,0.28810175511858244,-0.08902975091284962,0.5722656633807606,-0.06081362137159617,-0.37175785161351865,1.0407928639660597,-0.18166530440818135,-3.3246128500022496,-3.506278154410431,-5.677194309345796,0.4538280035420333,-7.658788429400724,-6.174249791250881,0.11626566338076055,-0.16789824488141758,1.4016084536355453,0.013651624600221651,0.005736965636951444,0.01326340303080071,0.001263403030800709,0.010180955248557853,0.013062145400866143,0.0010621454008661428,0.0008808321552700171,0.27655576676000215,0.02074433559698663,0.09126340303080072,0.04126340303080071,0.002169639380490155,0.9978303606195098,0.08581099937853658,0.7054946672922974,0.19941820065399682,0.1666113467898293,0.016932103937947373,0.0002662555242546839,0.2301583703928299,0.7526432701449679,0.9999999999999999,0.6125066304163804,0.6138384384657344,3.395524253472616,0.040561265645672126,0.6190123160016191,0.17119142568571255,7.2542979945955,66.54711431763484,-1.3973433521385914e-11,5.273559366969494e-16,-7.721212558209345e-12,0.0,0.0,9.90632152177151e-09,-1.2917982395582728e-10,6.055932678938891e-09,5.841055427530106e-09
equilibrium_sigma_1_35,39.0,294.2210310848803,1.871215701465719,0.18742747550372274,0.468,0.30133921971760175,-0.07888580554733982,0.5853146236284162,-0.04803963858995676,-0.3708906790240353,1.0347664878280378,-0.18742747550372274,-3.3033320398551584,-3.490759515358881,-5.653543889916063,0.46580252290699203,-7.6334036647907295,-6.150310305798574,0.11731462362841621,-0.16666078028239828,1.403215701465719,0.013564394057081736,0.005787419120456356,0.013212466026221871,0.0012124660262218707,0.01010782025893037,0.013036325656745618,0.0010363256567456174,0.0008540463183881464,0.2764014122006723,0.02093845713152358,0.09121246602622188,0.041212466026221875,0.0021950644078179136,0.9978049355921821,0.0860004621368804,0.7054168472185924,0.199433468638648,0.1667317902568509,0.01697397247578771,0.00026956034219777203,0.2299713071325875,0.7527851600494269,0.9999999999999998,0.6123796903682901,0.6137268603555784,3.3946272573436516,0.04064633715592215,0.6207834598989762,0.17158542498689647,7.241727441822173,67.56305626675714,-1.4004464254924187e-11,-2.220446049250313e-16,-7.0747852021213475e-12,0.0,0.0,7.09824031844275e-09,-9.559086421723206e-11,4.341089045525881e-09,4.186943063089199e-09
equilibrium_sigma_1_35,40.0,293.2210310848803,1.8847401381447377,0.19324022976728558,0.48,0.314528475397449,-0.06881242909466898,0.5983393629187038,-0.035261018909044345,-0.37004874397518,1.0286880389990207,-0.19324022976728558,-3.282015252782417,-3.4752554825497026,-5.629915364433291,0.47777679174460624,-7.608091269208889,-6.126400927137262,0.11833936291870384,-0.165471524602551,1.4047401381447377,0.013485861002841229,0.005838133857656198,0.013166898780993731,0.001166898780993731,0.010039734074337503,0.013013653541449344,0.0010136535414493435,0.0008303083662286603,0.27626332963937494,0.021132496539722104,0.09116689878099374,0.041166898780993735,0.0022207387583280695,0.9977792612416719,0.08619104352742395,0.7053385676770692,0.1994488222625065,0.16684879505362926,0.017016108147502033,0.0002728930406263389,0.2298019830779336,0.752909015733938,1.0,0.6122520008366259,0.6136146787363748,3.3937254431385044,0.040731891015872004,0.6225623081453582,0.1719911361562112,7.229543574421148,68.57733271804346,-1.4034912121374532e-11,4.718447854656915e-16,-6.3948291106896704e-12,0.0,0.0,9.631987048230872e-10,-1.3411534036111838e-11,5.892737894863664e-10,5.683357708063941e-10
equilibrium_sigma_1_35,41.0,292.2210310848803,1.8981900543641037,0.19910383393556255,0.492,0.32767464309878097,-0.058804812749762465,0.6113428851061445,-0.022477362438820436,-0.36922913880113184,1.0225571176117407,-0.19910383393556255,-3.260658033721122,-3.4597618676566846,-5.606305047713286,0.4897507999481079,-7.582841742139353,-6.102517016746882,0.11934288510614455,-0.16432535690121902,1.4061900543641037,0.013415224722183858,0.005889120696923354,0.01312621150342335,0.00112621150342335,0.009976224262313156,0.012993846066899906,0.0009938460668999054,0.0008093423048416426,0.27614003485885863,0.02132657330884099,0.09112621150342336,0.041126211503423354,0.0022466724968028665,0.9977533275031971,0.08638283994736141,0.7052597890734726,0.19946426920849497,0.1669627597061199,0.01705853263280684,0.0002762554360697172,0.22964878944335906,0.7530164224877643,1.0,0.6121234972352678,0.6135018349345533,3.3928183631354387,0.0408179701319253,0.624350191363703,0.172408083607308,7.217702539396569,69.59009231650957,-1.4065498765702955e-11,-6.938893903907228e-18,-5.678124637142901e-12,0.0,0.0,-5.420713579395997e-09,7.621833286036717e-11,-3.317629710883341e-09,-3.2002765992800164e-09
equilibrium_sigma_1_35,42.0,291.2210310848803,1.9115729783721331,0.20501856523295298,0.504,0.34078237729979566,-0.04885859763668163,0.6243279246133963,-0.00968829589463838,-0.3684292186197754,1.016373322470681,-0.20501856523295298,-3.239256280236366,-3.4442748454693186,-5.582709574739766,0.501724537747603,-7.557646428801613,-6.078654340996594,0.12032792461339625,-0.16321762270020435,1.4075729783721331,0.013351760942901539,0.005940389758928879,0.013089961008484814,0.001089961008484814,0.009916863346839156,0.012976647328355462,0.0009766473283554615,0.0007908985327764739,0.2760301848741964,0.02152079766796618,0.09108996100848482,0.04108996100848482,0.0022728753506704317,0.9977271246493296,0.08657594132744753,0.705180474469578,0.1994798166292472,0.16707404720333233,0.017101266223061223,0.00027964926823567573,0.22951026523340104,0.7531088192753018,0.9999999999999997,0.6119941193106101,0.6133882743998839,3.3919056011869078,0.04090461446632862,0.626148348816432,0.17283584448247255,7.206164599429082,70.60147013449674,-1.4095224987187294e-11,-8.326672684688674e-17,-4.924394225724882e-12,0.0,0.0,-7.009917993294756e-09,1.020102396651068e-10,-4.291424932426069e-09,-4.139553920132211e-09
equilibrium_sigma_1_35,43.0,290.2210310848803,1.9248957490706893,0.21098471066903146,0.516,0.3538559106010637,-0.03896983180325302,0.6372969723334486,0.003106530059882206,-0.3676465760911555,1.010136250848149,-0.21098471066903146,-3.2178062082079593,-3.4287909188769907,-5.559125869923078,0.5136979956719542,-7.532497438926094,-6.054809032414194,0.1212969723334486,-0.16214408939893632,1.4088957490706893,0.013294814196774779,0.005991950499979359,0.013057746094078733,0.0010577460940787327,0.009861264347270731,0.012961825795465565,0.0009618257954655644,0.0007747512004163681,0.2759325639214507,0.021715271350448796,0.09105774609407874,0.04105774609407874,0.0022993567480525377,0.9977006432519475,0.08677043177558838,0.7051005893188416,0.1994954711995337,0.1671829883607862,0.017144327961006504,0.0002830762077433739,0.22938508343217082,0.7531875123990793,1.0,0.6118638107103557,0.6132739462971789,3.3909867696109552,0.040991861328637705,0.6279579373697697,0.17327404369326635,7.1948937210201525,71.61158892122047,-1.4124035274676316e-11,6.175615574477433e-16,-4.128086761312488e-12,0.0,0.0,-5.750380628263829e-09,8.673494387989589e-11,-3.521104165182809e-09,-3.3964296826394236e-09
equilibrium_sigma_1_35,44.0,289.2210310848803,1.9381645816294926,0.2170025663994239,0.528,0.36689909377792973,-0.02913493158788151,0.6502522988844814,0.015907443204102853,-0.36687901875671275,1.0038454983080909,-0.2170025663994239,-3.1963043210354636,-3.4133068874348873,-5.535551119468963,0.5256711645138739,-7.507387573801421,-6.030977554858387,0.12225229888448141,-0.1611009062220703,1.4101645816294925,0.013243791016037884,0.006043811769481456,0.013029203418008194,0.0010292034180081934,0.009809076801226908,0.012949171932508108,0.0009491719325081076,0.0007606958918326967,0.2758460709636612,0.021910088290790417,0.0910292034180082,0.0410292034180082,0.00232612585260387,0.9976738741473962,0.0869663901559665,0.7050201012285308,0.19951123916341362,0.16728988484818783,0.01718773576661041,0.00028653786322564603,0.22927203855069359,0.7532536878194704,1.0,0.6117325185955024,0.6131588031392362,3.390061506396342,0.04107974563788713,0.6297800395876959,0.17372234949160495,7.183857207440235,72.62056023244564,-1.4152512495257952e-11,-1.3877787807814457e-17,-3.292865979886983e-12,0.0,0.0,-3.177443903476518e-09,4.975534654422242e-11,-1.9459453319548015e-09,-1.876999982525218e-09
equilibrium_sigma_1_35,45.0,288.2210310848803,1.951385126342213,0.2230724371457639,0.54,0.3799154317331703,-0.01935064694063962,0.6631959754730382,0.028714751910608738,-0.3661245487099488,0.9975006585533932,-0.2230724371457639,-3.174747382019347,-3.3978198191651106,-5.511982746562648,0.537644035298017,-7.482310260799811,-6.007156672227229,0.12319597547303818,-0.16008456826682976,1.411385126342213,0.01319815387405876,0.00609598186196174,0.013004003821857159,0.0010040038218571586,0.009759983219296536,0.012938496011249967,0.0009384960112499667,0.0007485474887158894,0.2757697085510823,0.02210533525959233,0.09100400382185717,0.04100400382185716,0.002353191595352539,0.9976468084046475,0.08716389060973635,0.7049389797458526,0.19952712637660844,0.16739501191218215,0.017231506550306263,0.0002900357878342033,0.2291700354114572,0.7533084222504022,0.9999999999999998,0.6116001932914765,0.6130428004571037,3.389129472691721,0.04116830015821708,0.6316156710321649,0.1741804695168364,7.173025371611998,73.62848545033918,-1.4180490115478506e-11,3.0531133177191805e-16,-2.408850896529202e-12,0.0,0.0,-3.61309137122956e-10,5.883837687903348e-12,-2.2129874148457684e-10,-2.1345161055341677e-10
equilibrium_sigma_1_35,46.0,287.2210310848803,1.9645625217568308,0.22919463566532366,0.552,0.3929081159738055,-0.009614030096266709,0.6761298927314964,0.04152874709215246,-0.36538134424187724,0.9911013232932211,-0.22919463566532366,-3.153132389432736,-3.3823270250980597,-5.488418388942465,0.5496165992514985,-7.457259494241627,-5.9833434201673406,0.12412989273149633,-0.15909188402619456,1.4125625217568307,0.013157415753887278,0.006148468564611703,0.012981849032016636,0.0009818490320166358,0.009713695903943918,0.012929626234670089,0.0009296262346700883,0.0007381383476667835,0.27570257282429284,0.02230109244765795,0.09098184903201664,0.04098184903201664,0.0023805627041176337,0.9976194372958823,0.08736300302642407,0.7048571961643317,0.1995431383448415,0.16749862084061523,0.01727565631560972,0.000293571485264812,0.22907807898527643,0.753352693213849,0.9999999999999999,0.6114667879722958,0.6129258965018961,3.388190350534783,0.0412575557120944,0.6334657868929603,0.17464814724255434,7.162371242744922,74.63545670983054,-1.4208356713396597e-11,1.1449174941446927e-16,-1.4798717806741024e-12,0.0,0.0,1.9834614020664e-09,-3.3653804569488965e-11,1.2149193370086797e-09,1.1717910513436847e-09
equilibrium_sigma_1_35,47.0,286.2210310848803,1.977701442669682,0.23536948226605234,0.5640000000000001,0.40588005396649646,7.759274312975101e-05,0.6890557777381309,0.054349703965874296,-0.36464774325814725,0.9846470821275717,-0.23536948226605234,-3.131456554005956,-3.366826036272008,-5.464855878620744,0.5615888477766171,-7.432229781950481,-5.9595350804814,0.1250557777381308,-0.1581199460335036,1.413701442669682,0.013121135273624615,0.006201279200764924,0.012962468695785871,0.0009624686957858709,0.009669954091878392,0.012922406982252,0.0009224069822519991,0.0007293165812938263,0.2756438445326845,0.022497434003209194,0.09096246869578588,0.040962468695785875,0.002408247730721054,0.997591752269279,0.08756379347102819,0.7047747233483813,0.19955928025855407,0.16760094119398083,0.017320200252186765,0.0002971464153416,0.22899526517864985,0.7533873881538219,1.0,0.6113322583744111,0.6128080519749474,3.387243840796922,0.041347541373402116,0.6353312880125686,0.17512515877968662,7.151870302935363,75.64155774014682,-1.4237305778763698e-11,3.999621814299026e-16,-4.970468481246826e-13,-1.1102230246251565e-16,0.0,3.4114584334526965e-09,-6.042870717704041e-11,2.0896007112136683e-09,2.0153128992006497e-09
equilibrium_sigma_1_35,48.0,285.2210310848803,1.990806143505861,0.24159730436314955,0.5760000000000001,0.41883389568634055,0.009726647019533095,0.7019752094045413,0.06717788365314488,-0.36392222828767185,0.9781375224466391,-0.24159730436314955,-3.1097172785775875,-3.351314582940737,-5.441293223535322,0.5735607724255847,-7.4072160969231104,-5.93572915796476,0.1259752094045412,-0.15716610431365952,1.414806143505861,0.013088912306648937,0.006254420669671687,0.012945617715762227,0.0009456177157622266,0.009628521384289507,0.012916697262888022,0.0009166972628880214,0.0007219445580242123,0.27559278095685524,0.022694428525872137,0.09094561771576223,0.04094561771576223,0.002436255076193287,0.9975637449238067,0.08776632457126422,0.7046915355742475,0.19957555702436017,0.16770218282677407,0.0173651528203273,0.00030076199919649955,0.22892077248034182,0.7534133127001346,1.0000000000000002,0.611196562537253,0.6126892297834418,3.3862896613217766,0.04143828464241972,0.6372130263645661,0.17561130999774469,7.141500250432718,76.64686462935653,-1.4264672776320708e-11,-9.020562075079397e-17,9.992007221626409e-16,0.0,0.0,3.678262047376868e-09,-6.816354685551529e-11,2.2528919719350116e-09,2.1726435685265333e-09
equilibrium_sigma_1_35,49.0,284.2210310848803,2.0038804975511666,0.24787843607365057,0.588,0.43177205763970233,0.019335332995434343,0.7148896323949121,0.08001353463138379,-0.36320341292240726,0.9715722293428772,-0.24787843607365057,-3.0879121396928912,-3.335790575766542,-5.417728590943798,0.5855323648770943,-7.38221383360106,-5.911923359430734,0.12688963239491213,-0.15622794236029763,1.4158804975511665,0.01306038404241261,0.006307899482901697,0.012931073850218126,0.0009310738502181261,0.009589183433702977,0.0129123693370925,0.0009123693370924994,0.0007158975548482438,0.27554870863702463,0.022892139520824174,0.09093107385021813,0.04093107385021813,0.00246459301414175,0.9975354069858583,0.08797065586891609,0.7046076083856934,0.19959197329356718,0.16780253771986817,0.017410527827677637,0.00030441962407708233,0.22885385438507325,0.753431198163172,0.9999999999999999,0.6110596605678261,0.6125693948189741,3.3853275452382277,0.041529811604496134,0.6391118100380656,0.1761064339306604,7.1312407866378535,77.65144651902074,-1.429012463916024e-11,1.249000902703301e-16,-5.551115123125783e-17,-1.1102230246251565e-16,0.0,2.6869036908599986e-09,-5.2206954037625763e-11,1.6455001632109667e-09,1.586739793377201e-09
equilibrium_sigma_1_35,50.0,283.2210310848803,2.016928032450294,0.2542132178458097,0.6,0.44469674461164704,0.028905646736920487,0.7278003697237473,0.09285689405246295,-0.3624900295453007,0.9649507855339889,-0.2542132178458097,-3.0660388709543427,-3.3202520888001525,-5.394160292383354,0.5975036169145503,-7.357218768286405,-5.888115574709497,0.1278003697237473,-0.15530325538835293,1.416928032450294,0.013035221440140021,0.006361721797673936,0.012918635551035305,0.0009186355510353052,0.009551745859972191,0.01290930744690666,0.0009093074469066591,0.0007110625196982134,0.2755110168213191,0.02309062581624382,0.09091863555103531,0.04091863555103531,0.002493269712457765,0.9975067302875422,0.08817684413883715,0.7045229184629738,0.19960853348804986,0.16790218164154597,0.017456338498993435,0.0003081206478135394,0.22879383252039284,0.7534417083328002,1.0,0.6109215144269791,0.6124485137567686,3.3843572394306785,0.04162214707402745,0.6410284077754763,0.17661038843757268,7.121073424319245,78.65536623538762,-1.4316492435995087e-11,6.591949208711867e-17,-8.881784197001252e-16,0.0,0.0,4.4599829038260985e-10,-9.107097020955024e-12,2.730859080535275e-10,2.6330287256071117e-10
equilibrium_sigma_1_35,51.0,282.2210310848803,2.0299519623148243,0.2606019961210265,0.612,0.45760996934567144,0.038439399103777555,0.7407086341535047,0.10570818893972048,-0.36178091822800695,0.9582727712949533,-0.2606019961210265,-3.0440953479620125,-3.304697344083039,-5.370586770053219,0.6094745204058362,-7.332227023321679,-5.864303859441789,0.12870863415350475,-0.15439003065432855,1.4179519623148242,0.01301312603597446,0.006415893447343369,0.012908120015679043,0.0009081200156790432,0.009516032372693564,0.012907406692908019,0.0009074066929080186,0.0007073369767685023,0.2754791515626638,0.02328994194641961,0.09090812001567905,0.04090812001567905,0.0025222932534841357,0.9974777067465158,0.08838494367851969,0.7044374435038969,0.19962524182371888,0.16800127565240605,0.017502597539540584,0.0003118664029670372,0.22874009041530224,0.7534454456421901,0.9999999999999998,0.6107820877353918,0.6123265548736788,3.3833785031523127,0.041715314725067607,0.6429635531025615,0.17712305409440934,7.1109813149268515,79.65868086247201,-1.4343748411249635e-11,8.326672684688674e-17,4.440892098500626e-16,0.0,0.0,-1.978720081882712e-09,4.068692951997299e-11,-1.2118885617251607e-09,-1.1687426061668393e-09
equilibrium_sigma_1_35,52.0,281.2210310848803,2.042955216648327,0.2670451230283654,0.624,0.47051357028051194,0.047938232866890494,0.7536155384651514,0.11856763727045294,-0.3610750167271382,0.9515377643966625,-0.2670451230283654,-3.0220795747443523,-3.2891246977727175,-5.347006584537419,0.6214450672846301,-7.307235034804144,-5.840486419559473,0.1296155384651514,-0.15348642971948806,1.4189552166483268,0.012993827078229075,0.006470419969092925,0.012899361438280015,0.0008993614382800143,0.00948188308568796,0.012906572017246098,0.0009065720172460982,0.000704628037029309,0.27545261041903035,0.023490138500593054,0.09089936143828002,0.04089936143828002,0.0025516716526363214,0.9974483283473636,0.08859500656988546,0.7043511621162951,0.19964210233172108,0.1680999674636687,0.017549317192491646,0.0003156582006560718,0.22869206787476132,0.7534429567320912,1.0000000000000002,0.6106413455981766,0.612203487883855,3.3823911067730594,0.04180933720933161,0.644917948072072,0.1776443323025369,7.100949093587595,80.66144226002768,-1.4366563494405682e-11,2.0816681711721685e-17,-7.216449660063518e-16,0.0,0.0,-2.6219314601394483e-09,5.6778551478509076e-11,-1.6054220678546338e-09,-1.548048939037372e-09
equilibrium_sigma_1_35,53.0,280.2210310848803,2.0559404669171855,0.2735429560980462,0.636,0.48340922784970186,0.05740363844049424,0.7665221048961658,0.131435448975365,-0.36037135129217923,0.9447453400541055,-0.2735429560980462,-2.9999896712967513,-3.2735326273947973,-5.323418403523579,0.6334152495325859,-7.282239522920384,-5.81666159701915,0.13052210489616578,-0.15259077215029815,1.4199404669171853,0.012977078907803183,0.006525306629883949,0.012892209409042697,0.000892209409042697,0.009449152974226865,0.012906717269944856,0.000906717269944856,0.0007028514878437697,0.2754309376031597,0.023691262451009033,0.0908922094090427,0.0408922094090427,0.002581412876157556,0.9974185871238425,0.08880708292093974,0.7042640537187694,0.19965911887798649,0.1681983926874698,0.017596509292000143,0.00031949733420859935,0.22864925580197687,0.7534347375718145,1.0,0.6104992544429703,0.6120792837873683,3.3813948306258843,0.041904236265029475,0.646892266728414,0.17817414355324035,7.090962737424342,81.66369754102878,-1.4392764757786836e-11,1.1796119636642288e-16,5.551115123125783e-16,0.0,0.0,-2.1791069747256753e-09,4.982118103485922e-11,-1.3338423490716345e-09,-1.2859490815947394e-09
equilibrium_sigma_1_35,54.0,279.2210310848803,2.068910150556401,0.2800958580009735,0.648,0.49629847921353554,0.06683696810360502,0.7794292736702153,0.14431182684567614,-0.35966902835869713,0.937895070880173,-0.2800958580009735,-2.9778238623215842,-3.257919720322558,-5.299820991602464,0.6453850591627427,-7.257237465132304,-5.792827856899676,0.13142927367021529,-0.15170152078646448,1.4209101505564008,0.012962658599721288,0.006580558450141138,0.012886527472431443,0.0008865274724314427,0.009417710485334865,0.012907764379010978,0.0009077643790109773,0.0007019309797295925,0.27541371961342864,0.02389335745284449,0.09088652747243145,0.04088652747243145,0.002611524857643075,0.997388475142357,0.08902122108502586,0.704176098450632,0.1996762951809466,0.16829667596820214,0.017644185311435395,0.0003233850825549215,0.228611191512521,0.7534212380934887,1.0,0.6103557818730326,0.6119539147330901,3.3803894639618894,0.042000032815531926,0.6488871582593978,0.17871242586560832,7.081009437989391,82.6654895042273,-1.441724517547982e-11,-1.5265566588595902e-16,3.3306690738754696e-16,0.0,0.0,-1.225637820401193e-09,2.966062118137103e-11,-7.499143112044138e-10,-7.228308125661886e-10
equilibrium_sigma_1_35,55.0,278.2210310848803,2.081866492605424,0.2867041963132979,0.66,0.5091827315416594,0.07623944882443107,0.7923379106873754,0.15719696735460514,-0.35896722705968626,0.9309865268436983,-0.2867041963132979,-2.9555804670773025,-3.2422846633906004,-5.276213201066641,0.657354488204119,-7.232226071998461,-5.768983775761364,0.13233791068737533,-0.15081726845834065,1.4218664926054236,0.012950363844143428,0.006636180225276125,0.01288219183115926,0.0008821918311592604,0.009387436288674847,0.012909642617686679,0.0009096426176866783,0.0007017973185918791,0.2754005813065432,0.02409646411708012,0.09088219183115927,0.040882191831159265,0.0026420155133817323,0.9973579844866183,0.08923746785930896,0.7040872770903801,0.19969363482755648,0.1683949320036077,0.017692356407126724,0.0003273227133694212,0.22857745450462416,0.7534028663748797,1.0,0.610210896534263,0.6118273538947642,3.379374804005934,0.04209674705861027,0.6509032498568786,0.1792591333849025,7.071077486632566,83.66685702493601,-1.4440892925904336e-11,-4.996003610813204e-16,-7.771561172376096e-16,0.0,0.0,-1.666119239102093e-10,4.278992958572925e-12,-1.0189225331524998e-10,-9.81863080423695e-11
equilibrium_sigma_1_35,56.0,277.2210310848803,2.094811525332459,0.2933683433015777,0.672,0.5220632740650528,0.08561219389867641,0.805248814502133,0.17009106140659946,-0.35826519243109434,0.9240192752316889,-0.2933683433015777,-2.933257890169365,-3.2266262334709426,-5.252593963558936,0.6693235286872447,-7.207202765233571,-5.745128031077719,0.133248814502133,-0.14993672593494722,1.4228115253324587,0.012940011030334223,0.006692176545440323,0.012879090173735085,0.0008790901737350844,0.009358222146485434,0.012912287891131413,0.0009122878911314129,0.0007023877657275079,0.27539118234465176,0.0243006202612002,0.09087909017373509,0.04087909017373509,0.0026728927567575456,0.9973271072432425,0.08945586866573192,0.7039975709813715,0.19971114128788228,0.16849326647235507,0.017741033458325436,0.0003313114860132,0.2285476626174794,0.753379992438182,1.0,0.6100645679939595,0.6116995753582463,3.3783506550975004,0.042194398547714944,0.6529411493317735,0.17981423511595293,7.061156170855566,84.66783541028019,-1.4465095787841165e-11,-5.551115123125783e-17,1.6653345369377348e-16,0.0,0.0,7.2478165656642e-10,-1.980683238950176e-11,4.4298120553676323e-10,4.2673198828724335e-10
equilibrium_sigma_1_35,57.0,276.2210310848803,2.107747106039518,0.30008867572684017,0.684,0.5349412890145205,0.09495621351458398,0.8181627226572511,0.18299429502120915,-0.3575622292451718,0.91699288061506,-0.30008867572684017,-2.91085461319262,-3.2109432889194602,-5.228962282490073,0.6812921726305452,-7.1821651577928645,-5.721259391638236,0.13416272265725104,-0.14905871098547951,1.4237471060395177,0.012931433513235085,0.006748551813659527,0.012877120613275707,0.0008771206132757066,0.009329969890712941,0.012915642150224116,0.0009156421502241156,0.0007036454707787243,0.27538521397962334,0.024505861139512284,0.09087712061327571,0.04087712061327571,0.0027041645117981384,0.9972958354882019,0.08967646771610945,0.7039069619640127,0.1997288179283933,0.1685917768768921,0.017790227103745025,0.0003353526542951616,0.22852146854148672,0.7533529517004729,0.9999999999999998,0.6099167666302066,0.6115705540188451,3.3773168279085746,0.042293006266048296,0.6550014475064426,0.18037771377852474,7.0512356805528125,85.66845672216485,-1.4486412069913968e-11,3.7470027081099033e-16,1.6653345369377348e-16,0.0,0.0,1.2763750490557557e-09,-3.7215814631397226e-11,7.79565242220448e-10,7.506790224154347e-10
equilibrium_sigma_1_35,58.0,275.2210310848803,2.120674933220811,0.30686557466600284,0.6960000000000001,0.5478178615509038,0.10427242434607477,0.8310803174345777,0.19590684995777607,-0.35685769641210635,0.9099069048172868,-0.30686557466600284,-2.888369187144033,-3.195234761810036,-5.205317226153036,0.6932604120274993,-7.157111035789696,-5.697376708830985,0.1350803174345776,-0.14818213844909622,1.4246749332208108,0.012924480044519057,0.006805310262488721,0.012876190726623778,0.0008761907266237774,0.009302590496770523,0.012919652826459682,0.0009196528264596819,0.000705518914401182,0.2753823961412842,0.02471221965472795,0.09087619072662378,0.04087619072662378,0.0027358387259495826,0.9972641612740504,0.08989930816286075,0.7038154323138472,0.19974666802407848,0.16869055330948587,0.017839947775004614,0.0003394474690676367,0.2284985566478833,0.7533220481080445,1.0,0.6097674635308833,0.6114402654878097,3.3762731387312668,0.04239258869411208,0.6570847204051874,0.18094956477300628,7.041307023159421,86.66875007089595,-1.4509837775733558e-11,1.249000902703301e-16,-5.551115123125783e-17,0.0,0.0,1.392296280003369e-09,-4.343110419913199e-11,8.49667317406877e-10,8.178057137736561e-10
equilibrium_sigma_1_35,59.0,274.2210310848803,2.1335965612300734,0.3136994253492386,0.708,0.5606939887819398,0.113561658265428,0.8440022310779055,0.20882890428653925,-0.35615100189623244,0.9027609068855216,-0.3136994253492386,-2.8658002255327255,-3.179499650881964,-5.181657921468706,0.7052282388344953,-7.132038342073619,-5.673478908722628,0.13600223107790554,-0.1473060112180602,1.4255965612300734,0.012919013351931713,0.0068624559693128894,0.012876216683963292,0.0008762166839632914,0.009276003244470112,0.012924272330128161,0.0009242723301281612,0.0007079614272598178,0.27538247479988875,0.024919726552314583,0.0908762166839633,0.040876216683963296,0.0027679233821505706,0.9972320766178494,0.0901244322367331,0.7037229646849863,0.19976469476949904,0.16878967914859688,0.017890205727267204,0.00034359718067139696,0.22847864010828162,0.7532875569837797,0.9999999999999999,0.6096166304013888,0.6113086860070996,3.375219408828729,0.04249316387134396,0.6591915312616604,0.1815297952459643,7.031361946830202,87.66874188212549,-1.453109854665513e-11,-1.942890293094024e-16,-4.996003610813204e-16,0.0,0.0,1.033263852950883e-09,-3.457667051981472e-11,6.299583632518591e-10,6.060032337051879e-10
equilibrium_sigma_1_35,60.0,273.2210310848803,2.1465134135972224,0.3205906170119952,0.72,0.5735705879514753,0.12282467025805834,0.8569290505375899,0.22176063291120376,-0.35544159809836773,0.8955544430636888,-0.3205906170119952,-2.843146398121309,-3.1637370151333046,-5.157983548303719,0.7171956449593191,-7.106945161312902,-5.649564984861362,0.13692905053758997,-0.14642941204852467,1.4265134135972224,0.012914908852416696,0.006919992870409487,0.01287712246013823,0.0008771224601382306,0.009250134957648471,0.012929457588461979,0.0009294575884619787,0.0007109307320618541,0.27538521957617645,0.025128410599012902,0.09087712246013824,0.040877122460138235,0.0028004265102731397,0.9971995734897269,0.09035188137274212,0.7036295420583811,0.19978290128887638,0.16888923169206466,0.017941011067339755,0.00034780304124383034,0.22846145827740516,0.7532497276140113,1.0000000000000002,0.6094642394802627,0.6111757923716575,3.3741554638432807,0.04259474945239747,0.6613224323602359,0.18211842324617464,7.021392870864395,88.6684561395463,-1.4551471139157002e-11,3.469446951953614e-16,-1.1102230246251565e-16,-1.1102230246251565e-16,0.0,2.009774777156359e-10,-7.234431803615493e-12,1.2239504548761104e-10,1.1766459508122384e-10
equilibrium_sigma_1_35,61.0,272.2210310848803,2.159426795112153,0.3275395427609293,0.732,0.586448503873074,0.1320621456088115,0.8698613217786503,0.23470220804722366,-0.3547289776636116,0.8882870667668823,-0.3275395427609293,-2.820406425242796,-3.147945968003725,-5.134293334310277,0.7291626222502228,-7.081829706449948,-5.625633991739684,0.1378613217786503,-0.14555149612692597,1.4274267951121529,0.012912053486853037,0.006977924773863293,0.01287883912030651,0.0008788391203065106,0.009224919315402112,0.012935169642624977,0.0009351696426249771,0.000714388558309409,0.2753904215766864,0.025338298746603972,0.09087883912030652,0.040878839120306515,0.0028333561979827365,0.9971666438020172,0.09058169632535447,0.7035351476945118,0.19980129064530014,0.16898928273252406,0.01799237377945564,0.0003520663069008212,0.2284467743164926,0.7532087855971508,0.9999999999999998,0.6093102634620124,0.6110415618585294,3.373081133256874,0.04269736275853185,0.6634779667257852,0.18271547696345677,7.011392822715365,89.66791460537598,-1.4571954753961336e-11,-8.326672684688674e-17,-6.106226635438361e-16,0.0,0.0,-7.307250343008276e-10,2.6429978865205594e-11,-4.4516157600427153e-10,-4.2811462187819505e-10
equilibrium_sigma_1_35,62.0,271.2210310848803,2.1723379027409195,0.33454659945463705,0.744,0.5993285156480335,0.14127470639837525,0.8827995536753936,0.24765379965804504,-0.3540126696921513,0.8809583285553917,-0.33454659945463705,-2.797579072660468,-3.132125672115105,-5.110586550258181,0.7411291624855675,-7.056690306454932,-5.601685038880368,0.13879955367539365,-0.14467148435196653,1.4283379027409195,0.012910344669352064,0.007036255371347411,0.012881304175723508,0.0008813041757235081,0.009200296230935563,0.012941373272457035,0.0009413732724570349,0.0007183002689870044,0.2753978914415864,0.025549416280987922,0.09088130417572352,0.04088130417572351,0.002866720601020828,0.9971332793989792,0.09081391727346091,0.7034397650902711,0.19981986584910053,0.16908989907795988,0.018044303748855788,0.00035638823979140284,0.22843437304492123,0.7531649349664316,1.0,0.6091546754267811,0.610905972162466,3.3719962499011404,0.04280102082436302,0.6656586696696578,0.18332099404683525,7.001355381191572,90.66713701972367,-1.4592771435673058e-11,-2.220446049250313e-16,-9.992007221626409e-16,-1.1102230246251565e-16,0.0,-9.903712485520577e-10,3.863057616848575e-11,-6.025759943101283e-10,-5.790751749640277e-10
equilibrium_sigma_1_35,63.0,270.2210310848803,2.1852478356760923,0.34161218759074347,0.756,0.6122113428518025,0.15046291748675686,0.895744221599752,0.26061557586065903,-0.3532922362486264,0.8735677761129637,-0.34161218759074347,-2.774663146836221,-3.1162753344269642,-5.0868625057403385,0.7530952573637778,-7.03152539505004,-5.577717285392275,0.13974422159975197,-0.14378865714819755,1.4292478356760923,0.012909689322058673,0.007094988249185037,0.012884460991666881,0.0008844609916668807,0.009176211280467004,0.012948036656190709,0.0009480366561907087,0.00072263453526622,0.2754074575505057,0.02576178696208297,0.09088446099166689,0.040884460991666885,0.002900527953175022,0.997099472046825,0.09104858391788614,0.7033433779389126,0.1998386298656071,0.16919114303185315,0.018096810783776514,0.0003607701100860259,0.2284240589618818,0.7531183601442557,1.0,0.6089974487750162,0.6107690013363251,3.370900649504025,0.042905740441207194,0.667865070229837,0.18393502097878936,6.9912746243167865,91.66614128432283,-1.461003540370598e-11,-2.7755575615628914e-17,-7.771561172376096e-16,0.0,0.0,-8.31729537673076e-10,3.508201108087805e-11,-5.053131506976838e-10,-4.85187239343543e-10
equilibrium_sigma_1_35,64.0,269.2210310848803,2.198157604447091,0.34873671120412514,0.768,0.6250976511438651,0.15962729194074182,0.9086957706767943,0.27358770329739435,-0.35256726919589043,0.8661149542255329,-0.34873671120412514,-2.75165749063704,-3.100394201841165,-5.063120545276659,0.7650608984937339,-7.006333500480888,-5.553729935030131,0.14069577067679429,-0.14290234885613495,1.4301576044470912,0.01291000300176004,0.007154126898501191,0.01288825825158648,0.0008882582515864802,0.009152615186300773,0.012955131050707003,0.0009551310507070025,0.0007273630209247983,0.2754189643987469,0.02597543315188553,0.09088825825158649,0.040888258251586485,0.0029347865758087553,0.9970652134241913,0.09128573557069168,0.7032459700933714,0.1998575856222344,0.1692930728291167,0.018149904635673245,0.00036521319786739757,0.2284156544524654,0.7530692277139939,0.9999999999999999,0.6088385571676366,0.6106306277366959,3.36979417027635,0.04301153819669017,0.6700976924952469,0.18455761251303085,6.981145082157211,92.66494362918627,-1.4629353284334456e-11,5.551115123125783e-17,-6.106226635438361e-16,0.0,0.0,-4.747071850191853e-10,2.171030629577464e-11,-2.879197002342293e-10,-2.761738771700495e-10
equilibrium_sigma_1_35,65.0,268.2210310848803,2.2110681391469553,0.35592057777647507,0.78,0.6379880573356557,0.16876829593855341,0.9216546187273649,0.28657034747592475,-0.3518373873337237,0.8585994047595611,-0.35592057777647507,-2.728560979452193,-3.084481557228668,-5.039360044791583,0.7770260773855934,-6.981113236271477,-5.529722231727466,0.14165461872736484,-0.14201194266434436,1.4310681391469553,0.012911209112474356,0.007213674724486237,0.012892649473958982,0.000892649473958982,0.00912946335070667,0.012962630532298292,0.0009626305322982913,0.0007324601308811296,0.27543227113320906,0.026190375930921477,0.09089264947395899,0.040892649473958986,0.002969504886959988,0.99703049511304,0.09152541123674905,0.7031475255327575,0.1998767360149352,0.16939574303038815,0.018203595017781453,0.0003697187949250813,0.22840899816727797,0.7530176880200155,1.0,0.6086779744713781,0.6104908299744315,3.3686766525360476,0.043118430510840404,0.6723570568208754,0.1851888311726138,6.970961694290375,93.66355876316575,-1.4647005830425996e-11,1.6653345369377348e-16,7.216449660063518e-16,0.0,0.0,-7.444952467017263e-11,3.701653567000918e-12,-4.5067389056741014e-11,-4.3178101719054673e-11
equilibrium_sigma_1_35,66.0,267.2210310848803,2.2239802969101223,0.3631641981547556,0.792,0.6508831339988663,0.17788635323105914,0.9346211589456451,0.29956367308254434,-0.35110223379593214,0.8510206666406912,-0.3631641981547556,-2.705372517659357,-3.0685367158141124,-5.015580408409929,0.7889907854419362,-6.955863292814239,-5.505693455532077,0.1426211589456451,-0.1411168660011337,1.4319802969101223,0.012913238190925366,0.007273635054934379,0.01289759257379685,0.0008975925737968495,0.009106715432798843,0.012970511721333011,0.000970511721333011,0.0007379027441856145,0.2754472502236268,0.026406635205213146,0.09089759257379686,0.040897592573796854,0.0030046914101140017,0.996995308589886,0.09176764968880771,0.703048028331523,0.1998960839141183,0.1694992048810725,0.018257891622284993,0.00037428820647714687,0.2284039435494387,0.7529638766217991,0.9999999999999999,0.6085156747084988,0.6103495868693317,3.367547938364108,0.04322643366921617,0.6746436809510721,0.1858287467987186,6.960719771218707,94.6620000108527,-1.4663326108887986e-11,8.326672684688674e-17,6.106226635438361e-16,0.0,0.0,2.643436667476573e-10,-1.432646015708805e-11,1.5966004560108438e-10,1.5275807875581027e-10
equilibrium_sigma_1_35,67.0,266.2210310848803,2.2368948687106744,0.3704679864778406,0.804,0.6637834136567013,0.18698184920049502,0.9475957623362642,0.31256784427125617,-0.3503614736818373,0.843378275832571,-0.3704679864778406,-2.6820910354071086,-3.0525590218849494,-4.99178106554175,0.8009550139491949,-6.930582429717872,-5.481642918906928,0.14359576233626414,-0.1402165863432987,1.4328948687106744,0.012916027258011359,0.007334011148119101,0.012903049464603585,0.0009030494646035843,0.009084334964360164,0.012978753572423507,0.0009787535724235068,0.0007436700055762913,0.2754637862563745,0.026624229804542536,0.09090304946460359,0.04090304946460359,0.0030403547826884764,0.9969596452173115,0.09201248953667368,0.7029474626310478,0.19991563217008324,0.16960350663839427,0.0183128041362259,0.00037892275282697005,0.22840035749546886,0.7529079156154782,0.9999999999999999,0.6083516320104286,0.6102068774085873,3.3664078712893675,0.04333556385334546,0.6769580810597151,0.1864774361455588,6.950414959353345,95.66027943706246,-1.468025701001352e-11,3.608224830031759e-16,2.7755575615628914e-16,0.0,0.0,4.75821590462111e-10,-2.8182492797790282e-11,2.8664888865326255e-10,2.738227717485886e-10
equilibrium_sigma_1_35,68.0,265.2210310848803,2.2498125855435807,0.3778323601107127,0.8160000000000001,0.6766893925964281,0.19605513455363896,0.9605787799331253,0.32558302493096075,-0.349614791900559,0.8356717653157066,-0.3778323601107127,-2.658715485684476,-3.0365478457951887,-4.967961468229676,0.8129187540693351,-6.905269468843241,-5.457569963363027,0.1445787799331253,-0.13931060740357193,1.4338125855435806,0.01291951923007778,0.007394806200061348,0.012908985696997617,0.0009089856969976169,0.009062289000974697,0.012987337156267209,0.0009873371562672088,0.0007497431178671299,0.27548177483938674,0.026843177572718625,0.09090898569699762,0.04090898569699762,0.0030765037642663472,0.9969234962357336,0.09225996929105126,0.7028458126134163,0.19993538361801483,0.16970869386937765,0.01836834225627558,0.00038362377096261063,0.22839811913786873,0.7528499148348932,1.0,0.6081858205749956,0.6100626807086341,3.365256295999462,0.04344583716872876,0.679300772715131,0.18713498251733116,6.940043209232784,96.65840796002516,-1.4695189509694728e-11,1.942890293094024e-16,3.3306690738754696e-16,0.0,0.0,5.236361674126888e-10,-3.398170720508853e-11,3.145164077095197e-10,2.9989139643804563e-10
equilibrium_sigma_1_35,69.0,264.2210310848803,2.2627341240457124,0.38525773958563736,0.8280000000000001,0.689601534338018,0.20510652868293522,0.9735705448200785,0.3386093789328261,-0.34886189120847233,0.8279006650661977,-0.38525773958563736,-2.6352448416509047,-3.020502581236542,-4.944121088734766,0.824881996831752,-6.879923287964157,-5.433473956393904,0.14557054482007847,-0.1383984656619821,1.4347341240457123,0.012923662384404275,0.007456023351242084,0.012915370130586128,0.0009153701305861274,0.009040547805174614,0.012996245463692269,0.0009962454636922684,0.0007561051462712243,0.27550112160783674,0.02706349545050271,0.09091537013058613,0.04091537013058613,0.0031131472446089504,0.996886852755391,0.09251012742255227,0.7027430624771812,0.19995534108257917,0.16981480972242477,0.01842451570247834,0.00038839261610568686,0.22839711873831584,0.7527899729431001,1.0,0.6080182146268899,0.6099169759801026,3.3640930580754786,0.04355726967063167,0.681672271776931,0.18780147544350662,6.929600746672519,97.65639545430571,-1.4709122808653774e-11,-2.220446049250313e-16,2.220446049250313e-16,0.0,0.0,3.9344910489347296e-10,-2.804711584508679e-11,2.3551115571618375e-10,2.2408187458355933e-10
equilibrium_sigma_1_35,70.0,263.2210310848803,2.2756601116080484,0.3927445485497824,0.84,0.7025202727904412,0.21413632272595925,0.9865713739716774,0.35164707035973336,-0.3481024904220731,0.8200645020342581,-0.3927445485497824,-2.611678094202545,-3.0044226427523273,-4.9202594173391,0.8368447331253541,-6.854542814995695,-5.409354288684169,0.1465713739716774,-0.1374797272095588,1.4356601116080485,0.012928409873852909,0.007517665692806022,0.012922174636001933,0.000922174636001933,0.009019084558628987,0.0130054632629939,0.001005463262993899,0.0007627408832311389,0.275521741321218,0.027285199551789728,0.09092217463600194,0.04092217463600194,0.0031502942514799355,0.99684970574852,0.09276300241632991,0.7026391964149221,0.1999755073821592,0.1699218951749071,0.018481334231066626,0.0003932306632161879,0.22839725668141594,0.7527281784243011,0.9999999999999998,0.6078487883810588,0.6097697424955691,3.362918003748156,0.04366987738787441,0.684073095231297,0.18847701038912235,6.9190840465715775,98.65425084438138,-1.4722500996100507e-11,8.326672684688674e-17,-8.881784197001252e-16,0.0,0.0,8.69651139295824e-11,-6.826907962553808e-12,5.18497987600508e-11,4.921191405771186e-11
equilibrium_sigma_1_35,71.0,262.2210310848803,2.2885911310228875,0.40029321371914794,0.852,0.7154460151225865,0.2231447823492474,0.9995815699295725,0.36469626371943226,-0.3473363227911018,0.8121628001220991,-0.40029321371914794,-2.5880142497538663,-2.9883074634730145,-4.896375960345909,0.8488069536908065,-6.829127022740559,-5.385210371568014,0.1475815699295725,-0.13655398487741344,1.4365911310228876,0.012933719286363346,0.0075797362722958995,0.012929373824476419,0.0009293738244764184,0.008997875100854015,0.013014976899539121,0.001014976899539121,0.0007696366516318776,0.27554355704386796,0.027508305233532156,0.09092937382447643,0.04092937382447642,0.0031879539583064033,0.9968120460416936,0.09301863282273505,0.7025341985924396,0.19999588533275994,0.17002998925883,0.01853880764643499,0.0003981393084586352,0.22839844256036795,0.7526646104847384,1.0,0.6076775160087675,0.609620959559863,3.3617309796737165,0.04378367634479749,0.686503761970537,0.1891616884973586,6.908489809141431,99.65198218966896,-1.4734879982825078e-11,2.220446049250313e-16,6.661338147750939e-16,0.0,0.0,-2.658608992678335e-10,2.0960361050981202e-11,-1.5863226530965502e-10,-1.5067961808834518e-10
equilibrium_sigma_1_35,72.0,261.2210310848803,2.3015277246894073,0.4079041648400785,0.864,0.7283791443635258,0.23213215027083636,1.0126014223228956,0.377757124142375,-0.3465631345238135,0.8041950801595645,-0.4079041648400785,-2.5642523282214893,-2.9721564930615676,-4.87247023826464,0.8607686491129236,-6.803674924124715,-5.361041634722585,0.14860142232289564,-0.1356208556364742,1.4375277246894074,0.012939552246903671,0.007642238098925738,0.012936944803540747,0.0009369448035407464,0.008976897693136449,0.013024774198067135,0.0010247741980671347,0.0007767802062685902,0.27556649940466893,0.027732827159454985,0.09093694480354075,0.04093694480354075,0.0032261356916863577,0.9967738643083136,0.09327705730422343,0.7024280531294874,0.20001647775160478,0.17013912926563224,0.018596945812322255,0.0004031199706304194,0.22840059434974005,0.7525993398673072,1.0,0.6075043716061702,0.6094706064827782,3.360531832728167,0.04389868258150744,0.6889647935207468,0.18985561636357273,6.897814938423239,100.64959676141669,-1.474775856991073e-11,5.828670879282072e-16,-1.1102230246251565e-16,0.0,0.0,-3.6762772687159995e-10,3.2002011284004706e-11,-2.1836999569702087e-10,-2.0684721470376477e-10
equilibrium_sigma_1_35,73.0,260.2210310848803,2.31447039848847,0.41557783465191284,0.876,0.7413200217988134,0.24109864858506938,1.025631209271777,0.3908298175680327,-0.3457826834261757,0.7961608598827041,-0.41557783465191284,-2.5403913611657174,-2.95596919581763,-4.848541784143718,0.8727298098131222,-6.778185567808517,-5.336847524046048,0.14963120927177698,-0.1346799782011866,1.43847039848847,0.012945874051491349,0.007705174148546096,0.012944866952294139,0.0009448669522941384,0.008956132801178286,0.013034844309478544,0.0010348443094785435,0.0007841605897951354,0.27559050591604284,0.02795877935974121,0.09094486695229415,0.04094486695229414,0.0032648489388338964,0.9967351510611661,0.09353831467944099,0.7023207440816666,0.20003728746049407,0.17024935093547278,0.018655758662408043,0.00040817409257563577,0.22840363764442406,0.7525324296005923,1.0,0.6073293291647744,0.6093186625536244,3.359320409815812,0.044014912172817416,0.6914567147289123,0.19055890583118584,6.887056522545056,101.64710111350522,-1.4758139155190975e-11,1.3877787807814457e-16,-2.220446049250313e-16,0.0,0.0,-3.107712559513587e-10,2.9946642388090083e-11,-1.8363810472266096e-10,-1.7338831932722787e-10
equilibrium_sigma_1_35,74.0,259.2210310848803,2.327419625303618,0.42331465885461234,0.888,0.7542689891496497,0.2500444808774441,1.0386711986659467,0.4039145109190339,-0.3449947376628887,0.7880596539116271,-0.42331465885461234,-2.516430390095485,-2.939745048950097,-4.824590142054007,0.8846904260419635,-6.7526580341922315,-5.312627499726323,0.1506711986659467,-0.13373101085035033,1.4394196253036182,0.012952653335225606,0.007768547368241713,0.0129531217175737,0.0009531217175736996,0.008935562897870165,0.01304517758815571,0.0010451775881557095,0.0007917680094893242,0.27561552035628395,0.028186175285772844,0.0909531217175737,0.040953121717573704,0.0033041033549306193,0.9966958966450694,0.093802443964319,0.7022122554235445,0.20005831728891585,0.170360688629816,0.01871525621028531,0.0004133031425750369,0.22840750496868856,0.752463935678451,1.0,0.6071523625439061,0.6091651070177101,3.358096557692579,0.04413238124580841,0.6939800544083851,0.19127167381264928,6.8762118158132,102.64450114671831,-1.4767798095505213e-11,4.996003610813204e-16,7.216449660063518e-16,-1.1102230246251565e-16,0.0,-1.7913858937901317e-10,1.9158364998606014e-11,-1.0521624023429599e-10,-9.897221757426689e-11
equilibrium_sigma_1_35,75.0,258.2210310848803,2.3403758482049737,0.4311150760821548,0.9,0.7672263705453581,0.25896983413961155,1.0517216493243635,0.41701137226376445,-0.344199074634452,0.7798909737266706,-0.4311150760821548,-2.492368464927587,-2.923483541009742,-4.800614865714372,0.896650487871781,-6.727091431795723,-5.288381034489995,0.1517216493243635,-0.13277362945464188,1.4403758482049738,0.012959861772649711,0.007832360680565052,0.01296169243002402,0.00096169243002402,0.008915172285260061,0.013055765513136919,0.0010557655131369185,0.0007995937617577553,0.27564149221219403,0.02841502785994045,0.09096169243002403,0.040961692430024024,0.003343908770387983,0.996656091229612,0.09406948441033935,0.7021025710329384,0.20007957007692012,0.1704731754880991,0.018775448558842552,0.0004185086157124691,0.22841213515192416,0.7523939076735208,0.9999999999999999,0.6069734454450726,0.6090099190546527,3.356860122803518,0.04425110599608481,0.6965353459453035,0.19199404213490026,6.865278222541335,103.64180216678453,-1.477695743545837e-11,-4.996003610813204e-16,-7.216449660063518e-16,0.0,0.0,-3.15145808754691e-11,3.750465216167953e-12,-1.8379955543657012e-11,-1.7213964628726153e-11
equilibrium_sigma_1_35,76.0,257.2210310848803,2.3533394833478796,0.4389795278800129,0.912,0.7801924743207689,0.2678748805148492,1.064782812054266,0.4301205709693518,-0.34339547995234465,0.7716543276438907,-0.4389795278800129,-2.468204642577421,-2.907184170457434,-4.776615517239352,0.9086099851893489,-6.701484893956488,-5.26410761200544,0.15278281205426592,-0.13180752567923115,1.4413394833478796,0.012967473805517868,0.007896616987472915,0.012970564137006917,0.0009705641370069164,0.008894946932729596,0.013066600567102071,0.001066600567102071,0.0008076301133419506,0.27566837617274825,0.02864534952142817,0.09097056413700692,0.04097056413700692,0.0033842751980653666,0.9966157248019346,0.09433947554043076,0.7019916746761712,0.20010104867779374,0.17058684357095955,0.01883634590915898,0.0004237920352282132,0.22841747276103644,0.7523223892945764,1.0,0.6067925513879113,0.6088530777582343,3.355610951132228,0.04437110270292962,0.699123127872285,0.19272613740536543,6.854253282356159,104.63900893714265,-1.4784340418572128e-11,-2.220446049250313e-16,1.1102230246251565e-16,0.0,0.0,9.290948219109474e-11,-1.233710009151956e-11,5.374242023625797e-11,5.007718545391171e-11
equilibrium_sigma_1_35,77.0,256.2210310848803,2.36631092261249,0.44690845868642426,0.924,0.7931675946546132,0.27675977888950604,1.0778549306189569,0.44324227784602277,-0.34258374650325085,0.7633492207898422,-0.44690845868642426,-2.443937985668958,-2.8908464443553825,-4.752591665997821,0.9205689076885701,-6.675837575816771,-5.239806725426138,0.15385493061895683,-0.13083240534538687,1.44231092261249,0.012975466395439311,0.007961319173991717,0.012979723450801083,0.0009797234508010823,0.008874874329883535,0.013077676163097962,0.0010776761630979619,0.000815870232484528,0.2756961316690942,0.028877152268307248,0.09097972345080109,0.04097972345080109,0.0034252128404632033,0.9965747871595368,0.09461245718273525,0.7018795499942024,0.20012275596055576,0.17070172399126407,0.01889795856896529,0.0004291549538633888,0.22842346758432566,0.7522494188928457,1.0,0.6066096536875674,0.6086945621176529,3.3543488880610552,0.04449238774346732,0.7017439444128307,0.1934680908968293,6.843134656842768,105.63612572691008,-1.479150135708096e-11,5.551115123125783e-17,-2.7755575615628914e-16,-1.1102230246251565e-16,0.0,1.7009408291579486e-10,-2.527181588996008e-11,9.744320628168879e-11,9.025628508463335e-11
equilibrium_sigma_1_35,78.0,255.22103108488028,2.3792905360079275,0.4549023158171959,0.936,0.8061520130634456,0.28562467634439204,1.0909382426227117,0.4563766652837248,-0.3417636735941588,0.7549751550756167,-0.4549023158171959,-2.41956756135288,-2.874469877170076,-4.728542887572697,0.9325272448631692,-6.650148651573463,-5.215477876061462,0.1549382426227116,-0.12984798693655442,1.4432905360079276,0.012983818799123317,0.00802647011163476,0.012989158410695666,0.0009891584106956654,0.008854943352807558,0.013088986556830662,0.0010889865568306616,0.0008243080973358019,0.2757247224566535,0.029110447696240205,0.09098915841069567,0.04098915841069567,0.0034667320969088995,0.996533267903091,0.09488846950246059,0.7017661804895449,0.20014469481229008,0.17081784703406705,0.018960296960718045,0.00043459895519928747,0.22843007416219255,0.7521750299218901,0.9999999999999999,0.6064247254333514,0.6085343510000348,3.3530737782411255,0.04461497760593054,0.704398345999571,0.1942200384496575,6.831920117406061,106.63315635448717,-1.479633082723808e-11,1.1102230246251565e-16,-5.551115123125783e-16,0.0,0.0,1.8756136574427096e-10,-3.1272298986473324e-11,1.0623412219357142e-10,9.770722425583855e-11
equilibrium_sigma_1_35,79.0,254.22103108488028,2.392278673862464,0.4629615494538061,0.9480000000000001,0.8191459997642899,0.294469709478804,1.1040329803204378,0.4695239073818278,-0.3409350661709031,0.7465316291700792,-0.4629615494538061,-2.39509244022281,-2.858053989676616,-4.704468762812591,0.9444849859993681,-6.624417311966844,-5.191120572163482,0.15603298032043778,-0.12885400023571014,1.4442786738624642,0.012992512364159783,0.008092072661593112,0.012998858357711411,0.0009988583577114109,0.008835144142473387,0.013100526783382804,0.001100526783382804,0.0008329384398875206,0.2757541162354891,0.02934524703407374,0.09099885835771142,0.040998858357711415,0.00350884357075262,0.9964911564292473,0.09516755303201385,0.7016515495138876,0.2001668681403314,0.17093524226650916,0.019023371629331265,0.00044012565499529425,0.22843725136043047,0.752099251355243,1.0,0.6062377394685506,0.6083724231340879,3.3517854654711776,0.04473888890211801,0.707086889769206,0.19498212039000812,6.820607534236727,107.6301042271908,-1.48011602973952e-11,0.0,4.440892098500626e-16,0.0,0.0,1.4151250483929179e-10,-2.6560340732340038e-11,7.907921019401076e-11,7.21250819485375e-11
equilibrium_sigma_1_35,80.0,253.22103108488028,2.4052756688192494,0.4710866126345866,0.96,0.8321498149180097,0.3032950056187352,1.117139371359034,0.4826841800726594,-0.34009773410338595,0.7380181384722992,-0.4710866126345866,-2.370511695320493,-2.84159830795508,-4.680368876967168,0.9564421201685338,-6.598642761986387,-5.16673432781927,0.1571393713590341,-0.1278501850819903,1.4452756688192494,0.013001530343463158,0.008158129677719438,0.01300881382079943,0.0010088138207994292,0.008815467994182934,0.013112292579497975,0.0011122925794979747,0.0008417566704777002,0.2757842843054528,0.029581561176574032,0.09100881382079944,0.041008813820799433,0.0035515580765889962,0.996448441923411,0.09544974869959731,0.7015356402563505,0.20018927887431884,0.17105393863858928,0.01908719324960534,0.00044573670252889716,0.22844496198225714,0.7520221080656085,0.9999999999999999,0.6060486683712697,0.608208757094782,3.3504837925844604,0.044864138379124854,0.709810140036756,0.19575448146278998,6.809194866280092,108.62697237727568,-1.4804713011074e-11,-3.885780586188048e-16,-2.7755575615628914e-16,0.0,0.0,3.4528309031389703e-11,-7.319639686031998e-12,1.8987370703493767e-11,1.71446971203304e-11
equilibrium_sigma_1_35,81.0,252.22103108488028,2.4182818376544777,0.4792779612490994,0.972,0.8451637097639124,0.31210068391942825,1.1302576394564785,0.4958576612395536,-0.3392514915316127,0.7294341750828084,-0.4792779612490994,-2.345824401221544,-2.825102362470643,-4.656242818898482,0.9683986362197771,-6.572824218774157,-5.14231866193906,0.15825763945647853,-0.12683629023608756,1.4462818376544777,0.013010857726739017,0.008224644009322702,0.013019016413524771,0.001019016413524771,0.008795907257102584,0.013124280340282013,0.0011242803402820127,0.0008507588278305889,0.2758152012531054,0.029819400714521355,0.09101901641352478,0.041019016413524775,0.003594886647520839,0.9964051133524792,0.09573509785643038,0.7014184357323032,0.20021192996812978,0.1711739645756188,0.01915177263339058,0.0004514337819411079,0.22845317241567223,0.751943621168996,1.0,0.6058574844361916,0.6080433312889564,3.3491686013428175,0.044990742930417764,0.7125686687516969,0.19653727077840666,6.797680152119403,109.62376349465275,-1.4807488568635563e-11,4.440892098500626e-16,-5.551115123125783e-16,0.0,0.0,-9.014696107645381e-11,1.9266655978955605e-11,-4.9674231741847485e-11,-4.495514203950446e-11
equilibrium_sigma_1_35,82.0,251.22103108488028,2.4312974829274925,0.48753605403724426,0.984,0.8581879276519456,0.32088685636863823,1.1433880050221528,0.5090445308299706,-0.33839615626916575,0.7207792277719767,-0.48753605403724426,-2.321029633194906,-2.8085656872321505,-4.632090180361074,0.9803545227724881,-6.546960909711855,-5.117873097331979,0.15938800502215278,-0.12581207234805436,1.4472974829274925,0.013020481087982191,0.008291618503783783,0.013029458740687276,0.0010294587406872759,0.008776455243403977,0.013136487057030521,0.0011364870570305212,0.000859941527431296,0.2758468446687493,0.030058775962221982,0.09102945874068728,0.04102945874068728,0.0036388405424811333,0.9963611594575189,0.09602364230273319,0.7012999187726922,0.20023482440170606,0.171295348062805,0.01921712073651534,0.00045721861358964325,0.22846185231395466,0.7518638083359404,1.0,0.6056641596571687,0.6078761239417744,3.347839732337412,0.04511871960631589,0.7153630559387445,0.19733064177329668,6.7860615017202965,110.62047995647546,-1.480654487906463e-11,-6.661338147750939e-16,-1.4432899320127035e-15,0.0,0.0,-1.2592822097590162e-10,3.054073313690786e-11,-6.807848729195598e-11,-6.088654580516106e-11
equilibrium_sigma_1_35,83.0,250.22103108488028,2.4443228945019975,0.4958613525872909,0.996,0.8712227049948293,0.3296536287112046,1.156530685731951,0.5222449709646148,-0.33753154925079965,0.7120527819509979,-0.4958613525872909,-2.296126466425483,-2.791987819012774,-4.607910555344921,0.9923097682087957,-6.521052070658967,-5.093397159858934,0.16053068573195106,-0.12477729500517065,1.4483228945019975,0.013030388445542912,0.008359056009032877,0.013040134312545325,0.0010401343125453245,0.008757106144609648,0.01314891025949727,0.0011489102594972704,0.0008693019021288606,0.275879194886501,0.030299696983209855,0.09104013431254533,0.04104013431254533,0.0036834312536263318,0.9963165687463736,0.0963154243126898,0.7011800720137877,0.20025796518278793,0.1714181167238354,0.01928324866552875,0.00046309295541650846,0.228470974302626,0.7517826840764288,1.0,0.6054686657104977,0.607707113083882,3.346497024894985,0.04524808562397341,0.7181938901238504,0.19813475217977197,6.7743370888485455,111.61712385432672,-1.480693345712325e-11,-2.220446049250313e-16,0.0,0.0,0.0,-1.0578916215253642e-10,2.9237534268644616e-11,-5.5879700172623004e-11,-4.9254456416236714e-11
equilibrium_sigma_1_35,84.0,249.22103108488028,2.4573583509329096,0.5042543213362816,1.008,0.8842682721379165,0.338401101293398,1.1696858970564787,0.5354591660427143,-0.3366574940258855,0.7032543196420162,-0.5042543213362816,-2.27111397529758,-2.7753682966338618,-4.583703539476691,1.0042643606659394,-6.49509694434091,-5.068890377658759,0.16168589705647873,-0.12373172786208353,1.4493583509329095,0.013040569135093799,0.00842695937588084,0.013051037466984682,0.0010510374669846813,0.008737854955572735,0.013161548001461298,0.0011615480014612982,0.000878837583817571,0.27591223474843846,0.030542173613881517,0.09105103746698469,0.041051037466984686,0.00372867051381057,0.9962713294861895,0.09661048665843072,0.7010588778873333,0.20028135534856098,0.17154229789320252,0.01935016768426627,0.00046905860432973877,0.22848051371324912,0.7517002599981549,1.0,0.6052709739388513,0.6075362765392536,3.3451403169896103,0.04537885837688231,0.7210617687476926,0.1989497640068376,6.7625051441790305,112.61369701889822,-1.4804379944166612e-11,1.6653345369377348e-16,-1.6653345369377348e-16,0.0,0.0,-6.064129580429789e-11,1.9190487740572415e-11,-3.113143944022401e-11,-2.6944488307201198e-11
equilibrium_sigma_1_35,85.0,248.22103108488028,2.4704041207242415,0.5127154275740092,1.02,0.8973248541504366,0.3471293698306903,1.1828538527443442,0.5486873028437979,-0.33577381629578595,0.69438331944602,-0.5127154275740092,-2.245991232734746,-2.7587066603087553,-4.559468729474881,1.0162182880285442,-6.469094778878899,-5.044352280442555,0.16285385274434416,-0.1226751458495634,1.4504041207242415,0.013051013694930474,0.008495331460207528,0.01306216329932395,0.001062163299323949,0.008718697405825145,0.013174398777460183,0.0011743987774601831,0.0008885466284969112,0.27594594939189077,0.030786215485057528,0.09106216329932396,0.04106216329932395,0.0037745703041509523,0.996225429695849,0.0969088726331196,0.700936318611063,0.20030499796722062,0.17166791868252426,0.019417889220258697,0.00047511739760072047,0.22849044834279186,0.7516165450393487,1.0,0.6050710553358097,0.6073635919136696,3.34376944515935,0.04551105544393143,0.7239672985684527,0.19977584353215408,6.750563949064261,113.6102010422587,-1.4801382342000124e-11,0.0,5.551115123125783e-16,0.0,0.0,-1.155329477919853e-11,4.209353351991574e-12,-5.723954296654732e-12,-4.839384101784638e-12
equilibrium_sigma_1_35,86.0,247.22103108488028,2.483460463477774,0.5212451414491268,1.032,0.9103926715499253,0.35583852611011857,1.1960347652675247,0.5619295706266557,-0.3348803434883365,0.6854392565097849,-0.5212451414491268,-2.220757309588535,-2.7420024510376617,-4.5352057226527345,1.0281715379207808,-6.443044826441856,-5.019782398847904,0.1640347652675247,-0.12160732845007471,1.451460463477774,0.013061713761784804,0.008564175125031343,0.013073507598593513,0.0010735075985935129,0.0086996298971381,0.013187461532782052,0.0011874615327820519,0.0008984275218226756,0.275980326056344,0.031031832041835062,0.09107350759859352,0.04107350759859352,0.003821142861701417,0.9961788571382986,0.09721062607330101,0.7008123761795219,0.20032889613946833,0.17179500604180575,0.019486424871019543,0.0004812712142817741,0.2285007582348829,0.7515315456798158,1.0000000000000002,0.6048688805308883,0.6071890365837336,3.342384244427284,0.045644694598092124,0.7269110960556467,0.20061316130341178,6.738511829865221,114.60663729807729,-1.4796608382994236e-11,1.1102230246251565e-16,-4.440892098500626e-16,0.0,0.0,2.8142538646691584e-11,-1.18804532184269e-11,1.3327450254507767e-11,1.0922854634665136e-11
equilibrium_sigma_1_35,87.0,246.22103108488028,2.496527630942594,0.5298439359772706,1.044,0.9234719409660467,0.36452865863319894,1.2092288462323955,0.5751861612258796,-0.33397690436594407,0.6764216024918104,-0.5298439359772706,-2.1954112740714224,-2.725255210048693,-4.510914116464804,1.040124097698398,-6.41694634200914,-4.995180263847571,0.16522884623239542,-0.12052805903395336,1.452527630942594,0.013072661976188227,0.008633493242470798,0.013085066789697918,0.0010850667896979173,0.008680649446724163,0.013200735583529521,0.0012007355835295212,0.0009084790997260228,0.2760153539081755,0.031279032561873275,0.09108506678969792,0.04108506678969792,0.003868400687247093,0.9961315993127529,0.09751579138060736,0.7006870323551505,0.20035305299994616,0.1719235868161383,0.01955578641023422,0.0004875219766466997,0.22851142548095776,0.7514452661321613,1.0,0.604664419774993,0.6070125876863667,3.3409845482263276,0.0457797938147727,0.7298937877764621,0.2014618921484989,6.726347152792404,115.60300695998744,-1.479105726787111e-11,-1.1102230246251565e-16,-7.771561172376096e-16,0.0,0.0,5.113970011350055e-11,-2.5203261352912953e-11,2.2837056898317165e-11,1.7925359113712958e-11
equilibrium_sigma_1_35,88.0,245.22103108488028,2.5096058679745785,0.5385122870510901,1.056,0.9365628757493966,0.3731998532047487,1.2224363067596644,0.5884572691463485,-0.33306332866414456,0.6673298255272662,-0.5385122870510901,-2.1699521912296387,-2.708464478280729,-4.486593508093309,1.0520759544406177,-6.390798582234044,-4.970545406207887,0.16643630675966437,-0.11943712425060349,1.4536058679745785,0.013083851896522614,0.008703288695607759,0.013096837880931099,0.0010968378809310987,0.008661753635569116,0.013214220633273044,0.0012142206332730436,0.0009187005722832708,0.2760510238816094,0.031527826172238205,0.0910968378809311,0.0410968378809311,0.003916356553230896,0.9960836434467691,0.09782441354291269,0.7005602686595961,0.20037747171861642,0.17205368779825925,0.019625985793871092,0.0004938716516568916,0.22852243403950395,0.7513577085149682,1.0,0.6044576429262484,0.6068342221087288,3.339570188327529,0.045916371279880394,0.7329160107759164,0.20232221519391638,6.714068319211132,116.59931101825882,-1.478261957288396e-11,0.0,4.440892098500626e-16,-1.1102230246251565e-16,0.0,5.477524163410852e-11,-3.180238190847451e-11,2.260636816631134e-11,1.6642536307398537e-11
equilibrium_sigma_1_35,89.0,244.22103108488028,2.5226954134140636,0.5472506734520941,1.068,0.9496656865303786,0.38185219347249,1.2356573578361751,0.6017430916560211,-0.33213944675774,0.6581633901919015,-0.5472506734520941,-2.1443791224519924,-2.6916297959040865,-4.462243494070879,1.0640270949418758,-6.364600804398807,-4.945877355992381,0.16765735783617508,-0.11833431346962142,1.4546954134140635,0.013095277920975465,0.008773564380261287,0.013108818416364361,0.0011088184163643607,0.008642940561429044,0.013227916713098864,0.0012279167130988637,0.0009290914537718464,0.27608732853443746,0.03177822186492317,0.09110881841636437,0.041108818416364365,0.00396502351182364,0.9960349764881764,0.09813653815501534,0.7004320663652177,0.20040215550209345,0.1721853357773791,0.019697035166234177,0.0005003222524555966,0.22853376957177282,0.7512688730095373,0.9999999999999999,0.6042485194361397,0.6066539164785169,3.338140994771404,0.0460544453976261,0.7359784129520517,0.20319431389094697,6.701673761368396,117.59555029492844,-1.4773959833291883e-11,1.1102230246251565e-16,-3.3306690738754696e-16,0.0,0.0,3.991940285275053e-11,-2.761277491380998e-11,1.4749442986405903e-11,9.771801423585913e-12
equilibrium_sigma_1_35,90.0,243.22103108488028,2.535796500889232,0.5560595768642236,1.08,0.962780581732781,0.3904857614218698,1.2488922106412637,0.615043828877339,-0.33120508935190274,0.6489217574649322,-0.5560595768642236,-2.1186911250111757,-2.674750701875399,-4.437863669936594,1.0759775057034036,-6.338352265452847,-4.921175642106698,0.16889221064126358,-0.11721941826721904,1.4557965008892317,0.01310693521668585,0.00884432320667993,0.013121006432667302,0.001121006432667302,0.00862420879606831,0.013241824172727235,0.0012418241727272343,0.0009396515632253966,0.27612426191717365,0.03203022851115081,0.09112100643266731,0.041121006432667306,0.004014414903148534,0.9959855850968514,0.0984522114389237,0.7003024064867531,0.20042710759493282,0.17231855758464243,0.01976894686597475,0.0005068758398928176,0.22854541929247577,0.7511787580016566,0.9999999999999999,0.604037018335921,0.6064716471545956,3.336696795802049,0.04619403479810413,0.7390816534272914,0.2040783760491352,6.689161938502903,118.59172545753,-1.4764189870675182e-11,-1.6653345369377348e-16,-5.551115123125783e-17,0.0,0.0,1.009263159157392e-11,-8.43607822487158e-12,3.1583381743249817e-12,1.698525001203599e-12
equilibrium_sigma_1_35,91.0,242.22103108488028,2.548909359551917,0.564939481889371,1.092,0.9759077680463163,0.39910063783021726,1.2621410768501122,0.6283596838775813,-0.33026008719587985,0.6396043846905641,-0.564939481889371,-2.092887251633918,-2.657826733523289,-4.413453629921861,1.0879271729246334,-6.312052221126067,-4.896439791880631,0.17014107685011215,-0.11609223195368379,1.4569093595519171,0.013118819655426966,0.008915568101161384,0.013133400419974926,0.001133400419974926,0.008605557346371605,0.013255943649426172,0.0012559436494261715,0.0009503809905719862,0.2761618194544695,0.03228385487455584,0.09113340041997493,0.04113340041997493,0.004064544363673454,0.9959354556363266,0.09877148026382337,0.7001712697731185,0.20045233128088372,0.1724533801355385,0.019841733432080927,0.0005135345240836284,0.2285573718340645,0.7510873602097711,1.0,0.6038231082232383,0.6062873902179148,3.3352374178036364,0.04633515834468073,0.7422264029172967,0.20497459387678682,6.676531333304135,119.58783703154359,-1.4752532528916618e-11,-4.996003610813204e-16,-1.6653345369377348e-16,0.0,0.0,-2.236363524921181e-11,1.9319337796197544e-11,-6.9409044484158855e-12,-3.738974407863083e-12
equilibrium_sigma_1_35,92.0,241.22103108488028,2.5620342147505735,0.5738908760666216,1.104,0.9890474508617163,0.4076969026839358,1.2754041689159665,0.6416908627586229,-0.32930427081753255,0.6302107255362293,-0.5738908760666216,-2.066966550095027,-2.6408574261616486,-4.389012966660646,1.0998760824944034,-6.285699925108158,-4.871669330681091,0.17140416891596644,-0.11495254913828379,1.4580342147505734,0.01313092775527877,0.00898730200761197,0.013145999286539957,0.0011459992865399567,0.00858698561912239,0.013270276058019448,0.0012702760580194476,0.0009612800833114221,0.27619999783799987,0.032539109623321974,0.09114599928653996,0.04114599928653996,0.004115425834793893,0.9958845741652061,0.09909439216583686,0.7000386366992914,0.2004778298841134,0.1725898304695195,0.019915407609871576,0.0005203004660037254,0.2285696171232669,0.7509946748008579,1.0,0.6036067572488892,0.6061011214626543,3.3337626852388005,0.04647783514123911,0.7454133440999693,0.20588316402882778,6.663780448693651,120.58388541164845,-1.4738321674201416e-11,-7.216449660063518e-16,-7.216449660063518e-16,-1.1102230246251565e-16,0.0,-2.9526516648337164e-11,3.1655424809207133e-11,-6.798464569079954e-12,-1.7833633875197208e-12
equilibrium_sigma_1_35,93.0,240.22103108488028,2.5751712886520304,0.5829142498894375,1.116,1.0021998346734433,0.4162746355626506,1.2886817003348847,0.6550375747458428,-0.32833747027499516,0.6207402299534173,-0.5829142498894375,-2.0409280628382183,-2.623842312727656,-4.364541270930605,1.1118242199819903,-6.259294628293041,-4.846863781561369,0.1726817003348846,-0.11380016532655679,1.4591712886520303,0.013143256627503735,0.009059527889036642,0.013158802326446818,0.001158802326446818,0.008568493388604551,0.013284822573123023,0.0012848225731230227,0.0009723494376334685,0.27623879492862674,0.03279600134143866,0.09115880232644683,0.04115880232644682,0.004167073571581412,0.9958329264284186,0.09942099536750568,0.6999044874583097,0.20050360677039772,0.17272793578734355,0.019989982356979467,0.0005271758791210681,0.22858214626884102,0.7509006954950586,1.0,0.6033879331037711,0.6059128163876224,3.3322724205892715,0.046622084539249334,0.7486431719805008,0.20680428765943817,6.6509078048770744,121.57987087200686,-1.47235557079739e-11,4.996003610813204e-16,1.1657341758564144e-15,0.0,0.0,-2.2524029516524102e-11,3.0838801998167575e-11,-2.595184483977775e-12,2.0631742841947798e-12
equilibrium_sigma_1_35,94.0,239.22103108488028,2.5883208008122733,0.5920100968240398,1.1280000000000001,1.0153651234514471,0.4248339159922602,1.3019738858934007,0.6684000322766425,-0.3273595149251648,0.6111923441377018,-0.5920100968240398,-2.0147708266187863,-2.606780923442826,-4.340038131418229,1.123771570627936,-6.232835578081004,-4.822022664939709,0.17397388589340057,-0.11263487654855298,1.4603208008122732,0.013155803928409177,0.009132248728971672,0.013171809190401902,0.001171809190401902,0.008550080767128307,0.013299584592507685,0.0012995845925076847,0.000983589852898703,0.2762782096678846,0.033054538539067535,0.09117180919040191,0.041171809190401906,0.004219502151726237,0.9957804978482737,0.099751338797106,0.6997688019533368,0.2005296653482866,0.17286772348617702,0.020065470849350304,0.000534163031067607,0.22859495145972275,0.7508054146598594,1.0,0.6031666030059389,0.6057224501878554,3.330766444298267,0.04676792614471072,0.7519165942559944,0.20773817048061932,6.637911936660972,122.57579357557515,-1.47066803179996e-11,-4.996003610813204e-16,3.885780586188048e-16,0.0,0.0,-1.1325719875832085e-11,2.0654609966808124e-11,6.998533697011311e-13,3.665361417160007e-12
equilibrium_sigma_1_35,95.0,238.22103108488028,2.601482968698885,0.6011789133306095,1.1400000000000001,1.0285435209841145,0.43337482376913566,1.3152809419002147,0.6817784510889293,-0.3263702332079944,0.60156651048621,-0.6011789133306095,-1.9884938721643735,-2.589672785494983,-4.31550313450397,1.1357181193346546,-6.206322017732406,-4.797145498302787,0.1752809419002146,-0.11145647901588562,1.4614829686988848,0.013168567815879967,0.009205467532867426,0.013185019859462362,0.0011850198594623614,0.008531748178385087,0.013314563758193287,0.0013145637581932872,0.0009950023571736466,0.2763182419983708,0.03331472966204563,0.09118501985946237,0.041185019859462366,0.004272726484693211,0.9957272735153068,0.1000854721078849,0.6996315597897613,0.20055600907025048,0.17300922119260456,0.020141886487278847,0.0005412642453543051,0.2286080258727631,0.7507088233946038,1.0,0.6029427336877171,0.6055299977463642,3.3292445747142265,0.04691537982500404,0.7552343316817464,0.20868502282711462,6.624791391018916,123.57165358248584,-1.4688361638093284e-11,3.885780586188048e-16,6.106226635438361e-16,0.0,0.0,-1.917689965158509e-12,4.98513556823621e-12,7.006513425000804e-13,1.3784338254163586e-12
equilibrium_sigma_1_35,96.0,237.22103108488028,2.614658008172156,0.6104211988858604,1.1520000000000001,1.0417352311962633,0.4418974392589239,1.3286030864043203,0.6951730503097147,-0.32536945244420656,0.5918621675539628,-0.6104211988858604,-1.962096223852572,-2.5725174227384326,-4.290935864067112,1.1476638506568089,-6.179753185767975,-4.772231795933076,0.1766030864043202,-0.11026476880373681,1.462658008172156,0.013181546909989017,0.009279187329425743,0.013198434621285692,0.0011984346212856913,0.008513496333192493,0.013329761912039828,0.0013297619120398278,0.0010065881644871766,0.27635889279177484,0.03357658310064671,0.0911984346212857,0.041198434621285696,0.004326761821095441,0.9956732381789045,0.10042344569724514,0.6994927402673167,0.20058264143380994,0.17315245679387778,0.02021924290148992,0.0005484819031316116,0.22862136358895366,0.7506109116064248,1.0,0.6027162913828457,0.605335433626015,3.3277066280358216,0.047064465715664305,0.7585971184389477,0.2096450597268185,6.611544724873572,124.56745085763316,-1.4667711489835256e-11,4.440892098500626e-16,-7.771561172376096e-16,0.0,0.0,2.8900389026365048e-12,-1.2166150031855949e-11,-2.8831034781795495e-12,-4.44211507855119e-12
equilibrium_sigma_1_35,97.0,236.22103108488028,2.6278461339287373,0.6197374560069248,1.164,1.054940458444593,0.45040184367224706,1.3419405394009654,0.708584052544003,-0.32435699864507395,0.5820787500090774,-0.6197374560069248,-1.9355768994035072,-2.555314355410432,-4.266335901308847,1.1596087487914495,-6.153128315411443,-4.747281068658084,0.17794053940096544,-0.10905954155540698,1.4638461339287374,0.013194740257316998,0.009353411171895622,0.013212054048676293,0.0012120540486762928,0.008495326207411974,0.01334518110351901,0.0013451811035190102,0.0010183486787163076,0.27640016378386756,0.033840107197655525,0.0912120540486763,0.0412120540486763,0.004381623762295841,0.9956183762377041,0.10076531072592382,0.6993523223722038,0.200609565982652,0.17329745846759495,0.02029755395927607,0.0005558184449978507,0.2286349595173628,0.7505116680783634,1.0000000000000002,0.6024872418136309,0.6051387320615172,3.3261524182580304,0.04721520422709288,0.7620057025044948,0.2106185009764834,6.598170503075373,125.56318527753251,-1.4644840895527977e-11,5.551115123125783e-17,-6.106226635438361e-16,0.0,0.0,2.8089631315397767e-12,-2.665241465027446e-11,-8.639743434568636e-12,-1.1841571126436357e-11
equilibrium_sigma_1_35,98.0,235.22103108488028,2.6410475599114087,0.6291281902765146,1.176,1.0681594077927834,0.4588881193193594,1.3552935230267638,0.7220116839641775,-0.3233326963329921,0.5722156885868237,-0.6291281902765146,-1.9089349095856971,-2.5380630998622116,-4.241702824592163,1.1715527975679059,-6.126446634070593,-4.7222928236196635,0.17929352302676382,-0.10784059220721653,1.4650475599114088,0.01320814729865212,0.009428142139331378,0.01322587898022324,0.001225878980223239,0.008477239021839212,0.013360823559738222,0.0013608235597382216,0.0010302854674959505,0.276442057515828,0.03410531025580852,0.09122587898022325,0.04122587898022324,0.00443732827024673,0.9955626717297533,0.10111111913720514,0.6992102847691997,0.20063678630773513,0.1734442547099904,0.020376833770702707,0.0005632763728580122,0.22864880932610288,0.7504110805303364,1.0,0.6022555501780725,0.6049398669514957,3.3245817571191405,0.04736761605122472,0.7654608460235236,0.21160557122254925,6.58466729655989,126.55885663651924,-1.461974985517145e-11,-2.7755575615628914e-16,2.7755575615628914e-16,2.220446049250313e-16,0.0,-4.552191956719298e-13,-3.416263973099465e-11,-1.3768725742879795e-11,-1.7590909631715057e-11
equilibrium_sigma_1_35,99.0,234.22103108488028,2.6542624996881345,0.6385939103693187,1.188,1.0813922852682225,0.46735634984563623,1.3686622617450985,0.7354561744000211,-0.3222963683717347,0.5622724100425236,-0.6385939103693187,-1.8821692579336857,-2.5207631683030045,-4.217036209297276,1.183495980437415,-6.0997073628531915,-4.697266564061694,0.18066226174509858,-0.10660771473177744,1.4662624996881346,0.013221767839767057,0.009503383337816433,0.013239910502846751,0.0012399105028467507,0.008459236223890564,0.013376691704314325,0.001376691704314325,0.001042400279427369,0.2764845772813538,0.034372200544646236,0.09123991050284676,0.041239910502846755,0.00449389167757774,0.9955061083224223,0.10146092367620475,0.6990666057937367,0.20066430604838625,0.17359287436299423,0.02045709669489112,0.0005708582518354772,0.22866290937968625,0.7503091356735873,1.0000000000000002,0.6020211811369428,0.6047388118506265,3.322994454048505,0.04752172216816605,0.7689633256852864,0.21260650004696038,6.5710336806679726,127.5544646523449,-1.459465881481492e-11,1.1102230246251565e-16,5.551115123125783e-16,0.0,0.0,-3.6231122269025917e-12,-3.020216889082494e-11,-1.4328913056083081e-11,-1.7450896630522017e-11
equilibrium_sigma_1_35,100.0,233.22103108488028,2.6674911668033614,0.648135128079608,1.2,1.094639298102189,0.4758066204496023,1.3820469825229216,0.7489177574295706,-0.32124783580532623,0.5522483371032787,-0.648135128079608,-1.8552789404759862,-2.5034140685555943,-4.1923356276914845,1.1954382804624823,-6.072909716114584,-4.672201789134683,0.18204698252292162,-0.10536070189781088,1.4674911668033614,0.013235602025001486,0.009579137901655876,0.013254149936084626,0.001254149936084626,0.008441319470920767,0.013392788122956745,0.0013927881229567445,0.001054695006330597,0.2765277270790443,0.034640786306820215,0.09125414993608463,0.04125414993608463,0.00455133069794221,0.9954486693020578,0.10181477790926402,0.6989212634439356,0.2006921288933926,0.17374334664021146,0.020538357346389712,0.0005785667122392323,0.2286772566822055,0.7502058192591656,1.0000000000000002,0.6017840988007931,0.6045355399618184,3.3213903161149387,0.04767754385281717,0.7725139331029157,0.21362152205784218,6.55726823361388,128.55000897122414,-1.456690323919929e-11,0.0,2.220446049250313e-16,0.0,0.0,-2.1734246347104857e-12,-1.0074396178394451e-11,-5.431367161579104e-12,-6.384150152971557e-12
equilibrium_sigma_1_35,101.0,232.22103108488028,2.6807337751043403,0.6577523583502981,1.212,1.1079006549553418,0.48423901808527764,1.395447914999988,0.7623966704709788,-0.32018691770453167,0.5421428884182167,-0.6577523583502981,-1.8282629454716057,-2.4860153038219037,-4.167600648811767,1.2073796803059567,-6.046052901033278,-4.647097993715266,0.18344791499998814,-0.10409934504465812,1.4687337751043403,0.013249650313369374,0.009655408994542205,0.013268598817961295,0.0012685988179612952,0.008423490615026258,0.013409115577900366,0.0014091155779003654,0.0010671717032284533,0.2765715115695797,0.03491107576390095,0.0912685988179613,0.0412685988179613,0.004609662436635456,0.9953903375633646,0.10217273624349661,0.6987742353725785,0.2007202585820898,0.17389570115196226,0.02062063060164526,0.0005864044515895605,0.22869184882571345,0.7501011161210517,0.9999999999999999,0.6015442667168571,0.604330024128413,3.3197691479755647,0.04783510268149746,0.7761134751979595,0.21465087698501917,6.5433695350876615,129.54548917238264,-1.4536927217534412e-11,-1.6653345369377348e-16,-1.6653345369377348e-16,0.0,0.0,5.237019151671518e-12,2.0293771871293664e-11,1.127200589812194e-11,1.3029889667226513e-11
equilibrium_sigma_1_35,102.0,231.22103108488028,2.693990539045741,0.667446119305508,1.224,1.1211765661313897,0.4926536316517409,1.4088652916519393,0.7758931548758878,-0.3191134310196546,0.531955478505064,-0.667446119305508,-1.8011202531504333,-2.4685663724559412,-4.142830838354864,1.2193201622197887,-6.019136117206619,-4.621954668234861,0.18486529165193932,-0.10282343386861026,1.4699905390457408,0.013263913456761464,0.009732199810709755,0.013283258892271242,0.001283258892271242,0.008405751689217044,0.01342567697348862,0.0014256769734886203,0.0010798325533745157,0.2766159360371856,0.03518307712178033,0.09128325889227125,0.041283258892271246,0.004668904401515742,0.9953310955984842,0.10253485394660672,0.6986254988789677,0.2007486989054571,0.1740499679295731,0.020703931605603562,0.0005943742367077174,0.22870668394266652,0.7499950102150222,1.0,0.6013016478557734,0.6041222368263455,3.318130751824605,0.047994420538622934,0.7797627745925783,0.215694809780879,6.529336164973883,130.540904772159,-1.4504286660610433e-11,0.0,5.551115123125783e-16,0.0,0.0,1.1819508913268884e-11,3.430945284821352e-11,2.107499591508244e-11,2.3732378909291363e-11
equilibrium_sigma_1_35,103.0,230.22103108488028,2.707261673973195,0.6772169322805616,1.236,1.1344672437768362,0.5010505521671516,1.4222993479469017,0.7894074560235036,-0.3180271904398022,0.5216855176993855,-0.6772169322805616,-1.7738498354662335,-2.451066767746795,-4.118025758586718,1.2312597080335215,-5.99215855627877,-4.596771298529444,0.18629934794690173,-0.10153275622316382,1.471261673973195,0.01327839248056377,0.009809513576043686,0.013298132097189129,0.0012981320971891287,0.00838810489472858,0.013442475383929064,0.0014424753839290642,0.0010926798893473588,0.2766610063551186,0.03545679857555465,0.09129813209718914,0.04129813209718913,0.004729074514180622,0.9952709254858194,0.102901187166773,0.6984750309007588,0.2007774537072017,0.1742061774488959,0.02078827577839424,0.0006024789058644825,0.22872176066380825,0.7498874846519331,1.0,0.601056204598262,0.6039121501563706,3.3164749273430787,0.04815551962334367,0.7834626700029903,0.21675357072469545,6.515166702188513,131.53625522768894,-1.4469869746847053e-11,-6.661338147750939e-16,-5.551115123125783e-16,0.0,0.0,1.4318731964002573e-11,3.3914603764229057e-11,2.2644582389763634e-11,2.494972804745199e-11
equilibrium_sigma_1_35,104.0,229.22103108488028,2.720547396387723,0.6870653218525368,1.248,1.1477729020694105,0.5094298729301637,1.4357503224966348,0.8029398234159496,-0.31692800825770384,0.5113324121032015,-0.6870653218525368,-1.7464506558566015,-2.4335159777091384,-4.09318496826399,1.2431982991424724,-5.965119401591845,-4.57154736570278,0.1877503224966348,-0.10022709793058948,1.472547396387723,0.01329308866629654,0.00988735354916295,0.013313220555124038,0.0013132205551240374,0.008370552589472915,0.013459514027758246,0.0014595140277582457,0.001105716176397209,0.2767067289549213,0.0357322483139675,0.09131322055512404,0.04131322055512404,0.004790191121437376,0.9952098088785626,0.10327179295273788,0.6983228080057087,0.20080652688484357,0.17436436065318855,0.020873678822133816,0.0006107213709939651,0.22873707808026494,0.7497785217266073,1.0,0.6008078987216655,0.6036997358362826,3.314801471648839,0.04831842245620056,0.7872140166381277,0.2178274155314013,6.5008597236214465,132.5315399401982,-1.4433898520849198e-11,1.1102230246251565e-16,1.1102230246251565e-16,0.0,0.0,1.1369842567443555e-11,2.3105952914881378e-11,1.6550752088284604e-11,1.789447236222319e-11
equilibrium_sigma_1_35,105.0,228.22103108488028,2.7338479241936087,0.6969918158734985,1.26,1.161093757397519,0.517791689671125,1.4492184572033917,0.8164905107753744,-0.3158156942390208,0.5008955635306978,-0.6969918158734985,-1.7189216690053983,-2.415913484878897,-4.068308022562678,1.2551359164955735,-5.938017827853167,-4.546282345997833,0.1892184572033917,-0.09890624260248093,1.4738479241936087,0.013308003535933227,0.009965723022490934,0.01332852656369033,0.0013285265636903305,0.00835309727755093,0.013476796272282598,0.0014767962722825982,0.0011189440063397171,0.2767531107990616,0.03600943452348982,0.09132852656369034,0.041328526563690335,0.004852273007098652,0.9951477269929013,0.10364672927421463,0.6981688063832948,0.20083592239080758,0.17452454897550781,0.02096015672787523,0.0006191046199782619,0.22875263570893847,0.749668102943208,0.9999999999999999,0.6005566913862762,0.6034849651930724,3.313110179246422,0.04848315188584856,0.7910176866063021,0.21891660546537134,6.486413803170826,133.52675825794444,-1.4396261960314405e-11,0.0,0.0,0.0,0.0,3.3605930538360695e-12,6.056122617281723e-12,4.606185224909076e-12,4.896874572501986e-12
equilibrium_sigma_1_35,106.0,227.22103108488028,2.747163476931434,0.7069969455048062,1.272,1.1744300285312055,0.5261361006932774,1.462703997402997,0.8300597761427221,-0.314690055495618,0.49037436945267965,-0.7069969455048062,-1.6912618206091787,-2.398258766113985,-4.043394473016396,1.267072540582875,-5.910853000820079,-4.5209757106786626,0.19070399740299693,-0.09756997146879454,1.475163476931434,0.013323138837827472,0.010044625323306994,0.013344052587686318,0.001344052587686318,0.008335741599682263,0.01349432561137398,0.0014943256113739804,0.001132366090894621,0.2768001593566252,0.03628836539203595,0.09134405258768633,0.04134405258768632,0.004915339404100087,0.9950846605959,0.10402605504258312,0.6980130018362131,0.20086564423352296,0.1746867743606958,0.02104772578269963,0.0006276317190040594,0.2287684334612065,0.7495562090370897,1.0,0.6003025431214692,0.6032678091550342,3.311400841976911,0.04864973109583105,0.7948745693286162,0.2200214074586898,6.4718275108619645,134.52190947884284,-1.4356071886822974e-11,0.0,3.3306690738754696e-16,-1.1102230246251565e-16,0.0,-7.869390902803808e-12,-1.286807292666392e-11,-1.0307775466511515e-11,-1.0790068491473015e-11
equilibrium_sigma_1_35,107.0,226.22103108488028,2.7604942759978046,0.7170812452524649,1.284,1.1877819367855598,0.5344632070048309,1.4762071920047246,0.8436478819782823,-0.3135508963622391,0.4797682229397824,-0.7170812452524649,-1.663470047146881,-2.380551292399346,-4.018443867463749,1.2790081514226996,-5.883624077000674,-4.4956269259220765,0.19220719200472458,-0.09621806321444026,1.4764942759978046,0.013338496534112301,0.010124063814780334,0.013359801251994562,0.0013598012519945614,0.008318488324468555,0.013512105692115028,0.0015121056921150282,0.0011459852666817483,0.2768478825818017,0.036569049112336716,0.09135980125199457,0.041359801251994566,0.004979410006951231,0.9950205899930488,0.10440983013189868,0.6978553697717498,0.20089569647852765,0.17485106928704022,0.021136402576958462,0.0006363058149941891,0.2287844716146505,0.7494428199933969,1.0000000000000002,0.6000454138116278,0.6030482382438134,3.3096732489677345,0.04881818361141364,0.7987855719595089,0.22114209423388342,6.457099412043749,135.51699285280318,-1.4312329099652743e-11,-3.3306690738754696e-16,2.220446049250313e-16,0.0,0.0,-1.9272873227893506e-11,-2.9088372335839274e-11,-2.4377239810080553e-11,-2.5151207505569317e-11
equilibrium_sigma_1_35,108.0,225.22103108488028,2.7738405448531664,0.7272452530034973,1.296,1.2011497061774752,0.5427731124426952,1.4897282936285148,0.8572550952641342,-0.31239801827606384,0.4690765126044234,-0.7272452530034973,-1.6355452756520779,-2.3627905286555753,-3.9934557500043955,1.2909427285484318,-5.85633020336897,-4.470235452718405,0.19372829362851474,-0.09485029382252486,1.4778405448531664,0.013354078789438811,0.010204041896986977,0.013375775335326419,0.0013757753353264186,0.00830134034041374,0.013530140292594695,0.0015301402925946943,0.0011598044952210174,0.27689628889492857,0.03685149388498672,0.09137577533532643,0.04137577533532642,0.005044504984530642,0.9949554950154693,0.10479811540023806,0.6976958851930133,0.2009260832495824,0.1750174667876899,0.021226204011674157,0.0006451301381171675,0.22880075078752404,0.7493279150626846,1.0,0.5997852626818404,0.6028262225663824,3.3079271865823134,0.04898853330648534,0.8027516198148205,0.2222789444311164,6.442228066655804,136.5120075838024,-1.4267809156365274e-11,1.1102230246251565e-16,1.1102230246251565e-16,0.0,0.0,-2.6782942183500857e-11,-3.779829400862855e-11,-3.2959586448999545e-11,-3.354009084355347e-11
equilibrium_sigma_1_35,109.0,224.22103108488028,2.7872025092189925,0.7374895100633244,1.308,1.2145335635765389,0.5510659237885963,1.5032675587400364,0.8708816876086103,-0.3112312196586706,0.45829862254150644,-0.7374895100633244,-1.6074864234871524,-2.3449759335504767,-3.9684296609633636,1.3028762509949383,-5.828970517093152,-4.444800746780817,0.19526755874003632,-0.0934664364234612,1.4792025092189924,0.013369887960945875,0.010284563007910757,0.013391977764740846,0.0013919777647408461,0.008284300648633246,0.013548433328569587,0.0015484333285695866,0.0011738268484995373,0.27694538716588135,0.03713570792118172,0.09139197776474085,0.04139197776474085,0.00511064499323682,0.9948893550067632,0.10519097271140615,0.6975345226900187,0.20095680872979324,0.17518600047189295,0.02131714730610711,0.0006541080043778942,0.22881727191574186,0.7492114727737731,1.0,0.5995220482833578,0.6026017318069329,3.3061624383695576,0.04916080441053501,0.8067736568077478,0.22343224273985562,6.427212028560455,137.5069528317154,-1.4220291610911318e-11,1.1102230246251565e-16,0.0,-1.1102230246251565e-16,0.0,-2.5464392747198694e-11,-3.394702748071854e-11,-3.0661194069803166e-11,-3.078794337529889e-11
equilibrium_sigma_1_35,110.0,223.22103108488028,2.800580397265516,0.747814561194136,1.32,1.2279337388508076,0.5593417508782217,1.5168252477840627,0.8845279353528992,-0.31005029579994825,0.4474339322678367,-0.747814561194136,-1.5792923981187643,-2.3271069593129003,-3.9433651368633145,1.3148086972845978,-5.80154414527566,-4.419322258462681,0.19682524778406263,-0.09206626114919247,1.480580397265516,0.013385926589353322,0.010365630624428822,0.013408411610873382,0.0014084116108733814,0.008267372356187595,0.013566988843471961,0.0015669888434719607,0.001188055519518727,0.2769951866996163,0.03742169944515927,0.09140841161087339,0.041408411610873386,0.005177851190506252,0.9948221488094937,0.10558846495702655,0.6973712564306139,0.20098787716274533,0.17535670454613017,0.021409250005498,0.0006632428182927379,0.22883403623215784,0.7490934709440513,0.9999999999999999,0.5992557284787922,0.6023747352186751,3.3043787850130344,0.04933502151570979,0.8108526458930456,0.22460228003502206,6.412049844933967,138.50182771392494,-1.4170886686315498e-11,0.0,-7.771561172376096e-16,-1.1102230246251565e-16,0.0,-9.628884495294088e-12,-1.2223900711094693e-11,-1.1392789489583777e-11,-1.129168460123342e-11
equilibrium_sigma_1_35,111.0,222.22103108488028,2.813974439791279,0.7582209546545149,1.332,1.241350465008415,0.5676007067042618,1.5304016253166797,0.8981941196799368,-0.3088550387434763,0.43648181665997976,-0.7582209546545149,-1.550962096893587,-2.3091830515481018,-3.9182617104037734,1.3267400454129303,-5.774050204703174,-4.393799432681799,0.1984016253166796,-0.09064953499158501,1.4819744397912789,0.01340219739103947,0.010447248263284343,0.013425080083807862,0.0014250800838078621,0.008250558669981745,0.013585811016181282,0.0015858110161812815,0.0012024938089716386,0.2770456972236602,0.037709476696366935,0.09142508008380787,0.041425080083807866,0.005246145248714046,0.994753854751286,0.1059906560790507,0.6972060601512343,0.20101929285364892,0.1755296138352175,0.021502529988995545,0.0006725380756528608,0.22885104524779754,0.7489738866875539,0.9999999999999999,0.598986260427036,0.6021452016155273,3.302576004279824,0.049511209583968416,0.8149895695201934,0.2257893535177327,6.396740055711074,139.49663130673125,-1.411804007034334e-11,-1.1102230246251565e-16,-6.661338147750939e-16,-1.1102230246251565e-16,0.0,1.8217148275989636e-11,2.183824995838357e-11,2.074483640424063e-11,2.0377097578738734e-11
equilibrium_sigma_1_35,112.0,221.22103108488028,2.827384870397608,0.7687092422426485,1.344,1.2547839783379784,0.5758429075161244,1.5439969601377568,0.9118805267261882,-0.3076452371720588,0.4254416458880288,-0.7687092422426485,-1.5224944068091875,-2.2912036490518357,-3.893118910441924,1.338670272833783,-5.746487801598489,-4.368231708845664,0.1999969601377567,-0.0892160216620217,1.483384870397608,0.013418703250665714,0.010529419482064145,0.013441986529437379,0.0014419865294373786,0.008233862891127135,0.01360490415658333,0.0016049041565833304,0.0012171451335696304,0.277096928877083,0.03799904793147266,0.09144198652943739,0.04144198652943738,0.005315549369496628,0.9946844506305034,0.10639761109282066,0.6970389071474303,0.20105106017050767,0.17570476380356898,0.021597005477804795,0.0006819973663833591,0.22886830073384729,0.7488526964219646,1.0,0.5987136005678101,0.6019130993636241,3.3007538709683977,0.04968939395438503,0.8191854300988,0.22699376686122982,6.381281193066656,140.49136264661024,-1.4064527320556408e-11,-2.220446049250313e-16,-3.3306690738754696e-16,0.0,0.0,3.3085202980065453e-11,3.8086847911622534e-11,3.720199669154933e-11,3.608632663520961e-11
equilibrium_sigma_1_35,113.0,220.22103108488028,2.8408119256537727,0.7792799793366101,1.356,1.268234518542256,0.5840684729107619,1.5576115254215135,0.9255874476951769,-0.30642067629533676,0.4143127853522075,-0.7792799793366101,-1.4938882042919035,-2.2731681836285134,-3.8679362619892457,1.3505993564441336,-5.718856031392367,-4.342618520792639,0.2016115254215134,-0.08776548145774399,1.4848119256537726,0.013435447215201055,0.010612147880133475,0.013459134426505683,0.0014591344265056823,0.008217288409811313,0.013624272695578199,0.0016242726955781987,0.0012320130193810286,0.2771488922015324,0.03829042142595582,0.09145913442650569,0.04145913442650569,0.005386086298433727,0.9946139137015663,0.10680939611040505,0.6968697702642818,0.20108318354528756,0.1758821905763507,0.021692695043493766,0.0006916243774908325,0.22888580470699899,0.7487298758720164,1.0000000000000002,0.5984377046060285,0.6016783963727957,3.2989121568569186,0.049869600350477605,0.8234412504684451,0.22821583036037413,6.365671780959608,141.48602073126125,-1.40085720801153e-11,0.0,-1.1102230246251565e-16,-1.1102230246251565e-16,0.0,3.432894246646612e-11,3.814138588298377e-11,3.820683873445585e-11,3.659965212843286e-11
equilibrium_sigma_1_35,114.0,219.22103108488028,2.854255845255232,0.7899337249346738,1.368,1.2817023288680223,0.5922775259176353,1.5712455988464107,0.9393151789734092,-0.30518113773837907,0.4030945956191372,-0.7899337249346738,-1.4651423549760287,-2.255076079910703,-3.842713286217025,1.3625272725684705,-5.691153978506231,-4.316959296741707,0.20324559884641058,-0.08629767113197784,1.4862558452552317,0.013452432488899518,0.010695437099549296,0.013476527384221525,0.0014765273842215244,0.008200838700640891,0.013643921206174525,0.001643921206174525,0.001247101106827131,0.27720159813400463,0.03858360547538732,0.09147652738422153,0.04147652738422153,0.005457779340134806,0.9945422206598652,0.10722607836435416,0.6966986218866411,0.2011156674750953,0.17606193096068798,0.021789617616495685,0.0007014228961076519,0.2289035594168017,0.7486054000705951,1.0000000000000002,0.5981585274958826,0.6014410600879393,3.2970506306512766,0.050051854887621594,0.8277580743769836,0.2294558610856261,6.34991033472531,142.48060452047758,-1.3948842081390467e-11,-1.1102230246251565e-16,-2.220446049250313e-16,2.220446049250313e-16,0.0,2.4500387829640147e-11,2.6383872517299345e-11,2.704318886881385e-11,2.5582196083728803e-11
equilibrium_sigma_1_35,115.0,218.22103108488028,2.8677168721783697,0.800671041698405,1.3800000000000001,1.295187656235357,0.6004701930808435,1.5848994627259165,0.9530640222493352,-0.30392639942983335,0.39178643235483057,-0.800671041698405,-1.436255713478456,-2.236926755176861,-3.8174495004646056,1.3744539969426928,-5.663380716136721,-4.291253459244141,0.20489946272591641,-0.08481234376464308,1.4877168721783696,0.013469662428757662,0.010779290825971963,0.013494169140278005,0.0014941691402780045,0.008184517318348346,0.013663854396828157,0.0016638543968281565,0.0012624131540128758,0.27725505800084244,0.03887860839652999,0.09149416914027801,0.04149416914027801,0.005530652373774803,0.9944693476262252,0.10764772623203128,0.6965254339291398,0.20114851652337948,0.17624402246713577,0.021887792494846854,0.0007113968126415329,0.22892156733373215,0.7484792433587794,0.9999999999999999,0.597876023424539,0.6012010574802078,3.295169057932245,0.050236184080614095,0.8321369669710366,0.23071418304219987,6.333995360699293,143.47511293689348,-1.388678061431392e-11,1.1102230246251565e-16,-4.440892098500626e-16,0.0,0.0,7.09780498264756e-12,7.434598076061505e-12,7.782467378869562e-12,7.269445462254609e-12
equilibrium_sigma_1_35,116.0,217.22103108488028,2.8811952528310574,0.8114924959966847,1.3920000000000001,1.308690751365201,0.6086466045371739,1.5985734041397945,0.9668342846351428,-0.3026562354899476,0.3803876462563509,-0.8114924959966847,-1.4072271231718054,-2.21871961916849,-3.792144418254261,1.3863795046975498,-5.635535306046606,-4.26550042514105,0.20657340413979441,-0.08330924863479905,1.4891952528310572,0.013487140540640832,0.010863712789562085,0.013512063559305627,0.0015120635593056271,0.008168327893850098,0.013684077091458136,0.0016840770914581353,0.0012779530211837198,0.27730928351304734,0.03917543852819103,0.09151206355930563,0.04151206355930563,0.0056047298690716715,0.9943952701309283,0.10807440926045658,0.6963501778259827,0.20118173532114778,0.17642850333137527,0.021987239353148655,0.0007215501240314157,0.22893983113859143,0.7483513793842285,0.9999999999999999,0.597590145795494,0.600958355038044,3.293267201102106,0.05042261485135725,0.8365790152967424,0.23199112733399033,6.317925355876813,144.46954486659834,-1.3822054611978274e-11,8.881784197001252e-16,-3.3306690738754696e-16,0.0,0.0,-1.3537010054576193e-11,-1.3832364073596004e-11,-1.4763506389625647e-11,-1.3614864444178032e-11
equilibrium_sigma_1_35,117.0,216.22103108488028,2.8946912371996354,0.8223986579506193,1.4040000000000001,1.3222118689055613,0.6168068940903733,1.6122677150661655,0.9806262787914715,-0.3013704161182138,0.36889758298217235,-0.8223986579506193,-1.378055415955779,-2.200454073906398,-3.7667975493126535,1.3983037703415948,-5.607616798361529,-4.239699605526666,0.20826771506616537,-0.08178813109443883,1.4906912371996353,0.013504870476024583,0.010948706765862098,0.013530214631728231,0.0015302146317282307,0.008152274130625227,0.013704594257202274,0.0017045942572022736,0.0012937246884892062,0.27736428676281283,0.0394741042318287,0.09153021463172824,0.041530214631728235,0.0056800369027187655,0.9943199630972812,0.10850619819168168,0.6961728245205278,0.20121532856820024,0.17661541253617866,0.022087978251762144,0.0007318869371137005,0.22895835371311005,0.7482217810980141,0.9999999999999999,0.5973008472115732,0.600712918758059,3.2913448193307113,0.05061117453666457,0.8410853288110436,0.23328703233234102,6.301698807606016,145.46389915962834,-1.375610736431554e-11,0.0,-3.3306690738754696e-16,0.0,0.0,-3.229438418073105e-11,-3.227446435105641e-11,-3.507274158598417e-11,-3.192694372766702e-11
equilibrium_sigma_1_35,118.0,215.22103108488028,2.9082050789929337,0.8333901014793241,1.416,1.3357512675567635,0.6249511992819522,1.6259826925146386,0.9944403230551798,-0.3000687074803694,0.3573155830812249,-0.8333901014793241,-1.348739412026359,-2.182129513505683,-3.7414083995988165,1.4102267677436453,-5.579624231372002,-4.213850405717195,0.20998269251463864,-0.08024873244323638,1.4922050789929338,0.013522856029307473,0.011034276576661898,0.01354862647299327,0.0015486264729932704,0.008136359801384815,0.01372541099553537,0.0017254109955353696,0.0013097322437705117,0.27742008022119174,0.03977461389191468,0.09154862647299328,0.041548626472993275,0.005756599175285441,0.9942434008247145,0.1089431649887166,0.6959933444546346,0.20124930103438127,0.17680478983368578,0.022190029646243975,0.0007424114721030653,0.22897713813167245,0.7480904207499804,0.9999999999999999,0.5970080794575598,0.6004647141357415,3.2894016685009344,0.05080189089619615,0.8456570399038,0.23460224384972778,6.285314193312333,146.4581746303448,-1.3686163313764155e-11,1.1102230246251565e-16,2.220446049250313e-16,0.0,0.0,-4.3353863901640644e-11,-4.246641233107695e-11,-4.69303450267855e-11,-4.2161342125868195e-11
equilibrium_sigma_1_35,119.0,214.22103108488028,2.9217370357838495,0.8444674043465608,1.428,1.3493092101961026,0.6330796614587947,1.639718638660749,1.0082767415702667,-0.29875087159452973,0.3456409819206312,-0.8444674043465608,-1.3192779196425886,-2.1637453239891493,-3.715976471338619,1.4221484701147304,-5.551556631340124,-4.187952225225054,0.21171863866074903,-0.07869078980389732,1.4937370357838495,0.013541101135649602,0.011120426090848016,0.013567303323151016,0.0015673033231510154,0.00812058874500738,0.013746532538938538,0.0017465325389385382,0.0013259798981035686,0.27747667673682125,0.040076975916053026,0.09156730332315102,0.04156730332315102,0.005834443028599806,0.9941655569714002,0.10938538286202758,0.6958117075577819,0.20128365756084865,0.17699667576803768,0.022293414397032245,0.0007531280661922918,0.22899618765405835,0.7479572698827172,1.0,0.5967117934824414,0.6002137061559935,3.2874375011534704,0.05099479212052622,0.8502953044310327,0.23593711531844666,6.268769980251943,147.45237005770758,-1.3613332683348744e-11,-1.1102230246251565e-16,8.881784197001252e-16,-1.1102230246251565e-16,0.0,-4.022192648389655e-11,-3.868669100348665e-11,-4.343298290465647e-11,-3.849912749709361e-11
equilibrium_sigma_1_35,120.0,213.22103108488028,2.935287369149004,0.8556311482082148,1.44,1.3628859640022342,0.6411924258378267,1.6534758609819638,1.0221358644220784,-0.2974166662162163,0.3338731096121432,-0.8556311482082148,-1.289669734890624,-2.145300883098839,-3.6905012630656935,1.4340688499895131,-5.5234130123105745,-4.162004457738415,0.2134758609819638,-0.07711403599776578,1.495287369149004,0.013559609869299744,0.011207159225235394,0.013586249546759403,0.001586249546759403,0.008104964863716323,0.013767964250899212,0.0017679642508992115,0.0013424719591537126,0.2775340895356346,0.040381198734854615,0.09158624954675941,0.04158624954675941,0.005913595463627558,0.9940864045363724,0.10983292629662703,0.6956278832359409,0.20131840306136156,0.17719111169840251,0.022398153779391066,0.0007640411772756093,0.2290155057191231,0.7478222993242102,0.9999999999999999,0.5964119393812598,0.5999598592834772,3.2854520664310183,0.05118990683934903,0.8550013022595753,0.23729200797439315,6.252064625292694,148.44648418545088,-1.3538947740698859e-11,1.1102230246251565e-16,-4.440892098500626e-16,0.0,0.0,-1.5756491597573863e-11,-1.490457930686251e-11,-1.6984256015484256e-11,-1.4850341442662618e-11
equilibrium_sigma_1_35,121.0,212.22103108488028,2.9488563448071985,0.8668819186608672,1.452,1.3764818005799204,0.6492896415682345,1.6672546723956039,1.0360180277749678,-0.29606584472195574,0.32201129093697656,-0.8668819186608672,-1.2599136414442462,-2.1267955601051134,-3.664982269668264,1.4459878792071645,-5.495192375924623,-4.136006491105285,0.21525467239560392,-0.07551819942007953,1.4968563448071985,0.01357838644232831,0.011294479945383181,0.01360546963308163,0.0016054696330816305,0.008089492120471678,0.013789711652556491,0.0017897116525564909,0.0013592128755846034,0.2775923322214595,0.040687290801579463,0.09160546963308164,0.041605469633081635,0.005994084158864705,0.9940059158411353,0.11028587107978956,0.6954418403601901,0.20135354252358956,0.17738813982245744,0.022504269493626747,0.0007751553878008677,0.22903509593920018,0.7476854791793722,0.9999999999999999,0.5961084663765409,0.599703137452768,3.283445110021689,0.05138726412983226,0.8597762378237815,0.23866729104609577,6.235196574719084,149.44051572217245,-1.3461010084370173e-11,0.0,-3.3306690738754696e-16,0.0,0.0,2.6335529243470823e-11,2.3761723491610987e-11,2.7548368100593912e-11,2.3930919745840384e-11
equilibrium_sigma_1_35,122.0,211.22103108488028,2.9624442327601423,0.8782203052941197,1.464,1.3900969960886291,0.6573714617941349,1.6810553914003084,1.0499235740141215,-0.29469815598997906,0.31005484526617755,-0.8782203052941197,-1.2300084103160205,-2.10822871561014,-3.6394189824361267,1.4579055288916432,-5.466893711228533,-4.109957707315903,0.21705539140030838,-0.07390300391137083,1.4984442327601424,0.013597435203243996,0.011382392266414371,0.01362496819640694,0.0016249681964069403,0.008074174536457725,0.013811780392725126,0.0018117803927251257,0.001376207208192426,0.27765141877699073,0.040995260591687066,0.09162496819640695,0.041624968196406945,0.006075937489294214,0.9939240625107058,0.1107442943295569,0.6952535472550079,0.20138908101045258,0.17758780320053844,0.022611783675618037,0.0007864754087608307,0.22905496209376613,0.7475467788218549,1.0,0.5958013227991968,0.5994435040582181,3.2814163741010183,0.05158689352518508,0.8646213406980118,0.24006334194966683,6.218164264044723,150.43446334138883,-1.3380518915084849e-11,0.0,-3.3306690738754696e-16,0.0,0.0,4.813002427161983e-11,4.277521219175906e-11,5.029570857018051e-11,4.30954404107009e-11
equilibrium_sigma_1_35,123.0,210.22103108488028,2.9760513074285835,0.8896469017396021,1.476,1.4037318313672198,0.6654380437109059,1.6948783422178633,1.063852851890195,-0.29331334428089284,0.29800308648407503,-0.8896469017396021,-1.1999527996131085,-2.089599701352711,-3.61381088912324,1.46982176943145,-5.4385159944974735,-4.083857482499806,0.2188783422178633,-0.07226816863278018,1.5000513074285835,0.013616760636705805,0.011470900253783159,0.013644749976834313,0.0016447499768343123,0.008059016188862348,0.013834176258997744,0.0018341762589977433,0.0013934596243547759,0.2777113635661646,0.041305116601936316,0.09164474997683432,0.04164474997683432,0.006159184545830206,0.9938408154541698,0.11120827452368953,0.6950629716863809,0.20142502366146592,0.1777901457800628,0.022720718907585296,0.0007980060838148956,0.2290751081258839,0.747406166882716,1.0,0.595490456069128,0.59918092194372,3.2793655972741704,0.051788825023286675,0.8695378661760762,0.2414805464881713,6.200966117868827,151.4283256814516,-1.3297696277447812e-11,3.3306690738754696e-16,0.0,-1.1102230246251565e-16,0.0,4.9470269894436036e-11,4.335417615186632e-11,5.1667968514745866e-11,4.3655197512482147e-11
equilibrium_sigma_1_35,124.0,209.22103108488028,2.9896778477861967,0.9011623057193975,1.488,1.4173865920577515,0.6734895486179193,1.708723854936597,1.0778062166673914,-0.29191114911725413,0.2858553229118901,-0.9011623057193975,-1.1697455542923867,-2.070907860011784,-3.5881574740196434,1.4817365704588095,-5.410058189066598,-4.057705186930937,0.22072385493659707,-0.07061340794224846,1.5016778477861967,0.013636367363862284,0.011560008024009992,0.013664819841413677,0.0016648198414136763,0.008044021208906585,0.013856905197728864,0.0018569051977288635,0.0014109749291169038,0.2777721813376172,0.041616867349144014,0.09166481984141368,0.04166481984141368,0.00624385515529936,0.9937561448447007,0.11167789152921227,0.694870080849668,0.20146137569409983,0.17799521242037664,0.022831098229137658,0.0008097523935513686,0.22909553813999714,0.7472636112373139,1.0,0.5951758126754277,0.5989153533922942,3.2772925145177467,0.051993089095434555,0.8745270958614787,0.24291929905629442,6.183600549764812,152.42210134535807,-1.3211320926131975e-11,-2.220446049250313e-16,1.1102230246251565e-16,-1.1102230246251565e-16,0.0,3.515520513586168e-11,3.040793832009836e-11,3.6711597303784593e-11,3.057764111358274e-11
equilibrium_sigma_1_35,125.0,208.22103108488028,3.003324137495956,0.9127671190973949,1.5,1.4310615687328778,0.6815261419715085,1.72259226565853,1.0917840302759172,-0.2904913051600537,0.27361085722771317,-0.9127671190973949,-1.1393854059071227,-2.0521525250045176,-3.5624582180252995,1.4936499008282145,-5.381519245157855,-4.031500185032625,0.22259226565852996,-0.06893843126712218,1.503324137495956,0.013656260142665383,0.011649719745410826,0.01368518278541269,0.00168518278541269,0.008029193779957443,0.013879973290720216,0.0018799732907202153,0.0014287580396565858,0.2778338872285233,0.04193052136879446,0.0916851827854127,0.041685182785412694,0.006329979901020676,0.9936700200989793,0.11215322663276842,0.6946748413571333,0.20149814240516875,0.17820304891833535,0.022942945148653887,0.0008217194599029971,0.229116256399303,0.7471190789921401,1.0,0.5948573381560451,0.5986467601153866,3.2751968571203087,0.05219971669530095,0.8795903382732547,0.24438000285111014,6.166065962177387,153.4157889005284,-1.31232802402792e-11,-1.1102230246251565e-16,-4.440892098500626e-16,-1.1102230246251565e-16,0.0,1.0694984828307774e-11,9.137563969363605e-12,1.1170755292999601e-11,9.169340633996548e-12
equilibrium_sigma_1_35,126.0,207.22103108488028,3.0169904650470376,0.9244619479314046,1.512,1.4447570570246668,0.6895479934361678,1.7364839166494068,1.1057866614684841,-0.28905354208290013,0.26126898638516116,-0.9244619479314046,-1.1088710723493926,-2.0333330202807973,-3.5367125987305985,1.5055617285943426,-5.352898099708846,-4.0052418353874035,0.2244839166494068,-0.06724294297533318,1.5049904650470376,0.013676443868499366,0.01174003963880262,0.013705843933809268,0.001705843933809268,0.008014538135781,0.013903386787417205,0.0019033867874172043,0.001446814018590814,0.277896496769119,0.04224608721338592,0.09170584393380928,0.04170584393380927,0.006417590143972279,0.9935824098560277,0.11263436257169189,0.6944772192251828,0.2015353291722432,0.17841370203451257,0.02305628365498101,0.0008339125507173057,0.22913726732367848,0.7469725364706231,0.9999999999999999,0.5945349770769663,0.5983751032419302,3.2730783526221208,0.05240873926805255,0.8847289294649211,0.24586307008859457,6.148360746339417,154.40938687851875,-1.3032130929957475e-11,1.1102230246251565e-16,0.0,0.0,0.0,-1.7705099539244706e-11,-1.495165970200052e-11,-1.850217895560391e-11,-1.4962371619464676e-11
equilibrium_sigma_1_35,127.0,206.22103108488028,3.0306771238924735,0.9362474025259635,1.524,1.4584733577550142,0.6975552769340716,1.7503991564917833,1.1198144859809958,-0.28759758444375616,0.2488290015307626,-0.9362474025259635,-1.0782012575881252,-2.0144486601140885,-3.5109200905037135,1.517472020989327,-5.324193676203673,-3.9789294907517956,0.22639915649178333,-0.06552664224498583,1.5066771238924734,0.01369692357511762,0.011830971978182994,0.013726808543005307,0.0017268085430053072,0.008000058558929424,0.013927152072712445,0.0019271520727124451,0.0014651480384486604,0.27796002588789487,0.04256357345050252,0.09172680854300531,0.04172680854300531,0.006506718044560901,0.9934932819554391,0.11312138356581639,0.6942771798612998,0.20157294145508284,0.17862721952006463,0.02317113822946091,0.0008463370844875395,0.22915857548814403,0.7468239491979076,1.0,0.594208673010903,0.5981003433071577,3.2709367247540837,0.05262018875963607,0.8899442336567404,0.24736892222601028,6.130483282208483,155.40289377467192,-1.2938095039771724e-11,0.0,1.1102230246251565e-16,0.0,0.0,-4.315174086111373e-11,-3.603849163535955e-11,-4.512888153451744e-11,-3.594332644019094e-11
equilibrium_sigma_1_35,128.0,205.22103108488028,3.0443844125878803,0.9481240974858056,1.536,1.4722107770678696,0.7055481706930431,1.7643383402413564,1.1338678866975462,-0.2861231515540581,0.23629018792009093,-0.9481240974858056,-1.0473746514025875,-1.995498748888393,-3.4850801645849434,1.5293807443993659,-5.2954048845055075,-3.9525624980760705,0.22833834024135635,-0.06378922293213041,1.5083844125878803,0.013717704435867603,0.011922521091382634,0.013748082002750593,0.001748082002750593,0.007985759379250591,0.013951275701362675,0.0019512757013626751,0.0014837654127575206,0.27802449091742604,0.04288298866060563,0.0917480820027506,0.0417480820027506,0.0065973965850102305,0.9934026034149898,0.11361437535004287,0.6940746880506675,0.20161098479709283,0.17884365014429482,0.023287533858295618,0.0008589986352503642,0.22918018562181963,0.7466732818846344,1.0,0.5938783685154712,0.5978224402411607,3.268771693375864,0.052834097626233104,0.8952376438815529,0.2488979901902847,6.112431938422324,156.39630804770985,-1.2841061547419486e-11,0.0,-3.3306690738754696e-16,-1.1102230246251565e-16,0.0,-5.80587418419487e-11,-4.7975082240192535e-11,-6.07798880669641e-11,-4.7662075675081184e-11
equilibrium_sigma_1_35,129.0,204.22103108488028,3.0581126349315273,0.9600926517699679,1.548,1.4859696265634714,0.7135268572930845,1.778301829586726,1.1479472538198834,-0.28462995734505747,0.22365182483265245,-0.9600926517699679,-1.0163899291111147,-1.9764825808810826,-3.4591922891881595,1.541287864340646,-5.266530620690721,-3.9261401985289894,0.23030182958672585,-0.06203037343652862,1.5101126349315273,0.01373879176519334,0.012014691360688718,0.01376966983827025,0.0017696698382702498,0.007971644972512484,0.013975764394658086,0.0019757643946580854,0.0015026715949328917,0.27808990860081895,0.043204341434536095,0.09176966983827026,0.041769669838270254,0.006689659592384976,0.993310340407615,0.11411342520768852,0.6938697079424716,0.20164946482680235,0.17906304372294898,0.02340549604526302,0.0008719029376566901,0.22920210260734947,0.7465204984097308,1.0,0.5935440051108486,0.5975413533571812,3.2665829744131853,0.05305049884388829,0.9006105826444238,0.25045071461251817,6.094205072272956,157.38962811926967,-1.2741807609017997e-11,-1.1102230246251565e-16,0.0,0.0,0.0,-5.4136384611269683e-11,-4.427735955658818e-11,-5.6742130091769205e-11,-4.379558000977557e-11
equilibrium_sigma_1_35,130.0,203.22103108488028,3.071862100106013,0.9721536887465058,1.56,1.4997502234347995,0.7214915237115861,1.7922899930127834,1.1620529850414911,-0.2831177102312099,0.21091318548555393,-0.9721536887465058,-0.9852457512949171,-1.957399440041423,-3.433255929609491,1.5531933454345668,-5.237569766884359,-3.899661927527595,0.2322899930127833,-0.060249776565200586,1.511862100106013,0.013760191020401158,0.012107487223437454,0.01379157771258959,0.0017915777125895906,0.007957719759136582,0.014000625025989422,0.0020006250259894214,0.0015218721682863645,0.27815629609875636,0.043527640370717414,0.0917915777125896,0.041791577712589595,0.0067835417622675205,0.9932164582377325,0.11461862200463796,0.6936622030358728,0.20168838725936653,0.17928545114727942,0.023525050824793767,0.0008850558922222576,0.22922433148075785,0.7463655618022262,1.0,0.5932055232568926,0.5972570413396283,3.2643702797943117,0.053269425918313656,0.906064502596346,0.2520275460687616,6.075801029699096,158.38285237338633,-1.263911197924017e-11,1.1102230246251565e-16,-5.551115123125783e-16,0.0,0.0,-2.237208682198677e-11,-1.8116596764428117e-11,-2.348152748632426e-11,-1.7833031926151044e-11
equilibrium_sigma_1_35,131.0,202.22103108488028,3.0856331228221077,0.9843078362480482,1.572,1.5135528906067757,0.7294423613675567,1.8063032059680455,1.1761854857264924,-0.2815861129703354,0.19807353694566587,-0.9843078362480482,-0.9539407635162147,-1.938248599764263,-3.407270548342902,1.5650971513822396,-5.20852119109602,-3.8731270147715082,0.23430320596804544,-0.058447109393224395,1.5136331228221076,0.013781907803624024,0.012200913172575949,0.01381381142903524,0.0018138114290352399,0.007943988203021946,0.014025864644162667,0.0020258646441626664,0.001541372857127854,0.2782236709970765,0.04385289407206532,0.09181381142903525,0.041813811429035244,0.006879078683107956,0.993120921316892,0.1151300562243358,0.693452136165634,0.2017277578980926,0.17951092441393784,0.02364622477542575,0.0008984635707654426,0.2292468774315548,0.746208434222254,1.0,0.592862862329695,0.5969694622318003,3.262133317385593,0.05349091289487923,0.911600887222577,0.2536289453272573,6.057218145295043,159.37597915592846,-1.2532419546573692e-11,-4.440892098500626e-16,-4.440892098500626e-16,0.0,0.0,3.3445997707493014e-11,2.5892598828902713e-11,3.413649224404125e-11,2.5818045618075658e-11
equilibrium_sigma_1_35,132.0,201.22103108488028,3.099426023468942,0.9965557266312084,1.584,1.527377956882488,0.7373795661679643,1.8203418510379086,1.1903451690942655,-0.280034862518753,0.1851321400370327,-0.9965557266312084,-0.9224735960239647,-1.9190293226551731,-3.381235605196777,1.5769992449381978,-5.17938374704673,-3.8465347842751854,0.2363418510379085,-0.05662204311751218,1.515426023468942,0.013803947863347057,0.01229497375721485,0.013836376933710835,0.001836376933710835,0.00793045481030778,0.014051490481170603,0.002051490481170603,0.0015611795456393907,0.27829205131427526,0.04418011114277258,0.09183637693371084,0.04183637693371084,0.006976306861307414,0.9930236931386925,0.11564782000381864,0.6932394694873203,0.20176758263600472,0.1797395166559671,0.023769045033689505,0.0009121322220463081,0.229269745801303,0.7460490769429612,1.0,0.5925159605974414,0.596678573423209,3.259871790925342,0.05371499436886897,0.9172212515497483,0.25525538360282635,6.038454742316553,160.36900677404998,-1.2422729511740727e-11,0.0,0.0,0.0,0.0,6.281948398967341e-11,4.8157717397190325e-11,6.421160998748565e-11,4.778369540325844e-11
equilibrium_sigma_1_35,133.0,200.22103108488028,3.113241128261715,1.0088979968321752,1.596,1.5412257570868015,0.7453033385488844,1.8344063181198509,1.2045324564081865,-0.2784636498850175,0.17208824925175525,-1.0088979968321752,-0.8908428634630905,-1.8997408602952657,-3.3551505574271667,1.5888995878834047,-5.15015627400965,-3.819884554415021,0.2384063181198508,-0.054774242913198545,1.5172411282617149,0.013826317097005783,0.01238967358311054,0.013859280318393598,0.0018592803183935976,0.0079171241283875,0.014077509919996345,0.0020775099199963447,0.0015812982401275377,0.27836145551028363,0.04450930018453227,0.0918592803183936,0.0418592803183936,0.007075263746947559,0.9929247362530524,0.11617200717038483,0.6930241644622382,0.20180786745741366,0.17997128217438266,0.023893539308336764,0.0009260682775977016,0.22929294208496415,0.7458874503291014,1.0000000000000002,0.5921647551958421,0.596384331636719,3.2575853999578923,0.05394170549582106,0.9229271428621212,0.2569073428170475,6.019509132729357,161.36193349552045,-1.2312151298488061e-11,3.3306690738754696e-16,-1.1102230246251565e-16,-1.1102230246251565e-16,0.0,6.501084913457245e-11,4.935904983349726e-11,6.65586162573728e-11,4.8719394837859475e-11
equilibrium_sigma_1_35,134.0,199.22103108488028,3.127078769388915,1.0213352884208735,1.608,1.555096632210184,0.7532138835136863,1.84849700460166,1.2187477771691315,-0.2768721599813071,0.15894111266178768,-1.0213352884208735,-0.8590471645825228,-1.8803824530033963,-3.3290148598825984,1.600798140997507,-5.120837596657659,-3.793175637985796,0.2404970046016599,-0.05290336778981608,1.5190787693889147,0.013849021554221505,0.012485017313093377,0.013882527823768483,0.0018825278237684824,0.007904000745142654,0.014103930556785826,0.002103930556785826,0.0016017351245345424,0.27843190249626815,0.04484046979228867,0.09188252782376849,0.04188252782376849,0.007175987760216122,0.9928240122397839,0.11670271327904186,0.6928061818420527,0.20184861843950266,0.180206276470491,0.024019735894952304,0.0009402783577607006,0.2293164719336617,0.7457235138136253,1.0,0.5918091821030419,0.5960866929154308,3.25527383976731,0.054171082002005724,0.9287201414303743,0.25858531586506234,6.000379617290635,162.35475754796005,-1.2198020371556595e-11,-2.220446049250313e-16,2.220446049250313e-16,-1.1102230246251565e-16,0.0,4.6620230245708605e-11,3.5060213413040664e-11,4.78126618158603e-11,3.441457709085771e-11
equilibrium_sigma_1_35,135.0,198.22103108488028,3.1409392851656546,1.0338682476581407,1.62,1.5689909295590008,0.7611114106729877,1.862614315545727,1.2329915693150166,-0.27526007146968445,0.14568997182682586,-1.0338682476581407,-0.8270850819318938,-1.8609533295900345,-3.3028279651517023,1.6126948640302474,-5.091426524903519,-3.766407342256704,0.242614315545727,-0.05100907044099934,1.5209392851656545,0.013872067439752347,0.012581009667475006,0.013906125842674373,0.0019061258426743728,0.00789108928814156,0.014130760153108213,0.0021307601531082125,0.0016224965238009759,0.2785034116444678,0.04517362854978483,0.09190612584267438,0.04190612584267438,0.007278518318609032,0.992721481681391,0.11724003565102174,0.6925854816529692,0.20188984175394725,0.180444556279371,0.024147663691025605,0.0009547692779427506,0.2293403411563598,0.7455572258746718,1.0,0.5914491761138154,0.5957856126091549,3.25293680130959,0.05440316019515896,0.9346018612588866,0.26028980688986947,5.981064485631914,163.34747711808063,-1.2081224909366028e-11,0.0,-2.220446049250313e-16,0.0,0.0,1.4978856696656884e-11,1.1158546309175676e-11,1.5389996568804243e-11,1.0889554882820285e-11
equilibrium_sigma_1_35,136.0,197.22103108488028,3.154823020190146,1.046497525553354,1.6320000000000001,1.582909002909214,0.768996134283916,1.8767586638781406,1.2472642794259587,-0.27362705660440767,0.1323340617010369,-1.046497525553354,-0.7949551815521496,-1.8414527071055036,-3.2765893237190302,1.6245897156720521,-5.061921853740293,-3.7395789690326335,0.2447586638781405,-0.049090997090786015,1.5228230201901458,0.01389546111664719,0.012677655424412768,0.01393008092351939,0.0019300809235193901,0.007878394423915545,0.014158006670372814,0.0021580066703728133,0.001643588922739525,0.2785760027985436,0.0455087850247489,0.0919300809235194,0.041930080923519394,0.00738289586489322,0.9926171041351067,0.11778407341324729,0.6923620231795218,0.20193154366856084,0.1806861796043689,0.02427735221146285,0.0009695480551013405,0.22936455572181552,0.7453885440116202,0.9999999999999999,0.5910846708131243,0.5954810453605389,3.250573971143973,0.054637976975412825,0.9405739508484695,0.2620213315638005,5.961562016359694,164.34009035088437,-1.1960654688891736e-11,0.0,0.0,0.0,0.0,-2.182722926014069e-11,-1.6107233602458138e-11,-2.2469260826940562e-11,-1.5624576285566683e-11
equilibrium_sigma_1_35,137.0,196.22103108488028,3.1687303255033883,1.0592237779223974,1.6440000000000001,1.5968512126635686,0.7768682732886808,1.890930470582731,1.2615663629352432,-0.2719727810701631,0.11887261053872678,-1.0592237779223974,-0.7626560126600839,-1.8218797905824813,-3.2502983841293966,1.6364826535237693,-5.032322363082171,-3.712689814720991,0.24693047058273088,-0.047148787336431575,1.5247303255033882,0.013919209109614444,0.012774959420227888,0.013954399773873492,0.001954399773873492,0.007865920857319571,0.014185678267608637,0.0021856782676086366,0.0016650189782474456,0.2786496962844651,0.04584594776369796,0.0919543997738735,0.041954399773873496,0.00748916189584778,0.9925108381041522,0.11833492753876965,0.6921357649479646,0.2019737305489642,0.18093120575263288,0.024408831604552064,0.0009846219144617264,0.22938912176082635,0.7452174247201598,1.0,0.5907155985490243,0.5951729450908381,3.248185031363391,0.05487556984642358,0.9466380939746359,0.26378041737733726,5.941870477174915,165.33259534881856,-1.1837864022368194e-11,1.1102230246251565e-16,-5.551115123125783e-16,0.0,0.0,-5.49269570798705e-11,-4.0150745575506797e-11,-5.66551458525133e-11,-3.870630552182952e-11
equilibrium_sigma_1_35,138.0,195.22103108488028,3.18266155875232,1.0720476654459208,1.6560000000000001,1.6108179260124422,0.7847280513525435,1.9051301649002643,1.2758982843462667,-0.270296903816059,0.10530483979899152,-1.0720476654459208,-0.7301861073266296,-1.8022337727725504,-3.2239545931609883,1.6483736340655408,-5.002626817605552,-3.68573917040412,0.24913016490026418,-0.045182073987557914,1.5266615587523198,0.01394331810860032,0.012872926549675145,0.013979089264234613,0.001979089264234613,0.007853673330973036,0.01421378330923595,0.0022137833092359498,0.0016867935137554468,0.2787245129219231,0.04618512528634731,0.09197908926423462,0.04197908926423462,0.007597358991802297,0.9924026410081978,0.11889270088820528,0.691906664709252,0.20201640886027905,0.18117969537174153,0.024542132668396964,0.0009999982964777718,0.22941404556875938,0.7450438234663659,1.0,0.5903418904049024,0.5948612649853136,3.2457696595240764,0.05511597692670057,0.9527960104815867,0.2655676039354318,5.92198812501121,166.32499017088773,-1.1711742686770776e-11,1.1102230246251565e-16,5.551115123125783e-16,0.0,0.0,-7.462597380325509e-11,-5.403353285637902e-11,-7.713270300246933e-11,-5.175874312479678e-11
equilibrium_sigma_1_35,139.0,194.22103108488028,3.196617084356612,1.0849698537278454,1.668,1.6248095170985333,0.7925756969012626,1.9193581845329866,1.2902605174556785,-0.2685990768852118,0.09162996404935808,-1.0849698537278454,-0.6975439801487433,-1.7825138338765887,-3.1975573960074115,1.6602626126247777,-4.972833966590281,-3.658726321917417,0.25135818453298664,-0.043190482901466654,1.5286170843566123,0.01396779497257633,0.01297156176616148,0.014004156431971192,0.0020041564319711914,0.007841656624782662,0.014242330346192489,0.0022423303461924886,0.0017089195158970227,0.27880047403627634,0.046526326079609444,0.0920041564319712,0.042004156431971196,0.007707530846991692,0.9922924691530083,0.11945749825219693,0.6916746794215975,0.20205958516884687,0.18143171048745904,0.024677286867834578,0.0010156848640452897,0.2294393336083536,0.7448676946597665,0.9999999999999999,0.589963476171028,0.5945459574782458,3.24332752857426,0.055359236961137356,0.9590494570920777,0.26738344326150476,5.901913206192838,167.317272831723,-1.1583622949729033e-11,-5.551115123125783e-16,1.1102230246251565e-16,0.0,0.0,-7.036646265667912e-11,-5.0462425904562735e-11,-7.288479368650069e-11,-4.8025000642937243e-11
equilibrium_sigma_1_35,140.0,193.22103108488028,3.210597273679322,1.0979910133540598,1.68,1.638826367185557,0.8004114431580923,1.933614975854725,1.3046535455829087,-0.26687894523975286,0.07784719086849234,-1.0979910133540598,-0.6647281279147585,-1.7627191412688183,-3.1711062364690052,1.6721495433432247,-4.942942543760958,-3.6316505499332674,0.25361497585472503,-0.04117363281444297,1.5305972736793219,0.01399264673353541,0.0130708700819105,0.014029608485441387,0.002029608485441387,0.007829875555548281,0.014271328167003716,0.002271328167003716,0.0017314041533822433,0.2788776014710345,0.04686955859116602,0.0920296084854414,0.04202960848544139,0.007819722300746098,0.9921802776992539,0.12002942639492695,0.6914397652326022,0.20210326614397117,0.18168731454267337,0.024814326351852063,0.0010316895099776698,0.22946499251278873,0.7446889916253815,1.0,0.5895802843153989,0.5942269742375493,3.2408583067820746,0.055605389332748986,0.9654002282333028,0.2692285001092928,5.881643956612269,168.3094413006092,-1.1451728454403565e-11,1.1102230246251565e-16,-1.1102230246251565e-16,-1.1102230246251565e-16,0.0,-3.067999153338885e-11,-2.178891962689722e-11,-3.184731818539621e-11,-2.06004466957177e-11
equilibrium_sigma_1_35,141.0,192.22103108488028,3.2246025052019243,1.1111118199515104,1.692,1.6528688648315055,0.8082355281806435,1.9479009941269014,1.3190778618063679,-0.2651361465809581,0.06395572074769484,-1.1111118199515104,-0.6317370292624545,-1.7428488492139649,-3.1446005571530975,1.6840343791430792,-4.912951267127462,-3.6045111300503576,0.2559009941269015,-0.039131135168494424,1.5326025052019243,0.014017880600635052,0.013170856568072231,0.014055452808274506,0.0020554528082745056,0.007818334976638721,0.014300785768917024,0.0023007857689170234,0.0017542547847693157,0.2789559176008318,0.047214831222612344,0.09205545280827451,0.04205545280827451,0.007933979369539396,0.9920660206304606,0.12060859409872693,0.6912018774609303,0.20214745855968635,0.18194657243757634,0.02495328397152405,0.001048020364754573,0.22949102908883465,0.7445076665748869,1.0000000000000002,0.5891922419538529,0.5939042661489602,3.238361657662473,0.05585447407462299,0.97185015687926,0.2711033522827663,5.861178601926912,169.30149350047486,-1.1318723736053471e-11,2.220446049250313e-16,-4.440892098500626e-16,0.0,0.0,4.123793494181793e-11,2.8008720343031257e-11,4.165533716571357e-11,2.6920399937013784e-11
equilibrium_sigma_1_35,142.0,191.22103108488028,3.238633164708969,1.1243329542510443,1.704,1.6669374060718192,0.8160481949008909,1.9622167037229374,1.3335339692074295,-0.26337031116224696,0.04995474698757074,-1.1243329542510443,-0.5985691443220096,-1.7229020985730539,-3.1180397996774953,1.6959170716920962,-4.882858838814438,-3.5773073328817055,0.2582167037229375,-0.03706259392818079,1.5346331647089688,0.014043503963690043,0.013271526354799924,0.01408169696356134,0.0020816969635613393,0.007807039777528842,0.014330712374555077,0.0023307123745550766,0.0017774789473623542,0.2790354453441253,0.047562152322378204,0.09208169696356135,0.042081696963561344,0.008050349279964274,0.9919496507200357,0.12119511221002541,0.6909609705774377,0.20219216929656722,0.18220955057144533,0.025094193298537595,0.0010646858045627516,0.22951745031785223,0.7443236705790475,1.0,0.5887992748192828,0.5935777832996721,3.235837239902393,0.056106531882179414,0.9784011154139834,0.2730085909647298,5.840515357751195,170.29342730692315,-1.1181500170209802e-11,0.0,-6.661338147750939e-16,0.0,0.0,8.014088871688418e-11,5.388651330706651e-11,8.112284108352519e-11,5.147554691525835e-11
equilibrium_sigma_1_35,143.0,190.22103108488028,3.2526896454715417,1.137655102145766,1.716,1.6810323946008263,0.8238496911608876,1.9765625783562655,1.3480223811203833,-0.26158106159944516,0.03584345559871127,-1.137655102145766,-0.565222914361591,-1.702878016507357,-3.091423404892333,1.7077975713677727,-4.85266394490367,-3.550038424158064,0.2605625783562655,-0.03496760539917365,1.5366896454715417,0.014069524397855332,0.013372884631230885,0.014108348698509694,0.002108348698509694,0.007795994883638677,0.014361117444128269,0.0023611174441282683,0.0018010843816362865,0.2791162081773021,0.04791153017791095,0.0921083486985097,0.0421083486985097,0.00816888050253698,0.991831119497463,0.12178909368617034,0.6907169981859397,0.20223740534354312,0.1824763168853978,0.025237088644205326,0.0010816944596204472,0.22954426335985711,0.7441369535363171,1.0,0.5884013072302658,0.5932474749616595,3.2332847072861544,0.0563616041255288,0.985055016505427,0.27494482105302454,5.819652429898552,171.28524054713407,-1.1042722292131657e-11,-3.3306690738754696e-16,-1.1102230246251565e-16,-1.1102230246251565e-16,0.0,8.38523556145887e-11,5.5807395163420814e-11,8.506213788894712e-11,5.2983984387411365e-11
equilibrium_sigma_1_35,144.0,189.22103108488028,3.266772348430915,1.1510789547467926,1.728,1.6951542419538161,0.831640269745739,1.9909391013128017,1.362543621388955,-0.2597680126775659,0.02162102520441067,-1.1510789547467926,-0.5316967614319603,-1.6827757161787529,-3.064750813116593,1.7196758272205597,-4.822365255284174,-3.5227036648426555,0.26293910131280174,-0.03284575804618384,1.5387723484309148,0.014095949669135813,0.013474936645382565,0.014135415949518067,0.0021354159495180665,0.0077852052564677705,0.01439201065767115,0.00239201065767115,0.0018250790068119471,0.27919823015005474,0.04826297300717299,0.09213541594951807,0.04213541594951807,0.008289622786377342,0.9917103772136227,0.12239065364324583,0.6904699130035704,0.20228317379972283,0.18274694090624988,0.025382005079004944,0.0010990552228004587,0.22957147555945295,0.7439474641387416,0.9999999999999998,0.5879982620590252,0.5929132895746291,3.2307037086208568,0.056619732861969765,0.9918138139925585,0.27691266150509797,5.798588014667014,172.2769309986523,-1.0898393298930387e-11,2.220446049250313e-16,-6.661338147750939e-16,0.0,0.0,6.087913680119517e-11,4.009679567540392e-11,6.189270623790932e-11,3.78360528671684e-11
equilibrium_sigma_1_35,145.0,188.22103108488028,3.2808816823914935,1.1646052084419265,1.74,1.7093033676984275,0.8394201884195445,2.00534676569205,1.37709822463113,-0.25793077115031493,0.00728662693936033,-1.1646052084419265,-0.4979890879969193,-1.6625942964388458,-3.038021464379484,1.7315517869359949,-4.7919614234925625,-3.4953023112459225,0.26534676569205007,-0.03069663230157249,1.5408816823914935,0.014122787739433124,0.013577687704003014,0.014162906847214211,0.002162906847214211,0.007774675893639907,0.0144234019616718,0.0024234019616718,0.0018494709619343297,0.27928153590064914,0.04861648894982124,0.09216290684721422,0.042162906847214215,0.008412627194864141,0.9915873728051359,0.12299990940527335,0.6902196668405747,0.20232948187625635,0.18302149379207533,0.025528978452751514,0.0011167772585780166,0.22959909445013935,0.7437551498385311,1.0,0.5875900606984668,0.5925751747283882,3.228093887660084,0.05688096084878162,0.9986795037928196,0.2789127456917568,5.7773202991266706,173.26849638820175,-1.0754730439543891e-11,2.220446049250313e-16,-6.661338147750939e-16,2.220446049250313e-16,0.0,2.0618071486233625e-11,1.3435525261784598e-11,2.1007872524902993e-11,1.2601502306919254e-11
equilibrium_sigma_1_35,146.0,187.22103108488028,3.2950180642190268,1.1782345649542398,1.752,1.7234801996312852,0.8471897099615181,2.0197860746551943,1.3916867365118142,-0.2560689355338541,-0.0071605756523911435,-1.1782345649542398,-0.46409827655604885,-1.6423328415102887,-3.0112347986723913,1.743425396795778,-4.7614510865525475,-3.4678336151465174,0.26778607465519433,-0.02851980036871482,1.5430180642190268,0.014150046771790284,0.013681143172350106,0.014190829721679683,0.002190829721679683,0.007764411829038996,0.014455301537985576,0.0024553015379855762,0.0018742685869987952,0.27936615067175663,0.04897208605785913,0.09219082972167969,0.04219082972167969,0.008537946142243673,0.9914620538577563,0.12361698055464988,0.6899662105795901,0.20237633689822204,0.18330004837925226,0.0256780454153774,0.0011348700123086613,0.2296271277588095,0.7435599568135045,1.0000000000000002,0.5871766230283845,0.5922330771447013,3.225454883026896,0.05714533155623802,1.0056541248262154,0.28094572175987403,5.755847461430813,174.25993439045905,-1.060640464345397e-11,-3.3306690738754696e-16,-7.771561172376096e-16,0.0,0.0,-2.6593009044839633e-11,-1.7140797461956403e-11,-2.715681325649033e-11,-1.598126752461182e-11
equilibrium_sigma_1_35,147.0,186.22103108488028,3.309181919044135,1.1919677314003994,1.764,1.73768517397994,0.8549491022022836,2.0342575416803346,1.4063097140235372,-0.2541820958947041,-0.021721426720110903,-1.1919677314003994,-0.43002268925979137,-1.6219904206601907,-2.9843902562119196,1.755296601637762,-4.730832864813777,-3.440296823918847,0.27025754168033456,-0.026314826020060078,1.5451819190441352,0.01417773513585184,0.013785308473895449,0.01421919310787128,0.002219193107871279,0.007754418133044658,0.014487719843803148,0.0024877198438031482,0.0018994804473759785,0.27945210032688267,0.04932977228573484,0.09221919310787129,0.04221919310787128,0.008665633431208446,0.9913343665687916,0.12424198898384535,0.6897094941544132,0.20242374630653517,0.18358267923105637,0.025829243438339755,0.001153343219848806,0.22965558341047146,0.7433618299313399,0.9999999999999999,0.5867578673808236,0.591886942658622,3.2227863281359443,0.05741288918083662,1.0127397599559314,0.283012253004228,5.734167671152093,175.25124262678327,-1.0456524535129574e-11,5.551115123125783e-16,-5.551115123125783e-16,0.0,0.0,-6.941583245712035e-11,-4.424481787890233e-11,-7.104946145308766e-11,-4.1012306398191534e-11
equilibrium_sigma_1_35,148.0,185.22103108488028,3.323373680471371,1.205805420348658,1.776,1.7519187356103052,0.8626986380604512,2.048761690825131,1.4209677257754907,-0.25226983363158006,-0.03639677820956755,-1.205805420348658,-0.39576066751673245,-1.6015660878653903,-2.9574872777142573,1.767165344814836,-4.700105361789865,-3.412691180667246,0.27276169082513113,-0.024081264389694823,1.547373680471371,0.014205861413547974,0.013890189089950012,0.014248005751245192,0.002248005751245192,0.0077446999128738155,0.014520667581674473,0.0025206675816744732,0.0019251153127175513,0.2795394113674097,0.04968955547986609,0.0922480057512452,0.042248005751245196,0.008795744291465834,0.9912042557085342,0.1248750589483957,0.689449466528233,0.20247171765987987,0.18386946268785412,0.025982610836675274,0.0011722069175324164,0.2296844695332054,0.743160712712587,1.0000000000000002,0.5863337105045748,0.5915367161992771,3.220087851114928,0.057683678658749835,1.0199385369454457,0.2851130182486669,5.712279089644881,176.2424186639014,-1.0303535802336228e-11,1.1102230246251565e-16,-1.1102230246251565e-16,0.0,0.0,-9.544933420035928e-11,-6.014358802652886e-11,-9.792093871863194e-11,-5.5434845949720035e-11
equilibrium_sigma_1_35,149.0,184.22103108488028,3.3375937907940285,1.2197483498764303,1.788,1.7661813382398006,0.8704385955795771,2.063299056997125,1.4356613522911874,-0.2503317212509455,-0.05118748996670175,-1.2197483498764303,-0.36131053159290416,-1.5810588814693345,-2.9305253046812005,1.7790315681526774,-4.66926716399554,-3.385015924366932,0.275299056997125,-0.02181866176019942,1.5495937907940285,0.01423443440500588,0.013995790559207482,0.014277276613590024,0.0022772766135900242,0.007735262313034206,0.014554155749468833,0.002554155749468833,0.0019511822002549195,0.2796281109502728,0.050051443367567575,0.09227727661359003,0.04227727661359003,0.008928335419314756,0.9910716645806853,0.12551631712122077,0.6891860756713207,0.2025202586366624,0.1841604769189557,0.026138186791724142,0.0011914714525176895,0.22971379446335033,0.7429565472924079,1.0000000000000002,0.585904067528782,0.5911823417700813,3.217359074725273,0.05795774567949377,1.0272526294320774,0.2872487122367924,5.690179870434953,177.23346001254828,-1.0149436846518256e-11,-1.1102230246251565e-16,-7.771561172376096e-16,-1.1102230246251565e-16,0.0,-9.115962672223699e-11,-5.6767212458508354e-11,-9.373842674298416e-11,-5.203790176544487e-11
equilibrium_sigma_1_35,150.0,183.22103108488028,3.351842701214938,1.2337972436273754,1.8,1.7804734446564021,0.8781692579656213,2.0778701862319955,1.4503911863150238,-0.2483673221360847,-0.06609442984169034,-1.2337972436273754,-0.32667058020293727,-1.5604678238303127,-2.90350377969812,1.7908952119063475,-4.638316840782737,-3.3572702900117886,0.27787018623199544,-0.01952655534359793,1.551842701214938,0.014263463134693649,0.014102118477202339,0.014307014879073009,0.0023070148790730084,0.007726110515893562,0.014588195615949928,0.002588195615949928,0.001977690348153871,0.27971822690628184,0.050415443545361746,0.09230701487907302,0.04230701487907301,0.009063465018249192,0.9909365349817508,0.12616589264830538,0.688919268538159,0.20256937703698638,0.18445580197620026,0.02629601137454527,0.0012111474935183428,0.22974356675092467,0.7427492743810117,1.0,0.5854688519256354,0.5908237624283552,3.2145996162821624,0.05823513669981933,1.0346842579168942,0.28942004603235566,5.667868159637405,178.2243641260606,-9.991563132416559e-12,-4.440892098500626e-16,-8.881784197001252e-16,0.0,0.0,-4.1807678846650376e-11,-2.572086120478101e-11,-4.309169340799279e-11,-2.345533836600744e-11
equilibrium_sigma_1_35,151.0,182.22103108488028,3.3661208720738167,1.247952830868134,1.812,1.794795526944231,0.8858909136252151,2.0924756359802137,1.4651578331281405,-0.2463761903093058,-0.08111847379361681,-1.247952830868134,-0.29183909009233266,-1.5397919209604667,-2.8764221467438107,1.8027562147157,-4.607252944174872,-3.3294535087687107,0.28047563598021363,-0.017204473055769,1.5541208720738167,0.014292956857739028,0.01420917849568044,0.01433722996049034,0.0023372299604903397,0.007717249742357407,0.014622798736318998,0.002622798736318998,0.002004649231057698,0.2798097877590616,0.05078156346666353,0.09233722996049035,0.042337229960490344,0.009201192840609789,0.9907988071593902,0.12682391720579062,0.6886489910439919,0.2026190807846496,0.1847555198493517,0.026456125570050146,0.0012312460419351694,0.2297737951650939,0.7425388332229208,1.0,0.5850279754721203,0.5904609202643162,3.2118090875737653,0.05851589895782956,1.0422356907711212,0.2916277474295864,5.645342096402556,179.2151283989288,-9.832357150685311e-12,-2.220446049250313e-16,-1.5543122344752192e-15,0.0,0.0,5.066822308941177e-11,2.980021437948288e-11,5.083576268272161e-11,2.7771018991373797e-11
equilibrium_sigma_1_35,152.0,181.22103108488028,3.3804287730877913,1.2622158465483835,1.824,1.80914806672244,0.8936038562082754,2.107115975405199,1.479961910874967,-0.24435787018448107,-0.09626050599972369,-1.2622158465483835,-0.2568143156017466,-1.51903016215013,-2.8492798515067106,1.8146145135595273,-4.576074008688122,-3.3015648081317592,0.28311597540519906,-0.01485193327756007,1.5564287730877913,0.014322925065406764,0.014316976321903482,0.014367931505399174,0.002367931505399174,0.00770868525236695,0.014657976978860177,0.0026579769788601763,0.0020320685922836645,0.2799028227436339,0.05114981042908796,0.09236793150539918,0.04236793150539918,0.009341580230356021,0.990658419769644,0.12749052505877362,0.688375188040674,0.2026693779291816,0.18505971452377568,0.026618571301941556,0.0012517784434139339,0.22980448869685338,0.7423251615577912,1.0,0.5845813482106216,0.5900937563792708,3.208987094778746,0.058800080487436755,1.0499092452634609,0.29387256137388096,5.622599813361822,180.2057501654063,-9.669376410670338e-12,-3.3306690738754696e-16,-1.6653345369377348e-15,0.0,0.0,1.0226839861071646e-10,5.938763890378507e-11,1.0283602094873778e-10,5.511012046016672e-11
equilibrium_sigma_1_35,153.0,180.22103108488028,3.394766883592132,1.2765870313555474,1.836,1.823531555383446,0.9013083846475595,2.121791785687358,1.4948040508984393,-0.24231189631508632,-0.11152141895989609,-1.2765870313555474,-0.2215944882328158,-1.4981815195883632,-2.8220763417215897,1.8264700437085437,-4.544778551164211,-3.273603412092058,0.28579178568735775,-0.012468444616554164,1.558766883592132,0.014353377491969216,0.014425517717825955,0.01439912940281108,0.0023991294028110795,0.007700422345807957,0.014693742507176921,0.002693742507176921,0.002059958410516316,0.27999736182670026,0.051520191560784745,0.09239912940281109,0.042399129402811084,0.00948469016685136,0.9905153098331486,0.1281658531212842,0.6880978032920355,0.20272027664787848,0.18536847203964463,0.026783391458345466,0.0012727563998234284,0.22983565656522034,0.7421081955766108,1.0,0.5841288784087396,0.5897222108632885,3.206133238384333,0.05908773013291495,1.0577072885976075,0.2961552503922024,5.59963943713664,181.19622669796917,-9.50661771526029e-12,-1.1102230246251565e-16,-9.992007221626409e-16,0.0,0.0,1.083336979151861e-10,6.209076135188507e-11,1.0918087094136109e-10,5.739494730178096e-11
equilibrium_sigma_1_35,154.0,179.22103108488028,3.4091356927813754,1.2910671317653246,1.848,1.837946494331964,0.9090048031959131,2.1365036603343865,1.5096848980843771,-0.24023779313746285,-0.12690211359756765,-1.2910671317653246,-0.18617781621354856,-1.4772449479788732,-2.7948110675245283,1.8383227386771623,-4.513365070611903,-3.2455685413209574,0.28850366033438646,-0.010053505668035978,1.5611356927813753,0.01438432412274522,0.014534808499149286,0.014430833790467813,0.002430833790467813,0.007692466363880601,0.014730107813498705,0.002730107813498705,0.0020883289375550618,0.28009343572869033,0.05189271380578973,0.09243083379046782,0.04243083379046782,0.009630587309694693,0.9903694126903053,0.12885004101752093,0.6878167794487293,0.20277178524783768,0.18568188055275936,0.026950629918170443,0.0012941919816726135,0.229867308226068,0.7418878698740888,0.9999999999999998,0.5836704725182609,0.5893462227723084,3.2032471131049385,0.05937889756356857,1.0656322389613169,0.298476595033932,5.5764590889102035,182.18655520562154,-9.339862216961592e-12,-1.1102230246251565e-16,-9.992007221626409e-16,0.0,0.0,7.969852555689272e-11,4.506601862519499e-11,8.05043514490178e-11,4.151212273234561e-11
equilibrium_sigma_1_35,155.0,178.22103108488028,3.423535699963499,1.3056569000947593,1.86,1.8523933952368992,0.9166934214680051,2.151252205503642,1.524605111217444,-0.23813507470402695,-0.14240349936446406,-1.3056569000947593,-0.1505624840463169,-1.4562193841410762,-2.767483481815658,1.8501725301739456,-4.481832048036163,-3.217459413353865,0.29125220550364195,-0.007606604763100933,1.5635356999634988,0.014415775201515019,0.014644854534296908,0.014463055062068457,0.0024630550620684567,0.007684822690357772,0.014767085714240125,0.0027670857142401244,0.0021171906960937292,0.280191075945662,0.05226738390889013,0.09246305506206846,0.04246305506206846,0.009779338044714276,0.9902206619552857,0.12954323114486715,0.687532058022349,0.20282391216802736,0.18600003039781607,0.027120331578339853,0.0013160976410036677,0.2298994533787625,0.741664117401894,1.0,0.5832060351329389,0.5889657301043817,3.2003283077991784,0.05967363328872113,1.0736865665951114,0.30083739432268797,5.553056885006992,183.17673283224053,-9.172218540243193e-12,0.0,-2.220446049250313e-15,0.0,0.0,2.8356213210845027e-11,1.581256826865829e-11,2.870849565017597e-11,1.4520848932997321e-11
equilibrium_sigma_1_35,156.0,177.22103108488028,3.4379674148218133,1.320357094554367,1.872,1.8668727802907743,0.9243745544835105,2.1660380403344117,1.5395653633480797,-0.23600324440846343,-0.15802649434537108,-1.320357094554367,-0.11474665204627565,-1.4351037466006427,-2.7400930406355517,1.8620193480507514,-4.45017794626493,-3.189275242781204,0.2940380403344116,-0.005127219709225805,1.5659674148218132,0.014447741238173648,0.014755661743282857,0.014495803874742273,0.002495803874742273,0.007677496752991935,0.014804689354441791,0.002804689354441791,0.002146554484161456,0.28029031477194627,0.05264420839973927,0.09249580387474228,0.04249580387474228,0.009931010531089876,0.9900689894689101,0.13024556873849963,0.6872435793588904,0.20287666598137344,0.1863230141538576,0.02729254238186826,0.0013384862247703422,0.2299321019729509,0.7414368694204105,1.0,0.5827354689452052,0.5885806697751381,3.197376405386432,0.05997198867292648,1.0818727948760776,0.30323846621902106,5.529430937507679,184.1667566548722,-9.001910328265694e-12,0.0,-1.7763568394002505e-15,0.0,0.0,-3.245771533488817e-11,-1.7841852995026386e-11,-3.293688238814596e-11,-1.634179944143277e-11
equilibrium_sigma_1_35,157.0,176.22103108488028,3.452431357684599,1.3351684792990728,1.8840000000000001,1.8813851824767365,0.9320485227117692,2.180861797290337,1.5545663421707754,-0.2338417947027236,-0.1737720253627124,-1.3351684792990728,-0.07872845587030852,-1.4138969351693813,-2.712639203555833,1.873863120250558,-4.41840120977373,-3.1610152414468478,0.2968617972903369,-0.002614817523263646,1.568431357684599,0.014480233016668814,0.014867236096468932,0.014529091156790151,0.002529091156790151,0.007670494025091637,0.01484293223663613,0.0028429322366361302,0.0021764313817840275,0.2803911853236065,0.05302319357618279,0.09252909115679016,0.042529091156790155,0.01008567474961448,0.9899143252503855,0.13095720193761834,0.6869512826115486,0.20293005539686107,0.1866509267119768,0.027467309346808255,0.0013613709887204028,0.22996526421560134,0.7412060554488701,1.0000000000000002,0.5822586747017956,0.5881909775924509,3.1943909827629327,0.06027401595139602,1.090193501416166,0.30568064809417167,5.505579354902087,185.1566236819723,-8.82915962563402e-12,0.0,-1.5543122344752192e-15,0.0,0.0,-8.81770854249675e-11,-4.775859742400801e-11,-8.96874657874136e-11,-4.3651960518475974e-11
equilibrium_sigma_1_35,158.0,175.22103108488028,3.466928059802777,1.350091824477856,1.8960000000000001,1.8959311458434076,0.9397156521180946,2.19572412251235,1.5696087504140797,-0.23165020680555548,-0.1896410280808234,-1.350091824477856,-0.042506006036298505,-1.3925978305141544,-2.6851214340843734,1.885703772753942,-4.386500264507936,-3.1326786186540962,0.2997241225123497,-6.885415659252381e-05,1.570928059802777,0.014513261603230687,0.014979583613206636,0.014562928115703914,0.0025629281157039142,0.00766382002727712,0.014881828218626936,0.0028818282186269355,0.0022068327798496767,0.28049372156273916,0.05340434548677088,0.09256292811570392,0.04256292811570392,0.010243402552108382,0.9897565974478916,0.13167828185333855,0.6866551057128325,0.2029840892616496,0.1869838653453661,0.027644680596096954,0.001384765611802119,0.22999895057829572,0.7409716032138053,1.0,0.5817755511582632,0.5877965882302616,3.191371610717502,0.06057976824563986,1.0986513191745246,0.30816479721507517,5.481500242781698,186.14633085159113,-8.656853012212196e-12,-1.1102230246251565e-16,-2.3314683517128287e-15,0.0,0.0,-1.2281290567850434e-10,-6.550963937979049e-11,-1.2520937064941506e-10,-5.978562523517583e-11
equilibrium_sigma_1_35,159.0,174.22103108488028,3.4814580636358916,1.3651279062819783,1.9080000000000001,1.9105112257878671,0.9473762742119095,2.2106256761824916,1.5846933062427573,-0.22942795040229425,-0.20563444710980816,-1.3651279062819783,-0.006077387432514403,-1.3712052937144927,-2.6575392000853952,1.8975412295241936,-4.354473517702436,-3.1042645813792187,0.3026256761824915,0.0025112257878669997,1.5734580636358915,0.014546838354902322,0.015092710360360133,0.014597326246474314,0.0025973262464743137,0.007657480329425235,0.014921391533473383,0.0029213915334733824,0.002237770365676184,0.28059795832264944,0.05378766991242884,0.09259732624647432,0.04259732624647432,0.010404267711997013,0.989595732288003,0.13240896263828705,0.6863549853459776,0.20303877656320046,0.18732192978179887,0.027824705388332312,0.0014086842111155757,0.23003317180477217,0.74073343859578,1.0,0.5812859950323476,0.5873974352015248,3.1883178538469865,0.06088929957932,1.1072489375833123,0.3106917912408001,5.457191704573661,187.13587502950008,-8.480771640506646e-12,3.3306690738754696e-16,-2.3314683517128287e-15,0.0,0.0,-1.1884885957325064e-10,-6.24036326085653e-11,-1.2145457209400412e-10,-5.689927955881968e-11
equilibrium_sigma_1_35,160.0,173.22103108488028,3.496021923146719,1.3802775069916828,1.92,1.925125989347049,0.9550307260969056,2.2255671328990263,1.599820743672551,-0.2271744833355942,-0.22175323610890074,-1.3802775069916828,0.030559341183154176,-1.3497181658085287,-2.6298919742148428,1.9093754124510427,-4.3223193576984835,-3.0757723344926577,0.3055671328990264,0.005125989347048998,1.576021923146719,0.014580974928386337,0.01520662245070615,0.014632297340199087,0.0026322973401990864,0.007651480552814428,0.014961636780608245,0.002961636780608245,0.00226925613522333,0.2807039313339366,0.05417317234725774,0.0926322973401991,0.04263229734019909,0.010568345976062722,0.9894316540239373,0.13314940155794394,0.6860508569156444,0.20309412643141447,0.18766522227864027,0.02800743414951114,0.001433141357430405,0.23006793891874008,0.7404914855743184,1.0,0.5807899009561774,0.5869934508302345,3.185229270471376,0.061202664894311296,1.115989103686369,0.31326252873059995,5.432651842317949,188.12525300725798,-8.304246179591246e-12,3.3306690738754696e-16,-2.3314683517128287e-15,0.0,0.0,-5.713648651428649e-11,-2.951614820612125e-11,-5.852831760910782e-11,-2.690608152944307e-11
equilibrium_sigma_1_35,161.0,172.22103108488028,3.510620204105182,1.3955414150214462,1.932,1.9397760154983055,0.9626793505236003,2.240549182063401,1.614991812998046,-0.22488925128667292,-0.23799835788940604,-1.3955414150214462,0.0674061476948189,-1.3281352673266273,-2.6021792343711136,1.9212062412929813,-4.290036153756912,-3.0472010809875463,0.308549182063401,0.007776015498305533,1.578620204105182,0.014615683289141174,0.01532132604120826,0.014667853492982878,0.002667853492982878,0.007645826372462968,0.01500257896802637,0.0030025789680263697,0.00230130241640758,0.2808116772514633,0.05456085797845297,0.09266785349298289,0.04266785349298288,0.010735715117381688,0.9892642848826183,0.1338997590637901,0.685742654517873,0.20315014814078022,0.1880138477005104,0.02819291850576477,0.0014581520912930236,0.23010326323174465,0.7402456661711975,1.0,0.5802871614272607,0.586584566222478,3.1821054125487307,0.06151992006697457,1.1248746232903033,0.315877929663758,5.407878757487985,189.11446150022167,-8.127276629465996e-12,-3.3306690738754696e-16,-2.7755575615628914e-15,0.0,0.0,6.253139325784751e-11,3.085490890564202e-11,6.236420060923287e-11,2.8945087646170542e-11
equilibrium_sigma_1_35,162.0,171.22103108488028,3.5252534844100345,1.410920424967662,1.944,1.9544618954777644,0.970322495948176,2.2555725282830767,1.6302072812354707,-0.22257168744345224,-0.2543707845215515,-1.410920424967662,0.10446502716167894,-1.306455397805983,-2.5744004641561755,1.9330336336180969,-4.257622255855532,-3.0185500222090274,0.3115725282830768,0.010461895477764438,1.5812534844100345,0.014650975719439754,0.015436827331185841,0.01470400711471969,0.00270400711471969,0.007640523519268059,0.015044233507843785,0.0030442335078437847,0.0023339218746531998,0.2809212336809688,0.054950731665648456,0.0927040071147197,0.042704007114719694,0.010906454989511368,0.9890935450104886,0.13466019886861738,0.6854303109091494,0.20320685111255382,0.18836791360020716,0.02838121131720434,0.0014837319397591933,0.23013915634750962,0.7399959003955268,0.9999999999999999,0.5797776667580263,0.5861707112362948,3.1789458255885643,0.0618411219247693,1.1339083621318464,0.318538935971245,5.38287055182133,190.10349714562636,-7.94786458868657e-12,-2.220446049250313e-16,-2.4424906541753444e-15,0.0,0.0,1.315023142461902e-10,6.378584119226538e-11,1.3144597216241394e-10,5.992166918905584e-11
equilibrium_sigma_1_35,163.0,170.22103108488028,3.5399223544127496,1.4264153376498938,1.956,1.9691842330997646,0.9779605165902647,2.2706378917835863,1.6454679325781776,-0.22022121216174773,-0.2708714974355293,-1.4264153376498938,0.14173800235128908,-1.2846773352986047,-2.546555153359519,1.9448575047435364,-4.225075994495467,-2.9898183580988986,0.31463789178358637,0.013184233099764686,1.5839223544127496,0.014686864828092172,0.01555313256032089,0.014740770938587104,0.002740770938587104,0.0076355777827210765,0.015086616209636361,0.0030866162096363607,0.0023671274973491307,0.2810326392078397,0.05534279791899352,0.09274077093858711,0.04274077093858711,0.011080647581806114,0.9889193524181938,0.13543088802340142,0.6851137574748325,0.20326424491691913,0.18872753030200792,0.02857236671275079,0.0015098969337507334,0.23017563017031817,0.7397421061831803,0.9999999999999999,0.5792613050243209,0.5857518144506523,3.1757500485665275,0.062166328262928144,1.1430932470503616,0.32124651207922233,5.357625328233047,191.09235650048544,-7.768008458697295e-12,0.0,-2.6645352591003757e-15,0.0,0.0,1.4111476050182592e-10,6.724910212030366e-11,1.4137475912168185e-10,6.33138732414329e-11
equilibrium_sigma_1_35,164.0,169.22103108488028,3.554627417241923,1.4420269601459805,1.968,1.9839436450772625,0.9855937724894884,2.28574600882951,1.6607745688651872,-0.21783723261989363,-0.28750148751699656,-1.4420269601459805,0.17922712427281362,-1.262799835873167,-2.518642798464276,1.9566777676735774,-4.192395680516516,-2.9610052874548027,0.3177460088295101,0.015943645077262536,1.5866274172419232,0.01472336356186675,0.01567024800650087,0.014778158031385137,0.002778158031385137,0.007630995014352295,0.015129743347053193,0.0031297433470531925,0.0024009326538010356,0.2811459334284398,0.055737060875858,0.09277815803138514,0.04277815803138514,0.011258377075867864,0.9887416229241321,0.1362119969957581,0.6847929241969276,0.20332233927512647,0.18909281098735164,0.028766440125979214,0.0015366636260606772,0.2302126969172073,0.7394841993307528,1.0,0.5787379620128421,0.5853278031335085,3.172517613840526,0.0624955978611787,1.1524322671650986,0.3240016454651848,5.332141191820522,192.08103603927253,-7.587042105683395e-12,-1.1102230246251565e-16,-2.9976021664879227e-15,0.0,0.0,1.0521136739605197e-10,4.92317471512127e-11,1.0564636665488791e-10,4.649232734910136e-11
equilibrium_sigma_1_35,165.0,168.22103108488028,3.569369289145718,1.45775610582891,1.98,1.9987407613599553,0.993222629568878,2.3008976321623607,1.6761280100660803,-0.21541914245956773,-0.30426175520579934,-1.45775610582891,0.21693447273173283,-1.240821633097177,-2.490662903164789,1.9684943330361728,-4.159579604896378,-2.9321100081903007,0.32089763216236067,0.018740761359955282,1.589369289145718,0.01476048521610003,0.015788179983544773,0.014816181803839194,0.002816181803839194,0.00762678113106011,0.015173631600085002,0.003173631600085002,0.0024353510486019303,0.2812611569813309,0.05613352427684401,0.0928161818038392,0.0428161818038392,0.011439729903252085,0.988560270096748,0.1370036997506712,0.684467739620928,0.20338114406165392,0.18946387178406734,0.0289634883321732,0.001564049110058655,0.23025036912721863,0.7392220934305496,1.0,0.5782075211670502,0.5848986032085454,3.1692480470656865,0.06282899050077649,1.161928475065621,0.32680534722651,5.306416250887513,193.06953215165424,-7.404299395830094e-12,-2.220446049250313e-16,-3.552713678800501e-15,-1.1102230246251565e-16,0.0,3.919301341803738e-11,1.799689910986224e-11,3.944590140636528e-11,1.7062812100732128e-11
equilibrium_sigma_1_35,166.0,167.22103108488028,3.584148599845388,1.4736035944015182,1.992,2.0135762254831855,1.0008474597018993,2.3160935314526307,1.6915290947815713,-0.21296632141542093,-0.3211533105935991,-1.4736035944015182,0.254862156896706,-1.2187414375048122,-2.4626149789014447,1.9803071090180175,-4.126626038544742,-2.903131717602333,0.32409353145263076,0.021576225483185496,1.592148599845388,0.014798243445642137,0.015906934838784685,0.014854856021261291,0.0028548560212612907,0.00762294211869469,0.015218298150543319,0.0032182981505433188,0.002470396793796681,0.2813783515795797,0.05653219144076857,0.0928548560212613,0.042854856021261295,0.011624794804370541,0.9883752051956295,0.1378061738332534,0.6841381308218228,0.20344066930636714,0.18984083185882156,0.029163569486557604,0.001592071039112542,0.2302886596708057,0.738955699803524,0.9999999999999999,0.5776698635317201,0.5844641392206736,3.16594086710948,0.06316656698172216,1.171584988009698,0.3296586526615505,5.280448618022129,194.05784114015646,-7.220668507557093e-12,0.0,-4.440892098500626e-15,-1.1102230246251565e-16,0.0,-3.985930856209574e-11,-1.7949523811733314e-11,-4.020998291276445e-11,-1.710186766507027e-11
equilibrium_sigma_1_35,167.0,166.22103108488028,3.598965992899876,1.4895702519287097,2.004,2.028450694927659,1.008468640783183,2.331334493766353,1.7069786807602898,-0.21047813493329892,-0.3381771735200927,-1.4895702519287097,0.29301231587844634,-1.1965579360502634,-2.434498545413375,1.9921160012981263,-4.093533232092429,-2.874069612646302,0.32733449376635315,0.024450694927658834,1.5949659928998758,0.014836652276205939,0.016026518950498076,0.014894194814606194,0.0028941948146061942,0.007619484035930619,0.01526376061988799,0.003263760619887989,0.0025060843678037514,0.2814975600442612,0.056933065238569565,0.0928941948146062,0.0428941948146062,0.01181366288858326,0.9881863371114168,0.13861960045357483,0.6838040233692538,0.20350092519667506,0.19022381351288972,0.029366743163746576,0.0016207476467543734,0.23032758175954127,0.738684927429958,1.0000000000000002,0.5771248676961048,0.5840243343002572,3.162595585967124,0.06350838914014856,1.1814049891271707,0.33256262186341545,5.254236411232788,195.04595921775518,-7.038147842308717e-12,0.0,-4.440892098500626e-15,0.0,0.0,-1.130581617908577e-10,-4.989689911250039e-11,-1.1432067618943886e-10,-4.78243313006832e-11
equilibrium_sigma_1_35,168.0,165.22103108488028,3.6138221260818986,1.5056569108670312,2.016,2.043364841490378,1.0160865568032493,2.346621324046719,1.722477645432377,-0.2079539337766556,-0.3553343736676524,-1.5056569108670312,0.3313871193209148,-1.1742697915461164,-2.4063131313094637,2.0039209129799214,-4.060299415675231,-2.8449228902187778,0.33062132404671907,0.027364841490377767,1.5978221260818986,0.014875726116135371,0.016146938725187087,0.014934212691938974,0.0029342126919389734,0.007616413018443267,0.015310037138061006,0.0033100371380610054,0.002542428650942341,0.28161882633920904,0.057336148066103175,0.09293421269193898,0.04293421269193898,0.012006427695471137,0.9879935723045289,0.1394441645736094,0.6834653412918026,0.20356192207967766,0.19061294228138365,0.029573070398448004,0.0016500977676201047,0.23036714895613106,0.7384096828778008,1.0,0.5765724097356816,0.5835791101259968,3.159211708677411,0.06385451986587028,1.1913917286283107,0.33551834032654626,5.227777755144626,196.03388250538902,-6.8545169540357165e-12,2.220446049250313e-16,-3.9968028886505635e-15,0.0,0.0,-1.595708721408018e-10,-6.897341378597766e-11,-1.617359336736346e-10,-6.65752722048274e-11
equilibrium_sigma_1_35,169.0,164.22103108488028,3.6287176717659326,1.5218644100914618,2.028,2.0583193516672087,1.023701597927535,2.361954845611317,1.7380268864605362,-0.20539305362076687,-0.37262595065427084,-1.5218644100914618,0.3699887680052012,-1.1518756420862606,-2.378058274658018,2.015721744521823,-4.0269227987120075,-2.8156907474477078,0.33395484561131683,0.03031935166720867,1.6007176717659326,0.014915479768611434,0.01626820059470145,0.014974924550332454,0.0029749245503324535,0.0076137352834051465,0.015357146330163829,0.0033571463301638287,0.002579444943195952,0.28174219560706804,0.057741441815800675,0.09297492455033246,0.04297492455033246,0.01220318525727762,0.9877968147427224,0.1402800549963497,0.6831220070403882,0.20362367046430263,0.19100834703607728,0.029782613727468536,0.0016801408591941463,0.23040737518474463,0.7381298702285927,0.9999999999999999,0.5760123631524456,0.5831283868863978,3.1557887332389973,0.06420502312008577,1.2015485250151365,0.3385269195661987,5.201070782258791,197.02160702939054,-6.6706640211577906e-12,2.220446049250313e-16,-3.9968028886505635e-15,0.0,0.0,-1.5647474635449576e-10,-6.619465045543116e-11,-1.5897823855970383e-10,-6.441848790506022e-11
equilibrium_sigma_1_35,170.0,163.22103108488028,3.6436533173285284,1.5381935949192516,2.04,2.073314927047509,1.0313141605800462,2.3773359006655714,1.7536273223091896,-0.20279481463432747,-0.39005295412462204,-1.5381935949192516,0.40881949446638965,-1.129374100452862,-2.3497335235955115,2.0275183936663446,-3.993401569676623,-2.786372381990053,0.3373359006655714,0.033314927047508824,1.6036533173285283,0.014955928444311373,0.016390311013202197,0.01501634568821262,0.003016345688212619,0.00761145713431895,0.015405107351984526,0.003405107351984526,0.0026171489675430593,0.2818677142067049,0.05814894784715401,0.09301634568821263,0.04301634568821262,0.012404034162504081,0.9875959658374959,0.14112746445714047,0.6827739414507522,0.2036861810234283,0.19141016009197392,0.02999543723306234,0.001710897024390725,0.23044827474166332,0.7378453910008835,0.9999999999999999,0.5754445988137158,0.5826720832397592,3.1523261505273488,0.06455996395322178,1.2118787662939388,0.3415894977509141,5.174113634277409,198.00912871883338,-6.4863669990700146e-12,0.0,-4.884981308350689e-15,2.220446049250313e-16,0.0,-7.859920006514365e-11,-3.2518487902422066e-11,-8.005033441671472e-11,-3.194490505453729e-11
equilibrium_sigma_1_35,171.0,162.22103108488028,3.6586297655618445,1.55464531713084,2.052,2.088352284721763,1.0389246475321443,2.392765350833197,1.7692798928325202,-0.2001585210478214,-0.4076164438393095,-1.55464531713084,0.4478815636243476,-1.1067637535064925,-2.321338436954617,2.03931075536769,-3.959733895862718,-2.7569669923364826,0.3407653508331969,0.036352284721762995,1.6066297655618444,0.01499708777446268,0.01651327645396302,0.015058491818150228,0.003058491818150228,0.007609584966182116,0.015453939898879554,0.0034539398988795537,0.002655556887720678,0.2819954297519704,0.058558666956011675,0.09305849181815024,0.04305849181815023,0.012609075620641818,0.9873909243793582,0.14198658971730177,0.6824210637050045,0.20374946459598936,0.1918185173177958,0.030211606587675396,0.0017423870350060644,0.23048986230603452,0.737556144071284,1.0,0.5748689848894077,0.5822101162725916,3.148823444212337,0.06491940852291678,1.222385911187346,0.3447072403480296,5.146904463494995,198.99644340279872,-6.3020699769822386e-12,-2.220446049250313e-16,-5.773159728050814e-15,-1.1102230246251565e-16,0.0,7.77227796011637e-11,3.067007758872364e-11,7.707882596075244e-11,3.1267205838347856e-11
equilibrium_sigma_1_35,172.0,161.22103108488028,3.673647735111254,1.5712204349917396,2.064,2.1034321577133217,1.0465334680009182,2.4082440777087997,1.78498555988371,-0.19748346070409428,-0.4253174897666594,-1.5712204349917396,0.4871772734404165,-1.084043161551323,-2.2928725849073217,2.051098721717806,-3.9259179231279697,-2.7274737781168032,0.3442440777087996,0.03943215771332165,1.609647735111254,0.015038973822624119,0.016637103406029922,0.015101379079571146,0.003101379079571146,0.007608125270452758,0.01550366420577376,0.0035036642057737592,0.002694685303783473,0.2821253911502156,0.058970599343082936,0.09310137907957115,0.04310137907957115,0.012818413528075834,0.9871815864719242,0.14285763166046428,0.6820632912920537,0.2038135321890901,0.1922335582511956,0.030431189100226057,0.0017746323560910021,0.23053215294611534,0.7372620255975676,1.0,0.5742853867874889,0.5817424014561701,3.1452800906751297,0.065283424112285,1.2330734903483669,0.34788134078149463,5.119441434217015,199.983546807722,-6.118217044104313e-12,0.0,-6.217248937900877e-15,-2.220446049250313e-16,0.0,1.7085876290179325e-10,6.586303724631648e-11,1.6983212058896413e-10,6.793807096755478e-11
equilibrium_sigma_1_35,173.0,160.22103108488028,3.6887079609184377,1.5879198132667587,2.076,2.1185552954142266,1.0541410377497347,2.423772983424924,1.8007453079430447,-0.1947689045983214,-0.4431571721674987,-1.5879198132667587,0.5267089555775502,-1.0612108576892085,-2.2643355496335045,2.0628821818710135,-3.891951775642607,-2.697891940418848,0.34777298342492413,0.042555295414226535,1.6127079609184376,0.015081603098491353,0.016761798370689793,0.015145024052402443,0.0031450240524024432,0.00760708464081486,0.015554301104891977,0.0035543011048919763,0.0027345513031740154,0.2822576486436438,0.05938474458083478,0.09314502405240245,0.04314502405240245,0.01303215453500935,0.9869678454649906,0.1437407953909538,0.6817005399671971,0.20387839498006638,0.19265542621767145,0.03065425376379152,0.0018076551712515915,0.23057516213017934,0.7369629289347774,0.9999999999999999,0.5736936670880609,0.5812688526015519,3.141695558927455,0.06565207914814751,1.2439451075647001,0.3511130211029768,5.091722724288145,200.97043455451717,-5.936362512670712e-12,0.0,-6.217248937900877e-15,0.0,0.0,1.858043753577565e-10,6.99114516278243e-11,1.851159590199325e-10,7.306457956018919e-11
equilibrium_sigma_1_35,174.0,159.22103108488028,3.703811194665155,1.604744323225819,2.088,2.1337224640223798,1.0617477791895655,2.439352991232095,1.8165601447650657,-0.19201410640889138,-0.4611365816720021,-1.604744323225819,0.5664789760606033,-1.0382653471652157,-2.235726926015638,2.0746610219672563,-3.8578335556458825,-2.6682206821216923,0.35135299123209496,0.04572246402237967,1.615811194665155,0.015124992574200885,0.01688736785773943,0.015189443771974544,0.0031894437719745435,0.007606469780083173,0.01560587201243635,0.00360587201243635,0.0027751724418489943,0.2823922538544683,0.05980110157852412,0.09318944377197455,0.04318944377197455,0.013250408113364068,0.9867495918866359,0.14463629033414552,0.681332723710901,0.2039440643184841,0.19308426845304402,0.030880871304716447,0.0018414784089095426,0.2306189057429431,0.7366587445434309,1.0,0.5730936854761225,0.5807893818130538,3.1380693105338953,0.06602544321916104,1.255004440950283,0.3544035326773174,5.063746526752184,201.95710215538554,-5.752953669002636e-12,-2.220446049250313e-16,-7.327471962526033e-15,0.0,0.0,1.403914675485174e-10,5.151817861204222e-11,1.4019972509327072e-10,5.4628986230487175e-11
equilibrium_sigma_1_35,175.0,158.22103108488028,3.7189582052421453,1.6216948426503015,2.1,2.14893444700347,1.0693541214911206,2.454985046102893,1.8324311020492312,-0.18921830200923662,-0.47925681935863884,-1.6216948426503015,0.6064897359636825,-1.015205106686619,-2.2070463223493157,2.0864351250538418,-3.823561343180251,-2.6384592082286313,0.3549850461028927,0.04893444700346983,1.6189582052421452,0.015169159699587556,0.017013818381607065,0.015234655743937349,0.0032346557439373487,0.007606287506999803,0.015658398950790797,0.003658398950790797,0.0028165667709245668,0.2825292598301132,0.06021966854632187,0.09323465574393736,0.04323465574393735,0.013473286625752609,0.9865267133742474,0.1455443303396866,0.6809597546864028,0.20401055172812982,0.19352023623114328,0.03111111423340978,0.0018761257695953594,0.23066340009800837,0.7363493598989865,1.0,0.5724852986724099,0.5803038994396017,3.1344007995338976,0.06640358709418023,1.2662552441317645,0.3577541568805467,5.035511051549226,202.9435450106873,-5.56998891454441e-12,-2.220446049250313e-16,-7.771561172376096e-15,0.0,0.0,5.4587973030706394e-11,1.9519542232560028e-11,5.464312162473117e-11,2.103198518121907e-11
equilibrium_sigma_1_35,176.0,157.22103108488028,3.7341497792340164,1.63877225583565,2.112,2.16419204556854,1.0769605007041758,2.4706701153566204,1.8483592361334256,-0.1863807089639451,-0.4975189968304552,-1.63877225583565,0.6467436721136985,-0.9920285837219514,-2.1782933610750765,2.098204371005762,-3.7891331958154284,-2.6086067262062196,0.3586701153566203,0.05219204556853985,1.6221497792340163,0.01521412241794444,0.017141156457300154,0.015280677959726492,0.003280677959726492,0.007606544763447191,0.015711904599591264,0.003711904599591264,0.002858752861101266,0.2826687210900803,0.06064044295809314,0.0932806779597265,0.043280677959726496,0.013700905395416074,0.986299094604584,0.14646513378728784,0.6805815431962584,0.20407786890896315,0.19396348499629865,0.031345056896794565,0.0019116217543004282,0.230708661950475,0.7360346593984299,0.9999999999999999,0.5718683603625171,0.579812314024058,3.130689472365198,0.06678658274068829,1.2777013474223267,0.36116620581094144,5.007014527293543,203.929758405717,-5.38857847232066e-12,-6.661338147750939e-16,-7.771561172376096e-15,0.0,0.0,-4.933065241019552e-11,-1.7173026889416576e-11,-4.949924498065528e-11,-1.883138089908698e-11
equilibrium_sigma_1_35,177.0,156.22103108488028,3.7493867214200964,1.6559774535898522,2.124,2.1794960791672695,1.0845673598843109,2.4864091893050855,1.8643456287111249,-0.18350052600886202,-0.5159242362883047,-1.6559774535898522,0.6872432578100287,-0.9687341957798234,-2.149467679532187,2.109968636444633,-3.7545471483623754,-2.578662446329423,0.36240918930508537,0.055496079167269396,1.6253867214200963,0.015259899182384434,0.017269388596176216,0.015327528912638257,0.0033275289126382564,0.0076072486221308265,0.01576641227796216,0.0037664122779621605,0.002901749810435561,0.2828106936746614,0.06106342151277527,0.09332752891263826,0.04332752891263826,0.013933382777071459,0.9860666172229285,0.14739892369512353,0.6801979976378177,0.2041460277390243,0.19441417450079393,0.03158277553246429,0.0019479916939294686,0.23075470850991883,0.7357145242636873,0.9999999999999999,0.5712427211242672,0.5793145322504327,3.1269347677888244,0.06717450334326847,1.2893466589795508,0.36464102301311385,4.978255203137899,204.91573750736953,-5.208500297726459e-12,0.0,-8.43769498715119e-15,-1.1102230246251565e-16,0.0,-1.465956227936216e-10,-4.963675998004291e-11,-1.4745593808485058e-10,-5.5483651527354905e-11
equilibrium_sigma_1_35,178.0,155.22103108488028,3.7646698552918507,1.6733113332276073,2.136,2.194847385997588,1.0921751492275305,2.502203281920324,1.8803913875731546,-0.18057693251463114,-0.5344736706008086,-1.6733113332276073,0.7279910035607708,-0.9453203296668364,-2.1205689307348115,2.121727794656283,-3.719801212576539,-2.548625582032589,0.36620328192032403,0.058847385997587764,1.6286698552918506,0.015306508972828398,0.017398521301535616,0.015375227614540597,0.003375227614540597,0.007608406294752901,0.01582194598226394,0.0038219459822639405,0.002945577251001197,0.2829552351955776,0.06148860009432172,0.0933752276145406,0.0433752276145406,0.014170840228609158,0.9858291597713909,0.14834592783089603,0.679809024457606,0.20421504027628962,0.1948724689474959,0.031824348324603895,0.001985261779897172,0.23080155745373926,0.7353888324417597,1.0,0.5706082283532996,0.5788104588888616,3.12313611681591,0.06756742332209645,1.3011951659439613,0.3681799842150221,4.949231350727725,205.9014773606929,-5.029754390761809e-12,2.220446049250313e-16,-8.659739592076221e-15,-1.1102230246251565e-16,0.0,-2.0974374147220143e-10,-6.900783069974104e-11,-2.1149714965473798e-10,-7.876227968439675e-11
equilibrium_sigma_1_35,179.0,154.22103108488028,3.7800000235874918,1.6907747985600112,2.148,2.2102468235322483,1.099784326213257,2.5180534315251415,1.8964976473750288,-0.17760908793308472,-0.5531684433708806,-1.6907747985600112,0.7689894578362153,-0.9217853407237959,-2.09159678417099,2.1334817155070427,-3.6848933768496277,-2.5184953502659155,0.37005343152514136,0.0622468235322482,1.6320000235874916,0.01535397131365282,0.01752856106403527,0.015423793613251753,0.003423793613251753,0.007610025140701169,0.015878530423840687,0.0038785304238406863,0.0029902553888572214,0.2831024048886417,0.06191597373017771,0.09342379361325176,0.04342379361325176,0.014413402383573637,0.9855865976164264,0.14930637882562803,0.6794145281045846,0.20428491876047114,0.19533853713786592,0.03206985546173803,0.0020234590959145333,0.23084922694090076,0.7350574585014467,1.0,0.5699647261868291,0.5782999967382367,3.1192929426364597,0.06796541835143274,1.3132509355546333,0.37178449807777536,4.9199412662487285,206.88697288532177,-4.851674617611934e-12,0.0,-1.0436096431476471e-14,-1.1102230246251565e-16,0.0,-2.0840300492264152e-10,-6.655759623996893e-11,-2.1067374234018388e-10,-7.77028311485517e-11
equilibrium_sigma_1_35,180.0,153.22103108488028,3.7953780888444526,1.7083687598795825,2.16,2.2256952690630554,1.107395355756229,2.5339607015073806,1.9126655704309123,-0.17459613122588102,-0.5720097089986143,-1.7083687598795825,0.8102412078401191,-0.8981275520394634,-2.062550926624896,2.1452302653587814,-3.6498216058891275,-2.4882709718570433,0.3739607015073805,0.06569526906305523,1.6353780888444525,0.015402306292023216,0.01765951435692265,0.015473247010616954,0.003473247010616954,0.007612112676276199,0.01593619104012234,0.003936191040122338,0.003035805018480886,0.28325226366853623,0.062345536548254865,0.09347324701061696,0.04347324701061696,0.014661197124350926,0.9853388028756491,0.1502805142902409,0.6790144109822677,0.2043556756147516,0.19581255262559327,0.032319379196369395,0.002062611651012232,0.23089773562606883,0.7347202735265496,1.0,0.5693120554255385,0.5777830465663559,3.1154046605502925,0.068368565378092,1.3255181162379628,0.37545600695805686,4.890383272571182,207.87221887178833,-4.675815290511309e-12,0.0,-1.1102230246251565e-14,-1.1102230246251565e-16,0.0,-1.0906311964653526e-10,-3.3774871788239125e-11,-1.1053321972986918e-10,-4.0405698752132846e-11
equilibrium_sigma_1_35,181.0,152.22103108488028,3.8108049339708394,1.7260941339405877,2.172,2.2411936202639704,1.1150087103679984,2.5499261810590497,1.9288963475353325,-0.17153718027459508,-0.5909986327404999,-1.7260941339405877,0.851748880299871,-0.8743452536407168,-2.033431063022611,2.1569733069827515,-3.614583840384271,-2.45795167187715,0.3779261810590495,0.06919362026397025,1.6388049339708393,0.015451534576854359,0.017791387631090918,0.015523608481293076,0.003523608481293076,0.007614676584457393,0.015994954001286033,0.003994954001286032,0.0030822475050040765,0.2834048741857366,0.06277728173239137,0.09352360848129308,0.04352360848129308,0.014914355655981404,0.9850856443440186,0.15126857693499707,0.6786085733996623,0.2044273234474506,0.19629469387610268,0.032573003906577525,0.002102748413850868,0.2309471026738906,0.7343771450056811,1.0000000000000002,0.5686500534535519,0.5772595070474542,3.1114706779003045,0.0687769426398705,1.3380009386655316,0.3791959876829025,4.860555721493233,208.85720997771136,-4.501288231040235e-12,-4.440892098500626e-16,-1.199040866595169e-14,-1.1102230246251565e-16,0.0,9.74094398892289e-11,2.870529161591584e-11,9.613485008053146e-11,3.594460926820142e-11
equilibrium_sigma_1_35,182.0,151.22103108488028,3.8262814628500488,1.7439518439383488,2.184,2.256742795787575,1.1226248703335224,2.5659509859470537,1.9451911988157278,-0.1684313312663237,-0.6101363907692023,-1.7439518439383488,0.8935151422892866,-0.8504367016490622,-2.004236917298197,2.1687106994722525,-3.5791779966433177,-2.4275366800053146,0.38195098594705357,0.07274279578757481,1.6422814628500486,0.015501677436225866,0.01792418730997818,0.01557489929155479,0.00357489929155479,0.007617724724487365,0.016054846285751267,0.004054846285751267,0.0031296048641493712,0.28356030088349937,0.06321120147683269,0.0935748992915548,0.043574899291554794,0.015173012580559114,0.9848269874194409,0.15227081469230738,0.6781969135208262,0.20449987505364592,0.1967851444330276,0.0328308161597596,0.0021438993483874572,0.23099734776744085,0.7340279367244121,1.0,0.567978554156154,0.5767292746967038,3.107490394006489,0.06919062968408635,1.3507037167806506,0.38300595233478224,4.830456996035728,209.84194072407385,-4.32809343919871e-12,-2.220446049250313e-16,-1.3322676295501878e-14,0.0,0.0,2.2466730906223198e-10,6.409386563155373e-11,2.222657127792793e-10,8.248309153746636e-11
equilibrium_sigma_1_35,183.0,150.22103108488028,3.8418086009562615,1.7619428194796318,2.196,2.27234373587083,1.1302443238949225,2.582036259306625,1.9615513746135205,-0.16527765806325423,-0.6294241702249532,-1.7619428194796318,0.9355427020607439,-0.826400117418888,-1.9749682332882066,2.1804422981543023,-3.543601966227188,-2.397025230901934,0.3860362593066249,0.07634373587082965,1.6458086009562614,0.015552756757306566,0.01805791978427017,0.015627141319381428,0.003627141319381428,0.007621265142551247,0.01611589565353455,0.004115895653534551,0.0031778997344744653,0.2837186100587316,0.0636472869387456,0.09362714131938144,0.04362714131938143,0.015437305972001618,0.9845626940279983,0.1532874808421729,0.6777793273133444,0.20457334341668376,0.1972840930904749,0.03309290477838081,0.00218609545091889,0.23104849112201953,0.7336725086486808,1.0,0.5672973878357441,0.5761922438020097,3.1034632001041564,0.06960970738587502,1.363630848780365,0.38688744904917355,4.800085512882357,210.82640549121768,-4.158007271826136e-12,-2.220446049250313e-16,-1.2878587085651816e-14,2.220446049250313e-16,0.0,2.4767525703961457e-10,6.832189675121114e-11,2.456322228949759e-10,9.053839102046712e-11
equilibrium_sigma_1_35,184.0,149.22103108488028,3.857387295971123,1.7800679965424475,2.208,2.287997402943213,1.1378675674393346,2.5981831724542515,1.9779781563937031,-0.16207521155947724,-0.6488631692565157,-1.7800679965424475,0.977834309879585,-0.8022336866628625,-1.9456247756561327,2.1921679545004347,-3.507853615587563,-2.3664165645933366,0.39018317245425127,0.07999740294321267,1.6493872959711227,0.015604795069972574,0.01819259140639468,0.01568035707644528,0.0036803570764452793,0.007625306084196926,0.01617813070176055,0.004178130701760551,0.0032271554073481923,0.2838798699286221,0.06408552818827545,0.09368035707644529,0.043680357076445284,0.015707377451050615,0.9842926225489493,0.15431883414004555,0.677355708495811,0.2046477417095511,0.1977917340707059,0.03335936090773431,0.0022293687885447696,0.23110055350690437,0.7333107167968165,0.9999999999999999,0.5666063811261695,0.5756483063531158,3.0993884792876494,0.07003425796609619,1.3767868180461718,0.3908420628263887,4.769439725005718,211.81059851437863,-3.990585639712663e-12,-2.220446049250313e-16,-1.4654943925052066e-14,-2.220446049250313e-16,0.0,1.896469353085406e-10,5.052250978687667e-11,1.8855473779555432e-10,6.908110628672803e-11
equilibrium_sigma_1_35,185.0,148.22103108488028,3.873018518435909,1.7983283174347107,2.22,2.3037047822700827,1.1454951057038503,2.614392925735487,1.9944728576890105,-0.15882301901120321,-0.6684545970625362,-1.7983283174347107,1.0203927588940231,-0.7779355585406875,-1.9162063308378028,2.2038875160365756,-3.471930785672688,-2.3357099268523505,0.3943929257354868,0.08370478227008249,1.6530185184359087,0.015657815569111222,0.018328208484867377,0.015734569730243363,0.0037345697302433624,0.007629856006667577,0.016241580897968788,0.004241580897968788,0.0032773958702492223,0.28404415069770717,0.06452591415752511,0.09373456973024337,0.04373456973024337,0.015983372260517294,0.9840166277394827,0.15536513894825632,0.6769259484838457,0.20472308329617905,0.19830826720959904,0.033630278086065495,0.0022737525391520828,0.23115355626170697,0.7329424131130755,1.0,0.5659053569046683,0.5750973519671977,3.095265606455473,0.07046436500926623,1.3901761940281416,0.3948714163528944,4.738518124355405,212.79451387929132,-3.823830141413964e-12,-2.220446049250313e-16,-1.6209256159527285e-14,2.220446049250313e-16,0.0,7.676012603319293e-11,1.9722980193481732e-11,7.651316386025897e-11,2.7883953826468577e-11
equilibrium_sigma_1_35,186.0,147.22103108488028,3.888703262427138,1.8167247307474585,2.232,2.319466882619345,1.1531274519933825,2.630666749403305,2.0110368250781336,-0.1555200833447068,-0.6881996739283958,-1.8167247307474585,1.0632208860282941,-0.7535038447191644,-1.8867127080123494,2.2156008262521665,-3.4358312915142433,-2.3049045695804264,0.3986667494033047,0.08746688261934477,1.6567032624271376,0.015711842137682216,0.01846477727846837,0.01578980312710381,0.0037898031271038114,0.007634923591879554,0.016306276602318093,0.0043062766023180925,0.003328645810096731,0.2842115246275873,0.06496843258788834,0.09378980312710382,0.043789803127103816,0.01626543934057184,0.9837345606594281,0.1564266653706443,0.6764899363347983,0.20479938173263607,0.19883389814938043,0.03390575231702899,0.0023192810329631945,0.2312075213128209,0.7325674453371869,0.9999999999999999,0.5651941342016682,0.574539267811025,3.091093948258846,0.07090011348130268,1.4038036330718828,0.39897717083310597,4.707319244662794,213.7781455176523,-3.660849401398991e-12,-2.220446049250313e-16,-1.687538997430238e-14,2.220446049250313e-16,0.0,-6.158669407785311e-11,-1.5241672507437798e-11,-6.154883894216034e-11,-2.2328358779966084e-11
equilibrium_sigma_1_35,187.0,146.22103108488028,3.9044425462555608,1.8352581913021622,2.244,2.3352847369515115,1.1607651284118106,2.647005904527863,2.0276714391992954,-0.1521653824415674,-0.7080996312580199,-1.8352581913021622,1.1063215728990334,-0.7289366184031287,-1.857143740099589,2.227307724508675,-3.3995529217952063,-2.2739997511910945,0.40300590452786267,0.09128473695151129,1.6604425462555605,0.015766899370716597,0.018602303990251288,0.015846081816167347,0.0038460818161673467,0.007640517760131055,0.01637224909423196,0.004372249094231961,0.0033809306287935215,0.28438206610959804,0.06541306997566486,0.09384608181616735,0.04384608181616735,0.01655373140391689,0.9834462685960831,0.15750368939042,0.6760475586911201,0.2048766507682005,0.19936883853888523,0.03418588214455168,0.002365989795707401,0.23126247119032706,0.7321856568694138,0.9999999999999999,0.5644725281084185,0.5739739385195188,3.0868728630540745,0.07134158974702971,1.4176738791814543,0.4031610268312306,4.675841664369968,214.7614872024185,-3.5009772858529686e-12,-2.220446049250313e-16,-1.7763568394002505e-14,2.220446049250313e-16,0.0,-1.9250223637357067e-10,-4.582064935809704e-11,-1.9289403754840784e-10,-6.971091412455444e-11
equilibrium_sigma_1_35,188.0,145.22103108488028,3.9202374131894837,1.8539296600919948,2.2560000000000002,2.351159403134173,1.1684086661071367,2.6634116839389677,2.044378115800654,-0.14875786840040428,-0.7281557116004864,-1.8539296600919948,1.1496977467558793,-0.7042319133361155,-1.827499284784193,2.239008045947621,-3.3630934383974886,-2.2429947369939236,0.40741168393896743,0.09515940313417293,1.6642374131894835,0.015823012600279573,0.018740794761390074,0.01590343107438854,0.0039034310743885393,0.0076466476845697025,0.01643953061902792,0.00443953061902792,0.0034342764965167305,0.28455585174057135,0.06585981151593395,0.09390343107438855,0.043903431074388544,0.016848405010676918,0.983151594989323,0.15859649301133158,0.6755986997223826,0.20495490434630023,0.19991330624167247,0.034470768730187076,0.002413915593480093,0.23131842904531166,0.7317968866310212,1.0,0.5637403496824077,0.5734012461105046,3.082601700859008,0.07178888158740507,1.4317917647112968,0.40742472512255884,4.644084009687265,215.74453254293525,-3.3428815271463463e-12,-2.220446049250313e-16,-1.9984014443252818e-14,-2.220446049250313e-16,0.0,-2.793012279789231e-10,-6.384500567113705e-11,-2.8062904430803393e-10,-1.0110692231363183e-10
equilibrium_sigma_1_35,189.0,144.22103108488028,3.9360889322033903,1.8727401042168732,2.2680000000000002,2.3670919646818773,1.1760586055314297,2.6798854132026415,2.0611583068291384,-0.14529646677423225,-0.7483691686712093,-1.8727401042168732,1.1933523814473452,-0.679387722769528,-1.7977792255671727,2.250701621398279,-3.326450575928128,-2.2118887995782526,0.41188541320264127,0.09909196468187709,1.66808893220339,0.01588020792146176,0.0188802556648685,0.015961876932611786,0.003961876932611786,0.007653322806453845,0.01650815441456288,0.004508154414562881,0.0034887103472769354,0.2847329604018539,0.066308641044655,0.0939618769326118,0.04396187693261179,0.017149620642817446,0.9828503793571826,0.15970536440220134,0.6751432410659106,0.2050341566053092,0.20046752555233707,0.03476051593304899,0.0024630964793556057,0.23137541866766195,0.7314009689199334,1.0,0.562997405850525,0.5728210698954449,3.0782798033138756,0.07224207821642589,1.4461622109796024,0.41177004755351265,4.61204495778363,216.7272749798851,-3.1883384821185246e-12,0.0,-2.19824158875781e-14,-1.1102230246251565e-16,0.0,-2.8119182676755727e-10,-6.163020788152451e-11,-2.8331066659337267e-10,-1.0183512713646259e-10
equilibrium_sigma_1_35,190.0,143.22103108488028,3.9519981987528863,1.891690496812143,2.2800000000000002,2.3830835315225425,1.1837154967163466,2.6964284516332135,2.078013501559345,-0.14178007578255958,-0.7687412673675229,-1.891690496812143,1.2372884984130688,-0.6544019983990743,-1.7679834728450832,2.26238827728522,-3.289622041222695,-2.1806812191957374,0.4164284516332133,0.10308353152254224,1.671998198752886,0.015938512219431378,0.019020692699019542,0.01602144620277509,0.00402144620277509,0.007660552851240496,0.01657815475120117,0.004578154751201168,0.0035442599166657374,0.2849134733417427,0.06675954097897278,0.0940214462027751,0.044021446202775094,0.01745754277789296,0.9825424572221071,0.16083059804489983,0.6746810617660022,0.20511442187918952,0.20103172742137396,0.03505523039241523,0.002513571841822697,0.2314334645042942,0.730997733261468,1.0000000000000002,0.562243499309917,0.5722332863859337,3.0739065036468207,0.07270127029766764,1.4607902287951045,0.4161988179096922,4.579723240114303,217.70970778005065,-3.035793838535028e-12,2.220446049250313e-16,-2.2426505097428162e-14,-1.1102230246251565e-16,0.0,-1.5292551253098807e-10,-3.2083315171238524e-11,-1.5451354085094238e-10,-5.5450195650397216e-11
equilibrium_sigma_1_35,191.0,142.22103108488028,3.967966335577523,1.9107818169708415,2.2920000000000003,2.399135240792104,1.1913798995652447,2.7130421933426705,2.0949452277643106,-0.1382075654971069,-0.7892732837785852,-1.9107818169708415,1.2815091677040322,-0.6292726492668093,-1.7381119650173846,2.2740678355358885,-3.2526055128240987,-2.149371284140659,0.42104219334267023,0.10713524079210357,1.675966335577523,0.015997953197511433,0.019162111780922527,0.016082166506274663,0.004082166506274663,0.0076683478455077565,0.016649566967341656,0.0046495669673416555,0.0036009537818237902,0.2850974742614384,0.06721249225572094,0.09408216650627467,0.04408216650627467,0.01777233996190399,0.982227660038096,0.16197249488584156,0.6742120382117043,0.2051957146979669,0.20160614968900228,0.0353550216130998,0.0025653824551143184,0.23149259167757616,0.7305870042542097,1.0,0.5614784284264861,0.5716377691956965,3.0694811266443756,0.07316654996041402,1.4756809188887263,0.42071290279097445,4.5471176458885,218.69182403089,-2.887245997840182e-12,0.0,-2.6645352591003757e-14,-1.1102230246251565e-16,0.0,1.232132208761616e-10,2.450048150470785e-11,1.2122121362256877e-10,4.466161381694311e-11
equilibrium_sigma_1_35,192.0,141.22103108488028,3.9839944935501843,1.9300150496627178,2.3040000000000003,2.4152482576765535,1.1990523841691645,2.7297280683361906,2.1119550529322835,-0.13457777699340623,-0.8099665051933682,-1.9300150496627178,1.3260175090464505,-0.6039975406162672,-1.7081646696194523,2.285740113488354,-3.2153986404187664,-2.117958291121196,0.42572806833619037,0.11124825767655322,1.679994493550184,0.016058559403400438,0.019304518739694843,0.0161440663025885,0.004144066302588501,0.00767671813373352,0.016722427513826688,0.004722427513826687,0.0036588213569999084,0.28528504940178334,0.0676674742688923,0.09414406630258851,0.044144066302588506,0.018094184881078314,0.9819058151189217,0.16313136249158375,0.6737360440729013,0.20527804978806347,0.2021910373294426,0.03566000205382653,0.0026185705315298715,0.2315528259960317,0.730168601418612,1.0,0.5607019871306388,0.571034388937528,3.065002988625258,0.07363801081553456,1.4908394722444076,0.4253142124893745,4.514227025620306,219.67361663519964,-2.7431390492438368e-12,0.0,-2.731148640577885e-14,-1.1102230246251565e-16,0.0,2.994178342763387e-10,5.6845125828708376e-11,2.9537266729717793e-10,1.0876704831935813e-10
equilibrium_sigma_1_35,193.0,140.22103108488028,4.000083852546391,1.9493911856434898,2.316,2.431423776272443,1.2067335311375131,2.746487543643787,2.1290445855275792,-0.1308895214780863,-0.8308222300990842,-1.9493911856434898,1.3708166929260686,-0.5785744927174212,-1.6781415844874332,2.297404923799574,-3.1779990442561132,-2.0864415456307106,0.43048754364378716,0.11542377627244305,1.684083852546391,0.016120360258568917,0.019447919309644263,0.01620717491973369,0.0042071749197336895,0.007685674396547933,0.01679677397614654,0.004796773976146539,0.003717892944621326,0.28547628763555666,0.06812446480483791,0.0942071749197337,0.044207174919733694,0.018423254432217644,0.9815767455677824,0.16430751520774112,0.6732529502350425,0.20536144207241225,0.20278664270431096,0.03597028721848157,0.0026731797757879867,0.23161419397109145,0.729742339034639,1.0000000000000002,0.5599139648108133,0.5704230131154314,3.060471397421154,0.07411574797070497,1.5062711703123566,0.43000470187323686,4.481050294867957,220.65507830540955,-2.6012525466967418e-12,-2.220446049250313e-16,-3.042011087472929e-14,-1.1102230246251565e-16,0.0,3.3473883734314036e-10,6.055952614381077e-11,3.3112842676152887e-10,1.2195028493977578e-10
equilibrium_sigma_1_35,194.0,139.22103108488028,4.0162356223161355,1.9689112213520694,2.328,2.4476630204522003,1.21442393193765,2.7633221244821686,2.1462154762952896,-0.1271415793979096,-0.8518417681671195,-1.9689112213520694,1.4159099416810332,-0.5530012796710362,-1.64804273895719,2.309062074354452,-3.1404043145655187,-2.0548203623223853,0.4353221244821688,0.11966302045220045,1.6882356223161357,0.016183386093194682,0.019592319123267407,0.016271522587663782,0.004271522587663782,0.0076952276716059954,0.016872645138832354,0.004872645138832354,0.0037781997641594955,0.28567128056867813,0.0685834399743142,0.09427152258766379,0.044271522587663786,0.018759729791289245,0.9812402702087107,0.16550127432079476,0.672762624732681,0.2054459066703047,0.2033932258244262,0.03628599575021879,0.0027292554414645536,0.23167672284538088,0.7293080259629356,0.9999999999999999,0.5591141462050675,0.5698035060119816,3.0558856523666953,0.07459985804471368,1.521981385092018,0.43478637128092734,4.447586438226954,221.63620155719832,-2.4638069362481474e-12,-2.220446049250313e-16,-3.1530333899354446e-14,-1.1102230246251565e-16,0.0,2.5974269263207006e-10,4.4688062278419594e-11,2.5766758518508404e-10,9.496968055716648e-11
equilibrium_sigma_1_35,195.0,138.22103108488028,4.032451043406738,1.9885761588049695,2.34,2.4639672447808927,1.2221241892614174,2.7802333554684178,2.1634694196182007,-0.12333269951119519,-0.8730264402373713,-1.9885761588049695,1.4613005306442903,-0.5272756281606792,-1.617868195089506,2.3207113681758047,-3.1026120109244113,-2.0230940653704064,0.4402333554684179,0.12396724478089283,1.692451043406738,0.016247668179461064,0.019737723704178773,0.01633714047209723,0.004337140472097229,0.0077053893744023355,0.016950081038746845,0.0049500810387468445,0.0038397739876572246,0.2858701226427189,0.06904437414345334,0.09433714047209724,0.04433714047209723,0.019103796480105406,0.9808962035198946,0.1667129682242587,0.6722649326812211,0.20553145889705518,0.2040110546233965,0.036607249528892175,0.0027868443896617917,0.23174044061350738,0.7288654654679387,1.0,0.5583023112897466,0.5691757285697592,3.051245044293652,0.07509043918136116,1.5379755790832113,0.43966126741402417,4.413834513415823,222.61697870317832,-2.3294699502685035e-12,-2.220446049250313e-16,-3.397282455352979e-14,-2.220446049250313e-16,0.0,1.0917945020283426e-10,1.7824304532343405e-11,1.0862074781292641e-10,4.0091110119211404e-11
equilibrium_sigma_1_35,196.0,137.22103108488028,4.048731388120824,2.00838700548392,2.352,2.4803377354686806,1.2298349174133658,2.7972228218801725,2.1808081549258223,-0.11946159792719824,-0.8943775782962962,-2.00838700548392,1.5069917893220404,-0.5013952161618795,-1.5876180489257452,2.3323526033356106,-3.064619661592663,-1.9912619888225724,0.4452228218801726,0.12833773546868077,1.6967313881208237,0.01631323876606655,0.0198841384599573,0.016404060709794062,0.004404060709794062,0.007716171320053162,0.017029122973966082,0.005029122973966082,0.003902648757492244,0.2860729112418002,0.0695072398628839,0.09440406070979407,0.044404060709794066,0.01945564443069755,0.9805443555693024,0.16794293258874818,0.671759736207066,0.20561811426342722,0.20464040524240848,0.036934173771791264,0.002845995149969443,0.2318053760428088,0.7284144550354305,1.0,0.5574782351655386,0.5685395382668517,3.046548855531746,0.07558759106267002,1.5542593050891613,0.44463148423151366,4.379793655520765,223.59740184636314,-2.19824158875781e-12,-2.220446049250313e-16,-3.730349362740526e-14,-1.1102230246251565e-16,0.0,-7.763640424984786e-11,-1.1999172488952325e-11,-7.746821933940495e-11,-2.8650066694058118e-11
equilibrium_sigma_1_35,197.0,136.22103108488028,4.0650779615093375,2.0283447742163174,2.364,2.496775811359226,1.2375567427212149,2.814292150963687,2.1982334681576203,-0.11552695711284677,-0.9158965254481706,-2.0283447742163174,1.5529871026086857,-0.47535767160763176,-1.5572924317745582,2.343985572867851,-3.026424762812778,-1.959323476943281,0.450292150963687,0.13277581135922611,1.7010779615093377,0.016380131114210106,0.0200315686749253,0.0164723164454428,0.004472316445442801,0.007727585746173771,0.01710981358815644,0.0051098135881564415,0.003966858217463454,0.2862797468043721,0.06997200779492715,0.09447231644544281,0.044472316445442805,0.0198154680470268,0.9801845319529732,0.16919151053597423,0.6712468943761498,0.20570588847480245,0.2052815623266069,0.03726689713778483,0.0029067579838041443,0.2318715586945473,0.7279547861838638,1.0,0.5566416879408972,0.5678947889861248,3.041796359916667,0.0760914149213179,1.5708382058582668,0.4496991638437388,4.345463081409547,224.5774628733826,-2.0730084315800923e-12,0.0,-3.952393967665557e-14,-1.1102230246251565e-16,0.0,-2.564102263846735e-10,-3.74239736422588e-11,-2.566316499585941e-10,-9.515413977589926e-11
equilibrium_sigma_1_35,198.0,135.22103108488028,4.081492102401072,2.0484504830484433,2.376,2.5132828249556862,1.2452903039696435,2.8314430132919313,2.2157471932829513,-0.11152742486558065,-0.93758463587941,-2.0484504830484433,1.5992899120401234,-0.44916057100831996,-1.526891511530256,2.355610064683306,-2.988024778073948,-1.927277884545362,0.4554430132919314,0.13728282495568633,1.7054921024010725,0.016448379535131674,0.02018001950287723,0.016541941870247205,0.004541941870247205,0.007739645336898412,0.017192196903881296,0.005192196903881296,0.00403243756386118,0.28649073294014304,0.07043864663885471,0.09454194187024721,0.04454194187024721,0.020183466263644374,0.9798165337363556,0.17045905281673615,0.6707262631208294,0.20579479743007367,0.20593481933359653,0.03760555183499327,0.0029691849502174166,0.23193901894556163,0.7274862442692277,0.9999999999999999,0.5557924346127867,0.5672413308779058,3.0369868228057526,0.07660201355221993,1.5877180135507247,0.4548664974044151,4.310842094318952,225.55715344743254,-1.949995720451625e-12,0.0,-4.1744385725905886e-14,0.0,0.0,-3.774172953330268e-10,-5.188044438497741e-11,-3.7892034301933997e-10,-1.4093433451517479e-10
equilibrium_sigma_1_35,199.0,134.22103108488028,4.0979751844703225,2.0687051551114184,2.388,2.5298601634860254,1.2530362528585703,2.8486771241749844,2.233351213880266,-0.1074616132509969,-0.9594432748158657,-2.0687051551114184,1.6459037170874,-0.4228014380240184,-1.4964154940233279,2.3672258614866792,-2.9494171373378593,-1.8951245773090415,0.4606771241749845,0.14186016348602548,1.7099751844703226,0.016518019429285116,0.020329495959778676,0.016612972262301497,0.004612972262301496,0.007752363248084693,0.01727631838033261,0.005276318380332611,0.004099423072112529,0.2867059765524288,0.07090712305420359,0.0946129722623015,0.0446129722623015,0.020559842600887626,0.9794401573991124,0.17174591799298308,0.6701976951651043,0.20588485722024197,0.20660047885461374,0.03795027373211694,0.0030333299742661413,0.23200778801038083,0.727008608283236,0.9999999999999998,0.5549302349447013,0.5665790102157029,3.0321195011016804,0.07711949132318172,1.6049045490153016,0.4601357259988674,4.27593008862033,226.53646500094928,-1.8318679906315083e-12,0.0,-4.529709940470639e-14,-2.220446049250313e-16,0.0,-3.850175595010441e-10,-4.970241926360863e-11,-3.877867332802154e-10,-1.4475558772486519e-10
equilibrium_sigma_1_35,200.0,133.22103108488028,4.11452861734425,2.0891098184798724,2.4,2.546509250009451,1.2607952544871097,2.865996245125065,2.2510474647783023,-0.10332809750395588,-0.9814738184729657,-2.0891098184798724,1.6928320764927816,-0.39627774198709087,-1.465864624403617,2.37883274069647,-2.910599236224073,-1.862862932086208,0.4659962451250652,0.14650925000945092,1.7145286173442504,0.016589087327225874,0.020480002916457813,0.01668544402885517,0.004685444028855169,0.007765753133754744,0.01736222499104656,0.0053622249910465596,0.0041678521567334315,0.2869255879662278,0.07137740158214256,0.09468544402885518,0.04468544402885517,0.020944805216165818,0.9790551947838342,0.17305247262401463,0.6696610399481362,0.205976084126699,0.20727885294894197,0.03830120247354962,0.0030992489180423416,0.23207789796378725,0.7265216506446208,1.0,0.5540548433419101,0.565907669244572,3.0271936432847046,0.07764395418454016,1.6224037208605402,0.4655091415265062,4.240726554767845,227.5153887279938,-1.7181811529098923e-12,-2.220446049250313e-16,-4.884981308350689e-14,2.220446049250313e-16,0.0,-2.171277012352757e-10,-2.6240638134611416e-11,-2.1940700992151285e-10,-8.223834807585817e-11
equilibrium_sigma_1_35,201.0,132.22103108488028,4.13115384775225,2.1096655060233895,2.412,2.56323154456655,1.2685679878646667,2.8834021853789285,2.268837933762218,-0.09912541489152327,-1.003677653998703,-2.1096655060233895,1.7400786096508716,-0.36958689637251796,-1.4352391885566194,2.3904304743680314,-2.871568435152218,-1.830492337187893,0.47140218537892853,0.1512315445665502,1.71915384775225,0.016661620932191368,0.020631545091314585,0.016759394750540606,0.0047593947505406055,0.0077798291737900364,0.017449965230564857,0.0054499652305648565,0.0042377633491241795,0.28714968106224426,0.07184944456491446,0.09475939475054061,0.04475939475054061,0.021338566950856834,0.9786614330491432,0.17437909145690392,0.6691161435460347,0.20606849461917306,0.2079702634922056,0.038658481598415534,0.0031669996544628613,0.232149381763518,0.7260251369836036,1.0,0.5531660087238743,0.5652271460217001,3.0222084894538184,0.07817550967771007,1.640221524303693,0.47098908757523356,4.205231084432094,228.49391557634223,-1.6071588504473766e-12,-2.220446049250313e-16,-5.306866057708248e-14,2.220446049250313e-16,0.0,1.5746741757749483e-10,1.7896444742815376e-11,1.5490113705607378e-10,5.963589518043211e-11
equilibrium_sigma_1_35,202.0,131.22103108488028,4.147852360742277,2.130373255253116,2.424,2.580028545398944,1.276355146459423,2.9008968034897418,2.2867246633504337,-0.09485206352744724,-1.0260561794125218,-2.130373255253116,1.7876469980532494,-0.3427262571998666,-1.4045395145507489,2.4020188291202507,-2.8323220584182023,-1.7980121926464874,0.47689680348974184,0.15602854539894428,1.7238523607422773,0.016735659160516156,0.020784127043117422,0.016834863226378248,0.004834863226378248,0.007794606101551773,0.017539589225457064,0.005539589225457064,0.004309196413032623,0.28737837341326744,0.07232321206449517,0.09483486322637825,0.04483486322637825,0.021741345372358417,0.9782586546276416,0.17572615762182134,0.6685628485916296,0.20616210535335908,0.2086750425406386,0.039022258663835525,0.0032366421439573526,0.23222227326252645,0.7255188259296808,1.0,0.5522634743933796,0.5645372742483835,3.0171632713750225,0.07871426694278477,1.658364039782532,0.4765779602797592,4.169443375749872,229.472036239643,-1.5027978861326119e-12,0.0,-5.595524044110789e-14,0.0,0.0,4.0516437774251735e-10,4.2899385432892956e-11,3.998177032504824e-10,1.546351302214588e-10
equilibrium_sigma_1_35,203.0,130.22103108488028,4.164625680932465,2.151234108159101,2.436,2.5969017902036717,1.284157438772775,2.9184820089773362,2.3047097526412283,-0.09050650114947612,-1.0486108035344022,-2.151234108159101,1.8355409867742627,-0.3156931213848382,-1.3737659741208015,2.413597566066464,-2.792857393232321,-1.7654219104604598,0.4824820089773363,0.1609017902036718,1.7286256809324652,0.01681124218618041,0.02093775316385784,0.016911889521540553,0.004911889521540553,0.007810099233457955,0.017631148780949957,0.0056311487809499565,0.00438219233345194,0.2876117864289108,0.07279866177888034,0.09491188952154056,0.04491188952154056,0.022153362810644676,0.9778466371893553,0.17709406283140824,0.6680009941925807,0.2062569331681439,0.20939353270988553,0.03939268537231934,0.0033082385141115873,0.23229660722786197,0.7250024688857071,0.9999999999999999,0.5513469779029564,0.5638378830935128,3.0120572125407645,0.07926033672472417,1.6768374313055148,0.482278209168645,4.133363238805223,230.44974114908297,-1.3997691894473974e-12,0.0,-5.995204332975845e-14,0.0,0.0,4.595526181816467e-10,4.515812723759893e-11,4.549563434319559e-10,1.7683723062267287e-10
equilibrium_sigma_1_35,204.0,129.22103108488028,4.181475373768455,2.172249111036239,2.448,2.6138528573978905,1.2919755889291133,2.9361597640268444,2.3227953592287376,-0.08608714386989202,-1.0713429459009807,-2.172249111036239,1.883764385980351,-0.2884847250558882,-1.3429189841904066,2.425166440750233,-2.753171688742764,-1.7327209148264588,0.48815976402684447,0.16585285739789057,1.7334753737684552,0.016888411493797245,0.021092427671641954,0.016990515019776296,0.004990515019776296,0.007826324502475931,0.017724697429777336,0.005724697429777336,0.004456793376572676,0.28785004551447363,0.07327574895443742,0.0949905150197763,0.0449905150197763,0.02257484638867961,0.9774251536113204,0.17848320758348304,0.6674304158481175,0.20635299508234853,0.2101260875670387,0.039769917703221004,0.0033818531423282414,0.23237241937637274,0.724475809778078,1.0,0.5504162509190663,0.5631287970085768,3.0068895282438177,0.07981383137771261,1.6956479445175547,0.4880923380059018,4.096990601442074,231.42702046403522,-1.3034018309099338e-12,0.0,-6.306066779870889e-14,0.0,0.0,3.6138813816477544e-10,3.281928548370949e-11,3.5896362965415207e-10,1.402696049590535e-10
equilibrium_sigma_1_35,205.0,128.22103108488028,4.198403046855817,2.1934193143067304,2.46,2.6308833674609993,1.2998103373076697,2.9539320852665294,2.340983701200164,-0.08159236487183419,-1.094254036678679,-2.1934193143067304,1.932321072513819,-0.2610982417929115,-1.3119990084265898,2.436725203086431,-2.713262154982843,-1.6999086423381653,0.49393208526652943,0.1708833674609993,1.738403046855817,0.016967209929638793,0.02124815460376546,0.017070782476883532,0.005070782476883532,0.007843298491603454,0.017820290536540995,0.0058202905365409945,0.004533043143073456,0.2880932802329804,0.07375442629755932,0.09507078247688354,0.045070782476883536,0.02300602804621135,0.9769939719537887,0.1798940013689424,0.6668509453636454,0.20645030829108596,0.2108730720408712,0.040154116048894135,0.0034575527417157435,0.23244974639978605,0.723938584809604,1.0,0.5494710190828085,0.5624098355325352,3.0016594256595726,0.08037486486829726,1.714801904468545,0.494022905608105,4.060325515195585,232.40386406275903,-1.2105871860512707e-12,0.0,-6.838973831690964e-14,-1.1102230246251565e-16,0.0,1.5743427742020977e-10,1.3152087058321271e-11,1.5691279525720248e-10,6.166181627798029e-11
equilibrium_sigma_1_35,206.0,127.22103108488028,4.215410351346381,2.2147457723360047,2.472,2.647994984333278,1.3076624412092088,2.971801045618321,2.359277059214948,-0.07702049305863845,-1.1173455165699346,-2.2147457723360047,1.9812149915367585,-0.23353078079924616,-1.281006558830069,2.448273597308361,-2.67312596175994,-1.6669845421558416,0.49980104561832084,0.1759949843332782,1.7434103513463808,0.01704768175464244,0.021404937809972793,0.017152736076665488,0.005152736076665488,0.00786103846877009,0.017917985337678743,0.005917985337678743,0.004610986603648115,0.28834162447474393,0.07423464388454143,0.0951527360766655,0.04515273607666549,0.023447144556205824,0.9765528554437942,0.18132686288428515,0.6662624107634547,0.20654889016166098,0.21163486284957286,0.04054544535553949,0.0035354064502874333,0.23252862598932608,0.723390522204847,1.0,0.5485110018675289,0.5616808130864134,2.9963661039395317,0.08094355277693155,1.7343057130580726,0.5000725266389938,4.023368161422972,233.38026153275854,-1.120881165661558e-12,0.0,-7.327471962526033e-14,0.0,0.0,-9.894730521042838e-11,-7.564875809107363e-12,-9.896614083793054e-11,-3.9121005046549584e-11
equilibrium_sigma_1_35,207.0,126.22103108488028,4.232498983378507,2.2362295432420485,2.484,2.6651894168716725,1.315532675558282,2.9897687762235385,2.377677778669599,-0.07236981165518808,-1.1406188367122256,-2.2362295432420485,2.0304501582367673,-0.20577938500528115,-1.2499421973621088,2.4598113619216186,-2.6327602374850887,-1.6339480761443246,0.5057687762235386,0.18118941687167256,1.7484989833785072,0.017129872699850515,0.021562780945938383,0.017236421489650357,0.0052364214896503565,0.007879562423362713,0.018017841054707162,0.006017841054707162,0.004690670156737298,0.28859521663530413,0.07471634906959365,0.09523642148965036,0.04523642148965036,0.023898437533188766,0.9761015624668112,0.18278222024876312,0.6656646362015265,0.20664875822898038,0.21241184894664453,0.04094407526889363,0.0036154859235866376,0.23260909686068046,0.7228313419468393,1.0,0.5475359124333287,0.5609415387570857,2.991008754316909,0.08152001229777764,1.7541658461315466,0.5062438723785853,3.986118857644914,234.35620216074346,-1.0373923942097463e-12,0.0,-7.815970093361102e-14,-2.220446049250313e-16,0.0,-3.471541422384039e-10,-2.4150278998824604e-11,-3.4847586274922016e-10,-1.3860027188450363e-10
equilibrium_sigma_1_35,208.0,125.22103108488028,4.249670685573693,2.257871688698353,2.496,2.6824684203655167,1.323421833642674,3.0078374684473608,2.3961882719523016,-0.06763855675935915,-1.1640754585699842,-2.257871688698353,2.0800306595979556,-0.17784102910039756,-1.2188065376085735,2.471338229665464,-2.592162067939907,-1.6007987189763282,0.5118374684473608,0.1864684203655167,1.753670685573693,0.01721383002441275,0.021721687467015936,0.01732188593473679,0.00532188593473679,0.007898889104442856,0.01811991893196918,0.006119918931969181,0.004772141668496488,0.2888541998022327,0.07519948639101642,0.0953218859347368,0.045321885934736794,0.024360153432719484,0.9756398465672805,0.18426051122622575,0.6650574418704132,0.20674993019044124,0.21320443198580483,0.04135018028493247,0.0036978654308600306,0.2326911987792854,0.7222607555049221,1.0,0.5465454574784286,0.5601918160696387,2.985586560224906,0.08210436223663878,1.774388850201732,0.512539671463025,3.9485780641006603,235.33167492217268,-9.561240688071848e-13,-2.220446049250313e-16,-8.459899447643693e-14,0.0,0.0,-5.186455709349502e-10,-3.261742959059788e-11,-5.225565050115399e-10,-2.091621754268802e-10
equilibrium_sigma_1_35,209.0,124.22103108488028,4.266927248592176,2.279673273730797,2.508,2.6998337981151916,1.3313307278917617,3.026009375965849,2.414811020791688,-0.06282491584149197,-1.1877168538196012,-2.279673273730797,2.1299606562411126,-0.14971261748968434,-1.1876002464818054,2.4828539274825165,-2.551328494977416,-1.5675359581977197,0.5180093759658488,0.19183379811519163,1.758927248592176,0.017299602576287293,0.02188166062230557,0.017409178243929936,0.005409178243929936,0.007919038060718957,0.018224282374301737,0.0062242823743017366,0.004855450548291174,0.28911872195130284,0.07568399747558086,0.09540917824392994,0.04540917824392994,0.024832543541168792,0.9751674564588312,0.1857621834517256,0.6644406439081616,0.20685242390026665,0.21401302680580017,0.041763939905771014,0.0037826219549045043,0.23277497258590807,0.7216784655534164,1.0,0.5455393370873438,0.5594314427476742,2.980098697428161,0.08269672300688513,1.7949813387680629,0.5189627105910609,3.9107463905196873,236.30666847036179,-8.801848139228241e-13,-2.220446049250313e-16,-8.992806499463768e-14,0.0,0.0,-5.361752535015807e-10,-3.025901751385618e-11,-5.422861465431694e-10,-2.1847904735361467e-10
equilibrium_sigma_1_35,210.0,123.22103108488028,4.284270512750185,2.301635366508787,2.52,2.717287403076866,1.3392601906955308,3.0442868169395205,2.4335485787044173,-0.057927026189749764,-1.211544504227665,-2.301635366508787,2.1802443843369996,-0.12139098217178734,-1.1563240459609978,2.4943581764976663,-2.510256515153136,-1.5341592942512714,0.5242868169395205,0.19728740307686587,1.7642705127501848,0.017387240855792296,0.02204270344909238,0.01749834893035599,0.00549834893035599,0.007940029682352839,0.018330996967019786,0.006330996967019786,0.004940647764239969,0.2893889361525939,0.07616982094114796,0.095498348930356,0.045498348930355995,0.02531586395491771,0.9746841360450823,0.18728769466294806,0.6638140543032557,0.20695625736325435,0.21483806193605273,0.04218553880094374,0.003869835295715893,0.23286046022249865,0.7210841656808418,1.0,0.5445172445758247,0.5586602104608781,2.9745443341680877,0.08329721662323146,1.8159499882042869,0.525515835192754,3.8726246031124893,237.28117112513243,-8.091305403468141e-13,0.0,-9.592326932761353e-14,-1.1102230246251565e-16,0.0,-3.129639082610769e-10,-1.571499180785807e-11,-3.1777738079830087e-10,-1.288823336248468e-10
equilibrium_sigma_1_35,211.0,122.22103108488028,4.301702369702315,2.3237590381310933,2.532,2.7348311395773535,1.347211075266382,3.0626721762779106,2.452403573546488,-0.05294297329890485,-1.2355599015227559,-2.3237590381310933,2.2308861575974746,-0.09287288053361875,-1.124978714871618,2.5058506920071277,-2.46894307828208,-1.5006682404548293,0.5306721762779105,0.20283113957735344,1.7697023697023146,0.017476797082034437,0.022204818767717256,0.017589450259710267,0.0055894502597102665,0.007961885244635349,0.018440130644670205,0.006440130644670205,0.005027785958677811,0.2896650007870008,0.07665689229761352,0.09558945025971027,0.04558945025971027,0.025810375548039884,0.9741896244519601,0.1888375129365451,0.6631774807975449,0.20706144872790377,0.2156799801241682,0.042615166974264436,0.003959588178072085,0.23294770475792523,0.7204775400897383,1.0000000000000002,0.5434788663325146,0.5578779045591395,2.9689226313226023,0.08390596669322078,1.8373015331834173,0.5322019500555324,3.8342136317809894,238.25517086099148,-7.394085344003543e-13,-2.220446049250313e-16,-1.0236256287043943e-13,2.220446049250313e-16,0.0,2.0362753497260577e-10,9.407162548935588e-12,2.0118244223321646e-10,8.364474217426032e-11
equilibrium_sigma_1_35,212.0,121.22103108488028,4.319224764223037,2.346045362407927,2.544,2.7524669651348463,1.3551842565587846,3.08116790801212,2.4713787101768925,-0.04787078918845644,-1.2597645472631043,-2.346045362407927,2.2818903693674857,-0.06415499304044125,-1.0935650907011567,2.5173311834785634,-2.4273850858907347,-1.4670623229213882,0.5371679080121199,0.2084669651348463,1.775224764223037,0.017568325256950693,0.022368009177019962,0.01768253632358078,0.005682536323580779,0.007984626951724517,0.01855175373099982,0.00655175373099982,0.005116919445935508,0.2899470797684266,0.07714514384792123,0.09568253632358079,0.04568253632358078,0.026316343927557436,0.9736836560724426,0.19041211693017523,0.662530726786828,0.20716801627893555,0.21653923888832657,0.043053019936672335,0.004051966363243023,0.23303675039912736,0.7198582633009573,1.0,0.5424238816567826,0.5570843037920173,2.963232742578152,0.08452309840654505,1.8590427616100178,0.5390240198934559,3.795514577461367,239.2286552953193,-6.767919558114954e-13,-2.220446049250313e-16,-1.092459456231154e-13,-1.1102230246251565e-16,0.0,5.579869899463574e-10,2.259416265193437e-11,5.53381805656894e-10,2.315984990591824e-10
equilibrium_sigma_1_35,213.0,120.22103108488028,4.336839696050085,2.368495415637518,2.556,2.770196892343706,1.363180632231779,3.099776537763674,2.4904767732345463,-0.04270845066290985,-1.2841599526969407,-2.368495415637518,2.3332614947975836,-0.035233920839934374,-1.0620840714570785,2.5287993545634944,-2.3855793895955784,-1.4333410804283784,0.5437765377636739,0.21419689234370587,1.7808396960500845,0.01766188123493795,0.022532277050327364,0.017777663117158067,0.005777663117158067,0.008008277982969467,0.01866593906107994,0.006665939061079939,0.005208104314480266,0.2902353427792669,0.07763450458707184,0.09577766311715807,0.04577766311715807,0.026834039375080686,0.9731659606249193,0.1920119961293249,0.6618735912194735,0.20727597842909556,0.21741631109307621,0.043499298884999434,0.004147058764893639,0.23312764250905493,0.719225999841052,1.0,0.5413519625933523,0.5562791800133686,2.957473814618457,0.08514873852164825,1.881180509019504,0.5459850698649515,3.756528719722141,240.2016116758848,-6.16839912481737e-13,-2.220446049250313e-16,-1.170175067954915e-13,-1.1102230246251565e-16,0.0,6.424400143811848e-10,2.2509039770968187e-11,6.396307095091203e-10,2.694780475154257e-10
equilibrium_sigma_1_35,214.0,119.22103108488028,4.354549221740712,2.391110276376441,2.568,2.7880229907815997,1.3712011236350192,3.1185006652934417,2.5097006300283686,-0.03745387753136464,-1.308747638613173,-2.391110276376441,2.385004093071846,-0.006106183304595003,-1.0305366175715145,2.5402549031232566,-2.343522789446937,-1.3995040642439918,0.5505006652934417,0.2200229907815996,1.7865492217407115,0.01775752280560726,0.022697624531943208,0.0178748886245542,0.005874888624554198,0.008032862545116936,0.018782762096769545,0.006782762096769545,0.005301398475765495,0.2905299655289521,0.07812490009634249,0.0958748886245542,0.0458748886245542,0.02736373677359289,0.9726362632264071,0.1936376510977263,0.6612058684935636,0.20738535371011987,0.21831168554629424,0.04395421088652699,0.004244957569223069,0.23322042764932982,0.7185804038949201,0.9999999999999999,0.5402627737645234,0.5554622978711237,2.951644987334857,0.08578301534894961,1.9037216524041358,0.5530881860496933,3.717257524763289,241.17402686681623,-5.60440582830779e-13,0.0,-1.2301271112846734e-13,0.0,0.0,5.120766276289768e-10,1.5281397675037667e-11,5.1189124813944e-10,2.1710102465766212e-10
equilibrium_sigma_1_35,215.0,118.22103108488028,4.372355456641518,2.413891025209116,2.58,2.8059473890372595,1.379246676859945,3.137342967175357,2.5290532335576956,-0.032104930746876814,-1.3335291351904823,-2.413891025209116,2.437122809756535,0.023231784547419032,-0.9989237538444664,2.5516975212695194,-2.3012120321509286,-1.3655508378807826,0.5573429671753569,0.22594738903725942,1.792355456641518,0.017855309774340772,0.022864053534430356,0.01797427290647182,0.0059742729064718204,0.008058405924595186,0.01890230102663537,0.006902301026635371,0.00539686174416687,0.2908311300196116,0.07861625243793045,0.09597427290647183,0.045974272906471825,0.02790571551841165,0.9720942844815883,0.1952895937338055,0.660527348351559,0.2074961607629796,0.2192258676247206,0.04441796907021086,0.00434575835965066,0.23331515360740473,0.7179211189627337,1.0,0.5391559721983502,0.5546334144798296,2.945745394050466,0.0864260587314388,1.9266731034347893,0.5603365158503318,3.6777026535333732,242.14588733457305,-5.067057884389214e-13,-2.220446049250313e-16,-1.3078427230084344e-13,0.0,0.0,2.308047052090867e-10,5.751295273359602e-12,2.3167815582647577e-10,9.89127148243174e-11
equilibrium_sigma_1_35,216.0,117.22103108488028,4.390260576943554,2.436838744515246,2.592,2.8239722768310407,1.3873182638454291,3.1563061995874424,2.5485376256657757,-0.026659410474847878,-1.3585059818424732,-2.436838744515246,2.4896223792552106,0.05278363473996439,-0.967246571429675,2.563126895420768,-2.2586438091920966,-1.331480976779732,0.5643061995874423,0.2319722768310406,1.7982605769435538,0.017955304046226778,0.023031565736704184,0.018075878192299284,0.006075878192299284,0.008084934541903153,0.019024636885855983,0.007024636885855983,0.00549455589249348,0.29113902482514936,0.07910848004844542,0.09607587819229929,0.04607587819229929,0.02846025941097316,0.9715397405890268,0.19696834753242579,0.6598378157727925,0.207608418327305,0.22015937992729612,0.044890792824590485,0.004449560246138709,0.2334118694223112,0.7172477775069597,1.0,0.5380312071532747,0.5537922790755593,2.9397741617616258,0.08707800002213478,1.950041801033302,0.5677332683211135,3.637865970059698,243.11717913337242,-4.574118861455645e-13,0.0,-1.3944401189291966e-13,-1.1102230246251565e-16,0.0,-1.277162091362083e-10,-2.5896784716650245e-12,-1.287470546840197e-10,-5.5330814582865706e-11
equilibrium_sigma_1_35,217.0,116.22103108488028,4.408266821822949,2.4599545182357807,2.604,2.842099907229692,1.395416883538791,3.175393201224514,2.568156940332748,-0.02111505408877523,-1.3836797270591346,-2.4599545182357807,2.542507627374309,0.08255310913852831,-0.9355062298643455,2.5745427063761763,-2.215814754854639,-1.297294067920118,0.571393201224514,0.23809990722969188,1.8042668218229485,0.01805756971413279,0.023200162583023116,0.018179768977126913,0.006179768977126913,0.008112476008430042,0.019149853696109886,0.007149853696109886,0.005594544749687458,0.29145384538523306,0.07960149763115318,0.09617976897712692,0.04617976897712692,0.02902765653408278,0.9709723434659172,0.19867444785188532,0.6591370508637996,0.20772214522993754,0.22111276295738821,0.04537290800259468,0.0045564659992912,0.23351062541026618,0.716560000587848,1.0,0.5368881199392368,0.5529386326522929,2.9337304113977236,0.08773897205816848,1.9738347032506371,0.5752817144172185,3.5977495500011853,244.0878878899806,-4.134470543704083e-13,0.0,-1.4810375148499588e-13,0.0,0.0,-4.790482142913444e-10,-7.629969572819917e-12,-4.850392067157205e-10,-2.0981410012166357e-10
equilibrium_sigma_1_35,218.0,115.22103108488028,4.426376495671263,2.483239431638395,2.616,2.860332598960397,1.4035435631146411,3.1946068963387977,2.587914407115345,-0.01546953409012719,-1.4090519282454106,-2.483239431638395,2.5957834740061556,0.11254404236776061,-0.9037039591436247,2.5859446294083757,-2.1727214441366387,-1.2629897093491342,0.5786068963387976,0.24433259896039683,1.8103764956712625,0.01816217315114846,0.023369845282976986,0.018286012123989122,0.006286012123989122,0.008141059185811407,0.019278038592140945,0.0072780385921409445,0.005696894256335128,0.2917757943151186,0.08009521604707721,0.09628601212398913,0.046286012123989126,0.029608199107205375,0.9703918008927946,0.20040844218623186,0.6584248287464699,0.20783736037255834,0.22208657583530308,0.04586454713349525,0.004666582189375865,0.23361147319003833,0.7158573974870907,1.0000000000000002,0.5357263437352245,0.5520722075787714,2.9276132581000502,0.08840910913128008,1.9980587784039503,0.5829851871571081,3.5573556894217138,245.05799878783796,-3.6992631180510216e-13,0.0,-1.56097357262297e-13,-1.1102230246251565e-16,0.0,-7.268492266399029e-10,-8.635130804846014e-12,-7.39273156580289e-10,-3.218431823132084e-10
equilibrium_sigma_1_35,219.0,114.22103108488028,4.444591970419973,2.5066945710834956,2.628,2.8786727388293936,1.411699359254105,3.2139502979150354,2.607813354740962,-0.009720455948948103,-1.434624151557709,-2.5066945710834956,2.6494549359367134,0.14276036485321786,-0.8718410618408292,2.597332334376739,-2.129360390551505,-1.2285675096248823,0.5859502979150353,0.25067273882939345,1.8165919704199727,0.018269183107653464,0.0235406148125818,0.0183946769716574,0.006394676971657399,0.008170714247931254,0.019409281935001133,0.007409281935001132,0.005801672555705295,0.29210508173229516,0.0805895422050754,0.0963946769716574,0.0463946769716574,0.03020218332028478,0.9697978166797152,0.20217089044294506,0.6577009194439903,0.20795408271834437,0.223081397042548,0.04636594964226795,0.004780019330417555,0.23371446570799465,0.7151395653193199,1.0,0.5345455034032267,0.5511927271947711,2.921421811520294,0.08908854695450522,2.0227209954227656,0.5908470816895964,3.5166869137810495,246.02749655048567,-3.312905505481467e-13,-2.220446049250313e-16,-1.6653345369377348e-13,2.220446049250313e-16,0.0,-7.616357475259683e-10,-6.203922792158423e-12,-7.782684253998529e-10,-3.409503426116123e-10
equilibrium_sigma_1_35,220.0,113.22103108488028,4.46291568796377,2.5303210237919314,2.64,2.897122784250868,1.4198853594871064,3.2334265109870706,2.627857214864219,-0.0038653558615684425,-1.4603979717392594,-2.5303210237919314,2.7035271297859143,0.1732061059939829,-0.8399189152745019,2.6087054858628833,-2.085728043810435,-1.194027087165892,0.5934265109870704,0.2571227842508681,1.82291568796377,0.018378670813277376,0.02371247191659749,0.018505835448332987,0.006505835448332987,0.008201472745689813,0.019543677496347556,0.0075436774963475554,0.005908950080346642,0.29244192560100907,0.08108437895101751,0.096505835448333,0.04650583544833299,0.03080990914449595,0.969190090855504,0.20396236522604191,0.6569650877645627,0.2080723312775963,0.22409782519939228,0.046877362076627654,0.00489689202951172,0.23381965726271856,0.714406088631142,0.9999999999999999,0.5333452152985518,0.5502999053857103,2.9151551761395313,0.08977742262482041,2.047828313351683,0.5988708552568327,3.475745987139168,246.99636542425947,-2.9531932455029164e-13,-4.440892098500626e-16,-1.7474910407599964e-13,0.0,0.0,-4.594240508859482e-10,-2.1744793465838796e-12,-4.717127279063593e-10,-2.0791717653123598e-10
equilibrium_sigma_1_35,221.0,112.22103108488028,4.481350162688206,2.5541198776156637,2.652,2.915685265892912,1.4281026836008053,3.2530387361035284,2.6480495259946575,0.0020983015785978054,-1.4863749719554191,-2.5541198776156637,2.7580052750892943,0.20388539747363055,-0.8079389737231901,2.620063743330224,-2.0418207873788115,-1.1593680694996316,0.6010387361035283,0.26368526589291186,1.8293501626882058,0.018490710083897563,0.023885417112197237,0.018619562191577087,0.0066195621915770865,0.008233367674622485,0.01968132258278743,0.00768132258278743,0.006018799636464678,0.29278655209568816,0.08157962495624127,0.0966195621915771,0.04661956219157709,0.031431680118251364,0.9685683198817486,0.2057834521246708,0.6562170931828666,0.20819212509228374,0.22513647987737379,0.04739903834202253,0.005017319141508554,0.23392710352869456,0.7136565389877744,1.0,0.5321250870764704,0.5493934461344319,2.9088124516081955,0.09047587458150691,2.073387669954119,0.6070600270435792,3.434535921567788,247.96458916022465,-2.62456723021387e-13,0.0,-1.8474111129762605e-13,0.0,0.0,2.669478041394946e-10,8.121558980889176e-13,2.664975011501536e-10,1.200549850505217e-10
equilibrium_sigma_1_35,222.0,111.22103108488028,4.49989798414914,2.5780922208127253,2.664,2.934362790491633,1.4363524851368816,3.272790272967427,2.6683939376092702,0.008173125817165783,-1.5125567436311742,-2.5780922208127253,2.8128946975527125,0.23480247673998722,-0.7759027706830564,2.631406761309306,-1.9976349358615624,-1.1245900923887955,0.6087902729674268,0.27036279049163303,1.8358979841491396,0.018605377426348907,0.02405945069426967,0.01873593467243733,0.0067359346724373305,0.008266433542893553,0.019822318204631983,0.007822318204631983,0.006131296490519134,0.2931391959770828,0.08207517460800637,0.09673593467243734,0.046735934672437335,0.03206780310688051,0.9679321968931195,0.2076347500082289,0.6554566897188422,0.2083134832195136,0.22619800245126742,0.0479312399451591,0.005141423929324897,0.23403686155880832,0.7128904745667077,1.0,0.5308847174944865,0.5484730430483942,2.902392733104405,0.09118404256035423,2.0994059693639713,0.6154181778888427,3.3930599866544306,248.93215099599354,-2.313704783318826e-13,2.220446049250313e-16,-1.949551631241775e-13,0.0,0.0,7.844707210213908e-10,1.0877063139069776e-13,7.867907957093134e-10,3.5646666347866063e-10
equilibrium_sigma_1_35,223.0,110.22103108488028,4.518561819860886,2.6022391418276856,2.676,2.953158043783537,1.4446359529577397,3.2926845242385494,2.6888942144544137,0.014361802867753237,-1.538944886290493,-2.6022391418276856,2.868200832463008,0.2659616906353226,-0.7438119211776035,2.6427341896112275,-1.9531667322549535,-1.0896927988432363,0.6166845242385492,0.2771580437835368,1.8425618198608857,0.018722752151055164,0.0242345727423334,0.01885503332700244,0.006855033327002439,0.008300706442787773,0.01996676925131169,0.007966769251311689,0.006246518486907604,0.2935001009909165,0.08257091789921882,0.09685503332700245,0.04685503332700244,0.03271858803387614,0.9672814119661238,0.20951687132694125,0.6546836258142305,0.2084364247137856,0.22728305698914023,0.048474236246044966,0.005269334229916967,0.23414898979262042,0.7121074397314177,1.0,0.5296236962109493,0.5475383788616602,2.895895111715226,0.09190206754300564,2.125890068715521,0.6239489498635917,3.3513217192242633,249.89903363659585,-2.042810365310288e-13,0.0,-2.0472512574087887e-13,2.220446049250313e-16,0.0,9.174056861405155e-10,-2.2342509786721365e-12,9.24528124196522e-10,4.211703295148306e-10
equilibrium_sigma_1_35,224.0,109.22103108488028,4.537344418113119,2.626561729079778,2.688,2.972073793486121,1.452954312846876,3.312724999472656,2.709554241037801,0.020667097905870513,-1.565541007397043,-2.626561729079778,2.9239292282187086,0.29736749913893057,-0.7116681241289942,2.654045673571627,-1.9084123451301302,-1.0546758380315435,0.6247249994726558,0.28407379348612105,1.8493444181131191,0.018842916505577928,0.024410783128963817,0.018976941700797507,0.006976941700797507,0.008336224131176066,0.02011478465346883,0.008114784653468831,0.006364546125681159,0.293869520305447,0.08306674031247382,0.09697694170079751,0.04697694170079751,0.03338434758145837,0.9666156524185416,0.21143044241593958,0.6538976442076752,0.20856096860784024,0.22839233117666022,0.049028304718276836,0.005401182625850718,0.2342635481012894,0.7113069645545831,1.0,0.5283416035813204,0.5465891249116147,2.889318674848488,0.09263009170040266,2.1528467636799586,0.6326560457337634,3.3093249334847195,250.8652192329883,-1.7985612998927536e-13,0.0,-2.149391775674303e-13,2.220446049250313e-16,0.0,7.413640673581412e-10,-3.463257458591329e-12,7.508071386830295e-10,3.4382646209307755e-10
equilibrium_sigma_1_35,225.0,108.22103108488028,4.556248610964892,2.6510610707611915,2.7,2.991112892474062,1.4613088292099177,3.3329153192642544,2.7303780263370747,0.02709185798623004,-1.5923467222025274,-2.6510610707611915,2.9800855500700245,0.32902447930883305,-0.6794731647766383,2.665340854327054,-1.8633678656170778,-1.0195388640428544,0.6329153192642543,0.2911128924740618,1.856248610964892,0.01896595580608902,0.024588081530322548,0.01910174659832773,0.00710174659832773,0.008373026110338647,0.020266477589458987,0.008266477589458986,0.0064854626824484285,0.2942477169646295,0.0835625227069415,0.09710174659832774,0.047101746598327734,0.034065396858875864,0.9659346031411241,0.2133761038062183,0.6530984818070014,0.20868713389225144,0.2295265372869908,0.04959373121885208,0.0055371066229380535,0.2343805978089515,0.7104885643492584,1.0000000000000002,0.5270380104498337,0.5456249405870313,2.8826625066641904,0.09336825833131418,2.180282772852744,0.6415432282492318,3.2670737312116493,251.8306893604478,-1.5720758028692217e-13,-2.220446049250313e-16,-2.2648549702353193e-13,0.0,0.0,3.452281620297537e-10,-2.265184567695755e-12,3.5140249043941196e-10,1.61724061226165e-10
equilibrium_sigma_1_35,226.0,107.22103108488028,4.575277317378057,2.675738254647046,2.712,3.0102782821138008,1.4697008068601534,3.353259219584971,2.7513697087316604,0.03363901487183529,-1.6193636536026652,-2.675738254647046,3.036675584055073,0.3609373294080269,-0.6472289171498873,2.6766193691263496,-1.8180293042191389,-0.984281534501423,0.6412592195849709,0.2982782821138006,1.8632773173780568,0.01909195857482511,0.024766467438841262,0.01922953824084083,0.0072295382408408305,0.008411153712033565,0.02042196566076626,0.008421965660766261,0.0066093543105161245,0.29463496436618436,0.08405814120574123,0.09722953824084084,0.047229538240840835,0.034762053036109665,0.9652379469638903,0.21535451054148227,0.6522858695590726,0.20881493949362562,0.23068641319545768,0.05017081026754712,0.005677248833980319,0.23450020171046232,0.7096517391880102,0.9999999999999999,0.5257124779372069,0.5446454727467048,2.875925688529794,0.09411671179524599,2.208204720914343,0.6506143192598376,3.2245725120845927,252.79542499608726,-1.3722356584366935e-13,0.0,-2.3736568266485847e-13,0.0,0.0,-1.673165009319355e-10,1.3548259736317902e-12,-1.71200661286397e-10,-7.9160827198832e-11
equilibrium_sigma_1_35,227.0,106.22103108488028,4.5944335464910315,2.700594367919175,2.724,3.0295729957599176,1.478131592889673,3.37376055632562,2.772533561169522,0.04031158797799517,-1.6465934320024964,-2.700594367919175,3.09370524114147,0.393110873222295,-0.6149373465970562,2.687880851679659,-1.7723925874540125,-0.9489035090246163,0.6497605563256199,0.30557299575991737,1.8704335464910313,0.01922101668482455,0.02494594017823927,0.019360410433223556,0.0073604104332235555,0.008450650185362892,0.020581371145134142,0.008581371145134142,0.006736310189658923,0.2950315467673441,0.08455346708367811,0.09736041043322356,0.04736041043322356,0.03547463494067847,0.9645253650593215,0.2173663325007932,0.6514595323172667,0.20894440425132477,0.2318727234407867,0.05075984533617167,0.005821757168740258,0.23462242408745138,0.7087959734076366,0.9999999999999998,0.5243645572244685,0.5436503551072693,2.869107299500596,0.09487559743935975,2.2366191204872266,0.6598731986467633,3.181825984173835,253.75940649534903,-1.1812772982011666e-13,-2.220446049250313e-16,-2.5002222514558525e-13,-1.1102230246251565e-16,0.0,-6.760866241850572e-10,6.26877369458434e-12,-6.955084598525563e-10,-3.2300560837139614e-10
equilibrium_sigma_1_35,228.0,105.22103108488028,4.613720401040276,2.7256304970061764,2.736,3.0490001624226437,1.4866025786299684,3.394423310053116,2.793873996581828,0.04711268743697916,-1.6740376951932492,-2.7256304970061764,3.1511805615867985,0.42555006458062206,-0.5826005123725144,2.6991249325478424,-1.7264535543115231,-0.913404447512585,0.6584233100531156,0.3130001624226435,1.8777204010402762,0.019353225512382055,0.025126498921085042,0.019494460740639173,0.007494460740639173,0.008491560788624869,0.0207448211897443,0.0087448211897443,0.006866422621598645,0.2954377598201187,0.08504836665558137,0.09749446074063918,0.04749446074063918,0.03620346261515296,0.963796537384847,0.21941225472707246,0.6506191887065468,0.20907554689263805,0.23308626033520816,0.051361149148066415,0.005970785030271123,0.23474733072241244,0.7079207350992499,1.0,0.5229937893328613,0.5426392075986762,2.8622064168257193,0.09564506151907212,2.2655323526085427,0.6693238030546711,3.138839174564639,254.72261356742564,-1.021405182655144e-13,0.0,-2.6001423236721166e-13,2.220446049250313e-16,0.0,-1.0425198933294855e-09,1.0506914782659749e-11,-1.078420030359295e-09,-5.028721501709743e-10
equilibrium_sigma_1_35,229.0,104.22103108488028,4.6331410809373486,2.750847727442344,2.748,3.068563010616488,1.4951152017060232,3.415251590994134,2.8153955735594165,0.05404551728946938,-1.7016980882430932,-2.750847727442344,3.209107719532306,0.45825999208996215,-0.55022057028388,2.710351239575199,-1.680207952517931,-0.8777840082572332,0.6672515909941339,0.3205630106164876,1.8851410809373483,0.019488684097705544,0.025308142709126777,0.019631790675561762,0.007631790675561762,0.008533932885355453,0.02091244801549763,0.00891244801549763,0.006999787147687897,0.295853911138066,0.08554270116549596,0.09763179067556177,0.047631790675561766,0.03694885683286864,0.9630511431671314,0.22149297776151267,0.6497645509861046,0.20920838600632313,0.23432784512584545,0.05197504398822247,0.006124491517723231,0.23487498891058195,0.7070254755834724,1.0,0.5215997048997865,0.5416116356857552,2.8552221164803813,0.09642525111199099,2.294950645733451,0.6789701244090716,3.09561744010196,255.68502524955517,-8.881784197001252e-14,0.0,-2.7133850721838826e-13,0.0,0.0,-1.1076017741862287e-09,1.1640296365689196e-11,-1.1522897705451562e-09,-5.393180190632618e-10
equilibrium_sigma_1_35,230.0,103.22103108488028,4.652698887009809,2.7762471437483716,2.7600000000000002,3.0882648724006283,1.5036709481881407,3.436249644258121,2.8371030023057977,0.06111337880928236,-1.7295762634044498,-2.7762471437483716,3.267493027845287,0.4912458840969154,-0.5177997754014281,2.721559398368601,-1.6336514345958764,-0.842041845857066,0.676249644258121,0.32826487240062807,1.8926988870098085,0.019627495314276017,0.025490870476634717,0.019772505895912514,0.007772505895912513,0.008577816044777024,0.021084389218994914,0.009084389218994914,0.007136502728766203,0.2962803208967046,0.08603632667699815,0.09777250589591252,0.04777250589591252,0.03771113856921474,0.9622888614307853,0.22360921798396127,0.6488953249095507,0.20934294001443632,0.23559832920993068,0.05260186202442103,0.006283041635740104,0.23500546746927214,0.7061096288705668,1.0,0.5201818239507459,0.5405672296542126,2.8481534737249263,0.09721631402483302,2.324880053179977,0.6888162082025112,3.05216647823717,256.6466198801351,-7.505107646466058e-14,-2.220446049250313e-16,-2.831068712794149e-13,-1.1102230246251565e-16,0.0,-6.895627367720092e-10,7.281161784611356e-12,-7.216042728630523e-10,-3.388754485356138e-10
equilibrium_sigma_1_35,231.0,102.22103108488028,4.67239722491544,2.8018298293369384,2.7720000000000002,3.108109187623344,1.5122713548463456,3.457421855313325,2.859001150882433,0.06831967396856431,-1.757673880040709,-2.8018298293369384,3.32634294322694,0.5245131138900017,-0.48534048483179637,2.732749032826273,-1.5867795537077045,-0.806177608923318,0.6854218553133249,0.33610918762334396,1.90039722491544,0.019769766047288903,0.025674681077019996,0.019916716415019166,0.007916716415019166,0.008623262146847815,0.02126078799458142,0.00926078799458142,0.007276671856182304,0.2967173224697551,0.08652909396497085,0.09791671641501917,0.04791671641501917,0.03849062842576695,0.9615093715742331,0.22576170795934938,0.6480112095826228,0.2094792271423652,0.23689859540655148,0.053241945639809045,0.0064466065105482345,0.23513883674385294,0.7051726111057898,0.9999999999999999,0.5187396556672359,0.5395055638593813,2.8409995636911245,0.098018398692955,2.3553264289219453,0.6988661515319695,3.008492337954853,257.60737507060674,-6.483702463810914e-14,-2.220446049250313e-16,-2.948752353404416e-13,-2.220446049250313e-16,0.0,3.5560070166251734e-10,-3.939387011042683e-12,3.6144209153432527e-10,1.7297097087976e-10
equilibrium_sigma_1_35,232.0,101.22103108488028,4.692239609297857,2.8275968664460702,2.7840000000000003,3.128099508446417,1.5209180115418781,3.4787727557540924,2.8810950517698504,0.07566790907339849,-1.7859926045766887,-2.8275968664460702,3.3856640716349524,0.5580672051888822,-0.4528451605468722,2.743919765719187,-1.5395877592131362,-0.7701909375396421,0.6947727557540921,0.3440995084464169,1.908239609297857,0.019915607370797644,0.02585957331327549,0.02006453682080816,0.008064536820808158,0.008670325488519495,0.021441793434107126,0.009441793434107126,0.007420400720548059,0.29716526309335806,0.08702084841306432,0.09806453682080817,0.04806453682080816,0.039287646004862446,0.9607123539951375,0.2279511967916987,0.64711189731778,0.20961726538706965,0.2382295592918256,0.05389564777777872,0.0066153636130466195,0.23527516858130493,0.7042138200278698,1.0,0.5172726981495618,0.5384261959352091,2.8337594619914355,0.0988316540726594,2.3862954016444746,0.7091241008481508,2.9646014306233406,258.5672676769716,-5.3734794391857577e-14,0.0,-3.0686564400639327e-13,-1.1102230246251565e-16,0.0,1.130090149931151e-09,-1.2089881179511153e-11,1.1552176472362508e-09,5.543841705146768e-10
equilibrium_sigma_1_35,233.0,100.22103108488028,4.712229668135512,2.853549336104592,2.7960000000000003,3.148239504091393,1.5296125637301878,3.5003070293513865,2.9033899087562207,0.08316169855570266,-1.8145341104753332,-2.853549336104592,3.44546317400924,0.5919138379046482,-0.42031637228443497,2.7550712193291935,-1.4920713919861133,-0.7340814604828927,0.7043070293513862,0.3522395040913926,1.9162296681355118,0.020065134736753726,0.026045545972267745,0.020216086508480856,0.008216086508480856,0.008719062895046082,0.021627560780057564,0.009627560780057564,0.007567799342744763,0.29762450457115414,0.08751142991332875,0.09821608650848086,0.04821608650848086,0.040102509231149115,0.9598974907688509,0.23017845048442606,0.6461970734862116,0.20975707248335004,0.23959217059654436,0.054563332299207866,0.0067894969887754356,0.2354145363054372,0.7032326344065795,0.9999999999999999,0.5157804381754345,0.5373286659623506,2.8264322453561794,0.09965622952535758,2.4177923469440623,0.7195942494151546,2.9205005408867297,259.5262737699459,-4.574118861455645e-14,-2.220446049250313e-16,-3.1818991885756986e-13,2.220446049250313e-16,0.0,1.34334700307992e-09,-1.3356059314073576e-11,1.3812951234204451e-09,6.644765293550847e-10
equilibrium_sigma_1_35,234.0,99.22103108488028,4.732371147153652,2.879688318135442,2.8080000000000003,3.1685329656900567,1.5383567150137716,3.5220295183449264,2.9258911041555544,0.09080476887584465,-1.8433000782420572,-2.879688318135442,3.505747172245829,0.6260588541103873,-0.38775680054247985,2.766203016148514,-1.4442256796038957,-0.6978487922323493,0.7140295183449261,0.36053296569005644,1.9243711471536513,0.02021846819834551,0.026232597862657067,0.020371489935809527,0.008371489935809526,0.008769533845443551,0.021818251763061625,0.009818251763061624,0.007718981769322397,0.2980954240479077,0.08800067275920734,0.09837148993580953,0.04837148993580953,0.040935533616224325,0.9590644663837756,0.23244425230350862,0.64526641636867,0.2098986658678281,0.2409874146594972,0.05524537435146832,0.006969197494340988,0.23555701474659513,0.7022284134075955,1.0,0.5142623509566492,0.53621249559554,2.8190169923106247,0.10049227469188246,2.449822357547229,0.7302808345150861,2.8761968378823592,260.4843686014789,-3.863576125695545e-14,0.0,-3.290701044988964e-13,0.0,0.0,1.100950750704266e-09,-9.695411140597798e-12,1.1389089636659744e-09,5.489796447294415e-10
equilibrium_sigma_1_35,235.0,98.22103108488028,4.752667914522609,2.9060148911987613,2.82,3.1889838114670392,1.5471522298525846,3.5439452300804923,2.948604206400047,0.0986009626259361,-1.8722921954644753,-2.9060148911987613,3.5665231555535355,0.6605082643547742,-0.35516923963814095,2.777314779643332,-1.3960457311993961,-0.66149252967793,0.7239452300804925,0.3689838114670394,1.9326679145226096,0.020375732632400986,0.026420727857628275,0.020530876889769074,0.008530876889769074,0.008821800599206824,0.02201403492385623,0.01001403492385623,0.007874066254576206,0.29857841481748204,0.08848840554592334,0.09853087688976908,0.04853087688976908,0.04178703146436891,0.9582129685356311,0.2347494031487565,0.6443195970029737,0.21004206264086814,0.24241631395431185,0.0559421607512267,0.00715466304101904,0.2357026802336698,0.7012004959740845,1.0,0.5127178998903331,0.5350771871454458,2.8115127838750484,0.10133993935844014,2.482390211466337,0.741188134298053,2.8316978862624205,261.4415265709177,-3.1530333899354446e-14,0.0,-3.3995029014022293e-13,2.220446049250313e-16,0.0,5.290510148026062e-10,-3.854878222186997e-12,5.507044993635635e-10,2.658781528275256e-10
equilibrium_sigma_1_35,236.0,97.22103108488028,4.773123965792139,2.932530132879982,2.832,3.209596092204983,1.5560009364076108,3.566059343985585,2.9715349780211633,0.10655424281981452,-1.9015121568907312,-2.932530132879982,3.627798387183465,0.6952682543034832,-0.3225566008451759,2.7884061350860803,-1.3475265320186933,-0.6250122485285603,0.7340593439855851,0.37759609220498325,1.9411239657921389,0.02053705797279763,0.02660993494256166,0.020694382769225188,0.008694382769225188,0.00887592832848411,0.022215085950794133,0.010215085950794133,0.008033175427080153,0.29907388717947025,0.0889744510746717,0.0986943827692252,0.04869438276922519,0.04265731101565049,0.9573426889843495,0.23709472193179698,0.6433562790287546,0.2101872795262396,0.24387992968897898,0.056654090381108746,0.007346098845358504,0.23585161057698523,0.7001482001965477,1.0,0.511146536305696,0.5339222226139047,2.803918704293124,0.1021993733131952,2.5155003379644194,0.75232046427629,2.787011657135998,262.3977211897518,-2.708944180085382e-14,-2.220446049250313e-16,-3.497202527569243e-13,0.0,0.0,-2.2303092359066135e-10,1.199651489258713e-12,-2.336496135457722e-10,-1.1293901924780414e-10
equilibrium_sigma_1_35,237.0,96.22103108488028,4.7937434290645395,2.959235119828145,2.844,3.2303739970003704,1.564904729519284,3.588377218898998,2.9946893840413433,0.11466869737629448,-1.9309616645511651,-2.959235119828145,3.6895803115510954,0.7303451917229506,-0.2899219156148458,2.799476710460877,-1.2986629376754244,-0.5884074994016746,0.7443772188989981,0.38637399700037056,1.9497434290645397,0.020702579457162376,0.026800218268016193,0.020862148885457128,0.008862148885457128,0.008931985256693802,0.022421588048437968,0.010421588048437968,0.008196436505070182,0.2995822693498701,0.08945862626041227,0.09886214888545714,0.04886214888545713,0.04354667552289214,0.9564533244771078,0.23948104596065065,0.6423761185294957,0.2103343328284008,0.2453793634809351,0.057381574600694145,0.00754371768674808,0.23600388504498468,0.6990708226675731,1.0,0.509547699206364,0.532747062680694,2.796233841789607,0.10307072619294178,2.549156781205168,0.7636821734420545,2.742146538919443,263.35292504470226,-2.0872192862952943e-14,0.0,-3.601563491884008e-13,0.0,0.0,-9.798914110681345e-10,3.0190225319692843e-12,-1.0333302512266496e-09,-4.998582658899409e-10
equilibrium_sigma_1_35,238.0,95.22103108488028,4.814530570420145,2.986130927949923,2.856,3.251321859328338,1.5738655738272969,3.6109044007752478,3.0180736008008955,0.12294854380681697,-1.9606424279286205,-2.986130927949923,3.7518765617777543,0.7657456338278315,-0.2572683388846406,2.810526137446766,-1.249449668084194,-0.5516778035706069,0.7549044007752479,0.3953218593283383,1.9585305704201454,0.02087243788773012,0.026991577208460488,0.021034322781812408,0.009034322781812407,0.00899004280397351,0.02263373232169741,0.010633732321697408,0.008363981509607044,0.30010400842973456,0.08994074204370453,0.09903432278181241,0.04903432278181241,0.044455422258907355,0.9555445777410927,0.24190923133102812,0.641378763871811,0.21048323838729172,0.24691575911144537,0.058125037672405726,0.0077477401719066715,0.23615958433398926,0.6979676378216985,1.0000000000000002,0.5079208150082111,0.5315511456398359,2.788457289357324,0.1039541473193831,2.583363161459669,0.7752776399837582,2.697111348056656,264.30710975907346,-1.7319479184152442e-14,0.0,-3.6992631180510216e-13,0.0,0.0,-1.5367989832093532e-09,5.996141083652873e-13,-1.6316356876711069e-09,-7.895322711587438e-10
equilibrium_sigma_1_35,239.0,94.22103108488028,4.83548979960954,3.013218632665323,2.868,3.2724441634361536,1.5828855070387844,3.6336466307862096,3.0416940252463607,0.1313981341194519,-1.99055616418313,-3.013218632665323,3.8146949676802273,0.8014763350149043,-0.22459915247948237,2.8215540524835947,-1.1998813010537837,-0.5148226483447572,0.7656466307862098,0.40444416343615375,1.9674897996095404,0.021046779907294297,0.027184011427221755,0.021211058573905338,0.009211058573905338,0.009050175739893213,0.02285171820437526,0.01085171820437526,0.008535947482180006,0.3006395714360768,0.0904206033070458,0.09921105857390534,0.04921105857390534,0.04538384145029215,0.9546161585497078,0.24438015332449362,0.6403638555419024,0.21063401153052388,0.2484903043631863,0.0588849172028796,0.007958395006226493,0.23631879053020988,0.6968378972606841,1.0,0.5062652972725893,0.5303338862833923,2.780588145573613,0.1048497855245311,2.6181226337363834,0.787111266573599,2.6519153395681636,265.26024595227835,-1.4654943925052066e-14,2.220446049250313e-16,-3.788080960021034e-13,-2.220446049250313e-16,0.0,-1.656065961447295e-09,-4.464005554094541e-12,-1.770580262266952e-09,-8.566593840547698e-10
equilibrium_sigma_1_35,240.0,93.22103108488028,4.856625676027838,3.0404993092314605,2.88,3.2937455510864355,1.5919666433522555,3.6566098538438325,3.0655572847084267,0.14002195995206757,-2.0207045984372574,-3.0404993092314605,3.878043564239367,0.8375442550079066,-0.191917768610689,2.8325600979256307,-1.1499522655197738,-0.47784148205563987,0.7766098538438326,0.4137455510864356,1.9766256760278385,0.021225758291255656,0.027377520948159116,0.02139251731188787,0.00939251731188787,0.009112462343894439,0.023075753849965963,0.011075753849965963,0.00871247670675146,0.3011894463996602,0.09089800879620064,0.09939251731188788,0.049392517311887874,0.04633221513393754,0.9536677848660624,0.24689470681366368,0.6393310259791285,0.2107866670228476,0.25010423294511747,0.0596616646004382,0.008175919271859669,0.23648158706312497,0.6956808290645771,0.9999999999999999,0.5045805464348453,0.5290946747306883,2.772625515445971,0.10575778896471644,2.6534378436953707,0.799187475198517,2.6065682173845772,266.21230319744643,-1.1546319456101628e-14,-2.220446049250313e-16,-3.8680170177940454e-13,-1.1102230246251565e-16,0.0,-1.0630092049657147e-09,-6.566962251763897e-12,-1.1447112459317399e-09,-5.535266290462859e-10
equilibrium_sigma_1_35,241.0,92.22103108488028,4.877942914988052,3.0679740331414327,2.892,3.315230828673896,1.6011111770456072,3.6798002275697366,3.0896702471995217,0.14882465794875577,-2.0510894641289816,-3.0679740331414327,3.941930600581282,0.8739565674398495,-0.15922773347801744,2.843543923288189,-1.0996568343937398,-0.4407337086193101,0.7878002275697367,0.42323082867389594,1.9859429149880525,0.02140953225664327,0.02757210623461378,0.021578867366410896,0.009578867366410896,0.009176984573919168,0.023306056631255956,0.011306056631255956,0.008893716980651334,0.30175414353457847,0.09137275104709291,0.0995788673664109,0.0495788673664109,0.047300815932332194,0.9526991840676678,0.24945380667465508,0.6382798994065954,0.21094121901277652,0.2517588265089685,0.06045574554932238,0.008400558712402997,0.23664805864864735,0.6944956370896272,1.0,0.502865949527981,0.5278328752008921,2.7645685112867193,0.1066783049226965,2.6893108807033057,0.811510701504849,2.5610801444154347,267.16324997702725,-9.325873406851315e-15,-2.220446049250313e-16,-3.934630399271555e-13,-2.220446049250313e-16,0.0,4.825312892309253e-10,2.6329147195802705e-12,5.040164362257737e-10,2.477830128577718e-10
equilibrium_sigma_1_35,242.0,91.22103108488028,4.899446394394709,3.095643880607416,2.904,3.336904974834505,1.6103213862815349,3.703224131774525,3.1140400322750317,0.15781101542764198,-2.081712503443957,-3.095643880607416,4.006364549556535,0.9107206689491192,-0.12653273095951922,2.8545051865917284,-1.0489891169174819,-0.4034986816055553,0.7992241317745252,0.4329049748345053,1.9954463943947092,0.02159826777307723,0.027767768276691196,0.02177028483526878,0.009770284835268778,0.009243828238627658,0.02354285363104225,0.011542853631042248,0.009079821894353302,0.30233419647051146,0.09184461632476815,0.09977028483526879,0.04977028483526878,0.048289905744635805,0.9517100942553642,0.2520583882094921,0.6372100916576566,0.21109768097639248,0.2534554167681028,0.061267640502145525,0.008632568024438111,0.23681829117885003,0.6932815002945664,1.0,0.5011208798996403,0.5265478247256866,2.756416253608554,0.10761147959821415,2.7257432279099905,0.8240853885951052,2.5154617521352316,268.11305363754633,-7.549516567451064e-15,-2.220446049250313e-16,-3.999023334699814e-13,-1.1102230246251565e-16,0.0,1.6754210692415672e-09,1.5435326627954993e-11,1.7623257228538414e-09,8.653929309265784e-10
equilibrium_sigma_1_35,243.0,90.22103108488028,4.92114116176872,3.1235099291352846,2.916,3.358773148483516,1.619599637100001,3.7268881784482915,3.1386740224844987,0.16698597632970147,-2.1125754678322437,-3.1235099291352846,4.071354117916993,0.9478441887817084,-0.09383658641940151,2.8654435558102196,-0.9979430505732552,-0.3661356978162011,0.8108881784482915,0.442773148483516,2.00514116176872,0.02179213789297428,0.027964508687091726,0.021966953976602165,0.009966953976602164,0.009313083177940218,0.023786382101764758,0.011786382101764758,0.009270951051298937,0.3029301635654611,0.09231338457006706,0.09996695397660217,0.04996695397660217,0.04929973434836043,0.9507002656516396,0.2547094075768942,0.6361212099989719,0.21125606565808536,0.2551953877185987,0.06209784519074286,0.008872211155336648,0.23699237160138562,0.6920375720525348,1.0,0.4993446969234808,0.5252388318006985,2.7481678720465363,0.10855745788577625,2.7627357091606988,0.8369159802641906,2.4697241497841578,269.0616803423503,-6.217248937900877e-15,-2.220446049250313e-16,-4.0478731477833207e-13,0.0,0.0,2.0260158724305644e-09,2.703916604507306e-11,2.146536875330396e-09,1.0523725033767528e-09
equilibrium_sigma_1_35,244.0,89.22103108488028,4.943032441408956,3.1515732581982694,2.928,3.3808406970831024,1.6289483874906012,3.750799222194348,3.163579875417004,0.1763546473734272,-2.1436801186093732,-3.1515732581982694,4.136908256996918,0.9853349987986486,-0.0611432706828845,2.8763587104319894,-0.946512392749296,-0.32864399042499004,0.8227992221943481,0.4528406970831025,2.015032441408956,0.021991323139921526,0.028162329805070094,0.022169067684308978,0.010169067684308978,0.009384843467136913,0.024036890085010754,0.012036890085010753,0.009467270423169083,0.30354262934639087,0.09277882933843982,0.10016906768430899,0.05016906768430898,0.05033053790530225,0.9496694620946977,0.2574078422249878,0.6350128529527735,0.21141638500769253,0.2569801779498107,0.06294687115405846,0.009119761605880381,0.23717038787908723,0.6907629793609739,1.0,0.4975367457092581,0.5239051749772339,2.7398225063267874,0.10951638313668334,2.800288432532351,0.8500069137391534,2.423878933578474,270.00909501870865,-3.9968028886505635e-15,0.0,-4.092282068768327e-13,0.0,0.0,1.6846472966625115e-09,3.008032711804276e-11,1.7981720071280627e-09,8.797692366280252e-10
equilibrium_sigma_1_35,245.0,88.22103108488028,4.965125642035854,3.1798349500199987,2.94,3.4031131655058386,1.6383701917205333,3.774964371275506,3.1887655364233947,0.1859223045609939,-2.1750282276623425,-3.1798349500199987,4.203036174125753,1.0232012241057542,-0.028456904121280324,2.8872503431361007,-0.8946907118125625,-0.291022721511201,0.8349643712755062,0.4631131655058387,2.0251256420358543,0.022196011900037782,0.028361234810851912,0.022376827989257768,0.010376827989257768,0.009459207625109704,0.02429463696218548,0.012294636962185478,0.00966895267184853,0.30417220602805384,0.09324071775392967,0.10037682798925777,0.05037682798925777,0.051382537370394346,0.9486174626296057,0.2601546913352762,0.6338846101145107,0.21157865011444216,0.2588112830733142,0.06381524628666517,0.009375502738831766,0.23735242888490324,0.6894568220895998,1.0,0.49569635680536495,0.5225461013876708,2.7313793072527477,0.11048839690796987,2.8384007304109664,0.863362611760743,2.3779381952103362,270.9552613040877,-2.6645352591003757e-15,0.0,-4.11226608321158e-13,-2.220446049250313e-16,0.0,8.346040421269851e-10,1.897947424223112e-11,8.976891764655992e-10,4.380983128354776e-10
equilibrium_sigma_1_35,246.0,87.22103108488028,4.9874263648505925,3.208296090477004,2.952,3.4255963054296616,1.6478677048827695,3.7993909992719157,3.214239252046597,0.19569440002133742,-2.20662157826788,-3.208296090477004,4.269747344770261,1.061451254293257,0.004218239123680245,2.8981181615916696,-0.8424713776469201,-0.2532709739818319,0.8473909992719157,0.4735963054296617,2.0354263648505926,0.022406400834530354,0.02856122785086831,0.022590446593995596,0.010590446593995596,0.009536278833068047,0.02455989410066195,0.01255989410066195,0.009876177453627122,0.30481953513332,0.09369881047281431,0.1005904465939956,0.0505904465939956,0.05245593679813791,0.9475440632018621,0.2629509762758341,0.6327360619667036,0.2117428711374113,0.26069025826903486,0.06470351540803113,0.009639728092604574,0.23753858427368085,0.6881181722256834,1.0,0.4938228458951911,0.5211608252037442,2.722837437715809,0.11147363869677768,2.877071095917011,0.876987474002935,2.3319145297607755,271.9001414900982,-1.3322676295501878e-15,-2.220446049250313e-16,-4.141131881851834e-13,0.0,0.0,-3.032655862544864e-10,-8.491457537118663e-12,-3.2876920630364737e-10,-1.5997284052993166e-10
equilibrium_sigma_1_35,247.0,86.22103108488028,5.009940412017454,3.236957770131983,2.964,3.448296085284434,1.6574436876682093,3.8240867573822497,3.2400095842037167,0.2056765692055409,-2.238461966033896,-3.236957770131983,4.3370515254483415,1.1000937553163586,0.03687772676368084,2.9089618903869536,-0.7898475516385104,-0.21538774284241163,0.8600867573822497,0.48429608528443424,2.0459404120174542,0.022622695317667363,0.0287623141746144,0.022810145444687215,0.010810145444687214,0.009616165165598767,0.02483294550437165,0.01283294550437165,0.010089131825541386,0.3054852892263249,0.09415286165647493,0.10081014544468722,0.05081014544468722,0.05355092154195714,0.9464490784580428,0.2657977410637279,0.6315667796890095,0.21190905723232245,0.26261872095283295,0.0656122408533025,0.009912741699438241,0.23772894433506875,0.6867460731121906,1.0000000000000002,0.4919155134873023,0.5197485260260724,2.7141960737305624,0.11247224565939518,2.9162971155035233,0.8908858677994909,2.285821042990695,272.8436964637268,-2.220446049250313e-15,0.0,-4.1300296516055823e-13,0.0,0.0,-1.4653639204831315e-09,-4.928312619112418e-11,-1.6015478804254357e-09,-7.766157647526306e-10
equilibrium_sigma_1_35,248.0,85.22103108488028,5.032673795595283,3.265821085409819,2.976,3.4712187007885236,1.6671010113744955,3.849059587409811,3.266085425169206,0.21587463845819022,-2.2705511999762686,-3.265821085409819,4.404958767469831,1.1391376820600123,0.06951696382462824,2.9197812730951633,-0.7368121760722606,-0.17737192576731503,0.873059587409811,0.4952187007885236,2.056673795595283,0.022845109901984892,0.028964500284081096,0.02303615734331594,0.01103615734331594,0.009698979835023783,0.025114088515465482,0.013114088515465482,0.010308010607307239,0.30617017376762407,0.09460261895420442,0.10103615734331595,0.051036157343315944,0.054667656341862,0.945332343658138,0.26869605283716136,0.6303763249642919,0.21207721647452893,0.26459835357118705,0.06654200308656454,0.010194858407457092,0.23792359982547684,0.6853395386805016,1.0,0.48997364459910187,0.5183083472031205,2.70545440549335,0.11348435231433356,2.9560753975505,0.9050621181382349,2.2396713579378185,273.7858856457094,-1.3322676295501878e-15,-2.220446049250313e-16,-4.11448652926083e-13,-1.1102230246251565e-16,0.0,-2.3394952676503156e-09,-9.272473414090321e-11,-2.5783954658853414e-09,-1.2454587482862989e-09
equilibrium_sigma_1_35,249.0,84.22103108488028,5.055632746945843,3.2948871399293855,2.988,3.4943705861169736,1.6768426631651463,3.8743177354783054,3.2924760134122053,0.22629463299034613,-2.3028911037442503,-3.2948871399293855,4.473479431564024,1.1785922916346383,0.10213118793195664,2.9305760744841707,-0.6833579629006141,-0.13922231291639364,0.8863177354783054,0.5063705861169736,2.067632746945843,0.023073868812695256,0.029167794096792373,0.023268726603459515,0.011268726603459515,0.009784841450090044,0.025403634600351666,0.013403634600351665,0.010533016825409192,0.30687492910139247,0.09504782349670292,0.10126872660345952,0.05126872660345952,0.05580628329573218,0.9441937167042678,0.2716470023379266,0.629164249780459,0.21224735577803064,0.26663090652885635,0.06749340133760595,0.010486404205895163,0.23812264177681133,0.6838975526796875,1.0,0.4879965084335891,0.5168393940778946,2.6966116384625316,0.11451009022880485,2.996401496775993,0.9195204968824391,2.193479620743381,274.7266669258943,-1.7763568394002505e-15,-2.220446049250313e-16,-4.083400284571326e-13,2.220446049250313e-16,0.0,-2.558270754959846e-09,-1.176936846591925e-10,-2.843920651057763e-09,-1.367774685179235e-09
equilibrium_sigma_1_35,250.0,83.22103108488028,5.078823726648822,3.324157046005207,3.0,3.5177584257462473,1.6866717515937297,3.8998697665254225,3.3191909503452406,0.23694278528197854,-2.3354835170088384,-3.324157046005207,4.542624203458264,1.2184671574530568,0.13471546440681692,2.9413460828775126,-0.6294773818424809,-0.1009375759403844,0.8998697665254225,0.5177584257462473,2.078823726648822,0.023309206473435345,0.02937220512356921,0.023508109753274907,0.011508109753274907,0.00987387429013516,0.025701910117970073,0.013701910117970072,0.010764362115001092,0.30760033258568154,0.0954882099010333,0.10150810975327491,0.05150810975327491,0.0569669197094887,0.9430330802905112,0.2746517044048132,0.6279300962278008,0.21241948081036086,0.26871820125555,0.06846705426327548,0.01078771655265662,0.2383261612794752,0.6824190679045927,1.0,0.4859833580487752,0.5153407321608091,2.687666994458795,0.11554958768794932,3.03726983428161,0.934265211177481,2.1472605056290575,275.66599659543556,-4.440892098500626e-16,-2.220446049250313e-16,-4.0389913635863195e-13,0.0,0.0,-1.6916754663753863e-09,-8.922135599775949e-11,-1.8973452947657066e-09,-9.081682784267686e-10
equilibrium_sigma_1_35,251.0,82.22103108488028,5.102253434956171,3.353631926334296,3.012,3.541389167025537,1.6965915124094733,3.925724579626471,3.346240218046171,0.24782554394443723,-2.3683302970299103,-3.353631926334296,4.612404110477801,1.258772184143505,0.16726468115837312,2.952091112674284,-0.5751626477659952,-0.06251625611221238,0.913724579626471,0.5293891670255371,2.0902534349561708,0.023551368065452785,0.029577744662247794,0.023754576289634503,0.011754576289634503,0.00996620859594085,0.02600925720130931,0.01400925720130931,0.011002267248372277,0.3083472008776803,0.0959235062879041,0.10175457628963451,0.05175457628963451,0.05814965582139348,0.9418503441786065,0.2777112984787558,0.6266733962915036,0.21259359590317892,0.2708621334178964,0.06946360063460882,0.01109914470326595,0.2385342492362375,0.6809030054258877,1.0,0.4839334300192336,0.5138113852273156,2.6786197127832523,0.11660296934615755,3.078673613049042,0.9493003909996467,2.1010292189393964,276.6038292756573,-4.440892098500626e-16,0.0,-3.979039320256561e-13,-2.220446049250313e-16,0.0,6.686440394421123e-10,3.3677501759532547e-11,7.261648296563727e-10,3.528377607447952e-10
equilibrium_sigma_1_35,252.0,81.22103108488028,5.125928822943268,3.3833129158943978,3.024,3.5652700336741305,1.7066053147295577,3.951891424260014,3.373634198042889,0.25894958312770555,-2.4014333204339686,-3.3833129158943978,4.682830539329711,1.299517623435313,0.1997735433938952,2.962811007033303,-0.5204057071639206,-0.023956751449948657,0.927891424260014,0.5412700336741305,2.101928822943268,0.023800610097978125,0.029784426009474455,0.02400840948093059,0.012008409480930588,0.010061980871285459,0.026326034658907815,0.014326034658907815,0.01124696260124125,0.3091163923664563,0.09635343432115735,0.1020084094809306,0.05200840948093059,0.059354552397948325,0.9406454476020517,0.2808269491252913,0.6253936716370563,0.21276970395866446,0.2730646762933828,0.07048370005251911,0.011421050041103857,0.2387469960198286,0.6793482538865484,1.0,0.4818459440860548,0.5122503333369707,2.669469051337359,0.11767035586142605,3.1206047287704557,0.9646300757592272,2.054801501950116,277.5401178451242,-1.3322676295501878e-15,0.0,-3.8968828164342995e-13,-2.220446049250313e-16,0.0,2.5691773777869464e-09,1.4686131477592568e-10,2.8145744658536476e-09,1.360395220084687e-09
equilibrium_sigma_1_35,253.0,80.22103108488028,5.149857104318347,3.4132011640652453,3.036,3.5894085401487583,1.7167166675485983,3.978379917543406,3.401383691221421,0.2703218124772033,-2.4347944852117225,-3.4132011640652453,4.753915255099772,1.3407140910345263,0.2322365680911287,2.973505640731574,-0.4651982237676712,0.014742697189388556,0.942379917543406,0.5534085401487583,2.1138571043183467,0.02405720101297927,0.02999226469142481,0.02426990722761805,0.01226990722761805,0.010161334201194337,0.026652618951850116,0.014652618951850115,0.011498688716748973,0.30990880978066077,0.09677770926438638,0.10226990722761806,0.052269907227618054,0.06058163819465499,0.939418361805345,0.2839998465726482,0.6240904333892344,0.21294780635137628,0.27532788430696986,0.07152803369257425,0.011753806407109279,0.2389644910881803,0.6777536688121363,1.0,0.47972010279632565,0.510656510773767,2.660214287750347,0.11875186351110002,3.1630536757649566,0.9802581999286617,2.0085936325104723,278.47481336360386,-4.440892098500626e-16,-2.220446049250313e-16,-3.7991831902672857e-13,0.0,0.0,3.163481619022912e-09,2.0339368383970324e-10,3.4968733464424417e-09,1.6805789000012838e-09
equilibrium_sigma_1_35,254.0,79.22103108488028,5.174045767532714,3.443297836972754,3.048,3.613812506538258,1.7269292264027931,4.0052000623250725,3.4294999388645926,0.2819493875149397,-2.468415712920628,-3.443297836972754,4.825670421286934,1.3823725843141799,0.26464807812776137,2.9841749232107695,-0.4095315636555433,0.05358402094961341,0.9572000623250725,0.5658125065382578,2.1260457675327142,0.024321421893395354,0.03020127871286591,0.02453938300814843,0.012539383008148431,0.010264418612841157,0.02698940522183335,0.014989405221833351,0.011757696867231715,0.31072540305499524,0.09719604002740835,0.10253938300814844,0.052539383008148435,0.06183090727159882,0.9381690927284012,0.2872312072523864,0.6227631819100383,0.2131279028246009,0.2776538967042512,0.07259730507561912,0.012097800424772804,0.23918682271446348,0.6761180717851446,1.0,0.47755509114090106,0.5090288039142989,2.650854720552554,0.11984760378347972,3.206009447657062,0.9961885778213634,1.9624224260843888,279.40786498714954,0.0,0.0,-3.6837199957062694e-13,2.220446049250313e-16,0.0,2.6702294785019287e-09,1.9160848949151266e-10,2.9790704104970533e-09,1.4229971714851963e-09
equilibrium_sigma_1_35,255.0,78.22103108488028,5.198502588743686,3.473604120100496,3.06,3.638490074604251,1.7372468004790762,4.0323622664298355,3.4579946449916705,0.2938397206966141,-2.5022989511569618,-3.473604120100496,4.898108621302937,1.4245045012024407,0.2970021961706819,2.9948188018124617,-0.3533967792492496,0.09256933907299161,0.9723622664298355,0.5784900746042507,2.138502588743686,0.024593567186242074,0.030411488829202683,0.02481716688732879,0.012817166887328788,0.010371391449900222,0.02733680845246056,0.015336808452460559,0.01202424974477978,0.3115671723858448,0.09760812924007634,0.1028171668873288,0.05281716688732879,0.0631023161662245,0.9368976838337755,0.29052227436140843,0.6214114065678511,0.2133099913820069,0.28004494140899655,0.07369224087150035,0.012453431822285789,0.23941407759693437,0.6744402497092794,0.9999999999999999,0.4753500761778563,0.5073660490147961,2.6413896703393944,0.12095768295064328,3.2494594328371047,1.0124248872715678,1.9163052352000476,280.3392198813614,-1.3322676295501878e-15,0.0,-3.561595462997502e-13,2.220446049250313e-16,0.0,1.362893048417746e-09,1.0841527328664391e-10,1.5351041826594525e-09,7.284959701453486e-10
equilibrium_sigma_1_35,256.0,77.22103108488028,5.223235645546026,3.504121221185343,3.072,3.663449724892282,1.7476733601224268,4.059877363076891,3.4868800000697058,0.3060004931380975,-2.5364461763104114,-3.504121221185343,4.971242881456307,1.4671216602709642,0.329292838263457,3.005437265212672,-0.2967845922734781,0.1317009762852989,0.9878773630768913,0.5914497248922821,2.151235645546026,0.02487394546960707,0.030622918842629424,0.025103606600930785,0.013103606600930785,0.01048241777036112,0.027695264677163323,0.015695264677163322,0.01229862211404864,0.31243517151797207,0.09801367334492914,0.10310360660093079,0.05310360660093079,0.06439578091652239,0.9356042190834776,0.29387431844237366,0.6200345854990399,0.21349406817415786,0.2825033390615597,0.07481359173615623,0.012821113749201292,0.23964634040985405,0.6727189541047884,1.0,0.4731042066436096,0.5056670299189807,2.6318184809356464,0.12208220162023409,3.2933893044674223,1.028970652216734,1.8702599474496089,281.26882313070445,0.0,0.0,-3.4150460237469815e-13,2.220446049250313e-16,0.0,-4.2174366082781134e-10,-3.697088468701537e-11,-4.79733013730721e-10,-2.2608997313211532e-10
equilibrium_sigma_1_35,257.0,76.22103108488028,5.24825333149277,3.534850373421525,3.084,3.6887002949666146,1.7582130447531776,4.087756632541026,3.51616870619166,0.3184396670506473,-2.5708593966256172,-3.534850373421525,5.045086695515733,1.5102363220942085,0.361513707079423,3.0160303470646284,-0.23968537563238143,0.17098148155971407,1.0037566325410263,0.6047002949666145,2.16425333149277,0.025162880271944008,0.030835595924328055,0.025399068725316283,0.013399068725316283,0.010597670771907947,0.028065232209328883,0.016065232209328883,0.012581101542785689,0.3133305112888372,0.0984123627076423,0.10339906872531629,0.05339906872531629,0.06571117392960989,0.9342888260703901,0.297288637983213,0.6186321853617099,0.21368012737963427,0.2850315072426758,0.07596213318358266,0.013201273085444496,0.23988369330127787,0.6709529004296949,1.0,0.4708166125512473,0.5039304756875852,2.6221405205587525,0.12322125426517,3.337782904855248,1.0458292241494351,1.824304981987249,282.19661764321836,-4.440892098500626e-16,0.0,-3.2596148002994596e-13,0.0,0.0,-2.2738702934455013e-09,-2.185076043714762e-10,-2.6129265279228875e-09,-1.2224555361040057e-09
equilibrium_sigma_1_35,258.0,75.22103108488028,5.273564371459123,3.5657928390001623,3.096,3.714250998856994,1.768870171222892,4.1160118251473925,3.5458740038296743,0.33116549894067004,-2.605540655598983,-3.5657928390001623,5.1196540509750665,1.5538612119749042,0.3936582848098218,3.026598129858387,-0.1820891341219024,0.21041364837149204,1.0200118251473924,0.6182509988569937,2.1775643714591233,0.02546071094795306,0.031049550965004,0.02570393993995502,0.013703939939955018,0.010717332247441608,0.02844719312111721,0.01644719312111721,0.012871989234497505,0.31425436345440916,0.09880388174628656,0.10370393993995503,0.05370393993995502,0.0670483206910394,0.9329516793089606,0.30076656003756597,0.6172036610808663,0.21386816108055956,0.28763196488941456,0.07713866649462697,0.01359435074044212,0.24012621533225145,0.6691407674326794,0.9999999999999999,0.4684864047748308,0.502155058150321,2.6123551829769505,0.1243749287305422,3.382622124028055,1.063003762393238,1.7784592844213998,283.1225440503527,0.0,0.0,-3.086420008457935e-13,2.220446049250313e-16,0.0,-3.699542529961297e-09,-3.878714849303577e-10,-4.29596838658064e-09,-1.9944759663270695e-09
equilibrium_sigma_1_35,259.0,74.22103108488028,5.299177837907493,3.596949913013639,3.108,3.7401114478138267,1.7796492426400599,4.144655185698056,3.5760097002814684,0.3441865536352129,-2.6404920357417123,-3.596949913013639,5.194959457153018,1.5980095441393796,0.42571982565315114,3.037140749006022,-0.12398548388945124,0.2500005365655406,1.0366551856980561,0.6321114478138266,2.191177837907493,0.025767793615782783,0.031264818956279354,0.026018628391562153,0.014018628391562152,0.010841593073614379,0.02884165462457844,0.01684165462457844,0.013171600836692221,0.31520796482291563,0.09918790908041927,0.10401862839156216,0.05401862839156216,0.0684069963102492,0.9315930036897508,0.3043094408681991,0.6157484555841359,0.21405815913231993,0.29030733690992117,0.0783440196647356,0.014000801939878441,0.2403739818514715,0.6672811965439145,1.0,0.4661126746183065,0.5003393893816064,2.6024618886573117,0.12554330571695776,3.4278867723565423,1.0804972131578987,1.7327423199953647,284.04654060164467,-1.3322676295501878e-15,-2.220446049250313e-16,-2.90656387846866e-13,2.220446049250313e-16,0.0,-4.107991089657981e-09,-4.679080178870976e-10,-4.822143705174309e-09,-2.2208238859011686e-09
equilibrium_sigma_1_35,260.0,73.22103108488028,5.3251031681165415,3.6283229277568747,3.12,3.766291672477295,1.7905549576998268,4.173699479437271,3.606590199938527,0.35751171920030744,-2.6757156627428156,-3.6283229277568747,5.271017975272478,1.6426950475156037,0.4576913478681828,3.0476583971611144,-0.06536363054419114,0.28974549597033916,1.0536994794372712,0.6462916724772949,2.2051031681165414,0.02608450216078434,0.031481439405720235,0.02634356516953986,0.01434356516953986,0.010970653735581148,0.0292491507458692,0.0172491507458692,0.013480267424537118,0.31619262172587836,0.09956411770105413,0.10434356516953987,0.054343565169539865,0.06978692189766786,0.9302130781023321,0.30791866661572953,0.6142659995270948,0.21425010902725936,0.293060359003389,0.07957904839295868,0.014421096497301368,0.24062706379893148,0.6653727913108085,1.0,0.46369449336746116,0.4984820191019186,2.5924600858986038,0.1267264582395801,3.473554447082918,1.0983122873307316,1.6871740649488995,284.96854305393424,0.0,0.0,-2.708944180085382e-13,0.0,0.0,-2.7970914161234983e-09,-3.4478982863239693e-10,-3.3202148946864796e-09,-1.5163455456546071e-09
equilibrium_sigma_1_35,261.0,72.22103108488028,5.351350182443228,3.659913257460607,3.132,3.7928021465775466,1.8015922205558799,4.203158019672461,3.6376305365167108,0.3711502228262842,-2.711213710069255,-3.659913257460607,5.347845250678313,1.6879319932177062,0.48956562534968606,3.0581513287811877,-0.0062123458106944085,0.32965219190495865,1.071158019672461,0.6608021465775464,2.2193501824432276,0.02641122931131684,0.03169945678857239,0.026679205903443602,0.014679205903443602,0.011104724891502878,0.029670244030555182,0.01767024403055518,0.013798336473413997,0.31720971485892,0.09993217516263907,0.10467920590344361,0.054679205903443606,0.07118776076914742,0.9288122392308525,0.31159565399531136,0.612755711007111,0.21444399575212567,0.29589388269147043,0.08084463711474135,0.01485571906750436,0.24088552693066467,0.6634141168870897,1.0,0.46123091182314135,0.49658143200727606,2.582349251943037,0.12792445106211725,3.5196003926281443,1.1164514369629166,1.6417749959513113,285.88848455480064,0.0,-2.220446049250313e-16,-2.511324481702104e-13,0.0,0.0,9.490182077687148e-10,1.1185593423723716e-10,1.0883448101073334e-09,5.041279962925138e-10
equilibrium_sigma_1_35,262.0,71.22103108488028,5.377929103880373,3.6917223235253576,3.144,3.8196538125335513,1.812766151381106,4.233044697272741,3.6691464074510725,0.38511164784706997,-2.7469884040830927,-3.6917223235253576,5.425457547530346,1.7337352240049886,0.521335178747488,3.0686198649364784,0.05348005762871727,0.3697246328571157,1.0890446972727412,0.6756538125335512,2.2339291038803726,0.02674838775328081,0.03191892104094941,0.027026032484577127,0.015026032484577127,0.011244027970108508,0.03010552733773153,0.01810552733773153,0.014126172944717297,0.31826070449871857,0.10029174381180297,0.10502603248457713,0.05502603248457713,0.07260911447834344,0.9273908855216566,0.31534185103371204,0.6112169952605976,0.21463980163952612,0.298810880584849,0.08214170008444914,0.015305169380465243,0.24114943085469676,0.6614036996803888,0.9999999999999999,0.4587209598074129,0.49463604502580666,2.5721288940376565,0.12913734010813788,3.565997354716412,1.1349168303526123,1.5965660772232935,286.8062955222005,9.960920976936904e-13,-2.220446049250313e-16,-2.318145675417327e-13,0.0,0.0,4.102316077114754e-09,5.212301978918532e-10,4.7566092870043875e-09,2.1842496509411058e-09
equilibrium_sigma_1_35,263.0,70.22103108488028,5.404850578914425,3.723751600281195,3.156,3.846858108948853,1.824082097607815,4.263374012138323,3.7011542105918847,0.3994059519429336,-2.7830420296705967,-3.723751600281195,5.503871786042727,1.780120185761532,0.5529922660331872,3.0790643983763135,0.11372575310618538,0.40996720044250334,1.1073740121383229,0.690858108948853,2.2488505789144253,0.02709641131410731,0.03213988809753899,0.027384554927985937,0.015384554927985936,0.011388795809861973,0.03055562591391947,0.01855562591391947,0.014464160487115407,0.31934713614541194,0.10064248104891214,0.10538455492798594,0.05538455492798594,0.07405051867034373,0.9259494813296563,0.31915873784373916,0.6096492443449234,0.21483750621278846,0.30181445188245115,0.08347118250638935,0.015769962451281275,0.24141882793964414,0.6593400271026852,1.0,0.4561636456446947,0.49264420450848695,2.5617985505229535,0.13036517184891586,3.6127154281507665,1.153710325688293,1.5515687454170977,287.72190351913497,3.271471982202456e-11,0.0,-2.1094237467877974e-13,2.220446049250313e-16,0.0,5.150367948097978e-09,7.030334231439284e-10,6.039617781589124e-09,2.748496832905012e-09
equilibrium_sigma_1_35,264.0,69.22103108488028,5.432125699087926,3.756002621239439,3.168,3.8744269994092475,1.835545645542159,4.294161106558829,3.733671083372856,0.4140434863777185,-2.8193769365935415,-3.756002621239439,5.583105582383046,1.8271029611436074,0.5845288721809929,3.089485398883697,0.17453742812360346,0.4503846814123736,1.126161106558829,0.7064269994092474,2.264125699087926,0.02745575636360445,0.032362420472727145,0.027755313437016198,0.015755313437016197,0.011539273385718234,0.031021199475844696,0.019021199475844696,0.014812702715527593,0.32047064677883697,0.10098403956185442,0.1057553134370162,0.0557553134370162,0.07551143873199834,0.9244885612680016,0.3230478274333074,0.608051836806097,0.2150370860236304,0.30490782805570665,0.08483406173619774,0.016250628753445136,0.24169376241518362,0.6572215470951736,1.0,0.453557955619684,0.49060418335257405,2.551357791324078,0.13160798264411822,3.6597218974489976,1.1728334435061527,1.506804892921512,288.6352331118405,-4.00741662076598e-11,0.0,-1.894040480010517e-13,0.0,0.0,4.417976019743808e-09,6.458309789736383e-10,5.241068520150938e-09,2.362897880830994e-09
equilibrium_sigma_1_35,265.0,68.22103108488028,5.459766024169321,3.7884769859811134,3.18,3.9023730036903848,1.8471626328484143,4.325421800647332,3.7667149442857557,0.4290350165310026,-2.855995545745337,-3.7884769859811134,5.663177290437934,1.874700304456821,0.6159366985288095,3.0998834188767277,0.23592831477802773,0.49098230263500814,1.1454218006473318,0.7223730036903846,2.2797660241693207,0.02782690321289133,0.03258658789893601,0.0281388806045098,0.0161388806045098,0.01169571857874845,0.0315029446085191,0.0195029446085191,0.015172224638870802,0.3216329715288176,0.10131606764083366,0.10613888060450981,0.056138880604509805,0.0769912652810708,0.9230087347189292,0.3270106664977815,0.6064241373533187,0.21523851447956932,0.3080943787520258,0.08623134846039957,0.01674771436455779,0.24197426912718809,0.6550466680478546,1.0,0.4509028534464864,0.4885141781283287,2.5408062203054924,0.132865798093114,3.706981072156739,1.192287337638854,1.4622968489151846,289.546205730626,-2.5212276710817605e-11,-2.220446049250313e-16,-1.7008616737257398e-13,0.0,0.0,2.3223286141349497e-09,3.6275926706963446e-10,2.788719598995071e-09,1.245429676055565e-09
equilibrium_sigma_1_35,266.0,67.22103108488028,5.487783606861971,3.821176367712833,3.192,3.9307092313330583,1.8589391618577749,4.35717263068338,3.8003045379387004,0.4443917441722598,-2.892900357319027,-3.821176367712833,5.744106048832549,1.922929681119716,0.6472071509147224,3.1102590993311643,0.29791222244649285,0.5317657686499241,1.1651726306833794,0.7387092313330581,2.2957836068619706,0.028210357705922548,0.03281246801847064,0.028535863855824635,0.016535863855824635,0.011858403011133632,0.03200159725658125,0.02000159725658125,0.015543174163301643,0.32283595107825647,0.1016382094648337,0.10653586385582464,0.05653586385582464,0.07848930942903407,0.9215106905709659,0.331048836374057,0.6047654964671003,0.21544176166969772,0.31137761798947894,0.08766408806926351,0.017261781066541027,0.2422603723182122,0.6528137585459833,1.0,0.4481972796293818,0.4863723060572197,2.5301434744335856,0.13413863230135467,3.754454114018234,1.2120727646787492,1.4180673571077913,290.4547395125309,-1.5235812611535948e-11,-2.220446049250313e-16,-1.5121237595394632e-13,2.220446049250313e-16,0.0,-6.023510579211688e-10,-1.0025835023297347e-10,-7.3237554909511e-10,-3.238970636837424e-10
equilibrium_sigma_1_35,267.0,66.22103108488028,5.5161910191172545,3.854102521546475,3.204,3.9594494177408444,1.8708816137425832,4.389430889687972,3.8344594826556393,0.46012533111672216,-2.9300939586266317,-3.854102521546475,5.825911829603086,1.9718093080566113,0.6783313273817075,3.1206131759614113,0.3605035728024425,0.5727413026239324,1.185430889687972,0.7554494177408442,2.3121910191172543,0.028606652852381884,0.03304014714297442,0.02894690806702243,0.01694690806702243,0.012027612949512434,0.03251793553538107,0.02051793553538107,0.015926023821943858,0.32408153959703767,0.10195010547054446,0.10694690806702244,0.056946908067022434,0.08000479787906405,0.919995202120936,0.3351639539469531,0.6030752500269737,0.2156467941774823,0.3147612105396223,0.08913336197642757,0.017793406406937225,0.24255208411476087,0.6505211475018744,1.0,0.4454401508555414,0.48417660203948226,2.5193692256760847,0.13542648716803096,3.8020988591207336,1.2321900519639877,1.3741395515968582,291.36074914577176,-8.783196392414538e-12,0.0,-1.312283615106935e-13,-1.1102230246251565e-16,0.0,-3.693975497015556e-09,-6.536063773543432e-10,-4.549386877633621e-09,-1.9920301241871385e-09
equilibrium_sigma_1_35,268.0,65.22103108488028,5.545001380157511,3.8872572935701886,3.216,3.9886079630176954,1.8829966636316589,4.422214671042115,3.8692003217763227,0.47624792473309085,-2.9675790332608107,-3.8872572935701886,5.908615491495082,2.0213581979248936,0.709300004761781,3.1309464857151674,0.42371743741528967,0.6139156905852512,1.2062146710421144,0.7726079630176952,2.3290013801575107,0.029016350634309115,0.03326972108101376,0.029372698445913205,0.017372698445913205,0.012203650291124468,0.033052782653086865,0.021052782653086865,0.016321272591213187,0.32537181347246424,0.10225139272498578,0.10737269844591321,0.05737269844591321,0.08153686781136796,0.9184631321886321,0.33935767266184513,0.6013527188955606,0.2158535748878838,0.3182489785657915,0.0906402890645787,0.018343183706488606,0.24284940293697616,0.6481671242919564,0.9999999999999998,0.4426303593165637,0.48192501560929,2.5084831814850204,0.13672935161885752,3.8498696329684177,1.2526390641115046,1.330536929751939,292.26414570039907,-4.782840790085174e-12,0.0,-1.1302070390684094e-13,-1.1102230246251565e-16,0.0,-6.135175853461128e-09,-1.1514521003341827e-09,-7.656593338511986e-09,-3.3187322490829674e-09
equilibrium_sigma_1_35,269.0,64.22103108488028,5.574228386365834,3.9206426307829805,3.228,4.018199973807732,1.8952912967515263,4.455542915173333,3.9045485786158327,0.4927721853468303,-3.0053583710490415,-3.9206426307829805,5.9922388371925095,2.071596206409529,0.7401036242689587,3.1412599735699347,0.48756957814998225,0.6552963294019727,1.2275429151733328,0.7901999738077321,2.346228386365834,0.029440043953362638,0.03350129604322265,0.02981396367700085,0.01781396367700085,0.012386833638816333,0.03360701017474099,0.021607010174740992,0.016729447869234804,0.32670898083939653,0.10254170533405448,0.10781396367700086,0.057813963677000854,0.08308456156974735,0.9169154384302527,0.34363168359323565,0.5995972084796672,0.21606206278552686,0.321844908488724,0.09218602719515168,0.018911722009545318,0.2431523117278914,0.6457499390674116,1.0,0.4397667719925321,0.47961540787818674,2.497485085457469,0.1380472008123162,3.8977170594223605,1.273419168084209,1.2872833224098852,293.1648364505165,-2.432720691558643e-12,0.0,-9.481304630298837e-14,2.220446049250313e-16,0.0,-6.92730923318452e-09,-1.3762246134363387e-09,-8.763986161786086e-09,-3.759831888536236e-09
equilibrium_sigma_1_35,270.0,63.22103108488028,5.60388634319141,3.954260591973712,3.24,4.048241308415024,1.9077728256868838,4.489435459619875,3.9405268154727016,0.5097113157415052,-3.043434878990676,-3.954260591973712,6.0768046750166445,2.1225440830429325,0.7707322759558592,3.151554699640051,0.552076490626264,0.6968912788258094,1.2494354596198747,0.808241308415024,2.3638863431914094,0.029878358742344888,0.033734989632717885,0.030271479364417438,0.018271479364417437,0.0125774994758737,0.0341815415483282,0.022181541548328198,0.017151107702950696,0.32809539201338617,0.10282067488269238,0.10827147936441744,0.05827147936441744,0.08464682114396598,0.9153531788560341,0.3479877165861766,0.5978080082614555,0.21627221274404665,0.32555315807843344,0.09377177479911591,0.019499645969380915,0.2434607760022606,0.6432678032292426,1.0,0.4368482298872616,0.4772455484703887,2.4863747178957794,0.13937999531362238,3.9455878635615242,1.2945291968184771,1.2444028612375881,294.0627246864133,-1.13509202037676e-12,0.0,-7.926992395823618e-14,0.0,0.0,-4.858833273224672e-09,-1.019832808479837e-09,-6.23418214967808e-09,-2.6468332404300243e-09
equilibrium_sigma_1_35,271.0,62.22103108488028,5.633990199241584,3.988113359634081,3.2520000000000002,4.0787486255173295,1.9204489088654841,4.523913092776993,3.977158697055627,0.5270790929629192,-3.0818115932727146,-3.988113359634081,6.16233688550548,2.1742235258713993,0.8011756819127593,3.161831846599227,0.6172554510260216,0.7387093179850389,1.2719130927769924,0.8267486255173293,2.3819901992415837,0.030331956258402862,0.033970931929867054,0.030746071806399065,0.018746071806399065,0.01277600345232248,0.03477735598611531,0.02277735598611531,0.017586843232830773,0.329533550928482,0.10308793090764738,0.10874607180639907,0.05874607180639907,0.08622248244541134,0.9137775175545887,0.3524275414790719,0.5959843912961886,0.21648397530623115,0.32937806376439976,0.0953987725554641,0.0201075956603534,0.24377474169796187,0.6407188900862206,1.0,0.4338735472090218,0.47481311246323404,2.4751518962541788,0.14072768023551407,3.993424668713322,1.315967411446498,1.2019199431841445,294.95770951593437,-4.75175454539567e-13,0.0,-6.439293542825908e-14,2.220446049250313e-16,0.0,1.3884185329215981e-09,2.779682664599825e-10,1.715709845029334e-09,7.383646801611965e-10
equilibrium_sigma_1_35,272.0,61.22103108488028,5.664555583052435,4.022203253083533,3.2640000000000002,4.1097394372476455,1.9333275705565844,4.558997611837431,4.014469058850937,0.5448899028080958,-3.1204916925695545,-4.022203253083533,6.248860493659448,2.226657240575915,0.8314231781902155,3.1720927274114725,0.6831245669938556,0.7807600069715818,1.294997611837431,0.8457394372476452,2.4005555830524345,0.030801535510187647,0.034209266684067485,0.031238622125245398,0.019238622125245398,0.012982721780314958,0.03539549258135821,0.023395492581358212,0.01803728126636983,0.3310261276522588,0.10334310142432061,0.1092386221252454,0.0592386221252454,0.08781026938397055,0.9121897306160295,0.3569529694377292,0.5941256136642808,0.2166972964555006,0.33332414818671907,0.0970683051722548,0.020736226313289897,0.24409413263918925,0.6381013358752662,1.0000000000000002,0.4308415104767214,0.4723156773380479,2.463816475407439,0.14209018435102372,4.041165788280127,1.3377314620951581,1.1598591915973955,295.8496856574187,-1.7141843500212417e-13,0.0,-5.218048215738236e-14,2.220446049250313e-16,0.0,6.906860847144536e-09,1.4572602083373631e-09,8.653406484426807e-09,3.6851849748859022e-09
equilibrium_sigma_1_35,273.0,60.22103108488028,5.695598842700863,4.056532742885264,3.2760000000000002,4.1412321668710295,1.9464172224609066,4.5947118852791435,4.052483980877401,0.563158777228832,-3.159478512708684,-4.056532742885264,6.336401747284322,2.2798690043990577,0.8614636952067309,3.1823387933805276,0.7497028328518676,0.8230537539004152,1.3187118852791433,0.8652321668710292,2.419598842700863,0.03128783587277201,0.034450152623101325,0.031750070797939754,0.019750070797939754,0.013198052755497146,0.03603705497567944,0.02403705497567944,0.01850308724238303,0.332575972114969,0.10358581350306381,0.10975007079793976,0.05975007079793976,0.0894087877375154,0.9105912122624846,0.3615658544072289,0.5922309138749567,0.21691211737800106,0.337396127968285,0.09878170327719472,0.021386207963188533,0.24441884768714267,0.6354132410724742,1.0000000000000002,0.4277508775471566,0.46975071995737017,2.452368347740064,0.1434674191756486,4.0887450125317715,1.3598183472729848,1.1182454140930393,296.73854322274894,-5.1514348342607263e-14,-2.220446049250313e-16,-4.04121180963557e-14,2.220446049250313e-16,0.0,8.861419285854932e-09,1.9669431500224377e-09,1.1260702509341414e-08,4.745264773134417e-09
equilibrium_sigma_1_35,274.0,59.22103108488028,5.727137087233129,4.091104466430946,3.2880000000000003,4.173246210000896,1.959726686389948,4.631079919623712,4.091230866920566,0.5819014343243616,-3.1987755625124255,-4.091104466430946,6.424988200769432,2.333883734338486,0.8912857361494493,3.1925716425516217,0.817010187985666,0.8656018872371246,1.3430799196237118,0.8852462100008953,2.439137087233129,0.031791640144571254,0.03469376488475829,0.03228142269787803,0.02028142269787803,0.013422418490641554,0.036703216346190004,0.024703216346190004,0.018984968455093565,0.3341861293875092,0.1038156938121413,0.11028142269787804,0.060281422697878034,0.09101651878304634,0.9089834812169537,0.3662680946184874,0.5902995122474435,0.2171283742113201,0.34159892155112553,0.10054034539897504,0.022058224980839015,0.24474875810817648,0.6326526715120094,1.0,0.4246003766056134,0.4671156136271643,2.44080744322655,0.14485927799541148,4.136091390028673,1.382224372426685,1.077103558517221,297.62416747627594,-1.2434497875801753e-14,-2.220446049250313e-16,-2.9753977059954195e-14,0.0,0.0,7.737827496800964e-09,1.803976981684663e-09,9.977228418445172e-09,4.160260372310098e-09
equilibrium_sigma_1_35,275.0,58.22103108488028,5.759188231578753,4.125921245108457,3.3000000000000003,4.205802001592926,1.9732652189548132,4.668126931701428,4.130738530269313,0.6011343219225487,-3.2383865413238597,-4.125921245108457,6.514648806297725,2.3887275611892678,0.9208773536023895,3.202793028426925,0.8850675806349959,0.9084167348487724,1.3681269317014277,0.9058020015929258,2.4591882315787523,0.03231377779999929,0.03494029659543371,0.03283375263385021,0.02083375263385021,0.013656266803954237,0.03739522504986326,0.025395225049863256,0.019483677664577925,0.33585985646621275,0.1040323692240626,0.11083375263385022,0.06083375263385021,0.09263181272371784,0.9073681872762822,0.37106163424570493,0.5883306102301901,0.21734599778325367,0.34593765721949205,0.10234566007973497,0.022752975496868708,0.24508370445361635,0.6298176599697799,1.0,0.4213887050553777,0.4644076252224503,2.429133729275237,0.1462656348648873,4.183129005298394,1.4049451072991699,1.0364586652806045,298.50643858413355,-8.881784197001252e-16,-2.220446049250313e-16,-2.19824158875781e-14,-2.220446049250313e-16,0.0,4.19592192935081e-09,1.0258659338679976e-09,5.491854714045896e-09,2.2659684441317385e-09
equilibrium_sigma_1_35,276.0,57.22103108488028,5.79177104493957,4.160986103138794,3.3120000000000003,4.2389210888493425,1.9870425382787198,4.705879426760532,4.1710372864633944,0.6208746649498509,-3.2783153582347624,-4.160986103138794,6.605414012789305,2.4444279096505115,0.9502261240957268,3.2130048690019293,0.9538970371829499,0.951511710241744,1.393879426760532,0.9269210888493422,2.47977104493957,0.0328551285334375,0.03518996061044485,0.033408211461641836,0.021408211461641836,0.013900073300272882,0.03811441077417044,0.026114410774170437,0.020000017080246124,0.33760064079285407,0.10423546746771965,0.11140821146164184,0.06140821146164184,0.0942528819027227,0.9057471180972773,0.37594846520576863,0.5863233896617787,0.21756491333886363,0.35041768124177275,0.10419912811565468,0.023471170702038684,0.24542349309187472,0.626906208090432,1.0,0.41811452831213497,0.46162391241219436,2.417347210509165,0.14768634357221028,4.229776753254258,1.427975342309355,0.9963358164771567,299.38523135014754,5.398614888463271e-11,-2.220446049250313e-16,-1.5765166949677223e-14,0.0,0.0,-8.930155365183268e-10,-2.287172465309517e-10,-1.187142620318049e-09,-4.847439897398553e-10
equilibrium_sigma_1_35,277.0,56.22103108488028,5.824905202894146,4.196302288237786,3.3240000000000003,4.272626210548253,2.00106885289681,4.744365283157981,4.212159054034197,0.6411405170574498,-3.3185661535976667,-4.196302288237786,6.697315874016001,2.5010135857782148,0.9793191201147904,3.2232092561434453,1.023521737417223,0.9949014065477071,1.4203652831579805,0.948626210548253,2.500905202894146,0.03341662618757815,0.035442991432695234,0.03400603286655177,0.022006032866551773,0.014154343680590743,0.038862190918642625,0.026862190918642625,0.020534842566366507,0.33941222080773265,0.10442461779469243,0.11200603286655178,0.06200603286655178,0.09587779378159085,0.9041222062184091,0.38093062915475995,0.5842770119508782,0.21778504025684328,0.3550445661043328,0.1061022849923409,0.024213534004984546,0.24576789247323919,0.6239162885294353,0.9999999999999998,0.41477647846631077,0.45876152096867445,2.405447927460872,0.14912123654134826,4.275948110258725,1.4513090441615417,0.9567600816855891,300.26041493176274,6.012967901369848e-13,0.0,-9.769962616701378e-15,0.0,0.0,-6.403109570340959e-09,-1.7140764085876725e-09,-8.645160490261539e-09,-3.4933485982407975e-09
equilibrium_sigma_1_35,278.0,55.22103108488028,5.858611343576328,4.231873294292751,3.336,4.306941383481712,2.0153548930791017,4.783613843722541,4.254137463197542,0.6619508166520056,-3.359143321767725,-4.231873294292751,6.790388164600564,2.558514870307813,1.0081428798723242,3.2334084652457804,1.093966096363875,1.0386016994415659,1.4476138437225408,0.9709413834817124,2.522611343576328,0.033999262995407814,0.035699647337287733,0.03462854083679571,0.022628540836795708,0.014419616296273172,0.03964007877499398,0.02764007877499398,0.021089068911184228,0.34129860859635064,0.10459945173555991,0.11262854083679572,0.06262854083679571,0.09750446373511537,0.9024955362648847,0.38601021957202813,0.58219061722023,0.21800629174872416,0.3598241187162035,0.10805672336266874,0.024980800045423905,0.24611662889828137,0.620845847693626,1.0,0.41137315288674114,0.45581738231002417,2.393435957198465,0.1505701237505901,4.321550905144402,1.4749393109040843,0.9177564610870388,301.131852548031,-8.881784197001252e-16,0.0,-6.439293542825908e-15,-2.220446049250313e-16,0.0,-1.0892629950798316e-08,-3.045643903742956e-09,-1.4947265106202146e-08,-5.978507591763993e-09
equilibrium_sigma_1_35,279.0,54.22103108488028,5.892911128333011,4.267702886267683,3.348,4.341891996774253,2.029911944845447,4.823656015487477,4.297007974832214,0.6833254483536502,-3.4000515373903673,-4.267702886267683,6.88466650850166,2.6169636222339765,1.0366833735816083,3.243604965259088,1.1652558534764552,1.0826298593167893,1.475656015487477,0.993891996774253,2.544911128333011,0.03460409438160217,0.03596021271764575,0.035277158029580584,0.023277158029580584,0.014696465006024388,0.04044969108107921,0.02844969108107921,0.02166367488065646,0.3432641152411533,0.10475960381813468,0.11327715802958059,0.06327715802958059,0.09913064757071759,0.9008693524292825,0.3911893841662344,0.5800633233183874,0.2182285745495719,0.36476238863788707,0.11006409585972984,0.025773713526286168,0.24646938210294794,0.617692808511036,1.0,0.40790311260862294,0.4527883111004632,2.38131141081106,0.15203279153164714,4.366487087204445,1.4988583267011542,0.8793498249257562,301.999401156024,-8.881784197001252e-16,0.0,-3.1086244689504383e-15,2.220446049250313e-16,0.0,-1.255014126649856e-08,-3.659158955005015e-09,-1.750656589138977e-08,-6.931831018908152e-09
equilibrium_sigma_1_35,280.0,53.22103108488028,5.927827307382169,4.30379512757365,3.36,4.3775049149871785,2.044751886982709,4.864524377724716,4.34080800938597,0.7052853099816168,-3.4412957834094042,-4.30379512757365,6.980188517553818,2.6763933899801673,1.0649259667961894,3.2538014289877917,1.2374181699469724,1.1270046743344286,1.504524377724716,1.0175049149871787,2.5678273073821694,0.03523224418860024,0.0362250006910347,0.03595341503141413,0.02395341503141413,0.014985502348549888,0.04129275753328443,0.02929275753328443,0.022259709473448908,0.3453133788830731,0.10490471237519262,0.11395341503141414,0.06395341503141413,0.10075393385566518,0.8992460661443348,0.39647032741673705,0.5778942247758662,0.2184517885898542,0.36986567614923554,0.11212611798809735,0.026593027867978538,0.24682578029350208,0.614455073850422,1.0,0.4043648806307861,0.4496710031377362,2.3690744327509137,0.15350900138111645,4.410652496180799,1.5230573165352526,0.841564850340438,302.86291111695454,0.0,0.0,-1.7763568394002505e-15,0.0,0.0,-9.092731845239399e-09,-2.761369320702922e-09,-1.2898739486233435e-08,-5.0572041675883694e-09
equilibrium_sigma_1_35,281.0,52.22103108488028,5.96338379094246,4.340154410177887,3.372,4.41380859097067,2.059887231403639,4.906253299778966,4.385577087713364,0.7278523860113832,-3.482881382322856,-4.340154410177887,7.076993943445627,2.73683953326774,1.0928553798799672,3.264000743706257,1.3104817350902842,1.171746585174992,1.5342532997789657,1.0418085909706702,2.5913837909424604,0.035884910515028165,0.03649435599104834,0.036658960705463865,0.024658960705463865,0.015287383094427887,0.04217113097837455,0.03017113097837455,0.022878298702178057,0.3474513960771632,0.10503442036233335,0.11465896070546386,0.06465896070546386,0.10237173599805703,0.897628264001943,0.40185531340205294,0.575682391643379,0.21867582665297108,0.37514054013030285,0.1142445712770664,0.02743950365428666,0.24718539480542065,0.6111305302632263,1.0,0.4007569400206245,0.44646203344122537,2.3567251990154174,0.15499848870230903,4.453936633247494,1.5475265012610617,0.8044259550872306,303.72222583657606,3.552713678800501e-15,0.0,-8.881784197001252e-16,0.0,0.0,2.131237221425497e-09,6.148731385158257e-10,2.8990243261528548e-09,1.1510870433911746e-09
equilibrium_sigma_1_35,282.0,51.22103108488028,5.999605727015886,4.376785487949545,3.384,4.450833190458533,2.075331167563932,4.948879069996881,4.4313569851964765,0.7510498284871496,-3.5248140308432787,-4.376785487949545,7.175124844623294,2.7983393566737496,1.1204556435323871,3.2742060220390683,1.384476883694238,1.2168778333728625,1.564879069996881,1.0668331904585329,2.6156057270158857,0.03656337207939871,0.03676865819178267,0.037395573729501023,0.025395573729501023,0.015602808199371161,0.04308679864006848,0.03108679864006848,0.023520653065212116,0.34968355675606366,0.10514837624301614,0.11539557372950102,0.06539557372950101,0.1039812841150692,0.8960187158849308,0.4073466689520704,0.573426868197094,0.21890057401733523,0.3805938057024731,0.11642130668392373,0.02831390686711651,0.24754773396389523,0.6077170524850645,1.0,0.3970777318021128,0.44315785458783485,2.3442639150138844,0.1565009615139634,4.496222435773953,1.572255053307848,0.767957227947659,304.57718138690274,1.4210854715202004e-14,0.0,-4.440892098500626e-16,0.0,0.0,1.2610205629703941e-08,3.781287984117032e-09,1.7433309545955566e-08,6.855410669692752e-09
equilibrium_sigma_1_35,283.0,50.22103108488028,6.036519586572593,4.413693513553526,3.396,4.488610729564091,2.091097611364943,4.992440037071455,4.478191900749999,0.7749020462920768,-3.567099838349764,-4.413693513553526,7.274625769863992,2.8609322563104653,1.1477100496851027,3.284420613109358,1.4594357254568102,1.2624226246191208,1.5964400370714547,1.0926107295640914,2.6405195865725934,0.03726899524170636,0.03704832530656528,0.03816517549433115,0.026165175494331148,0.015932529216487006,0.04404189486439947,0.03204189486439947,0.02418807607984519,0.35201568331615496,0.10524623493349063,0.11616517549433114,0.06616517549433114,0.10557961666840933,0.8944203833315907,0.41294678716458283,0.5711266714942509,0.2191259080816791,0.3862325715148659,0.1186582482817046,0.029217006887041427,0.24791223623786013,0.6042125085933938,0.9999999999999999,0.3933256525997294,0.4397547953174395,2.3316908129590996,0.15801609911856587,4.537386056892468,1.597231053286196,0.7321823560408761,305.42760610699366,4.529709940470639e-14,0.0,6.661338147750939e-16,-1.1102230246251565e-16,0.0,1.6618612298791025e-08,5.172944468612162e-09,2.335608131898148e-08,9.098560321829652e-09
equilibrium_sigma_1_35,284.0,49.22103108488028,6.074153254480633,4.4508840785966095,3.408,4.527175223419716,2.107201257769196,5.036976763664818,4.5261286413227,0.7994348024342335,-3.60974536868164,-4.4508840785966095,7.375543957512619,2.9246598789160094,1.1746010965209512,3.2946481140180417,1.535392284576969,1.3084073070626783,1.6289767636648178,1.1191752234197163,2.666153254480633,0.038003242265483184,0.0373338177934331,0.038969844661848795,0.026969844661848794,0.016277353358869092,0.0450387153883014,0.0330387153883014,0.024881973859081086,0.35445407473287516,0.10532765865808917,0.1169698446618488,0.0669698446618488,0.10716357179091211,0.8928364282090879,0.41865813113902606,0.5687807898395629,0.21935169796449316,0.3920642162117301,0.12095739718678675,0.03014957418614793,0.2482782637829865,0.6006147648440788,1.0,0.3894990521368525,0.4362490595484959,2.3190061491649647,0.1595435506763607,4.577296649694925,1.6224414487455041,0.6971245512025034,306.2733201610073,1.127986593019159e-13,0.0,-8.881784197001252e-16,0.0,0.0,1.4850111237918462e-08,4.7925517721036925e-09,2.122157759937293e-08,8.192329987999347e-09
equilibrium_sigma_1_35,285.0,48.22103108488028,6.112536129659551,4.488363258221584,3.42,4.566562851190453,2.123657639129579,5.082532195572293,4.575216825051704,0.8246753218726455,-3.6527576866864866,-4.488363258221584,7.477929555589101,2.9895662973675172,1.2011104277454487,3.3048923815461246,1.612382654678296,1.3548605683817396,1.6625321955722931,1.1465628511904526,2.692536129659551,0.0387676804152324,0.037625643047161185,0.039811833504873904,0.027811833504873904,0.016638149171205777,0.04607973344672445,0.03407973344672445,0.025603866009582532,0.3570055560753755,0.10539231786974539,0.11781183350487391,0.06781183350487391,0.10872977837781615,0.8912702216221838,0.42448323816658656,0.5663881810641687,0.21957780408399138,0.398096404227938,0.12332083583612319,0.0311123777403869,0.24864509502617002,0.5969216913973199,1.0,0.3855962304283869,0.43263672573573747,2.3062102007607805,0.16108293373548976,4.615816160258256,1.6478720150347033,0.6628064732657438,307.11413507310255,2.504663143554353e-13,0.0,1.7763568394002505e-15,0.0,0.0,8.343585933268116e-09,2.788415567889224e-09,1.2126146267665838e-08,4.640480749662501e-09
equilibrium_sigma_1_35,286.0,47.22103108488028,6.151699235027747,4.5261376604982555,3.432,4.606812138630919,2.140483189626034,5.129151848018416,4.625509105163074,0.8506524109260067,-3.696144409864093,-4.5261376604982555,7.581835864642157,3.0556982041439014,1.2272187650884927,3.315157544087374,1.690445170128068,1.4018136534098464,1.6971518480184158,1.174812138630919,2.7196992350277474,0.039563992162657075,0.0379243604423136,0.04069358631796296,0.028693586317962958,0.01701585293113375,0.04716761781597967,0.03516761781597967,0.026355397801935965,0.3596775342968574,0.10543989219802921,0.11869358631796295,0.06869358631796295,0.1102746469087961,0.8897253530912039,0.4304247243887916,0.5639477706121593,0.21980407771485405,0.40433709064523354,0.1257507326377018,0.03210618212291135,0.24901191657062474,0.5931311686687621,1.0,0.38161543465950964,0.42891374662265147,2.2933032618692573,0.16263383270278853,4.652799130805232,1.673507318946587,0.6292501509741687,307.9498532326541,4.9649173661237e-13,0.0,4.6629367034256575e-15,-2.220446049250313e-16,0.0,-1.41799894048944e-09,-4.901423919512204e-10,-2.096176864030408e-09,-7.955124822767168e-10
equilibrium_sigma_1_35,287.0,46.22103108488028,6.1916753382695715,4.564214481156679,3.444,4.647964160187442,2.1576953165073034,5.176884011154633,4.677061417202499,0.8773965896744866,-3.739913765674067,-4.564214481156679,7.687319606005715,3.1231051248490367,1.2529058330792546,3.3254480137970206,1.769620595615802,1.4493006047173875,1.732884011154633,1.203964160187442,2.7476753382695716,0.040393986713344404,0.03823058700676931,0.041617760223693255,0.029617760223693255,0.01741147590581847,0.04830525326404711,0.03630525326404711,0.027138354001809972,0.3624780612839189,0.10547007140612674,0.11961776022369325,0.06961776022369325,0.11179435998212278,0.8882056400178773,0.4364852899694144,0.5614584494162664,0.22003036051885522,0.4107945248440825,0.1282493470329034,0.03313174424538099,0.24937781446182844,0.5892410942598871,0.9999999999999999,0.3775548557204923,0.42507594943091487,2.2802856392280773,0.16419579724660424,4.6880925150048345,1.699330685958604,0.5964769009296543,308.78026736551953,9.00612917575927e-13,0.0,1.0658141036401503e-14,2.220446049250313e-16,0.0,-1.2379503956660987e-08,-4.420419558170963e-09,-1.8615558934620413e-08,-7.009004345664982e-09
equilibrium_sigma_1_35,288.0,45.22103108488028,6.232499084833907,4.602601564336037,3.456,4.690062763208359,2.1753124790539244,5.225779977285349,4.729933252671881,0.904940239098353,-3.7840746552196602,-4.602601564336037,7.79444121875445,3.1918396544184127,1.2781502750273512,3.3357684989369836,1.8499523364116621,1.4973585290228715,1.7697799772853489,1.234062763208359,2.776499084833907,0.0412596130668991,0.038545003820375005,0.042587248745991256,0.030587248745991256,0.01782611259972851,0.04949576366986008,0.037495763669860085,0.02795467464400403,0.3654159052908826,0.10548255634820265,0.12058724874599126,0.07058724874599126,0.1132848625423381,0.8867151374576618,0.4426677248450834,0.5589190715358527,0.22025648404665032,0.4174772526675245,0.13081903502057385,0.03418980971462257,0.24974176478238835,0.5852493904824152,0.9999999999999999,0.3734126243537941,0.42111903651991445,2.267157647199903,0.165768340625632,4.7215355076248064,1.7253241718817656,0.5645072448440679,309.605159968651,1.525002346625115e-12,0.0,2.5979218776228663e-14,0.0,0.0,-2.1746179322545967e-08,-8.011702350152472e-09,-3.32653754611667e-08,-1.243166236619686e-08
equilibrium_sigma_1_35,289.0,44.22103108488028,6.274207144803509,4.64130747012407,3.468,4.733154817224454,2.193354276324729,5.275894292751623,4.784187962636516,0.9333177649735847,-3.828636724126735,-4.64130747012407,7.903265189170848,3.2619577190467783,1.3029295589715941,3.346124016397269,1.9314866721064072,1.546027892735937,1.807894292751623,1.2651548172244542,2.8062071448035093,0.042162974863653974,0.038868363250122766,0.04360520858933991,0.031605208589339906,0.01826095015457401,0.050742538437731355,0.03874253843773136,0.028806472924802762,0.3685006320889088,0.10547705991653476,0.12160520858933992,0.07160520858933991,0.11474185177856061,0.8852581482214394,0.4489749151288956,0.556328451526687,0.22048226920756345,0.42439411676561156,0.13346225519968638,0.035281108768979774,0.2501026235456162,0.5811540124857176,1.0,0.36918680686363997,0.4170385865471765,2.2539196021098467,0.16735093793667363,4.752959390851866,1.751468539821828,0.53336082539525,310.4243027051148,2.4291679778798425e-12,0.0,4.574118861455645e-14,-2.220446049250313e-16,0.0,-2.5764048915133397e-08,-9.781332917235819e-09,-4.00913514331247e-08,-1.4878221765712851e-08
equilibrium_sigma_1_35,290.0,43.22103108488028,6.316838375544474,4.6803415497816365,3.48,4.777290491732802,2.2118415449219992,5.327285037879234,4.839893095447101,0.9625657808721488,-3.873610441562059,-4.6803415497816365,8.013860417147106,3.333518867365469,1.3272198721537216,3.356519904372777,2.0142730170857206,1.5953528504365726,1.8472850378792338,1.2972904917328019,2.8368383755444744,0.04310634731983477,0.03920149715340891,0.044675090143993006,0.032675090143993,0.018717279092668754,0.05204926239343877,0.04004926239343877,0.029696055627859153,0.3717426974060394,0.10545330796529599,0.122675090143993,0.072675090143993,0.11616076666542673,0.8838392333345733,0.45540985025161385,0.553685361507763,0.22070752570370306,0.43155425473389875,0.13618157539566986,0.036406351755194084,0.25045911586028685,0.5769529569888492,1.0,0.3648754003314187,0.41283005615716656,2.240571815842595,0.16894302427291139,4.78218739967537,1.7777432434564953,0.5030563210199537,311.2374557563284,3.682387728076719e-12,0.0,7.416289804496046e-14,2.220446049250313e-16,0.0,-1.9430336284376182e-08,-7.59201932570841e-09,-3.075440803412821e-08,-1.133936275085623e-08
equilibrium_sigma_1_35,291.0,42.22103108488028,6.360434002367896,4.719714029689404,3.492,4.822523566479834,2.230796468217037,5.380014138966525,4.8971207734106255,0.992723313004511,-3.919007188484202,-4.719714029689404,8.126300624672607,3.406586594983204,1.3509960023337526,3.3669618351746964,2.0983642115305456,1.6453816106900505,1.8880141389665246,1.330523566479834,2.868434002367896,0.04409219661172231,0.03954532620532433,0.045800672335937646,0.03380067233593764,0.01919650563178697,0.05341995028551594,0.04141995028551594,0.030625946645379543,0.37515355253314436,0.10541104019488273,0.12380067233593764,0.07380067233593764,0.1175367771128288,0.8824632228871712,0.46197563093708366,0.5509885278854718,0.22093205142413774,0.43896709459606065,0.13897967994508256,0.03756622410270494,0.2508098243409527,0.5726442716112597,1.0,0.3604763272721539,0.4084887822211749,2.22711458862298,0.17054399278276347,4.8090346087874085,1.8041264177414365,0.4736113600079248,312.044367128048,5.345945908175054e-12,0.0,1.092459456231154e-13,0.0,0.0,3.590368120864884e-09,1.3257972428237785e-09,5.419878809642675e-09,2.0207211008649306e-09
equilibrium_sigma_1_35,292.0,41.22103108488028,6.405037820917547,4.759436105724619,3.504,4.868911780857711,2.250242699420285,5.434147717852929,4.955948114850954,1.023832030837465,-3.964839357004953,-4.759436105724619,8.240664814168152,3.481228708443533,1.3742312044464895,3.377455828092741,2.1838168493092716,1.696166845425548,1.9301477178529294,1.3649117808577107,2.9010378209175474,0.045123201858131526,0.03990087054870525,0.046986102534316336,0.03498610253431633,0.019700165808519278,0.05485898593171612,0.04285898593171612,0.03159891370785317,0.378745765255504,0.10535001103388682,0.12498610253431633,0.07498610253431633,0.11886477273965515,0.8811352272603449,0.4686754782391561,0.5482366276417688,0.22115563179800315,0.4466423472884671,0.14185937777486235,0.03876138078819487,0.25115317604663084,0.5682260653903118,1.0,0.35598742957976537,0.4040099845816102,2.2135482006595817,0.1721531926453722,4.8333078449793945,1.8305948784621517,0.4450424336421693,312.8447719107117,7.466915974418953e-12,4.440892098500626e-16,1.496580637194711e-13,0.0,0.0,2.6609723771664484e-08,1.0089366085652696e-08,4.081123465560221e-08,1.5123290030005787e-08
equilibrium_sigma_1_35,293.0,40.22103108488028,6.4506964248762575,4.799520049512391,3.516,4.916517228130624,2.2702055006197086,5.489756484931972,5.016457708541504,1.0559365075331884,-4.011120462402419,-4.799520049512391,8.357037784219747,3.557517734707356,1.3968970500294846,3.3880082623185284,2.2706916482838047,1.7477661489097194,1.9737564849319718,1.4005172281306244,2.9346964248762575,0.046202280225669565,0.04026926199054909,0.04823594238574513,0.036235942385745123,0.020229941711911323,0.05637116741841197,0.044371167418411975,0.032617999290440736,0.3825331587446822,0.10526999050931005,0.12623594238574512,0.07623594238574512,0.12013935119644721,0.8798606488035527,0.47551274379861624,0.545428284121235,0.22137803910105167,0.4545899956152678,0.14482361139194744,0.03999244024326539,0.25148742802157653,0.5636965203432107,1.0,0.3514064616549271,0.3993887692701958,2.1998729025119976,0.17376992695312543,4.854805626474006,1.857124131386557,0.41736480885533317,313.6383914921433,1.0078160528337321e-11,0.0,1.9539925233402755e-13,-2.220446049250313e-16,0.0,3.640507018759509e-08,1.4154472156857612e-08,5.671438595145073e-08,2.0899761577625187e-08
equilibrium_sigma_1_35,294.0,39.22103108488028,6.497459457182487,4.839979326231351,3.528,4.965406792885518,2.290711897120305,5.546916177937767,5.078738144876936,1.0890845112759888,-4.0578652670887445,-4.839979326231351,8.475510703386709,3.635531377155358,1.4189632552839515,3.3986258901061706,2.3590538610239684,1.8002425488664948,2.018916177937767,1.4374067928855179,2.9694594571824866,0.04733261689492203,0.04065175795938909,0.0495552208084444,0.037555220808444395,0.020787680442522438,0.05796175964967176,0.045961759649671766,0.033686556530909684,0.38653097214680116,0.10517076479954084,0.1275552208084444,0.07755522080844439,0.12135480580920302,0.878645194190797,0.4824909209603219,0.542562062464816,0.22159903169210696,0.46282027813867327,0.14787546667962295,0.04125997748959124,0.2518106540190936,0.5590539018116923,1.0,0.34673108295658434,0.39462013250514866,2.186088905090581,0.1753934503637927,4.873318127389241,1.8836883933603914,0.3905924438377889,314.4249326905181,1.3184120462028659e-11,0.0,2.431388423929093e-13,-1.1102230246251565e-16,0.0,3.3654267178606645e-08,1.3399572611205723e-08,5.32400150493606e-08,1.952116448003527e-08
equilibrium_sigma_1_35,295.0,38.22103108488028,6.5453798943883,4.880828727940741,3.54,5.015652647572534,2.311790852923082,5.60570805812033,5.142884616376405,1.1233273360163158,-4.105089921056362,-4.880828727940741,8.596181759464638,3.7153530315238976,1.4403974862704936,3.409315849928374,2.4489737414912627,1.853665082471167,2.0657080581203298,1.4756526475725336,3.0053798943883,0.04851769946655536,0.04104975759708076,0.050949495273305605,0.0389494952733056,0.021375416066815565,0.05963655520524469,0.04763655520524469,0.03480829096291771,0.3907560462827442,0.10505213671697834,0.1289494952733056,0.0789494952733056,0.12250511267700022,0.8774948873229997,0.48961365742047125,0.5396364644150731,0.22181835318879403,0.4713436679981151,0.15101818384597498,0.04256451659276574,0.25212072955429,0.5542965700069693,1.0,0.3419588495282842,0.38969896516606317,2.17219636812934,0.17702296662574074,4.88862717490577,1.9102606266165603,0.3647379037623317,315.2040868311641,1.6760814958161063e-11,0.0,2.922107000813412e-13,-1.1102230246251565e-16,0.0,1.9805078806112153e-08,8.063886079712201e-09,3.1804397837564835e-08,1.1609579551180582e-08
equilibrium_sigma_1_35,296.0,37.22103108488028,6.594514368483778,4.922084524324915,3.552,5.067332815580689,2.3334734700849826,5.666219472280972,5.208999598031828,1.1587201773369085,-4.152812120726935,-4.922084524324915,8.71915689455738,3.7970723702324642,1.4611651369053273,3.4200856796830434,2.540527074767372,1.9081094459423442,2.1142194722809715,1.5153328155806887,3.042514368483778,0.049761357978889934,0.04146482036324399,0.0524249229644004,0.040424922964400395,0.021995395180542124,0.06140194500403595,0.049401945004035955,0.035987308810714325,0.3952270392860618,0.10491392602628112,0.1304249229644004,0.08042492296440039,0.1235839170852254,0.8764160829147746,0.4968847695132364,0.5366499224480819,0.2220357315697791,0.48017084559448614,0.15425516964397706,0.04390652232937853,0.25241531591335165,0.5494229921132927,0.9999999999999999,0.3370872044261316,0.38462005775276364,2.1581953871772033,0.17865762592989132,4.900506279513686,1.9368125878549483,0.3398122778354016,315.9755287572435,2.0749624241034326e-11,0.0,3.375077994860476e-13,0.0,0.0,-2.5816143875423414e-09,-1.0733997649059468e-09,-4.2066073541180415e-09,-1.5295654395841574e-09
equilibrium_sigma_1_35,297.0,36.22103108488028,6.644923531954281,4.963764633461871,3.564,5.120531811091167,2.3557932157060018,5.728544491252082,5.277193620458462,1.1953225606589637,-4.20105128890775,-4.963764633461871,8.844550639363156,3.8807860059012853,1.481229075088152,3.4309433299599448,2.6337957795943945,1.963658728872934,2.164544491252082,1.5565318110911672,3.080923531954281,0.051067811739197055,0.04189868762189376,0.05398834374938071,0.04198834374938071,0.02265010681550767,0.06326500102904475,0.05126500102904476,0.037228173721537416,0.39996467802842633,0.10475596952317857,0.1319883437493807,0.0819883437493807,0.12458451912731708,0.875415480872683,0.5043082583330811,0.5336007931513381,0.22225087819124184,0.48931266400605206,0.15759001103088444,0.045286390972668095,0.252691843283256,0.5444317547131915,1.0,0.33211346691683563,0.37937810579470066,2.1440859790088176,0.18029652205227986,4.908720699786717,1.9633148942216658,0.3158250984615521,316.73891576580127,2.5049295970802632e-11,0.0,3.810285420513537e-13,0.0,0.0,-2.9342304919133255e-08,-1.2440570927585437e-08,-4.849031440962159e-08,-1.7572910026436572e-08
equilibrium_sigma_1_35,298.0,35.22103108488028,6.696672486449301,5.005888821692594,3.576,5.17534139107119,2.378786189362373,5.792784649180954,5.347586162168186,1.2331988397735247,-4.249828786315101,-5.005888821692594,8.972487084468654,3.96659826277606,1.5005493557391238,3.4418971767608615,2.7288686184745568,2.0204042601981285,2.2167846491809535,1.59934139107119,3.1206724864493007,0.05244172128582991,0.042353307955633794,0.05564737709199696,0.04364737709199695,0.023342317196246624,0.06523357170440391,0.05323357170440392,0.038535971935704794,0.4049920517939301,0.10457812139282228,0.13364737709199695,0.08364737709199695,0.12549985895683174,0.8745001410431683,0.5118883293701525,0.530487349158704,0.22246348674331615,0.49878010816097246,0.1610264911216381,0.046704440615273,0.25294748583844995,0.5393215824246389,1.0,0.3270348193219978,0.3739677147814826,2.1298680626340474,0.18193868955636402,4.913027555558971,1.9897371102459445,0.2927842577851161,317.49388649463185,2.9527491562930663e-11,0.0,4.154454558147336e-13,0.0,0.0,3.053642297357051e-09,1.292239613925883e-09,5.030573915765224e-09,1.8229828410709636e-09
equilibrium_sigma_1_35,299.0,34.22103108488028,6.749831197265737,5.048478899197695,3.588,5.2318612902552655,2.4024913845278224,5.8590497246171065,5.420306611223005,1.2724187168981533,-4.299168113419356,-5.048478899197695,9.103100870729017,4.054621971531322,1.5190828688529345,3.452956037312232,2.8258418858376757,2.0784464974422496,2.2710497246171064,1.6438612902552654,3.1618311972657374,0.05388826670430828,0.042830865859421835,0.05741053741859841,0.04541053741859841,0.024075113102259203,0.06731640298518471,0.05531640298518471,0.03991639573541761,0.4103349618745406,0.10438024989086189,0.1354105374185984,0.0854105374185984,0.12632249836747847,0.8736775016325216,0.5196294068019127,0.5273077732802514,0.22267323187739427,0.5085842314542056,0.1645686035124759,0.04816089767234102,0.2531791739843801,0.534091324830803,1.0,0.3218482974427184,0.3683834101728893,2.115541452783174,0.1835830990448056,4.913175917643723,2.016047852849248,0.2706959572277806,318.24005951828394,3.4010128047157195e-11,0.0,4.409805853811122e-13,2.220446049250313e-16,0.0,-4.860329236300309e-09,-2.091416900773524e-09,-8.110716195885992e-09,-2.93215399529978e-09
equilibrium_sigma_1_35,300.0,33.22103108488028,6.80447514322045,5.091559014831068,3.6,5.290200343564471,2.426951090739596,5.927458785338684,5.4954955045909495,1.3130579588151545,-4.3490952279768536,-5.091559014831068,9.23653859467699,4.144979579845922,1.536782977303576,3.4641291800196305,2.9248204781223457,2.137896202064871,2.3274587853386843,1.6902003435644706,3.2044751432204497,0.055413202920354454,0.04333381747484703,0.059287366757644254,0.04728736675764425,0.024851947480091563,0.06952326267128939,0.05752326267128939,0.04137582770624704,0.4160223235080128,0.10416224088516346,0.13728736675764425,0.08728736675764424,0.12704460639979687,0.8729553936002031,0.5275361674788208,0.5240601445429585,0.22287976817094052,0.518736108563008,0.16822057648337185,0.04965588790937572,0.2533835252673025,0.52874001033995,1.0,0.31655076778919,0.3626196368220896,2.1011058195116057,0.18522865572743807,4.9089070497311225,2.0422149167140056,0.2495645946716862,318.97703234366674,3.83026943495679e-11,0.0,4.54081217071689e-13,-1.1102230246251565e-16,0.0,-9.240661465181876e-09,-4.037206763340961e-09,-1.561060324756225e-08,-5.633134007865248e-09
equilibrium_sigma_1_35,301.0,32.22103108488028,6.860685871765705,5.1351559179094215,3.612,5.350477477609564,2.452211247744512,5.998141231515816,5.573305811691244,1.355199095347436,-4.399638815643146,-5.1351559179094215,9.37296013288051,4.237804214971088,1.5535990510915392,3.475426340555075,3.0259188249748794,2.198875613656444,2.3861412315158157,1.738477477609564,3.248685871765705,0.05702296640441121,0.04386493059597318,0.06128859645287637,0.049288596452876365,0.025676700520389818,0.07186510881052044,0.05986510881052044,0.04292145673101544,0.42208665591780714,0.10392399281278153,0.13928859645287636,0.08928859645287636,0.12765793833902206,0.8723420616609779,0.5356135602159735,0.5207424302668464,0.22308272843416913,0.5292467451903229,0.17198689162685002,0.05118942012151622,0.2535568582989076,0.5232668299527261,0.9999999999999999,0.3111389146552977,0.3566707697928441,2.0865606788411664,0.18687419371785222,4.89995457241611,2.0682054396202845,0.22939272822782572,319.704379724424,4.217692861629985e-11,0.0,4.578559753554146e-13,0.0,0.0,1.7847058761399914e-09,7.616242289620878e-10,2.955440170371304e-09,1.0706944220117975e-09
equilibrium_sigma_1_35,302.0,31.22103108488028,6.918551749669056,5.179299301094923,3.624,5.4128230219496665,2.4783219169871082,6.071238093440659,5.653904501566971,1.3989323008923176,-4.4508306521142496,-5.179299301094923,9.512540334258532,4.333241033163609,1.5694759486798002,3.486857735211519,3.1292621336528845,2.261519893139837,2.447238093440659,1.7888230219496664,3.2945517496690555,0.05872478082531374,0.04442733330546325,0.06342633746296072,0.05142633746296073,0.0265537488401119,0.07435427991531185,0.06235427991531185,0.044561408027998795,0.4285646589786688,0.10366541518225038,0.1414263374629607,0.09142633746296071,0.12815381570407122,0.8718461842959287,0.543866838260756,0.5173524727291932,0.22328172210185204,0.5401269879274002,0.17587230970828152,0.052761371321196494,0.2536951625559152,0.5176711564146068,1.0,0.3056092183652935,0.35053111875702314,2.071905362698196,0.18851847192642493,4.88604471592787,2.0939860874361544,0.21018100625420813,320.4216521906252,4.54081217071689e-11,0.0,4.483080573436382e-13,0.0,0.0,1.1786073492170424e-08,5.093327322402974e-09,1.973156205092863e-08,7.1405577978245205e-09
equilibrium_sigma_1_35,303.0,30.22103108488028,6.978168817108344,5.224022190069632,3.636,5.477380204818299,2.505337820659119,6.14690352661253,5.7374743536817565,1.444356409531788,-4.502706013146934,-5.224022190069632,9.655470958194506,4.431448768124874,1.5843534063317324,3.498434075090084,3.2349878085837185,2.3259787739429223,2.5109035266125295,1.8413802048182992,3.3421688171083437,0.0605267881924688,0.04502457177696681,0.065714309047788,0.053714309047788,0.027488049487845646,0.07700472532956582,0.06500472532956582,0.046304900902516266,0.4354979062054181,0.10338642536602545,0.14371430904778798,0.09371430904778798,0.128523103932511,0.871476896067489,0.5523015945515881,0.5138879746823292,0.22347633336472716,0.5513874134541563,0.1798818992895514,0.05437146962984296,0.25379407482233657,0.5119525562582691,1.0,0.29995793165043594,0.3441949327675655,2.0571389884755242,0.1901601690600126,4.86689659323882,2.1195232760737888,0.19192811036486027,321.12837438803905,4.778222262302734e-11,0.0,4.2876813211023546e-13,-1.1102230246251565e-16,0.0,5.687985152325048e-09,2.4854808489127578e-09,9.620364629925326e-09,3.479496323011144e-09
equilibrium_sigma_1_35,304.0,29.22103108488028,7.039641781386197,5.269361394130576,3.648,5.544306890987704,2.533318969986855,6.225306555808281,5.824216071568412,1.4915801001076225,-4.555304147916655,-5.269361394130576,9.801962928287566,4.532601534156989,1.5981653192535932,3.510166580966642,3.343247102657186,2.3924184725552426,2.577306555808281,1.8963068909877037,3.391641781386197,0.062438208842361245,0.04566067952109034,0.06816811456261265,0.056168114562612656,0.02848524172578651,0.07983228432539846,0.06783228432539846,0.04816243981853319,0.44293368049276555,0.10308694400997605,0.14616811456261264,0.09616811456261264,0.12875618770526545,0.8712438122947346,0.56092380152671,0.5103464830025476,0.2236661190352436,0.563038196001055,0.1840210691550054,0.05601927488176143,0.2538488577280312,0.506110798235202,0.9999999999999999,0.2941810529771043,0.3376564043562872,2.0422604256599244,0.19179787786789024,4.842222494010815,2.144783431037069,0.17463070648923548,321.8240432746407,4.909583850576382e-11,0.0,3.9768188742073107e-13,2.220446049250313e-16,0.0,-8.757725468433453e-09,-3.8639538096907344e-09,-1.495421204922298e-08,-5.408310178173226e-09
equilibrium_sigma_1_35,305.0,28.22103108488028,7.103085187824777,5.315358033435846,3.66,5.61377762551086,2.562331406512247,6.30663312766082,5.9143507696696185,1.540723292636493,-4.6086688325551695,-5.315358033435846,9.952248980215066,4.63689094677922,1.6108388937397327,3.5220669987181723,3.4542070622009873,2.461023918593583,2.64663312766082,1.9537776255108597,3.443085187824777,0.06446953570162392,0.046340260947926766,0.0708055759228291,0.058805575922829104,0.029551770828434902,0.08285502509419729,0.07085502509419729,0.05014604647968213,0.45092598764493663,0.10276688906299081,0.1488055759228291,0.09880557592282908,0.12884294380330324,0.8711570561966968,0.5697398570888723,0.5067253698105336,0.2238506061202145,0.5750889510363562,0.18829560558824565,0.057704156858204285,0.25385437707741587,0.5001458604761342,1.0,0.28827429575045554,0.33090967202745875,2.027268257573047,0.19343009866129873,4.811728197885884,2.1697332899106834,0.15828340210746145,322.50812617860345,4.9189097239832336e-11,0.0,3.5793590313915047e-13,-1.1102230246251565e-16,0.0,-1.7543229369199054e-08,-7.80404235678489e-09,-3.022164390964477e-08,-1.0934521271072084e-08
equilibrium_sigma_1_35,306.0,27.22103108488028,7.168624805690947,5.362058158481956,3.672,5.685986047534156,2.592448080548523,6.391088538213149,6.008122913933039,1.5919188014706345,-4.662849019954348,-5.362058158481956,10.106586786957402,4.744528628475447,1.6222936415444758,3.5341476155455283,3.5680528276739194,2.5320013701892092,2.7190885382131484,2.0139860475341558,3.496624805690947,0.06663277201920394,0.04706859282509868,0.07364714185635404,0.061647141856354046,0.030695039675721597,0.08609365881984132,0.07409365881984133,0.052269543351357584,0.4595367935041031,0.10242616802495146,0.15164714185635403,0.10164714185635403,0.12877271105437144,0.8712272889456285,0.5787566377037131,0.503021810661697,0.22402928904122094,0.5875485513656041,0.19271171532601297,0.05942527069317747,0.25380507865288604,0.49405793532792347,1.0,0.2822330527385122,0.32394882061152436,2.0121607376359925,0.19505523193547478,4.7751132972182315,2.1943402532224714,0.1428787106173351,323.1800587036747,4.795985830696736e-11,0.0,3.1108449149996886e-13,0.0,0.0,2.860007591864999e-09,1.2378587876948899e-09,4.820252696990934e-09,1.7521878600823548e-09
equilibrium_sigma_1_35,307.0,26.22103108488028,7.236399280071591,5.409513482821815,3.684,5.761147760775792,2.623749899422788,6.4789003223809845,6.10580382083188,1.6453143048830814,-4.717899607748167,-5.409513482821815,10.265262671691042,4.855749188869227,1.6324401810273352,3.546421277150708,3.684990373981577,2.6055815010161014,2.7949003223809843,2.0771477607757918,3.552399280071591,0.06894172383315061,0.04785174832996641,0.07671638966097044,0.06471638966097044,0.03192359563804244,0.08957204944870512,0.07757204944870512,0.05454890267930779,0.46883754442718306,0.10206466802574606,0.15471638966097043,0.10471638966097042,0.12853425696962636,0.8714657430303736,0.5879815601637505,0.49923275917718546,0.2242016264377152,0.6004249118375506,0.1972760753614397,0.06118152902109955,0.25369496373945777,0.487847431878003,1.0,0.27605235469028716,0.3167678785976854,1.9969357388519657,0.19667156994827306,4.73207151879352,2.218572790924964,0.1284070230007882,323.83924246840076,4.5367265499862697e-11,0.0,2.6290081223123707e-13,0.0,0.0,2.33320749803978e-08,1.0157958349465979e-08,3.9624029682383544e-08,1.4418941346461267e-08
equilibrium_sigma_1_35,308.0,25.22103108488028,7.306562115738974,5.457782255918673,3.696,5.839503772212391,2.6563269876697198,6.570321717255473,6.207695849345688,1.701074707951984,-4.773882352544781,-5.457782255918673,10.428596050267197,4.970813794348524,1.6411787995604077,3.5589014061084163,3.8052497986523535,2.6820230695061222,2.8743217172554725,2.1435037722123904,3.6105621157389742,0.07141236194988697,0.04869674987537094,0.0800406464534853,0.0680406464534853,0.033247362628649434,0.09331784482924377,0.08131784482924377,0.057002678599538115,0.4789110498590463,0.10168224326772879,0.15804064645348528,0.10804064645348528,0.12811574056786468,0.8718842594321353,0.597422653995351,0.495354917303391,0.2243670374724448,0.6137247385379755,0.20199589109393523,0.06297157035778135,0.2535175623649135,0.48151497618336986,1.0,0.2697268218231148,0.30936081126041887,1.9815906947866773,0.1982772870829499,4.682291029355691,2.242400912614329,0.1148565869231021,324.4850426633977,4.1453951382663945e-11,0.0,2.1271873151818e-13,-1.1102230246251565e-16,0.0,1.2000358637354047e-08,5.248492390697024e-09,2.0522487015339763e-08,7.479231747820059e-09
equilibrium_sigma_1_35,309.0,24.22103108488028,7.379284057426614,5.50693030171483,3.708,5.921324607809757,2.690280200913748,6.665635822499509,6.314137438132429,1.7593849819711749,-4.830866955656404,-5.50693030171483,10.596944750471978,5.090014448757149,1.64839771553053,3.5716020221865983,3.9290892626607623,2.761617289652633,2.957635822499509,2.2133246078097564,3.6712840574266137,0.07406327726081768,0.04961175855255855,0.08365176447789391,0.07165176447789391,0.0346779319095182,0.09736326660014782,0.08536326660014783,0.05965254816775456,0.4898538317511936,0.10127869853584678,0.1616517644778939,0.11165176447789389,0.12750467039959637,0.8724953296004037,0.6070886447614479,0.4913847010961312,0.22452489750199064,0.6274532341562727,0.2068789635785296,0.06479372220699287,0.2532659116236777,0.4750614025907998,1.0,0.2632506080098299,0.30172150965025424,1.9661225334579326,0.1998704284116404,4.625454702236974,2.265796709482358,0.1022134968183465,325.1167854106098,3.6338043685191224e-11,0.0,1.6497914145929826e-13,-1.1102230246251565e-16,0.0,-1.8033749674128963e-08,-7.913670059533917e-09,-3.103812870608458e-08,-1.1333215914344219e-08
equilibrium_sigma_1_35,310.0,23.22103108488028,7.4547559827018866,5.5570322702005654,3.72,6.006915302024487,2.725722967898627,6.765160649304007,6.425509216436395,1.8204536126581528,-4.8889323700913465,-5.5570322702005654,10.770711453738835,5.21367918353827,1.6539709668455114,3.584537764538862,4.056799775349616,2.8446930927762444,3.0451606493040067,2.2869153020244872,3.7347559827018864,0.07691625431810266,0.05060631119362244,0.08758709680358304,0.07558709680358304,0.03622892923559234,0.10174610488355995,0.08974610488355995,0.06252399274986331,0.5017790812229789,0.10085376829635945,0.16558709680358302,0.11558709680358302,0.12668785746390904,0.873312142536091,0.616989052059839,0.487318200468755,0.22467453301054416,0.6416137555496767,0.21193376851934145,0.06664595836010886,0.2529325335938109,0.4684877395267388,1.0,0.25661733511990786,0.29384377317220545,1.9505276000524017,0.2014488963607506,4.561240330281874,2.288734982166035,0.09046169219933464,325.73375492190087,3.022559980081496e-11,-4.440892098500626e-16,1.2323475573339238e-13,-2.220446049250313e-16,0.0,-3.842497643680165e-08,-1.6898587661129394e-08,-6.652106422644355e-08,-2.4345347016119234e-08
equilibrium_sigma_1_35,311.0,22.22103108488028,7.533192442104301,5.608173155705727,3.732,6.096621488187309,2.7627835474188425,6.869255291687102,6.542241471332361,1.8845168173343252,-4.948168384079901,-5.608173155705727,10.950351550626973,5.342178394921246,1.6577558261002787,3.5977239162296195,4.1887110439566495,2.9316235086773204,3.1372552916871017,2.364621488187309,3.801192442104301,0.07999700108054043,0.05169161966345197,0.09189073651713461,0.07989073651713462,0.03791648272009543,0.10651098230063383,0.09451098230063383,0.06564716416468386,0.5148204136882867,0.10040709010181208,0.1698907365171346,0.1198907365171346,0.12565136219069592,0.874348637809304,0.6271343051207661,0.48315113171150753,0.22481521563923085,0.6562074161493208,0.217169549425516,0.06852584896578971,0.2525094142037091,0.46179518740498526,1.0,0.2498200155690867,0.28572128412645015,1.9348015665291287,0.2030104350053972,4.489320757860714,2.3111939697412653,0.07958296489781533,326.33519044502987,2.3382185077025497e-11,0.0,8.415490526658687e-14,0.0,0.0,5.081041101751005e-09,2.16762498228551e-09,8.596680256545142e-09,3.162982140092474e-09
equilibrium_sigma_1_35,312.0,21.22103108488028,7.614836031064235,5.660450155496277,3.744,6.190836901617196,2.801607819418614,6.978327535914725,6.664823351736609,1.9518437479923527,-5.008677557237484,-5.660450155496277,11.136382805955515,5.475932650459238,1.659589611836351,3.6111764314070873,4.325198691008714,3.022833475429271,3.234327535914725,2.446836901617196,3.870836031064235,0.0833360855993122,0.052880952507423994,0.09661510633056228,0.08461510633056228,0.03975982500244285,0.11171097594520063,0.09971097594520063,0.06905799641243604,0.5291366858501887,0.09993817083851915,0.17461510633056226,0.12461510633056226,0.12438043472661428,0.8756195652733857,0.6375358803703051,0.47887878098864134,0.22494615510960908,0.6712326258920095,0.22259642834158094,0.07043050183799142,0.2519879818672464,0.45498508795318116,0.9999999999999998,0.24285096015189558,0.2773475716889362,1.918939324545815,0.20455261150652343,4.40936390135749,2.3331562014717604,0.06955697492389629,326.9202829817288,1.6147971848567977e-11,-4.440892098500626e-16,5.218048215738236e-14,0.0,0.0,5.416156348414525e-08,2.3113615611747296e-08,9.209807108612189e-08,3.398171474072731e-08
equilibrium_sigma_1_35,313.0,20.22103108488028,7.699962854870298,5.713974972816875,3.7560000000000002,6.290012737905151,2.842362779716741,7.092843346824628,6.79381433539915,2.022742982500873,-5.070577617894963,-5.713974972816875,11.32939738828959,5.6154224154727155,1.6592857225410667,3.624911965267063,4.466693270730429,3.118809509342432,3.3368433468246277,2.534012737905151,3.943962854870298,0.08697014776139604,0.054190127217860186,0.10182302025659049,0.08982302025659049,0.041782076647590156,0.117409718898287,0.105409718898287,0.07279964666428995,0.5449182432017894,0.09944634427993077,0.1798230202565905,0.12982302025659048,0.12285944784228346,0.8771405521577166,0.6482064680582555,0.47449593589755357,0.2250664907957962,0.6866845628490843,0.22822553933718284,0.07235649369018513,0.2513590790365124,0.4480588879361196,0.9999999999999999,0.23570166640096876,0.268715960995254,1.9029348549699079,0.20607279426184835,4.321032618311586,2.354609503187978,0.060361273421901666,327.4881717347374,8.886225089099753e-12,-4.440892098500626e-16,3.1530333899354446e-14,0.0,0.0,-8.26512119855849e-09,-3.5513156582123173e-09,-1.4214592378158919e-08,-5.257801215241553e-09
equilibrium_sigma_1_35,314.0,19.22103108488028,7.788889321828358,5.768876649926428,3.7680000000000002,6.394669249301385,2.8852408891360533,7.2133386922394145,6.9298585313971,2.097570614851267,-5.134004402620051,-5.768876649926428,11.53007679537914,5.761200145452712,1.6566286411688078,3.6389479093047123,4.613691454058924,3.2201116668679037,3.4453386922394142,2.626669249301385,4.020889321828358,0.09094350808709421,0.05563815022577252,0.10759038700777288,0.09559038700777288,0.0440112781571685,0.12368416621555411,0.11168416621555412,0.07692439269790796,0.5623951121447662,0.09893071441106462,0.18559038700777286,0.13559038700777287,0.12107181962692092,0.8789281803730791,0.6591601641021257,0.46999680667064536,0.225175281485909,0.7025545490446858,0.23406918456558692,0.07429978371880522,0.250612967722262,0.4410180639933459,1.0,0.22836269005157572,0.25981951102608003,1.8867810846953932,0.20756812538283728,4.223984372999212,2.3755481651506316,0.05197134276996126,328.03794044153557,1.9815260543509794e-12,0.0,1.4654943925052066e-14,0.0,0.0,1.0140060124896877e-08,4.2845915912415045e-09,1.7274768698838372e-08,6.419178813499293e-09
equilibrium_sigma_1_35,315.0,18.22103108488028,7.88198087027318,5.825305179629471,3.7800000000000002,6.505410624068666,2.930465674581557,7.340434652648873,7.073702933520483,2.176740605069187,-5.1991156048571945,-5.825305179629471,11.739210924208868,5.913905744579397,1.651367611746839,3.6533024283201034,4.766770405072776,3.3273887517790106,3.5604346526488726,2.725410624068666,4.10198087027318,0.09531028642205834,0.05724806392241652,0.11400980469355523,0.10200980469355524,0.04648176589420477,0.13062826008880535,0.11862826008880535,0.08149614813879325,0.5818478930107733,0.09839008546750298,0.19200980469355522,0.14200980469355523,0.11899992831649774,0.8810000716835023,0.6704127129922912,0.4653749264042774,0.22527149310172176,0.7188293464866617,0.24014102883642877,0.07625561342040313,0.24973930157270127,0.4338640561704669,1.0,0.22082348229516485,0.2506509243219396,1.8704696980822468,0.2090354888684063,4.1178706678260815,2.3959743717654716,0.04436063538055044,328.5686133502124,-4.209965709378594e-12,0.0,5.773159728050814e-15,2.220446049250313e-16,0.0,-7.370995702693506e-09,-3.107212424857675e-09,-1.2607930005570367e-08,-4.702692991964685e-09
equilibrium_sigma_1_35,316.0,17.22103108488028,7.979663116630512,5.883436071325077,3.7920000000000003,6.622943944058068,2.9782988969688358,7.474856738611642,7.2262207613784675,2.2607380137442745,-5.26609550226929,-5.883436071325077,11.957722362014641,6.074286290689564,1.6432085098659632,3.6679945029081797,4.9266061205420675,3.441397636874561,3.6828567386116418,2.830943944058068,4.187663116630512,0.10013727681329708,0.05904807898532878,0.12119540476620197,0.10919540476620197,0.04923603411910018,0.13835787735061444,0.12635787735061443,0.0865938592053972,0.6036224386854605,0.09782286939816354,0.19919540476620198,0.14919540476620197,0.11662501512400006,0.883374984876,0.6819817968919369,0.46062303231364515,0.22535398359919326,0.735490332854324,0.24645633333096856,0.07821838020456566,0.24872713005874786,0.4265981564057179,0.9999999999999999,0.21307219608240222,0.24120243354220786,1.853990918967317,0.21047147058662913,4.002336156187231,2.4158999110367287,0.0375006275801139,329.07915110990905,-9.370282327836321e-12,0.0,1.3322676295501878e-15,0.0,0.0,2.5704041256569e-09,1.064326876631938e-09,4.354440183429453e-09,1.6323119036987244e-09
equilibrium_sigma_1_35,317.0,16.22103108488028,8.082436386619758,5.943476246914836,3.8040000000000003,6.748103848405815,3.029049916106291,7.617460023180902,7.3884418143229595,2.3501362308004503,-5.335161052660077,-5.943476246914836,12.186697920680132,6.243221673765296,1.6318032782873857,3.6830439755202726,5.093997323075845,3.5630282769527475,3.8134600231809017,2.944103848405815,4.278436386619758,0.10550788432050297,0.06107311400551152,0.1292894842652463,0.11728948426524631,0.05232729399875437,0.14701759973867468,0.13501759973867467,0.09231615512250713,0.6281499523189282,0.09722696591800917,0.20728948426524632,0.1572894842652463,0.11392707574603282,0.8860729242539672,0.6938873936952226,0.455732918663703,0.22542148437541928,0.7525125524984825,0.25303224458686474,0.08018148107159571,0.24756490666984488,0.4192213676716947,1.0,0.20509544622420087,0.23146565097549035,1.8373332400179525,0.21187230918893435,3.877017373463027,2.4353482782804567,0.031360879306318964,329.5684465305674,-1.326672105506077e-11,0.0,3.1086244689504383e-15,-2.220446049250313e-16,0.0,8.634532727702648e-09,3.561610208147048e-09,1.4680597515415172e-08,5.526900201391349e-09
equilibrium_sigma_1_35,318.0,15.22103108488028,8.190894930135247,6.005671761242271,3.8160000000000003,6.881885084931372,3.083088104835405,7.769262312098915,7.561592515155647,2.445619727428824,-5.406569865006634,-6.005671761242271,12.42743016209586,6.421758400853588,1.6167360012682526,3.6984715998198436,5.269897039313486,3.693336575415284,3.9532623120989148,3.0658850849313715,4.374894930135246,0.11152761208842481,0.06336692521327078,0.13847174620828276,0.12647174620828275,0.05582305266232124,0.15679014082614628,0.14479014082614627,0.09878782609717973,0.6559749885099477,0.09659960566058966,0.21647174620828277,0.16647174620828276,0.11088473964569624,0.8891152603543038,0.7061522251206414,0.45069525271896616,0.22547257712210997,0.7698636231987853,0.25988815561052575,0.08213711674507858,0.24624050446700116,0.41173422317739466,1.0000000000000002,0.19687800916917028,0.2214313688539283,1.8204830832685617,0.21323383522030392,3.741540982522026,2.454357303019384,0.025909099548909416,330.0353202899278,-1.5765166949677223e-11,0.0,1.6431300764452317e-14,-1.1102230246251565e-16,0.0,-2.6248969567377323e-08,-1.0778349768258977e-08,-4.478489509796013e-08,-1.6937994708199344e-08
equilibrium_sigma_1_35,319.0,14.22103108488028,8.305752671046339,6.070318044313781,3.8280000000000003,7.02548605230844,3.140859530453449,7.931488546766625,7.747149500479602,2.5480145272500367,-5.480630754534498,-6.070318044313781,12.6814728348965,6.611154790582718,1.59750425801055,3.714299091999231,5.455454895698225,3.833588203858401,4.1034885467666244,3.19748605230844,4.477752671046338,0.11833187250046505,0.06598510763751704,0.14897242405786323,0.13697242405786322,0.0598102181227754,0.16790973418778776,0.15590973418778775,0.10616902752724755,0.6877952244177674,0.09593714131030028,0.22697242405786325,0.17697242405786323,0.10747513698883378,0.8925248630111662,0.718802317605588,0.4454993443612603,0.2255056646511846,0.7875024646454368,0.2670461587837512,0.0840760400383463,0.24474126385940145,0.404136537318501,1.0,0.18840244720425603,0.21108929847470131,1.8034243779770378,0.2145513940119927,3.595521445208672,2.472982479306194,0.021111219759094805,330.4785168733646,-1.6846080086452275e-11,0.0,2.4868995751603507e-14,0.0,0.0,3.398944681265448e-08,1.368440490090439e-08,5.7423833410563674e-08,2.184099100882575e-08
equilibrium_sigma_1_35,320.0,13.22103108488028,8.427878438338805,6.137773772135217,3.84,7.1803682713499954,3.2029098445333215,8.105631430670773,7.946912755252191,2.6583298347562563,-5.557718016289523,-6.137773772135217,12.950716392365978,6.812942620230761,1.5734937138758078,3.730549180966028,5.652074966575931,3.9853182383574572,4.265631430670773,3.3403682713499956,4.587878438338805,0.12609733487143493,0.06899941908450975,0.16109133812057688,0.14909133812057687,0.06440254201216422,0.1806815571825382,0.1686815571825382,0.1146686391950702,0.7245192064259905,0.09523476875772516,0.2390913381205769,0.18909133812057688,0.10367375453124729,0.8963262454687527,0.73186772273443,0.4401328501805619,0.22551893371252288,0.80537782778443,0.27453162630591244,0.08598723155046763,0.24305406027828086,0.39642708186533904,1.0,0.17964862576793186,0.20042772001391176,1.7861380156094155,0.2158197479261556,3.4385579606010093,2.491301284864416,0.016931470098042373,330.896700900234,-1.6609824626812042e-11,0.0,2.930988785010413e-14,0.0,0.0,-2.562772993819351e-08,-1.025753329497725e-08,-4.343959184027746e-08,-1.660699310013225e-08
equilibrium_sigma_1_35,321.0,12.22103108488028,8.55834510747864,6.20848000940588,3.852,7.348339194304368,3.2699163093562142,8.293535842602397,8.163107398708128,2.777816026872507,-5.638291090317576,-6.20848000940588,13.237492873201965,7.029012863796085,1.5439427949743725,3.7472456525072038,5.861496431907003,4.1504139660232084,4.441535842602397,3.4963391943043685,4.70634510747864,0.13505883907998334,0.07250416292748267,0.1752262580278173,0.1632262580278173,0.06975174533869569,0.19551062293565735,0.18351062293565734,0.12456414451689213,0.7673522970539917,0.09448614828656883,0.2532262580278173,0.2032262580278173,0.09945428327012842,0.9005457167298716,0.7453834514212178,0.4345813897680998,0.22551030688649645,0.8234265782078911,0.2823739623832463,0.08785747228123993,0.24116542009512276,0.388603145240391,1.0,0.17059308754778407,0.18943301198217277,1.7686011423900558,0.21703295006896955,3.270230514513782,2.509418897208208,0.013332459716670533,331.28845436341146,-1.5263346142546652e-11,0.0,3.241851231905457e-14,2.220446049250313e-16,0.0,1.603823934770432e-09,6.308360778195521e-10,2.7004039560019066e-09,1.0384729881574017e-09
equilibrium_sigma_1_35,322.0,11.22103108488028,8.69849975962462,6.282987241284741,3.864,7.531670231907199,3.3427336729966637,8.497519127144722,8.398528666371043,2.9080473342213637,-5.722922283210815,-6.282987241284741,13.544724974057957,7.2617377327732155,1.5078924427944695,3.7644133780363664,6.085908694424811,4.331232628079303,4.633519127144722,3.6676702319071994,4.834499759624619,0.1455353346851585,0.07662587754616071,0.19191632997209782,0.1799163299720978,0.07606463122821794,0.21294598933074838,0.20094598933074836,0.13623206041257774,0.8179282726427206,0.09368288162797335,0.2699163299720978,0.2199163299720978,0.0947884647283451,0.9052115352716549,0.7593907061278061,0.4288280395941715,0.2254773793331574,0.8415716769948081,0.29060759448690937,0.08967076948831745,0.2390617138754541,0.3806599221493191,1.0,0.16120822689436987,0.17808901081446252,1.7507862243034011,0.2181841786187207,3.0900948527973253,2.527475945250678,0.010275259621391496,331.6522755759386,-1.3107737117934448e-11,0.0,3.064215547965432e-14,0.0,0.0,-1.1071143529717276e-08,-4.323317329135712e-09,-1.8699588572035353e-08,-7.232291224235077e-09
equilibrium_sigma_1_35,323.0,10.22103108488028,8.850066740870691,6.361994631398941,3.876,7.733269828499909,3.4224617888286484,8.720547367565777,8.656754243400671,3.0510430651428186,-5.812336964683164,-6.361994631398941,13.876143966653682,7.514149335254741,1.4641127128426463,3.7820783139004566,6.328120426315893,4.530773697292778,4.844547367565777,3.8572698284999087,4.974066740870692,0.15797097278079575,0.08153853587146483,0.21191079759267592,0.1999107975926759,0.08363028994040764,0.2337506506222553,0.2217506506222553,0.15019606167898658,0.8785175684626542,0.09281377948326258,0.2899107975926759,0.23991079759267592,0.0896459471741182,0.9103540528258818,0.7739385517884998,0.42285264669131617,0.22541733401190786,0.8597197972401768,0.29927331315129235,0.0914075736512437,0.23672944087473488,0.372589672322729,1.0,0.1514611703017051,0.1663761146902635,1.7326597692195729,0.21926551654700244,2.897676047103994,2.545659315094276,0.007719484332588531,331.9865807723281,-1.0488498958238779e-11,4.440892098500626e-16,2.886579864025407e-14,2.220446049250313e-16,0.0,3.786191299370856e-08,1.4509340062751619e-08,6.352253237307259e-08,2.4729045422500207e-08
equilibrium_sigma_1_35,324.0,9.22103108488028,9.015303774448792,6.4464087871983455,3.888,7.9569451799601065,3.510548420522865,8.966501793958471,8.942464997597567,3.209450902916735,-5.9074736330936,-6.4464087871983455,14.236618180668993,7.790209393470647,1.4109921752196586,3.800267444566893,6.591815564240738,4.75293897732093,5.078501793958472,4.068945179960107,5.127303774448793,0.17300279002203095,0.08748830810324623,0.23628200060680457,0.22428200060680456,0.09286505214323999,0.25901636318437227,0.24701636318437226,0.16720607150411126,0.9523696988084985,0.09186380899424047,0.31428200060680456,0.26428200060680457,0.08399417525207235,0.9160058247479277,0.7890862253295893,0.41663088004055016,0.2253268254335851,0.87775845531416,0.3084201196869696,0.09304367897239842,0.23415569636563174,0.36438050497500035,1.0000000000000002,0.14131222902917517,0.15427001140310703,1.7141805518635274,0.22026765128385517,2.692460376692394,2.5642176780043515,0.005623374282996654,332.2897104966445,-7.769784815536696e-12,0.0,2.842170943040401e-14,0.0,0.0,-5.836381775092825e-08,-2.2173376107437193e-08,-9.821650034935736e-08,-3.847920215793721e-08
equilibrium_sigma_1_35,325.0,8.22103108488028,9.197247688948028,6.5374351153202515,3.9,8.207813436599764,3.6089516781172293,9.240597002490162,9.261948156921363,3.3868347865543296,-6.009577136277008,-6.5374351153202515,14.632667335721049,8.095232220400797,1.346364974310184,3.8190086274105948,6.881956130606436,5.002940731136029,5.340597002490162,4.307813436599764,5.297247688948028,0.19157739083401,0.09483577743169169,0.26661986466351595,0.25461986466351594,0.10439025382237058,0.29036108153412954,0.27836108153412953,0.1883742941877209,1.0443026201924723,0.09081254379521982,0.3446198646635159,0.2946198646635159,0.07779835237744713,0.9222016476225529,0.8049064363550202,0.4101328748452898,0.22520181585027077,0.8955525071381828,0.3181078565746151,0.09454863962381399,0.2313289138252718,0.3560145899762992,1.0,0.13071268764213642,0.14173981143832842,1.6952970547942725,0.22117945578324844,2.473885003673863,2.5834845913914792,0.003943876499302701,332.5599437713216,-5.255351709365641e-12,-4.440892098500626e-16,1.9539925233402755e-14,-1.1102230246251565e-16,0.0,-1.1370965918855447e-08,-4.247404469803762e-09,-1.906459562439622e-08,-7.521863604198487e-09
equilibrium_sigma_1_35,326.0,7.221031084880281,9.400119206096752,6.636726356831041,3.912,8.492977775223139,3.720408667318033,9.550067903860604,9.623923232609966,3.5881479744645093,-6.120349982925543,-6.636726356831041,15.073305119055657,8.436578762224617,1.2672280533253377,3.8383302640909394,7.205445585441931,5.287972106437411,5.6380679038606045,4.580977775223139,5.488119206096752,0.21516354136773774,0.10413195796931835,0.3053856310556247,0.2933856310556247,0.11917442543821588,0.33028766679876753,0.3182876667987675,0.2154224349615319,1.161774639562499,0.08963180501902877,0.3833856310556247,0.3333856310556247,0.071021548593249,0.928978451406751,0.821490257372918,0.4033212239160866,0.2250373365608401,0.9129397562134208,0.32841108689491494,0.09588340869020998,0.22824008403866777,0.3474654203762073,1.0,0.1196015275601449,0.12874521188196827,1.6759436401608805,0.22198738554494013,2.241324801512988,2.6039143134202414,0.002636725343051171,332.795525414354,-3.1867841698840493e-12,0.0,1.1102230246251565e-14,-1.1102230246251565e-16,0.0,2.5184320462390275e-09,9.216013507895582e-10,4.196919090038165e-09,1.6685183235054524e-09
equilibrium_sigma_1_35,327.0,6.221031084880281,9.630028308910074,6.746637875841118,3.924,8.822703079637403,3.848905586666548,9.905362991873622,10.04097559691537,3.8205551147477204,-6.24221196015997,-6.746637875841118,15.571498829632816,8.824860953791699,1.169252553783985,3.8582606660192864,7.57228436646699,5.618372430288116,5.981362991873622,4.898703079637404,5.706028308910074,0.24616686832053675,0.11626476365289859,0.35660055176926847,0.34460055176926846,0.13881168065589036,0.3828814853434892,0.3708814853434892,0.25116261346935786,1.316971368997783,0.0882819219839048,0.43460055176926843,0.38460055176926844,0.06362508639615573,0.9363749136038443,0.838954709243247,0.3961478620182367,0.2248271251986166,0.9297252594657125,0.33942507854766174,0.09699667053913795,0.22488481928496296,0.33869343162823723,0.9999999999999999,0.1079003448070245,0.11523199013496256,1.6560345440534276,0.2226745766453137,1.9940753728187306,2.6261401736258487,0.0016565273714723306,332.9947158114052,-1.6830981053317373e-12,0.0,5.773159728050814e-15,2.220446049250313e-16,0.0,3.409488683048245e-08,1.2272113950051455e-08,5.6715669383144984e-08,2.272580157391957e-08
equilibrium_sigma_1_35,328.0,5.221031084880281,9.89629388161457,6.8706983366949625,3.936,9.212610571009836,4.000561075727035,10.32236905746887,10.532226979904573,4.0949654861819305,-6.378777968022064,-6.8706983366949625,16.146883144754007,9.276184808059044,1.045878399153867,3.878826869090467,7.9977309547052835,6.009802320214898,6.386369057468871,5.2766105710098365,5.96029388161457,0.2888120057230708,0.13276655025918674,0.4273078413148126,0.4153078413148126,0.16611619244064255,0.45528950815665326,0.44328950815665324,0.3005173091352731,1.5312358827721593,0.08670548525732386,0.5053078413148125,0.45530784131481256,0.0555694549078842,0.9444305450921158,0.8574552274943115,0.3885489454477069,0.22456304409218517,0.9456735942563416,0.351275575065715,0.09781883801362144,0.22126702328166667,0.32963856363899696,1.0,0.09550499757881131,0.10112442685713441,1.635453880656845,0.22321942735547368,1.7313307889342862,2.6510758289644105,0.0009568608728026569,333.1558804085795,-7.318590178329032e-13,0.0,1.7763568394002505e-15,2.220446049250313e-16,0.0,3.221710953571488e-08,1.1392845222779613e-08,5.348386228343216e-08,2.161239859299613e-08
equilibrium_sigma_1_35,329.0,4.221031084880281,10.214153510527469,7.014561265475938,3.948,9.688173365862,4.185448565638172,10.826962183466993,11.128793320884968,4.429170633123546,-6.535822362046948,-7.014561265475938,16.831295577441928,9.816734311965991,0.8864750204314027,3.900052421473612,8.506737869866052,6.487701040982604,6.878962183466992,5.740173365861999,6.266153510527468,0.3512459335420188,0.15653736320485878,0.5310505854520798,0.5190505854520798,0.20654544855292623,0.5612346754091391,0.5492346754091391,0.3729434505128637,1.8456078347032725,0.08481615664035479,0.6090505854520799,0.5590505854520799,0.046816246935193116,0.9531837530648068,0.8772077728716339,0.38043577032791037,0.22423407837785014,0.9604976820440644,0.3641359939013488,0.09825154397470838,0.21740584646278827,0.32020661566115455,1.0000000000000002,0.0822707921760053,0.08631157624275183,1.6140376608394882,0.2235932139226458,1.4521535298833408,2.6801059319447065,0.0004904129094142108,333.2776525654315,-2.4069635173873394e-13,0.0,3.552713678800501e-15,-1.1102230246251565e-16,0.0,-8.112039523444636e-08,-2.814753044533269e-08,-1.3436268775368632e-07,-5.479370038252718e-08
equilibrium_sigma_1_35,330.0,3.2210310848802806,10.611088874242892,7.188189301892028,3.96,10.295181852787596,4.421871459061164,11.465586690358242,11.886458749041921,4.85514060706229,-6.723488559440968,-7.188189301892028,17.681605128372105,10.493415826480078,0.6721001348622195,3.921953141104555,9.144302932174362,7.0976727597685265,7.505586690358242,6.3351818527875965,6.651088874242892,0.4514142853377228,0.19383595037745116,0.6975639720508491,0.6855639720508491,0.2721942811574667,0.7307973509185217,0.7187973509185217,0.48918139066600475,2.3501938546995427,0.08247657953400267,0.7755639720508491,0.7255639720508491,0.03733216971691622,0.9626678302830838,0.8985323626916125,0.37167689250925995,0.22382442982940412,0.9738411896290987,0.37826099302597216,0.09814750702909932,0.21335018144783016,0.3102413184970984,1.0,0.06798331699661961,0.07061970376285275,1.5915378379024265,0.22375568997740813,1.1554317349178702,2.7154885629288095,0.00020920356238444813,333.359241652816,-5.3290705182007514e-14,0.0,6.217248937900877e-15,-1.1102230246251565e-16,0.0,-4.602802989306376e-07,-1.56494932984641e-07,-7.604186713638938e-07,-3.1325020410921667e-07
equilibrium_sigma_1_35,331.0,2.2210310848802806,11.144687764798572,7.411910065578607,3.972,11.129205169961836,4.748503016287743,12.334990411559533,12.921258879367171,5.439540347944844,-6.962403592701682,-7.411910065578607,18.815655401281976,11.40374533570337,0.3636906354465843,3.9445284689210136,10.004692914523826,7.934774008731024,8.362990411559533,7.157205169961836,7.172687764798573,0.6379104714685082,0.2612311060854405,1.0070651401982493,0.9950651401982493,0.3960375116362498,1.0449771677834008,1.0329771677834008,0.7051100855548498,3.2880761824189375,0.07944800898538205,1.0850651401982494,1.0350651401982494,0.027097620359800834,0.9729023796401992,0.9219529967561881,0.3620570839249583,0.2233093121957081,0.9852472327368889,0.3940627667672945,0.09726680619831489,0.20921366577414074,0.2994567612602497,0.9999999999999998,0.052291492173353944,0.0537479332640675,1.5675383718538967,0.22364574105935148,0.8398119093208792,2.761365536749756,6.500786606036311e-05,333.40106027077843,-1.7763568394002505e-15,-8.881784197001252e-16,0.0,-2.220446049250313e-16,0.0,-9.62246967661784e-08,-3.2012469730613446e-08,-1.58503800529175e-07,-6.605838442919065e-08
equilibrium_sigma_1_35,332.0,1.2210310848802806,11.972397598946305,7.739577164236219,3.984,12.450213434470442,5.27211356829108,13.697731554738475,14.5475229060988,6.3634625350811795,-7.3070145665456945,-7.739577164236219,20.551388349906894,12.811811185670674,-0.14326683070791368,3.967741650222458,11.345579822642023,9.257788250164724,9.713731554738475,8.466213434470442,7.988397598946305,1.1025488413062938,0.4224530868432081,1.774750573280268,1.762750573280268,0.7093266891217099,1.821439229904445,1.809439229904445,1.2400065443281882,5.614395676606873,0.07524462313965778,1.852750573280268,1.802750573280268,0.01612689617915674,0.9838731038208433,0.9484936306797173,0.3511557642874791,0.22264306928212413,0.9940911878435935,0.4123344986673061,0.09516417394720735,0.20528457695073793,0.2872167504347488,1.0000000000000002,0.03450926744458943,0.03507491698936955,1.5412019479557508,0.22315623388810435,0.5035658342159561,2.827217842508997,1.02437104705138e-05,333.4061832374576,-2.6645352591003757e-15,0.0,1.2434497875801753e-14,2.220446049250313e-16,0.0,-5.130813219400565e-06,-1.6604185760216161e-06,-8.394375933917786e-06,-3.5528006053775485e-06
equilibrium_sigma_1_35,333.0,0.22103108488028056,13.957660746892103,8.454367234938188,3.996,15.672645566973605,6.586969298055701,16.97899382198007,18.467113097769666,8.610962882053963,-8.04232299637761,-8.454367234938188,24.601902223871328,16.14753498893314,-1.4019054812628453,3.9914636755005666,14.581941866032636,12.483553330676592,12.982993821980068,11.676645566973605,9.961660746892102,4.111042262067773,1.4045835962420767,6.693146688958469,6.68114668895847,2.785322305980554,6.7801480541587695,6.76814805415877,4.663805284282807,20.51862633017718,0.06845407551363834,6.77114668895847,6.72114668895847,0.004526050920085402,0.9954739490799146,0.9812411511237626,0.33770502348286935,0.22170021456832753,0.999372340240194,0.43541362698571595,0.09098578841296122,0.20279341292687023,0.2708071716744525,0.9999999999999999,0.012568428747079027,0.01262557273216001,1.5099012307083508,0.222017944267205,0.1440410012565292,2.9555234810073046,1.1436767635205204e-07,333.38476596638867,1.3517365005100146e-10,8.881784197001252e-16,1.7763568394002505e-15,0.0,0.0,1.8638982623997435e-07,5.805764602406782e-08,2.98170311552326e-07,1.3019244615719572e-07
equilibrium_sigma_1_35,333.2210310848803,0.0,15.340417001663216,8.914628883486714,3.9986523730185635,17.91645579650578,7.532003305721633,19.252440007091348,21.17925730827237,10.177337144377026,-8.50843438737542,-8.914628883486714,27.351054477942654,18.43642559445594,-2.27237445692154,3.9967602975887666,16.844221415019906,14.74483942525343,15.253787634072784,13.917803423487216,11.341764628644652,10.196736462131634,3.307617202141006,16.421999999999773,16.409999999999773,6.986026251077068,16.691718845439265,16.679718845439265,11.516944354934328,49.999999999999304,0.06615234404282104,16.499999999999773,16.449999999999772,0.0018902865834695528,0.9981097134165304,0.9907011542416276,0.33381941479482774,0.22140300234085378,0.9998688789816723,0.4421905361029941,0.08997543484533119,0.20493472924263553,0.26289929980903914,1.0,0.006230226658109484,0.006242025875876321,1.5010944811068656,0.2215792372388964,0.06045791245791329,3.0228956228956227,4.986179399026708e-09,333.37892846665824,-1.2797407578091224e-10,-8.881784197001252e-16,-7.993605777301127e-14,0.0,0.0,-1.7763568394002505e-15,8.881784197001252e-16,0.0,0.0
equilibrium_sigma_1_50,0.0,280.2921879990614,0.9200248718261719,0.0,0.0,-0.4428430522060623,-0.7870392129908238,-0.032062534271388055,-0.5010011074239177,-0.4880414616817948,1.0446464215328426,0.0,-4.379436098541225,-4.379436098541225,-6.9462167683272105,-0.0009627320394336496,-9.160378108496534,-7.480191199158611,-0.032062534271388055,-0.4428430522060623,0.9200248718261719,0.07497265423235798,0.003396819860790938,0.049358411355259695,0.03735841135525969,0.04761821884816757,0.034164563085525845,0.022164563085525845,0.021501196083850704,0.3859345798644233,0.008801543157869456,0.1273584113552597,0.07735841135525968,0.0009622687616264963,0.9990377312383735,0.05489958025414499,0.6481838079811045,0.22221883988494312,0.15108456298343018,0.01294075604986185,0.00010854827270262238,0.32381823436567975,0.6631324613117556,0.9999999999999999,0.6332172812297228,0.6338271933381415,2.8423933368769303,0.02384196272041529,0.47002157610776846,0.1813975795023657,9.153729026733997,20.456495739957695,-7.682743330406083e-14,-1.1102230246251565e-16,3.3564817591980045e-12,0.0,0.0,0.0,0.0,0.0,0.0
equilibrium_sigma_1_50,1.0,279.2921879990614,0.990743270091959,0.0034379105006044366,0.012,-0.3959319499272039,-0.7418396997954606,0.0006273832391683887,-0.4870416356584748,-0.46798035494448526,1.0406071647534345,-0.0034379105006044366,-4.331322072989,-4.3347599834896045,-6.897003381043667,0.01100074823771517,-9.071042507737072,-7.424864106338104,-0.011372616760831612,-0.4079319499272039,0.9787432700919589,0.06672024788463359,0.003478264915519299,0.04460609877903742,0.03260609877903742,0.04292181503162626,0.03130377260962547,0.01930377260962547,0.018707563612663236,0.3715336326637498,0.009361911304183984,0.12260609877903743,0.07260609877903743,0.0009987526764939098,0.999001247323506,0.05552817525037857,0.6479721809990392,0.22221876198663434,0.15367561024428059,0.01309679982575192,0.00011487455041599175,0.3141579593960186,0.6726303662278135,1.0,0.6327961225822463,0.6334287612529159,2.840684588047271,0.024107077592001723,0.4775773357287562,0.17743604242118008,8.793731399592614,22.24940623085947,-7.632653190037253e-14,-2.220446049250313e-16,4.0058512063012586e-12,0.0,0.0,3.057868441791456e-08,-5.6726405690821213e-11,1.6493826013319612e-08,1.6404854703833127e-08
equilibrium_sigma_1_50,2.0,278.2921879990614,1.0539185471622392,0.00695516345859857,0.024,-0.35337802100442656,-0.7009451822960019,0.03070168629762643,-0.4732707974118098,-0.45047315173121627,1.0365465794193813,-0.00695516345859857,-4.2870051595235665,-4.293960322982165,-6.850817045676386,0.022965978882166144,-8.989841765941902,-7.373256885846707,0.006701686297626429,-0.3773780210044266,1.0299185471622392,0.059830930138475666,0.0035556069947833896,0.0406141506581491,0.0286141506581491,0.03897847225089322,0.028914227143128635,0.016914227143128634,0.01637467484771893,0.35943682017620937,0.009892161278970524,0.11861415065814909,0.06861415065814909,0.001033486702212678,0.9989665132977873,0.05609645272115203,0.6477808609172121,0.22221869079985782,0.1559664179374176,0.01323802366963949,0.00012090040478645097,0.30556393773078794,0.6810771381947861,0.9999999999999999,0.632415376676828,0.6330696457372721,2.839141571363833,0.024346599653532364,0.48447390675180546,0.17413776050121432,8.49115234050581,23.964553005528423,-7.718044953142211e-14,-1.1102230246251565e-16,4.681921517146748e-12,0.0,0.0,-7.952561227597688e-09,1.6700233210209525e-11,-4.3247456033013165e-09,-4.297696011568153e-09
equilibrium_sigma_1_50,3.0,277.2921879990614,1.1107632405583334,0.010547944639668943,0.036000000000000004,-0.31450228134064595,-0.6636835247639615,0.05857975784740621,-0.4596598679654386,-0.4351098974134221,1.0324595860145052,-0.010547944639668943,-4.245863026814767,-4.256410971454436,-6.807194251551033,0.03493274000695899,-8.915492463179561,-7.324810607475401,0.022579757847406207,-0.350502281340646,1.0747632405583334,0.05401836330539386,0.0036294065297922938,0.037227584887898756,0.025227584887898755,0.03563409767272217,0.026897274490178535,0.014897274490178535,0.014405925101157457,0.34917449966029923,0.010394248529956305,0.11522758488789875,0.06522758488789875,0.001066690673649922,0.99893330932635,0.056613623092703784,0.647606746892123,0.22221862538517456,0.15799955659155135,0.013366673403947978,0.00012665138815361814,0.29789793758304234,0.6886087376248562,1.0000000000000002,0.6320688725278883,0.6327438144535757,2.83773877956113,0.024564454068163554,0.4908015843902004,0.17137539766193033,8.234216460549403,25.61009637467686,-7.690029169005186e-14,-1.1102230246251565e-16,5.381806111870446e-12,0.0,0.0,-1.7872946428409975e-08,4.2100821960600054e-11,-9.794838572163567e-09,-9.725213905020791e-09
equilibrium_sigma_1_50,4.0,276.2921879990614,1.1622428525631905,0.014212953055733075,0.048,-0.2787599743543763,-0.6295159897850849,0.0845958334588493,-0.4461855341597069,-0.42156400104809183,1.0283422787684002,-0.014212953055733075,-4.207400119431312,-4.221613072487044,-6.765760351181573,0.046900841973262476,-8.846966770078005,-7.279071729504604,0.0365958334588493,-0.3267599743543763,1.1142428525631904,0.049070175554472684,0.0037001334502564454,0.034330524324268745,0.022330524324268745,0.032773585974137716,0.02517968114429392,0.01317968114429392,0.012729630379515466,0.34039552825535985,0.010870100054547891,0.11233052432426875,0.06233052432426875,0.0010985541738171814,0.9989014458261828,0.057087157073356695,0.6474473237853033,0.22221856496340248,0.15981000393292266,0.013484574102480466,0.00013215136291981484,0.291044292098196,0.6953389824364037,1.0,0.631751604760851,0.6324463813728236,2.836455563851531,0.024763821136668515,0.4966355259091578,0.16905251219222628,8.014131484231996,27.19322210066262,-7.619946340575723e-14,5.551115123125783e-16,6.099953875349229e-12,0.0,0.0,-3.6691267822630547e-08,9.651493233092667e-11,-2.0255744234698447e-08,-2.009262511232235e-08
equilibrium_sigma_1_50,5.0,275.2921879990614,1.209137722401524,0.01794732081790208,0.06,-0.24570774503083653,-0.5980045218607236,0.10902027173724266,-0.4328286218735229,-0.4095713853039451,1.0241916069046382,-0.01794732081790208,-4.171215910361171,-4.189163231179073,-6.726208407473604,0.05887011963154049,-8.783429594880268,-7.235667342086532,0.04902027173724266,-0.30570774503083653,1.149137722401524,0.04482555544202957,0.0037681864284611643,0.03183455672112353,0.01983455672112353,0.030309194327518073,0.023705947045371545,0.011705947045371545,0.011291485990660988,0.3328319900640107,0.011321587290141375,0.10983455672112354,0.05983455672112353,0.001129242293974558,0.9988707577060254,0.05752319572584108,0.6473005241056334,0.22221850888085892,0.1614268385743139,0.013593228659464092,0.0001374225782630238,0.284905172197518,0.7013641765647548,0.9999999999999999,0.6314594588636864,0.6321733357315175,2.835274981523997,0.024947312476849427,0.5020390001430655,0.1670946395073626,7.824197595065619,28.72028327980308,-7.648395805581742e-14,-5.551115123125783e-16,6.836309296431864e-12,0.0,0.0,-7.979638765726049e-08,2.318100563933334e-10,-4.4356452302829474e-08,-4.396280263441188e-08
equilibrium_sigma_1_50,6.0,274.2921879990614,1.2520868453381881,0.021748549050410747,0.07200000000000001,-0.2149802177925297,-0.5687884210306375,0.1320746315491168,-0.4195731752425154,-0.39891571322220476,1.0200051505953707,-0.021748549050410747,-4.136982409494961,-4.158730958545372,-6.6882839609368725,0.07084042791123729,-8.724193804178555,-7.194287265479336,0.0600746315491168,-0.2869802177925297,1.180086845338188,0.041160503083798705,0.0038339071885194593,0.029671017146479482,0.017671017146479482,0.02817283896310354,0.022433242785613317,0.010433242785613316,0.010049600306649698,0.3262758095347863,0.01175051007914426,0.10767101714647949,0.057671017146479486,0.00115890004483443,0.9988410999551656,0.05792684695718654,0.6471646281910806,0.22221845658356176,0.16287448689594736,0.013693889191185428,0.00014248576817095686,0.2793970635266465,0.7067665615139972,1.0,0.631189012538685,0.6319213462151455,2.834182964347125,0.025117098270129548,0.5070657986031477,0.1654433039266449,7.659217643642954,30.196918245810735,-7.687253611443623e-14,0.0,7.587375172590782e-12,0.0,0.0,-6.818551868958966e-08,2.1731313797068719e-10,-3.81496599761999e-08,-3.7780567802708775e-08
equilibrium_sigma_1_50,7.0,273.2921879990614,1.2916193108466434,0.025614456705824497,0.084,-0.18627307733168985,-0.541567505197566,0.1539424965515373,-0.40640578511620157,-0.38941778532194227,1.0157809622828227,-0.025614456705824497,-4.1044280245856655,-4.13004248129149,-6.651773934416325,0.08281163850131752,-8.668687921855952,-7.154670972523572,0.0699424965515373,-0.27027307733168987,1.2076193108466433,0.037977884337708476,0.0038975911209155377,0.027785751893904885,0.015785751893904885,0.026310871616609048,0.021327993155184632,0.009327993155184632,0.008971144582758939,0.3205628845269845,0.01215858512961267,0.10578575189390489,0.05578575189390489,0.0011876556767749218,0.9988123443232251,0.058302401622844904,0.6470381914536423,0.22221840759807182,0.16417364519313524,0.013787609149996,0.00014736023092063783,0.2744481304113753,0.7116169002077081,1.0,0.6309373909126939,0.6316876182985146,2.833167713295487,0.025274999937310083,0.511762031075571,0.16405191287297333,7.515097426855218,31.628144647963325,-7.618211617099746e-14,5.551115123125783e-16,8.353095992674753e-12,0.0,0.0,-9.07445864284373e-09,3.1539267725255726e-11,-5.108459447122904e-09,-5.0550762360768164e-09
equilibrium_sigma_1_50,8.0,272.2921879990614,1.3281775359999388,0.029543138465991013,0.096,-0.1593304801103526,-0.5160895918541866,0.17477748103444207,-0.39331508335154897,-0.38092770056719427,1.0115174509921836,-0.029543138465991013,-4.073325631807676,-4.102868770273667,-6.616498313650359,0.09478363721122621,-8.61643213157893,-7.11659774554401,0.07877748103444207,-0.25533048011035264,1.2321775359999387,0.03520053644133751,0.003959495485606287,0.026135464985061828,0.014135464985061828,0.024680436884861125,0.02036350725098668,0.008363507250986679,0.008030029797212457,0.315562015106248,0.012547440110220956,0.10413546498506183,0.05413546498506183,0.0012156233194082345,0.9987843766805917,0.05865349615033963,0.6469199896293857,0.2222183615167369,0.1653419843658287,0.013875282609454314,0.0001520639179601,0.2699961730585697,0.7159764804140158,1.0,0.6307021575792724,0.6314697869778244,2.8322192438769402,0.025422559811273233,0.5161675099878634,0.16288285958414456,7.388567092074044,33.018439200423984,-7.636252741249905e-14,-4.440892098500626e-16,9.131695399844375e-12,0.0,0.0,3.7506658612240784e-08,-1.432286702435226e-10,2.124377328910354e-08,2.099822012102681e-08
equilibrium_sigma_1_50,9.0,271.2921879990614,1.3621346613253942,0.03353292994292666,0.108,-0.13393556846853585,-0.4921410722838381,0.19470922838799648,-0.38029135798415475,-0.3733189847775877,1.0072132972249221,-0.03353292994292666,-4.043483642810149,-4.077016572753076,-6.582303833476536,0.10675632187345102,-8.567020219862737,-7.07987918209881,0.08670922838799648,-0.24193556846853587,1.254134661325394,0.0327663946939388,0.00401984578943763,0.024685120319275604,0.012685120319275604,0.023246883630597886,0.019518302186438685,0.007518302186438685,0.007205263929666028,0.31116703127053214,0.012918610859974849,0.10268512031927561,0.05268512031927561,0.0012429050794148923,0.9987570949205851,0.05898323621633312,0.6468089771405011,0.22221831798624878,0.1663946931225229,0.013957674185643858,0.00015661351925968533,0.2659870306825043,0.7198986816125924,1.0000000000000002,0.6304812317350567,0.6312658352481477,2.831329040879188,0.02556109407929933,0.5203168267516989,0.16190544230042994,7.276983241242945,34.371804514968204,-7.561312687087707e-14,-3.3306690738754696e-16,-9.289513602794841e-12,0.0,0.0,3.463728473485084e-08,-1.4267305219195503e-10,1.9726593119412383e-08,1.948470406201719e-08
equilibrium_sigma_1_50,10.0,270.2921879990614,1.3938078048681903,0.03758237852962723,0.12,-0.1099031984723686,-0.469539691017279,0.2138479845324786,-0.3673262553343645,-0.3664841153623317,1.002867389416945,-0.03758237852962723,-4.014739198206355,-4.052321576735983,-6.549059105567401,0.1187296006423949,-8.520105753121372,-7.0443533925541795,0.09384798453247861,-0.2299031984723686,1.2738078048681905,0.03062497962309957,0.004078840836499572,0.023406058117891114,0.011406058117891114,0.021981889276389003,0.018774894016415633,0.006774894016415633,0.006479767453992924,0.3072910852057307,0.013273541058858892,0.10140605811789112,0.05140605811789112,0.0012695927419520089,0.998730407258048,0.05929429242753608,0.6467042548827295,0.222218276698616,0.16734490368914287,0.01403544222034079,0.00016102454717860617,0.26237331151055465,0.723430221721926,1.0,0.6302728240735508,0.6310740310830483,2.8304897916842795,0.02569173370610838,0.5242402030018957,0.1610943408889251,7.178185588358543,35.69182598842183,-7.480127628411992e-14,1.1102230246251565e-16,-8.430367515188664e-12,0.0,0.0,1.4314042420110473e-08,-6.330801161080757e-11,8.19445784491779e-09,8.088482963269916e-09
equilibrium_sigma_1_50,11.0,269.2921879990614,1.4234682958309313,0.0416902187870924,0.132,-0.08707429165226083,-0.448128941927438,0.23228813141793198,-0.3544125465765304,-0.36033106470149745,0.9984787760121892,-0.0416902187870924,-3.986952912149958,-4.02864313093705,-6.516650810483126,0.1307033906004066,-8.475391356713688,-7.009880451487145,0.10028813141793197,-0.21907429165226083,1.2914682958309314,0.028734822389824333,0.004136656772558249,0.022274606761469702,0.010274606761469702,0.020862078281282906,0.01811891104180896,0.00611891104180896,0.005839504909066484,0.30386244473172636,0.013613583528594377,0.10027460676146971,0.050274606761469706,0.0012957691648172107,0.9987042308351828,0.059588975255353074,0.6466050449973645,0.22221823738396476,0.1682040291646739,0.014109156963443562,0.0001653114168396858,0.25911337104964594,0.7266121605700708,1.0,0.6300753865789134,0.6308928781166798,2.829695177715447,0.02581545645764299,0.5279641715145531,0.1604284838871726,7.090391419121648,36.98172043231321,-7.509964872198793e-14,-1.1102230246251565e-16,-7.559952663882541e-12,0.0,0.0,-6.185845224937481e-09,2.9254041029880273e-11,-3.558579538681661e-09,-3.510294138697745e-09
equilibrium_sigma_1_50,12.0,268.2921879990614,1.4513496803044768,0.04585535148259816,0.14400000000000002,-0.06531139113187666,-0.42777366259101096,0.2501109530061803,-0.3415439425288016,-0.35478059513024607,0.994046628941637,-0.04585535148259816,-3.9600047611856226,-4.005860112668221,-6.4849806848477325,0.14267761660203762,-8.432620291934027,-6.9763387875136615,0.10611095300618029,-0.2093113911318767,1.3073496803044766,0.027061548498523963,0.004193450364521557,0.021271043984460218,0.009271043984460218,0.019867988952051892,0.01753843344998174,0.005538433449981738,0.0052728383215239205,0.3008213454074552,0.01394000269110435,0.09927104398446022,0.04927104398446022,0.0013215094343175852,0.9986784905656824,0.059869294459666454,0.6465106708652456,0.22221819980472968,0.16898203411532603,0.014179315011994507,0.00016948752292075196,0.25617048017036814,0.7294807172947165,1.0,0.6298875727120233,0.6307210765651272,2.82893970929095,0.02593311227598201,0.5315121274193209,0.15989019327065887,7.012116680842258,38.244377965285445,-7.478739849631211e-14,6.106226635438361e-16,-6.677047803549385e-12,0.0,0.0,-1.8189317465416854e-08,9.163095629483031e-11,-1.0512082388586252e-08,-1.036312889321489e-08
equilibrium_sigma_1_50,13.0,267.2921879990614,1.4776540588954974,0.05007682559978545,0.156,-0.04449512430663358,-0.4083565300258185,0.26738682625946625,-0.32871494503887755,-0.3497641168419733,0.9895702155441386,-0.05007682559978545,-3.9337908299544075,-3.983867655554193,-6.453963110132953,0.15465221030459533,-8.391569760640907,-6.943622285617557,0.11138682625946625,-0.20049512430663358,1.3216540588954975,0.02557643139596244,0.004249361689689936,0.02037880867040253,0.00837880867040253,0.018983289997377566,0.017023494596479782,0.005023494596479782,0.004770039033208384,0.2981176020315228,0.014253977828657735,0.09837880867040254,0.048378808670402534,0.0013468818347873385,0.9986531181652126,0.0601370067472692,0.6464205410617527,0.2222181637509152,0.1696876538784524,0.014246350906270723,0.00017356531277612573,0.2535121404470811,0.7320679433338722,1.0,0.6297082054793296,0.6305574919109735,2.8282185933617137,0.026045443614399637,0.5349047792241715,0.1594645300975111,6.942116161932421,39.48239833910961,-7.437106486207767e-14,-2.220446049250313e-16,-5.780265155408415e-12,0.0,0.0,-1.7990324934630264e-08,9.620486265266015e-11,-1.044205328454284e-08,-1.0288190376017692e-08
equilibrium_sigma_1_50,14.0,266.2921879990614,1.5025571574424288,0.05435382279745798,0.168,-0.02452135760927445,-0.3897752441263641,0.28417697517701457,-0.3159207265358015,-0.3452219734541092,0.9850488768129715,-0.05435382279745798,-3.908220707732872,-3.96257453053033,-6.423523163517069,0.16662710934758393,-8.352045527247471,-6.911637937993094,0.11617697517701456,-0.19252135760927447,1.3345571574424289,0.024255286816363172,0.0043045163626896634,0.01958389525739266,0.0075838952573926595,0.01819417897528435,0.016565699542114842,0.004565699542114842,0.004322914395615829,0.2957087735072505,0.014556606865721286,0.09758389525739267,0.047583895257392664,0.0013719486691736533,0.9986280513308263,0.0603936543796699,0.6463341363588445,0.2222181290361953,0.17032857399907136,0.014310646536204109,0.0001775563557203097,0.25110951540483295,0.7344022817032427,1.0,0.6295362515656211,0.6304011295563616,2.8275276265129414,0.026153101898174717,0.5381605213475239,0.15913878771769874,6.879337568974495,40.698122599684595,-7.400330348517059e-14,1.1102230246251565e-16,-4.868216940678849e-12,0.0,0.0,-4.692824320112754e-09,2.6555386362092648e-11,-2.7348924964976096e-09,-2.6931470595292772e-09
equilibrium_sigma_1_50,15.0,265.2921879990614,1.5262124232676921,0.05868564391768141,0.18,-0.0052988864227418,-0.37194024251581864,0.3005348885551749,-0.3031570315271097,-0.34110205661572424,0.9804820104219631,-0.05868564391768141,-3.883215385583465,-3.9419010295011465,-6.393595028060446,0.17860225665290094,-8.313877558112221,-6.88030392257177,0.12053488855517491,-0.18529888642274178,1.3462124232676922,0.023077617802986908,0.004359027395086722,0.01887438310918111,0.00687438310918111,0.017488915103926743,0.016157929940141535,0.004157929940141535,0.003924519045295227,0.29355873669448823,0.014848910457137028,0.09687438310918112,0.046874383109181114,0.0013967669588332671,0.9986032330411667,0.060640596732582444,0.6462509991000306,0.22221809549467575,0.1709115782835931,0.014372538840447494,0.00018147140830520437,0.24893695423904239,0.736509035512205,1.0000000000000002,0.6293708001891697,0.630251114121142,2.8268631076153876,0.02625666097038274,0.5412957443301448,0.15890209488365997,6.822885867301344,41.89366079782278,-7.402412016688231e-14,-6.106226635438361e-16,-3.940348047848374e-12,0.0,0.0,4.761706373646035e-08,-2.886260189183254e-10,2.786789955397384e-08,2.7418168700721335e-08
equilibrium_sigma_1_50,16.0,264.2921879990614,1.5487543671584942,0.06307169714327895,0.192,0.013252459436782767,-0.35477282778649133,0.3165074773298955,-0.29042009527225016,-0.33735867537084585,0.9758690574414595,-0.06307169714327895,-3.858705541078059,-3.921777238221338,-6.364120682611651,0.1905775998202343,-8.276916450171779,-6.8495480154568895,0.12450747732989548,-0.17874754056321723,1.3567543671584943,0.02202594603585553,0.004412996766331544,0.018240066691023175,0.006240066691023175,0.016857452389796246,0.015794113090161765,0.003794113090161765,0.0035689290128759765,0.2916365657303733,0.015131836281502133,0.09624006669102318,0.04624006669102318,0.0014213890480980914,0.9985786109519019,0.06087903634171929,0.6461707244316212,0.2222180629781816,0.17144267207707392,0.014432326168482402,0.00018532047625710252,0.24697158895515756,0.738410764400103,1.0000000000000002,0.629211045651048,0.6301066723742944,2.8262217658320146,0.026356628180469514,0.5443250958396632,0.15874510159153568,6.771995281876367,43.07091639598438,-7.396860901565105e-14,1.1102230246251565e-16,-2.9941604751115847e-12,0.0,0.0,7.372405004188454e-08,-4.701100481119269e-10,4.329975739764125e-08,4.2582086540871034e-08
equilibrium_sigma_1_50,17.0,263.2921879990614,1.5703013023054182,0.06751148771770833,0.20400000000000001,0.0312033749143263,-0.3382036272907386,0.33213602355820615,-0.27770657642176405,-0.3339516292858492,0.9712094918272562,-0.06751148771770833,-3.8346301327395307,-3.9021416204572392,-6.335048819943545,0.20255309060996243,-8.241030495331747,-6.819306276474566,0.12813602355820614,-0.17279662508567373,1.3663013023054182,0.02108528489853756,0.004466516745872064,0.017672162742688603,0.005672162742688603,0.01629114930967085,0.015469039871818246,0.0034690398718182462,0.003251063680209665,0.28991564467481395,0.015406263262825867,0.09567216274268861,0.04567216274268861,0.001445863121325612,0.9985541368786743,0.06111004046717502,0.6460929530427177,0.22221803135398183,0.17192718515409275,0.014490273553990279,0.0001891128712288386,0.24519299390783447,0.7401276196669465,1.0,0.6290562728869926,0.6299671191121647,2.825600701080784,0.026453453559016977,0.5472617000279484,0.15865972856943725,6.726007143487454,44.231607655234605,-7.326084183745252e-14,-1.1102230246251565e-16,-2.0287105328975485e-12,0.0,0.0,7.511034451346266e-08,-5.027187503087172e-10,4.425969950955233e-08,4.3508344628462314e-08
equilibrium_sigma_1_50,18.0,262.2921879990614,1.5909576228290918,0.07200460877937184,0.216,0.04861638332263249,-0.3221713062651004,0.3474569703180263,-0.2650135003217523,-0.3308454371431426,0.9665028121051482,-0.07200460877937184,-3.8109352310666456,-3.8829398398460175,-6.306333938204266,0.21452868448562679,-8.206103229305082,-6.789521942426827,0.1314569703180263,-0.1673836166773675,1.3749576228290918,0.02024271860203035,0.004519671034955076,0.017163075289230244,0.0051630752892302435,0.015782535997063966,0.015178219215927768,0.003178219215927768,0.0029665435036241306,0.2883729554219098,0.01567300591119053,0.09516307528923025,0.04516307528923025,0.0014702336603497172,0.9985297663396503,0.06133455923692817,0.6460173650569009,0.22221800050284626,0.17236985898007667,0.014546617157481236,0.00019285726550738263,0.24358289250550674,0.7416776330715047,1.0000000000000002,0.628905845311258,0.6298318452905645,2.824997334009535,0.026547537531260636,0.550117345639927,0.158638964791042,6.6843521248524524,45.377286740874126,-7.452372052796363e-14,0.0,-1.0419998197619407e-12,0.0,0.0,6.281977550995355e-08,-4.4043624997103237e-10,3.7131291003716926e-08,3.648730829627911e-08
equilibrium_sigma_1_50,19.0,261.2921879990614,1.610815699477646,0.07655073329362874,0.228,0.06554692549533041,-0.3066214933456259,0.3625025791989731,-0.2523382113860449,-0.3280086950611243,0.9617485347666959,-0.07655073329362874,-3.7875730462053996,-3.864123779499028,-6.27793557919994,0.22650434021616592,-8.172031386134698,-6.760144497055847,0.1345025791989731,-0.16245307450466961,1.382815699477646,0.019487064494303236,0.004572535742788873,0.016706206272194664,0.004706206272194664,0.01532512674525784,0.014917761324839685,0.0029177613248396843,0.002711575872726968,0.28698850385513536,0.01593281849748579,0.09470620627219467,0.04470620627219467,0.0014945418421625166,0.9985054581578375,0.061553440883425375,0.6459436749025801,0.22221797031739396,0.17277492051773438,0.014601568001113277,0.00019656174239766184,0.2421249059139267,0.7430769643425623,1.0,0.6287591946081049,0.629700308066533,2.824409364032045,0.026639237390781716,0.5529026463998602,0.15867670326784084,6.646535935125466,46.509356586924724,-7.335798635210722e-14,4.996003610813204e-16,-3.069766663088558e-14,-1.1102230246251565e-16,0.0,4.421178755389943e-08,-3.241277905796647e-10,2.620740262998522e-08,2.574412474518062e-08
equilibrium_sigma_1_50,20.0,260.2921879990614,1.6299574710724187,0.08114960689326067,0.24,0.08204427795471901,-0.2915058753256601,0.3773014825304384,-0.23967833272158187,-0.32541353749087554,0.9569461890019206,-0.08114960689326067,-3.764501111893271,-3.8456507187865316,-6.249817684073664,0.23848001952575928,-8.138723175867863,-6.731128882529655,0.1373014825304384,-0.15795572204528097,1.3899574710724187,0.018808599564156217,0.0046251802303628325,0.016295801506589276,0.004295801506589276,0.014913267584608429,0.01468428299788993,0.00268428299788993,0.0024828625871942123,0.28574485305027053,0.016186399093421757,0.09429580150658928,0.04429580150658928,0.0015188258889761092,0.9984811741110239,0.061767444655732924,0.6458716269659033,0.2222179407006761,0.17314614519855967,0.014655315137214643,0.00020023384320373076,0.24080433585990385,0.7443401151596777,0.9999999999999999,0.6286158120806589,0.6295720223672052,2.823834733806105,0.026728872782126413,0.5556271790272446,0.15876760662187636,6.612127691088779,47.62908589471604,-7.238654120556021e-14,-2.220446049250313e-16,-7.771561172376096e-16,0.0,0.0,2.4095422775094466e-08,-1.8443095228110051e-10,1.4321043934062416e-08,1.4063567246522246e-08
equilibrium_sigma_1_50,21.0,259.2921879990614,1.6484557887024043,0.08580104150578853,0.252,0.09815233152718708,-0.2767814299556803,0.3918791500272068,-0.22703173170833824,-0.32303518183744684,0.9520953124868088,-0.08580104150578853,-3.741681596382071,-3.8274826378878597,-6.221948045181384,0.250455686784147,-8.106096825668725,-6.702434827158563,0.1398791500272068,-0.15384766847281292,1.3964557887024043,0.018198837275809565,0.004677667843726531,0.015926824447472683,0.003926824447472683,0.01454201145611695,0.014474830398736316,0.0024748303987363156,0.002277524406013587,0.28462674074991723,0.016434393449477364,0.09392682444747269,0.04392682444747269,0.0015431213778013943,0.9984568786221986,0.061977251824168356,0.6458009918858634,0.2222179115649543,0.17348691093224705,0.014708028351580608,0.00020388061098778628,0.23960797603248177,0.7454801150049498,0.9999999999999999,0.6284752412778072,0.6294465537110221,2.823271598992418,0.026816730370612184,0.5582996025959059,0.15890699624884672,6.580750394072596,48.73762250201094,-7.312206395937437e-14,-6.106226635438361e-16,-7.216449660063518e-16,0.0,0.0,5.514207507273383e-09,-4.4007662097778066e-11,3.285444194478515e-09,3.225488194244508e-09
equilibrium_sigma_1_50,22.0,258.2921879990614,1.6663755574669517,0.09050490966616666,0.264,0.1139102552085953,-0.26240977217977646,0.4062582853267861,-0.2143964905034448,-0.32085154157112017,0.9471954480069966,-0.09050490966616666,-3.7190807173154314,-3.809585626981598,-6.194297837343014,0.2624313087315791,-8.074079337297702,-6.674026269265823,0.14225828532678608,-0.15008974479140472,1.4023755574669516,0.017650344197294124,0.004730056554235874,0.015594852032699162,0.003594852032699162,0.014207015279464667,0.014286815515629492,0.0022868155156294916,0.002093038973249861,0.28362076373545203,0.01667739869231805,0.09359485203269917,0.043594852032699166,0.0015674615153914199,0.9984325384846086,0.06218347510807389,0.6457315633802818,0.2222178828306419,0.17380024464734853,0.014759860481780457,0.00020750863128083516,0.23852394763450802,0.7465086832524307,1.0,0.6283370716775905,0.6293235120634809,2.8227183023740747,0.02690306784062905,0.5609277622235714,0.15909076032226738,6.552073077510011,49.836005322455506,-7.181755190543981e-14,0.0,-1.1102230246251565e-16,0.0,0.0,-9.707708345518817e-09,8.069086024353744e-11,-5.79721999224847e-09,-5.690036991926051e-09
equilibrium_sigma_1_50,23.0,257.2921879990614,1.683774711324362,0.09526113942918858,0.276,0.12935306504388513,-0.24835659421251072,0.42045916470584477,-0.20177088064357412,-0.3188428958133757,0.9422461407469567,-0.09526113942918858,-3.6966682422867194,-3.791929381715908,-6.166841215046934,0.27440685423361505,-8.042605423486133,-6.645870861116918,0.14445916470584474,-0.1466469349561149,1.407774711324362,0.017156588335802164,0.004782399520004149,0.015295988185201358,0.0032959881852013574,0.01390445452531389,0.014117963613446971,0.002117963613446971,0.0019271895035366526,0.2827151157127314,0.016915966830947853,0.09329598818520136,0.04329598818520136,0.001591877383330957,0.998408122616669,0.062386666791673887,0.6456631555134698,0.222217854425383,0.17408886257420533,0.014810949414827274,0.00021112406992133327,0.2375415554506127,0.7474363710646387,1.0,0.6282009332495784,0.6292025465529704,2.822173351600024,0.026988117335594225,0.5635187795213255,0.1593152769586687,6.525804289944089,50.925175026442396,-7.248368572021491e-14,2.7755575615628914e-16,-1.1102230246251565e-16,0.0,0.0,-2.0583883836994277e-08,1.7803371190477923e-10,-1.2318225658253246e-08,-1.2087887218958926e-08
equilibrium_sigma_1_50,24.0,256.2921879990614,1.700705049481035,0.10006970980883952,0.28800000000000003,0.144512113887976,-0.2345911837329173,0.43449992780593405,-0.18915334107881723,-0.3169916057869641,0.9372469361107325,-0.10006970980883952,-3.674417060464627,-3.774486770273467,-6.139554964767779,0.28638229406175303,-8.011616593154155,-6.6179395399093615,0.14649992780593402,-0.14348788611202404,1.412705049481035,0.01671181292114192,0.004834745580221684,0.01502679154411974,0.0030267915441197397,0.013630951883306364,0.013966269478693505,0.0019662694786935046,0.0017780220601393282,0.2818993683155144,0.01715060806667158,0.09302679154411975,0.043026791544119744,0.0016163981572924042,0.9983836018427076,0.06258732574183254,0.6455956003335831,0.22221782628324782,0.17435520525151507,0.014861419816195693,0.00021473270819723708,0.23665116144025936,0.7482726860353478,1.0,0.6280664917529721,0.6290833409059959,2.821635399958855,0.0270720884308321,0.5660791317928472,0.15957734966899845,6.50168665344401,52.005983610657296,-7.165101845174604e-14,2.7755575615628914e-17,-3.885780586188048e-16,0.0,0.0,-2.6697960103100327e-08,2.401101088789215e-10,-1.60083564511998e-08,-1.5706104184581848e-08
equilibrium_sigma_1_50,25.0,255.2921879990614,1.717212957221072,0.10493064668243439,0.3,0.1594155148759049,-0.22108600749123372,0.4483968282886246,-0.17654245909601374,-0.3152818703883948,0.9321973779683881,-0.10493064668243439,-3.6523028135184767,-3.757233460200911,-6.112418203611397,0.29835760069653333,-7.981060361200634,-6.590206155254162,0.1483968282886246,-0.14058448512409508,1.4172129572210719,0.016310930754838845,0.004887139691965228,0.014784214738980818,0.0027842147389808176,0.01338351735854022,0.01382996077242682,0.001829960772426819,0.0016438097749649216,0.28116428708782065,0.01738179390627497,0.09278421473898082,0.04278421473898082,0.00164105130381619,0.9983589486961838,0.06278590350146257,0.6455287458211741,0.2222177983440275,0.17460146806125607,0.01491138463247356,0.0002183399754635835,0.23584407337666916,0.7490262020153937,1.0,0.62793344465402,0.6289656094875251,2.8211032297006593,0.027155170713506357,0.5686147216242944,0.15987415283313433,6.479492293908699,53.079202983674115,-7.112366251504909e-14,-1.942890293094024e-16,-3.885780586188048e-16,0.0,0.0,-2.8015576213069604e-08,2.6185568297032447e-10,-1.6828691324147216e-08,-1.6508351097579976e-08
equilibrium_sigma_1_50,26.0,254.2921879990614,1.7333400297425592,0.10984401910615392,0.312,0.1740885090421467,-0.20781634999490695,0.4621644508440266,-0.16393695368808658,-0.3136995146047985,0.9270970072443454,-0.10984401910615392,-3.630303576303273,-3.740147595409427,-6.0854121171105655,0.3103327481502783,-7.950889563132609,-6.562647144499522,0.15016445084402658,-0.1379114909578533,1.4213400297425591,0.015949435287721747,0.004939623317484965,0.01456555308871419,0.0025655530887141904,0.013159497693982829,0.01370746718104554,0.0017074671810455404,0.001523022737370816,0.28050167602640663,0.017609960081022637,0.0925655530887142,0.042565553088714195,0.001665862757452676,0.9983341372425473,0.06298280960068366,0.6454624541011031,0.22221777055261308,0.17482962795470092,0.014960946402262464,0.00022195097940261145,0.23511244646364687,0.7497046561546881,1.0,0.6278015175675419,0.6288490938530495,2.820575737513277,0.027237536030195582,0.5711309382264831,0.1602031854030626,6.459018982846156,54.14553267822795,-7.162326287613041e-14,1.1102230246251565e-16,4.440892098500626e-16,0.0,0.0,-2.475205129401359e-08,2.403566868106055e-10,-1.4893009039548821e-08,-1.4607610961114847e-08
equilibrium_sigma_1_50,27.0,253.2921879990614,1.7491236141489497,0.11480993599589778,0.324,0.18855378563915143,-0.19475999881590494,0.4758158997962446,-0.15133566100434154,-0.3122318056516826,0.9219453607807435,-0.11480993599589778,-3.6083995795214157,-3.7232095155173135,-6.058519730274614,0.32230771180705897,-7.921061758390426,-6.535241248774636,0.1518158997962446,-0.13544621436084858,1.4251236141489496,0.015623325389101675,0.004992234768642015,0.014368401043259434,0.0023684010432594334,0.012956533449824014,0.013597394293018983,0.0015973942930189826,0.001414302504831877,0.27990424558563465,0.017835509276384585,0.09236840104325944,0.04236840104325944,0.0016908570806756587,0.9983091429193244,0.06317841620266158,0.6453965998784372,0.22221774285844823,0.17504146691870523,0.015010198403839603,0.0002255705340871329,0.23444919619493482,0.7503150348671385,0.9999999999999999,0.6276704611442167,0.628733559735554,2.8200519218290525,0.027319340451943654,0.5736327116660768,0.1605622314021351,6.4400868633029065,55.2056067866379,-7.044365091246618e-14,-3.885780586188048e-16,-2.7755575615628914e-16,-1.1102230246251565e-16,0.0,-1.7279347178794646e-08,1.742949326533072e-10,-1.0412650944605084e-08,-1.0212048730945389e-08
equilibrium_sigma_1_50,28.0,252.2921879990614,1.764597282029993,0.1198285431334948,0.336,0.20283176219927304,-0.18189696955501145,0.489362963611629,-0.13873752157950553,-0.31086729262509194,0.9167419704223887,-0.1198285431334948,-3.586572967973225,-3.7064015111067197,-6.031725707019129,0.3342824682778314,-7.891538709081761,-6.5079692638546724,0.153362963611629,-0.13316823780072698,1.428597282029993,0.015329041387998468,0.005045009514103629,0.01419061502289811,0.0021906150228981104,0.012772522406156683,0.013498501412190222,0.0014985014121902222,0.0013164404488730241,0.2793655000693882,0.018058813679035387,0.09219061502289812,0.042190615022898115,0.00171605760862664,0.9982839423913734,0.06337306218090985,0.6453310690657603,0.22221771521504413,0.17523859263993113,0.015059225663201772,0.0002292031860007679,0.2338479209915762,0.7508636501592212,0.9999999999999999,0.6275400483387903,0.6286187944038528,2.819530871694376,0.027400725998007823,0.5761245609400976,0.1609493260692871,6.422535658209028,56.260000203811956,-7.070732888081466e-14,4.440892098500626e-16,1.1102230246251565e-16,0.0,0.0,-6.060811017991052e-09,6.350463384319216e-11,-3.6574080691104127e-09,-3.5866663441325164e-09
equilibrium_sigma_1_50,29.0,251.2921879990614,1.7797912428642237,0.12490002046380086,0.34800000000000003,0.21694083015649368,-0.1692092647157832,0.5028162588542617,-0.12614156909094354,-0.30959566620608964,0.9114863622804017,-0.12490002046380086,-3.5648075891405764,-3.689707609604377,-6.005016173939477,0.3462569952689962,-7.862285923164104,-6.4808138209526795,0.1548162588542617,-0.13105916984350635,1.4317912428642237,0.015063410449728018,0.005097980453990686,0.014030281575400198,0.002030281575400198,0.012605588218636766,0.013409682552700808,0.0014096825527008076,0.0012283592196182802,0.27887964113757635,0.01828021734822787,0.0920302815754002,0.0420302815754002,0.0017414865804336423,0.9982585134195664,0.06356705670826177,0.6452657575748851,0.2222176875795494,0.1754224567487814,0.01510810584208278,0.00023285323815512086,0.23330283338119712,0.7513562075385649,0.9999999999999999,0.6274100720054645,0.6285046043396628,2.819011756980385,0.027481822152452595,0.578610636694739,0.1613627267198134,6.406222279485561,57.30923425136028,-7.108202915162565e-14,-1.942890293094024e-16,-3.885780586188048e-16,0.0,0.0,6.002753308309572e-09,-6.690032295503245e-11,3.627783559667641e-09,3.556764721288075e-09
equilibrium_sigma_1_50,30.0,250.2921879990614,1.794732706504013,0.1300245796553015,0.36,0.2308975707326,-0.15668066184101942,0.51618535645036,-0.1135469204417378,-0.3084076356224353,0.9061780561394501,-0.1300245796553015,-3.5430888078596046,-3.6731133875149062,-5.978378565156637,0.3582312714630593,-7.833272253213955,-6.453759193469397,0.15618535645036002,-0.12910242926739998,1.434732706504013,0.014823599748105903,0.005151178165658915,0.01388568999089846,0.00188568999089846,0.012454053475030962,0.013329950201423912,0.0013299502014239122,0.0011490969056837663,0.2784414848209044,0.018500038415511934,0.09188568999089847,0.041885689990898464,0.0017671652584295937,0.9982328347415704,0.06376068242226397,0.6452005702511712,0.22221765991236758,0.17559437095304936,0.015156910021757413,0.0002365247723943375,0.23280869871025475,0.7517978664955935,1.0000000000000002,0.6272803427770831,0.6283908131908704,2.818493819755723,0.02756274720115945,0.5810947592367236,0.16180088758351927,6.3910187728817744,58.35378174332383,-7.099876242477876e-14,5.551115123125783e-17,2.220446049250313e-16,0.0,0.0,1.1907540698255503e-08,-1.3807606186883037e-10,7.204637489030552e-09,7.063522926287202e-09
equilibrium_sigma_1_50,31.0,249.2921879990614,1.8094462027785088,0.13520246188787505,0.372,0.244716945718024,-0.14429652634530216,0.5294788930515708,-0.10095276696318974,-0.30729482014494774,0.9008165649814224,-0.13520246188787505,-3.5214033429600207,-3.6566058048478958,-5.951801484991963,0.37020527640937007,-7.804469542094305,-6.426791125728094,0.1574788930515708,-0.127283054281976,1.4374462027785087,0.014607076075209002,0.0052046311252374414,0.013755308606620505,0.0017553086066205044,0.01231641639253317,0.013258421242556828,0.001258421242556828,0.0010777933032168896,0.2780463897170318,0.018718571136759593,0.09175530860662051,0.04175530860662051,0.001793114037291662,0.9982068859627083,0.06395419823302345,0.6451354199282154,0.22221763217681517,0.1757555213801121,0.01520570339886005,0.00024022167018149126,0.2323607803034584,0.7521932946275001,1.0,0.6271506871838742,0.6282772599580161,2.8179763666400377,0.02764360941726566,0.5835804525429578,0.16226243793900103,6.37681054067269,59.39407156817809,-6.977751709769109e-14,5.551115123125783e-17,4.440892098500626e-16,0.0,0.0,1.3338323515132977e-08,-1.6102080259428053e-10,8.078797781793656e-09,7.920675369060826e-09
equilibrium_sigma_1_50,32.0,248.2921879990614,1.8239538634910368,0.14043393584998312,0.384,0.2584124661607984,-0.13204364606896893,0.5427046693241927,-0.0883583666087306,-0.3062496533337473,0.8954013946037302,-0.14043393584998312,-3.4997391231617794,-3.6401730590117625,-5.9252745863691105,0.38217899042427256,-7.775852309849053,-6.399896681146549,0.1587046693241927,-0.12558753383920163,1.439953863491037,0.014411570919313235,0.0052583659070245675,0.0136377642594697,0.001637764259469699,0.012191330619349829,0.013194304843144877,0.001194304843144877,0.001013678108952032,0.27769019472566575,0.018936087794599248,0.0916377642594697,0.0416377642594697,0.0018193525437663045,0.9981806474562337,0.06414784181446383,0.6450702265891305,0.22221760433881607,0.17590698132610924,0.015254545903203706,0.0002439476318739885,0.23195479042011685,0.7525467160448055,1.0,0.6270209459843091,0.6281637973869871,2.817458762024797,0.02772450811248705,0.5860709746768802,0.1627461630810836,6.363494801213385,60.43049282564117,-6.991629497576923e-14,-2.7755575615628914e-17,-1.1102230246251565e-16,0.0,0.0,1.1967606640059247e-08,-1.5052301245710442e-10,7.255500093089617e-09,7.1137731382647784e-09
equilibrium_sigma_1_50,33.0,247.2921879990614,1.8382756715893624,0.1457192959282056,0.396,0.2719963417102756,-0.11991008484445263,0.5558697368211267,-0.07576303701994466,-0.30526529841680095,0.8899320433125659,-0.1457192959282056,-3.4780851597740248,-3.6238044557022304,-5.898788463017186,0.3941523944998613,-7.747397476663236,-6.373064107497503,0.1598697368211267,-0.12400365828972443,1.4422756715893623,0.014235050185602685,0.0053124073629410695,0.013531824421198872,0.001531824421198872,0.01207758768033347,0.013136891909293347,0.0011368919092933465,0.0009560606334391153,0.27736916491272384,0.019152840455833132,0.09153182442119888,0.041531824421198876,0.0018458997277898243,0.9981541002722102,0.06434183181713238,0.6450049166215654,0.22221757636662798,0.17604972259815088,0.015303492746932618,0.0002477061945552412,0.23158684638148114,0.7528619546770311,1.0,0.6268909726825213,0.6280502905428728,2.816940422056221,0.027805534570546072,0.5885693450066593,0.1632509877177259,6.350979250206821,61.46339855903995,-6.933342788784103e-14,5.689893001203927e-16,0.0,0.0,0.0,9.035159613535182e-09,-1.185055066230123e-10,5.482418859170668e-09,5.375677871594098e-09
equilibrium_sigma_1_50,34.0,246.2921879990614,1.8524296820725683,0.1510588605674037,0.40800000000000003,0.28547961326323273,-0.10788505246706688,0.5689804750217662,-0.06316614934653936,-0.30433557325420507,0.8844080016764981,-0.1510588605674037,-3.4564314338556668,-3.6074902944230702,-5.872334553609796,0.406125470220224,-7.719084116930654,-6.346282716966019,0.16098047502176616,-0.1225203867367673,1.4444296820725682,0.014075687830117437,0.005366778784629287,0.013436381600888787,0.001436381600888787,0.01197410165613928,0.013085545912394636,0.0010855459123946358,0.0009043208637482536,0.27707994424511756,0.01936906259762197,0.0914363816008888,0.04143638160088879,0.0018727739461205704,0.9981272260538794,0.0645363698403322,0.6449394221537549,0.22221754823059722,0.17618462563482035,0.015352594914297989,0.00025150074858383727,0.23125343122428652,0.7531424731128318,1.0000000000000002,0.6267606322069774,0.6279366155403765,2.816420809276575,0.027886772878724583,0.5910783686363905,0.1637759614262661,6.339180892404319,62.49310912923664,-6.994405055138486e-14,-1.8041124150158794e-16,-6.661338147750939e-16,0.0,0.0,5.4448132929402204e-09,-7.454935453676814e-11,3.306434718033935e-09,3.2423575612589017e-09
equilibrium_sigma_1_50,35.0,245.2921879990614,1.866432218249172,0.15645297078509288,0.42,0.2988722710100429,-0.09595878900435219,0.5820426597948077,-0.05056712272749106,-0.30345488366362205,0.8788287523283338,-0.15645297078509288,-3.434768795983382,-3.591221766768475,-5.845905056360332,0.4180981996843876,-7.6908932405000225,-6.319542779188082,0.16204265979480775,-0.1211277289899571,1.446432218249172,0.013931842827656207,0.005421502050106418,0.013350439685247191,0.0013504396852471907,0.011879895770348748,0.013039694876093577,0.0010396948760935769,0.000857901646666992,0.2768195141977188,0.019584970610973987,0.0913504396852472,0.041350439685247195,0.0018999930392666303,0.9981000069607334,0.06473164219322554,0.6448736804616141,0.22221751990293773,0.1763124885511965,0.015401899599337498,0.0002553345529606703,0.230951358371335,0.7533914074763669,1.0,0.6266297997305388,0.6278226584114144,2.815899427842435,0.027968300670123604,0.5936006583709693,0.16432024587769772,6.32802501890067,63.51991526601704,-6.919465000976288e-14,-1.249000902703301e-16,1.1102230246251565e-16,0.0,0.0,1.8402220355179244e-09,-2.633274154284493e-11,1.1182893725619758e-09,1.0967488098256872e-09
equilibrium_sigma_1_50,36.0,244.2921879990614,1.880298046430706,0.16190198882542994,0.432,0.31218335967633615,-0.0841224616766455,0.5950615243551661,-0.03796541935368197,-0.30261816406179154,0.8731937698053254,-0.16190198882542994,-3.413088877045236,-3.574990865870666,-5.819492852803954,0.43007056543527467,-7.6628075977399845,-6.2928354257099555,0.16306152435516613,-0.11981664032366385,1.448298046430706,0.013802038991813065,0.0054765977566338855,0.01327310194180615,0.0012731019418061491,0.011794090613055867,0.0129988243491308,0.0009988243491307995,0.0008163018450080273,0.2765851573994126,0.01980076518974303,0.09127310194180616,0.04127310194180615,0.0019275744024017114,0.9980724255975982,0.06492782147037168,0.6448076334383082,0.22221749135753235,0.17643403523462742,0.01545145059771782,0.0002592107496074471,0.23067773987480272,0.7536115987778719,0.9999999999999998,0.6264983596148509,0.6277083140932719,2.815375819249891,0.028050189787431207,0.5961386544933139,0.1648831035849073,6.317444309308598,64.54408082895813,-6.916689443414725e-14,1.1102230246251565e-16,0.0,0.0,0.0,-1.3356957432458794e-09,2.000126453349793e-11,-8.122075824401609e-10,-7.966816876342486e-10
equilibrium_sigma_1_50,37.0,243.2921879990614,1.8940405317044497,0.16740629693977674,0.444,0.325421072503816,-0.07236807279010908,0.6080418136334886,-0.025360540043253377,-0.3018208245261316,0.8675025204196776,-0.16740629693977674,-3.391384008704495,-3.558790305644272,-5.793091439672413,0.44204255039405443,-7.634811505537124,-6.266152564521324,0.16404181363348863,-0.11857892749618398,1.4500405317044498,0.013684947244435794,0.005532085341257727,0.013203560454504638,0.0012035604545046381,0.01171589377338908,0.012962471230282269,0.0009624712302822684,0.000779070317424857,0.27637442561971104,0.020016632612996656,0.09120356045450465,0.04120356045450464,0.0019555350508844264,0.9980444649491156,0.06512506796366654,0.6447412271188989,0.22221746256975328,0.17654992260070235,0.01550128865814328,0.0002631323766435887,0.23042995784300885,0.7538056211222043,0.9999999999999999,0.6263662044643433,0.6275934855229903,2.8148495585065096,0.0281325068775133,0.5986946425971389,0.16546388796938247,6.307378041450871,65.56584530640406,-6.836198274129401e-14,-4.163336342344337e-17,-5.551115123125783e-16,0.0,0.0,-3.794036397553047e-09,5.953645215717174e-11,-2.308377143947493e-09,-2.2646600376236004e-09
equilibrium_sigma_1_50,38.0,242.2921879990614,1.9076717770599625,0.17296629628216476,0.456,0.33859283530231926,-0.0606883774122346,0.6209878328488004,-0.01275202027013014,-0.3010587035053847,0.8617544621527267,-0.17296629628216476,-3.3696471523676617,-3.5426134486498264,-5.76669486791565,0.45401413779934,-7.606890691738865,-6.239486803495364,0.16498783284880042,-0.11740716469768075,1.4516717770599625,0.013579369996439813,0.0055879831902977024,0.013141086797537692,0.0011410867975376916,0.011644590689462664,0.012930218337148247,0.0009302183371482468,0.0007458006234806192,0.27618511150769,0.02023274592823992,0.0911410867975377,0.041141086797537696,0.0019838916809293695,0.9980161083190706,0.06532353092970461,0.6446744112536661,0.22221743351629994,0.1766607471046206,0.015551451798014098,0.0002671023807425411,0.2302056387086222,0.7539758071126211,1.0,0.6262332342770978,0.627478082825581,2.8143202506978193,0.028215313924887984,0.6012707696881843,0.16606203457264576,6.297771393956415,66.58542607818711,-6.727951529228449e-14,-3.95516952522712e-16,2.220446049250313e-16,0.0,0.0,-5.36314410243266e-09,8.832528024943498e-11,-3.264693397564411e-09,-3.2035525360935013e-09
equilibrium_sigma_1_50,39.0,241.2921879990614,1.9212027478336258,0.17858240590918634,0.468,0.35170538172667226,-0.04907680965592732,0.633903490967146,-0.0001394265939560093,-0.30032802551336474,0.8559490445674185,-0.17858240590918634,-3.347871835650268,-3.5264542415594544,-5.740297688049322,0.4659853111507415,-7.579032155888499,-6.212831381721609,0.16590349096714602,-0.11629461827332777,1.4532027478336258,0.01348422735499033,0.005644308738910968,0.013085023783321666,0.0010850237833216654,0.011579536553900486,0.012901689590005816,0.0009016895900058157,0.0007161263357313707,0.27601522358582326,0.02044926604258821,0.09108502378332167,0.04108502378332167,0.0020126607259199954,0.99798733927408,0.06552334972908634,0.6446071389245409,0.22221740417505187,0.17676705059103312,0.015601975587404554,0.0002711236286428046,0.23000263003700142,0.7541242707469512,0.9999999999999999,0.6260993556815121,0.6273620225853033,2.813787527903118,0.02829866873108329,0.6038690587408351,0.1666770532649122,6.28857482940772,67.60302046508002,-6.766809335090329e-14,2.1510571102112408e-16,1.6653345369377348e-16,0.0,0.0,-5.95966523353475e-09,1.0317266225384758e-10,-3.6294074690079725e-09,-3.562332187914685e-09
equilibrium_sigma_1_50,40.0,240.2921879990614,1.9346433831731211,0.184255061874896,0.48,0.36476482078060746,-0.03752741658741584,0.6467923396380784,0.01247764655365419,-0.2996253632286982,0.8500857087346683,-0.184255061874896,-3.32605209546855,-3.5103071573434463,-5.713894901113635,0.477956054156335,-7.5512240443834795,-6.186180107847358,0.16679233963807838,-0.11523517921939253,1.4546433831731211,0.013398544915818475,0.00570107856172513,0.01303477814520377,0.0010347781452037692,0.011520149137577086,0.012876545765205805,0.0008765457652058044,0.0006897169005370962,0.27586296407637506,0.020666342728582938,0.09103477814520378,0.041034778145203774,0.002041858408802505,0.9979581415911974,0.06572465485207321,0.644539366199802,0.2222173745249356,0.17686932555506513,0.01565289340491257,0.0002751989178836741,0.22981897960853506,0.7542529280686686,0.9999999999999999,0.6259644812491109,0.6272452271906314,2.813251046421151,0.028382625345976478,0.6064914218747324,0.16730852132525892,6.279743547555986,68.61880758561405,-6.722400414105323e-14,1.457167719820518e-16,-2.220446049250313e-16,0.0,0.0,-5.565767994056281e-09,1.0145525478760797e-10,-3.3908169726898363e-09,-3.3291233155624544e-09
equilibrium_sigma_1_50,41.0,239.2921879990614,1.9480026960013619,0.18998471641224174,0.492,0.37777669742129905,-0.02603479890004268,0.6596576081236688,0.025099579765998963,-0.2989476034987683,0.8441638871699908,-0.18998471641224174,-3.3041824269993207,-3.4941671434115626,-5.687481914619494,0.4899263506836536,-7.523455538429477,-6.159527304654418,0.1676576081236688,-0.11422330257870095,1.456002696001362,0.013321442935681022,0.005758308455422425,0.012989814036123128,0.0009898140361231274,0.011465902414559963,0.012854480722079842,0.0008544807220798416,0.0006662739590601596,0.2757267092003731,0.020884115550945083,0.09098981403612313,0.04098981403612313,0.0020715007909554526,0.9979284992090446,0.06592756884317989,0.6444710518227962,0.2222173445458034,0.17696801987832259,0.015704236668487345,0.00027933098683066124,0.22965291653941566,0.7543635158052664,1.0,0.6258285288750695,0.6271276242447225,2.812710484271197,0.028467234456443176,0.6091396722966687,0.16795607728575415,6.271236999672451,69.63295003880697,-6.766809335090329e-14,-3.469446951953614e-18,2.7755575615628914e-16,-1.1102230246251565e-16,0.0,-4.2112408074612695e-09,8.097063037421082e-11,-2.5664341762876575e-09,-2.520588541707336e-09
equilibrium_sigma_1_50,42.0,238.2921879990614,1.9612888627699985,0.19577183719337873,0.504,0.39074604702817456,-0.014594057604224069,0.6725022346689442,0.03772673127588756,-0.2982919168102483,0.8381830037774813,-0.19577183719337873,-3.282257737847588,-3.4780295750409667,-5.661054502935555,0.5018961847138423,-7.495716753368498,-6.132867759193053,0.1685022346689442,-0.11325395297182544,1.4572888627699985,0.013252126710096304,0.005816013514058398,0.012949647241590319,0.0009496472415903186,0.01141632088819074,0.012835218041185037,0.0008352180411850367,0.0006455280773809413,0.2756049916411828,0.02110271472016884,0.09094964724159033,0.04094964724159032,0.0021016038178906364,0.9978983961821094,0.0661322071357418,0.6444021569309669,0.2222173142183235,0.1770635410960338,0.015756035043960132,0.0002835225240509034,0.22950283423184828,0.7544576082001409,1.0000000000000002,0.625691421219053,0.6270091460342108,2.81216553893945,0.02855254373698687,0.6118155351363508,0.16861941544719972,6.263018456397183,70.64559542948145,-6.664113705312502e-14,2.0643209364124004e-16,3.885780586188048e-16,0.0,0.0,-1.959458602318609e-09,3.9811639228337636e-11,-1.194464216772162e-09,-1.1735805608564798e-09
equilibrium_sigma_1_50,43.0,237.2921879990614,1.9745093041287682,0.20161690666198773,0.516,0.4036774444042315,-0.0032007460777966883,0.6853288947057564,0.050359439318302786,-0.29765572984411964,0.8321424737987133,-0.20161690666198773,-3.260273306845425,-3.4618902135074126,-5.634608771637265,0.5138655402986599,-7.467998648137952,-6.106196677878046,0.1693288947057564,-0.11232255559576854,1.4585093041287682,0.013189878006838476,0.00587420819780982,0.01291384001983819,0.0009138400198381892,0.011370974532544171,0.012818508050016497,0.0008185080500164969,0.000627235849648411,0.27549648490860057,0.021322261878436173,0.0909138400198382,0.040913840019838194,0.0021321833621045483,0.9978678166378955,0.06633867880614158,0.6443326448019324,0.2222172835238791,0.17715626024475656,0.015808316633671753,0.0002877761770940841,0.2293672749683268,0.7545366322209072,0.9999999999999998,0.6255530851998851,0.6268897290500398,2.811615925344184,0.0286385981664431,0.6145206572897836,0.16929828098705818,6.255054622537733,71.65687775115592,-6.661338147750939e-14,-1.6479873021779667e-16,-2.220446049250313e-16,0.0,0.0,8.741062439837632e-10,-1.977031212352376e-11,5.328625457545755e-10,5.238919662670094e-10
equilibrium_sigma_1_50,44.0,236.2921879990614,1.9876707574407888,0.20752042143264804,0.528,0.4165750478620731,0.008149173064909821,0.6981400262137041,0.06299802426603547,-0.29703670079970323,0.826041703763905,-0.20752042143264804,-3.238224747005157,-3.445745168437805,-5.608141125421209,0.5258344015200906,-7.4402929438330645,-6.079509646054209,0.17014002621370405,-0.11142495213792691,1.4596707574407888,0.013134047432225363,0.005932906395683998,0.012881996497453023,0.0008819964974530227,0.011329474278768771,0.012804125148480061,0.0008041251484800609,0.0006111772871131294,0.2753999893862213,0.02154287082184191,0.09088199649745303,0.04088199649745303,0.0021632552633152617,0.9978367447366847,0.06654708725564,0.6442624806239345,0.2222172524444773,0.17724651533147695,0.015861108147157098,0.000292094560717449,0.22924491599629693,0.7546018812958285,1.0,0.6254134515387212,0.6267693135551539,2.8110613739980317,0.0287254403141217,0.6172566163633337,0.169992465595037,6.247315293424285,72.66691863893708,-6.59472476627343e-14,-9.8879238130678e-17,-8.881784197001252e-16,0.0,0.0,2.521805386040965e-09,-6.063541075490564e-11,1.5375110108684087e-09,1.512476442699917e-09
equilibrium_sigma_1_50,45.0,235.2921879990614,2.0007793421574713,0.21348289174917556,0.54,0.42944263900081625,0.019459366879818623,0.7109378525915927,0.07564279056660768,-0.2964326971433914,0.8198800914447748,-0.21348289174917556,-3.2161079721099144,-3.42959086385909,-5.581648239149268,0.5378027524521697,-7.412592050248496,-6.052802591486863,0.17093785259159266,-0.11055736099918378,1.4607793421574713,0.013084047605577659,0.005992121482961539,0.012853758547011755,0.0008537585470117549,0.011291467974025512,0.012791865448003037,0.0007918654480030367,0.0005971535244064796,0.27531441983942956,0.021764648166471987,0.09085375854701176,0.04085375854701176,0.002194835366480473,0.9978051646335195,0.06675753082885232,0.6441916312876198,0.22221722096266489,0.1773346144700564,0.0159144350561329,0.0002964802646343522,0.22913455692720308,0.7546545277520298,1.0,0.6252724543446689,0.6266478431932382,2.8105016293427605,0.028813110599198145,0.620024928829002,0.17070180356654024,6.239773047326951,73.67582850728789,-6.572520305780927e-14,2.0469737016526324e-16,1.1102230246251565e-15,0.0,0.0,3.0669685593259777e-09,-7.854760158271246e-11,1.8700265884408207e-09,1.8407550293059183e-09
equilibrium_sigma_1_50,46.0,234.2921879990614,2.0138406188056113,0.2195048409957421,0.552,0.4422836586230992,0.030733167216297198,0.7237244033014751,0.08829402850093052,-0.2958417755266979,0.813657025809039,-0.2195048409957421,-3.1939191665586493,-3.4134240075543913,-5.555127031700321,0.5497705771247916,-7.384888999566167,-6.026071751375229,0.1717244033014751,-0.10971634137690084,1.4618406188056112,0.01303934704731366,0.0060518663738583405,0.012828802091200527,0.0008288020912005263,0.011256636758446986,0.012781544610485085,0.0007815446104850847,0.0005849847126149221,0.2752387942157592,0.021987693962626117,0.09082880209120053,0.04082880209120053,0.0022269395578278983,0.9977730604421721,0.06697010337538821,0.6441200651969526,0.2222171890614516,0.1774208387187585,0.01596832173540201,0.00030093586082925576,0.22903510832087584,0.754695634082893,1.0,0.6251300307384898,0.6265252646342825,2.809936448238809,0.028901647526108083,0.6228270574691211,0.17142616830275023,6.232402969769118,74.6837075834236,-6.61415366920437e-14,2.671474153004283e-16,-1.0547118733938987e-15,0.0,0.0,2.891368412055728e-09,-7.902839840867593e-11,1.7629886907982728e-09,1.736656955395044e-09
equilibrium_sigma_1_50,47.0,233.2921879990614,2.0268596421031124,0.22558680526010577,0.5640000000000001,0.4551012390993775,0.04197360235755054,0.73650153246476,0.1009520157772133,-0.29526216369860087,0.8073718869730762,-0.22558680526010577,-3.1716547581979193,-3.3972415634580253,-5.528574642406598,0.5617378594894321,-7.357177386616247,-5.999313642612621,0.17250153246475997,-0.10889876090062256,1.4628596421031124,0.012999464712813866,0.006112153569610373,0.012806833793865012,0.0008068337938650118,0.01122469182133548,0.012772995970355971,0.0007729959703559712,0.0005745081921304518,0.27517222361777277,0.022212102258185925,0.09080683379386502,0.040806833793865016,0.002259583798966884,0.9977404162010332,0.06718489475896462,0.6440477520978152,0.22221715672423933,0.17750544464149906,0.016022791590732905,0.000305463910444826,0.2289455813691541,0.7547261631296679,0.9999999999999998,0.6249861205114936,0.6264015272541252,2.8093655985977466,0.028991087897773386,0.6256644181602478,0.17216546918367542,6.225182406743927,75.6906468432849,-6.505906924303417e-14,-6.938893903907228e-18,1.6653345369377348e-16,0.0,0.0,2.2877194999493256e-09,-6.686289195922956e-11,1.3948638789146317e-09,1.3751696482933173e-09
equilibrium_sigma_1_50,48.0,232.2921879990614,2.039841008893576,0.23172933294300546,0.5760000000000001,0.46789823359417715,0.0531834255846515,0.7492709356511947,0.11361701897957399,-0.294692244177666,0.8010240461527602,-0.23172933294300546,-3.149311393788973,-3.381040726731978,-5.5019884097758585,0.5737045833865014,-7.329451314943637,-5.972525034919006,0.17327093565119467,-0.10810176640582292,1.463841008893576,0.012963965090984408,0.006172995202518174,0.012787588089870065,0.000787588089870065,0.011195371489309935,0.012766068813174769,0.0007660688131747688,0.000565576813715829,0.2751139033026366,0.022437961616674915,0.09078758808987007,0.04078758808987007,0.002292784159362064,0.9977072158406379,0.0674019913201962,0.6439746629222006,0.22221712393475748,0.17758866662459177,0.016077867175257842,0.0003100669702988409,0.2288650785551956,0.7547469872992476,0.9999999999999999,0.6248406658154685,0.6262765828439927,2.8087888581407716,0.029081467009273606,0.6285383860732651,0.1729196487681555,6.218090743239236,76.69672886075212,-6.461498003318411e-14,-2.220446049250313e-16,5.551115123125783e-17,0.0,0.0,1.4767041374430523e-09,-4.624024947663674e-11,9.002849819805814e-10,8.884110322404659e-10
equilibrium_sigma_1_50,49.0,231.2921879990614,2.052788901435992,0.2379329844097299,0.588,0.48067724247632704,0.06436514097968414,0.7620341650476565,0.1262892948862375,-0.2941305395018535,0.7946128656119349,-0.2379329844097299,-3.1268859168363745,-3.3648189012461045,-5.475365852267078,0.5856707325141436,-7.301705348083232,-5.945702926554991,0.17403416504765656,-0.10732275752367293,1.464788901435992,0.012932453803910685,0.006234403076320847,0.012770824516094563,0.0007708245160945627,0.011168438609418907,0.012760626837415856,0.0007606268374158558,0.0005580574435892771,0.27506310459422595,0.02266535559364772,0.09077082451609457,0.04077082451609457,0.002326556847355176,0.9976734431526448,0.0676214762978098,0.6439007696464041,0.22221709067700302,0.17767071897358463,0.016133570295567116,0.0003147475990674926,0.22879278519287005,0.7547588969124954,1.0000000000000002,0.6246936108804674,0.6261503853469704,2.808206013270417,0.02917281882396545,0.6314503013480386,0.17368868028575105,6.211109204246376,77.70202857829834,-6.447620215510597e-14,2.0816681711721685e-16,6.661338147750939e-16,0.0,0.0,6.210216178109684e-10,-2.087424243873981e-11,3.785507116105258e-10,3.739588378542935e-10
equilibrium_sigma_1_50,50.0,230.2921879990614,2.065707126522158,0.24419833168035848,0.6,0.49344063719743153,0.07552102674640708,0.77479264317153,0.13896909167047444,-0.2935756988955053,0.788137698607998,-0.24419833168035848,-3.1043753475367777,-3.3485736792171363,-5.448704650914019,0.597636290398313,-7.2739344655174785,-5.918844522359893,0.17479264317152998,-0.10655936280256845,1.4657071265221577,0.012904573652304852,0.006296388703227149,0.012756325310746185,0.0007563253107461844,0.011143678195018727,0.0127565467794577,0.0007565467794577001,0.000551829623940403,0.2750191676083218,0.02289436317469469,0.09075632531074619,0.04075632531074619,0.002360918239902442,0.9976390817600975,0.06784343021247995,0.6438260451617984,0.22221705693518531,0.17775179781193046,0.016189922108541956,0.00031950836316818224,0.22872796176116936,0.7547626077671205,1.0,0.6245449017576383,0.6260228906186965,2.8076168580439953,0.029265176133819605,0.6344014742944893,0.17447256538996267,6.204220675794611,78.7066140064197,-6.455946888195285e-14,4.163336342344337e-17,-8.326672684688674e-16,0.0,0.0,-1.630304259647719e-10,5.893482750429779e-12,-9.935483859246919e-11,-9.826946374691392e-11
equilibrium_sigma_1_50,51.0,229.2921879990614,2.0785991508426767,0.25052595815548134,0.612,0.5061905818920688,0.08665315629665164,0.7875476752754365,0.1516566499960494,-0.2930264862105643,0.7815978893342082,-0.25052595815548134,-3.081776864633021,-3.332302822788502,-5.422002633613341,0.6096012403639739,-7.246134022846917,-5.891947213884021,0.17554767527543647,-0.10580941810793121,1.4665991508426766,0.012880001058225232,0.006358963337899826,0.012743893252137366,0.0007438932521373655,0.011120895306109112,0.012753717170133072,0.0007537171701330718,0.000546784360011543,0.27498149470344657,0.023125059178100843,0.09074389325213737,0.04074389325213737,0.002395884911181122,0.9976041150888189,0.06806793121703643,0.6437504631569311,0.2222170226936747,0.17783208280098198,0.016246943209857558,0.0003243518423725417,0.22866993695716903,0.7547587679906008,1.0,0.6243944860845855,0.6258940562098567,2.807021193238618,0.029358570705556846,0.6373931901667035,0.1752713321458383,6.197409543848846,79.71054685848279,-6.34492458573277e-14,-6.938893903907228e-17,1.1102230246251565e-16,0.0,0.0,-7.960186121369617e-10,3.10049347307384e-11,-4.849720399574542e-10,-4.803405451170306e-10
equilibrium_sigma_1_50,52.0,228.2921879990614,2.091468132976889,0.2569164583744893,0.624,0.5189290529261184,0.0977634173241055,0.8003004605742435,0.1643522040177166,-0.29248176901451817,0.7749927728584063,-0.2569164583744893,-3.0590877889819406,-3.31600424735643,-5.395257760913264,0.6215655655072817,-7.218299715754748,-5.865008561409525,0.17630046057424353,-0.10507094707388165,1.4674681329768888,0.01285844286238541,0.006422138008660805,0.012733349711484022,0.0007333497114840222,0.011099913139179757,0.012752037227281576,0.000752037227281576,0.0005428230429038727,0.2749495445802546,0.023357514624965152,0.09073334971148403,0.040733349711484027,0.0024314736602069013,0.9975685263397931,0.06829505541640413,0.6436739980098106,0.22221698793695527,0.17791173869875923,0.016304653714992248,0.00032928063517830735,0.22861810139873776,0.7547479642510918,1.0,0.6242423128710092,0.6257638411683198,2.8064188254986515,0.029453033413998513,0.640426713552055,0.17608503322816668,6.190661549166058,80.71388312699867,-6.272760089132134e-14,-4.163336342344337e-17,-2.7755575615628914e-16,0.0,0.0,-1.2275354933921623e-09,5.161014584448287e-11,-7.475994302785782e-10,-7.416304809854113e-10
equilibrium_sigma_1_50,53.0,227.2921879990614,2.104316952342012,0.2633704378037778,0.636,0.5316578565957082,0.10885352906368856,0.8130521024113254,0.17705598229621097,-0.2919405087111564,0.7683216750579418,-0.2633704378037778,-3.0363055686648672,-3.299676006468645,-5.368468113156137,0.6335292486686145,-7.190427547390897,-5.838026277675619,0.1770521024113254,-0.10434214340429182,1.468316952342012,0.012839633438420997,0.006485923546159606,0.012724532897253178,0.000724532897253178,0.011080571304536567,0.012751415832679136,0.0007514158326791358,0.0005398564548175777,0.27492282696137327,0.023591797079370494,0.09072453289725319,0.04072453289725318,0.0024677015375925127,0.9975322984624075,0.06852487716028749,0.6435966246893698,0.22221695264958033,0.17799091677316836,0.016363073333491768,0.00033429736396663765,0.22857190191504173,0.7547307273874999,1.0,0.6240883323026073,0.625632205858973,2.8058095665574694,0.029548594363900844,0.6435032924131718,0.17691374430918042,6.183963656427364,81.71667360676518,-6.17284001691587e-14,-1.6653345369377348e-16,-5.551115123125783e-17,-1.1102230246251565e-16,0.0,-1.4297734125118255e-09,6.500271154674664e-11,-8.703804881687871e-10,-8.649848858011122e-10
equilibrium_sigma_1_50,54.0,226.2921879990614,2.117148235401372,0.26988851265243935,0.648,0.5443786451581281,0.11992505791400097,0.82580361746872,0.1897682086362197,-0.29140175159224335,0.7615839125506292,-0.26988851265243935,-3.0134277654878123,-3.283316278140252,-5.341631878843339,0.6454922724063324,-7.162513798840273,-5.8109982131430105,0.17780361746871998,-0.10362135484187196,1.4691482354013718,0.012823332090858189,0.006550330609724844,0.01271729627116417,0.0007172962711641702,0.011062724271607857,0.012751770629981785,0.0007517706299817843,0.0005378038908654403,0.2749008977914066,0.0238279709609941,0.09071729627116418,0.040717296271164174,0.002504585871568716,0.9974954141284312,0.06875746931130468,0.6435183186651942,0.22221691681613115,0.17806975608372824,0.01642222143716256,0.00033940467996970534,0.22853083636899657,0.7547075375138711,0.9999999999999999,0.6239324955614258,0.6254991117995177,2.80519323252614,0.02964528300141157,0.646624161816882,0.17775756261707662,6.1773039361574185,82.71896436980546,-6.256106743762757e-14,-1.3877787807814457e-17,1.1102230246251565e-16,0.0,0.0,-1.3922720910192199e-09,6.856465221971586e-11,-8.47102148843204e-10,-8.435754143831797e-10
equilibrium_sigma_1_50,55.0,225.2921879990614,2.1299643794003664,0.27647130971323103,0.66,0.5570929313573221,0.13097943158196373,0.8385559441149459,0.20248910285496277,-0.2908646207288127,0.7547787926216403,-0.27647130971323103,-2.9904520427343604,-3.2669233524475914,-5.314747344104623,0.6574546189711538,-7.134555002374696,-5.783922342649229,0.1785559441149459,-0.10290706864267796,1.4699643794003663,0.012809320707336938,0.0066153697115978165,0.012711507118192002,0.0007115071181920014,0.01104623996493468,0.012753027222034419,0.0007530272220344185,0.0005365923758104962,0.27488335490361215,0.02406609783236055,0.09071150711819201,0.040711507118192006,0.00254214429337942,0.9974578557066206,0.06899290349100497,0.643439055824695,0.2222168804211784,0.1781483846444696,0.016482117122800465,0.00034460526807169223,0.22849444896130952,0.7546788286478182,0.9999999999999999,0.6237747546610266,0.6253645215106669,2.8045696432424854,0.029743128216172855,0.6497905473809695,0.17861660564873547,6.170671458110124,83.72079719656824,-6.100675520315235e-14,-6.106226635438361e-16,-8.326672684688674e-16,0.0,0.0,-1.117641961617677e-09,5.971970140628002e-11,-6.795844130491613e-10,-6.783336392590655e-10
equilibrium_sigma_1_50,56.0,224.2921879990614,2.1427675738710117,0.2831194662267896,0.672,0.5698021015899297,0.14201795189246832,0.8513099499745659,0.2152188814882568,-0.2903283086202159,0.7479056131462487,-0.2831194662267896,-2.967376154048491,-3.250495620275281,-5.287812883165942,0.6694162702810418,-7.106547917218821,-5.756796753321628,0.17930994997456584,-0.10219789841007032,1.4707675738710115,0.01279740163896477,0.006681051239229152,0.012707045254890172,0.0007070452548901714,0.011030998495482433,0.012755118404816912,0.0007551184048169117,0.0005361559157757156,0.2748698341057278,0.02430623666276637,0.09070704525489018,0.040707045254890176,0.002580394762155207,0.9974196052378448,0.069231250305957,0.6433588123969944,0.22221684344924544,0.17822692047939007,0.016542779270000495,0.00034990185146479435,0.22846232597066274,0.7546449929078719,0.9999999999999999,0.6236150622950087,0.6252283983793375,2.8039386216745297,0.02984215843499069,0.6530036684666143,0.17949101002184994,6.1640561949477926,84.72220996743573,-6.122879980807738e-14,-1.3877787807814457e-16,-5.551115123125783e-17,0.0,0.0,-6.181004909289189e-10,3.589363181677463e-11,-3.755640694269591e-10,-3.758686278887424e-10
equilibrium_sigma_1_50,57.0,223.2921879990614,2.155559820121287,0.28983362976724186,0.684,0.5825074278430243,0.15304180639133394,0.8640664387949886,0.2279577584402445,-0.28979207052743206,0.7409636625084302,-0.28983362976724186,-2.9441979333371227,-3.2340315631043643,-5.260826949720537,0.681377207896506,-7.078489507587848,-5.729619633628175,0.18006643879498851,-0.10149257215697571,1.471559820121287,0.012787395785581204,0.006747385475802699,0.012703801862070353,0.000703801862070353,0.011016891013598054,0.012757983516853422,0.0007579835168534214,0.000536434872633329,0.27486000564263746,0.02454844407074412,0.09070380186207036,0.04070380186207036,0.0026193555893621752,0.9973806444106378,0.06947257955588326,0.6432775648828526,0.22221680588477416,0.17830547258072,0.016604226594540784,0.0003552971961804617,0.22843409188899966,0.7546063843202792,1.0,0.6234533716975581,0.6250907065335752,2.8032999933731104,0.029942401707900995,0.6562647411417387,0.18038093045328235,6.157448935169898,85.72323701820609,-6.089573290068984e-14,-1.942890293094024e-16,0.0,0.0,0.0,7.606654195413398e-11,-5.211140546856896e-12,4.612094213485296e-11,4.642509293661945e-11
equilibrium_sigma_1_50,58.0,222.2921879990614,2.16834294889285,0.29661445814813936,0.6960000000000001,0.5952100785150024,0.1640520788504333,0.8768261566746275,0.24070594558207015,-0.2892552184282219,0.7339522195147499,-0.29661445814813936,-2.9209152855980576,-3.217529743746197,-5.233788069122024,0.6933374129962363,-7.050376922790915,-5.702389263463858,0.18082615667462743,-0.10078992148499766,1.47234294889285,0.012779140866281083,0.006814382619116865,0.012701678430023684,0.000701678430023684,0.011003818672052957,0.012761567835806176,0.0007615678358061755,0.0005373753692028416,0.2748535710000718,0.024792774546542405,0.09070167843002369,0.04070167843002369,0.002659045462905005,0.997340954537095,0.06971696042551793,0.6431952899900757,0.22221676771209256,0.17838414177871695,0.016666477697759224,0.00036079411551193026,0.2284094059169589,0.7545633222697701,1.0,0.623289636514903,0.6249514107281356,2.802653585968986,0.030043885787337785,0.6595749809366799,0.18128653885275073,6.150841204405584,86.72390946267487,-6.150635556423367e-14,1.3877787807814457e-16,3.3306690738754696e-16,0.0,0.0,5.553697519228296e-10,-4.154104230741362e-11,3.363554591101492e-10,3.3988406360208057e-10
equilibrium_sigma_1_50,59.0,221.2921879990614,2.1811186363767203,0.3034626193470041,0.708,0.6079111282349129,0.17504975878771808,0.8895897977186962,0.25346365330504245,-0.2887171155296329,0.7268705533035957,-0.3034626193470041,-2.897526178576708,-3.200988797923712,-5.206694831315781,0.7052968663529695,-7.022207479187493,-5.675104005167132,0.1815897977186962,-0.10008887176508707,1.4731186363767204,0.012772489855344155,0.0068820527989840435,0.01270058580429572,0.0007005858042957204,0.010991691687424268,0.012765822030025298,0.0007658220300252976,0.0005389287574542045,0.2748502600130173,0.025039280656522205,0.09070058580429573,0.040700585804295725,0.0026994834709855174,0.9973005165290145,0.06996446166196019,0.6431119645738068,0.22221672891538374,0.17846302153206614,0.016729551112367097,0.00036639547434972117,0.22838795878297935,0.7545160946303037,0.9999999999999998,0.6231238106864867,0.6248104762395941,2.801999228709774,0.03014663820114622,0.6629356054151543,0.18220802352024218,6.144225194176724,87.72425548560524,-6.011857678345223e-14,8.326672684688674e-17,7.216449660063518e-16,-1.1102230246251565e-16,0.0,7.40709348023838e-10,-6.057756466587572e-11,4.480298753523071e-10,4.5472762881526574e-10
equilibrium_sigma_1_50,60.0,220.2921879990614,2.1938884187731613,0.3103787914440545,0.72,0.620611566793319,0.18603575011356882,0.9023580091876351,0.26623109103356996,-0.28817717127454245,0.7197179232525595,-0.3103787914440545,-2.8740286351610096,-3.184407426605064,-5.1795458844283555,0.7172555483094788,-6.993978643789887,-5.647762295364508,0.18235800918763512,-0.099388433206681,1.4738884187731613,0.01276730956437197,0.006950406093323786,0.01270044332036293,0.0007004433203629291,0.010980428488372006,0.012770701659503558,0.000770701659503558,0.0005410511338954649,0.27484982824352405,0.02528801323159477,0.09070044332036294,0.04070044332036293,0.0027406891258264553,0.9972593108741735,0.07021515173920485,0.6430275655811343,0.22221668947865658,0.17854219864785867,0.016793465345121775,0.0003721041934545057,0.2283694698501267,0.754464960611297,1.0,0.6229558483347326,0.6246678687699236,2.8013367520321104,0.030250686320145475,0.6663478365825515,0.18314558843515813,6.137593697268681,88.7243006093636,-5.911937606128959e-14,-6.106226635438361e-16,-4.996003610813204e-16,0.0,0.0,7.30308022389714e-10,-6.539336520200445e-11,4.410933198556455e-10,4.4993937915738247e-10
equilibrium_sigma_1_50,61.0,219.2921879990614,2.2066537054794866,0.31736366257751814,0.732,0.633312307235726,0.1970108789524706,0.9151313961674447,0.27900846770031945,-0.287634836813775,0.7124935788808431,-0.31736366257751814,-2.850420726467095,-3.167784389044613,-5.152339928975575,0.729213438754667,-6.965688019415572,-5.620362637594605,0.18313139616744467,-0.09868769276427403,1.4746537054794866,0.012763479361421484,0.007019452542960961,0.012701178021734628,0.0007011780217346282,0.010969954945510091,0.012776166740668948,0.0007761667406689481,0.0005437029129695681,0.27485205461131706,0.02553902153974269,0.09070117802173464,0.04070117802173463,0.002782682387274313,0.9972173176127257,0.07046909901063295,0.6429420699997536,0.22221664938571722,0.17862175393505586,0.01685823891655273,0.0003779232536679705,0.228353684494659,0.7544101533351205,1.0000000000000002,0.6227857036628759,0.6245235543580259,2.8006659871669872,0.030356057420571337,0.6698129031411522,0.18409945263351676,6.130940049287175,89.72406793561538,-5.873079800267078e-14,1.1102230246251565e-16,1.1102230246251565e-16,0.0,0.0,6.002472078409093e-10,-5.892516943134529e-11,3.6193653282778904e-10,3.713126681126333e-10
equilibrium_sigma_1_50,62.0,218.2921879990614,2.2194157910559906,0.3244179309134519,0.744,0.6460141932100645,0.20797590072963354,0.9279105258144733,0.2917959921880543,-0.28708960089266283,0.7051967597473929,-0.3244179309134519,-2.8267005655402446,-3.1511184964536967,-5.125075712623399,0.7411705170996743,-6.937333331221174,-5.592903595628197,0.1839105258144733,-0.09798580678993551,1.4754157910559906,0.012760890011822415,0.007089202165268639,0.012702723952183921,0.0007027239521839208,0.01096020367375387,0.012782181329495934,0.0007821813294959339,0.0005468484257087347,0.2748567392490422,0.025792353444334705,0.09070272395218393,0.040702723952183925,0.00282548368637574,0.9971745163136243,0.07072637185087476,0.6428554548102056,0.22221660862014228,0.17870176279870215,0.016923890398096317,0.00038385570008228604,0.228340371727091,0.7543518821747304,0.9999999999999999,0.6226133308599139,0.6243774992983214,2.799986765774398,0.030462778741989764,0.6733320426108668,0.18506984966391998,6.124258075711234,90.72357836474788,-5.900835375882707e-14,1.942890293094024e-16,-6.106226635438361e-16,-1.1102230246251565e-16,0.0,4.0845297456792995e-10,-4.401718226021423e-11,2.458235923846752e-10,2.5384122234739515e-10
equilibrium_sigma_1_50,63.0,217.2921879990614,2.232175866088641,0.3315423046286689,0.756,0.6587180056405021,0.21893150659329658,0.9406959312161283,0.30459387374160707,-0.2865409861116922,0.6978266953451371,-0.3315423046286689,-2.8028663016111546,-3.1344086062398233,-5.09775202544924,0.7531267622539246,-6.908912414485072,-5.565383787418134,0.18469593121612826,-0.09728199435949791,1.476175866088641,0.012759442628539563,0.007159664966754387,0.012705021514750288,0.0007050215147502877,0.010951113399940753,0.012788713167899424,0.0007887131678994234,0.0005504555680713175,0.27486370155984935,0.02604805554943539,0.0907050215147503,0.04070502151475029,0.002869113948997912,0.9971308860510021,0.07098703878815528,0.6427676969413211,0.22221656716525257,0.17878229578061722,0.016990438446918665,0.00038990464618311884,0.22832932203263007,0.754290334874268,0.9999999999999999,0.6224386840119359,0.6242296700656998,2.7992989196043747,0.030570877541145368,0.676906503329993,0.18605702711521635,6.1175420438937165,91.72285079512362,-5.756506382681437e-14,-5.551115123125783e-17,-2.7755575615628914e-16,0.0,0.0,1.9804384174260115e-10,-2.3458945723475733e-11,1.1893521063843782e-10,1.2373043908886494e-10
equilibrium_sigma_1_50,64.0,216.2921879990614,2.244935027052648,0.3387375019057574,0.768,0.6714244687910624,0.22987832923475976,0.9534881149039358,0.3174023223530776,-0.28598854552579006,0.6903826049913824,-0.3387375019057574,-2.7789161148545474,-3.117653616760305,-5.070367695657625,0.7650821526010474,-6.8804232035216515,-5.537801879620921,0.1854881149039358,-0.09657553120893758,1.476935027052648,0.012759047721471004,0.007230850954674265,0.012708016891080552,0.0007080168910805519,0.010942628389428541,0.012795733353443417,0.0007957333534434168,0.0005544954859160178,0.2748727784578199,0.026306173333143872,0.09070801689108056,0.040708016891080556,0.0029135946195568883,0.9970864053804431,0.07125116862810106,0.6426787732285393,0.2222165250040876,0.17886341905158815,0.017057901838673485,0.0003960732779795862,0.22832034541063725,0.7542256794727097,1.0,0.6222617170191722,0.6240800332462113,2.798602280181727,0.03068038114215422,0.6805375463488232,0.1870612462097684,6.110786619529514,92.72190230401601,-5.800915303666443e-14,5.551115123125783e-17,4.440892098500626e-16,0.0,0.0,1.3882298088851996e-13,-1.808102279010626e-14,8.316090871485216e-14,8.725485611815742e-14
equilibrium_sigma_1_50,65.0,215.2921879990614,2.257694285270948,0.34600425093925663,0.78,0.6841342557764184,0.2408169481622229,0.9662875520518598,0.33022154912305507,-0.28543185955023553,0.6828636977144984,-0.34600425093925663,-2.754848211602324,-3.1008524625415808,-5.042921585708616,0.7770366659746126,-6.851863721621535,-5.510156582637329,0.18628755205185976,-0.09586574422358163,1.477694285270948,0.01275962433615449,0.007302770147751539,0.012711661515325608,0.0007116615153256074,0.01093469792601471,0.012803216027368336,0.0008032160273683357,0.0005589422694129986,0.274883822773714,0.02656675126991094,0.09071166151532561,0.04071166151532561,0.0029589476849147425,0.9970410523150852,0.07151883056990008,0.6425886603748003,0.22221648211938072,0.17894519485962404,0.017126299498419484,0.00040236485813392384,0.22831326959469198,0.7541580660487545,0.9999999999999999,0.6220823835181669,0.6239285554729358,2.7978966785122013,0.030791316983413565,0.6842264472277979,0.18808278145685395,6.103986827159593,93.72074831190791,-5.756506382681437e-14,-1.942890293094024e-16,-6.661338147750939e-16,0.0,0.0,-1.6379878529926284e-10,2.353122557918752e-11,-9.785871245282518e-11,-1.0366722931476335e-10
equilibrium_sigma_1_50,66.0,214.2921879990614,2.270454575052641,0.3533432899521334,0.792,0.6968479935717575,0.2517478944791439,0.9790946933896413,0.3430517666004026,-0.28487053314424204,0.6752691721369302,-0.3533432899521334,-2.730660819967973,-3.084004109920106,-5.015412588821312,0.7889902796336209,-6.823232071922243,-5.482446646124429,0.18709469338964124,-0.09515200642824251,1.478454575052641,0.012761099273306403,0.007375432586069737,0.012715911597383674,0.0007159115973836734,0.01092727584007882,0.012811138114243725,0.000811138114243725,0.0005637726963048095,0.27489670181025355,0.02682983294270516,0.09071591159738368,0.04071591159738368,0.0030051956985039183,0.9969948043014961,0.07179009431562365,0.64249733491374,0.22221643849353528,0.17902768193839316,0.017195650529902684,0.00040878273010306796,0.22830793843655145,0.7540876283034428,0.9999999999999999,0.621900636808532,0.6237752033665226,2.7971819448077637,0.030903712661565157,0.6879744977508759,0.18912192036128148,6.097138014322564,94.71940273167898,-5.6621374255882984e-14,-1.1102230246251565e-16,0.0,0.0,0.0,-2.800074946213149e-10,4.438382734256452e-11,-1.6675998082416044e-10,-1.7861546963704455e-10
equilibrium_sigma_1_50,67.0,213.2921879990614,2.2832167610882443,0.36075536722176293,0.804,0.7095662675686593,0.2626716552129909,0.9919099678580781,0.35589318910292156,-0.28430419324602274,0.6675982163546812,-0.36075536722176293,-2.7063521858432034,-3.0671075530649663,-4.987839625818382,0.8009429702376879,-6.794526429122874,-5.454670854935992,0.187909967858078,-0.09443373243134079,1.4792167610882443,0.012763406381477257,0.007448848340203796,0.012720727690801743,0.0007207276908017431,0.01092032008036306,0.012819479068837403,0.0008194790688374025,0.0005689659882124332,0.27491129603273257,0.027095461145826803,0.09072072769080175,0.04072072769080175,0.0030523618047348876,0.9969476381952651,0.07206503017344859,0.6424047731749389,0.22221639410860042,0.17911093587957222,0.017265974243390537,0.0004153303223038563,0.22830421043886198,0.7540144849954435,0.9999999999999999,0.6217164297837894,0.6236199434799385,2.796457908229166,0.031017595972820017,0.691783007563857,0.19017896318280156,6.0902358190041745,95.71787810406644,-5.573319583618286e-14,-1.6653345369377348e-16,5.551115123125783e-17,0.0,0.0,-3.4080608127262657e-10,5.968224612434847e-11,-2.022435136028733e-10,-2.193614491441398e-10
equilibrium_sigma_1_50,68.0,212.2921879990614,2.2959816451713286,0.3682412411146844,0.8160000000000001,0.7222896257194825,0.27358867723591207,1.0047337850306157,0.3687460330210109,-0.2837324864356384,0.659850007813334,-0.3682412411146844,-2.6819205692314214,-3.050161810346106,-4.960201642280882,0.8128947138218731,-6.765745031964608,-5.426828025452274,0.18873378503061566,-0.09371037428051754,1.4799816451713286,0.012766485915873205,0.007523027519646742,0.012726074301106595,0.0007260743011065947,0.010913792325253718,0.012828220665728196,0.0008282206657281958,0.000574503604688914,0.2749274978821412,0.027363677979100484,0.0907260743011066,0.0407260743011066,0.0031004697637411044,0.9968995302362589,0.0723437091554502,0.6423109512509985,0.22221634894624787,0.17919500947250552,0.017337290182228536,0.00042201115231310253,0.22830195742290063,0.7539387412425578,1.0,0.6215297148658483,0.6234627422470043,2.795724396643932,0.031132994951923093,0.6956533057465549,0.19125422274234052,6.083276140069142,96.71618572065641,-5.5788706987414116e-14,5.551115123125783e-16,-1.1102230246251565e-16,0.0,0.0,-3.432541056946903e-10,6.649865033625524e-11,-2.0286717618278605e-10,-2.2321619552734262e-10
equilibrium_sigma_1_50,69.0,211.2921879990614,2.3087499723095117,0.3758016801294507,0.8280000000000001,0.7350185823087427,0.2844993708149152,1.0175665373233276,0.38161051710625177,-0.2831550768041541,0.652023713180728,-0.3758016801294507,-2.6573642408860643,-3.033165921015515,-4.932497605985484,0.824845485771094,-6.73688617640624,-5.398917002263917,0.1895665373233275,-0.09298141769125734,1.4807499723095117,0.012770283957077522,0.007597980280584464,0.012731919530751139,0.0007319195307511385,0.01090765762983317,0.01283734678558801,0.0008373467855880105,0.000580369035607653,0.2749452106992459,0.02763452493411737,0.09073191953075115,0.04073191953075114,0.003149543976513501,0.9968504560234865,0.07262620307057988,0.6422158449662381,0.2222163029877487,0.1792799530142366,0.017409618148275876,0.00042882883111342696,0.22830106331890251,0.7538604897017082,1.0,0.6213404439427114,0.6233035659343392,2.7949812363981925,0.031249937909012638,0.6995867423269467,0.1923480242714814,6.076255110391064,97.71433573554731,-5.340172748447003e-14,1.6653345369377348e-16,-2.7755575615628914e-16,0.0,0.0,-2.880509129832287e-10,6.181925457648951e-11,-1.6945089428843652e-10,-1.895251160871636e-10
equilibrium_sigma_1_50,70.0,210.2921879990614,2.32152243628179,0.38343746294694625,0.84,0.7477536213863327,0.2954041128256071,1.0304086020132546,0.3944868627466624,-0.28257164400968626,0.6441184882163686,-0.38343746294694625,-2.63268147922484,-3.0161189421717864,-4.904726504598881,0.8367952607940773,-6.7079482094307,-5.370936655178019,0.1904086020132546,-0.09224637861366725,1.4815224362817903,0.01277475188401539,0.007673716833065997,0.0127382347572337,0.0007382347572337002,0.010901884105335602,0.012846843243652373,0.0008468432436523725,0.0005865476310207285,0.27496434774919304,0.02790804297314039,0.09073823475723371,0.040738234757233704,0.003199609510475502,0.9968003904895245,0.07291258461338525,0.642119429846827,0.22221625621395005,0.17936581459269543,0.01748297822636339,0.00043578706739536547,0.2283014230676734,0.7537798116385678,0.9999999999999999,0.6211485683090319,0.6231423805963684,2.7942282521008215,0.03136845346460472,0.703584689744761,0.19346070530198656,6.069169072424093,98.71233726672155,-5.384581669432009e-14,-4.440892098500626e-16,-2.220446049250313e-16,0.0,0.0,-1.786346591481358e-10,4.253106027085618e-11,-1.0452709878205901e-10,-1.1911589076207818e-10
equilibrium_sigma_1_50,71.0,209.2921879990614,2.3342996846938813,0.39114937848759107,0.852,0.7604951998941731,0.3063032496603438,1.0432603430832539,0.4073752942302583,-0.2819818815026981,0.6361334776377121,-0.39114937848759107,-2.6078705674936553,-2.9990199459812463,-4.876887343606605,0.848744012896796,-6.678929523424449,-5.342885876517433,0.1912603430832539,-0.09150480010582684,1.4822996846938814,0.01277984589606411,0.007750247447612289,0.012744994341281228,0.0007449943412812278,0.010896442627966192,0.012856697607643852,0.0008566976076438519,0.0005930264279641051,0.27498483133721585,0.02818427260123343,0.09074499434128123,0.04074499434128123,0.0032506921255477843,0.9967493078744523,0.07320292744898531,0.6420216810921751,0.2222162086052522,0.17945264034557454,0.017557390807904843,0.00044288967192601675,0.22830294162326628,0.7536967778969028,1.0,0.6209540386091799,0.6229791520330742,2.793465266418645,0.03148857058291531,0.7076485442713087,0.19459261559247212,6.062014555984166,99.71019848806644,-5.412337245047638e-14,5.551115123125783e-17,5.551115123125783e-17,0.0,0.0,-2.0453352553295723e-11,5.410770789748831e-12,-1.189536837087335e-11,-1.3848266283700283e-11
equilibrium_sigma_1_50,72.0,208.2921879990614,2.347082323576886,0.39893822597520606,0.864,0.7732437505140661,0.31719709985778977,1.056122112909268,0.42027603899835153,-0.281385494905078,0.628067814983067,-0.39893822597520606,-2.582929791156712,-2.981868017131918,-4.848979144456023,0.8606917153553405,-6.649828551078627,-5.314763578687739,0.19212211290926795,-0.09075624948593386,1.4830823235768862,0.012785526579830467,0.007827582461299437,0.01275217536237356,0.000752175362373559,0.01089130657442302,0.01286689907176175,0.0008668990717617502,0.0005997940244473199,0.27500659200719263,0.028463253932090152,0.09075217536237357,0.04075217536237356,0.00330281830074983,0.9966971816992501,0.0734973062947626,0.64192257354743,0.22221616014158563,0.17954047469711126,0.0176328766137816,0.00045014056199380715,0.2283055330476891,0.7536114497765355,0.9999999999999999,0.620756804782509,0.6228138457502133,2.7926920998813776,0.03161031860370934,0.7117797273917273,0.19574411708980757,6.0547882580366235,100.70792671287114,-5.268008251846368e-14,0.0,-1.1102230246251565e-16,0.0,0.0,1.1185541382019437e-10,-3.643223570048981e-11,6.400830386554812e-11,7.82746176902771e-11
equilibrium_sigma_1_50,73.0,207.2921879990614,2.35987092157111,0.40680481500790955,0.876,0.7859996842624785,0.32808595647857447,1.068994253804791,0.4331893278900367,-0.28078220052867586,0.6199206224703486,-0.40680481500790955,-2.557857435490193,-2.964662250498103,-4.821000942894709,0.8726383406881794,-6.620643760764508,-5.286568691988086,0.19299425380479096,-0.09000031573752154,1.4838709215711101,0.01279175851647936,0.007905732283349006,0.01275975737910997,0.0007597573791099689,0.010886451581681385,0.012877438303471322,0.0008774383034713222,0.0006068404273529282,0.27502956781548477,0.028745026748007333,0.09075975737910998,0.04075975737910997,0.003356015261385865,0.9966439847386142,0.07379579699922474,0.6418220816769276,0.22221611080238748,0.17962936057483248,0.01770945671661775,0.00045754376593908763,0.22830911968929055,0.7535238798281525,0.9999999999999999,0.6205568160105194,0.622646426921716,2.79190857069519,0.03173372727286282,0.7159796871556222,0.19691558392307676,6.047487024302911,101.70552846956275,-5.218048215738236e-14,-2.7755575615628914e-16,-2.7755575615628914e-16,0.0,0.0,1.6659581179856442e-10,-6.05875124376487e-11,9.4432885122675e-11,1.1919070418142663e-10
equilibrium_sigma_1_50,74.0,206.2921879990614,2.372666013745367,0.41474996563175387,0.888,0.7987633928626138,0.3389700892583087,1.0818770994399751,0.4461153953791106,-0.28017172401622803,0.6116910108556095,-0.41474996563175387,-2.532651783359845,-2.9474017489915987,-4.792951787483977,0.8845838606277467,-6.591373652328881,-5.258300162639695,0.1938770994399751,-0.08923660713738624,1.4846660137453669,0.012798509924747126,0.007984707400284317,0.01276772221139861,0.0007677222113986089,0.010881855328066584,0.012888307328040582,0.0008883073280405822,0.0006141569491857624,0.27505370367090487,0.029029630554758233,0.09076772221139862,0.04076772221139861,0.003410311006873053,0.9965896889931269,0.07409847661843548,0.6417201795384601,0.22221606056657828,0.17971933960873432,0.017787152562549802,0.00046510342778352363,0.2283136314349871,0.7534341125746797,1.0000000000000002,0.6203540206656482,0.6224768603540374,2.7911144945638786,0.03185882677180196,0.7202498995017863,0.19810740242656336,6.040107832467565,102.70300957061447,-5.179190409876355e-14,-2.7755575615628914e-16,-3.885780586188048e-16,0.0,0.0,1.7053713129155934e-10,-6.93974946952558e-11,9.560580278844544e-11,1.2512981102663634e-10
equilibrium_sigma_1_50,75.0,205.2921879990614,2.3854681050715274,0.42277450841979003,0.9,0.8115352509062072,0.34984974654892176,1.0947709761425264,0.45905447980436165,-0.2795537990978134,0.6033780792883578,-0.42277450841979003,-2.5073111131677663,-2.9300856215875566,-4.764830738277176,0.8965282460913262,-6.562016753285251,-5.2299569510192665,0.19477097614252636,-0.08846474909379287,1.4854681050715275,0.012805752337653603,0.008064518380649635,0.01277605374329644,0.0007760537432964405,0.010877497334493617,0.012899499416407778,0.0008994994164077778,0.0006217360837279529,0.27507895073726196,0.029317104631362192,0.09077605374329645,0.040776053743296445,0.0034657343392420752,0.996534265660758,0.0744054234903069,0.6416168407582634,0.22221600941253863,0.17981045231386825,0.01786598599256851,0.00047282381196342015,0.22831900503227415,0.753342185163194,1.0,0.6201483662614943,0.6223051104522747,2.790309684516812,0.03198564774593711,0.7245918695607011,0.19931997119150868,6.032647776892109,103.70037517497883,-5.1514348342607263e-14,1.1102230246251565e-16,-2.220446049250313e-16,-1.1102230246251565e-16,0.0,1.4359653917328519e-10,-6.553927713037755e-11,7.94694535871665e-11,1.0843988033915064e-10
equilibrium_sigma_1_50,76.0,204.2921879990614,2.3982776735895373,0.4308792845562703,0.912,0.8243156178266872,0.3607251570692997,1.107676204092816,0.47200682359443097,-0.2789281664507812,0.5949809151636316,-0.4308792845562703,-2.4818336969502766,-2.9127129815065467,-4.736636865647228,0.9084714671511778,-6.532571615361238,-5.201538030077583,0.19567620409281605,-0.08768438217331287,1.4862776735895373,0.012813460309480523,0.008145175879324118,0.012784737744408824,0.0007847377444088234,0.010873358783827527,0.012911008988591988,0.0009110089885919874,0.0006295714283233167,0.27510526589214795,0.029607488075191358,0.09078473774440883,0.04078473774440883,0.0035223148923608618,0.9964776851076391,0.07471671730713468,0.641512038506598,0.22221595731808488,0.17990273825807665,0.01794597926353295,0.00048070930817759315,0.228325183473972,0.7532481279543176,1.0000000000000002,0.6199397994042197,0.6221311411878271,2.789493950742763,0.032114221332247284,0.7290071329399398,0.20055370114471455,6.025104054680707,104.69762984469384,-5.0681681074138396e-14,-5.551115123125783e-17,-1.6653345369377348e-16,0.0,0.0,1.0084180192271308e-10,-5.176007192297938e-11,5.4965462736866755e-11,7.869503659829746e-11
equilibrium_sigma_1_50,77.0,203.2921879990614,2.4110951732933628,0.4390651459249735,0.924,0.8371048397022856,0.37159653148362654,1.1205930984239183,0.4849726734882217,-0.2782945726527297,0.5864985939715375,-0.4390651459249735,-2.456217798612378,-2.8952829445373514,-4.708369249250455,0.9204134930038587,-6.5030368113683625,-5.173042383926663,0.19659309842391826,-0.08689516029771449,1.4870951732933628,0.01282161115006783,0.008226690641457405,0.012793761708038663,0.0007937617080386629,0.010869422356591177,0.012922831509332156,0.0009228315093321553,0.0006376575673039397,0.2751326112364808,0.02990081984278641,0.09079376170803867,0.04079376170803867,0.0035800831619281735,0.9964199168380719,0.07503243918668115,0.6414057454738173,0.22221590426044488,0.1799962362163824,0.01802715506893838,0.0004887644363595956,0.2283321154396767,0.7531519650550254,1.0,0.6197282657449236,0.621954916067415,2.7886671004287806,0.03224457918613798,0.7334972569966333,0.20180901565227974,6.017473952963527,105.69477759622313,-5.0182080713057076e-14,-1.6653345369377348e-16,-4.996003610813204e-16,-1.1102230246251565e-16,0.0,5.334988527339046e-11,-3.088983929755429e-11,2.8558518397336918e-11,4.3222715337409845e-11
equilibrium_sigma_1_50,78.0,202.2921879990614,2.423921036763886,0.4473329552012856,0.936,0.8499032509050581,0.3824640638230091,1.1335219702357602,0.4979522807517579,-0.2776527692186228,0.5779301791443769,-0.4473329552012856,-2.4304616722856425,-2.877794627486928,-4.680026977115272,0.9323542919386929,-6.473410932364965,-5.144469006580927,0.19752197023576012,-0.08609674909494192,1.4879210367638862,0.012830184683903678,0.008309073506047366,0.012803114704544323,0.0008031147045443228,0.010865672081515905,0.012934963434796387,0.0009349634347963869,0.0006459900259159213,0.2751609536501343,0.0301971387866765,0.09080311470454433,0.04080311470454433,0.0036390705362824775,0.9963609294637176,0.07535267174209119,0.6412979338468293,0.22221585021623325,0.1800909843133235,0.018109536559514233,0.0004969938517836883,0.22833975478872603,0.753053714799976,0.9999999999999999,0.6195137099327989,0.6217763981032923,2.7878289376034333,0.03237675350768686,0.7380638421008392,0.20308635064714908,6.009754837283019,106.69182194700932,-4.96269692007445e-14,-1.1102230246251565e-16,-2.220446049250313e-16,0.0,0.0,8.928023251253414e-12,-5.851949133606205e-12,4.676715611995341e-12,7.549289318675712e-12
equilibrium_sigma_1_50,79.0,201.2921879990614,2.436755677572362,0.4556835859476847,0.9480000000000001,0.8627111756103029,0.39332793276452566,1.1464631275317394,0.5109459013923283,-0.277002511713931,0.5692747219014602,-0.4556835859476847,-2.404563560797583,-2.8602471467452677,-4.6516091448454695,0.9442938313053386,-6.443692585085779,-5.115816900839274,0.19846312753173934,-0.0852888243896972,1.488755677572362,0.012839163031723097,0.008392335409177923,0.012812787248510586,0.000812787248510586,0.010862093199572462,0.012947402107110761,0.0009474021071107612,0.0006545651709544131,0.275190264389426,0.030496483688470168,0.09081278724851059,0.04081278724851059,0.0036993093280712334,0.9963006906719287,0.07567749915090183,0.641188575285863,0.2222157951614261,0.18018702015440458,0.01819314736372332,0.000505402350313916,0.22834806009996933,0.7529533901859935,1.0,0.6192960755688957,0.6215955497845012,2.7869792629837415,0.0325107770673809,0.7427085228933623,0.20438615477930447,6.001944140979186,107.68876595767497,-4.8128168117500536e-14,2.7755575615628914e-16,-5.551115123125783e-17,0.0,0.0,-2.7281281400615143e-11,2.0327796737551473e-11,-1.3920383942767067e-11,-2.4225123643195623e-11
equilibrium_sigma_1_50,80.0,200.2921879990614,2.4495994924758886,0.4641179227123017,0.96,0.8755289291795462,0.4041883027805466,1.1594168760854124,0.5239537963707004,-0.27634355893642837,0.5605312610917164,-0.4641179227123017,-2.3785216942416447,-2.8426396169539463,-4.623114854928747,0.9562320774804085,-6.413880389614052,-5.087085077296092,0.19941687608541248,-0.0844710708204538,1.4895994924758886,0.012848530412543496,0.008476487386933256,0.012822771178467647,0.0008227711784676468,0.010858672040246639,0.01296014571328108,0.0009601457132810791,0.0006633801608035839,0.27522051872262926,0.030798893288461415,0.09082277117846765,0.04082277117846765,0.003760832806826033,0.996239167193174,0.07600700722339108,0.6410776409014584,0.22221573907133496,0.18028438094773547,0.018278011608229314,0.0005139948738057197,0.2283569942540623,0.7528509992639025,0.9999999999999999,0.6190753051603279,0.621412333049025,2.786117873825193,0.03264668323144271,0.7474329695413227,0.20570888958755804,5.994039355479458,108.6856122702664,-4.851674617611934e-14,-6.661338147750939e-16,-1.3322676295501878e-15,0.0,0.0,-5.229562789754727e-11,4.451344327860429e-11,-2.5835238462446064e-11,-4.911158979492569e-11
equilibrium_sigma_1_50,81.0,199.2921879990614,2.462452863424383,0.472636861130237,0.972,0.8883568194290593,0.4150453251700047,1.1723835202441713,0.5369762318121267,-0.2756756721599356,0.5516988230342248,-0.472636861130237,-2.352334288637982,-2.824971149768219,-4.594543216142068,0.9681689958330941,-6.383972977274386,-5.058272553470451,0.20038352024417128,-0.08364318057094067,1.490452863424383,0.012858272964261938,0.00856154057800209,0.012833059548011484,0.000833059548011484,0.01085539590894153,0.012973193206367029,0.0009731932063670283,0.0006724328754925679,0.2752516956000348,0.031104406311969715,0.09083305954801149,0.04083305954801149,0.003823675232488928,0.9961763247675111,0.07634128347049295,0.6409651012316007,0.22221568192058053,0.18038310361682822,0.018364153938395213,0.0005227765156695632,0.228366524054408,0.7527465454915274,1.0,0.6188513400747696,0.6212267092567152,2.7852445637743335,0.03278450598683505,0.7522388889945354,0.20705502969203224,5.986038021407791,109.68236314289916,-4.746203430272544e-14,3.3306690738754696e-16,4.440892098500626e-16,0.0,0.0,-6.48742882330966e-11,6.345282285713516e-11,-3.0777685955385437e-11,-6.496809860923047e-11
equilibrium_sigma_1_50,82.0,198.2921879990614,2.475316159396735,0.4812413080273337,0.984,0.9011951477947706,0.4258991389822164,1.185363363676208,0.5500134792168438,-0.27499861443390516,0.5427764213567543,-0.4812413080273337,-2.3259995446760797,-2.8072408527034134,-4.565893343046159,0.980104550689745,-6.353968988726416,-5.029378353043643,0.201363363676208,-0.08280485220522937,1.4913161593967352,0.01286837858111424,0.00864750622598449,0.012843646527287943,0.0008436465272879425,0.01085225298449385,0.012986544264403932,0.0009865442644039317,0.0006817218733967678,0.27528377735541804,0.031413061492612845,0.09084364652728795,0.04084364652728795,0.003887871889935978,0.996112128110064,0.07668041717148873,0.640850926218932,0.22221562368306516,0.18048322490543928,0.018451599538872526,0.0005317525266061856,0.22837661988321628,0.752640028051305,1.0,0.6186241204951025,0.621038639162868,2.7843591227233384,0.032924279966024914,0.7571280262455513,0.20842506300652747,5.9779377204354835,110.67902048113027,-4.590772206825022e-14,-2.7755575615628914e-16,-3.885780586188048e-16,0.0,0.0,-6.51732539463934e-11,7.377274832687242e-11,-2.9356139047420626e-11,-7.02797681162437e-11
equilibrium_sigma_1_50,83.0,197.2921879990614,2.4881897380822213,0.4899321815261108,0.996,0.9140442104034617,0.4367498718429064,1.198356710066489,0.5630658156706804,-0.27431214993330943,0.5337630568324514,-0.4899321815261108,-2.2995156465311215,-2.789447828057232,-4.537164355562304,0.9920387052973547,-6.32386707224137,-5.000401505196202,0.20235671006648892,-0.08195578959653826,1.4921897380822213,0.012878836766452628,0.008734395681411726,0.012854527313898127,0.000854527313898127,0.010849232225886157,0.013000199234891596,0.001000199234891596,0.000691246337947149,0.27531674943605494,0.03172489759269215,0.09085452731389813,0.04085452731389813,0.003953459124543829,0.9960465408754562,0.07702449944167539,0.6407350851879694,0.22221556433194511,0.18058478147526671,0.018540374154337243,0.0005409283205231587,0.22838725538947593,0.7525314421356635,0.9999999999999998,0.6183935853740775,0.6208480828923437,2.783461336666173,0.03306604047158526,0.7621021655960345,0.2098194909700783,5.969736067803457,111.67558586635354,-4.64628335805628e-14,-1.6653345369377348e-16,-2.7755575615628914e-16,0.0,0.0,-5.4461610568545815e-11,7.197531633196252e-11,-2.2906740740347153e-11,-6.397619933817822e-11
equilibrium_sigma_1_50,84.0,196.2921879990614,2.5010739474217862,0.498710411153577,1.008,0.9269042990592282,0.4475976406911999,1.2113638637669797,0.5761335240564034,-0.2736160433537592,0.5246577172147884,-0.498710411153577,-2.272880760746753,-2.77159117190033,-4.508355378625096,1.003971421785904,-6.29366588214506,-4.971341044036372,0.20336386376697968,-0.08109570094077179,1.4930739474217862,0.012889638499446548,0.008822220403487978,0.012865698052371553,0.0008656980523715531,0.010846323287323836,0.013014159097046729,0.0010141590970467289,0.0007010060382173222,0.27535060015870166,0.0320399534208503,0.09086569805237156,0.04086569805237156,0.004020474378846232,0.9959795256211538,0.07737362330019394,0.6406175468222681,0.2222155038396017,0.18068780999723633,0.018630504110426042,0.0005503094806426484,0.22839840720593796,0.7524207792029934,1.0,0.61815967238887,0.6206549999141276,2.7825509875558847,0.033209823500703894,0.7671631319319518,0.21123882879709216,5.961430705452368,112.67206058148642,-4.568567746332519e-14,-2.220446049250313e-16,4.440892098500626e-16,-1.1102230246251565e-16,0.0,-3.4891707578754705e-11,5.443567818730344e-11,-1.335519542178254e-11,-4.528117464319692e-11
equilibrium_sigma_1_50,85.0,195.2921879990614,2.513969127022465,0.5075769379506517,1.02,0.93977570215338,0.4584425524355681,1.2243851304058795,0.5892168932663673,-0.2729100593472513,0.5154593770708751,-0.5075769379506517,-2.2460930351775152,-2.753669973128167,-4.479465541905546,1.01590266112951,-6.263364077412495,-4.94219600811269,0.20438513040587947,-0.08022429784662,1.4939691270224649,0.012900776114439308,0.008910991961561535,0.01287715576143398,0.0008771557614339794,0.010843516440923632,0.013028425420724687,0.0010284254207246872,0.0007110012889555151,0.2753853204891939,0.0323582678471462,0.09087715576143399,0.040877155761433984,0.004088956230327382,0.9959110437696727,0.07772788373819625,0.640498279141474,0.22221544217761163,0.1807923472370516,0.018722016334924745,0.0005599017658103943,0.22841005469246692,0.752308027206798,1.0,0.6179223178954084,0.6204593490162332,2.7816278531625813,0.03335566576966674,0.7723127920099195,0.21268360574555584,5.953019295702674,113.6684456341918,-4.474198789239381e-14,-1.1102230246251565e-16,0.0,0.0,0.0,-9.314556070894042e-12,1.7400825572111422e-11,-3.1065150452036505e-12,-1.3588715222501158e-11
equilibrium_sigma_1_50,86.0,194.2921879990614,2.526875609456896,0.5165327145830714,1.032,0.9526587055051641,0.46928470453584925,1.237420817460176,0.6023162184170153,-0.2721939619943855,0.5061669976131304,-0.5165327145830714,-2.219150597984777,-2.735683312567849,-4.450493979599425,1.0278323831063318,-6.232960320400643,-4.912965440004125,0.20542081746017593,-0.07934129449483596,1.494875609456896,0.012912243191820702,0.009000722036331135,0.012888898268375325,0.0008888982683753245,0.010840802506339772,0.013043000325341225,0.001043000325341225,0.0007212329083960967,0.2754209038435616,0.03267987981567123,0.09088889826837533,0.04088889826837533,0.004158944430399881,0.9958410555696001,0.07808737778751641,0.6403772494782028,0.2222153793167162,0.18089843013561843,0.018814938379258312,0.0005697111170161309,0.22842217970337758,0.7521931708003481,1.0,0.617681456882364,0.6202610882808635,2.780691706931776,0.033503604738377685,0.7775530557569268,0.214154365402896,5.944499515432649,114.66474177785432,-4.374278717023117e-14,-4.440892098500626e-16,-2.220446049250313e-16,0.0,0.0,1.1997578278077903e-11,-3.265410164488003e-11,2.2238478419867036e-12,2.28233994203908e-11
equilibrium_sigma_1_50,87.0,193.2921879990614,2.539793721458625,0.5255787054548857,1.044,0.9655535931401251,0.4801241855171185,1.2504712347955227,0.6154318010659352,-0.2714675143092429,0.4967795265280124,-0.5255787054548857,-2.1920515566785403,-2.717630262133426,-4.4214398302760625,1.039760546257178,-6.202453275706995,-4.883648385981634,0.20647123479552265,-0.07844640685987492,1.4957937214586248,0.012924034459384268,0.009091422420788245,0.012900924149909475,0.0009009241499094746,0.010838172786735049,0.01305788646766004,0.00105788646766004,0.0007317022088226821,0.2754573459088166,0.03300482835479631,0.09090092414990948,0.04090092414990948,0.004230479944616268,0.9957695200553838,0.07845220459005559,0.6402544244546813,0.2222153152267899,0.18100609588489563,0.0189092984403434,0.0005797436641359366,0.2284347663765472,0.7520761915189734,1.0,0.6174370229246627,0.6200601750597081,2.779742317842581,0.033653678634993835,0.7828858775858907,0.21565166598930413,5.935869050707311,115.66094953050315,-4.263256414560601e-14,-5.551115123125783e-17,5.551115123125783e-17,-1.1102230246251565e-16,0.0,1.8481280741888817e-11,-6.452383072286239e-11,1.0483211521084002e-12,4.279157063413752e-11
equilibrium_sigma_1_50,88.0,192.2921879990614,2.5527237850252114,0.534715886820572,1.056,0.978460648012977,0.49096107542433287,1.26353669517747,0.6285639494315677,-0.27073047777289805,0.48729589780576843,-0.534715886820572,-2.164793997205069,-2.699509884025641,-4.392302236783533,1.0516871078427654,-6.171841609141776,-4.85424389573562,0.20753669517746998,-0.077539351987023,1.4967237850252113,0.012936145703068475,0.009183105020911114,0.012913232678801727,0.0009132326788017266,0.010835619010392303,0.013073086984061177,0.0010730869840611772,0.0007424109405018697,0.27549464448121735,0.03333315258524816,0.09091323267880173,0.04091323267880173,0.0043036049941628015,0.9956963950058372,0.07882246546791144,0.6401297699591364,0.2222152498768077,0.18111538199977226,0.01900512538281875,0.0005900057329075581,0.22844780094213168,0.7519570679421418,0.9999999999999998,0.6171889481364993,0.6198565659493837,2.7787794502657466,0.03380592648068191,0.788313257728042,0.2171760806776172,5.927125591808526,116.65706919191017,-4.118927421359331e-14,-1.1102230246251565e-16,2.220446049250313e-16,0.0,0.0,1.6608162761722056e-11,-7.828835149603641e-11,-2.470119594977227e-12,4.9445180588802984e-11
equilibrium_sigma_1_50,89.0,191.2921879990614,2.565666118435773,0.543945246897119,1.068,0.9913801526792588,0.5017954462212213,1.276617514756627,0.6417129786161521,-0.26998261189314277,0.47771503156970363,-0.543945246897119,-2.13737598307453,-2.681321229971649,-4.36308034620682,1.0636120237995756,-6.141123986805551,-4.824751022164986,0.20861751475662693,-0.07661984732074123,1.497666118435773,0.012948573686453427,0.00927578185610598,0.012925823775896315,0.0009258237758963152,0.010833133277617528,0.013088605500533035,0.0010886055005330346,0.0007533612911281296,0.2755327993208979,0.03366489172602274,0.09092582377589632,0.04092582377589632,0.00437836309868395,0.995621636901316,0.07919826399442263,0.6400032511218776,0.22221518323481124,0.18122632638632233,0.019102448761705682,0.0006005038521490313,0.2284612715495286,0.7518357758366166,0.9999999999999999,0.6169371631237368,0.6196502167669206,2.777802863821168,0.03396038811455748,0.7938372435842118,0.21872819792994339,5.91826682863654,117.65310085898057,-4.207745263329343e-14,0.0,5.551115123125783e-16,0.0,0.0,1.1066524432945535e-11,-7.690468574461651e-11,-5.821903723002286e-12,4.6428066252657274e-11
equilibrium_sigma_1_50,90.0,190.2921879990614,2.578621037191595,0.5532677859775355,1.08,1.0043123899214221,0.5126273621377511,1.2897140135310736,0.6548792108326077,-0.26922367378729883,0.4680358339033419,-0.5532677859775355,-2.1097955545215443,-2.66306334049908,-4.333773309875117,1.0755352486942522,-6.110299074262163,-4.7951688212228625,0.20971401353107355,-0.07568761007857794,1.4986210371915951,0.012961316078173718,0.009369465059393239,0.012938697967062547,0.0009386979670625469,0.010830708012465318,0.013104446089373667,0.0011044460893736667,0.0007645558575131162,0.2755718120214017,0.03400008509820148,0.09093869796706255,0.04093869796706255,0.004454799120489864,0.9955452008795102,0.07957970606633802,0.6398748322909995,0.22221511526787358,0.18133896740690117,0.019201298845560662,0.0006112447612321699,0.22847516811074992,0.7517122882824574,1.0000000000000002,0.6166815969355535,0.619441082525182,2.7768123132344082,0.03411710421888581,0.7994599310973358,0.22030862185099775,5.9092904464448655,118.64904443958804,-4.107825191113079e-14,0.0,-3.3306690738754696e-16,-1.1102230246251565e-16,0.0,5.145795248240326e-12,-6.345263897644671e-11,-7.397473258952125e-12,3.6753163012992474e-11
equilibrium_sigma_1_50,91.0,189.2921879990614,2.5915888548878168,0.5626845165444448,1.092,1.0172576433341447,0.5234568799715416,1.302826515788882,0.6680629756356754,-0.2684534177853348,0.4582571966767188,-0.5626845165444448,-2.0820507276964304,-2.6447352442408754,-4.304380283415274,1.087456735676485,-6.079365535798392,-4.765496351814942,0.210826515788882,-0.07474235666585538,1.4995888548878167,0.012974371386508157,0.009464166877342604,0.012951856344593275,0.000951856344593275,0.010828335918836578,0.013120613255868108,0.0011206132558681074,0.0007759976156096471,0.2756116858927069,0.03433877212676286,0.09095185634459328,0.04095185634459328,0.004532959310198371,0.9954670406898016,0.07996689997720427,0.6397444770076746,0.22221504594206345,0.18145334394249749,0.019301706640153758,0.0006222354178225726,0.2284894821586901,0.7515865757833334,0.9999999999999999,0.616422177015273,0.6192291174081743,2.7758075481920206,0.034276116344573095,0.8051834661475448,0.2219179725578581,5.900194121874951,119.6448996650031,-3.8968828164342995e-14,-2.220446049250313e-16,-7.771561172376096e-16,2.220446049250313e-16,0.0,9.537249462399089e-13,-4.113683352291453e-11,-6.356916729122197e-12,2.2945680078212405e-11
equilibrium_sigma_1_50,92.0,188.2921879990614,2.60456988402304,0.5721964633834854,1.104,1.0302161978731097,0.534284049347412,1.31595535053331,0.6812646101577713,-0.2676715950508288,0.44837799737201434,-0.5721964633834854,-2.0541394938837803,-2.6263359572672655,-4.274900426848606,1.0993764364303196,-6.04832203376271,-4.735732675746826,0.21195535053330983,-0.0737838021268904,1.5005698840230397,0.012987738900512552,0.009559899669756764,0.012965300532667333,0.0009653005326673327,0.010826009940574158,0.013137111919414579,0.0011371119194145789,0.0007876899132952531,0.2756524258565677,0.03468099234044521,0.09096530053266734,0.04096530053266734,0.004612891353863796,0.9953871086461362,0.08035995649209948,0.6396121479809932,0.2222149752224072,0.18156949545270365,0.01940370391271491,0.0006334830058980668,0.22850420671896224,0.7514586063624248,1.0,0.6161588291502933,0.6190142747461883,2.7747883131954776,0.034437466936991734,0.8110100459713766,0.22355688656605646,5.890975519261361,120.64066610103745,-3.8968828164342995e-14,1.1102230246251565e-16,6.661338147750939e-16,-1.1102230246251565e-16,0.0,-4.0306126491973515e-13,-1.3287341713019707e-11,-2.522773656643551e-12,7.163368856422103e-12
equilibrium_sigma_1_50,93.0,187.2921879990614,2.6175644367531086,0.5818046636962675,1.116,1.0431883403711377,0.5451089129388876,1.3291008518930085,0.6944844593499743,-0.26687795321754415,0.4383970989086685,-0.5818046636962675,-2.026059818745316,-2.6078644824415838,-4.24533290472859,1.1112943011238394,-6.017167227976126,-4.705876857717003,0.21310085189300843,-0.07281165962886238,1.5015644367531085,0.013001418637112613,0.009656675909102656,0.012979032656523164,0.0009790326565231634,0.010823723225218112,0.013153947404642707,0.0011539474046427071,0.0007996364559392788,0.2756940383531005,0.035026785369710024,0.09097903265652317,0.04097903265652317,0.0046946444216462825,0.9953053555783538,0.08075898892383447,0.6394778070623091,0.22221490307285008,0.1816874620336398,0.019507323216789257,0.0006449949440579083,0.22851933619406858,0.7513283456450843,1.0000000000000002,0.6158914774210308,0.6187965069907091,2.773754347413479,0.03460119936217983,0.816941920606607,0.2252260171919735,5.881632287180987,121.63634315801718,-3.863576125695545e-14,5.551115123125783e-16,5.551115123125783e-16,-1.1102230246251565e-16,0.0,1.3304028018135128e-12,1.664043555726913e-11,3.708599399798729e-12,-8.701468365290843e-12
equilibrium_sigma_1_50,94.0,186.2921879990614,2.630572825594742,0.5915101672126394,1.1280000000000001,1.056174360025219,0.5559315066551688,1.3422633595194073,0.707722876228571,-0.2660722360395543,0.4283133494681155,-0.5915101672126394,-1.9978096415841853,-2.5893198087968248,-4.215676886317177,1.1232102783571543,-5.985899775208733,-4.6759279653524715,0.21426335951940723,-0.0718256399747812,1.5025728255947417,0.013015411293633594,0.009754508179688154,0.012993055315025127,0.0009930553150251271,0.010821469091114984,0.01317112543697263,0.0011711254369726302,0.0008118413041824368,0.2757365312576519,0.03537619094284395,0.09099305531502513,0.04099305531502513,0.004778269218076,0.995221730781924,0.08116411321074345,0.6393414152190496,0.22221482945621554,0.18180728447414815,0.0196125979177444,0.0006567788941354304,0.2285348662588025,0.7511957569293176,0.9999999999999999,0.6156200441488018,0.6185757656890416,2.7727053845323635,0.0347673579334537,0.822981394364117,0.2269260349715473,5.872162055222046,122.63193009968587,-3.697042672001771e-14,1.1102230246251565e-16,3.3306690738754696e-16,0.0,0.0,5.680216713654929e-12,4.5067363035888874e-11,1.1437883626341794e-11,-2.2937094931729796e-11
equilibrium_sigma_1_50,95.0,185.2921879990614,2.6435953640842293,0.6013140363019971,1.1400000000000001,1.0691745488576885,0.5667518597967736,1.3554432189732863,0.720980222127598,-0.2652541830530073,0.4181255823183272,-0.6013140363019971,-1.9693868746281984,-2.5707009109301957,-4.185931545797715,1.1351243151086385,-5.9545183287161745,-4.64588506928429,0.21544321897328622,-0.07082545114231165,1.5035953640842292,0.013029718205293056,0.00985340917658128,0.013007371556333143,0.0010073715563331427,0.010819240997605378,0.013188652108198085,0.0011886521081980843,0.0008243088317483327,0.2757799138070701,0.03572924888023034,0.09100737155633315,0.04100737155633315,0.0048638180339678145,0.9951361819660322,0.08157544799617912,0.6392029325079531,0.22221475433416338,0.18192900431053327,0.019719562218969554,0.0006688427701272181,0.2285507937658844,0.7510608012450188,1.0,0.61534444984256,0.6183520014585944,2.7716411526044533,0.03493598793847045,0.8291308273281269,0.22865762809533555,5.862562430951207,123.62742605113013,-3.6415315207705135e-14,-6.661338147750939e-16,3.3306690738754696e-16,0.0,0.0,1.154141192338809e-11,6.829338136671304e-11,1.931962055612413e-11,-3.3941868413100984e-11
equilibrium_sigma_1_50,96.0,184.2921879990614,2.656632367395915,0.6112173460833852,1.1520000000000001,1.082189202154514,0.5775699951828065,1.3686407821023652,0.7342568669577809,-0.26442352924779944,0.40783261563833517,-0.6112173460833852,-1.9407894023296828,-2.552006748413068,-4.156096062522633,1.1470363566793538,-5.92302153783068,-4.6157472432605475,0.21664078210236504,-0.06981079784548605,1.504632367395915,0.013044341307222082,0.00995339170426891,0.013021984856414641,0.0010219848564146407,0.010817032518041121,0.013206533895360195,0.001206533895360195,0.0008370437509785944,0.27582419653458984,0.0360859990868158,0.09102198485641465,0.041021984856414645,0.004951344800042972,0.995048655199957,0.08199311470983091,0.6390623180476902,0.22221467766714623,0.18205266388012337,0.019828251188809553,0.000681194747452375,0.22856711666090537,0.7509234374028327,1.0,0.6150646131444132,0.6181251639607661,2.77056137389416,0.035107135666777145,0.8353926368860942,0.23042150286001928,5.852830997058922,124.6228300058109,-3.5083047578154947e-14,1.1102230246251565e-16,-2.220446049250313e-16,0.0,0.0,1.725691117782091e-11,8.250137031873273e-11,2.56063000664275e-11,-4.016627482006374e-11
equilibrium_sigma_1_50,97.0,183.2921879990614,2.6696841529248077,0.6212211845341252,1.164,1.0952186188834228,0.5883859292525673,1.3818564074116244,0.7475531894722954,-0.26358000474753807,0.39743325234289273,-0.6212211845341252,-1.9120150806798883,-2.5332362652140135,-4.1261696212942764,1.1589463466355934,-5.8914080476018,-4.5855135642945,0.2178564074116245,-0.06878138111657717,1.5056841529248077,0.01305928310062486,0.010054468675050526,0.013036899100161904,0.001036899100161904,0.010814837315408412,0.013224777637432794,0.0012247776374327939,0.0008500510850772969,0.27586939121261184,0.036446481542787665,0.09103689910016191,0.04103689910016191,0.005040905142315408,0.9949590948576846,0.08241723765097582,0.6389195299908381,0.22221459941436375,0.1821783063738972,0.019938700788274363,0.0006938432725558723,0.22858383390575301,0.7507836220334168,0.9999999999999999,0.6147804507738461,0.6178952018743868,2.7694657647216188,0.03528084843787943,0.8417692992895006,0.2322183841364614,5.842965308664898,125.61814083177637,-3.47499806707674e-14,-2.220446049250313e-16,-3.3306690738754696e-16,-1.1102230246251565e-16,0.0,2.0679557025116146e-11,8.376237897733674e-11,2.8181474515109883e-11,-4.006599566008795e-11
equilibrium_sigma_1_50,98.0,182.2921879990614,2.6827510408372697,0.631326652596704,1.176,1.108263102094354,0.599199672144002,1.3950904604279533,0.7608695775397826,-0.26272333449629715,0.3869262799074755,-0.631326652596704,-1.8830617365360134,-2.5143883891327174,-4.096151412677398,1.1708542267494815,-5.85967649848244,-4.555183112845886,0.21909046042795333,-0.06773689790564585,1.5067510408372697,0.013074546622725863,0.010156653107162204,0.013052118564901953,0.0010521185649019528,0.010812649120355441,0.013243390537542865,0.0012433905375428649,0.0008633361664456274,0.2759155108027332,0.0368107362924723,0.09105211856490196,0.04105211856490196,0.005132556439301428,0.9948674435606986,0.08284794407377838,0.6387745254951613,0.22221451953371596,0.1823059758884011,0.020050947899567323,0.0007067970728704358,0.22860094540977527,0.7506413096177869,0.9999999999999999,0.6144918774705684,0.6176620628686572,2.7683540353037035,0.03545717462986418,0.848263351246686,0.23404901585446763,5.83296289076769,126.6133572771246,-3.497202527569243e-14,-2.220446049250313e-16,-3.3306690738754696e-16,0.0,0.0,1.9216747984551752e-11,6.804227493939496e-11,2.4582951993479263e-11,-3.206497393992702e-11
equilibrium_sigma_1_50,99.0,181.2921879990614,2.6958333545934154,0.641534864283648,1.188,1.1213229593045388,0.6100112277513093,1.4083433140605917,0.7742064284250217,-0.2618532379507903,0.3763104701938085,-0.641534864283648,-1.8539271669591741,-2.4954620312428224,-4.066040633342008,1.1827599369375594,-5.827825526056037,-4.524754973033497,0.2203433140605917,-0.0666770406954611,1.5078333545934155,0.01309013542018006,0.010259958122625666,0.013067647906104728,0.0010676479061047274,0.01081046171144345,0.013262380160750098,0.0012623801607500977,0.0008769046389023316,0.2759625694124386,0.03717880343145991,0.09106764790610473,0.04106764790610473,0.005226357881112416,0.9947736421188876,0.08328536427474795,0.6386272606941682,0.222214437981754,0.18243571747718185,0.020165030355473988,0.0007200651671519919,0.22861845196798772,0.7504964525093862,0.9999999999999999,0.6141988059359188,0.6174256935755387,2.7672258895922446,0.03563616370860713,0.8548773915488503,0.23591416150442407,5.822821235823279,127.60847797477817,-3.3306690738754696e-14,-1.1102230246251565e-16,-4.440892098500626e-16,-1.1102230246251565e-16,0.0,9.863897892925522e-12,3.120966332592623e-11,1.2018068831776141e-11,-1.4527087865978672e-11
equilibrium_sigma_1_50,100.0,180.2921879990614,2.7089314214445337,0.651846946780159,1.2,1.1343985028703292,0.6208205937638182,1.42161534895876,0.7875641490777073,-0.2609694287766735,0.36558457927605614,-0.651846946780159,-1.8246091385616363,-2.476456085341795,-4.035836486435376,1.194663415197294,-5.79585376080117,-4.494228232877344,0.22161534895876,-0.06560149712967078,1.5089314214445337,0.013106053525655803,0.01036439694481629,0.013083492145116095,0.0010834921451160946,0.010808268897458555,0.01328175441961399,0.001281754419613989,0.0008907624393650337,0.2760105822579276,0.037550723091953495,0.0910834921451161,0.0410834921451161,0.005322370530491516,0.9946776294695084,0.08372963168246893,0.6384776906669022,0.222214354713629,0.18256757720192698,0.02028098696965611,0.0007336568762041685,0.22863635520570072,0.7503490009484389,0.9999999999999999,0.6139011467727458,0.617186039561539,2.7660810251092736,0.03581786625759807,0.8616140827303,0.23781460465602028,5.8125378014395235,128.6035014466268,-3.297362383136715e-14,-1.1102230246251565e-16,2.220446049250313e-16,0.0,0.0,-9.22245266266053e-12,-2.5780438547839957e-11,-1.0866927149799643e-11,1.1929224968953989e-11
equilibrium_sigma_1_50,101.0,179.2921879990614,2.722045572909136,0.6622640405456441,1.212,1.147490050348326,0.631627761687482,1.4349069538681043,0.8009431564299843,-0.26007161454751326,0.3547473472664213,-0.6622640405456441,-1.7951053868593057,-2.4573694274049496,-4.005538181982096,1.2065645975414314,-5.76375982788957,-4.463601984568767,0.22290695386810433,-0.06450994965167389,1.5100455729091362,0.0131223054372539,0.010469982895738734,0.013099656658738267,0.0010996566587382663,0.010806064501613033,0.013301521593067633,0.0013015215930676331,0.0009049158145035818,0.2760595656325402,0.03792653542632611,0.09109965665873827,0.04109965665873827,0.005420657385856381,0.9945793426141436,0.0841808829497815,0.6383257694069069,0.22221426968303917,0.18270160218354806,0.020398857567912005,0.0007475818340081058,0.22865465752878603,0.7501989030692938,1.0,0.6135988084236463,0.616943045298798,2.764919132779001,0.03600233400844159,0.8684761527643244,0.23975114949433904,5.80211000817122,129.59842610709498,-3.26405569239796e-14,1.1102230246251565e-16,0.0,0.0,0.0,-2.5750552731795828e-11,-6.661286973408398e-11,-2.9497687278889906e-11,3.06585416776084e-11
equilibrium_sigma_1_50,102.0,178.2921879990614,2.7351761452296786,0.6727872994111903,1.224,1.1605979248467277,0.6424327168520491,1.448218525986658,0.8143438777027823,-0.2591594964456929,0.3437974981431162,-0.6727872994111903,-1.765413615632917,-2.4382009150441073,-3.9751449373115255,1.2184634179301324,-5.731542347015358,-4.43287532476744,0.22421852598665803,-0.06340207515327223,1.5111761452296786,0.01313889610062259,0.010576729393011316,0.013116147170537017,0.0011161471705370164,0.010803842347535998,0.013321690308654155,0.0013216903086541547,0.0009193713018662564,0.27610953688041523,0.038306280588896006,0.09111614717053702,0.04111614717053702,0.005521283446409391,0.9944787165535907,0.08463925804840378,0.6381714497903707,0.22221418284217445,0.1828378406533279,0.020518683020417313,0.0007618499992738769,0.22867336207937086,0.7500461049009378,0.9999999999999998,0.6132916971075694,0.6166966541355039,2.763739896756648,0.036189619872013204,0.8754663967948678,0.2417246213733968,5.791535237409231,130.59325026617336,-3.1308289294429414e-14,-1.1102230246251565e-16,2.220446049250313e-16,-1.1102230246251565e-16,0.0,-3.569576405293429e-11,-8.614877040902247e-11,-3.994043117072632e-11,3.950646580708206e-11
equilibrium_sigma_1_50,103.0,177.2921879990614,2.7483234798117575,0.6834178906718386,1.236,1.1737224553677643,0.6532354384060018,1.4615504713211176,0.8277667507212502,-0.2582327689645071,0.3327337395818266,-0.6834178906718386,-1.7355314962985267,-2.418949386970365,-3.9446559775115,1.2303598082008094,-5.699199932252963,-4.402047354923913,0.2255504713211176,-0.06227754463223567,1.5123234798117575,0.013155830893675904,0.010684649946555103,0.013132969743786381,0.0011329697437863807,0.010801596246984228,0.013342269555849384,0.001342269555849384,0.0009341357420922236,0.27616051437511024,0.03868999871589929,0.09113296974378639,0.041132969743786385,0.005624315779380767,0.9943756842206193,0.08510490036606108,0.638014683543426,0.22221409414165894,0.18297634200425356,0.020640505274979876,0.0007764716674307324,0.2286924726968426,0.7498905503607468,1.0,0.612979716754739,0.6164468082656163,2.7625429942541233,0.036379777970281045,0.8825876789047544,0.2437358673874716,5.7808108293575025,131.58797213194387,-2.964295475749168e-14,1.1102230246251565e-16,-5.551115123125783e-16,0.0,0.0,-3.875487430970992e-11,-8.783025695624502e-11,-4.251296016610784e-11,4.019367304264332e-11
equilibrium_sigma_1_50,104.0,176.2921879990614,2.7614879236495726,0.6941569951769867,1.248,1.1868639771444158,0.6640358992992345,1.4749032050453554,0.8412122242402932,-0.2572911196098058,0.32155476278711204,-0.6941569951769867,-1.70545666727962,-2.399613662456607,-3.914070535907519,1.2422536979955925,-5.666731191939578,-4.371117181626174,0.22690320504535544,-0.06113602285558417,1.5134879236495726,0.013173115613502734,0.01079375815496872,0.013150130775882486,0.001150130775882486,0.01079931998909928,0.013363268677180073,0.0013632686771800732,0.0009492162644786362,0.2762125175026742,0.03907772990362111,0.09115013077588249,0.04115013077588249,0.005729823589469513,0.9942701764105305,0.08557795680640312,0.6378554212085109,0.22221400353049103,0.18311715684280128,0.020764367391399658,0.0007914574830745032,0.22871199388308355,0.7497321812424422,0.9999999999999999,0.6126627689397098,0.6161934486977346,2.7613280953619825,0.036572863668890426,0.8898429339223098,0.245785756960647,5.7699340810810815,132.58258981265215,-2.986499936241671e-14,1.1102230246251565e-16,-2.220446049250313e-16,2.220446049250313e-16,0.0,-3.5160234099218535e-11,-7.522125804182433e-11,-3.7924503815123245e-11,3.439842508057289e-11
equilibrium_sigma_1_50,105.0,175.2921879990614,2.7746698297393793,0.7050058074171103,1.26,1.200022831972291,0.6748340662556825,1.48827715186192,0.8546807582804848,-0.25633422860047506,0.31025924232554014,-0.7050058074171103,-1.6751867333825106,-2.3801925407996207,-3.8833878545668057,1.2541450146863473,-5.634134728580202,-4.340083916969384,0.22827715186192,-0.05997716802770903,1.5146698297393792,0.013190756465364314,0.010904067701584398,0.013167636994140412,0.001167636994140412,0.010797007331141664,0.013384697385987465,0.001384697385987465,0.0009646203130708741,0.27626556664891033,0.0394695141846676,0.09116763699414042,0.041167636994140416,0.005837878290547846,0.9941621217094522,0.08605857789175798,0.6376936121097748,0.22221391095598106,0.1832603370412867,0.020890313576965334,0.0008068184528905036,0.22873193077177706,0.7495709371983671,1.0,0.6123407528125221,0.6159365152230988,2.7600948628677227,0.036768933610512505,0.89723516926673,0.24787518245480417,5.758902244620027,133.57710131835597,-2.8976820942716586e-14,1.1102230246251565e-16,6.661338147750939e-16,-1.1102230246251565e-16,0.0,-2.5638460104948635e-11,-5.200043347308725e-11,-2.7255777496071332e-11,2.379010703712492e-11
equilibrium_sigma_1_50,106.0,174.2921879990614,2.7878695574829355,0.7159655356063788,1.272,1.2131993685379552,0.685629899737393,1.5016727463674862,0.8681728244748022,-0.2553617685668954,0.298845835960889,-0.7159655356063788,-1.6447192651743436,-2.3606848007807226,-3.8526071848266525,1.2660336832971684,-5.601409138772892,-4.308946678947777,0.22967274636748614,-0.05880063146204484,1.5158695574829355,0.013208760053626215,0.011015592350197261,0.01318549545288069,0.0011854954528806895,0.01079465199062049,0.013406565764206846,0.0014065657642068456,0.0009803556266785307,0.27631968319054756,0.03986539150235276,0.0911854954528807,0.041185495452880694,0.005948553579695659,0.9940514464203043,0.08654691786883191,0.6375292043174933,0.2222138163636861,0.1834059357909361,0.021018389223135904,0.000822565959071243,0.22875228910145365,0.7494067557163392,1.0,0.6120135650278825,0.6156759463826698,2.7588429520702302,0.03696804574898147,0.9047674668329104,0.25000505979638404,5.7477125251619245,134.57150456218028,-2.7977620220553945e-14,3.3306690738754696e-16,-4.440892098500626e-16,0.0,0.0,-1.1376953198971584e-11,-2.1952920384316066e-11,-1.1943397659752719e-11,1.005800304154647e-11
equilibrium_sigma_1_50,107.0,173.2921879990614,2.8010874730827706,0.7270374017608345,1.284,1.2263939427449575,0.6964233539013941,1.5150904334231976,0.8816889064266915,-0.25437340424654464,0.28731318449170495,-0.7270374017608345,-1.6140517983629448,-2.341089200123779,-3.8217277878465534,1.277919626424265,-5.568553013152091,-4.277704591867837,0.23109043342319757,-0.05760605725504253,1.5170874730827706,0.013227133374485084,0.011128345940458723,0.013203713531727605,0.001203713531727605,0.010792247638752191,0.0134288842601471,0.0014288842601471,0.0009964302527531999,0.27637488949008365,0.04026540168316561,0.09120371353172761,0.04120371353172761,0.006061925513632458,0.9939380744863675,0.08704313481747299,0.6373621446114508,0.22221371969734216,0.18355400765581886,0.021148640943458766,0.0008387117732488554,0.22877307519196197,0.7492395720913303,1.0,0.6116810996722931,0.6154116794332369,2.757572010590347,0.03717025938424813,0.9124429849164165,0.25217632912227667,5.736362079266603,135.5657973612042,-2.6867397195928788e-14,-1.1102230246251565e-16,-4.440892098500626e-16,-1.1102230246251565e-16,0.0,5.996808952191124e-12,1.1039667444090462e-11,6.2263093986159035e-12,-5.069479558361678e-12
equilibrium_sigma_1_50,108.0,172.2921879990614,2.8143239499310417,0.7382226417717924,1.296,1.2396069180387281,0.7072143765506614,1.528530668530831,0.895229500079981,-0.2533687921759389,0.2756599115914611,-0.7382226417717924,-1.5831818331777732,-2.3214044749495657,-3.7907489351835757,1.289802764153162,-5.535564936347901,-4.246356786781936,0.23253066853083104,-0.05639308196127191,1.5183239499310417,0.01324588381036508,0.011242342382924266,0.013222298935044625,0.0012222989350446252,0.010789787895184571,0.01345166370625428,0.0014516637062542796,0.0010128525473884764,0.27643120889407463,0.0406695844072809,0.09122229893504463,0.04122229893504463,0.006178072587615239,0.9938219274123847,0.08754739076261621,0.6371923784432525,0.22221362089879376,0.18370460862777424,0.021281116612776808,0.000855268070963012,0.22879429592409084,0.7490693193921694,1.0,0.6113432481890471,0.6151436503124883,2.7562816781773747,0.03737563519817605,0.9202649601791875,0.2543899554451903,5.724848013137532,136.55997743700556,-2.631228568361621e-14,1.1102230246251565e-16,-2.220446049250313e-16,0.0,0.0,2.4429493150623927e-11,4.301068529111163e-11,2.5120685046009505e-11,-1.9809780552049183e-11
equilibrium_sigma_1_50,109.0,171.2921879990614,2.8275793689935527,0.7495225054741133,1.308,1.2528386657314539,0.7180029090804174,1.5419939182156532,0.9087951141011655,-0.2523475803781572,0.26388462365160303,-0.7495225054741133,-1.5521068337513455,-2.3016293392254585,-3.7596699093906416,1.3016830139731304,-5.502443486959404,-4.214902401941627,0.23399391821565318,-0.05516133426854619,1.5195793689935526,0.013265019125867958,0.011357595653746175,0.013241259692445724,0.0012412596924457238,0.01078726632393601,0.013474915313560487,0.0014749153135604869,0.0010296311758750676,0.276488665734684,0.04107797917707347,0.09124125969244573,0.04124125969244573,0.006297075816870973,0.993702924183129,0.08805985178953167,0.6370198498975244,0.22221351990791982,0.1838577961824816,0.02141586540777974,0.0008722474466857923,0.22881595872207108,0.7488959284234634,1.0,0.6109998993010137,0.6148717936029872,2.7549715865114313,0.037584235291206476,0.9282367096565396,0.2566469293388899,5.713167380934371,137.55404241588255,-2.531308496145357e-14,4.440892098500626e-16,1.1102230246251565e-16,0.0,0.0,4.144766994895743e-11,6.992167261854476e-11,4.225678140734601e-11,-3.231832856886996e-11
equilibrium_sigma_1_50,110.0,170.2921879990614,2.8408541191904693,0.7609382567089898,1.32,1.2660895653279742,0.7287888864209586,1.5554806604168525,0.9223862702746234,-0.25130940804520097,0.25198590962775413,-0.7609382567089898,-1.5208242275005024,-2.281762484209492,-3.728490004637303,1.313560290688766,-5.469187237540152,-4.183340583269923,0.23548066041685245,-0.05391043467202583,1.5208541191904692,0.013284547465178945,0.011474119789000809,0.013260604160325005,0.0012606041603250052,0.01078467643050253,0.01349865070610079,0.0014986507061007896,0.001046775142121703,0.2765472853343182,0.04149062528359205,0.09126060416032501,0.04126060416032501,0.006419018820633114,0.9935809811793669,0.08858068816249959,0.6368445016519585,0.22221341666255723,0.1840136293367967,0.02155293784895608,0.000889662929425821,0.2288380715387396,0.7487193276828785,1.0,0.6106509389311252,0.6145960424949872,2.7536413590015205,0.03779612321991864,0.9363616328059188,0.2589482676436865,5.701317183122393,138.54798982877313,-2.4313884239290928e-14,4.440892098500626e-16,5.551115123125783e-16,0.0,0.0,5.415592280177961e-11,8.767739312354195e-11,5.4793685214105103e-11,-4.068542031054889e-11
equilibrium_sigma_1_50,111.0,169.2921879990614,2.8541485977751107,0.7724711733808719,1.332,1.2793600048536957,0.7395722369781538,1.5689913848863712,0.9360035039113206,-0.2502539052144901,0.23996234088939694,-0.7724711733808719,-1.4893314045070372,-2.261802577887909,-3.6972085273526947,1.3254345063286288,-5.435794754594122,-4.151670484851851,0.23699138488637117,-0.05263999514630435,1.5221485977751106,0.013304477350833607,0.011591928878640429,0.013280341024356997,0.0012803410243569964,0.010782011660096659,0.013522881886496307,0.0015228818864963072,0.0010642937531279983,0.27660709401320305,0.04190756177094692,0.091280341024357,0.041280341024357,0.006543987908852125,0.9934560120911479,0.08911007444703606,0.6366662749361645,0.22221331109842044,0.1841721687074895,0.02169238584400393,0.0009075279989347976,0.22886064284313673,0.7485394433139245,1.0,0.6102962501204857,0.6143163287480233,2.7522906105792457,0.03801136403551022,0.9446432135978136,0.26129501419258466,5.689294364854794,139.54181711088762,-2.4091839634365897e-14,3.3306690738754696e-16,4.440892098500626e-16,0.0,0.0,5.923025785115055e-11,9.214258522849406e-11,5.951986646601792e-11,-4.293909845742849e-11
equilibrium_sigma_1_50,112.0,168.2921879990614,2.8674632107121627,0.7841225475081561,1.344,1.292650381185469,0.7503528825727329,1.5825265935969954,0.9496473642716146,-0.24918069243878227,0.2278124710733176,-0.7841225475081561,-1.4576257168971294,-2.2417482644052855,-3.6658247968903996,1.337305570050857,-5.4022645985804125,-4.119891269442678,0.23852659359699535,-0.05134961881453104,1.5234632107121626,0.013324817683770765,0.01171103706005863,0.013300479302925099,0.0013004793029250984,0.010779265396985177,0.013547621291465362,0.0015476212914653613,0.0010821966678342676,0.276668119099773,0.04232882739856035,0.0913004793029251,0.0413004793029251,0.006672072171649807,0.9933279278283502,0.08964818963579983,0.6364851094892807,0.22221320314901777,0.18433347657151655,0.021834262732761657,0.0009258566025404632,0.2288836816103642,0.7483561990543336,0.9999999999999999,0.609935712944014,0.6140325826512075,2.7509189474880342,0.038230024323224227,0.9530850226491286,0.263688240558499,5.677095814384134,140.53552160106986,-2.4202861936828413e-14,7.771561172376096e-16,2.220446049250313e-16,2.220446049250313e-16,0.0,5.290359296472591e-11,7.916079250436248e-11,5.2836511207909886e-11,-3.7052905882406506e-11
equilibrium_sigma_1_50,113.0,167.2921879990614,2.8807983730565416,0.7958936852672412,1.356,1.3059611003863398,0.7611307383794464,1.5960868011605007,0.9633184150027493,-0.2480893804488633,0.21553483594113754,-0.7958936852672412,-1.4257044782191683,-2.2215981634864095,-3.6343381462149464,1.3491733880456689,-5.3685953239251205,-4.088002108993198,0.24008680116050063,-0.05003889961366026,1.5247983730565415,0.0133455777445953,0.011831458511258856,0.013321028351442006,0.0013210283514420058,0.01077643096490001,0.013572881771839462,0.001572881771839462,0.0011004938771375095,0.27673038894376367,0.04275446060122876,0.09132102835144201,0.04132102835144201,0.006803363571588028,0.9931966364284119,0.09019521727831104,0.636300943516302,0.22221309274556433,0.18449761692795144,0.021978623333721286,0.0009446631726308786,0.22890719731351297,0.7481695161801348,0.9999999999999999,0.6095692044235316,0.6137447329821564,2.7495259670677754,0.03845217224274711,0.9616907193992473,0.2661290468229616,5.6647183615002445,141.5291005408998,-2.2537527399890678e-14,-5.551115123125783e-16,-5.551115123125783e-16,0.0,0.0,3.094741823916891e-11,4.457520290379602e-11,3.073700322042683e-11,-2.0958229943190965e-11
equilibrium_sigma_1_50,114.0,166.2921879990614,2.8941545093340992,0.8077859070295627,1.368,1.3192925780450553,0.7719057128671607,1.6096725352566996,0.9770172345917117,-0.24697956980831548,0.20312795324124377,-0.8077859070295627,-1.3935649628195106,-2.2013508698490734,-3.60274792260976,1.361037863434664,-5.334785479038841,-4.056002185191546,0.24167253525669952,-0.04870742195494482,1.5261545093340991,0.013366767195992946,0.011953207443614805,0.013341997867533033,0.0013419978675330325,0.010773501628503126,0.013598676610326876,0.001598676610326876,0.0011191957227651983,0.2767939329319183,0.04318449944694012,0.09134199786753304,0.04134199786753304,0.006937957038821601,0.9930620429611784,0.0907513456146158,0.6361137136430793,0.22221297981689092,0.18466465556170847,0.02212552399218978,0.0009639626448158727,0.22893119991751762,0.7479793134454766,1.0,0.6091965984382073,0.6134527069644756,2.74811125753478,0.038677877569602795,0.9704640543289091,0.2686185623667536,5.652158775991757,142.5225510735483,-2.1871393585115584e-14,4.440892098500626e-16,-6.661338147750939e-16,0.0,0.0,-1.0280970519360721e-11,-1.4343104828840048e-11,-1.0361064436970047e-11,6.950365630253863e-12
equilibrium_sigma_1_50,115.0,165.2921879990614,2.90753205392613,0.8198005473922843,1.3800000000000001,1.332645239621958,0.7826777077404331,1.6232843370746037,0.9907444168342998,-0.24585085055938727,0.1905903225743173,-0.8198005473922843,-1.3612044052135581,-2.1810049526058424,-3.5710534884065837,1.3728988961668338,-5.3008336063378065,-4.023890690021065,0.24328433707460362,-0.047354760378042204,1.52753205392613,0.013388396086131099,0.012076298094206425,0.01336339789701712,0.0013633978970171191,0.010770470595841106,0.013625019541496641,0.001625019541496641,0.0011383129061570685,0.2768587815061125,0.0436189815923892,0.09136339789701713,0.04136339789701712,0.007075950569203889,0.9929240494307962,0.09131676771309813,0.6359233548699236,0.22221286428934867,0.1848346601092416,0.022275022630182315,0.0009837704767925314,0.2289556998744922,0.747785507018533,1.0,0.6088177656322241,0.6131564302236764,2.7466743977568293,0.03890721173759343,0.9794088712221064,0.2711579466828294,5.639413766125204,143.515870242406,-2.042810365310288e-14,5.551115123125783e-16,1.1102230246251565e-16,0.0,0.0,-4.684809484789554e-11,-6.298226523648864e-11,-4.70033352517607e-11,3.067139077439496e-11
equilibrium_sigma_1_50,116.0,164.2921879990614,2.920931451458134,0.831938955201246,1.3920000000000001,1.346019520801634,0.793446617883929,1.6369227617662168,1.004500571320944,-0.24470280185956161,0.1779204252638058,-0.831938955201246,-1.328619999453694,-2.16055895465494,-3.5392542217363054,1.384756382911193,-5.266738242267876,-3.9916668263339306,0.24492276176621663,-0.04598047919836623,1.5289314514581338,0.013410474853053023,0.012200744717722985,0.013385238840694057,0.0013852388406940565,0.010767331021811384,0.013651924765101242,0.0016519247651012418,0.0011578565051184597,0.2769249661839214,0.04405794423612852,0.09138523884069406,0.04138523884069406,0.007217445325413505,0.9927825546745865,0.09189168161252811,0.6357298005237823,0.2222127460867099,0.18500770012630383,0.02242717879810494,0.0010041026679422189,0.22898070812054763,0.7475880104134052,1.0,0.6084325733196061,0.6128558267414739,2.745214957023316,0.0391402478822889,0.988529109470585,0.2737483902119637,5.626479977143178,144.5090549894859,-2.0317081350640365e-14,-2.220446049250313e-16,-2.220446049250313e-16,0.0,0.0,-6.778046006405969e-11,-8.782301275100934e-11,-6.772759783557625e-11,4.296858702179662e-11
equilibrium_sigma_1_50,117.0,163.2921879990614,2.9343531571912433,0.8442024935623004,1.4040000000000001,1.3594158678503414,0.804212331312522,1.6505883789124716,1.0182863239393452,-0.2435349916092684,0.16511672423534085,-0.8442024935623004,-1.2958088985008143,-2.1400113920631147,-3.5073495172998124,1.3966102169459345,-5.232497917330797,-3.959329808439163,0.24658837891247143,-0.04458413214965873,1.5303531571912432,0.013433014330427831,0.012326561577941255,0.01340753146204219,0.0014075314620421893,0.010764076012787283,0.013679406940525496,0.0016794069405254956,0.0011778379516158566,0.27699251958194604,0.044501424069304296,0.0914075314620422,0.041407531462042194,0.0073625457411798535,0.9926374542588201,0.0924762904682959,0.635532982209007,0.22221262513006473,0.1851838471577475,0.022582053728247228,0.0010249757796883716,0.22900623607512866,0.7473867344169357,1.0,0.6080408853862417,0.6125508188085166,2.743732494810932,0.03937706088551102,0.9978288064204242,0.2763911152018392,5.613353989791986,145.50210215356847,-1.8762769116165146e-14,0.0,0.0,-1.1102230246251565e-16,0.0,-7.434914836568218e-11,-9.284641458440213e-11,-7.401190424416448e-11,4.5622245564702624e-11
equilibrium_sigma_1_50,118.0,162.2921879990614,2.947797637420829,0.8565925398456408,1.416,1.3728347379826007,0.8149747291256436,1.664281773003939,1.03210231739562,-0.24234697606861522,0.15217766390013177,-0.8565925398456408,-1.262768213588938,-2.1193607534345786,-3.4753387871599295,1.4084602880440187,-5.198111156109608,-3.926878862705193,0.24828177300393905,-0.04316526201739923,1.531797637420829,0.01345602575411986,0.012453762938742759,0.01343028689565743,0.0014302868956574295,0.010760698632198525,0.013707481223423912,0.0017074812234239116,0.0011982690906187088,0.27706147544138615,0.044949457223898384,0.09143028689565744,0.041430286895657434,0.007511359628667084,0.9924886403713329,0.09307080270325725,0.63533282975657,0.22221250133771225,0.1853631748097142,0.022739710390234966,0.001046406956644975,0.22903229564134883,0.7471815870117713,1.0,0.6076425621888175,0.6122413269752612,2.742226560544074,0.039617727420947386,1.0073120997611242,0.27908737658977784,5.600032318861278,146.49500846814462,-1.8540724511240114e-14,-1.1102230246251565e-16,-5.551115123125783e-16,0.0,0.0,-6.822012399432253e-11,-8.209997265362645e-11,-6.767465580981291e-11,4.049733638711306e-11
equilibrium_sigma_1_50,119.0,161.2921879990614,2.9612653698823146,0.8691104856812135,1.428,1.3862765997368232,0.825733685467553,1.6780035439366672,1.0459492117544826,-0.24113829946290277,0.13910167004426688,-0.8691104856812135,-1.2294950135854794,-2.098605499266693,-3.443221461554164,1.420306482355111,-5.163576477292418,-3.894313228176461,0.25000354393666724,-0.04172340026317678,1.5332653698823147,0.013479520769670336,0.012582363054664907,0.013453516656467206,0.0014535166564672054,0.010757191907119767,0.013736163275712698,0.001736163275712698,0.0012191621556745247,0.27713186865596123,0.045402079218413466,0.09145351665646721,0.04145351665646721,0.00766399828908434,0.9923360017109156,0.09367543216326821,0.6351292711716997,0.2222123746250479,0.18554575882429367,0.022900213548501244,0.001068413948586594,0.22905889920756634,0.7469724732953459,1.0,0.6072374604506102,0.6119272700009416,2.7406966933501518,0.039862326000888446,1.0169832299564212,0.2818384629095981,5.586511411739551,147.48777055914792,-1.7319479184152442e-14,0.0,-4.440892098500626e-16,0.0,0.0,-5.1468249800956656e-11,-5.967847917232039e-11,-5.089184629269994e-11,2.95350566920094e-11
equilibrium_sigma_1_50,120.0,160.2921879990614,2.9747568441649337,0.8817577369444478,1.44,1.3997419333605436,0.836489067494704,1.6917543075239194,1.0598276849992407,-0.23990849357634247,0.12588714972459036,-0.8817577369444478,-1.1959863243474644,-2.077744061291912,-3.410996989728074,1.4321486822837697,-5.1288923936932065,-3.8616321572035184,0.2517543075239195,-0.0402580666394563,1.5347568441649337,0.013503511440701402,0.012712376160975855,0.013477232649726147,0.0014772326497261463,0.010753548835883434,0.013765469271120878,0.001765469271120878,0.0012405297933337778,0.27720373530220044,0.04585932490093305,0.09147723264972615,0.04147723264972615,0.00782057662658775,0.9921794233734123,0.09429039827754705,0.6349222325798926,0.22221224490444508,0.1857316771567836,0.023063629821854552,0.001091015133272214,0.22908605965021178,0.7467592953946615,1.0,0.6068254331540435,0.6116085648005434,2.739142421809676,0.04011093702410196,1.026846542716125,0.2846456972230604,5.572787646985948,148.48038494247618,-1.7319479184152442e-14,3.3306690738754696e-16,3.3306690738754696e-16,0.0,0.0,-2.659501958934829e-11,-2.970241934352469e-11,-2.6218208160067036e-11,1.473920811789764e-11
equilibrium_sigma_1_50,121.0,159.2921879990614,2.988272562134339,0.8945357137318164,1.452,1.4132312312060342,0.8472407353512373,1.7055346960246904,1.0737384336124756,-0.2386570773333334,0.11253249117159703,-0.8945357137318164,-1.1622391280734354,-2.056774841805252,-3.378664840789183,1.4439867663637953,-5.094057412268297,-3.8288349160861435,0.2535346960246905,-0.038768768793965735,1.536272562134339,0.013528010258224782,0.012843816463262013,0.0135014471817946,0.0015014471817945997,0.01074976239672537,0.013795415934048094,0.001795415934048094,0.0012623850831339212,0.27727711267210486,0.04632122838948673,0.0915014471817946,0.041501447181794604,0.007981213265537329,0.9920187867344626,0.09491592622402605,0.6347116381712445,0.2222121120851317,0.1859210100556888,0.023230027745228806,0.0011142295401562134,0.22911379033779136,0.7465419523768236,0.9999999999999999,0.6064063294299025,0.6112851263896694,2.7375632637011758,0.04036364282486864,1.036906491508162,0.2875104380763456,5.558857332918507,149.4728480213044,-1.6209256159527285e-14,-1.1102230246251565e-16,-1.1102230246251565e-16,0.0,0.0,3.446189514311193e-12,3.7054786322654465e-12,3.3876772914664954e-12,-1.8423058217864607e-12
equilibrium_sigma_1_50,122.0,158.2921879990614,3.001813038364955,0.9074458503257395,1.464,1.4267449981370868,0.8579885421536344,1.7193453586899023,1.0876821731783093,-0.23738355636663755,0.0990360636997174,-0.9074458503257395,-1.1282503626507148,-2.0356962129764544,-3.3462245045813925,1.4558206091286525,-5.0590700341271155,-3.7959207857290123,0.2553453586899024,-0.037255001862913195,1.537813038364955,0.013553030150840611,0.01297669812651656,0.013526172971705087,0.0015261729717050872,0.010745825557473623,0.013826020524021487,0.001826020524021487,0.0012847415287176034,0.27735203930819724,0.04678782300964689,0.0915261729717051,0.04152617297170509,0.008146030671169409,0.9918539693288306,0.09555224709985899,0.6344974101430474,0.22221197607306103,0.18611384014561336,0.023399477833705818,0.0011380768750210376,0.22914210513599162,0.7463203401552815,0.9999999999999999,0.6059799944430944,0.6109568678271762,2.735958725740786,0.0406205277231997,1.047167640109814,0.2904340804820093,5.544716706219091,150.4651560831902,-1.4988010832439613e-14,-2.220446049250313e-16,-6.661338147750939e-16,0.0,0.0,3.522240311915059e-11,3.644647084133368e-11,3.453444301360076e-11,-1.814100432373511e-11
equilibrium_sigma_1_50,123.0,157.2921879990614,3.015378800582968,0.9204895951483251,1.476,1.4402837519477543,0.8687323339855851,1.733186962327213,1.1016596390072142,-0.2360874225717733,0.08539621762544658,-0.9204895951483251,-1.0940169209977955,-2.0145065161461204,-3.3136754925798177,1.4676500809778699,-5.023928754535811,-3.762889062309433,0.25718696232721294,-0.035716248052245714,1.539378800582968,0.013578584495819404,0.013111035263718035,0.013551423163524763,0.0015514231635247629,0.010741731286294895,0.013857300896757963,0.0018573008967579623,0.0013076131011313663,0.2774285550409841,0.047259141229283916,0.09155142316352477,0.04155142316352477,0.008315155273742785,0.9916848447262572,0.09619959809725295,0.6342794686405915,0.22221183677077688,0.1863102525131954,0.023572052648901897,0.0011625775455674525,0.22917101841382923,0.7460943513917014,1.0,0.6055462692748405,0.6106237001554605,2.7343283033165147,0.040881678076257574,1.05763466519694,0.2934180569268421,5.530361930555679,151.45730529697147,-1.4099832412739488e-14,-1.1102230246251565e-16,-1.1102230246251565e-16,0.0,0.0,6.478674888232838e-11,6.447423150923726e-11,6.336468329204425e-11,-3.2097241531303666e-11
equilibrium_sigma_1_50,124.0,156.2921879990614,3.028970390120822,0.9336684107034312,1.488,1.4538480237938516,0.879471949904128,1.7470601918853892,1.1156715867843552,-0.2347681536469528,0.0716112841937313,-0.9336684107034312,-1.0595356504015292,-1.9932040611049604,-3.2810173388060115,1.4794750480393326,-4.988632062912366,-3.7297390579566594,0.2590601918853892,-0.034151976206148404,1.540970390120822,0.013604687131060389,0.01324684192388797,0.013577211339525809,0.0015772113395258087,0.010737472563514008,0.01388927548973129,0.0018892754897312895,0.001331014234384753,0.2775067010288661,0.047735214590403856,0.09157721133952582,0.04157721133952581,0.008488717596213351,0.9915112824037866,0.09685822268480115,0.634057731696117,0.22221169407727256,0.18651033479624143,0.023747826867816707,0.0011877526879994593,0.22920054505078155,0.7458638753934024,1.0000000000000002,0.6051049908011832,0.6102855323382573,2.7326714802171295,0.041147182331000065,1.0683123589697474,0.2964638384060604,5.515789095223034,152.44929170945576,-1.4210854715202004e-14,1.1102230246251565e-16,-7.771561172376096e-16,0.0,0.0,8.764161445184993e-11,8.382582995791754e-11,8.551829557001955e-11,-4.169390006858453e-11
equilibrium_sigma_1_50,125.0,155.2921879990614,3.0425883623841123,0.9469837735065223,1.5,1.4674383586380317,0.8902072219581518,1.7609657510592465,1.1297187932425214,-0.23342521261784932,0.057679575513073456,-0.9469837735065223,-1.0248033518488393,-1.9717871253553616,-3.248249600763586,1.49129537202738,-4.953178442811733,-3.696470101442308,0.26096575105924646,-0.03256164136196826,1.5425883623841123,0.01363135236792938,0.013384132079616688,0.013603551534179338,0.0016035515341793379,0.010733042394526233,0.013921963355478795,0.0019219633554787945,0.0013549598365525384,0.27758651980054344,0.04821607363799114,0.09160355153417934,0.04160355153417934,0.008666852385488078,0.991333147614512,0.09752837079449564,0.6338321151658531,0.22221154788784342,0.18671417727623094,0.023926877354244678,0.0012136241946423402,0.22923070044485933,0.7456287980062536,1.0,0.6046559915676879,0.6099422711958113,2.730987728355615,0.041417131078067396,1.0792056318134395,0.29957293548423936,5.500994213802743,153.4411112418993,-1.2878587085651816e-14,-4.440892098500626e-16,-1.3322676295501878e-15,0.0,0.0,9.869346138946522e-11,9.065549873288337e-11,9.609069616389743e-11,-4.499698703919197e-11
equilibrium_sigma_1_50,126.0,154.2921879990614,3.0562332873317333,0.960437174001787,1.512,1.4810553157092665,0.9009379752203558,1.7749043629161605,1.1438020568607292,-0.23205804734649949,0.0435993844997844,-0.960437174001787,-0.9898167793526391,-1.950253953354426,-3.21537186039413,1.503110910096623,-4.917566371899579,-3.6630815388813525,0.2629043629161605,-0.030944684290733493,1.5442332873317333,0.01365859500497621,0.013522919614046811,0.013630458248991235,0.0016304582489912352,0.010728433823823293,0.013955384190467157,0.001955384190467157,0.0013794653286325342,0.27766805529997346,0.04870174784577786,0.09163045824899124,0.04163045824899124,0.00884969874730571,0.9911503012526943,0.098210299014605,0.6336025326650829,0.2222113980939324,0.1869218729743486,0.024109283232854942,0.0012402147426336901,0.22926150052156286,0.7453890015029485,1.0,0.6041990996602146,0.6095938213372684,2.7292765074871714,0.04169161710693041,1.0903195149918214,0.3027468993833893,5.485973222844693,154.4327596862731,-1.2434497875801753e-14,5.551115123125783e-16,-5.551115123125783e-16,0.0,0.0,9.220538048360094e-11,8.127112698097516e-11,8.95873462219976e-11,-4.0200802756129583e-11
equilibrium_sigma_1_50,127.0,153.2921879990614,3.06990574997018,0.9740301164659659,1.524,1.4946994689775883,0.9116640278337947,1.7888767705452286,1.1579221985896557,-0.23066609002358973,0.029368984831880773,-0.9740301164659659,-0.9545726392716443,-1.9286027557376102,-3.182383725053458,1.5149215146913968,-4.881794321913086,-3.6295727344431654,0.2648767705452286,-0.029300531022411702,1.54590574997018,0.013686430342540218,0.013663218307304641,0.013657946468202113,0.001657946468202113,0.01072363995015636,0.013989558347304865,0.0019895583473048643,0.001404546636774029,0.2777513529339458,0.04919226553886129,0.09165794646820212,0.04165794646820212,0.009037400284785911,0.990962599715214,0.09890427078860807,0.6333688955011686,0.22221124458296887,0.1871335177512331,0.02429512596604915,0.0012675478237286777,0.22929296174368582,0.7451443644665364,1.0,0.6037341385716325,0.6092400850901292,2.727537264921764,0.041970735462318255,1.1016591633716415,0.30598732309855226,5.4707219805713905,155.4242327013128,-1.199040866595169e-14,-1.1102230246251565e-16,-5.551115123125783e-16,0.0,0.0,6.17444671779932e-11,5.217326397299882e-11,5.987313943245365e-11,-2.5679985915516568e-11
equilibrium_sigma_1_50,128.0,152.2921879990614,3.0836063508628966,0.9877641188983349,1.536,1.5083714076449655,0.9223851910741575,1.8028837377301858,1.1720800626051195,-0.22924875664337252,0.014986630913070176,-0.9877641188983349,-0.9190675896237246,-1.9068317085220596,-3.1492848285081894,1.5267270333907752,-4.845860758607384,-3.5959430710721314,0.2668837377301858,-0.027628592355034565,1.5476063508628966,0.013714874198257301,0.013805041822369087,0.01368603167537668,0.0016860316753766792,0.010718653942862002,0.014024506869159126,0.0020245068691591254,0.0014302202344662618,0.2778364596223536,0.049687653813086485,0.09168603167537669,0.041686031675376684,0.00923010524068327,0.9907698947593168,0.09961055662037724,0.633131112604473,0.22221108723819988,0.18734921041061775,0.024484489433712123,0.001295647775262174,0.22932510112193735,0.7448947616690884,1.0000000000000002,0.6032609270643472,0.6088809624265933,2.7257694352311583,0.042254583501940626,1.1132298581751583,0.3092958425412808,5.4552362656076365,156.4155258083477,-1.099120794378905e-14,1.1102230246251565e-16,-9.992007221626409e-16,-1.1102230246251565e-16,0.0,1.204574634483535e-13,9.754176633069989e-14,1.1662198984296879e-13,-4.774132478235771e-14
equilibrium_sigma_1_50,129.0,151.2921879990614,3.0973357066563394,1.0016407128968832,1.548,1.5220717366539183,0.9331012694286882,1.816926049647559,1.1862765170909957,-0.227805446460152,0.000450557846680244,-1.0016407128968832,-0.883298239391018,-1.8849389522879012,-3.116074831952928,1.538527308749066,-4.809764141685682,-3.5621919512174034,0.26892604964755895,-0.02592826334608178,1.5493357066563394,0.01374394292337501,0.013948403690365116,0.013714729870872154,0.0017147298708721538,0.010713469059331578,0.014060251499747878,0.0020602514997478776,0.001456503129215747,0.2779234238511277,0.05018793845112065,0.09171472987087216,0.04171472987087216,0.009427966643373802,0.9905720333566262,0.10032943428585776,0.6328890904570946,0.22221092593851335,0.18756905280710412,0.02467746001598655,0.0013245398123119295,0.22935793622605935,0.7446400639456421,1.0,0.6027792790284753,0.6085163508865815,2.7239724399503746,0.04254326095553814,1.1250370097580846,0.3126741377112015,5.43951177573474,157.40663438691624,-1.0880185641326534e-14,0.0,-1.5543122344752192e-15,0.0,0.0,-6.520902047502108e-11,-5.051495506613879e-11,-6.44171747193889e-11,2.5327245509187968e-11
equilibrium_sigma_1_50,130.0,150.2921879990614,3.111094450624575,1.0156614435205955,1.56,1.535801077215839,0.9438120606926308,1.8310045135916737,1.2005124550530806,-0.22633554142517442,-0.014241018580500198,-1.0156614435205955,-0.8472611478151173,-1.8629225913357128,-3.082753425048731,1.5503221781317291,-4.773502924711529,-3.5283187975718278,0.27100451359167366,-0.024198922784161025,1.551094450624575,0.0137736534197333,0.014093317295266588,0.013744057590173255,0.0017440575901732543,0.010708078663599237,0.014096814734410046,0.0020968147344100456,0.0014834129180574251,0.27801229572779773,0.050693143835139495,0.09174405759017326,0.04174405759017326,0.009631142456590473,0.9903688575434095,0.10106118905148777,0.6326427330193325,0.2222107605582535,0.18779314995831903,0.024874126679206892,0.0013542500611079086,0.2293914851959432,0.7443801380637419,0.9999999999999999,0.6022890033355032,0.6081461454972131,2.7221456872734633,0.042836869985289905,1.1370861604094338,0.31612393389573357,5.42354412666856,158.39755367017585,-9.769962616701378e-15,2.220446049250313e-16,-6.661338147750939e-16,0.0,0.0,-1.0438850131522237e-10,-7.719463610000865e-11,-1.0295331948073638e-10,3.830625053269365e-11
equilibrium_sigma_1_50,131.0,149.2921879990614,3.1248832332272976,1.0298278691325642,1.572,1.549560067353967,0.9545173560868238,1.8451199597249774,1.2147887951641332,-0.22483840560548063,-0.029089901898980308,-1.0298278691325642,-0.8109528236929682,-1.8407806928255324,-3.0493203269796485,1.562111473546618,-4.737075555003059,-3.4943230538170726,0.2731199597249774,-0.022439932646033167,1.5528832332272975,0.01380402315833383,0.014239795858037996,0.01377403192342972,0.0017740319234297204,0.010702476246445308,0.014134219823436212,0.0021342198234362113,0.0015109677808933242,0.2781031270406961,0.05120329285601388,0.09177403192342973,0.041774031923429725,0.009839795732953339,0.9901602042670467,0.10180611389924081,0.6323919416539223,0.22221059096702717,0.1880216101613004,0.025074581065034143,0.0013848055937367423,0.22942576675521198,0.7441148465860171,1.0,0.6017899036875086,0.6077702386887744,2.720288571744418,0.04313551524745719,1.1493829871702093,0.31964700289941156,5.407328850890361,159.38827874000728,-9.769962616701378e-15,1.1102230246251565e-16,-9.992007221626409e-16,0.0,0.0,-1.1967322098571653e-10,-8.436418404145218e-11,-1.178456447009646e-10,4.132845107807093e-11
equilibrium_sigma_1_50,132.0,148.2921879990614,3.138702722687916,1.0441415612282157,1.584,1.5633493624674695,0.9652169403953412,1.8592732418576312,1.229106482642715,-0.22331338458161332,-0.04409791494658233,-1.0441415612282157,-0.774369724661875,-1.8185112858900907,-3.0157752875300834,1.5738950214705065,-4.70048047350576,-3.4602041853762486,0.27527324185763113,-0.020650637532530602,1.554702722687916,0.013835070198725555,0.014387852420172601,0.013804670535956597,0.0018046705359565964,0.010696655446708878,0.014172490812036642,0.002172490812036642,0.001539186513799251,0.2781959713210806,0.05171840681893565,0.0918046705359566,0.0418046705359566,0.010054094771277172,0.9899459052287228,0.1025645097588383,0.6321366150478578,0.22221041702950145,0.1882545451136779,0.025278917583015228,0.00141623446418905,0.2294608002250692,0.7438440477277265,1.0,0.6012817784615783,0.6073885202067225,2.7184004739424874,0.04343930395540642,1.1619333046668012,0.3232451643020938,5.390861396509416,160.37880452189242,-9.103828801926284e-15,-2.220446049250313e-16,-1.5543122344752192e-15,0.0,0.0,-1.1382205594712147e-10,-7.637841921426247e-11,-1.119194771581622e-10,3.6828675525901744e-11
equilibrium_sigma_1_50,133.0,147.2921879990614,3.152553605592105,1.0586041042473593,1.596,1.577169635917244,0.9759105921247309,1.8734652382574377,1.2434664901672285,-0.22175980482354052,-0.059266899846479815,-1.0586041042473593,-0.7375082564745761,-1.7961123607219354,-2.982118088182853,1.5856726426708507,-4.6637161146423844,-3.4259616801733452,0.27746523825743763,-0.018830364082756068,1.556553605592105,0.01386681320928472,0.014537499826623581,0.013835991689767548,0.0018359916897675473,0.010690610073877959,0.014211652574758205,0.0022116525747582043,0.0015680885445679138,0.2782908839083865,0.05223850534539727,0.09183599168976755,0.04183599168976755,0.010274213277654416,0.9897257867223456,0.10333668574731379,0.6318766491317377,0.22221023860519173,0.18849207003983073,0.025487233506697793,0.0014485657458000551,0.22949660553850448,0.7435675952089976,1.0,0.6007644205492997,0.6070008770195215,2.7164807601619776,0.04374834594400244,1.174743067954465,0.32692028674629786,5.3741371261641975,161.3691257795492,-8.43769498715119e-15,0.0,-1.5543122344752192e-15,0.0,0.0,-9.014635739268417e-11,-5.7488154861506935e-11,-8.851599661574561e-11,2.719026045983064e-11
equilibrium_sigma_1_50,134.0,146.2921879990614,3.1664365875071336,1.0732170953688658,1.608,1.5910215796337932,0.9865980836865069,1.8876968524912057,1.2578698188266442,-0.22017697304416317,-0.07459871797209616,-1.0732170953688658,-0.7003647722652075,-1.7735818676340733,-2.9483485432375818,1.5974441520227283,-4.626780906138359,-3.3915950493984974,0.27969685249120557,-0.016978420366206892,1.5584365875071335,0.013899271488531956,0.014688750708126617,0.013868014266222271,0.001868014266222271,0.010684334132036535,0.01425173084323994,0.00225173084323994,0.001597693962684943,0.27838792201885537,0.05276360627143781,0.09186801426622228,0.041868014266222275,0.010500330530303597,0.9894996694696964,0.10412295941612044,0.6316119369965727,0.22221005554823964,0.18873430382222578,0.02569962907343789,0.0014818295701358602,0.22953320325514706,0.7432853381012792,1.0,0.6002376171911992,0.6066071932220909,2.714528782086755,0.0440627537353628,1.1878183753660185,0.33067428925395864,5.357151315969493,162.35923710930325,-7.549516567451064e-15,2.220446049250313e-16,-1.5543122344752192e-15,0.0,0.0,-5.2561328553468734e-11,-3.180022217774692e-11,-5.154243698513028e-11,1.469301590117933e-11
equilibrium_sigma_1_50,135.0,145.2921879990614,3.180352393623035,1.0879821442873623,1.62,1.6049059047483238,0.9972791816042811,1.9019690142990684,1.272317499109652,-0.21856417552943275,-0.09009524989833784,-1.0879821442873623,-0.662935571805555,-1.7509177160929172,-2.914466500949458,1.609209358320923,-4.589673268820775,-3.3571038282784,0.2819690142990683,-0.015094095251676265,1.560352393623035,0.013932464987524568,0.014841617462908954,0.013900757789839215,0.0019007577898392143,0.01067782184520841,0.014292752235078865,0.0022927522350788647,0.001628023532651568,0.2784871448176946,0.05329372554207013,0.09190075778983922,0.04190075778983922,0.010732631548158235,0.9892673684518417,0.10492365700601608,0.6313423688079746,0.22220986770718054,0.1889813691381845,0.02591620758805464,0.0015160571673792907,0.22957061457675734,0.7429971206678087,0.9999999999999999,0.5997011498059691,0.6062073499346027,2.7125438764594976,0.044382642605976116,1.2011654713602775,0.334509142572724,5.3398991545140415,163.34913293418674,-7.549516567451064e-15,-1.1102230246251565e-16,-2.1094237467877974e-15,0.0,0.0,-5.64573908456989e-12,-3.234539372454215e-12,-5.529472713039496e-12,1.452822237513196e-12
equilibrium_sigma_1_50,136.0,144.2921879990614,3.194301769416712,1.1029008729713388,1.6320000000000001,1.618823342248255,1.0079536467469405,1.916282680503307,1.286810591934018,-0.21692067744411547,-0.10575839533863185,-1.1029008729713388,-0.6252169007509385,-1.7281177737222773,-2.8804718446883366,1.620968064087122,-4.552391616389019,-3.3224875768510658,0.28428268050330696,-0.013176657751745147,1.5623017694167118,0.013966414333358226,0.014996112237781061,0.013934242453326022,0.0019342424533260218,0.010671067684136424,0.014334744301569557,0.0023347443015695572,0.0016590987383935385,0.27858861349492736,0.053828877101806304,0.09193424245332603,0.041934242453326026,0.010971307263158269,0.9890286927368417,0.10573911370997036,0.6310678317176434,0.22220967492470015,0.1892333926023407,0.02613707553049377,0.0015512809082709605,0.22960886136332687,0.7427027821979084,1.0,0.5991547938143198,0.6058012251963467,2.7105253647458,0.04470813065518636,1.214790749364218,0.33842687055184134,5.322375741914048,164.338807497754,-6.217248937900877e-15,-2.220446049250313e-16,-2.220446049250313e-15,0.0,0.0,4.529470548630954e-11,2.4521920952147447e-11,4.430775017716382e-11,-1.0643371600727036e-11
equilibrium_sigma_1_50,137.0,143.2921879990614,3.2082854813400967,1.1179749154020344,1.6440000000000001,1.632774643658377,1.018621234589333,1.9306388359533422,1.301350189718075,-0.21524572211215487,-0.12159007306722058,-1.1179749154020344,-0.5872049498750318,-1.7051798652770662,-2.846364494118256,1.6327200653722054,-4.5149343551550185,-3.2877458807441884,0.28663883595334205,-0.011225356341623138,1.5642854813400966,0.0140011408538262,0.015152246908607826,0.013968489143888506,0.0019684891438885056,0.010664066394541222,0.014377735557680182,0.002377735557680182,0.0016909417888122391,0.2786923913451167,0.05436907278119463,0.09196848914388851,0.04196848914388851,0.011216554696191606,0.9887834453038084,0.10656967394434086,0.6307882097720718,0.22220947703737928,0.18949050491506655,0.02636234266766794,0.0015875343476629666,0.22964796614978575,0.7424021568348834,1.0,0.5985983184572915,0.6053886938543651,2.7084725527932263,0.045039338875040434,1.2287007546022046,0.34242955154763777,5.30457608892799,165.3282548576017,-6.217248937900877e-15,0.0,-2.6645352591003757e-15,0.0,0.0,9.415596427531092e-11,4.806413080038485e-11,9.200054260083412e-11,-2.001202675794289e-11
equilibrium_sigma_1_50,138.0,142.2921879990614,3.2223043175335557,1.1332059172924915,1.6560000000000001,1.6467605817489774,1.0292816955019561,1.945038494508615,1.3159374174963308,-0.21353853027057967,-0.13759222082615596,-1.1332059172924915,-0.548895854292847,-1.6821017715853386,-2.8121444063973597,1.6444651515536242,-4.477299883750971,-3.252878351956248,0.28903849450861485,-0.009239418251022702,1.5663043175335556,0.014036666603277834,0.01531003306015783,0.014003519470879293,0.0020035194708792926,0.010656813026902523,0.014421755512028511,0.002421755512028511,0.0017235756466504881,0.2787985438511494,0.05491432217928607,0.0920035194708793,0.0420035194708793,0.011468577136617938,0.988531422863382,0.10741569162857442,0.63050338381838,0.2222092738754265,0.18975284101715784,0.026592122169649787,0.0016248522697444355,0.22968795216329047,0.7420950733973153,0.9999999999999999,0.5980314866088551,0.6049696274465367,2.7063847304854898,0.04537639122149506,1.2429021869049868,0.3465193198585194,5.286495116138841,166.31746887858213,-5.995204332975845e-15,0.0,-2.4424906541753444e-15,0.0,0.0,1.3395811022942627e-10,6.432101899711551e-11,1.3075146521046577e-10,-2.5454272370439845e-11
equilibrium_sigma_1_50,139.0,141.2921879990614,3.236359088565752,1.148595535786155,1.668,1.6607819512723028,1.039934775071196,1.959482700061184,1.3305734340813224,-0.21179829929583782,-0.15376679521647318,-1.148595535786155,-0.5102856926710131,-1.6588812284571681,-2.7778115773982757,1.6562031051278687,-4.439486592802403,-3.217884629639501,0.29148270006118415,-0.007218048727697157,1.568359088565752,0.01407301438972934,0.015469481965329964,0.01403935579485497,0.0020393557948549697,0.010649302967809589,0.014466834733495304,0.0024668347334953038,0.0017570240806730197,0.2789071387722878,0.05546463254194414,0.09203935579485498,0.042039355794854974,0.011727584325289768,0.9882724156747102,0.10827753047369423,0.6302132314071897,0.22220906526239828,0.19002054025107665,0.02682653073040169,0.0016632707349999278,0.22972884334108568,0.7417813551935126,0.9999999999999999,0.5974540545826248,0.6045438940787726,2.7042611713918348,0.04571941468697344,1.257401903490457,0.35069836718935177,5.268127653210263,167.3064432256955,-5.551115123125783e-15,-6.661338147750939e-16,-2.886579864025407e-15,-1.1102230246251565e-16,0.0,1.56758840283433e-10,7.06109320319781e-11,1.5285152137056723e-10,-2.6245507503408483e-11
equilibrium_sigma_1_50,140.0,140.2921879990614,3.250450628201247,1.1641454391343882,1.68,1.674839569728796,1.0505802144517074,1.9739725275999505,1.345259433273939,-0.2100242024013994,-0.17011577157295688,-1.1641454391343882,-0.47137048642444634,-1.6355159255588345,-2.743366042948984,1.6679337014980522,-4.401492864564235,-3.182764380883933,0.2939725275999505,-0.005160430271203831,1.570450628201247,0.014110207803281066,0.01563060456375885,0.01407602125811349,0.0020760212581134897,0.010641531972928338,0.01451300485122431,0.002513004851224309,0.0017913116512335847,0.27901824623670757,0.05602000863591728,0.0920760212581135,0.042076021258113494,0.011993792640966793,0.9880062073590332,0.10915556427984097,0.6299176266924535,0.22220885101490515,0.19029374652908077,0.02706568869323349,0.0017028271289636322,0.22977066434892796,0.7414608198288749,1.0,0.5968657719325065,0.604111358295961,2.7021011324118733,0.04606853937425995,1.2722069217073657,0.35496894414498953,5.249468438223616,168.29517135664761,-5.10702591327572e-15,-4.440892098500626e-16,-2.886579864025407e-15,0.0,0.0,1.5355960947260883e-10,6.469986352231061e-11,1.4958909458351322e-10,-2.2233792931758423e-11
equilibrium_sigma_1_50,141.0,139.2921879990614,3.2645797941971746,1.1798573063522946,1.692,1.6889342781646315,1.061217750752576,1.9885090843185187,1.359996645124554,-0.20821538780542603,-0.1866411438219726,-1.1798573063522946,-0.4321461988983786,-1.6120035052506732,-2.708807880094188,1.6796567087566374,-4.363317072517495,-3.14751730150118,0.29650908431851875,-0.0030657218353684623,1.5725797941971746,0.014148271245897917,0.015793411439801532,0.014113539816789165,0.002113539816789165,0.010633496201634701,0.014560298648991221,0.002560298648991221,0.0018264637913212312,0.27913193883875503,0.05658045261859068,0.09211353981678917,0.04211353981678917,0.012267425289999686,0.9877325747100003,0.11005017724314252,0.6296164403281421,0.222208630942304,0.19057260850857047,0.02730972018118895,0.0017435602128341087,0.22981344060005324,0.7411332790059236,0.9999999999999999,0.5962663812470945,0.6036718809462766,2.699903853416027,0.046423898571716526,1.2873244217324162,0.3593333617526485,5.230512117103461,169.28364651405775,-5.773159728050814e-15,-2.220446049250313e-16,-3.774758283725532e-15,0.0,0.0,1.1420303071274507e-10,4.4862849546412065e-11,1.1115025219665675e-10,-1.3947192359364813e-11
equilibrium_sigma_1_50,142.0,138.2921879990614,3.2787474691303746,1.195732826852224,1.704,1.7030669420021405,1.0718471174589506,2.003093510768819,1.374786337247456,-0.20637097786724756,-0.20334492432179307,-1.195732826852224,-0.3926087345346472,-1.5883415613868712,-2.674137208377261,1.6913718874633694,-4.324957580924213,-3.112143116807425,0.29909351076881907,-0.0009330579978594766,1.5747474691303747,0.014187229962618536,0.01595791279990962,0.014151936274588585,0.0021519362745885846,0.01062519225336657,0.01460875007630591,0.0026087500763059095,0.0018625067965682973,0.27924829174117755,0.057145963903336164,0.09215193627458859,0.04215193627458859,0.012548712499136578,0.9874512875008634,0.11096176427219236,0.6293095393616952,0.22220840484637588,0.19085727977501044,0.02755875323256973,0.0017855101760161948,0.2298571982746836,0.7407985383167306,1.0,0.595655617937631,0.6032253190384445,2.697668556881832,0.04678562882979914,1.3027617492102224,0.36379399301270293,5.211253243139495,170.27186171730042,-2.6645352591003757e-15,2.220446049250313e-16,-4.440892098500626e-15,0.0,0.0,2.7259708379467895e-11,9.94850035684891e-12,2.6508862813190426e-11,-2.71134677209961e-12
equilibrium_sigma_1_50,143.0,137.2921879990614,3.292954561257053,1.211773700054575,1.716,1.7172384519053427,1.082468044890843,2.017726982062972,1.3896298161912606,-0.2044900681911055,-0.22022914368513913,-1.211773700054575,-0.3527539380203013,-1.5645276380748763,-2.639354191143017,1.7030789904184833,-4.286412744337683,-3.076641582404312,0.301726982062972,0.0012384519053427745,1.5769545612570532,0.014227110074176999,0.016124118449390875,0.014191236318223034,0.002191236318223034,0.010616617205709639,0.014658394309474687,0.002658394309474687,0.001899467885202455,0.27936738278249407,0.05771653902039296,0.09219123631822304,0.04219123631822304,0.012837891711278821,0.9871621082887212,0.11189073131444754,0.628996787124136,0.2222081725209871,0.19114791903283349,0.027812919941822462,0.0018287186906585753,0.2299019643398458,0.7404563970276731,0.9999999999999999,0.5950332100193201,0.6027715255915063,2.695394447526231,0.04715387003885739,1.3185264178245857,0.36835327447723176,5.191686276611273,171.25980975397408,-3.774758283725532e-15,0.0,-3.9968028886505635e-15,-1.1102230246251565e-16,0.0,-8.538880713615526e-11,-2.8140153401912116e-11,-8.504898521555226e-11,6.6641553386759256e-12
equilibrium_sigma_1_50,144.0,136.2921879990614,3.3072020054094757,1.227981634976078,1.728,1.7314497246854021,1.0930802607008068,2.0324107091269754,1.4045284288684305,-0.2025717266947038,-0.23729585058420555,-1.227981634976078,-0.31257759341428204,-1.54055922839036,-2.60445903686261,1.7147777624313008,-4.247680907064475,-3.0410124849575793,0.30441070912697543,0.003449724685402167,1.5792020054094758,0.014267938610615358,0.016292037768557477,0.014231466554470378,0.0022314665544703773,0.01060776865408878,0.014709267808221682,0.002709267808221682,0.0019373752169205005,0.27948929258930416,0.058292171473265805,0.09223146655447038,0.04223146655447038,0.013135207783972341,0.9868647922160276,0.11283749569293922,0.6286780431167105,0.2222079337517349,0.19144469030488892,0.028072356606043108,0.001873228968256899,0.22994776656812377,0.7401066478575762,1.0,0.5943988778857306,0.602310349476542,2.6930807119340567,0.047528765508226156,1.334626111787905,0.37301370785481514,5.171805584513668,172.24748317102816,-3.774758283725532e-15,0.0,-4.884981308350689e-15,0.0,0.0,-1.5781196141539944e-10,-4.7726222279775854e-11,-1.5708375572520694e-10,8.611699894855995e-12
equilibrium_sigma_1_50,145.0,135.2921879990614,3.321490763921679,1.244358349791524,1.74,1.745701704238613,1.1036834904132315,2.047145940004652,1.4194835640455192,-0.20061499264470894,-0.25454711153393594,-1.244358349791524,-0.27207542326171597,-1.51643377305324,-2.5694520004764883,1.7264679400842788,-4.208760402578364,-3.005255642969392,0.3071459400046519,0.005701704238612937,1.581490763921679,0.014309743547427867,0.016461679688310617,0.014272654549480589,0.0022726545494805885,0.01059864475371601,0.014761408353436423,0.0027614083534364224,0.0019762579361870536,0.2796141046953957,0.05887285159038576,0.0922726545494806,0.04227265454948059,0.013440913190461356,0.9865590868095386,0.1138024864532329,0.6283531628940783,0.22220768831557536,0.19174776314030614,0.02833720387723955,0.001919085818396717,0.22999463355929495,0.7397490767450687,1.0,0.5937523340763339,0.6018416352501363,2.6907265181836877,0.04791046204642649,1.351068688237061,0.37777786164338856,5.151605440429892,173.23487426537156,-3.1086244689504383e-15,0.0,-5.551115123125783e-15,0.0,0.0,-1.9099584067094888e-10,-5.270588479544536e-11,-1.900037332330795e-10,5.952993306634902e-12
equilibrium_sigma_1_50,146.0,134.2921879990614,3.335821827591895,1.2609055713711983,1.752,1.7599953625242224,1.114277458006209,2.0619339612170617,1.4344966538981139,-0.19861887565543435,-0.27198501065601866,-1.2609055713711983,-0.23124308768627477,-1.492148659057473,-2.5343333847579617,1.7381492514926846,-4.169649552881291,-2.969370907544819,0.30993396121706174,0.007995362524222394,1.5838218275918952,0.014352553843517621,0.016633052665146725,0.014314828870118305,0.002314828870118305,0.010589244263489908,0.014814855124889448,0.0028148551248894475,0.0020161462099821392,0.27974190566702517,0.05945856637205057,0.09231482887011831,0.04231482887011831,0.013755268223019403,0.9862447317769806,0.11478614472120194,0.628021997943862,0.22220743598043316,0.1920573128315491,0.028607606920670103,0.0019663357097094735,0.2300425947627454,0.739383462606875,1.0,0.5930932830367946,0.6013652229788649,2.6883310154697777,0.04829911004253519,1.3678621795201564,0.382648372788819,5.131080024538961,174.22197507403894,-3.774758283725532e-15,0.0,-6.661338147750939e-15,0.0,0.0,-1.8903783226276172e-10,-4.728685845667435e-11,-1.8795635881030393e-10,1.4869147579865682e-12
equilibrium_sigma_1_50,147.0,133.2921879990614,3.350196216685434,1.2776250347937603,1.764,1.7743317005865729,1.124861886537915,2.076776099180934,1.4495691756339413,-0.1965823546484342,-0.28961164942346396,-1.2776250347937603,-0.19007618345721222,-1.4677012182509726,-2.499103541698519,1.749821416060079,-4.1303466678078475,-2.933358163151818,0.31277609918093385,0.010331700586572845,1.586196216685434,0.01439639948064017,0.01680616465559255,0.014358019127346848,0.0023580191273468477,0.01057956659178184,0.014869648752302567,0.0028696487523025664,0.00205707126887944,0.2798727852343844,0.06004929933261618,0.09235801912734685,0.04235801912734685,0.014078541198253448,0.9859214588017465,0.11578892407198378,0.627684395562432,0.2222071765047921,0.1923735206412438,0.028883715579534414,0.002015026833117001,0.23009168049944645,0.739009577087902,1.0,0.5924214208717707,0.6008809480541976,2.6858933337232256,0.04869486354869472,1.3850147953573697,0.3876279483674981,5.110223423761107,175.2087773639271,-2.886579864025407e-15,0.0,-6.439293542825908e-15,0.0,0.0,-1.5691332608258612e-10,-3.530667772033702e-11,-1.559414125607006e-10,-2.4030482465020597e-12
equilibrium_sigma_1_50,148.0,132.2921879990614,3.364614981977943,1.2945184828332885,1.776,1.788711749621755,1.1354364988197865,2.0916737216882035,1.4647026531872873,-0.19450437677209398,-0.30742914638444785,-1.2945184828332885,-0.14857024303150523,-1.4430887258647938,-2.463762873913982,1.7614841442298002,-4.090850044270633,-2.8972173283726628,0.3156737216882035,0.01271174962175503,1.588614981977943,0.014441311504754431,0.016981023090095162,0.014402256021879743,0.002402256021879743,0.010569611844295428,0.014925831366419118,0.0029258313664191175,0.0020990654336916492,0.2800068364299386,0.060645030337836185,0.09240225602187975,0.04240225602187975,0.014411008664067736,0.9855889913359323,0.11681129091036228,0.6273401987268448,0.22220690963726555,0.19269657403914986,0.029165684546268056,0.0020652091674430305,0.23014192198438874,0.7386271843019001,0.9999999999999999,0.5917364350900572,0.6003886409972767,2.683412583228982,0.04909788036367467,1.4025349248589347,0.392719367292252,5.089029632060793,176.19527262104666,-3.552713678800501e-15,-2.220446049250313e-16,-7.993605777301127e-15,0.0,0.0,-1.005768177075872e-10,-2.017033068346663e-11,-9.991166054212908e-11,-3.857247854455181e-12
equilibrium_sigma_1_50,149.0,131.2921879990614,3.379079205840997,1.3115876654199574,1.788,1.8031365720910812,1.1460010181386144,2.1066282394497273,1.4798986589883558,-0.19238385627951327,-0.3254396368648915,-1.3115876654199574,-0.10672073356908851,-1.418308398989046,-2.428311836071562,1.7731371372326803,-4.051157965443052,-2.860948356645223,0.3186282394497273,0.015136572091081213,1.591079205840997,0.01448732206938462,0.0171576348463877,0.01444757139222911,0.0024475713922291094,0.010559380874067527,0.01498344667671958,0.0029834466767195804,0.002142162173202067,0.2801441557340276,0.061245735437284565,0.09244757139222912,0.042447571392229114,0.014752955607923099,0.9852470443920769,0.11785372486290022,0.6269892459628236,0.2222066351161459,0.19302666694979806,0.029453673540724295,0.0021169345474716834,0.23019335134947344,0.7382360405623305,0.9999999999999998,0.5910380043418568,0.5998881272529396,2.680887854242218,0.04950832211741883,1.420431138381425,0.39792548204018807,5.067492550919686,177.1814520392652,-2.220446049250313e-15,-2.220446049250313e-16,-7.993605777301127e-15,-1.1102230246251565e-16,0.0,-2.7071485678153984e-11,-4.785432466958284e-12,-2.6882702661157332e-11,-1.6572229699640673e-12
equilibrium_sigma_1_50,150.0,130.2921879990614,3.3935900033720734,1.3288343390738382,1.8,1.817607262883855,1.1565551690297187,2.121641107706428,1.4951588158114086,-0.19021967336288625,-0.34364527264930955,-1.3288343390738382,-0.06452305591893581,-1.393357394992774,-2.3927509363378325,1.7847800868312644,-4.011268699876071,-2.824551236992496,0.32164110770642806,0.017607262883855057,1.5935900033720733,0.01453446448110253,0.017336006222354185,0.0144939982652919,0.0024939982652919003,0.010548875333683004,0.015042540055798526,0.0030425400557985254,0.002186396158565529,0.2802848432281573,0.06185138669179603,0.09249399826529191,0.042493998265291905,0.015104675665986724,0.9848953243340133,0.11891671918215152,0.6266313712086756,0.22220635266893107,0.19336400001132667,0.029747847495539992,0.0021702567345346173,0.230246001666848,0.7378358941030773,0.9999999999999999,0.5903257981479584,0.599379226972305,2.678318216603297,0.049926354356501515,1.4387121892018395,0.4032492204008766,5.045605989993221,178.16730650851628,-1.7763568394002505e-15,0.0,-9.547918011776346e-15,2.220446049250313e-16,0.0,5.5346673424883086e-11,8.505647575152153e-12,5.494258173421862e-11,4.643448819896534e-12
equilibrium_sigma_1_50,151.0,129.2921879990614,3.40814852357109,1.3462602663113266,1.812,1.8321249505320343,1.1670986781034578,2.1367138279112834,1.5104847987057068,-0.18801067294251328,-0.36204822163940853,-1.3462602663113266,-0.021972543573653747,-1.3682328098849803,-2.357080737847747,1.7964126750608391,-3.971180500545242,-2.7880259947386503,0.32471382791128334,0.020124950532034225,1.5961485235710902,0.01458277324724229,0.017516142908419536,0.014541570909618752,0.002541570909618752,0.010538097729775996,0.015103158566009967,0.0031031585660099663,0.0022318032677492994,0.28042900275642046,0.062461951995863955,0.09254157090961876,0.042541570909618756,0.015466471332720628,0.9845335286672794,0.12000078116328702,0.6262664036750267,0.22220606201182821,0.1937087808461074,0.030048376748994174,0.0022252314897102782,0.23029990697267014,0.7374264847886254,1.0,0.5895994766205976,0.5988617547832151,2.6757027193521727,0.05035214663040813,1.4573870149874042,0.40869358724307414,5.023363667964562,179.15282660244807,-1.7763568394002505e-15,-4.440892098500626e-16,-1.0880185641326534e-14,0.0,0.0,1.3707678395147305e-10,1.7996267670516986e-11,1.360396656435725e-10,1.4579544169168734e-11
equilibrium_sigma_1_50,152.0,128.2921879990614,3.422755950565797,1.3638672150237456,1.824,1.8466907984795546,1.177631274927397,2.1518479494857985,1.5258783370135605,-0.1857556634084745,-0.3806506674900003,-1.3638672150237456,0.02093553841007978,-1.3429316766136659,-2.3213018601946898,1.8080345739676267,-3.9308916038241093,-2.7513726922097503,0.32784794948579843,0.022690798479554575,1.5987559505657971,0.014632284125974698,0.017698049959495542,0.014590324891525723,0.002590324891525723,0.010527051479896306,0.015165351086032786,0.0031653510860327853,0.002278420684342919,0.2805767420955325,0.06307739489493966,0.09259032489152573,0.04259032489152573,0.015838654170411262,0.9841613458295887,0.12110643257347578,0.6258941677002632,0.22220576284923246,0.1940612243437539,0.030355437245683965,0.002281916649720437,0.23035510229129505,0.7370075438133006,1.0,0.5888586901757712,0.5983355195477614,2.673040390342779,0.0507858725785448,1.4764647390371115,0.41426166629796335,5.000759213611293,180.13800256548294,-1.3322676295501878e-15,-4.440892098500626e-16,-1.2212453270876722e-14,0.0,0.0,2.0702256575688693e-10,2.2688195072673167e-11,2.054112522437146e-10,2.662080451909521e-11
equilibrium_sigma_1_50,153.0,127.29218799906141,3.437413504888441,1.3816569578276938,1.836,1.8613060064092266,1.1881526929665316,2.1670450716547824,1.5413412164799956,-0.1834534153129075,-0.39945480922177445,-1.3816569578276938,0.0642059945279998,-1.317450963299694,-2.285414980941675,1.8196454453445345,-3.8904002283799635,-2.71459142941719,0.33104507165478236,0.025306006409226534,1.601413504888441,0.014683034178870943,0.017881731766515908,0.01464029713421467,0.0026402971342146704,0.010515740971821144,0.01522916836860233,0.0032291683686023302,0.0023262869164319966,0.28072817313398385,0.06369767439757978,0.09264029713421468,0.042640297134214675,0.01622154501808864,0.9837784549819114,0.12223421009436332,0.6255144826015644,0.22220545487317936,0.19442155295716892,0.030669210745354433,0.0023403722056107956,0.23041162365987225,0.7365787933891625,1.0,0.5881030792367765,0.5978003241060915,2.6703302358580783,0.05122771001786898,1.4959546712691307,0.4199566219566324,4.977786167100389,181.1228242992588,-8.881784197001252e-16,-2.220446049250313e-16,-1.354472090042691e-14,-1.1102230246251565e-16,0.0,2.524284600791127e-10,2.2366559992992308e-11,2.5042113001305655e-10,3.8005652444605964e-11
equilibrium_sigma_1_50,154.0,126.29218799906141,3.452122444806257,1.3996312713867454,1.848,1.875971811630318,1.198662670584062,2.182306845363485,1.5568752814588362,-0.18110266001073771,-0.4184628608105083,-1.3996312713867454,0.10784369998473342,-1.291787571402012,-2.2494208371537274,1.8312449404649134,-3.8497045739876796,-2.6776823447217537,0.334306845363485,0.02797181163031781,1.6041224448062568,0.01473506182609427,0.018067192027598333,0.014691525980082047,0.002691525980082047,0.010504171625397504,0.015294663113785134,0.003294663113785134,0.0023754418598809224,0.2808834120608547,0.06432274478239389,0.09269152598008205,0.04269152598008205,0.016615474199229874,0.9833845258007701,0.12338466577799699,0.6251271625214077,0.2222051377627704,0.19478999701230468,0.030989885040235542,0.0024006603843040263,0.2304695081533299,0.7361399464221304,0.9999999999999999,0.587332273928742,0.5972559650056292,2.6675712402265073,0.05167784103102242,1.515866308926143,0.4257817010792687,4.954437981528411,182.1072813484211,-1.5543122344752192e-15,0.0,-1.4654943925052066e-14,-1.1102230246251565e-16,0.0,2.586988678832114e-10,1.7676721197901202e-11,2.566105938850427e-10,4.456146562858976e-11
equilibrium_sigma_1_50,155.0,125.29218799906141,3.4668840677084782,1.4177919357041557,1.86,1.8906894905300777,1.2091609521052802,2.1976349752813724,1.5724824372202608,-0.17870208824659417,-0.4376770507523231,-1.4177919357041557,0.15185360189357455,-1.2659383338105812,-2.2133202269515087,1.842832699814817,-3.808802820257176,-2.6406456154760924,0.3376349752813723,0.030689490530077634,1.6068840677084781,0.014788406904372511,0.01825443371887518,0.014744051256406578,0.0027440512564065773,0.010492349957004193,0.015361890086662555,0.003361890086662555,0.002425926852733795,0.28104257956486844,0.06495255539974791,0.09274405125640658,0.04274405125640658,0.01702078172758131,0.9829792182724187,0.12455836751655067,0.624732016269428,0.22220481118356936,0.19516679503235923,0.031317654181254095,0.0024628457331150335,0.23052879390974446,0.7356907061758864,1.0,0.586545893763911,0.5967022322147997,2.664762365440587,0.052136452054834845,1.5362093369684346,0.4317402348132451,4.930708024724585,183.09136288573205,-1.1102230246251565e-15,0.0,-1.5765166949677223e-14,0.0,0.0,2.0919997331669826e-10,1.0202352851429453e-11,2.0749596832403405e-10,4.051043181463321e-11
equilibrium_sigma_1_50,156.0,124.29218799906141,3.4816997115527366,1.4361407333862526,1.872,1.9054603600926994,1.2196472889472403,2.2130312218970847,1.5881646523651964,-0.17625034868553446,-0.4570996216046259,-1.4361407333862526,0.19624072052312913,-1.2399000128631235,-2.177114011086263,1.8544083528243278,-3.7676931252698145,-2.603481458643241,0.34103122189708457,0.03346036009269926,1.6096997115527365,0.014843110727908407,0.018443459065038945,0.014797914344617948,0.0027979143446179473,0.010480283646725371,0.015430906177282822,0.0034309061772828213,0.00247778472184379,0.2812058010442968,0.06558705046818593,0.09279791434461795,0.04279791434461795,0.017437817510371087,0.9825621824896289,0.12575589952620264,0.6243288471595118,0.22220447478696856,0.19555219407717253,0.03165271871350583,0.0025269952073195445,0.23058952015607256,0.735230765923102,1.0,0.5857435473174442,0.596138908820284,2.661902550778508,0.05260373396904993,1.5569936281221775,0.43783564041696293,4.906589581335425,184.07505769646374,-1.5543122344752192e-15,-4.440892098500626e-16,-1.8207657603852567e-14,0.0,0.0,8.503949974758562e-11,2.5449711782421502e-12,8.434447411331814e-11,1.8259409609311383e-11
equilibrium_sigma_1_50,157.0,123.29218799906141,3.4965707563742146,1.454679448876298,1.8840000000000001,1.9202857794897035,1.23012144081703,2.2284974037095155,1.6039239613522758,-0.1737460463849545,-0.47673282950242957,-1.454679448876298,0.24101015059494113,-1.2136692982813568,-2.1408031145362356,1.8659715175985645,-3.726373624118631,-2.5661901313886966,0.3444974037095154,0.03628577948970335,1.6125707563742144,0.014899216152352276,0.01863426950965311,0.014853158253343969,0.002853158253343969,0.010467981608312735,0.015501770533887793,0.003501770533887793,0.0025310598683603303,0.28137320682831507,0.06622616886554926,0.09285315825334398,0.04285315825334397,0.017866941548113465,0.9821330584518866,0.12697786284553486,0.6239174528420033,0.22220412820952296,0.1959464500986551,0.03199528592139047,0.002593178260868387,0.2306517272341133,0.7347598085836279,1.0,0.5849248318934915,0.5955657707067666,2.6589907124296492,0.05307988218511788,1.5782292425477762,0.4440714230858904,4.882075855209267,185.05835416204405,-1.3322676295501878e-15,2.220446049250313e-16,-1.9317880628477724e-14,0.0,0.0,-1.0549328424702686e-10,1.334730936886075e-13,-1.0761220213539868e-10,-2.5883069992849173e-11
equilibrium_sigma_1_50,158.0,122.29218799906141,3.511498625866176,1.4734098676585303,1.8960000000000001,1.93516715175105,1.2405831769829314,2.2440353995221436,1.6197624671437398,-0.17118774120315927,-0.4965789436497996,-1.4734098676585303,0.28616706263920744,-1.1872428050193229,-2.1043885281256243,1.8775218006490817,-3.684842427344433,-2.528771931643626,0.34803539952214346,0.0391671517510499,1.6154986258661757,0.014956767641096227,0.018826865685282055,0.01490982769515243,0.002909827695152429,0.01045545406169212,0.015574544636187682,0.0035745446361876813,0.002585798299925557,0.2815449324095528,0.06686984391498592,0.09290982769515244,0.04290982769515243,0.01830852413011854,0.9816914758698815,0.1282248758489215,0.623497625130863,0.22220377107225076,0.19634982831340278,0.03234557008386087,0.0026614669403428478,0.23071545662418838,0.7342775063516079,1.0,0.5840893331812226,0.594982586217995,2.656025743124663,0.05356509673491654,1.5999264270893379,0.45045117777512494,4.857159972083105,186.04124024301234,0.0,0.0,-2.1538326677728037e-14,2.220446049250313e-16,0.0,-2.415719395354454e-10,4.536857001191663e-12,-2.4647128955834763e-10,-6.43465315752767e-11
equilibrium_sigma_1_50,159.0,121.29218799906141,3.5264847890233426,1.4923337754315318,1.9080000000000001,1.9501059255099866,1.2510322776192013,2.259647150841375,1.63568234397563,-0.1685739461460798,-0.5166402457851837,-1.4923337754315318,0.33171670440518564,-1.1606170710263461,-2.067871310163195,1.8890587966263646,-3.6430976192678486,-2.4912271986350505,0.351647150841375,0.042105925509986486,1.6184847890233425,0.015015811335929732,0.019021247383517233,0.014967969167910329,0.002967969167910329,0.010442712608875696,0.015649292421926475,0.003649292421926475,0.0026420477194921688,0.2817211186906374,0.06751800316540976,0.09296796916791034,0.04296796916791033,0.018762946024812675,0.9812370539751873,0.12949757477497903,0.6230691498257571,0.2222034029798985,0.1967626035927451,0.03270379274014176,0.0027319359822431197,0.23078075097140544,0.7337835203062095,0.9999999999999999,0.583236624900764,0.5943891157982222,2.653006511771939,0.05405958235909418,1.6220956140672043,0.4569785910181892,4.831834982635193,187.0237034610402,-4.440892098500626e-16,-2.220446049250313e-16,-2.353672812205332e-14,-1.1102230246251565e-16,0.0,-3.1165663799681553e-10,1.1075716732644736e-11,-3.180519528300785e-10,-8.943818602391573e-11
equilibrium_sigma_1_50,160.0,120.29218799906141,3.5415307618532865,1.5114529572521684,1.92,1.9651035968262074,1.2614685352266868,2.2753346643853822,1.6516858402593995,-0.1659031256486032,-0.536919029621846,-1.5114529572521684,0.3776644023343043,-1.1337885549178641,-2.031252588101765,1.9005820880542754,-3.601137256211472,-2.4535563133808336,0.3553346643853823,0.04510359682620746,1.6215307618532866,0.01507639513232932,0.019217413524950377,0.015027631040949362,0.0030276310409493613,0.010429770313302462,0.01572608039346335,0.0037260803934633484,0.0026998575763936827,0.2819019122453011,0.06817056816637719,0.09302763104094937,0.043027631040949366,0.01923059866382686,0.9807694013361732,0.13079661427054798,0.6226318065289155,0.22220302352016924,0.19718506087128823,0.033070182966405355,0.0028046629137028186,0.23084765411488994,0.7332775000050018,1.0,0.5823662684387327,0.5937851116127125,2.649931863101292,0.05456354859486178,1.644747419569379,0.4636574427371325,4.806093865919472,188.0057308799988,-2.220446049250313e-16,2.220446049250313e-16,-2.6423307986078726e-14,-1.1102230246251565e-16,0.0,-3.2172793248963494e-10,1.658073331411991e-11,-3.284205858655742e-10,-9.882404269911937e-11
equilibrium_sigma_1_50,161.0,119.29218799906141,3.55663810916871,1.5307691966496397,1.932,1.9801617111019665,1.2718917561349992,2.291100014712863,1.6677752816226699,-0.16317369378429736,-0.557417600262945,-1.5307691966496397,0.4240155631055391,-1.1067536335441006,-1.9945335602204382,1.9120912450674028,-3.55895936460154,-2.4157596991467836,0.3591000147128631,0.04816171110196654,1.62463810916871,0.015138568757860682,0.019415362129164435,0.015088863645788757,0.0030888636457887565,0.010416641782145526,0.015804977753219873,0.003804977753219873,0.0027592791573827213,0.2820874655932993,0.06882745423774557,0.09308886364578876,0.04308886364578876,0.019711884318704985,0.980288115681295,0.1321226679507249,0.6221853684565892,0.2222026322629108,0.19761749557547825,0.03344497766392481,0.0028797281567277074,0.23091621111508184,0.7327590830642656,1.0,0.5814778124730142,0.5931703171458835,2.646800617315691,0.055077209863060854,1.667892641192707,0.47049160803576484,4.779929533174999,188.98730908618745,-2.220446049250313e-16,0.0,-2.9753977059954195e-14,0.0,0.0,-2.792547235119791e-10,1.864711163257482e-11,-2.851538779408136e-10,-9.129343982172688e-11
equilibrium_sigma_1_50,162.0,118.29218799906141,3.571808446460275,1.5502842747095642,1.944,1.9952818650916047,1.2823017620886965,2.306945346976451,1.6839530740963586,-0.16038401240187206,-0.5781382735909075,-1.5502842747095642,0.4707756752560204,-1.0795085994535438,-1.9577154973284832,1.9235858251523024,-3.5165619389447405,-2.3778378218618075,0.362945346976451,0.051281865091604706,1.627808446460275,0.015202383854696397,0.019615090284826813,0.015151719371964072,0.0031517193719640714,0.010403343251991298,0.015886056510261426,0.0038860565102614257,0.002820365638811495,0.2822779374908002,0.0694885702339599,0.09315171937196408,0.043151719371964076,0.02020721626904603,0.979792783730954,0.13347642897520567,0.6217296022450141,0.22220222875926346,0.19806021407302568,0.033828421859175346,0.002957215136053334,0.23098646828118272,0.7322278947235887,1.0000000000000002,0.5805707925866121,0.5925444667757769,2.6436115697526033,0.05560078555421245,1.691542255184232,0.4774850589719419,4.753334832051095,189.96842416760342,-2.220446049250313e-16,2.220446049250313e-16,-3.26405569239796e-14,-1.1102230246251565e-16,0.0,-1.93385958288661e-10,1.5713007284201552e-11,-1.9754127326965243e-10,-6.69532537050932e-11
equilibrium_sigma_1_50,163.0,117.29218799906141,3.5870434418540844,1.5699999691282502,1.956,2.0104657090095706,1.2926983919208586,2.322872879807507,1.700221707456208,-0.15753238918505552,-0.5990833756310554,-1.5699999691282502,0.5179503108829011,-1.0520496582453491,-1.920799744490934,1.9350653728937375,-3.4739429396735653,-2.3397911904874027,0.36687287980750716,0.054465709009570595,1.6310434418540845,0.015267894066537252,0.01981659411997065,0.015216252768290271,0.003216252768290271,0.0103898926780344,0.015969391633507968,0.0039693916335079675,0.0028831721865518745,0.28247349323724324,0.07015381830296952,0.09321625276829028,0.043216252768290275,0.020717018960775786,0.9792829810392242,0.13485861064129365,0.6212642677507645,0.22220181254076363,0.1985135341443424,0.0342207690164011,0.0030372103907167058,0.2310584731988293,0.731683547394053,1.0000000000000002,0.5796447308703332,0.5919072853233994,2.6403634905563313,0.05613450011326564,1.7157074129283831,0.4846418663029137,4.726302551275088,190.94906169219996,-4.440892098500626e-16,-2.220446049250313e-16,-3.6637359812630166e-14,0.0,0.0,-7.516656394535026e-11,7.138564045439111e-12,-7.681201334708287e-11,-2.7439165523057696e-11
equilibrium_sigma_1_50,164.0,116.29218799906141,3.602344818158357,1.5899180532373896,1.968,2.025714948742533,1.3030815033176502,2.3388849083394945,1.716583758727219,-0.15461707563232663,-0.6202552418894858,-1.5899180532373896,0.5655451274330228,-1.0243729258043668,-1.8837877227759163,1.9465294197271195,-3.431100290853098,-2.301620357337428,0.3708849083394945,0.057714948742533245,1.634344818158357,0.01533515513020782,0.02001986877255749,0.01528252064989919,0.0032825206498991906,0.01037630982693083,0.016055061184960806,0.004055061184960806,0.0029477560214985488,0.28267430499969454,0.07082309363979554,0.0932825206498992,0.043282520649899195,0.021241728153142108,0.9787582718468579,0.1362699469939204,0.6207891178453802,0.2222013831184019,0.19897778547721667,0.034622281363187644,0.003119803689436834,0.23113227475797074,0.7311256401894047,1.0,0.5786991355140733,0.5912584875753877,2.637055124362858,0.05667858312273901,1.7403994367216455,0.491966201197151,4.698825425790521,191.92920668508398,0.0,-2.220446049250313e-16,-4.063416270128073e-14,-1.1102230246251565e-16,0.0,6.222266972499835e-11,-6.715496214670935e-12,6.361148240097148e-11,2.3855280598117368e-11
equilibrium_sigma_1_50,165.0,115.29218799906141,3.617714355004098,1.6100402949995034,1.98,2.0410313481715296,1.3134509746775915,2.354983807377572,1.7330418958600295,-0.15163626495275295,-0.641656216665291,-1.6100402949995034,0.6135658695874413,-0.9964744254120621,-1.8466809310237782,1.9579774836984702,-3.3880318777418212,-2.2633259183438907,0.3749838073775722,0.061031348171529665,1.637714355004098,0.015404224972217051,0.020224908361421868,0.015350582211414741,0.003350582211414741,0.010362616373459116,0.016143146464031588,0.004143146464031588,0.0030141765083868677,0.28288055215580227,0.07149628423477689,0.09335058221141475,0.043350582211414745,0.021781791052916735,0.9782182089470832,0.13771119345302307,0.6203038982041489,0.222200939981633,0.19945331018603168,0.035033230229604057,0.0032050881498980116,0.2312079231809274,0.7305537584395706,1.0,0.5777335003864745,0.5905977777783598,2.6336851899987717,0.0572332693839214,1.7656298147721043,0.49946233690547975,4.670896142394826,192.90884360459916,-1.1102230246251565e-15,-2.220446049250313e-16,-4.529709940470639e-14,0.0,0.0,2.031999690038644e-10,-2.4410112819950314e-11,2.078311446551684e-10,8.153004313338208e-11
equilibrium_sigma_1_50,166.0,114.29218799906141,3.6331538910848864,1.63036845597458,1.992,2.0564167316104887,1.323806707069429,2.371172034722517,1.7495988815888126,-0.1485880898739773,-0.6632886523372465,-1.63036845597458,0.6620183712484002,-0.9683500847261797,-1.8094809476380247,1.9694090692333321,-3.3447355441985254,-2.2249085132641038,0.3791720347225169,0.06441673161048866,1.6411538910848864,0.01547516381059083,0.020431705957706922,0.015420499146653714,0.003420499146653714,0.01034883600114905,0.01623373219850066,0.004233732198500661,0.00308249526903559,0.2830924216565264,0.07217327061653574,0.09342049914665372,0.04342049914665372,0.022337666434173255,0.9776623335658268,0.13918312745861677,0.6198083470889323,0.22220048259733463,0.19994046335691523,0.03545389640150163,0.003293160362028511,0.23128547005059458,0.7299674731858753,1.0,0.5767473046027267,0.5899248491032245,2.6302523801960325,0.057798798995771596,1.7914101953567154,0.5071346503837237,4.642507345906806,193.88795631724014,-2.220446049250313e-16,0.0,-4.951594689828198e-14,-1.1102230246251565e-16,0.0,3.294836660450162e-10,-4.335205111560825e-11,3.3715823882785045e-10,1.3790996990226123e-10
equilibrium_sigma_1_50,167.0,113.29218799906141,3.6486653265011992,1.65090429025845,2.004,2.0718729863678322,1.3341486262926465,2.3874521346575714,1.7662575774808593,-0.1454706203581757,-0.6851549086252227,-1.65090429025845,0.7109085576369234,-0.9399957326215267,-1.7721894323981298,1.9808236669161885,-3.301209089927039,-2.186368825824308,0.38345213465757144,0.06787298636783223,1.6446653265011992,0.01554803426231316,0.020640253556907937,0.015492335775267645,0.0034923357752676444,0.010334994507047425,0.016326906662200713,0.004326906662200713,0.003152776236747812,0.28331010840990195,0.07285392558971095,0.09349233577526765,0.04349233577526765,0.022909824741887547,0.9770901752581125,0.14068654913388567,0.6193021951249252,0.222200010408713,0.20043961362029844,0.03588457048858217,0.0033841205153655363,0.23136496833877954,0.7293663406572728,1.0,0.5757400120802966,0.5892393830776229,2.6267553613243124,0.058375417431121214,1.817752380064334,0.5149876238583838,4.613651645895602,194.8665280713401,-4.440892098500626e-16,4.440892098500626e-16,-5.5067062021407764e-14,0.0,0.0,4.197622197749107e-10,-5.972045774571555e-11,4.297629214305987e-10,1.8275384851274001e-10
equilibrium_sigma_1_50,168.0,112.29218799906141,3.664250625215043,1.6716495433935712,2.016,2.0874020654383347,1.3444766850448404,2.403826741607352,1.7830209481886385,-0.14228186122158215,-0.7072573518265939,-1.6716495433935712,0.7602424475097611,-0.9114070958838101,-1.734808128294246,1.9922207532820795,-3.2574502675499795,-2.147707583794446,0.387826741607352,0.07140206543833472,1.6482506252150428,0.015622901456724222,0.02085054205165062,0.015566159176768742,0.0035661591767687413,0.010321119910800668,0.01642276187929781,0.004422761879297809,0.003225085773994607,0.283533815687178,0.07353811396752394,0.09356615917676875,0.043566159176768746,0.02349874817748065,0.9765012518225193,0.1422222819666094,0.6187851650712415,0.2221995228341526,0.2009511437524568,0.03632555330787188,0.003478072530595132,0.23144647243461702,0.728749901726916,1.0,0.5747110710823716,0.5885410489845704,2.6231927731429456,0.05896337560975641,1.844668316047392,0.5230258463261583,4.584321624004077,195.84454146947087,2.220446049250313e-16,-2.220446049250313e-16,-6.128431095930864e-14,0.0,0.0,4.4932641635186954e-10,-6.839739885577956e-11,4.6028279451770793e-10,2.029388844471125e-10
equilibrium_sigma_1_50,169.0,111.29218799906141,3.67991181762104,1.6926059512530223,2.028,2.103005990332833,1.3547908652003668,2.4202985839785174,1.7998920659157827,-0.13901974965290909,-0.7295983540280786,-1.6926059512530223,0.8100261555051644,-0.8825797957478578,-1.6973388633838415,2.003599790622246,-3.213456779502241,-2.108925558988445,0.39229858397851736,0.07500599033283306,1.65191181762104,0.015699833155260065,0.021062561205339628,0.015642039332413683,0.003642039332413683,0.010307242568244713,0.016521393830792874,0.004521393830792874,0.0032994927967600063,0.2837637555527687,0.07422569229925079,0.09364203933241369,0.04364203933241369,0.02410493076428924,0.9758950692357108,0.14379117350922668,0.6182569715852271,0.2221990192660056,0.20147545130770478,0.03677715628326659,0.0035751241953528036,0.23153003817304824,0.7281176813483323,1.0,0.5736599137488181,0.5878295032252697,2.6195632285744757,0.05956292996791528,1.872170087199721,0.5312540149773473,4.554509841901061,196.82197843949388,2.220446049250313e-16,-2.220446049250313e-16,-6.705747068735946e-14,2.220446049250313e-16,0.0,3.8965926665857076e-10,-6.290304388478773e-11,3.9938851531529096e-10,1.821207299551597e-10
equilibrium_sigma_1_50,170.0,110.29218799906141,3.6956510032404846,1.7137752388986514,2.04,2.118686854053893,1.3650911802048646,2.436870488192497,1.81687411510916,-0.1356821526257448,-0.752180292293493,-1.7137752388986514,0.8602658946275668,-0.8535093442710846,-1.659783552670297,2.0149602268057802,-3.169226274734384,-2.070023567183877,0.39687048819249693,0.07868685405389275,1.6556510032404845,0.015778899877939276,0.021276299626823647,0.01572004927545321,0.0037200492754532084,0.01029339528970713,0.01662290260773247,0.00462290260773247,0.0033760688455952703,0.2840001493195552,0.07491650859268982,0.09372004927545322,0.04372004927545321,0.024728878390808288,0.9752711216091917,0.14539409609782036,0.6177173209804004,0.2221984990693201,0.2020129492830316,0.03723970186183827,0.0036753873043672922,0.23161572286331888,0.7274691879704757,1.0,0.5725859556144602,0.5871043886439463,2.61586531350203,0.060174342523701366,1.900269904172166,0.5396769365323519,4.524208849898018,197.79882020419532,6.661338147750939e-16,-4.440892098500626e-16,-7.527312106958561e-14,-1.1102230246251565e-16,0.0,2.0797976535424922e-10,-3.533677517264522e-11,2.1329940244618761e-10,1.0036396887180832e-10
equilibrium_sigma_1_50,171.0,109.29218799906141,3.711470353545472,1.7351591194144618,2.052,2.134446824226172,1.3753776775905115,2.453545382921276,1.833970397389956,-0.1322668641996636,-0.7750055478280311,-1.7351591194144618,0.9109679788821445,-0.8241911405323172,-1.6221442000035338,2.026301495119429,-3.1247563452154736,-2.0310024679545142,0.40154538292127606,0.08244682422617178,1.6594703535454718,0.015860175037010454,0.021491744746233814,0.015800265250280422,0.003800265250280422,0.010279613463227057,0.016727392648796524,0.004727392648796524,0.003454888222176322,0.2842432280311528,0.07561040203173579,0.09380026525028043,0.043800265250280426,0.025371108829401988,0.974628891170598,0.14703194759029514,0.617165910977934,0.22219796158050184,0.20256406681708802,0.03771352394762344,0.00377897780402568,0.23170358531740373,0.7268039129309473,1.0,0.5714885951145022,0.5863653338124466,2.6120975865928213,0.060797880937874305,1.9289800931315608,0.5482995284795487,4.493411196266811,198.77504724944112,-2.220446049250313e-16,2.220446049250313e-16,-8.260059303211165e-14,-2.220446049250313e-16,0.0,-1.1415724615604361e-10,2.175730082210059e-11,-1.2095253618116253e-10,-5.879632197780538e-11
equilibrium_sigma_1_50,172.0,108.29218799906141,3.7273721149282406,1.7567592927151596,2.064,2.1502881463983163,1.3856504416208617,2.4703263035406415,1.8511843367377943,-0.12877160270185062,-0.7980765051185295,-1.7567592927151596,0.9621388260730213,-0.7946204666421384,-1.584422900002262,2.0376230141278384,-3.080044522218592,-1.9918631644072509,0.4063263035406415,0.08628814639831628,1.6633721149282406,0.015943735076881446,0.021708882792188553,0.01588276688059164,0.0038827668805916406,0.010265935182422466,0.01683497296234293,0.004834972962342931,0.003536028112538503,0.2844932329714898,0.0763072026896474,0.09388276688059165,0.043882766880591645,0.026032151728037297,0.9739678482719627,0.14870565212408196,0.616602430451559,0.22219740610590735,0.20312924992598042,0.038198968353667616,0.0038860159414448063,0.23179368587473548,0.726121329830152,0.9999999999999999,0.570367213076865,0.5856119522721663,2.6082585791500525,0.06143381856946729,1.958313083161513,0.5571268201989849,4.462109437273159,199.7506392909181,2.220446049250313e-16,0.0,-9.059419880941277e-14,-1.1102230246251565e-16,0.0,-3.7848314066168953e-10,7.469264790005425e-11,-4.0131337142312873e-10,-2.0036663821165757e-10
equilibrium_sigma_1_50,173.0,107.29218799906141,3.743358611813412,1.7785774443322182,2.076,2.166213147517588,1.3959095960668928,2.487216396809457,1.8685194849418374,-0.12519400778696177,-0.8213955510513504,-1.7785774443322182,1.0137849607734537,-0.7647924835587645,-1.5466218399968819,2.0489241875567066,-3.0350882723834527,-1.9526066028162556,0.4112163968094569,0.0902131475175878,1.667358611813412,0.016029659622253514,0.021927698770535718,0.015967637347780415,0.003967637347780415,0.010252401379902874,0.016945757339570378,0.004945757339570377,0.0036195686903273128,0.2847504162053952,0.07700673123764253,0.09396763734778042,0.04396763734778042,0.026712548572451124,0.9732874514275489,0.1504161608934199,0.6160265591658819,0.2221968319203639,0.20370896227746874,0.0386963932730542,0.003996626418109596,0.2318860864267367,0.7254208938820995,1.0,0.5692211722014086,0.5848438417309455,2.6043467949962027,0.06208243452553712,1.9882813921992826,0.5661639539621883,4.430296147998192,200.7255752392096,-4.440892098500626e-16,0.0,-1.0036416142611415e-13,-1.1102230246251565e-16,0.0,-5.274576435343459e-10,1.072679237101859e-10,-5.597003242818754e-10,-2.8648314970292077e-10
equilibrium_sigma_1_50,174.0,106.29218799906141,3.7594322499086594,1.8006152441828855,2.088,2.1822242395715663,1.4061553071111281,2.504218925783835,1.8859795273342952,-0.1215316373733355,-0.8449650740126149,-1.8006152441828855,1.065913017480689,-0.7347022267021965,-1.5087433019962746,2.0602044042016057,-2.989884993555614,-1.9132337721512611,0.4162189257838351,0.09422423957156623,1.6714322499086594,0.016118031638011898,0.022148176444747328,0.016054963581038008,0.004054963581038008,0.01023905596734194,0.01705986462319231,0.005059864623192311,0.003705593274450081,0.28501504115466064,0.07770879864802938,0.09405496358103801,0.04405496358103801,0.027412852615885264,0.9725871473841148,0.15216445294636685,0.6154379675080566,0.22219623826561344,0.20430368600517468,0.039206169769713306,0.004110938548108775,0.23198085044969116,0.7247020412324868,1.0000000000000002,0.5680498165259341,0.5840605832122805,2.600360710390591,0.06274401370435248,2.0188976113926467,0.5754161857981213,4.397963934026817,201.69983316289216,-4.440892098500626e-16,0.0,-1.1080025785759062e-13,-2.220446049250313e-16,0.0,-5.69690874335782e-10,1.1887306416991095e-10,-6.049818285225328e-10,-3.1690772402115375e-10
equilibrium_sigma_1_50,175.0,105.29218799906141,3.7755955196268367,1.822874345319123,2.1,2.198323923434201,1.4163877863982344,2.521337274988651,1.9035682888235745,-0.11778196444074385,-0.868787462967298,-1.822874345319123,1.118529743975298,-0.704344601343825,-1.470789664676635,2.071463037865302,-2.9444320103708135,-1.873745703486057,0.4213372749886508,0.09832392343420082,1.6755955196268366,0.01620893759673321,0.022370298318259513,0.016144836458409924,0.004144836458409924,0.01022594598092336,0.017177418953906454,0.005177418953906453,0.0037941884456493824,0.2852873832073028,0.0784132058935261,0.09414483645840993,0.04414483645840993,0.0281336287734751,0.9718663712265249,0.1539515360019288,0.614836316212684,0.22219562434867585,0.2049139225665918,0.039728682289916384,0.004229086421057598,0.2320780430329188,0.7239641882561073,1.0000000000000002,0.5668524708787076,0.5832617401539705,2.5962987739835612,0.0634188468313759,2.0501743877526164,0.584888886200578,4.365105443970974,202.67339025000683,6.661338147750939e-16,0.0,-1.219024881038422e-13,0.0,0.0,-5.164491889697587e-10,1.1012879150285038e-10,-5.488691445787452e-10,-2.937625438043101e-10
equilibrium_sigma_1_50,176.0,104.29218799906141,3.7918509996811163,1.8453563826597241,2.112,2.214514792919992,1.4266072942346004,2.5385749558583965,1.9212897402442213,-0.11394237368545701,-0.8928651065195732,-1.8453563826597241,1.1716420048980054,-0.6737143777617187,-1.4327634053923815,2.082699447326667,-2.8987265695760125,-1.8341434692789365,0.42657495585839644,0.1025147929199921,1.6798509996811162,0.016302467655841174,0.022594045618959967,0.016237351020052686,0.0042373510200526855,0.01021312173297654,0.017298550054611894,0.005298550054611894,0.00388544421192627,0.285567730363796,0.07911974364252053,0.09423735102005269,0.04423735102005269,0.028875453478153533,0.9711245465218464,0.15577844728733395,0.6142212560799309,0.22219498934012705,0.2055401936470905,0.04026432919529867,0.004351209069742606,0.23217773090599503,0.7232067308289637,1.0,0.5656284403174862,0.5824468574533779,2.59215940681064,0.06410723048721506,2.082124404972054,0.5945875406629387,4.331713382896559,203.6462227676823,0.0,0.0,-1.3500311979441904e-13,0.0,0.0,-3.820495551865033e-10,8.295054573781435e-11,-4.0635094594732024e-10,-2.2186905784815636e-10
equilibrium_sigma_1_50,177.0,103.29218799906141,3.808201360862417,1.868062971708094,2.124,2.2307995390578528,1.436814142942769,2.555935612462929,1.939148005042286,-0.11001015802550418,-0.9172003919560558,-1.868062971708094,1.2252567855604957,-0.6428061861475984,-1.3946671022094033,2.093912976344504,-2.852765835073154,-1.7944281825153343,0.431935612462929,0.10679953905785267,1.6842013608624167,0.016398715845277315,0.0228193982860552,0.016332606694569506,0.004332606694569505,0.010200636970184054,0.01742339352794886,0.00542339352794886,0.003979454157310158,0.2858563839229379,0.07982819195042687,0.09433260669456951,0.04433260669456951,0.029638914494738988,0.970361085505261,0.1576462543955343,0.6135924276868367,0.22219433237228867,0.20618304211269065,0.04081352331831199,0.004477450642520904,0.23227998246552123,0.7224290435736459,1.0,0.5643770095549919,0.5816154604562739,2.5879410023299223,0.06480946712669598,2.1147603622706694,0.6045177500222557,4.29778052670126,204.6183060198063,-4.440892098500626e-16,-2.220446049250313e-16,-1.4788170688007085e-13,-2.220446049250313e-16,0.0,-1.8430595244423031e-10,4.0604179740721946e-11,-1.9618361449258437e-10,-1.0911732281626563e-10
equilibrium_sigma_1_50,178.0,102.29218799906141,3.824649370009949,1.8909957072581978,2.136,2.247180954598138,1.4470087003774506,2.5734230275349654,1.9571473663159438,-0.10598251494824185,-0.9417957042735785,-1.8909957072581978,1.2793811960080057,-0.6116145112501921,-1.3565034359607444,2.1051029536998365,-2.806546882670002,-1.7546009957018789,0.4374230275349653,0.11118095459813793,1.6886493700099487,0.016497780266393966,0.02304633495957033,0.016430707539309315,0.004430707539309315,0.010188549038707688,0.017552091144956705,0.005552091144956705,0.004076315579526479,0.2861536592100282,0.08053831994737838,0.09443070753930932,0.04443070753930932,0.03042461068868766,0.9695753893113124,0.1595560561629773,0.6129494610917977,0.22219365253732345,0.20684303301460324,0.041376692541045,0.004607960580496144,0.2323848678013465,0.7216304790771124,1.0,0.5630974423708052,0.580767053886106,2.583641926506069,0.06552586508814978,2.1480949511178995,0.6146852305929736,4.2632997374893105,205.58961430265808,-2.220446049250313e-16,0.0,-1.6298074001497298e-13,-1.1102230246251565e-16,0.0,5.496839788898811e-11,-1.2247990816005583e-11,5.855648951835768e-11,3.313168663032773e-11
equilibrium_sigma_1_50,179.0,101.29218799906141,3.8411978941864824,1.914156162091449,2.148,2.263661938767286,1.457191393610217,2.5910411288172748,1.9752922742324415,-0.10185654269185163,-0.966653425193289,-1.914156162091449,1.3340224753527865,-0.5801336867386624,-1.3182751923248994,2.116268693280466,-2.7600666945214076,-1.7146630997002228,0.44304112881727464,0.11566193876728592,1.6931978941864823,0.016599763302818038,0.023274832972751548,0.016531762495575537,0.004531762495575537,0.01017691905660131,0.017684791209227058,0.005684791209227057,0.0041761297042697265,0.2864598863502289,0.08124988552252475,0.09453176249557554,0.04453176249557554,0.031233151745790187,0.9687668482542098,0.16150898356764182,0.6122919755322274,0.22219294888523244,0.2075207546487755,0.041954280398381616,0.004742893799480797,0.23249245872209998,0.7208103670800378,1.0000000000000002,0.56178898100968,0.5799011207103811,2.579260517944535,0.0662567385919384,2.1821408296756912,0.6250958140690928,4.228263979989652,206.56012085841084,-4.440892098500626e-16,-2.220446049250313e-16,-1.7918999617450027e-13,0.0,0.0,3.093957902378097e-10,-6.95131036065888e-11,3.298519964112234e-10,1.8960827526115498e-10
equilibrium_sigma_1_50,180.0,100.29218799906141,3.8578499050706703,1.9375458856675742,2.16,2.2802455022854584,1.4673627127903568,2.6087939957487256,1.9935873538438873,-0.09762923625181452,-0.9917759321630555,-1.9375458856675742,1.38918799639889,-0.5483578892686842,-1.2799852639268985,2.127409494211864,-2.713322153243367,-1.674615722388207,0.44879399574872547,0.12024550228545827,1.6978499050706701,0.01670477184410725,0.023504868347659642,0.016635885659769263,0.004635885659769263,0.010165812093913103,0.017821648881088947,0.005821648881088947,0.004279001832863116,0.2867754110902099,0.08196263500522297,0.09463588565976927,0.04463588565976927,0.0320651578388892,0.9679348421611108,0.1635062006472769,0.6116195791154168,0.22219222042174822,0.2082168196738742,0.042546746706501104,0.004882410876739149,0.23260282877991997,0.7199680136368398,1.0,0.5604508455663244,0.5790171209407072,2.5747950880798256,0.0670024077271744,2.216910594793119,0.6357554471720384,4.192666339065402,207.52979782640946,2.220446049250313e-16,-2.220446049250313e-16,-1.9606538614880265e-13,2.220446049250313e-16,0.0,5.47398456424153e-10,-1.2364730767044918e-10,5.84045433543734e-10,3.406556373791725e-10
equilibrium_sigma_1_50,181.0,99.29218799906141,3.8746084835796437,1.961166402812801,2.172,2.296934772663643,1.4775232151897748,2.62668586650954,2.0120374133257575,-0.09329748320286857,-1.0171655973504192,-1.961166402812801,1.444885270580221,-0.51628113223258,-1.241636652462454,2.1385246410387313,-2.6663100356810685,-1.634460127134878,0.4546858665095397,0.12493477266364295,1.7026084835796436,0.016812917523060106,0.023736415794263107,0.016743196571560585,0.004743196571560585,0.010155297360900616,0.017962826543982402,0.005962826543982402,0.004385041536547618,0.28710059567139573,0.08267630284344966,0.09474319657156059,0.04474319657156059,0.03292125923748321,0.9670787407625168,0.16554890543772133,0.6109318685026338,0.2221914661061194,0.2089318662914107,0.04315456821775924,0.005026678242489269,0.23271605329419656,0.7191027002455549,0.9999999999999999,0.5590822333567267,0.5781144903629096,2.5702439214216892,0.06776319842551404,2.252416751374415,0.6466701910198245,4.156500038362869,208.49861619212766,-2.220446049250313e-16,-2.220446049250313e-16,-2.1516122217235534e-13,-1.1102230246251565e-16,0.0,7.314491928811506e-10,-1.656506147529324e-10,7.810375887706833e-10,4.617196902589882e-10
equilibrium_sigma_1_50,182.0,98.29218799906141,3.891476824735777,1.9850192124090362,2.184,2.3137329997977383,1.4876735294403591,2.6447211454452795,2.030647452660408,-0.08885805932738577,-1.0428247866170084,-1.9850192124090362,1.5011219532163897,-0.4838972591926465,-1.203232470843275,2.1496134039617916,-2.619027006310966,-1.5941976110731653,0.4607211454452793,0.1297329997977381,1.7074768247357768,0.01692431696724714,0.023969448713378284,0.01685382052007959,0.004853820520079589,0.010145448404981775,0.018108494210800075,0.006108494210800074,0.0044943628663141055,0.28743581975781696,0.08339061128002097,0.0948538205200796,0.04485382052007959,0.03380209585594303,0.9661979041440569,0.16763833093023625,0.6102284285868205,0.22219068484878104,0.2096665594917729,0.04377823930228873,0.005175868376134867,0.23283220937333124,0.7182136829482452,1.0,0.5576823182767416,0.5771926391941264,2.5656052758930006,0.06853944242096954,2.2886716789362076,0.657846220191528,4.11975846015833,209.46654573376023,1.0758727242432542e-11,-2.220446049250313e-16,-2.362554596402333e-13,0.0,0.0,8.174147470008108e-10,-1.8508811844286654e-10,8.734822032341327e-10,5.227220340603411e-10
equilibrium_sigma_1_50,183.0,97.29218799906141,3.9084582427933023,2.0091057860880146,2.196,2.330643561878742,1.4978143599723708,2.6629044109041207,2.0494226728094493,-0.08430762403376946,-1.068755858536901,-2.0091057860880146,1.5579058492099693,-0.45119993687804527,-1.1647759453747741,2.160675039135108,-2.5714696102552765,-1.5538295031631026,0.4669044109041205,0.13464356187874182,1.7124582427933022,0.017039092067702738,0.024203939203717287,0.016967888870421367,0.004967888870421367,0.010136343316108323,0.018258829943551547,0.006258829943551546,0.004607084551633278,0.2877814814255193,0.08410527002579736,0.09496788887042137,0.04496788887042137,0.03470831673541196,0.965291683264588,0.16977574605213117,0.6095088321624491,0.22218987550890332,0.21042159237133187,0.04441827266121646,0.005330160007109448,0.2329513759385283,0.7173001913931459,1.0000000000000002,0.556250250145072,0.5762509506596495,2.560877383110122,0.06933147719371141,2.325687595126491,0.669289821458455,4.082435166405876,210.4335549660523,1.944266969644559e-11,0.0,-2.5845992013273644e-13,0.0,0.0,7.5335829241574e-10,-1.701140617260677e-10,8.056406756995482e-10,4.875533032855373e-10
equilibrium_sigma_1_50,184.0,96.29218799906141,3.9255561766415523,2.0334275669347366,2.208,2.3476699716395695,1.5079464916629055,2.681240423498634,2.068368485383465,-0.07964271555974012,-1.0949611633855283,-2.0334275669347366,1.6152449190876719,-0.4181826478470647,-1.1262704179552792,2.1717087890288256,-2.5236342658877704,-1.513357162020092,0.4732404234986336,0.1396699716395693,1.7175561766415521,0.017157370263370594,0.024439858073510137,0.017085539410497612,0.005085539410497612,0.010128064942079858,0.018414020281909416,0.006414020281909415,0.0047233302424842805,0.2881379982136291,0.084819975931776,0.09508553941049762,0.045085539410497616,0.03564057945495074,0.9643594205450493,0.17196245666470886,0.6087726395895481,0.22218903689181424,0.21119768752410495,0.045075200067952625,0.005489738320304524,0.23307363374399262,0.7163614278677503,1.0,0.554785154034645,0.5752887794895852,2.556058448806972,0.07013964589740229,2.3634765160210742,0.6810073921512346,4.044523921090543,211.3996110816512,-1.8414159086432846e-11,0.0,-2.8177460364986473e-13,-2.220446049250313e-16,0.0,4.789047977626915e-10,-1.0754973300830528e-10,5.12473119496093e-10,3.1324618940398175e-10
equilibrium_sigma_1_50,185.0,95.29218799906141,3.9427741954962663,2.057985968205197,2.22,2.36481588295697,1.5180707947064702,2.6997341347843653,2.0874905227919363,-0.07485974596530198,-1.1214430419436212,-2.057985968205197,1.6731472851491729,-0.384838683056024,-1.0877193482612615,2.1827138828615293,-2.4755172570049258,-1.4727819734612566,0.4797341347843651,0.14481588295696968,1.722774195496266,0.017279284837206033,0.024677174857421397,0.017206916717017705,0.0052069167170177046,0.010120701116560566,0.01857426071172341,0.006574260711723411,0.004843228722517523,0.288505808233387,0.0855344126640902,0.09520691671701771,0.04520691671701771,0.03659954946824906,0.9634004505317509,0.17419980656529985,0.608019398456349,0.22218816774629618,0.21199559850998728,0.04574957312796643,0.005654795166177837,0.23319906538165916,0.7153965663241966,1.0,0.553286129601249,0.5743054503408852,2.5511466538122614,0.07096429727078446,2.4020502130606,0.6930054381362278,4.006018714072862,212.3646798906467,-1.2597478615816726e-11,-4.440892098500626e-16,-3.0686564400639327e-13,0.0,0.0,-7.200117932426586e-11,1.66013140734389e-11,-7.990611991526286e-11,-4.9111026009796e-11
equilibrium_sigma_1_50,186.0,94.29218799906141,3.960116004916963,2.0827823720612972,2.232,2.382085097846346,1.528188229720292,2.718390696517335,2.1067946490966225,-0.06995499583467613,-1.1482038247723731,-2.0827823720612972,1.7316212388394123,-0.3511611332218849,-1.0491263160434103,2.1936895371127028,-2.427114724525881,-1.4321053478459598,0.4863906965173346,0.15008509784634594,1.7281160049169628,0.017404975245293358,0.024915857838160516,0.01733217255307299,0.00533217255307299,0.010114344891230271,0.018739756173502542,0.006739756173502542,0.004966914166626424,0.28888537137294845,0.08624825036915547,0.095332172553073,0.045332172553072994,0.03758589935626482,0.9624141006437352,0.1764891785441188,0.6072486432234799,0.22218726676172823,0.2128161114160216,0.04644196410120324,0.005825529274731873,0.23332775531328007,0.7144047513107848,1.0,0.5517522503754403,0.5733002561022192,2.5461401539108452,0.07180578552335634,2.441420166073389,0.7052905713535166,3.966913785928602,213.32872575505644,-8.337774914934926e-12,-2.220446049250313e-16,-3.3595348725157237e-13,0.0,0.0,-6.118571933833028e-10,1.3933625780948589e-10,-6.795558872563223e-10,-4.209396876203586e-10
equilibrium_sigma_1_50,187.0,93.29218799906141,3.977585453162816,2.1078181283281268,2.244,2.3994815738741044,1.538299853100512,2.7372154703348155,2.1262869713299795,-0.06492460876327444,-1.1752458310121496,-2.1078181283281268,1.7906752478086196,-0.3171428805195071,-1.0104950233583128,2.2046349561151426,-2.3784226576980387,-1.391328717051197,0.4932154703348153,0.15548157387410422,1.7335854531628159,0.017534587447578756,0.025155874074764384,0.017461466282089867,0.005461466282089867,0.010109094784812128,0.018910721588660806,0.006910721588660806,0.005094526420723611,0.2892771705517875,0.08696114534990892,0.09546146628208987,0.04546146628208987,0.03860030799653608,0.9613996920034639,0.17883199542148262,0.6064598948747676,0.22218633256509746,0.21366004650133555,0.04715296672646043,0.006002146474181773,0.23345978985745253,0.7133850969419053,1.0,0.5501825630676066,0.5722724561322454,2.541037081027532,0.07266447020593292,2.4815975125786345,0.7178695068871012,3.927203654567702,214.29171152303417,-5.311306949806749e-12,-2.220446049250313e-16,-3.652633751016765e-13,2.220446049250313e-16,0.0,-9.392148690723356e-10,2.1072265460331252e-10,-1.0439181151455923e-09,-6.511334423031645e-10
equilibrium_sigma_1_50,188.0,92.29218799906141,3.995186537863614,2.133094553290829,2.2560000000000002,2.4170094319615583,1.548406822607667,2.7562140380154116,2.1459738515230136,-0.05976458556306907,-1.2025713674458545,-2.133094553290829,1.8503179638835539,-0.2827765894072751,-0.9718292968798945,2.2155493327392115,-2.3294368848192724,-1.350453531180632,0.5002140380154114,0.16100943196155804,1.7391865378636138,0.01766827427611163,0.025397189436610276,0.017594965316033044,0.005594965316033044,0.010105055043758488,0.019087382405746922,0.007087382405746922,0.005226211252651325,0.289681713078888,0.08767273973450285,0.09559496531603305,0.04559496531603305,0.039643459638431335,0.9603565403615687,0.18122972112037172,0.6056526605561415,0.2221853637178494,0.21452825994030436,0.04788319709597543,0.0061848599132105315,0.23359525721143387,0.7123366857793801,0.9999999999999999,0.5485760868493509,0.5712212743850478,2.5358355438813147,0.0735407160546736,2.5225929927620485,0.7307490595441091,3.8868831432579323,215.25359845807372,-3.233857626128156e-12,-2.220446049250313e-16,-3.963496197911809e-13,0.0,0.0,-1.06598366939048e-09,2.350425999664285e-10,-1.1856860181180817e-09,-7.440668567393338e-10
equilibrium_sigma_1_50,189.0,91.29218799906141,4.01292341307968,2.158612928526016,2.2680000000000002,2.4346729646636556,1.558510403226761,2.775392212314842,2.1658619194008173,-0.054470778179251056,-1.2301827275287958,-2.158612928526016,1.9105582315182092,-0.24805469700780658,-0.9331330902292239,2.2264318491737276,-2.2801530634010327,-1.3094812549237278,0.5073922123148416,0.16667296466365533,1.7449234130796794,0.017806195822481913,0.025639768644425617,0.01773284559140583,0.005732845591405831,0.010102335915577142,0.019269975233271452,0.007269975233271452,0.005362120674146098,0.2900995320951692,0.08838266114822381,0.09573284559140584,0.045732845591405835,0.04071604288059994,0.9592839571194001,0.18368386175143997,0.6048264332103486,0.22218435871257936,0.21542164566892516,0.048633294562799946,0.0063738902870103375,0.23373424745903285,0.7112585676911568,0.9999999999999999,0.5469318126265351,0.5701458974346838,2.5305336288609324,0.07443489281066482,2.5644168899812145,0.7439361398804993,3.845947410175637,216.21434616553938,-1.865174681370263e-12,0.0,-4.296563105299356e-13,-1.1102230246251565e-16,0.0,-1.0091180425997326e-09,2.1812022674150278e-10,-1.1232336102895424e-09,-7.085924850352976e-10
equilibrium_sigma_1_50,190.0,90.29218799906141,4.03080039676454,2.184374499776836,2.2800000000000002,2.4524766449440767,1.5686119733101924,2.794756048419767,2.1859580858021923,-0.049038883299797664,-1.2580821904407917,-2.184374499776836,1.9714050968429035,-0.2129694029339324,-0.8944104863328395,2.237281677811248,-2.2305666697458135,-1.2684133635466253,0.5147560484197666,0.17247664494407644,1.7508003967645394,0.017948519849340497,0.025883575318750872,0.017875292076761314,0.005875292076761313,0.010101053935728504,0.019458748439227236,0.007458748439227236,0.005502413240598969,0.29053118811139794,0.08909052238765626,0.09587529207676132,0.04587529207676132,0.04181874954418848,0.9581812504558115,0.1861959667130941,0.6039806912065917,0.22218331596955507,0.21634113734152532,0.049403922685402606,0.006569466066759766,0.2338768525714599,0.7101497586763779,1.0,0.5452487023022269,0.5690454723914181,2.5251294010026735,0.07534737501237043,2.6070789664852727,0.7574377496332017,3.804391979522463,217.17391251596652,-1.0080825063596421e-12,-2.220446049250313e-16,-4.660716257376407e-13,0.0,0.0,-7.914871431868864e-10,1.6728168503177265e-10,-8.816012780910043e-10,-5.586542894953084e-10
equilibrium_sigma_1_50,191.0,89.29218799906141,4.04882197865219,2.2103804758804575,2.2920000000000003,2.4704251354745836,1.5787130310148,2.814311856057591,2.206269556869207,-0.04346443564060776,-1.2862720201670337,-2.2103804758804575,2.032867817355495,-0.17751265852496267,-0.8556656998130623,2.248097982245692,-2.180672987907732,-1.2272513384882096,0.5223118560575908,0.17842513547458339,1.7568219786521895,0.018095422228736335,0.02612857203642264,0.0180224993143629,0.006022499314362901,0.010101332229287618,0.019653962839427663,0.007653962839427663,0.005647254393004175,0.29097727064958456,0.08979592109752282,0.09602249931436291,0.046022499314362905,0.04295227343539867,0.9570477265646014,0.18876762980545006,0.6031148979654984,0.22218223383306335,0.21728771040507483,0.05019577021084375,0.006771823732185474,0.2340231664030613,0.7090092396539094,0.9999999999999999,0.5435256880303484,0.5679191047048164,2.519620905076368,0.07627854175880777,2.65058839403728,0.7712609765124334,3.76221277426286,218.1322535649408,-5.027089855502709e-13,-4.440892098500626e-16,-5.03597163969971e-13,2.220446049250313e-16,0.0,-4.4286666348036796e-10,9.12848963086077e-11,-4.936207137484772e-10,-3.139664257745256e-10
equilibrium_sigma_1_50,192.0,88.29218799906141,4.0669928285967325,2.236632027756325,2.3040000000000003,2.4885232984940484,1.5888152010482701,2.834066212304321,2.22680384905582,-0.03774280088603543,-1.3147544646137064,-2.236632027756325,2.0949558723022927,-0.14167615545403223,-0.8169030794123664,2.2588799183906225,-2.1304670979979727,-1.1859966625301215,0.5300662123043209,0.18452329849404814,1.7629928285967322,0.018247087409197504,0.026374720395721276,0.018174671998583573,0.006174671998583573,0.010103300828375659,0.01985589244357655,0.00785589244357655,0.005796816817671413,0.2914383999957078,0.09049843945104596,0.09617467199858358,0.04617467199858358,0.044117308990808395,0.9558826910091917,0.19140049035683868,0.6022285015798643,0.22218111056757117,0.21826238429917483,0.05100955209789571,0.006981208006821752,0.23417328468109427,0.7078359552141883,1.0,0.541761671460918,0.5667658558488414,2.514006166785615,0.0772287764411862,2.69495367911353,0.7854129883033933,3.7194061505232567,219.08932346943715,-2.2426505097428162e-13,-2.220446049250313e-16,-5.442313266712517e-13,0.0,0.0,-1.0723991139549582e-12,2.1505366931684478e-13,-1.1961404089433358e-12,-7.630927140178656e-13
equilibrium_sigma_1_50,193.0,87.29218799906141,4.0853178053940855,2.2631302874641652,2.316,2.506776206265245,1.5989202417412036,2.8540259751355106,2.247568805008153,-0.031869168263176206,-1.3435317547648418,-2.2631302874641652,2.1576789737996136,-0.10545131366455163,-0.7781271104542644,2.269626635726951,-2.079943863794235,-1.1446508145069094,0.5380259751355108,0.19077620626524538,1.7693178053940857,0.01840370891363083,0.026621981090874464,0.018332025593861344,0.006332025593861344,0.01010709700645681,0.020064825183574442,0.008064825183574442,0.0059512808148198815,0.2919152290723071,0.09119764383474568,0.09633202559386135,0.04633202559386135,0.04531454979866877,0.9546854502013312,0.19409623436134896,0.6013209344316792,0.22217994435369423,0.2192662247904082,0.05184601058149788,0.007197872095523597,0.23432730498855647,0.706628812334422,0.9999999999999999,0.5399555229778962,0.5655847408840536,2.5082831940884636,0.07819846644060591,2.7401825823384676,0.7999010262232797,3.675968933691117,220.04507440049792,-8.837375276016246e-14,-2.220446049250313e-16,-5.855316231873076e-13,0.0,0.0,4.867517500173335e-10,-9.465889877491307e-11,5.432360776491674e-10,3.4737053164479725e-10
equilibrium_sigma_1_50,194.0,86.29218799906141,4.10380196611766,2.289876347341476,2.328,2.5251891521704612,1.6090300524622814,2.8741982977685714,2.2685726103727513,-0.025838542726543068,-1.3726061038874469,-2.289876347341476,2.2210470787508134,-0.06882926859066263,-0.7393424173435119,2.2803372786892933,-2.0290979196103063,-1.103215263519599,0.5461982977685715,0.1971891521704614,1.7758019661176605,0.018565489870281476,0.026870313996660174,0.018494786995277283,0.006494786995277283,0.01011286563069248,0.020281063748406325,0.008281063748406325,0.0061108347004790176,0.2924084454402342,0.09189308453866883,0.09649478699527729,0.04649478699527729,0.04654468698919364,0.9534553130108063,0.19685659562571015,0.6003916128060109,0.2221787332839625,0.2203003464504025,0.05270591627994933,0.0074220779237262014,0.23448532673894906,0.7053866790573754,1.0,0.5381060809307742,0.5643747258920307,2.502449978645027,0.07918800278927646,2.786282031798046,0.8147323974761238,3.6318984562482894,220.99945645213103,-2.842170943040401e-14,-2.220446049250313e-16,-6.306066779870889e-13,-1.1102230246251565e-16,0.0,9.626648367344615e-10,-1.8107329524674753e-10,1.07504513971457e-09,6.88575706869754e-10
equilibrium_sigma_1_50,195.0,85.29218799906141,4.122450576002223,2.316871259230997,2.34,2.543767662490161,1.6191466813952038,2.89459064384822,2.2898238115932634,-0.019645736727995633,-1.4019797067926514,-2.316871259230997,2.285070401617837,-0.031800857613160094,-0.7005537661089662,2.291010988200689,-1.9779236563787579,-1.061691462612859,0.5545906438482202,0.20376766249016098,1.7824505760022236,0.018732643579166597,0.02711967826390731,0.01866319523509761,0.006663195235097608,0.0101207595336513,0.02050492645011559,0.00850492645011559,0.006275675230593691,0.29291877343968975,0.09258429545312531,0.09666319523509762,0.04666319523509761,0.04780840748666622,0.9521915925133337,0.19968335692361008,0.5994399365023847,0.22217747535837487,0.22136591528769126,0.05359006934625502,0.007654096377873898,0.2346474511416669,0.7041083831342042,1.0,0.5362121508611812,0.5631347252771217,2.4965044973984183,0.08019777979256373,2.833258029858536,0.8299144669443143,3.5871925973687664,221.95241754630808,-7.549516567451064e-15,0.0,-6.770140004164205e-13,0.0,0.0,1.356264205110147e-09,-2.460091470812831e-10,1.5155156782298285e-09,9.716971689083254e-10
equilibrium_sigma_1_50,196.0,84.29218799906141,4.141269118912648,2.344116033809453,2.352,2.562517508912421,1.6292723336974406,2.915210803530594,2.311331334760329,-0.01328536154476545,-1.4316547391611318,-2.344116033809453,2.3497594281105862,0.005643394301133142,-0.6617660669928984,2.3016469033658717,-1.9264152068963245,-1.0200808418725322,0.5632108035305943,0.21051750891242094,1.7892691189126482,0.018905394116597085,0.027370032426754707,0.018837502238926697,0.006837502238926697,0.010130939905794514,0.020736748160832263,0.008736748160832263,0.006446008080640553,0.29344697648159607,0.09327079377310012,0.0968375022389267,0.0468375022389267,0.04910639211601313,0.9508936078839869,0.20257835115531236,0.5984652884443782,0.2221761684797329,0.2224641515442235,0.05449930066503644,0.007894207546365483,0.23481378115653745,0.7027927106320605,1.0,0.5342725047259407,0.5618635989307483,2.4904447142958306,0.08122819460902284,2.8811155531020085,0.8454546479518859,3.5418498243062486,222.9039033339438,-4.440892098500626e-16,2.220446049250313e-16,-7.240874566605271e-13,-1.1102230246251565e-16,0.0,1.5827856282568664e-09,-2.7598935289918636e-10,1.7696959939139667e-09,1.1351437203405146e-09
equilibrium_sigma_1_50,197.0,83.29218799906141,4.160263308436961,2.3716116400298195,2.364,2.581444721824689,1.6394093800623086,2.9360669105256543,2.3331045055842647,-0.006751818136304433,-1.4616333569419713,-2.3716116400298195,2.4151249298624675,0.04351328983264802,-0.6229843770911203,2.3122441633338027,-1.8745664301777247,-0.9783848008964019,0.5720669105256544,0.21744472182468932,1.796263308436961,0.01908397698059855,0.027621334522596627,0.019017973635454745,0.007017973635454745,0.010143576710286466,0.020976881296430605,0.008976881296430605,0.006622048305260364,0.293993859501378,0.09395207971160757,0.09701797363545475,0.04701797363545475,0.05043931355633537,0.9495606864436646,0.2055434625102053,0.5974670342882309,0.2221748104487439,0.22359633266823656,0.05543447309642216,0.008142700960279647,0.23498442143576384,0.7014384045075344,1.0,0.5322858801181624,0.5605601492535481,2.4842685821564316,0.08227964678541538,2.929858444974404,0.8613603920307308,3.495869235591048,223.85385709173948,0.0,-4.440892098500626e-16,-7.744915819785092e-13,2.220446049250313e-16,0.0,1.5409595023607725e-09,-2.5744194276366983e-10,1.7239518007583499e-09,1.1056204354820132e-09
equilibrium_sigma_1_50,198.0,82.29218799906141,4.179439099645737,2.399359004690253,2.376,2.600555604443368,1.6495603657075708,2.9571674601613918,2.355153070564625,-3.92874985681857e-05,-1.4919176958329337,-2.399359004690253,2.4811779801623373,0.08181897547208417,-0.584213903048389,2.3228019093406247,-1.822370894859624,-0.9366047005865327,0.5811674601613919,0.2245556044433683,1.8034390996457375,0.019268639780234686,0.02787354222572238,0.01920488962413288,0.00720488962413288,0.010158849121860457,0.021225696877902323,0.009225696877902322,0.006804020880046835,0.29456027158828146,0.09462763622340195,0.09720488962413289,0.047204889624132884,0.051807834133768535,0.9481921658662315,0.20858062762947088,0.5964445220314115,0.22217339895888386,0.22476379647606695,0.05639648276816507,0.008399875833057282,0.235159478251209,0.7000441631475687,1.0,0.5302509794882545,0.5592231180309718,2.4779740446975462,0.08335253774358041,2.9794893007286714,0.8776391776170163,3.4492506060513146,224.80221961478196,1.6746604103445861e-12,-2.220446049250313e-16,-8.257838857161914e-13,0.0,0.0,1.1104585272148082e-09,-1.771320416732447e-10,1.2431231079246263e-09,7.967313631757067e-10
equilibrium_sigma_1_50,199.0,81.29218799906141,4.198802701565206,2.4273590121438593,2.388,2.619856747842514,1.6597280198151132,2.978521328542577,2.3774872194418792,0.006858279520588706,-1.5225098708656062,-2.4273590121438593,2.5479299708444962,0.12057095870063694,-0.5454600038193811,2.3333192869450397,-1.7698218615924062,-0.89474185421098,0.590521328542577,0.2318567478425142,1.8108027015652057,0.019459642972554494,0.02812661299568924,0.019398545905742574,0.007398545905742574,0.010176945991389273,0.021483585637138702,0.009483585637138702,0.006992161230012783,0.29514710880528056,0.09529692874018768,0.09739854590574258,0.04739854590574258,0.053212603445652075,0.946787396554348,0.21169183676717862,0.5953970816217165,0.2221719315910096,0.22596794451688154,0.05738626041841601,0.008666041298176495,0.23533905940572702,0.6986086388776804,0.9999999999999999,0.5281664693659903,0.5578511831570122,2.4715590386944504,0.08444727021559364,3.030009344216616,0.8942984975985183,3.4019944336499597,225.74892910473156,-4.440892098500626e-16,0.0,-8.779643678735738e-13,0.0,0.0,1.4968658951231006e-10,-2.2707117436349122e-11,1.6765936208806842e-10,1.0731202385039218e-10
equilibrium_sigma_1_50,200.0,80.29218799906141,4.218360590417856,2.4556125041634105,2.4,2.639355046953617,1.669915265455563,3.000137792870468,2.4001176090038445,0.013947172979525746,-1.5534119760678002,-2.4556125041634105,2.6153926303586417,0.1597801261952312,-0.5067281934860057,2.3437954484674886,-1.7169122643412655,-0.8527975176592306,0.6001377928704681,0.2393550469536172,1.8183605904178557,0.019657260647752153,0.028380504241800667,0.01959925467986915,0.00759925467986915,0.010198066338136021,0.02175095924261683,0.00975095924261683,0.0071867158468741366,0.2957553172117247,0.0959594049208038,0.09759925467986916,0.047599254679869155,0.05465425580894098,0.945345744191059,0.21487913494314662,0.5943240245691407,0.22217040580771083,0.22721024565460646,0.05840477278742612,0.008941516643942207,0.23552327411880836,0.6971304364498233,1.0,0.5260309795880918,0.556442955204946,2.465021496375089,0.08556424762448209,3.081418296122473,0.9113458456317143,3.3541019881521223,226.69392105382565,4.440892098500626e-16,0.0,-9.321432514752814e-13,0.0,0.0,-1.0234345627913033e-09,1.4581672674873758e-10,-1.1919629276657684e-09,-7.535023681393138e-10
equilibrium_sigma_1_50,201.0,79.29218799906141,4.238119523716629,2.4841202799741615,2.412,2.6590577176456702,1.6801252300473193,3.022026553031308,2.423055388365404,0.021233935234172385,-1.5846260842767064,-2.4841202799741615,2.6835780432324814,0.19945776325831988,-0.4680241441417152,2.354229555645999,-1.6636346904877888,-0.810772878819108,0.6100265530313083,0.2470577176456703,1.8261195237166294,0.019861781362234057,0.028635173505083003,0.019807345714480416,0.007807345714480416,0.010222419869280169,0.022028251593919634,0.010028251593919634,0.007387942917436163,0.2963858961044861,0.0966144944190871,0.09780734571448042,0.04780734571448042,0.05613340752482617,0.9438665924751738,0.2181446230906917,0.5932246435594671,0.22216881894738977,0.2284922398863719,0.05945302406491218,0.009226631544335158,0.2357122328709103,0.6956081115198424,1.0,0.5238431025292365,0.5549969738366547,2.4583593478976944,0.08670387340585126,3.13371423314788,0.928788701126917,3.30557536148122,227.63712812473278,4.440892098500626e-16,0.0,-9.85433956657289e-13,2.220446049250313e-16,0.0,-1.783230795665558e-09,2.383722351451123e-10,-2.0781209218723173e-09,-1.3102400466674657e-09
equilibrium_sigma_1_50,202.0,78.29218799906141,4.258086555157877,2.5128830964888573,2.424,2.6789723148385587,1.6903612563045463,3.044197754483748,2.4463122257935055,0.028725372958649853,-1.6161542470675354,-2.5128830964888573,2.752498670883334,0.23961557439447656,-0.42935368888331116,2.364620782523892,-1.6099813597805404,-0.7686690460560046,0.620197754483748,0.25497231483855876,1.8340865551578767,0.020073509043566085,0.028890578658303367,0.020023167499353185,0.008023167499353185,0.010250227537026771,0.02231592016510575,0.010315920165105751,0.0075961129963886265,0.2970399015131915,0.09726160866310529,0.09802316749935319,0.04802316749935319,0.05765065394978263,0.9423493460502174,0.22149045918737087,0.5920982120735852,0.22216716821805985,0.22981554240627125,0.06053205738848458,0.009521726284003409,0.2359060472569344,0.6940401690705776,1.0,0.5216013923444615,0.5535117040519127,2.4515705240801764,0.0878665502670539,3.18689343766247,0.9466345128562962,3.2564175200637964,228.57848002467213,1.7763568394002505e-15,0.0,-1.0405010186786967e-12,2.220446049250313e-16,0.0,-2.13897838330368e-09,2.6675640515949617e-10,-2.4942348568479655e-09,-1.567741495650532e-09
equilibrium_sigma_1_50,203.0,77.29218799906141,4.278269050456725,2.541901668750323,2.436,2.6991067518172467,1.7006269137626064,3.066662012576913,2.469900337203274,0.036428569876307826,-1.6479984948380868,-2.541901668750323,2.8221673739740236,0.28026570522370076,-0.39072282490010757,2.3749683185822676,-1.5559441019621272,-0.7264870356798758,0.6306620125769129,0.26310675181724674,1.842269050456725,0.020292763958389012,0.029146678126103033,0.02024708848606984,0.00824708848606984,0.010281722130256545,0.02261444750573105,0.01061444750573105,0.007811509745714318,0.2977184499577874,0.09790014065381454,0.09824708848606985,0.048247088486069845,0.059206566365908805,0.9407934336340912,0.22491885936930933,0.5909439840123325,0.22216545069085225,0.2311818479388276,0.06164295639784649,0.009827151976347367,0.23610482980935718,0.692425061816449,1.0,0.5193043642225627,0.5519855322720494,2.4446529592909307,0.08905267937959076,3.2409502373440158,0.9648906810523834,3.2066323588919246,229.5179033748776,9.769962616701378e-15,-2.220446049250313e-16,-1.0940137684656293e-12,-1.1102230246251565e-16,0.0,-2.1155599737310293e-09,2.4458715261466146e-10,-2.468504255170867e-09,-1.5460938380257305e-09
equilibrium_sigma_1_50,204.0,76.29218799906141,4.298674704195637,2.5711766706025942,2.448,2.719469320851223,1.7109260109251991,3.089430438398116,2.493832516438143,0.04435090025341548,-1.6801608370532504,-2.5711766706025942,2.8925974364111395,0.3214207658085453,-0.3521377166590516,2.385271372130977,-1.5015143329669636,-0.6842277583001365,0.6414304383981162,0.2714693208512231,1.850674704195637,0.02051988374498019,0.029403431127061924,0.020479498421642074,0.008479498421642074,0.010317148903480455,0.02292434281736533,0.010924342817365328,0.008034430725167852,0.2984227224898245,0.09852946478653117,0.09847949842164208,0.04847949842164208,0.06080168864318816,0.9391983113568119,0.22843209902350511,0.5897611933287533,0.22216366329321896,0.23259293536230868,0.06278684684490095,0.010143270773263064,0.2363086937771126,0.6907611886047235,1.0000000000000002,0.5169504936542515,0.5504167622569931,2.4376045945390215,0.09026265950084746,3.2958768343490594,0.9835645378975906,3.1562247572542015,230.45532157548135,3.6415315207705135e-14,0.0,-1.1477485628574868e-12,0.0,0.0,-1.7501768229122305e-09,1.8621945999108824e-10,-2.043529352679929e-09,-1.2748650989047317e-09
equilibrium_sigma_1_50,205.0,75.29218799906141,4.319311557741664,2.600708735615725,2.46,2.740068715198159,1.7212626080608342,3.1125146662535386,2.51812216746088,0.052500043206177516,-1.7126432626715828,-2.600708735615725,2.9638025911104036,0.36309385549467876,-0.31360469920768175,2.395529173973599,-1.4466830296101751,-0.6418920039846185,0.6525146662535386,0.2800687151981589,1.8593115577416643,0.020755224519669935,0.029660797939323535,0.02072080978524988,0.008720809785249879,0.010356766247425903,0.023246143616706405,0.011246143616706405,0.008265188216061148,0.2991539690462118,0.09914893669601184,0.09872080978524989,0.04872080978524988,0.062436533685122496,0.9375634663148775,0.23203251385291948,0.588549053669517,0.22216180280182252,0.23405067264258905,0.06396489826082387,0.010470456064663304,0.23651775286571589,0.6890468928087968,0.9999999999999999,0.5145382157185439,0.5488036108541564,2.430423380766489,0.09149688602063218,3.351663123509474,1.0026633263036828,3.1052006361099274,231.3906546654555,1.0347278589506459e-13,-2.220446049250313e-16,-1.2005951788296443e-12,-2.220446049250313e-16,0.0,-1.09471718495735e-09,1.0629036192866259e-10,-1.2791087876384832e-09,-7.945059974506785e-10
equilibrium_sigma_1_50,206.0,74.29218799906141,4.340188018309057,2.630498458288764,2.472,2.7609140525994067,1.7316410306920234,3.13592688289921,2.542783338592868,0.060883997882242635,-1.7454477407736684,-2.630498458288764,3.035797047666045,0.4052985893772809,-0.27513028160907327,2.405740981362014,-1.3914407026595361,-0.5994804261177181,0.6639268828992102,0.2889140525994067,1.868188018309057,0.02099916206305366,0.029918740191752446,0.020971459337470653,0.008971459337470653,0.010400846404921706,0.02358041760519569,0.011580417605195691,0.008504110162732559,0.29991351314385045,0.09975789312768388,0.09897145933747066,0.04897145933747066,0.0641115796497213,0.9358884203502786,0.23572250090881908,0.5873067580273642,0.22215986583510106,0.23555702210093138,0.06517832568097565,0.010809092665838824,0.2367321209331426,0.687280460720043,1.0000000000000002,0.5120659243910911,0.547144203578711,2.423107282349335,0.09275574992793312,3.4082964990633373,1.0221941768699718,3.053567017027916,232.32381917753818,2.5002222514558525e-13,2.220446049250313e-16,-1.2505552149377763e-12,0.0,0.0,-2.1849613437985305e-10,1.9165266595955188e-11,-2.554911594787601e-10,-1.57944679904376e-10
equilibrium_sigma_1_50,207.0,73.29218799906141,4.361312879250157,2.6605463955575255,2.484,2.782014900384863,1.7420658838244474,3.1596798586494215,2.567830758950552,0.06951109958344359,-1.7785762214139298,-2.6605463955575255,3.1085955220729122,0.44804912651538675,-0.23672115052468756,2.4159060822566882,-1.3357773681728466,-0.5569935238422316,0.6756798586494215,0.2980149003848629,1.877312879250157,0.021252093092477206,0.030177221182792993,0.02123190979237293,0.009231909792372931,0.010449676236135581,0.02392776453641332,0.01192776453641332,0.008751541094031978,0.30070275694658466,0.1003556518377832,0.09923190979237294,0.049231909792372935,0.06582726593791696,0.934172734062083,0.23950451958435973,0.5860334784065989,0.2221578488454996,0.23711404604097855,0.0664283914283821,0.011159576990523916,0.23695191163523013,0.6854601199458639,1.0,0.509531971878479,0.5454365700258349,2.4156542808134245,0.0940396366931389,3.465761649431895,1.0421640829039134,3.001332082593305,233.25472798808207,5.422329252269265e-13,-2.220446049250313e-16,-1.2996270726262082e-12,-1.1102230246251565e-16,0.0,7.885859673595341e-10,-6.173107164331171e-11,9.228477391987067e-10,5.675971203461527e-10
equilibrium_sigma_1_50,208.0,72.29218799906141,4.382695341664228,2.6908530686359917,2.496,2.803381302315645,1.7525420669676235,3.1837869805004795,2.593279877240723,0.07839003690266955,-1.812030636719602,-2.6908530686359917,3.182213268662922,0.49136020002693037,-0.1983841739631389,2.4260237999093506,-1.2796825169729353,-0.5144316229577685,0.6877869805004795,0.30738130231564487,1.8866953416642276,0.021514436627897426,0.03043620622941447,0.021502651623988546,0.009502651623988546,0.01050355803766968,0.024288818369910814,0.012288818369910814,0.009007843240205204,0.30152318673935924,0.10094151152536054,0.09950265162398855,0.04950265162398855,0.06758398894158624,0.9324160110584138,0.24338109256288357,0.5847283655038292,0.22215574811135635,0.23872391276230306,0.06771640695634226,0.011522317207313837,0.23717723801359092,0.6835840378227531,1.0000000000000002,0.506934667982868,0.5436786391167083,2.408062378771256,0.09534892506078971,3.5240403395617936,1.0625798733827256,2.948505238166381,234.18329016177245,1.0764722446765518e-12,0.0,-1.3440359936112145e-12,-1.1102230246251565e-16,0.0,1.812404427925518e-09,-1.2471519303391965e-10,2.1228152222163565e-09,1.298530425547506e-09
equilibrium_sigma_1_50,209.0,71.29218799906141,4.4043450374213275,2.721418965222733,2.508,2.825023807305157,1.7630747900033443,3.208262287419623,2.6191469030904257,0.08752986995463585,-1.8458129022629157,-2.721418965222733,3.256666114431757,0.5352471492090238,-0.16012640521500554,2.4360934977852655,-1.223145082120954,-0.4717948551355156,0.7002622874196232,0.3170238073051568,1.8963450374213275,0.021786635458907258,0.0306956630487762,0.021784205019950716,0.009784205019950715,0.010562810420517325,0.02466424948721624,0.012664249487216239,0.00927339762313295,0.3023763788483355,0.10151475179935396,0.09978420501995072,0.04978420501995072,0.06938209754351368,0.9306179024564863,0.2473548067138591,0.5833905484063341,0.222153559728435,0.24038890299008076,0.06904373475052193,0.011897733376848652,0.2374082120181539,0.6816503198544754,0.9999999999999999,0.5042722795017144,0.5418682341814215,2.4003296040852247,0.09668398574776364,3.5831111803648,1.0834481837296934,2.8950971748563363,235.1094107911743,1.98641103565933e-12,0.0,-1.3868906023617456e-12,-2.220446049250313e-16,0.0,2.710412654732819e-09,-1.6079646641964374e-10,3.1776016748419345e-09,1.932528930284616e-09
equilibrium_sigma_1_50,210.0,70.29218799906141,4.426272053706447,2.7522445421064687,2.52,2.846953500172588,1.7736695899634292,3.2331205079619982,2.6454488511027923,0.09694004978783832,-1.8799249187351246,-2.7522445421064687,3.33197049594745,0.5797259538409811,-0.12195508699641655,2.446114584842841,-1.1661534042360346,-0.42908313529445924,0.7131205079619982,0.32695350017258784,1.9062720537064473,0.022069157721486557,0.030955562175524275,0.022077121996528913,0.010077121996528913,0.010627769252453286,0.025054767112120402,0.013054767112120402,0.009548605313103309,0.30326400605008763,0.1020746331841689,0.10007712199652892,0.05007712199652892,0.07122188836180628,0.9287781116381937,0.25142831392881204,0.5820191343106332,0.22215127960109388,0.24211141675288228,0.07041179029066097,0.012286257566924355,0.23764494395547717,0.6796570081869375,1.0,0.5015430296676959,0.5400030678835295,2.3924540142625417,0.09804518004164309,3.64294938480643,1.1047754242741001,2.8411199335497,236.03299083108138,3.4576785878925875e-12,-2.220446049250313e-16,-1.4237500067793007e-12,0.0,0.0,3.306812053349706e-09,-1.6480366377136235e-10,3.880747254797479e-09,2.3458091302774875e-09
equilibrium_sigma_1_50,211.0,69.29218799906141,4.448486959198145,2.783330228207977,2.532,2.869182034597912,1.7843323487841993,3.258377100393175,2.6722035878474437,0.10663043907348868,-1.914368573953956,-2.783330228207977,3.408143499050136,0.624813270842159,-0.08387765582681705,2.4560865211888046,-1.1086951944951986,-0.38629613696780585,0.7263771003931749,0.33718203459791196,1.9164869591981448,0.022362498593910693,0.031215877417947763,0.022381988690919126,0.010381988690919126,0.010698788671066758,0.025461121904157835,0.013461121904157835,0.009833888725552242,0.30418784451793673,0.1026203971674716,0.10038198869091913,0.05038198869091913,0.07310360073148862,0.9268963992685114,0.2556043318889915,0.5806132082640395,0.2221489034330831,0.24389398074317442,0.07182204407176294,0.01268833394242026,0.23788754185292163,0.6776020801328952,1.0,0.4987450976343756,0.5380807369928027,2.3844337010864005,0.09943285829386135,3.703526510221168,1.1265677462592134,2.786586969808129,236.95392692765344,5.727862628646108e-12,0.0,-1.4557244298885053e-12,-1.1102230246251565e-16,0.0,3.386990899550968e-09,-1.3671262039105514e-10,3.9792440696684306e-09,2.390012422345822e-09
equilibrium_sigma_1_50,212.0,68.29218799906141,4.4710008320057435,2.8146764280989554,2.544,2.8917216684641813,1.7950693121116623,3.2840482955107557,2.6994298820132245,0.11661133417655423,-1.9491457452392544,-2.8146764280989554,3.485202901571564,0.6705264734726089,-0.04590174666948954,2.4660088241276874,-1.0507574951317937,-0.34343326546987296,0.7400482955107557,0.3477216684641813,1.9270008320057435,0.02266718212223169,0.03147658635658066,0.02269942784849629,0.010699427848496288,0.010776242174377108,0.025884108780793724,0.013884108780793724,0.010129693106541993,0.30514978135907966,0.10315126629417813,0.1006994278484963,0.05069942784849629,0.07502741141624333,0.9249725885837566,0.25988564475586273,0.5791718329321929,0.2221464267179626,0.24573925619795672,0.07327602368432952,0.01310441882663623,0.23813611072760973,0.6754834467614246,1.0,0.4958766180135719,0.5360987170147584,2.3762667954875023,0.1008473583020985,3.7648101864666503,1.1488310052587343,2.7315132194230674,237.8721112423436,9.097167463778533e-12,-4.440892098500626e-16,-1.4830359162942841e-12,0.0,0.0,2.6911134536067305e-09,-8.320708011488875e-11,3.1655016489995358e-09,1.888613307410303e-09
equilibrium_sigma_1_50,213.0,67.29218799906141,4.493825289500103,2.8462835260422032,2.556,2.9145853017916274,1.805887109238691,3.310151142376499,2.727147457972336,0.12689348872451678,-1.9842583021952656,-2.8462835260422032,3.56316721932464,0.716883693282437,-0.008035197866781196,2.4758810746248026,-0.9923266372331999,-0.30049362865301676,0.7541511423764988,0.3585853017916274,1.9378252895001031,0.022983763186836856,0.03173767088924476,0.023030101524823286,0.011030101524823286,0.01086052379678816,0.02632456989504206,0.01432456989504206,0.010436488027121271,0.3061518228024948,0.10366644431093072,0.1010301015248233,0.05103010152482329,0.07699342904353788,0.9230065709564621,0.2642751037748433,0.5776940483958027,0.22214384472913337,0.24765004734000093,0.07477531595286355,0.013534980730317774,0.23839075174777016,0.6732989515690486,1.0,0.49293568047085495,0.5340543566878968,2.367951472659264,0.10228900357628146,3.8267638295731294,1.171570721858469,2.675915164385543,238.78743127063493,1.3930634423786614e-11,0.0,-1.5027978861326119e-12,2.220446049250313e-16,0.0,9.067437321819138e-10,-1.951006023404034e-11,1.0679882221642512e-09,6.327811885586954e-10
equilibrium_sigma_1_50,214.0,66.29218799906141,4.516972520193748,2.8781518906012646,2.568,2.9377865174972064,1.8167927742689913,3.3367035571939114,2.755377053029813,0.13748813880455701,-2.0197081099418757,-2.8781518906012646,3.6420557556419357,0.7639038650406711,0.029713943596887837,2.4857029242021222,-0.93338819560948,-0.2574760050164074,0.7687035571939114,0.36978651749720637,1.9489725201937476,0.023312829621469522,0.03199911782706117,0.02337471402407417,0.01137471402407417,0.010952049378510603,0.026783397961693822,0.014783397961693822,0.010754769146359422,0.30719610310325507,0.10416511636641951,0.10137471402407418,0.051374714024074175,0.0790016882568873,0.9209983117431126,0.2687756277822956,0.5761788719799605,0.22214115250947702,0.24962931042408826,0.0763215691315846,0.013980500344389125,0.23865156126940693,0.6710463692546194,1.0,0.4899203293858619,0.531944872362059,2.3594859574187477,0.10375810148255342,3.8893463406041544,1.1947920394525016,2.619810898980012,239.6997696557541,2.0656365506965813e-11,0.0,-1.517674874662589e-12,-1.1102230246251565e-16,0.0,-1.7515378210319898e-09,5.2182841381309686e-12,-2.15358424843215e-09,-1.24695933960417e-09
equilibrium_sigma_1_50,215.0,65.29218799906141,4.540455317910262,2.9102818798735646,2.58,2.961339625325627,1.8277937686623273,3.363724375639829,2.7841404787006603,0.14840702997164001,-2.0554970329094275,-2.9102818798735646,3.721888654926716,0.8116067750531513,0.06733741648790392,2.4954741022849505,-0.8739269403843105,-0.2143788088614892,0.7837243756398289,0.38133962532562693,1.9604553179102622,0.02365500448557846,0.03226091954707179,0.023734015096250803,0.011734015096250803,0.011051257933216874,0.027261539754519504,0.015261539754519503,0.011085060007687275,0.30828489423106303,0.10464644927718017,0.10173401509625081,0.05173401509625081,0.08105214358106708,0.918947856418933,0.27339020361563765,0.5746252981160687,0.22213834486059186,0.25168016344351174,0.07791649516407312,0.014441470492751993,0.23891862969572944,0.6687234046474454,1.0,0.4868285635775227,0.5297673422675528,2.3508685296581024,0.1052549412584041,3.9525117895131325,1.2184996789770857,2.563220195481894,240.609003998041,-2.8368418725222e-11,-4.440892098500626e-16,-1.5238921236004899e-12,-2.220446049250313e-16,0.0,-3.6489779323134464e-09,-2.443482916003603e-11,-4.492223149021868e-09,-2.5804068378570966e-09
equilibrium_sigma_1_50,216.0,64.29218799906141,4.564287118226446,2.942673847412376,2.592,2.9852597090115727,1.8388980051380257,3.391233408724009,2.813460686133257,0.15966244608964875,-2.0916269388688034,-2.942673847412376,3.8026869597757518,0.8600131123633759,0.10482673934306641,2.5051944240179096,-0.8139267852931279,-0.17120005225479687,0.7992334087240089,0.3932597090115726,1.9722871182264456,0.024010948520934383,0.03252307470629356,0.024108803419809664,0.012108803419809664,0.01115861313693415,0.02775999988546829,0.01575999988546829,0.011427914030637254,0.30942061642366564,0.10510959186301354,0.10210880341980967,0.05210880341980967,0.08314466299614887,0.9168553370038511,0.2781218863640259,0.5730322982574446,0.22213541633165396,0.25380589652312,0.07956187196028112,0.014918396039847901,0.2391920401955277,0.6663276918043433,0.9999999999999999,0.4836583361361026,0.5275187007326883,2.3420975307987075,0.10677979190361621,4.016209084173413,1.242697890511263,2.506164569818208,241.5150066603484,-1.7962076270805483e-11,-2.220446049250313e-16,-1.5223378113660146e-12,0.0,0.0,-4.659195682044093e-09,-7.622328462852934e-11,-5.748474911360102e-09,-3.27710001149506e-09
equilibrium_sigma_1_50,217.0,63.29218799906141,4.588482037432495,2.975328148891474,2.604,3.0095626770184767,1.8501138730963647,3.4192515028145793,2.843361836510233,0.1712672403380111,-2.128099704194353,-2.975328148891474,3.884472673711443,0.9091445248199688,0.142173203823996,2.514863798592733,-0.753370732315452,-0.12793730363649916,0.8152515028145793,0.4055626770184766,1.9844820374324952,0.024381362859825076,0.032785589021230285,0.0244999304295987,0.0124999304295987,0.01127460494785398,0.02827984504572001,0.01627984504572001,0.011783916740171207,0.3106058497866627,0.10555367532114678,0.1024999304295987,0.052499930429598704,0.08527902119491687,0.9147209788050832,0.2829737995556131,0.5713988208162769,0.22213236120783633,0.25600998308416306,0.08125954579264429,0.015411793743943409,0.23947186735508477,0.6638567931083277,1.0,0.4804075542977392,0.525195732282542,2.333171369011305,0.10833289990961646,4.080381623335813,1.2673904015701025,2.448667345951582,242.41764456246227,-4.0532022183015215e-12,-2.220446049250313e-16,-1.5116796703296131e-12,0.0,0.0,-4.822182927272101e-09,-1.248066788805957e-10,-5.961223941558513e-09,-3.371059709156299e-09
equilibrium_sigma_1_50,218.0,62.29218799906141,4.613054914346473,3.0082451495860068,2.616,3.0342653173435226,1.8614502657643976,3.4478006038123072,2.873869376235778,0.18323486843880854,-2.164917219186915,-3.0082451495860068,3.967268827834105,0.9590236782480983,0.17936786773706315,2.524482238075356,-0.6922408122007553,-0.08458764239388517,0.8318006038123071,0.41826531734352246,1.997054914346473,0.0247669919042018,0.03304847612452481,0.024908304476871694,0.012908304476871694,0.011399751361925715,0.028822208424372775,0.016822208424372775,0.01215368812257367,0.3118433468996112,0.10597781371030435,0.1029083044768717,0.0529083044768717,0.08745489254936999,0.91254510745063,0.28794913513237747,0.5697237911720996,0.2221291734983692,0.2582960918152207,0.0830114336740216,0.015922192057141727,0.23975817553122544,0.6613081987376113,1.0,0.47707407946130703,0.5227950657629463,2.3240885261215403,0.10991448686467127,4.144966935263109,1.2925803618806717,2.390753719269486,243.3167789769793,-8.881784197001252e-16,0.0,-1.4939161019356106e-12,0.0,0.0,-4.194579957678135e-09,-1.4805823927988015e-10,-5.196516054267741e-09,-2.9145181580647606e-09
equilibrium_sigma_1_50,219.0,61.29218799906141,4.638021355129093,3.0414252327506914,2.628,3.059385356679488,1.8729166091749974,3.4769038260947993,2.905010117764476,0.19557942441207343,-2.2020813944021844,-3.0414252327506914,4.0510995533164,1.0096743205657082,0.21640154740602346,2.5340498667748483,-0.6305180205852133,-0.04114760919640702,0.8489038260947992,0.43138535667948785,2.0100213551290933,0.025168626463770757,0.03331175850385008,0.02533489539537196,0.01333489539537196,0.011534600326088357,0.029388294628951428,0.017388294628951428,0.012537885238916857,0.31313604665264233,0.10638110450695691,0.10333489539537197,0.053334895395371965,0.0896718437618635,0.9103281562381365,0.29305115329358156,0.5680061117244942,0.22212584692418758,0.260668099531729,0.08481952580719343,0.016450130861763237,0.2400510170173871,0.6586793263136562,1.0,0.4736557272933003,0.5203131684409801,2.3148475641448107,0.1115247468995062,4.209896301132236,1.3182702845541303,2.3324508180110195,244.21226531820085,0.0,-2.220446049250313e-16,-1.468380972369232e-12,0.0,0.0,-2.8695203366235766e-09,-1.2797101572870062e-10,-3.5632075554015152e-09,-1.9817445792019717e-09
equilibrium_sigma_1_50,220.0,60.29218799906141,4.6633977813668,3.0748688089820053,2.64,3.084941524358637,1.8845228931444589,3.5065855265651447,2.936812326438956,0.2083156790604761,-2.2395941678022444,-3.0748688089820053,4.135990159784767,1.061121350802762,0.2532648093884786,2.543566931170522,-0.5681822493058817,0.00238684840658123,0.8665855265651445,0.444941524358637,2.0233977813668003,0.025587107162198017,0.033575468532763816,0.02578073950978129,0.01378073950978129,0.011679731826170922,0.0299793850166985,0.0179793850166985,0.012937205084995185,0.31448708942357967,0.10676262925229765,0.1037807395097813,0.053780739509781295,0.09192932620107029,0.9080706737989297,0.29828318216377586,0.5662446620048621,0.2221223749051896,0.2631301049872376,0.08668588807346835,0.016996161137435697,0.2403504299675414,0.6559675208215544,0.9999999999999999,0.4701502679502701,0.5177463401426544,2.3054471320678225,0.11316384397626146,4.275094363854297,1.3444619834996878,2.273787762399246,245.10395292655534,-4.440892098500626e-16,0.0,-1.432631790976302e-12,0.0,0.0,-9.805889503167187e-10,-5.273052133825118e-11,-1.2207041523437656e-09,-6.731421392514036e-10
equilibrium_sigma_1_50,221.0,59.29218799906141,4.689201481706376,3.1085763266612396,2.652,3.1109536215468756,1.8962797044330493,3.536871384256495,2.9693058138707333,0.22145912144264068,-2.2774575128031636,-3.1085763266612396,4.221967220107283,1.1133908934460433,0.2899479614611056,2.553033810418412,-0.505212212468839,0.0460204356380147,0.884871384256495,0.45895362154687547,2.0372014817063757,0.02602332813829375,0.0338396496038713,0.026246945137342874,0.014246945137342874,0.011835760169534183,0.030596843498820192,0.018596843498820192,0.013352387722154191,0.31589983374952385,0.10712145429839849,0.10424694513734288,0.05424694513734288,0.09422666791881645,0.9057733320811836,0.30364861726707293,0.5644382988534188,0.2221187505471157,0.26568644371069267,0.08861266455272783,0.017560844551823857,0.2406564360479292,0.6531700548475191,1.0,0.46655542643106107,0.5150907074721032,2.295885972911714,0.114831909016211,4.340478722869361,1.3711565069477767,2.214795720929183,245.99168484893463,0.0,-4.440892098500626e-16,-1.389777182225771e-12,0.0,0.0,1.28924345157988e-09,8.099727832888703e-11,1.6093005365813706e-09,8.797669884264003e-10
equilibrium_sigma_1_50,222.0,58.29218799906141,4.715450667349609,3.1425482835865157,2.664,3.1374425962088526,1.9081982622944302,3.5677884860038036,3.002522038475272,0.23502600362806536,-2.31567344733415,-3.1425482835865157,4.309058662222456,1.16651037863594,0.32644104278286035,2.5624510274589682,-0.4415853667761337,0.08975857596716566,0.9037884860038035,0.47344259620885243,2.051450667349609,0.02647824107503499,0.034104357375991705,0.02673469864191349,0.014734698641913489,0.01200333648569241,0.03124212287763939,0.01924212287763939,0.01378421971676147,0.31737787467246514,0.107456631660879,0.1047346986419135,0.05473469864191349,0.09656306534351002,0.90343693465649,0.3091509207920289,0.5625858566666836,0.2221149666280613,0.2683417039503288,0.09060208006989741,0.01814475296725349,0.24096903778803344,0.6502841291748155,0.9999999999999999,0.4628688830693406,0.5123422181597382,2.2861629310371514,0.11652903686076192,4.4059595156417375,1.3983540669672987,2.155507963194631,246.87529761501636,-8.881784197001252e-16,0.0,-1.3384848784880887e-12,0.0,0.0,3.6975174554088053e-09,2.652808042680199e-10,4.628946819601465e-09,2.5084052248519617e-09
equilibrium_sigma_1_50,223.0,57.29218799906141,4.742164531754414,3.176785239914186,2.676,3.1644306244294467,1.9202904566446581,3.5993654187537043,3.036494213842907,0.24903338906264194,-2.354244044034372,-3.176785239914186,4.397293868713822,1.220508628799636,0.362733813131888,2.571819260748137,-0.37727782555783684,0.13360748304847256,0.9233654187537041,0.4884306244294465,2.0661645317544135,0.026952859593401865,0.03436966114864179,0.027245271107681497,0.015245271107681497,0.012183151471188394,0.0319167717965918,0.019916771796591803,0.014233537928287632,0.31892506396267123,0.10776719998609018,0.1052452711076815,0.0552452711076815,0.0989375746456802,0.9010624253543198,0.31479362063060135,0.5606861477210309,0.22211101558463822,0.27110074381099236,0.09265644276188956,0.018748467854868382,0.241288215599163,0.647306873784079,1.0,0.45908827417749704,0.5094966355932247,2.2762769596552306,0.11825528306061331,4.47143898680342,1.4260539648714627,2.0959599085794585,247.75462100972723,-8.881784197001252e-16,0.0,-1.2807532812075806e-12,0.0,0.0,5.930212657739853e-09,4.775685472080404e-10,7.447421335876614e-09,4.00003510869773e-09
equilibrium_sigma_1_50,224.0,56.29218799906141,4.769363314926695,3.211287832544358,2.688,3.191941198748081,1.9325688891094832,3.631632369143664,3.071257425698291,0.2634992049105147,-2.393171441712264,-3.211287832544358,4.486703784887908,1.27541595234355,0.39881574110425566,2.5811393566335754,-0.312264265889596,0.17757423985479634,0.9436323691436637,0.5039411987480809,2.0813633149266946,0.027448264052082547,0.03463564537911328,0.027780025708738477,0.015780025708738477,0.012375938408734122,0.03262244233859235,0.02062244233859235,0.014701233683744874,0.32054553245072265,0.10805218564210627,0.10578002570873848,0.05578002570873848,0.10134910277151417,0.8986508972284858,0.32058030917183133,0.5587379625788168,0.22210688949780555,0.27396870967745685,0.09477814665612436,0.019372579607440446,0.24161392442425833,0.6442353493121767,0.9999999999999999,0.45521119285487294,0.5065495335939485,2.2662271285429045,0.12001066048900261,4.536811046180044,1.4542545124261024,2.036189170097752,248.62947784216152,-4.440892098500626e-16,2.220446049250313e-16,-1.2170264795940966e-12,0.0,0.0,7.58740072853703e-09,6.766442614547508e-10,9.56068600330151e-09,5.0892431848609254e-09
equilibrium_sigma_1_50,225.0,55.29218799906141,4.7970683727313785,3.2460567911016,2.7,3.2199992242439515,1.9450469172407918,3.664621231058568,3.106848758294348,0.2784422987838955,-2.432457858213227,-3.2460567911016,4.5773210362136805,1.3312642451120804,0.4346759911469573,2.5904123423978325,-0.2465178280999924,0.2216668858290785,0.964621231058568,0.5199992242439513,2.0970683727313784,0.0279656068002809,0.03490241135963192,0.028340425861876094,0.016340425861876093,0.012582476494989343,0.03336089841043943,0.021360898410439432,0.015188257387332982,0.3222437147329579,0.10831060394321551,0.1063404258618761,0.0563404258618761,0.10379639813993408,0.8962036018600659,0.3265146418305173,0.5567400705837258,0.22210258007839667,0.2769510560229297,0.09696967425108742,0.020017686741304563,0.24194608998003483,0.6410665490275731,0.9999999999999999,0.45123518997355333,0.5034962915090021,2.256012631949141,0.12179513577535915,4.601960817223137,1.4829529487975022,1.9762355926078239,249.49968371125993,-4.440892098500626e-16,2.220446049250313e-16,-1.1468603844377867e-12,0.0,0.0,8.166154880778764e-09,7.977440374951072e-10,1.0326970303203842e-08,5.447707191602591e-09
equilibrium_sigma_1_50,226.0,54.29218799906141,4.825302251701507,3.2810929556806334,2.712,3.2486311232037393,1.957738702229799,3.6983657219596155,3.143307431191222,0.2938825003243082,-2.472105604860852,-3.2810929556806334,4.669180056088251,1.3880871004076178,0.47030340928090597,2.5996394399903475,-0.18001000688506918,0.26589451298743194,0.9863657219596154,0.5366311232037391,2.113302251701507,0.028506117937822872,0.03517007907467953,0.028928044262846182,0.016928044262846182,0.012803594516434202,0.03413402493102069,0.02213402493102069,0.015695623645228807,0.32402437655407934,0.10854146051820172,0.10692804426284619,0.056928044262846186,0.10627804099829043,0.8937219590017096,0.33260033529031063,0.554691220452262,0.22209807865237158,0.28005356670865766,0.09923359908814902,0.020684394977233476,0.24228460454956013,0.6377974013850575,1.0,0.44715777535549184,0.5003320896970782,2.2456327966756273,0.12360862555635907,4.666764177702525,1.5121453532049716,1.916141284567618,250.36504676857635,-2.6645352591003757e-15,-2.220446049250313e-16,-1.0722533971829762e-12,0.0,0.0,7.040144561071271e-09,7.466565699054684e-10,8.937101756562038e-09,4.6718742520435175e-09
equilibrium_sigma_1_50,227.0,53.29218799906141,4.854088769882291,3.316397296548326,2.724,3.277864949310817,1.970659260486907,3.7329015088798876,3.180674947490644,0.3098406881582596,-2.5121171026588565,-3.316397296548326,4.762317225015956,1.4459199284676294,0.5056865073505667,2.608822080470117,-0.11271053314734925,0.3102673720323952,1.0089015088798874,0.553864949310817,2.130088769882291,0.029071111644887182,0.035438789261598956,0.029544572921340877,0.017544572921340876,0.013040174918724907,0.034943837976531,0.022943837976531,0.016224416881094328,0.3258926452161845,0.10874375283336095,0.10754457292134088,0.05754457292134088,0.10879243343102499,0.891207566568975,0.3388411654398543,0.5525901409685824,0.22209337614583266,0.28328237788737426,0.10157258830253613,0.021373316189397508,0.24262932228014686,0.6344247732279195,1.0,0.44297641915529756,0.49705190549570305,2.2350870903132622,0.12545099254216624,4.73108729488183,1.5418265532777222,1.8559506424408387,251.2253674784891,-2.220446049250313e-15,2.220446049250313e-16,-9.940936962493652e-13,-2.220446049250313e-16,0.0,3.4352018139782725e-09,3.9258352818594133e-10,4.378534396165534e-09,2.2680899866567295e-09
equilibrium_sigma_1_50,228.0,52.29218799906141,4.883453104319869,3.3519709360182124,2.736,3.307730512423581,1.9838245195099447,3.768266345098668,3.218995254735987,0.32633886282146785,-2.55249490046675,-3.3519709360182124,4.8567710224332945,1.5048000864150821,0.540813445615929,2.617961919180804,-0.04458724555540722,0.3547969896822439,1.0322663450986678,0.571730512423581,2.1474531043198684,0.02966199315255756,0.03570870570120402,0.03019183432721568,0.01819183432721568,0.013293158321500707,0.035792496033693055,0.023792496033693055,0.016775797677670568,0.3278540434158051,0.10891647188232477,0.10819183432721569,0.05819183432721568,0.11133778901471982,0.8886622109852802,0.345240964980182,0.5504355417900054,0.22208846306984506,0.2866440026306779,0.10398940514005177,0.022085067210931623,0.24298005393676117,0.6309454737122554,0.9999999999999999,0.438688553463278,0.49365050976669095,2.2243751296124277,0.12732204139667014,4.79478615780964,1.571990029152023,1.7957103667956882,252.08043837631178,-2.6645352591003757e-15,0.0,-9.121592370320286e-13,-1.1102230246251565e-16,0.0,-2.97842529806136e-09,-4.1104295661620327e-10,-3.997627884971822e-09,-2.0138989868107027e-09
equilibrium_sigma_1_50,229.0,51.29218799906141,4.9134218860538,3.3878151727640007,2.748,3.3382595153705097,1.9972513786299144,3.8045002187286703,3.25831491989689,0.3434002264049507,-2.5932416954226287,-3.3878151727640007,4.952582192731665,1.5647670199676642,0.5756720135550921,2.627060851670132,0.024394049550884922,0.39949629871397047,1.05650021872867,0.5902595153705095,2.1654218860537995,0.03028026640091666,0.03598001777105573,0.030871793892149217,0.018871793892149217,0.013563548528604984,0.03668231239206676,0.024682312392066762,0.017351009722332833,0.3299145269459067,0.10905860406975976,0.10887179389214922,0.05887179389214922,0.11391212212039734,0.8860878778796026,0.3518036206936327,0.5482261143664771,0.22208332950510168,0.29014535742362685,0.10648691142947224,0.022820268487332453,0.24333656096956147,0.6273562591136339,1.0,0.43429157413526603,0.4901224641223178,2.2134966889414085,0.12922151443526164,4.85770611002017,1.602627813329545,1.7354694688050134,252.93004382675576,-2.220446049250313e-15,0.0,-8.306688670245421e-13,-1.1102230246251565e-16,0.0,-8.218277450927625e-09,-1.2019589282208365e-09,-1.10837967172428e-08,-5.532707755481758e-09
equilibrium_sigma_1_50,230.0,50.29218799906141,4.944023303107376,3.4239315088382796,2.7600000000000002,3.36948570384839,2.0109577750107266,3.8416455143823085,3.2986833199356336,0.3610492695683156,-2.6343603558658377,-3.4239315088382796,5.049793926857564,1.6258624180192847,0.6102496085450522,2.6361210303861693,0.09426973086774032,0.44437978212727886,1.0816455143823083,0.6094857038483896,2.184023303107376,0.03092754252782609,0.03625294329491521,0.03158657386030791,0.019586573860307908,0.013852418121367324,0.03761576899741215,0.025615768997412146,0.01795138766746973,0.3320805268494179,0.10916913327879092,0.10958657386030791,0.05958657386030791,0.11651323684368162,0.8834867631563184,0.3585330703356344,0.5459605329870031,0.22207796508650052,0.2937937906357746,0.10906806998835596,0.023579542560886842,0.24369854895021512,0.6236538385005421,1.0,0.4297828428751249,0.4864621189565936,2.2024517088321125,0.13114908713651907,4.919681386012406,1.6337303865982742,1.6752792665484242,253.7739597795774,-3.552713678800501e-15,0.0,-7.478462293875054e-13,0.0,0.0,-1.1342690758864293e-08,-1.7507370067559869e-09,-1.5375138343043382e-08,-7.604921218803962e-09
equilibrium_sigma_1_50,231.0,49.29218799906141,4.975287212196829,3.460321679658603,2.7720000000000002,3.4014450306753585,2.024962755387639,3.8797471892968867,3.3401528496596016,0.3793118667039015,-2.6758539470077176,-3.460321679658603,5.148452061080267,1.6881303814216637,0.6445332120042924,2.645144882192674,0.16507852859831257,0.48946363302401746,1.1077471892968864,0.6294450306753583,2.2032872121968285,0.031605549355067514,0.036527731727520614,0.032338468901479435,0.020338468901479435,0.01416091472430668,0.03859553181051467,0.02659553181051467,0.018578365827970345,0.3343589966711498,0.10924704312187694,0.11033846890147944,0.06033846890147944,0.11913871553307476,0.8808612844669252,0.3654332991077773,0.5436374559670483,0.2220723589877136,0.2975971130888764,0.111735946936971,0.024363512366956316,0.2440656604653248,0.6198348802307478,1.0,0.42515968959778916,0.48266361241552913,2.1912403046113926,0.13310436346523974,4.9805346551680785,1.66528657018789,1.6151933702467092,254.6119535215131,-4.884981308350689e-15,0.0,-6.676881270095691e-13,-1.1102230246251565e-16,0.0,-1.2355148022724638e-08,-2.0051329208126134e-09,-1.6836269683961902e-08,-8.252161447230844e-09
equilibrium_sigma_1_50,232.0,48.29218799906141,5.007245260567348,3.4969876873878833,2.7840000000000003,3.4341758367724804,2.03928655453799,3.9188529658160456,3.3827791489982397,0.39821538044030236,-2.7177257598019944,-3.4969876873878833,5.248605295381102,1.7516176079932189,0.6785093629221466,2.654135126697492,0.23686170698912667,0.5347659326035302,1.1348529658160453,0.6501758367724801,2.223245260567348,0.032316141903639184,0.03680466772810827,0.03312996360622763,0.02112996360622763,0.014490268014476788,0.039624468075594166,0.027624468075594166,0.0192334880599887,0.33675746547341706,0.10929131942588977,0.11112996360622764,0.06112996360622763,0.12178590692674392,0.878214093073256,0.3725083357204756,0.5412555269741065,0.2220664999057966,0.3015636309043566,0.11449371391245478,0.02517279933672684,0.244437467148407,0.6158960196024114,1.0,0.4204194150672813,0.4787208704383796,2.1798627750302106,0.13508687102026384,5.040076578475583,1.697283414359369,1.555267654551726,255.44378342971626,-4.440892098500626e-15,0.0,-5.88640247656258e-13,2.220446049250313e-16,0.0,-1.1321378660944514e-08,-1.925534308389043e-09,-1.551271037320001e-08,-7.534984520010668e-09
equilibrium_sigma_1_50,233.0,47.29218799906141,5.039931018946245,3.5339318381073714,2.7960000000000003,3.467719050727311,2.0539506811906443,3.959013542083116,3.4266213519863515,0.41778877655782676,-2.7599793434076156,-3.5339318381073714,5.350305433696084,1.8163735955887126,0.7121641283365401,2.6630947954277557,0.30966326463871807,0.580306848514049,1.1630135420831156,0.6717190507273108,2.2439310189462445,0.033061314125762686,0.03708407517795579,0.033963752172771,0.021963752172771,0.014841797594857317,0.04070566552050181,0.02870566552050181,0.0199184187366086,0.33928409749324545,0.10930095295342886,0.111963752172771,0.061963752172771,0.12445191386967286,0.8755480861303271,0.3797622480117534,0.5388133765027097,0.22206037604592768,0.305702180764061,0.11734465015782887,0.026008021288496514,0.24481346087084524,0.6118338676828294,1.0,0.4155592938321252,0.474627608026395,2.1683196108697875,0.13709605601004587,5.098105383177654,1.7297060838568865,1.4955602169364872,256.26919872528396,-3.9968028886505635e-15,0.0,-5.140332604014475e-13,2.220446049250313e-16,0.0,-8.387851649360734e-09,-1.4906288217653163e-09,-1.1558976484304928e-08,-5.564429531729198e-09
equilibrium_sigma_1_50,234.0,46.29218799906141,5.073380126910107,3.571156783255994,2.8080000000000003,3.5021184092730895,2.0689780122934325,4.00028282315713,3.47174236011462,0.43806275062114475,-2.802618541720949,-3.571156783255994,5.45360764871297,1.8824508654569763,0.7454830703341293,2.672027251879665,0.38353015476308727,0.626108856258217,1.19228282315713,0.6941184092730892,2.2653801269101064,0.03384321203900367,0.03736632170852677,0.03484276061627093,0.02284276061627093,0.015216921863088862,0.04184245402605313,0.029842454026053133,0.020634955226750407,0.34194775944324524,0.10927494237530937,0.11284276061627094,0.06284276061627093,0.1271335805847761,0.8728664194152239,0.38719913809830164,0.5363096235069051,0.2220539751063672,0.3100221677319449,0.12029214446214515,0.026869790091323755,0.2451930440354868,0.6076450214110444,1.0,0.41057657747413784,0.47037733190515363,2.156611503484339,0.13913127806371695,5.154406461302175,1.762537740702065,1.4361313209452606,257.08793922718854,-7.549516567451064e-15,0.0,-4.418687638008123e-13,0.0,0.0,-3.805070668272403e-09,-7.046600317139884e-10,-5.2746621723165354e-09,-2.516769077864911e-09
equilibrium_sigma_1_50,235.0,45.29218799906141,5.107630452171871,3.608665565884731,2.82,3.5374207013939025,2.084392896708301,4.042718175106804,3.5182091431195333,0.4590698678407752,-2.845647534531907,-3.608665565884731,5.5585707743514625,1.9499052084667317,0.7784512090897753,2.6809362124722744,0.4585125279581247,0.6721969867788001,1.2227181751068046,0.7174207013939027,2.287630452171871,0.0346641484778282,0.03765182381876125,0.03577017188883288,0.02377017188883288,0.015617168029415755,0.04303843002873009,0.03103843002873009,0.021385041941712757,0.34475809663282686,0.10921229751091552,0.11377017188883287,0.06377017188883287,0.12982747946586587,0.8701725205341342,0.3948231370368048,0.533742877197609,0.22204728426373893,0.31453360578448764,0.12333969692669938,0.02775870908438561,0.24557551890651297,0.6033260750824019,0.9999999999999998,0.4054684981853407,0.4659633447588689,2.144739353234101,0.14119180488795985,5.208751998762883,1.7957594249259243,1.3770433230088253,257.8997351070397,-7.105427357601002e-15,0.0,-3.7680969455777813e-13,2.220446049250313e-16,0.0,2.042950877911842e-09,3.9328411360894933e-10,2.8492318990269716e-09,1.3476342767410054e-09
equilibrium_sigma_1_50,236.0,44.29218799906141,5.142722265528029,3.6464616723600187,2.832,3.5736760391880384,2.1002212695711937,4.086380705038058,3.5660930707668785,0.48084471791209227,-2.8890708839461556,-3.6464616723600187,5.665257629546042,2.0187959571860237,0.8110529813845422,2.6898257684385065,0.5346640003956472,0.7185991038401612,1.2543807050380584,0.7416760391880386,2.310722265528029,0.03552661971799906,0.03794105267426025,0.03674945436847834,0.02474945436847834,0.016044183465616934,0.04429748405421208,0.03229748405421208,0.022170786271313858,0.3477256192984192,0.10911204285382009,0.11474945436847835,0.06474945436847834,0.13252989735212117,0.8674701026478788,0.40263839897487436,0.5311117390117923,0.22204029015874183,0.31924716119313484,0.12649092053061234,0.02867537023461417,0.2459600759085854,0.5988736333261881,1.0,0.4002322726868342,0.46137875122745925,2.132704277757855,0.14327680678255345,5.260900642452357,1.8293499339641974,1.3183605815048767,258.70430664507217,-7.993605777301127e-15,0.0,-3.161915174132446e-13,-1.1102230246251565e-16,0.0,8.601270487518242e-09,1.7173681921001105e-09,1.207079709103498e-08,5.6601886060103634e-09
equilibrium_sigma_1_50,237.0,43.29218799906141,5.178698433484813,3.6845490902512053,2.844,3.6109381591205336,2.1164907787515777,4.131335570485774,3.6154702797549048,0.5034240868615951,-2.9328935868190706,-3.6845490902512053,5.773735377532976,2.0891862872817706,0.8432721939489642,2.6987004086918134,0.6120419508591823,0.765346215397914,1.2873355704857743,0.7669381591205338,2.3346984334848133,0.036433324277908116,0.038234540698251065,0.037784394259801284,0.025784394259801283,0.01649974860045482,0.045623831996799424,0.03362383199679943,0.0229944767293766,0.3508618007872766,0.108973221400731,0.11578439425980128,0.06578439425980127,0.13523682123352157,0.8647631787664785,0.4106490947728403,0.5284148047598104,0.2220329788824132,0.3241741988928543,0.12974954246755127,0.029620351014360575,0.24634578082870764,0.5942843256893805,0.9999999999999999,0.39486510650219697,0.4566164658692374,2.120507620029649,0.14538535103025169,5.310597213509047,1.8632857015876774,1.2601493467295293,259.5013639877129,-8.43769498715119e-15,0.0,-2.62456723021387e-13,2.220446049250313e-16,0.0,1.5096325862995474e-08,3.119738752055401e-09,2.1320743816277687e-08,9.91312253117993e-09
equilibrium_sigma_1_50,238.0,42.29218799906141,5.215604630914429,3.722932373256874,2.856,3.6492647578875834,2.1332309250816537,4.177652322166192,3.666422080543925,0.5268471482642396,-2.9771211340700208,-3.722932373256874,5.884075925535518,2.1611435522786437,0.8750919708677605,2.707565043713963,0.6907078505833618,0.8124728238313385,1.3216523221661918,0.7932647578875835,2.359604630914429,0.03738718426026133,0.03853288908498793,0.0388791325513984,0.026879132551398403,0.01698579161813025,0.04702205069762044,0.03502205069762045,0.023858603621640384,0.35417918954969213,0.10879489880243705,0.11687913255139841,0.06687913255139841,0.13794392332413405,0.8620560766758659,0.4188594050802459,0.5256506669563172,0.22202533596307064,0.3293268319555297,0.1331194052240562,0.03059421097995682,0.24673156085586648,0.5895548229401205,1.0,0.3893641985962352,0.45166922330348197,2.108150956139118,0.14751639617970852,5.357572475714832,1.897540677402417,1.2024776304452278,260.29060690701954,-7.549516567451064e-15,4.440892098500626e-16,-2.1538326677728037e-13,0.0,0.0,2.047490076095837e-08,4.370903347594712e-09,2.9104001944557645e-08,1.341972704141381e-08
equilibrium_sigma_1_50,239.0,41.29218799906141,5.25348957649015,3.7616167141676398,2.868,3.6887178678201233,2.1504732183056037,4.2254052847626316,3.71903540973266,0.5511556765945138,-3.0217595778915913,-3.7616167141676398,5.996356370568165,2.2347396564005253,0.9064946941499024,2.716425030518844,0.7707276305261354,0.8600173207225553,1.3574052847626317,0.8207178678201235,2.38548957649015,0.03839136967010599,0.0388367763915103,0.040038207299795285,0.028038207299795285,0.01750440526617076,0.04849711860543948,0.036497118605439485,0.024765882760124924,0.3576915372721069,0.10857616785595342,0.11803820729979528,0.06803820729979528,0.1406465454247173,0.8593534545752827,0.4272735128542766,0.5228179173390601,0.22201734635407255,0.33471797426345673,0.13660446736887327,0.03159748803107454,0.2471161893966308,0.5846818552034214,1.0,0.38372674638763465,0.4465295907576046,2.095636102729651,0.149668786243492,5.40154296875614,1.932086208135724,1.1454150536858194,261.07172456219746,-9.769962616701378e-15,0.0,-1.7363888105137448e-13,-1.1102230246251565e-16,0.0,2.3325718002953355e-08,5.134470883183528e-09,3.3372912731921556e-08,1.5263174411861424e-08
equilibrium_sigma_1_50,240.0,40.29218799906141,5.292405294127159,3.8006080270336744,2.88,3.7293642775962743,2.1682513510347343,4.2746739812288155,3.773403334577393,0.5763942859519164,-3.0668156080428854,-3.8006080270336744,6.110659498072016,2.3100514710383413,0.9374619364083869,2.7252861987596493,0.8521720914994975,0.9080224328299977,1.3946739812288156,0.8493642775962744,2.4124052941271588,0.039449326234335905,0.03914696839455335,0.04126660216198413,0.029266602161984127,0.018057866140324837,0.05005446229944255,0.03805446229944255,0.0257192825836583,0.36141394594540643,0.10831615335747646,0.11926660216198413,0.06926660216198413,0.1433396824771315,0.8566603175228685,0.4358955953117014,0.5199151495783938,0.22200899442254193,0.34036139644435404,0.1402088040220203,0.03263069432965802,0.24749826960979454,0.5796622320385272,1.0,0.37794995114116003,0.4411899832526918,2.0829651240229703,0.1518412448368196,5.442210916843378,1.9668909221235333,1.0890326715334202,261.84439526329595,-9.769962616701378e-15,0.0,-1.3744561044859438e-13,0.0,0.0,2.1778288158968984e-08,4.93456417394178e-09,3.1363492386526914e-08,1.4230465507358847e-08
equilibrium_sigma_1_50,241.0,39.29218799906141,5.3324074042328835,3.839913039910078,2.892,3.7712760050434695,2.1866013933977007,4.325543607071812,3.829625617425315,0.6026106979766244,-3.112296638625333,-3.839913039910078,6.2270743412862215,2.3871613013761435,0.9679743844016191,2.734154878063122,0.9351173635422054,0.9565357270554891,1.4335436070718122,0.8792760050434696,2.4404074042328836,0.04056480735775296,0.039464329437305344,0.04256980228588735,0.030569802285887352,0.018648656889242225,0.05170001017962278,0.03970001017962278,0.02672205557274765,0.36536303722996166,0.1080140173360401,0.12056980228588736,0.07056980228588736,0.14601796518982216,0.8539820348101779,0.4447298153113583,0.5169409621785094,0.22200026393920763,0.3462717850820002,0.14393660697214,0.03369431185587331,0.24787621661014092,0.5744928645618457,0.9999999999999999,0.37203102374138985,0.43564268166845527,2.070140338352454,0.15403236928647002,5.479264223911883,2.0019206186339145,1.0334027736374034,262.60828623703895,-8.881784197001252e-15,0.0,-1.0769163338864018e-13,0.0,0.0,1.3371908968995427e-08,3.1136723269153954e-09,1.9383528712668685e-08,8.726956733651203e-09
equilibrium_sigma_1_50,242.0,38.29218799906141,5.373555449271337,3.879539399799841,2.904,3.814530830029829,2.205562011562066,4.378105562260636,3.887809349255366,0.6298560434668596,-3.1582109069909308,-3.879539399799841,6.3456968107028295,2.4661574109029885,0.9980117519535294,2.7430379266959797,1.0196454220746347,1.005610183585427,1.474105562260636,0.9105308300298289,2.469555449271337,0.041741910987169284,0.03978983553744195,0.043953858899036684,0.03195385889903668,0.019279491874567845,0.053440254301762025,0.04144025430176203,0.027777774396220423,0.36955714817889906,0.10766896468791905,0.12195385889903669,0.07195385889903669,0.14867564158500624,0.8513243584149938,0.45378031217103926,0.5138939615690834,0.22199113806952092,0.35246480515226625,0.14779218441116485,0.03478878757683401,0.24824823830158443,0.5691707897104167,0.9999999999999999,0.36596719084540363,0.4298798539334244,2.057164324121245,0.15624062474343145,5.512376567291728,2.0371381638965205,0.9785986593247984,263.36305339459193,-7.549516567451064e-15,0.0,-8.326672684688674e-14,-2.220446049250313e-16,0.0,-4.715278854872107e-09,-1.227642959511499e-09,-7.268408139249338e-09,-3.19320730621242e-09
equilibrium_sigma_1_50,243.0,37.29218799906141,5.415913259376263,3.9194957917906783,2.916,3.8592128974189954,2.225174714122969,4.432458050098521,3.9480696634393357,0.6581852032579358,-3.2045675868415224,-3.9194957917906783,6.46663040514356,2.5471346133528816,1.0275526806076396,2.7519427616742083,1.1058446703109377,1.055304848321342,1.5164580500985214,0.9432128974189955,2.4999132593762634,0.04298512225153371,0.04012458958959123,0.04542546420697049,0.033425464206970484,0.019953346918080147,0.055282322275473916,0.04328232227547392,0.028890374075274394,0.3740165582029409,0.10728024925522063,0.1234254642069705,0.07342546420697049,0.15130655730184583,0.8486934426981542,0.46305119196933225,0.5107727653703248,0.22198159936616882,0.358957165594989,0.15177996027321888,0.035914528211727414,0.24861231464805927,0.5636931968669945,1.0,0.3597557013805473,0.4238935795672195,2.044039925040053,0.1584643383462337,5.541207602606639,2.0725033958149046,0.9246943858815365,264.1083411034845,-6.217248937900877e-15,4.440892098500626e-16,-6.328271240363392e-14,-1.1102230246251565e-16,0.0,-2.2865184690079587e-08,-6.090268803160548e-09,-3.54733622129344e-08,-1.5476921438883906e-08
equilibrium_sigma_1_50,244.0,36.29218799906141,5.459549364324203,3.9597920747354154,2.928,3.90541340154481,2.2454841308763873,4.488706753914917,4.010530542817806,0.6876571947582262,-3.251376917917538,-3.9597920747354154,6.589987017792941,2.6301949430575258,1.0565746260138738,2.7608773904591306,1.1938105987177856,1.1056855776028112,1.5607067539149169,0.9774134015448102,2.531549364324203,0.04429936299765255,0.04046983906567119,0.04699203859716385,0.03499203859716385,0.020673493942814477,0.057234060766298,0.045234060766298004,0.030064200862156554,0.37876375332473894,0.10684718036093002,0.12499203859716386,0.07499203859716386,0.15390413444840015,0.8460958655515999,0.4725465173659662,0.5075760058201247,0.22197162976312726,0.36576668777588217,0.155904473156484,0.037071894570903215,0.2489661752739142,0.5580574569986985,0.9999999999999999,0.3533938333648026,0.4176758778207866,2.0307702545353803,0.1607016934787133,5.565403293297132,2.107973040135085,0.871764489235219,264.84378196065177,-6.217248937900877e-15,0.0,-4.6629367034256575e-14,2.220446049250313e-16,0.0,-3.514834439471981e-08,-9.564002124984317e-09,-5.487129340481234e-08,-2.3781829488339623e-08
equilibrium_sigma_1_50,245.0,35.29218799906141,5.504537458166644,4.000439435771033,2.94,3.953231363303271,2.266538328344452,4.546965603575705,4.075325734896587,0.7183356109699255,-3.298650354503362,-4.000439435771033,6.715887851123469,2.7154484153524363,1.0850537267170008,2.769850444593374,1.2836465318443362,1.1568258891616208,1.6069656035757052,1.0132313633032712,2.5645374581666442,0.0456900500136259,0.04082699668647226,0.04866183262909773,0.036661832629097724,0.021443541545754133,0.05930413354615638,0.04730413354615638,0.03130406980966782,0.38382373523969004,0.10636912972819838,0.12666183262909772,0.07666183262909772,0.15646134860373925,0.8435386513962607,0.4822702968046528,0.5043023334091002,0.22196121057158683,0.3729123762492298,0.1601703747307529,0.03826119538498493,0.24930727630449803,0.5522611535797642,1.0,0.34687890114088255,0.4112187397301998,2.0173586994616524,0.16295072412836442,5.584596375569511,2.1435006406771246,0.8198836778004335,265.56899655767444,-6.217248937900877e-15,0.0,-3.419486915845482e-14,0.0,0.0,-4.109610592800683e-08,-1.1407641296867777e-08,-6.45429738335701e-08,-2.7796924938899847e-08
equilibrium_sigma_1_50,246.0,34.29218799906141,5.550956927323625,4.041450567341562,2.952,4.002774518393998,2.28838916955033,4.607357648501132,4.142599794752741,0.7502891220580841,-3.3464007365904394,-4.041450567341562,6.844464461714149,2.8030138943725866,1.1129646530147563,2.7788712154211996,1.3754644803184304,1.208807938955125,1.6553576485011323,1.0507745183939976,2.5989569273236253,0.047163163329818625,0.04119766468901316,0.05044404674791244,0.038444046747912436,0.022267482631217358,0.06150213657463155,0.04950213657463155,0.032615332266061614,0.3892243840845831,0.10584553890657687,0.12844404674791243,0.07844404674791243,0.1589707037337869,0.8410292962662131,0.4922264733172493,0.5009504206498594,0.2219503224777281,0.3804144914214796,0.16458242768416506,0.03948268063432587,0.2496327755989304,0.5463021160825787,1.0,0.340208262877443,0.4045141642363857,2.003808922757112,0.16520930943839193,5.59840697426418,2.17903650641281,0.7691264971938793,266.28359324780456,-5.329070518200751e-15,0.0,-2.353672812205332e-14,2.220446049250313e-16,0.0,-4.03402302673328e-08,-1.1407484915015864e-08,-6.371889499368066e-08,-2.7277200602415785e-08
equilibrium_sigma_1_50,247.0,33.29218799906141,5.598893453015105,4.082839870621804,2.964,4.054160335826034,2.311092725644329,4.670016055942474,4.2125092782798355,0.7835920504352178,-3.394642487641974,-4.082839870621804,6.9758599576899165,2.8930200870681126,1.1402804320426727,2.787949692253964,1.4693861161006263,1.261723645656285,1.7060160559424742,1.090160335826034,2.634893453015105,0.048725326844334865,0.04158366343758924,0.05234897245609298,0.04034897245609298,0.023149750621020235,0.06383873396575979,0.05183873396575979,0.034003955682315734,0.39499688623058476,0.10527592719633293,0.13034897245609298,0.08034897245609297,0.16142420458225434,0.8385757954177456,0.5024189129682273,0.49751896596736345,0.22193894554250082,0.38829462323469555,0.16914550318690538,0.040736534328055296,0.2499395065780408,0.5401784559069985,1.0,0.3333793283112877,0.3975541985983641,1.990124864961661,0.16747516850180685,5.606443382512229,2.2145276789203976,0.7195669659715357,266.98716790969894,-3.552713678800501e-15,0.0,-1.7319479184152442e-14,0.0,0.0,-3.26862541269457e-08,-9.403195458390634e-09,-5.190734465171376e-08,-2.209459688123916e-08
equilibrium_sigma_1_50,248.0,32.29218799906141,5.648439701599584,4.124623690102387,2.976,4.107517190203907,2.3347097487873025,4.735085257512012,4.285224113409178,0.8183250328456952,-3.4433918437907916,-4.124623690102387,7.110230376702778,2.9856066866003905,1.1669722444727229,2.7970966034278835,1.5655438933516428,1.31567598925318,1.7590852575120124,1.1315171902039074,2.6724397015995844,0.05038390403281988,0.04198706531292214,0.054388159583064775,0.04238815958306477,0.02409528611475994,0.06632581940557714,0.05432581940557714,0.03547661830971549,0.4011762411608023,0.104659900076417,0.13238815958306477,0.08238815958306477,0.16381332600552043,0.8361866739944795,0.5128513930183018,0.4940066976838384,0.22192705920351777,0.39657576469178457,0.17386457786701945,0.04202286667717484,0.2502239508061578,0.5338886046496479,1.0,0.3263895666777377,0.3903309832941592,1.9763107444753532,0.16974585545524276,5.608303017653537,2.2499179239130305,0.6712781825396534,267.67930370466394,-4.440892098500626e-15,0.0,-1.1546319456101628e-14,0.0,0.0,-1.8222821931979105e-08,-5.325890402307909e-09,-2.908337227991442e-08,-1.231331957923798e-08
equilibrium_sigma_1_50,249.0,31.29218799906141,5.6996961195517475,4.166820585177454,2.988,4.162985716683396,2.3593062178681112,4.80272227217648,4.360929183170751,0.8545757860026812,-3.4926671204035666,-4.166820585177454,7.247746278737855,3.0809256935604017,1.1930091872459974,2.8063234608083194,1.6640823424388982,1.3707805159726565,1.8147222721764797,1.1749857166833961,2.7116961195517475,0.05214711218092449,0.04241023505266061,0.056574615471090155,0.04457461547109015,0.025109616349370215,0.06897670876249151,0.056976708762491515,0.037040822269407414,0.40780186506390953,0.10399715814446851,0.13457461547109015,0.08457461547109014,0.16612897860761572,0.8338710213923843,0.5235275899237699,0.4904123780589975,0.22191464227912722,0.4052823836464179,0.1787447303117384,0.04334170559848919,0.250482209454624,0.5274313546351485,1.0000000000000002,0.3192365147510741,0.38283680156916616,1.962371056406415,0.1720187549371874,5.603573565243332,2.2851477509290516,0.6243319036199141,268.35957082408555,-1.7763568394002505e-15,0.0,-7.105427357601002e-15,0.0,0.0,2.516402405894347e-09,7.46164484366485e-10,4.034473775893499e-09,1.6995850837808746e-09
equilibrium_sigma_1_50,250.0,30.29218799906141,5.752771853684705,4.2094516458957925,3.0,4.22072038403407,2.3849539712774512,4.873098240420015,4.43982616224487,0.8924399961307401,-3.5424890232785993,-4.2094516458957925,7.388594595878648,3.1791429499828556,1.2183579954572819,2.8156426084444757,1.7651595709063044,1.4271670888238017,1.8730982404200152,1.2207203840340703,2.7527718536847052,0.05402415949458131,0.042855878023929386,0.058923043427758746,0.04692304342775874,0.026198950430030545,0.07180637120018929,0.05980637120018929,0.03870502911285101,0.4149183134174507,0.1032875065719549,0.13692304342775874,0.08692304342775874,0.168361469879634,0.831638530120366,0.5344510673187418,0.4867348073360236,0.22190167297467583,0.4144404907557501,0.183791137124671,0.04469298747096573,0.2507099738206114,0.520805901583752,1.0,0.31191778489644295,0.3750641337544786,1.9483105698435237,0.174291077978886,5.591834321681443,2.320154465661879,0.5787980950425596,269.0275262228686,-1.7763568394002505e-15,0.0,-5.10702591327572e-15,0.0,0.0,2.8313969807625128e-08,8.506467960578412e-09,4.558060825998744e-08,1.9112556148837e-08
equilibrium_sigma_1_50,251.0,29.29218799906141,5.807785838701724,4.252540867641831,3.012,4.280891360127351,2.4117314568256916,4.946400227019365,4.522135672011636,0.9320223687672593,-3.5928810208683437,-4.252540867641831,7.532980817278906,3.280439949637075,1.2429827234299156,2.8250672745053382,1.8689490441519803,1.4849819500303518,1.9344002270193648,1.2688913601273506,2.795785838701724,0.05602540614913305,0.04332709857174183,0.061450129507926214,0.04945012950792621,0.027370293600223916,0.07483170567645914,0.06283170567645914,0.04047882184110563,0.42257615002401877,0.1025308659025815,0.1394501295079262,0.0894501295079262,0.1705004613205101,0.8294995386794899,0.5456252664705438,0.48297282695491695,0.22188812888808318,0.4240777035556478,0.18900906967370812,0.04607654780314693,0.2509024850150835,0.5140118975080614,1.0,0.30443107146473564,0.3670057152163948,1.9341343204659789,0.17655985886155617,5.5726577662295975,2.3548722642547517,0.5347444441354807,269.6827133723714,-1.7763568394002505e-15,0.0,-3.552713678800501e-15,2.220446049250313e-16,0.0,-9.017957831869428e-09,-2.79215939952282e-09,-1.4765594996690723e-08,-6.143789654106113e-09
equilibrium_sigma_1_50,252.0,28.29218799906141,5.864867977182513,4.296115559390036,3.024,4.343686535333517,2.439724543130133,5.022833253998307,4.608099733623997,0.9734377996015096,-3.6438697429111624,-4.296115559390036,7.681131410005367,3.385015850615331,1.2668443241453118,2.834611637916196,1.9756415065358788,1.5443900450068562,1.9988332539983071,1.319686535333517,2.840867977182513,0.058162583781256036,0.043827469263955664,0.06417489167455676,0.05217489167455676,0.028631588983111196,0.07807188948216748,0.06607188948216748,0.04237311024057888,0.43083300507441435,0.1017272788940246,0.14217489167455674,0.09217489167455674,0.17253491178053693,0.8274650882194631,0.5570534850103079,0.47912532671319635,0.22187398703220698,0.4342232858167777,0.19440388484537308,0.04749210712859282,0.25105454435315133,0.5070494636728827,1.0,0.2967741650430937,0.3586546058174991,1.9198476164906182,0.17882195011153318,5.545611246392331,2.389232358257676,0.4922359115499702,270.32466175040446,-8.881784197001252e-16,0.0,-2.220446049250313e-15,0.0,0.0,-3.738418415111244e-09,-1.169186657212773e-09,-6.138616129303109e-09,-2.5446157611574982e-09
equilibrium_sigma_1_50,253.0,27.29218799906141,5.924160734875294,4.340206891366204,3.036,4.409314254982578,2.4690276192884792,5.102622871220819,4.697984818973094,1.016812889636192,-3.695485535850268,-4.340206891366204,7.833296982573245,3.4930900912070406,1.2899002364814907,2.844290886023391,2.085447598941425,1.6055779598085027,2.0666228712208192,1.3733142549825783,2.8881607348752936,0.06044901336976308,0.04436111814944399,0.06711910090300557,0.05511910090300558,0.029991883136127655,0.08154877725097265,0.06954877725097265,0.04440036332375996,0.439754851221229,0.10087692728403146,0.14511910090300556,0.09511910090300556,0.1744530263553411,0.8255469736446589,0.568738881510427,0.475191243224823,0.22185922382833873,0.444908202357862,0.19998102738402165,0.04893926339434481,0.2511604205457625,0.49991928867587115,1.0000000000000002,0.2889449493880139,0.35000425004572144,1.9054560104856828,0.18107402322796437,5.510259065732519,2.4231631556416318,0.45133412394279127,270.9528868572441,-4.722000568335716e-11,0.0,-1.1102230246251565e-15,-1.1102230246251565e-16,0.0,5.230897499874931e-09,1.6503090977115775e-09,8.608879858984508e-09,3.556584589337053e-09
equilibrium_sigma_1_50,254.0,26.29218799906141,5.985820806660363,4.384850475609112,3.048,4.478006191938123,2.4997447457651516,5.186018017808176,4.7920853009108315,1.0622876010458557,-3.74776303503294,-4.384850475609112,7.98975571025942,3.6049052346503077,1.3121038029336476,2.8541212978210617,2.1986005882129103,1.66875719178491,2.138018017808176,1.4300061919381228,2.937820806660363,0.06289992661491733,0.04493283271197908,0.07030780322696567,0.058307803226965674,0.03146153808945896,0.08528741978430787,0.07328741978430788,0.0465749146738581,0.44941758553625955,0.09998013909127249,0.14830780322696566,0.09830780322696565,0.1762421817627843,0.8237578182372157,0.5806844552288427,0.47116956673962296,0.22184381513232238,0.4561651215802487,0.20574602006544718,0.05041747541416478,0.2512138604460738,0.4926226440743143,1.0,0.28094141499667535,0.3410485567200692,1.8909653021699575,0.1833125649378774,5.466164616863909,2.456590504254711,0.4120968908648028,271.56688955435186,2.687894351538489e-11,0.0,-6.661338147750939e-16,0.0,0.0,1.4002920545319597e-08,4.4508132041043424e-09,2.308441611476031e-08,9.508463960639091e-09
equilibrium_sigma_1_50,255.0,25.29218799906141,6.05002122483087,4.430087094236661,3.06,4.550020963759122,2.5319911074820345,5.273294537928621,4.8907276622902,1.110017311744794,-3.800741895467837,-4.430087094236661,8.150817600402748,3.7207305061660874,1.333403613327279,2.864120331263637,2.315359820004418,1.7341681503656103,2.2132945379286206,1.4900209637591222,2.9900212248308695,0.06553283690163865,0.04554818985432298,0.07376996214649092,0.06176996214649093,0.033052489099049384,0.08931669313039237,0.07731669313039237,0.04891333091006089,0.4599089762014876,0.09903740133649441,0.1517699621464909,0.10176996214649091,0.17788884559944107,0.8221111544005589,0.5928930405048913,0.46705934303001995,0.22182773624549562,0.46802840536628104,0.2117044603709664,0.05192604844361694,0.25120804959245535,0.48516144159296126,0.9999999999999999,0.27276166286172276,0.33178197546851984,1.8763815199840503,0.18553387676731076,5.41289280187542,2.489437986798926,0.37457763041564746,272.1661556904255,-1.3370637930165685e-11,0.0,-6.661338147750939e-16,-1.1102230246251565e-16,0.0,1.592753898216337e-08,5.093913228726432e-09,2.628563029738462e-08,1.0799063553112997e-08
equilibrium_sigma_1_50,256.0,24.29218799906141,6.116953866046143,4.475963566517076,3.072,4.625648435152581,2.5658947420936125,5.364759383908826,4.994275534497909,1.1601752700652699,-3.854467659680685,-4.475963566517076,8.316829579588473,3.8408660130713974,1.353742702305144,2.8743067266493774,2.436014825623236,1.802084926054397,2.292759383908826,1.5536484351525806,3.044953866046143,0.0683680084077503,0.04621371737639285,0.07753925948459708,0.06553925948459709,0.03477856730313016,0.09367008636740337,0.08167008636740337,0.05143487349590359,0.4713310893472638,0.09804937213115567,0.15553925948459707,0.10553925948459707,0.17937847897121462,0.8206215210287854,0.6053673001964615,0.46285967560052466,0.2218109619290793,0.480534057056441,0.2178620159747479,0.053464117112366843,0.2511355840576432,0.4775382828552421,1.0,0.2644039088683708,0.3221995793345713,1.861710905946272,0.18773407515688123,5.350012646312566,2.521627288608139,0.3388247986573577,272.7501556068206,-4.197797665028702e-11,0.0,0.0,2.220446049250313e-16,0.0,9.028432168545208e-11,2.9017760416749638e-11,1.4907124146201767e-10,6.11094924662936e-11
equilibrium_sigma_1_50,257.0,23.29218799906141,6.186832486279801,4.522533797230893,3.084,4.705214920205714,2.6015986310993005,5.460755706714731,5.103135800361787,1.2129555695065326,-3.908992810167998,-4.522533797230893,8.488181656596362,3.965647859365469,1.3730575702572816,2.884700628764402,2.5608902924579007,1.8728210371011333,2.376755706714731,1.621214920205714,3.102832486279801,0.07142904752572785,0.04693709665012626,0.08165510181455493,0.06965510181455493,0.03665590588609604,0.09838669425388247,0.08638669425388247,0.054162080849184946,0.48380333883198456,0.09701689278011907,0.15965510181455492,0.10965510181455491,0.18069541960962424,0.8193045803903758,0.6181097219412175,0.4585697269464568,0.22179346641706463,0.49371961849584833,0.22422442141701604,0.055030625895719124,0.25098844464134173,0.46975650804592317,1.0,0.25586648629938424,0.31229715105153105,1.846959894392609,0.18990909228359965,5.277100090821044,2.5530786432897896,0.30488131105264654,273.31834354008186,-6.006661834589977e-11,0.0,6.661338147750939e-16,-1.1102230246251565e-16,0.0,-2.2346206593470974e-08,-7.450723864266262e-09,-3.7850567874420094e-08,-1.5415663696949355e-08
equilibrium_sigma_1_50,258.0,22.29218799906141,6.259896425657376,4.56986005414283,3.096,4.78908952293937,2.6392632507788023,5.5616690683295555,5.217766041586002,1.2685767816913276,-3.964378052497464,-4.56986005414283,8.665314441900689,4.095454387757859,1.3912769824596425,2.8953237322973373,2.6903521290298507,1.9467364048268492,2.4656690683295555,1.6930895229393697,3.1638964256573763,0.07474365433515814,0.04772741934148219,0.08616389640851405,0.07416389640851405,0.0387034558879418,0.10351247826889676,0.09151247826889676,0.057121507681667794,0.4974663527530729,0.09594099998391775,0.16416389640851406,0.11416389640851406,0.1818227409113528,0.8181772590886471,0.6311226178066807,0.4541887186717508,0.22177522342633973,0.5076240002733947,0.23079747593341715,0.05662430668090618,0.2507579731670357,0.46182024421864104,1.0,0.24714784606952392,0.3020712728496236,1.8321350882210894,0.19205467799705883,5.1937409471481955,2.583711366122103,0.27278396158902946,273.8701569366596,6.839773192268694e-11,0.0,4.440892098500626e-16,0.0,0.0,-2.69535318370151e-08,-9.006542733835943e-09,-4.561107086464844e-08,-1.8555472464099054e-08
equilibrium_sigma_1_50,259.0,21.29218799906141,6.336415163872383,4.618014535273334,3.108,4.877691919195511,2.679069706378156,5.667935083345812,5.33868370039989,1.3272864269580786,-4.020693891483849,-4.618014535273334,8.848728393497709,4.230713858224375,1.4083204812517671,2.906199457514653,2.824814918355477,2.024245878254206,2.559935083345812,1.7696919191955112,3.228415163872383,0.07834458852714783,0.048595515663549096,0.09112068524383835,0.07912068524383835,0.040943648062957624,0.10910188500190543,0.09710188500190543,0.06034467437743274,0.5124869249813283,0.09482293751263918,0.16912068524383836,0.11912068524383836,0.18274208007975354,0.8172579199202464,0.6444081278326876,0.4497159302963285,0.2217562061627011,0.5222872242239232,0.23758704316333198,0.05824365235093881,0.25043485457082415,0.4537344499149051,1.0,0.23824655435209927,0.29151941944514786,1.8172432296785088,0.1941664024845687,5.09953397602782,2.613444486212304,0.24256284753150156,274.40501562881155,6.893330350976612e-11,0.0,0.0,0.0,0.0,-1.3903020137928657e-08,-4.646541734709686e-09,-2.3480115296514725e-08,-9.545188237036761e-09
equilibrium_sigma_1_50,260.0,20.29218799906141,6.416693978068046,4.667081310102744,3.12,4.971502001203971,2.721223621495458,5.780048905692317,5.466477452134123,1.389366527778689,-4.07802258306646,-4.667081310102744,9.038995288524266,4.371913978421522,1.4240965304608668,2.9173531639363786,2.9647511692057975,2.1058297448793777,2.6600489056923173,1.8515020012039711,3.2966939780680455,0.08227092231310267,0.049554378647839,0.09659125951218708,0.08459125951218709,0.043403250941005986,0.11521994437213579,0.10321994437213579,0.06386929821022846,0.5290644227642033,0.09366416737858162,0.1745912595121871,0.1245912595121871,0.18343342762641884,0.8165665723735811,0.6579682285918503,0.44515069637407706,0.22173638732029485,0.5377500529677482,0.24459905302272583,0.0598868855745523,0.2500091040369464,0.4455049573657756,1.0,0.22916128684346024,0.2806400538505247,1.8022911687870726,0.19623966013381383,4.99409405812297,2.6421974900909664,0.2142408051784933,274.9223208917557,-6.73416877816635e-11,0.0,0.0,2.220446049250313e-16,0.0,1.3325821834886398e-08,4.451886553846762e-09,2.245482402796206e-08,9.125073870130951e-09
equilibrium_sigma_1_50,261.0,19.29218799906141,6.501081039224496,4.717158747000302,3.132,5.071071947170423,2.7659600125062154,5.898577124086386,5.601821464391497,1.4551405758922753,-4.1364605768288385,-4.717158747000302,9.23677260063025,4.519613853629948,1.438500177782237,2.928812413228415,3.110702912754339,2.192046809277364,2.766577124086386,1.9390719471704227,3.3690810392244956,0.08656968504915118,0.050619718861904237,0.1026549285115306,0.0906549285115306,0.04611449659615469,0.12194502165829846,0.10994502165829846,0.06774090907546437,0.5474391773076684,0.09246637975538102,0.1806549285115306,0.1306549285115306,0.18387486721338772,0.8161251327866123,0.6718047483771737,0.4404924013796848,0.22171573907095385,0.5540534743695804,0.25183950722431303,0.061551921314444855,0.2494700611688175,0.43713851029242445,0.9999999999999999,0.21989081858729356,0.2694327251465584,1.7872858249035364,0.1982696741883933,4.877055396656552,2.669891194029588,0.18783286360000395,275.42145432069054,-6.009326369849077e-11,0.0,-8.881784197001252e-16,-1.1102230246251565e-16,0.0,4.478846894750976e-08,1.4942663620343133e-08,7.526782884459404e-08,3.0586962615486435e-08
equilibrium_sigma_1_50,262.0,18.29218799906141,6.589976408799417,4.768362580235263,3.144,5.177041486205829,2.813549463457758,6.024172836897796,5.745493465662669,1.5249823664493385,-4.196121603232088,-4.768362580235263,9.442821708816652,4.674459128581389,1.4514100793987488,2.9406072959743494,3.263296395484976,2.2835508330563385,2.8801728368977955,2.0330414862058293,3.4459764087994165,0.0912980495225789,0.05181069889309378,0.10940819194925391,0.09740819194925392,0.04911657663159255,0.1293724729567458,0.11737247295674581,0.07201499687026214,0.5679036119674361,0.091231500911927,0.18740819194925393,0.1374081919492539,0.18404225139232014,0.8159577486076799,0.6859193905029833,0.4357404718639956,0.22169423303958813,0.571238000156836,0.2593144896016263,0.06323632113443126,0.24880639345305133,0.4286427958108912,1.0,0.21043400836300113,0.2578981677937099,1.7722341406491016,0.2002515020353725,4.7480746868543875,2.6964487645557598,0.1633457243450147,275.90177650314297,-5.0820680996821466e-11,0.0,-1.3322676295501878e-15,-2.220446049250313e-16,0.0,5.876350027411714e-08,1.9561129355194495e-08,9.844752442422777e-08,4.0020689304198775e-08
equilibrium_sigma_1_50,263.0,17.29218799906141,6.683843577981082,4.820829829913977,3.156,5.290157431046368,2.86430604127806,6.157594976331371,5.898397903877036,1.5993273295739066,-4.257140617438402,-4.820829829913977,9.658031220169303,4.837201390255325,1.4626846730113054,2.9527708413306746,3.4232609153466744,2.3811114366686783,3.0015949763313707,2.134157431046368,3.527843577981082,0.0965262780708971,0.05315091948840463,0.11696967873580486,0.10496967873580486,0.05245765816842426,0.13761956738189696,0.12561956738189695,0.07675990515210174,0.5908172082903177,0.08996169837742295,0.19496967873580484,0.14496967873580485,0.18390879437873803,0.8160912056212619,0.7003137661546215,0.4308943653946108,0.22167184026135964,0.5893427269648598,0.26703018191882677,0.0649372369476813,0.24800611088310845,0.4200264702503834,0.9999999999999999,0.20078977667640358,0.24603840268508878,1.7571430313680019,0.20218004140476958,4.60683419201785,2.721796916384368,0.14077727571751325,276.3626254924849,-4.0875747231439163e-11,0.0,1.7763568394002505e-15,-1.1102230246251565e-16,0.0,2.959171921390613e-09,9.88815133939891e-10,4.967841388259231e-09,2.0192359728721243e-09
equilibrium_sigma_1_50,264.0,16.29218799906141,6.783224467472774,4.874723877280827,3.168,5.411299003362626,2.918597578147248,6.299733409318051,6.061596022465725,1.6786872594388549,-4.319678905627577,-4.874723877280827,9.883447242638741,5.008723365357914,1.472157190707337,2.9653395367189304,3.5914532927725986,2.485641015562247,3.131733409318051,2.243299003362626,3.615224467472774,0.10234175443015399,0.05466976412849005,0.12548689327670895,0.11348689327670895,0.05619764304212314,0.1468322180020465,0.13483221800204648,0.08206079112005327,0.6166269493233605,0.08865938180042324,0.20348689327670896,0.15348689327670895,0.18344455508084317,0.8165554449191568,0.7149894399415162,0.4259535552196896,0.22164853111308871,0.6084040961905968,0.27499288786471265,0.0666513407323525,0.24705659491094614,0.41129917649198866,0.9999999999999999,0.19095707523918412,0.23385683902712806,1.742019324501545,0.20405003689610313,4.453044618261381,2.745867318159324,0.12011614827002125,276.8033150311743,-3.129052572603541e-11,0.0,-4.440892098500626e-16,0.0,0.0,-1.2372520355463656e-08,-4.1747215684395655e-09,-2.0922972021608643e-08,-8.501866322063734e-09
equilibrium_sigma_1_50,265.0,15.292187999061412,6.888759204236851,4.9302411300831865,3.18,5.541511145063136,2.9768592234685727,6.451642007332611,6.236345477514105,1.7636697342673182,-4.383930788830426,-4.9302411300831865,10.120313236940664,5.190072106857477,1.4796290719500869,2.978353993973884,3.7688901236722754,2.5982298994226434,3.2716420073326105,2.3615111450631354,3.7087592042368507,0.10885459587844214,0.05640426395550519,0.13514559089825365,0.12314559089825365,0.060412010212743714,0.1571943439726553,0.1451943439726553,0.08802513854266891,0.645895729994708,0.08732719746570755,0.21314559089825366,0.16314559089825365,0.18261577417534822,0.8173842258246518,0.7299479909693369,0.42091750970698993,0.2216242752108718,0.6284542711099257,0.28320906727103395,0.06837473570239483,0.2459446447799611,0.40247155224661024,1.0,0.18093484605054425,0.22135837753414037,1.7268696891029098,0.20585608667842176,4.286447692513182,2.768598261439933,0.10134132018628196,277.2231324999836,-2.277111832427181e-11,0.0,-2.220446049250313e-16,-1.1102230246251565e-16,0.0,2.5439291645446005e-09,8.540004259316447e-10,4.2832167812534294e-09,1.7430695775644267e-09
equilibrium_sigma_1_50,266.0,14.292187999061412,7.001212591132143,4.987619907656421,3.192,5.682049001151285,3.0396115797716816,6.614582884047655,6.424153326826938,1.8550041144315252,-4.450132554065157,-4.987619907656421,10.370123275208911,5.3825033675524905,1.4848611255385225,2.9918598141437243,3.956790937589122,2.7201929947684045,3.422582884047655,2.4900490011512852,3.809212591132143,0.11620561993837648,0.058401733840857395,0.14618305935670797,0.13418305935670796,0.06519727105155355,0.16894114481580402,0.156941144815804,0.09479058169947763,0.6793426041112363,0.08596801302821666,0.224183059356708,0.17418305935670797,0.18138401334919502,0.8186159866508049,0.7451910904032579,0.4157856662309032,0.22159904126796828,0.6495190239927671,0.2916853819996878,0.07010284180526334,0.24465655316262455,0.3935552230324243,1.0,0.17072196942981718,0.20854951798374968,1.7117005560831193,0.20759264857049498,4.106818344861024,2.789936669009685,0.08442178352448576,277.62133662914835,-1.5707435352396715e-11,-4.440892098500626e-16,-1.7763568394002505e-15,0.0,0.0,2.0753022633712703e-08,6.927213011542754e-09,3.478381679911102e-08,1.4180774471350688e-08
equilibrium_sigma_1_50,267.0,13.292187999061412,7.12151021344888,5.04715250810505,3.204,5.834438454073325,3.1074854389736837,6.790086677574557,6.6268482196066065,1.953577003033538,-4.5185745785606,-5.04715250810505,10.634694555852594,5.587542047747544,1.4875614642636035,3.0059087251412215,4.1566370535182315,2.853132825349529,3.586086677574557,2.630438454073325,3.9175102134488795,0.12457789422376374,0.0607235800939756,0.15890734577203083,0.14690734577203082,0.070678883302961,0.18237832776879515,0.17037832776879513,0.10253624945111284,0.7179010477940327,0.08458488851711123,0.23690734577203082,0.18690734577203083,0.17970502258747295,0.820294977412527,0.7607206025403136,0.41055739714476114,0.22157279689613268,0.6716150059711887,0.30042875844773986,0.07183024701223736,0.24317821343234824,0.38456278110767445,1.0,0.16031719629798988,0.19543847117494434,1.6965180242246025,0.20925404525427016,3.913966341820282,2.809840537823358,0.06931627240891551,277.9971549883627,-1.0222933610748441e-11,0.0,-4.440892098500626e-16,2.220446049250313e-16,0.0,-2.056444385611922e-08,-6.908996597054795e-09,-3.466977110955227e-08,-1.4149083307768429e-08
equilibrium_sigma_1_50,268.0,12.292187999061412,7.250788688591311,5.109201928868012,3.216,6.000560184366437,3.181256213533907,6.980036363328046,6.8466807404371846,2.0604815974657433,-4.589618120196294,-5.109201928868012,10.91626813652108,5.807066207653067,1.4873687035392997,3.0205601017078574,4.37025348165834,2.999026505071413,3.764036363328046,2.7845601843664367,4.034788688591311,0.13421389757670865,0.06345093630690607,0.1737257822103683,0.1617257822103683,0.07702301837759522,0.1979106471639014,0.18591064716390138,0.11149962108714107,0.7628054006374796,0.0831810265814582,0.2517257822103683,0.2017257822103683,0.17752722590287306,0.8224727740971269,0.7765387141391653,0.4052319662398144,0.22154550833521947,0.6947462304039336,0.30944647078056237,0.07355051119376606,0.24149527182523922,0.3755077462004323,1.0,0.14971906152675923,0.18203527975879064,1.681327750033341,0.21083446769267838,3.7077372284321797,2.8282819819927068,0.055973059849348715,278.3497813233902,-6.233236149455479e-12,4.440892098500626e-16,4.440892098500626e-16,0.0,0.0,-2.3864755588354214e-08,-7.961204293027713e-09,-4.003469472602106e-08,-1.637822857891713e-08
equilibrium_sigma_1_50,269.0,11.292187999061412,7.3904672418065624,5.174225575737962,3.228,6.1827691504192455,3.2618929962728864,7.1867865086193135,7.086466147497236,2.1770879857896928,-4.66371911195156,-5.174225575737962,11.217652138560855,6.0434265628228925,1.4838280235219192,3.0358830336288127,4.599925578288856,3.1603486028551906,3.9587865086193132,2.9547691504192453,4.162467241806562,0.1454417444909153,0.06669324132050686,0.19118851173206927,0.17918851173206926,0.08445455722865744,0.21608546623141933,0.20408546623141932,0.12200228257874812,0.8157227628244522,0.08175969135589709,0.26918851173206926,0.21918851173206927,0.17478965901249527,0.8252103409875047,0.7926480986568774,0.3998084734521846,0.22151714009068066,0.7188995515578435,0.31874625047434774,0.07525590321949381,0.239593343961857,0.3664045023443015,1.0,0.13892577389989216,0.16835195464667096,1.6661348182442322,0.21232797562576006,3.488012408040737,2.8452511182529605,0.044329826025405104,278.67837290890697,-3.5278446830488974e-12,0.0,-8.881784197001252e-16,0.0,0.0,3.926901795403559e-08,1.300189045316813e-08,6.554942783010276e-08,2.6887829879251868e-08
equilibrium_sigma_1_50,270.0,10.292187999061412,7.542352405528071,5.2428097816985995,3.24,6.384068997683675,3.3506303593961153,7.413337518282053,7.34979287232506,2.3051459755498334,-4.741462783828455,-5.2428097816985995,11.542430798456394,6.299621016757794,1.476356148465942,3.051959201068798,4.848569682753163,3.3402494981649933,4.173337518282053,3.144068997683675,4.302352405528071,0.15871658393673405,0.07060172298322526,0.21205709044663498,0.20005709044663497,0.0932855202802487,0.23766143581127608,0.22566143581127607,0.1344905792244333,0.878960880141318,0.08032407878252104,0.29005709044663497,0.24005709044663498,0.1714190986721256,0.8285809013278744,0.8090521213960639,0.3942857857966585,0.22148765445723684,0.7440388467007948,0.3283364278744465,0.07693704141605764,0.2374583313687145,0.35726819934078136,1.0,0.1279350786646372,0.15440264005555757,1.650943591134654,0.21372849346091627,3.254708193061034,2.8607611779760855,0.034313598889997146,278.9820483109892,-1.830535723001958e-12,0.0,4.440892098500626e-16,-1.1102230246251565e-16,0.0,8.336021678490013e-09,2.7461893731262066e-09,1.3879137755745674e-08,5.708406192184157e-09
equilibrium_sigma_1_50,271.0,9.292187999061412,7.708796084763372,5.315721667910622,3.2520000000000002,6.608374831809482,3.4490768201377655,7.663598348433238,7.6413367768079485,2.4469403218815233,-4.823615649875668,-5.315721667910622,11.895279390512547,6.579557722601925,1.4641885048600505,3.068886974556593,5.119990731810657,3.54282274317934,4.4115983484332375,3.356374831809482,4.456796084763372,0.17468847418503985,0.07539141047879268,0.23741679347896735,0.22541679347896734,0.10396172050542982,0.26372094338533714,0.2517209433853371,0.14960225373616964,0.9558084650877798,0.07887711108717671,0.31541679347896734,0.26541679347896735,0.16732596293396418,0.8326740370660358,0.8257550977932727,0.3886624504095982,0.2214570108929479,0.7700975143167514,0.3382261156915922,0.07858239265827976,0.23507688244255592,0.348114609207572,1.0,0.11674408447850726,0.14020382440391704,1.6357575298117228,0.21502979982990045,3.0077736069708996,2.8748554746103907,0.025840759012493858,279.25988613542347,-8.526512829121202e-13,0.0,3.552713678800501e-15,2.220446049250313e-16,0.0,-2.788580036328092e-08,-9.17169325209688e-09,-4.64584061221629e-08,-1.9160996567180177e-08
equilibrium_sigma_1_50,272.0,8.292187999061412,7.892943261965015,5.393990005230925,3.2640000000000002,6.86092418494139,3.5593849494525904,7.942797598753493,7.967352719858266,2.605533943726445,-4.9112065252449995,-5.393990005230925,12.282456607521766,6.888466602290841,1.4462964972824088,3.086787445744436,5.419285967922863,3.7735213535177126,4.678797598753492,3.5969241849413898,4.628943261965015,0.19431878961076754,0.08137871934618529,0.2688689320813923,0.2568689320813923,0.11714285081287329,0.2958626893745375,0.2838626893745375,0.16828070312779886,1.0511179760042189,0.07742110895633533,0.34686893208139224,0.29686893208139226,0.162398270211616,0.837601729788384,0.8427626202659396,0.382936584510467,0.22142516519726813,0.7969687445808475,0.34842544720862195,0.08017755782953372,0.23243707670145192,0.33895991826039246,1.0,0.10534904442182044,0.12577462614414175,1.6205789792388243,0.2162255083695575,2.747186661741634,2.887617283595653,0.01881709581225267,279.5109257658317,-3.4994229736184934e-13,0.0,6.217248937900877e-15,0.0,0.0,5.2665662081397e-08,1.716754331748671e-08,8.729707212662419e-08,3.612654045359598e-08
equilibrium_sigma_1_50,273.0,7.292187999061412,8.09913782665288,5.479036998535429,3.2760000000000002,7.148948985987219,3.6845303245430823,8.258155984438051,8.3364783606606,2.785166318971524,-5.005658496707593,-5.479036998535429,12.712609322841327,7.233572324305898,1.421252124601975,3.105813641002489,5.753506345732588,4.039835990188872,4.982155984438052,3.8729489859872186,4.82313782665288,0.21909102616151527,0.08904919275161813,0.30887854719840674,0.29687854719840673,0.1338476475052706,0.3365498662422084,0.3245498662422084,0.19198180615020988,1.1723592339345656,0.07595725795817662,0.3868785471984067,0.3368785471984067,0.15649239328387998,0.84350760671612,0.8600819602088187,0.3771057400630311,0.22139206845771175,0.8244927363977916,0.3589458777799484,0.08170421896708498,0.22952949776189024,0.3298204054910763,0.9999999999999999,0.09374508666009149,0.11113721549596074,1.6054089182023736,0.21730903555996,2.4729489333274843,2.8991845170351107,0.013137898356695954,279.7341723086045,-1.2256862191861728e-13,-8.881784197001252e-16,5.329070518200751e-15,-1.1102230246251565e-16,0.0,-9.010714510648832e-08,-2.931727451083166e-08,-1.4952702992454547e-07,-6.208183950251467e-08
equilibrium_sigma_1_50,274.0,6.292187999061412,8.33362529667277,5.572905220229134,3.2880000000000003,7.482836762155471,3.8287950353120137,8.620048706300874,8.761122922983375,2.991943092957495,-5.109016081433673,-5.572905220229134,13.198162501563294,7.62525728133416,1.3869939508845743,3.126165281656382,6.132801719987139,4.3524633450401495,5.332048706300874,4.194836762155471,5.045625296672769,0.25141898922528383,0.09918803346994276,0.36144653674246374,0.34944653674246373,0.15573524937144517,0.3897832055876904,0.3777832055876904,0.2230742276254638,1.3316561719468596,0.07448471727122435,0.4394465367424637,0.3894465367424637,0.14941822151199774,0.8505817784880023,0.8777225657902623,0.3711667361839451,0.22135766569830845,0.852439587852036,0.36980056766651054,0.08313853332721964,0.2263489597202964,0.32071193928597347,1.0,0.08192588092052425,0.0963174652837686,1.5902466640067625,0.21827355141296517,2.1850780511076033,2.9097726729430557,0.008688041239323154,279.928609242547,-3.375077994860476e-14,0.0,1.1102230246251565e-14,0.0,0.0,-2.0339667672342188e-08,-6.564444571255379e-09,-3.362813988383451e-08,-1.4014629567959958e-08
equilibrium_sigma_1_50,275.0,5.292187999061412,8.605857172778034,5.678676387566693,3.3000000000000003,7.87828151811257,3.998666117269643,9.044158827891053,9.260038747573587,3.2351155240225644,-5.224364264189443,-5.678676387566693,13.757892045787113,8.07921565822042,1.3403935772221123,3.1481139051489357,6.572546208454832,4.727465274904067,5.744158827891052,4.57828151811257,5.305857172778033,0.2955071957347207,0.11315384314415752,0.4335238999773724,0.4215238999773724,0.18569884637431924,0.46251707335187575,0.45051707335187574,0.265682740778761,1.5500724241738557,0.07299906854640376,0.5115238999773724,0.46152389997737236,0.14091387049819168,0.8590861295018083,0.8956966534961481,0.36511545998963013,0.22132189419996107,0.8804856420876017,0.38100485175530147,0.08444856573804801,0.2228974532714922,0.3116491292351583,1.0,0.06988324215758074,0.08134602545393987,1.5750895430272394,0.21911190608711767,1.8835978104255597,2.9197130241749143,0.005342013531632463,280.0932259459468,-7.105427357601002e-15,0.0,1.9095836023552692e-14,-1.1102230246251565e-16,0.0,-1.1128038934771212e-08,-3.5675627729769843e-09,-1.8357537712176963e-08,-7.680731328729706e-09
equilibrium_sigma_1_50,276.0,4.292187999061412,8.931142456047587,5.801317451661034,3.3120000000000003,8.360646629127324,4.204664020673708,9.555845443358358,9.863534974421873,3.5296798922678914,-5.356674854622726,-5.801317451661034,14.42213974121385,8.620822289552816,1.276376462151671,3.172049162557758,7.097657829875054,5.190640962009583,6.2438454433583574,5.048646629127323,5.619142456047586,0.35937831368669354,0.13352023285275197,0.5383380785341564,0.5263380785341564,0.22926597145567562,0.5679898503796466,0.5559898503796465,0.3276741993296639,1.8676911470732012,0.07148946069696119,0.6163380785341565,0.5663380785341564,0.13059902367611625,0.8694009763238837,0.9140198498806446,0.358946650540183,0.22128468154573822,0.9081790841699316,0.392576775779961,0.0855899325213255,0.21918951338834428,0.3026437783103692,1.0,0.05760670057996815,0.06626022071374758,1.5599325716691839,0.21981652364007076,1.5685255359020025,2.9295212573624188,0.002963804986552683,280.2270742147441,-3.552713678800501e-15,0.0,2.398081733190338e-14,-1.1102230246251565e-16,0.0,7.679019914386132e-08,2.4353521865805305e-08,1.2601114363075538e-07,5.295149255180043e-08
equilibrium_sigma_1_50,277.0,3.2921879990614116,9.336753125653372,5.949616229683226,3.3240000000000003,8.97498810746891,4.4655580923110545,10.200178727915167,10.625448054402321,3.9023589225878004,-5.514742275356829,-5.949616229683226,15.244784259159996,9.29516802947677,1.1859030357095466,3.1985740039228885,7.752542464072759,5.78756016706796,6.876178727915168,5.65098810746891,6.012753125653372,0.46044649095702456,0.16582982190674458,0.7045190418277041,0.6925190418277041,0.29845191608014204,0.7348600696488461,0.7228600696488461,0.42611324003960505,2.3712698237203154,0.0699329195892908,0.7825190418277042,0.7325190418277041,0.11787895757080886,0.8821210424291911,0.9327116548443332,0.3526537428690745,0.22124594384289634,0.9348857253906826,0.40453755715973294,0.0864978030318642,0.21526293037212382,0.29370170943627905,1.0,0.04508319125429678,0.051107715478758343,1.544768335314175,0.22037925158597016,1.2398564342446672,2.9400341482698513,0.0014065161771935055,280.32938453900306,1.7763568394002505e-15,0.0,2.930988785010413e-14,-1.1102230246251565e-16,0.0,2.2735181187671927e-07,7.155962533644811e-08,3.7216856341171223e-07,1.5708513972922944e-07
equilibrium_sigma_1_50,278.0,2.2921879990614116,9.878821209628573,6.141501580994929,3.336,9.813726775007149,4.820048460805808,11.069642085901995,11.656165801081443,4.408142707379108,-5.716503284586885,-6.141501580994929,16.33626193664576,10.194760355650828,1.0503984915381555,3.228734490376603,8.628605489483991,6.61124684990283,7.7336420859019945,6.477726775007149,6.542821209628572,0.6448118385151473,0.22463148782245496,1.007627598705555,0.995627598705555,0.4251152575555416,1.0387658051502768,1.0267658051502768,0.6061367020260278,3.289780602138045,0.06828160141635761,1.085627598705555,1.035627598705555,0.10171286255459988,0.8982871374454001,0.9517947489806481,0.3462291011765152,0.22120558624819,0.959692071615597,0.4169113247604664,0.08707054764795695,0.21120309301586424,0.28481503457571244,1.0,0.03229751818296578,0.035954559334797256,1.529587813867664,0.22079115705656777,0.8975449789073442,2.952726061155782,0.0005114774815172821,280.3998162928458,-9.828848845927496e-11,0.0,3.375077994860476e-14,0.0,0.0,3.0407259299369827e-07,9.49574671949005e-08,4.964565036846835e-07,2.1053390009129203e-07
equilibrium_sigma_1_50,279.0,1.2921879990614116,10.706022057979476,6.423947382645012,3.348,11.120663617625675,5.370859900113027,12.4082486885158,13.24665881997399,5.192578849084724,-6.008937429981005,-6.423947382645012,17.987576549211372,11.563629166566361,0.8208294922897199,3.264743672292615,9.967908773646773,7.906238215870496,9.060248688515799,7.772663617625676,7.358022057979476,1.0867937928672646,0.3644361307076786,1.7324293118398735,1.7204293118398735,0.7299477261054201,1.7647469086458245,1.7527469086458245,1.0382598994584453,5.486149429817798,0.06642840035069587,1.8104293118398735,1.7604293118398735,0.07988473404668738,0.9201152659533126,0.9712882433447829,0.33966629140725646,0.22116351682202626,0.9811922691431592,0.42972082645306275,0.08713122922737657,0.20721159848265724,0.27593634583690346,1.0,0.019236876958995442,0.020907029445995044,1.5143858127902157,0.22104229658794172,0.5414841921039171,2.970663191766256,0.00010653049440518503,280.439054693988,-8.881784197001252e-16,-1.7763568394002505e-15,2.5757174171303632e-14,-1.1102230246251565e-16,0.0,9.916410188548497e-07,3.0706081610709646e-07,1.6134835030268135e-06,6.878696645618021e-07
equilibrium_sigma_1_50,280.0,0.2921879990614116,12.55430175843974,7.026306282657519,3.36,14.096317883661778,6.6280415502489545,15.417745644058872,16.828098602647405,6.9753569532278075,-6.62137388833135,-7.026306282657519,21.629756778714793,14.603450496057274,0.2558038026247691,3.314102058055917,12.968439292267988,10.875231732539467,12.057745644058873,10.736317883661778,9.19430175843974,3.5234053430457886,1.1227909443267885,5.704182815294532,5.692182815294532,2.4189782540121607,5.741691206168355,5.729691206168355,3.4203525627382163,17.521766106953127,0.06407978153990046,5.782182815294532,5.732182815294532,0.044860563109350104,0.9551394368906498,0.9911541695464905,0.33297809625268154,0.22111976616256943,0.9967868286853461,0.44295143255687686,0.08635346465589112,0.20394093387810724,0.2667541689091248,1.0,0.0059267064038513685,0.006205069307100443,1.4992011421271978,0.22112186103927167,0.17146127988151436,3.0043044424827223,3.012815634665804e-06,280.4505749614912,-7.816236546887012e-11,8.881784197001252e-16,2.6645352591003757e-14,-1.1102230246251565e-16,0.0,-1.24168283077708e-06,-3.813588249634847e-07,-2.007821713334579e-06,-8.623327945045389e-07
equilibrium_sigma_1_50,280.2921879990614,0.0,14.223867537857693,7.551536948302353,3.363506255988737,16.799906332700267,7.7785457771004705,18.135890543285836,20.062707844466864,8.600025969089348,-7.149534438013077,-7.551536948302353,24.8819103311681,17.330373382865748,-0.2805114689698587,3.3370112621942676,15.681462052396657,13.583087321665948,14.772384287297099,13.43640007671153,10.860361281868956,10.166582448457302,3.159841228986477,16.421999999999947,16.409999999999947,7.004899105778486,16.52172097669824,16.50972097669824,9.903195570220408,49.99999999999984,0.06319682457972975,16.499999999999947,16.449999999999946,0.02614708086879855,0.9738529191312014,0.9969675237391026,0.33102093367450214,0.22110679590463958,0.9993654422836362,0.4468567701570638,0.08591228106475023,0.2043316489691467,0.26289929980903914,0.9999999999999999,0.002031759094801272,0.0020863100113863763,1.4948150850896094,0.22111147074813486,0.06045791245791254,3.0228956228956174,1.16896896007419e-07,280.45008538083937,-4.7483794674008095e-11,-1.7763568394002505e-15,1.3145040611561853e-13,0.0,0.0,0.0,0.0,0.0,0.0
equilibrium_sigma_2_00,0.0,208.9961787558852,0.9200248718261719,0.0,0.0,-0.3961468322105918,-1.0765182164924898,0.0325726942949246,-0.40453061702643606,-0.3885465303248028,0.6860685136348872,0.0,-4.922291979715941,-4.922291979715941,-7.656293338164801,-0.0004731695567794902,-9.671464815626855,-8.158904197888713,0.0325726942949246,-0.3961468322105918,0.9200248718261719,0.09061618966427311,0.002502821785194879,0.057862110352339645,0.04586211035233964,0.06286541624134559,0.03873327693776352,0.026733276937763516,0.026157242967173033,0.4117033647040595,0.0060791871035447,0.13586211035233964,0.08586211035233964,0.0004730576297189474,0.9995269423702811,0.02089347031848987,0.4964481100458567,0.24824854475434774,0.1642932343591458,0.0070490341326061665,6.103656116835751e-05,0.34154734141012133,0.6513425878961042,1.0,0.6560013748866117,0.6563118482138843,1.9858926556527599,0.006949590980782046,0.32985869579377025,0.13580393493518803,7.5020136971818,19.176110194226677,0.0,-4.440892098500626e-16,-1.2212453270876722e-15,0.0,0.0,0.0,0.0,0.0,0.0
equilibrium_sigma_2_00,1.0,207.9961787558852,1.004812773874869,0.0025446757768877565,0.012,-0.34157760559895894,-1.0169883200860725,0.06933969041980437,-0.3914157088938842,-0.364323740465407,0.6833352650525821,-0.0025446757768877565,-4.856406398434123,-4.858951074211011,-7.5898221893299755,0.011500334841636713,-9.556548087073237,-8.084392770197015,0.05733969041980437,-0.35357760559895896,0.9928127738748689,0.07935604327581945,0.0025858604503348555,0.05149206058101596,0.03949206058101595,0.05641431283035752,0.03493395781956066,0.022933957819560657,0.022419785962179972,0.39240018357883616,0.006589855353152088,0.12949206058101595,0.07949206058101595,0.0004995403465169559,0.999500459653483,0.02145208882556298,0.4963531448996543,0.2482023892274775,0.16764614797251987,0.007238865638459802,6.599789057106779e-05,0.32965337094402974,0.6630417655269394,0.9999999999999999,0.6556271004868728,0.6559547763631567,1.9855182056100829,0.007134033874667393,0.3383131494577598,0.13275414195435917,7.147237352276387,21.1194327099819,-2.3809079707781677e-16,2.220446049250313e-16,1.6653345369377348e-16,0.0,0.0,-2.375311629332355e-08,2.701498139773273e-11,-1.2551091603529851e-08,-1.2764110601803935e-08
equilibrium_sigma_2_00,2.0,206.9961787558852,1.0794257578549324,0.005170496413472535,0.024,-0.29278613692884586,-0.9633054989280949,0.10267223030956829,-0.37841532803367084,-0.34347853455409394,0.680540044280149,-0.005170496413472535,-4.797151257969943,-4.802321754383415,-7.527655114586642,0.023474621938325044,-9.452690600507276,-8.015175544421474,0.0786722303095683,-0.3167861369288459,1.0554257578549324,0.07016942135841302,0.0026652211299028664,0.04625540026320126,0.03425540026320126,0.05111920544239773,0.03183188223926381,0.01983188223926381,0.01936996001788982,0.3765315159490947,0.007078348071833626,0.12425540026320125,0.07425540026320125,0.0005252400747872629,0.9994747599252127,0.021954001016794622,0.4962678198271449,0.2481609488883847,0.17057509274831734,0.007409487653123704,7.082044478383391e-05,0.31914837475293667,0.6733713171491558,0.9999999999999999,0.6552908193187474,0.6556351851924512,1.9851818870433329,0.0072996930281286915,0.34617625267706487,0.13034626920607206,6.855391931476901,22.967352676970307,7.537373503119227e-16,4.440892098500626e-16,6.661338147750939e-16,0.0,0.0,-1.3503810925019621e-07,1.7911796004743685e-10,-7.200824619219004e-08,-7.329018399115927e-08
equilibrium_sigma_2_00,3.0,205.9961787558852,1.1456780848935433,0.007874091875460454,0.036000000000000004,-0.24877635278594773,-0.9144534313595504,0.1331806558903597,-0.3655121076485218,-0.32540918494376414,0.677683295082721,-0.007874091875460454,-4.743324128798651,-4.7511982206741115,-7.469055990810726,0.0354495534940994,-9.3579527775107,-7.950365682010494,0.09718065589035971,-0.2847763527859477,1.1096780848935432,0.0625667697694821,0.002741499982345051,0.04189246613122621,0.029892466131226206,0.04671593726823081,0.029262936959706387,0.017262936959706387,0.016845552453237378,0.3633105034279582,0.0075458869382472185,0.1198924661312262,0.0698924661312262,0.0005502950380156066,0.9994497049619844,0.022407850270584062,0.49619066545400076,0.2481235011963857,0.1731467683386331,0.007563820369397657,7.551845961357503e-05,0.3098362659691265,0.6825243952018621,0.9999999999999999,0.6549867403187086,0.6553473747271976,1.984877872302895,0.007449439311893662,0.3535395228980744,0.12844462204577953,6.612070132144728,24.730362911086146,4.996003610813204e-16,3.3306690738754696e-16,8.881784197001252e-16,0.0,0.0,-5.555998219830549e-08,8.52797997150101e-11,-2.988360302269566e-08,-3.043778309258505e-08
equilibrium_sigma_2_00,4.0,204.9961787558852,1.2049702487095764,0.010652634357865141,0.048,-0.20877258927236997,-0.8696401040454443,0.16133654790163848,-0.3526919913022713,-0.3096510789333539,0.6747654783733621,-0.010652634357865141,-4.693996827703628,-4.704649462061493,-7.413443911266365,0.04742500914958586,-9.270824485945518,-7.8892609991089175,0.11333654790163848,-0.25677258927236996,1.1569702487095763,0.05620003208284108,0.002815190202652904,0.038216979133455,0.026216979133455002,0.04301485689022323,0.027110347175368643,0.015110347175368643,0.014731210598306621,0.3521726640407727,0.007993778308491814,0.116216979133455,0.06621697913345499,0.0005748255748539397,0.9994251744251461,0.022820629929998674,0.49612049291190025,0.24808946227848763,0.17541444147417282,0.007704227999580343,8.010590118779628e-05,0.3015567161412216,0.6906589499580102,1.0,0.6547101779469008,0.6550867385579716,1.9846014492213837,0.007585594053518767,0.36047811999679735,0.12695053984768148,6.4069322913244475,26.41760901687961,-7.563394355258879e-16,-5.551115123125783e-16,3.885780586188048e-16,0.0,0.0,6.283915235383297e-09,-1.1056866793673903e-11,3.407455102799606e-09,3.4729630143948143e-09
equilibrium_sigma_2_00,5.0,203.9961787558852,1.2584046881592679,0.013503748312745267,0.06,-0.17215934736755117,-0.8282366243216459,0.18751145011162804,-0.3399434283297469,-0.29583839489049757,0.671787025824576,-0.013503748312745267,-4.648438681158599,-4.6619424294713445,-7.360352381514333,0.059400882511327684,-9.190107588107775,-7.831295901596949,0.12751145011162804,-0.23215934736755117,1.1984046881592678,0.050815024758639485,0.002886706494133878,0.03509174776626358,0.02309174776626358,0.0398761892144083,0.025288764989028767,0.013288764989028767,0.012942675373939228,0.3427022659583745,0.008423365646740441,0.11309174776626359,0.06309174776626358,0.0005989380536257148,0.9994010619463742,0.02319808518492734,0.4960563255185623,0.2480583530391466,0.17742133209841987,0.007832653953647203,8.459638369231926e-05,0.2941767089771293,0.6979060406855311,0.9999999999999998,0.6544572829260986,0.654849497209375,1.9843487489529659,0.007710063120254114,0.3670547255440024,0.12579048617465888,6.232360830937369,28.037107930467755,1.4536982728685643e-15,0.0,0.0,0.0,0.0,3.795339540563214e-08,-7.592470879433377e-11,2.073875797481417e-08,2.115052785689464e-08
equilibrium_sigma_2_00,6.0,202.9961787558852,1.306863732980026,0.016425441089710634,0.07200000000000001,-0.13844038332170153,-0.7897356391824362,0.21200297233631119,-0.3272568052941753,-0.28367828208909845,0.6687483129426379,-0.016425441089710634,-4.60606483398093,-4.62249027507064,-7.30940120976737,0.0713770783223243,-9.114836190758014,-7.776008166209823,0.14000297233631118,-0.21044038332170154,1.2348637329800258,0.04622181892415689,0.0029564023869356427,0.03241344311950966,0.02041344311950966,0.037194590228955,0.023734368186090204,0.011734368186090204,0.011416974566580418,0.3345861912712414,0.008835996416059366,0.11041344311950967,0.06041344311950966,0.0006227277022467094,0.9993772722977533,0.023544996904047943,0.49599735052631183,0.24802977524507971,0.17920298221181563,0.007950716350398259,8.900311729185647e-05,0.28758454901730257,0.7043757315150074,1.0,0.6542248520742878,0.654632509872977,1.9841165538400745,0.007824431575313862,0.3733222951244906,0.1249084848423416,6.082616695798537,29.595920258701735,1.2975731600306517e-15,0.0,-5.551115123125783e-17,0.0,0.0,4.1665688121916844e-08,-9.407587556187202e-11,2.293301815115001e-08,2.340191451039031e-08
equilibrium_sigma_2_00,7.0,201.9961787558852,1.351063648745946,0.019416048378556025,0.084,-0.1072101262367217,-0.75372226405445,0.2350529014262706,-0.31462403382073373,-0.2729329547528208,0.6656496438734574,-0.019416048378556025,-4.566400409136092,-4.585816457514648,-7.260276606230602,0.08335351035624639,-9.04422093254869,-7.723015350988338,0.1510529014262706,-0.1912101262367217,1.267063648745946,0.04227566339276154,0.0030245828271910176,0.030102722262060407,0.018102722262060406,0.03488912027877307,0.022398479277430106,0.010398479277430105,0.010106105406970656,0.3275840068547285,0.00923299905948189,0.10810272226206041,0.05810272226206041,0.0006462807143498635,0.9993537192856501,0.023865387294684133,0.49594288415990373,0.24800339421142353,0.180788956304035,0.008059777253070796,9.333887838360892e-05,0.2816854958175123,0.7101613880510333,1.0000000000000002,0.6540101905125616,0.6544331380285009,1.9839021582570668,0.007930032234367572,0.3793260638065691,0.12426115188618829,5.953291895526182,31.100288547969388,-6.800116025829084e-16,-3.3306690738754696e-16,5.551115123125783e-17,0.0,0.0,2.365318417518747e-08,-5.98910170589162e-11,1.3108493252672604e-08,1.3383892681628762e-08
equilibrium_sigma_2_00,8.0,200.9961787558852,1.3915930659906435,0.022474190533465756,0.096,-0.07813320621204849,-0.7198532480045792,0.25686008765604185,-0.30203824495652315,-0.2634069576807397,0.6624912433918091,-0.022474190533465756,-4.529055024577463,-4.551529215110929,-7.212716754366302,0.09533009980741615,-8.977609086540227,-7.671997642061726,0.16086008765604184,-0.17413320621204847,1.2955930659906434,0.038864319815822015,0.003091513549617385,0.02809762662323092,0.01609762662323092,0.032896537632558634,0.021243326981945643,0.009243326981945642,0.00897283998435583,0.32150795946433613,0.009615667228793187,0.10609762662323093,0.05609762662323092,0.0006696758595462155,0.9993303241404538,0.024162672332472372,0.4958923457034797,0.24797892598033108,0.18220408996552823,0.008160994007608903,9.761599700890024e-05,0.27639850647517006,0.7153428835202122,1.0000000000000002,0.6538110095372435,0.6542491443953738,1.9837032655167604,0.008027996455147584,0.3851050421604476,0.12381433628443264,5.840943442546928,32.55575004131334,1.5334955527634975e-15,-4.440892098500626e-16,6.106226635438361e-16,0.0,0.0,-8.491562411561127e-09,2.3653865324768653e-11,-4.735478877082588e-09,-4.837707637261879e-09
equilibrium_sigma_2_00,9.0,199.9961787558852,1.4289409103949644,0.02559873708257918,0.108,-0.05092947192689086,-0.6878417171843113,0.27758981654044007,-0.2894935580446242,-0.2549379093639465,0.6592732533340482,-0.02559873708257918,-4.493704273605043,-4.519303010687622,-7.1665011308993085,0.10730677403072712,-8.91445536643965,-7.622685121523657,0.16958981654044009,-0.15892947192689086,1.3209409103949643,0.035899430733224366,0.0031574282010855465,0.026349053245384245,0.014349053245384245,0.03116669497834363,0.02023915578769353,0.00823915578769353,0.00798786590566758,0.31620925225874014,0.009985249256723082,0.10434905324538425,0.05434905324538425,0.0006929857436640605,0.999307014256336,0.024439776972928366,0.4958452379146022,0.24795612763868616,0.18346942493892382,0.008255358063288601,0.00010184635712606195,0.2716537549727882,0.7199890406067971,1.0,0.653625349428138,0.6540786165846666,1.9835179099837854,0.008119292508573402,0.39069315510494235,0.12354079043834182,5.742842148108338,33.967229872321745,7.528699885739343e-16,-5.551115123125783e-16,-1.3877787807814457e-15,0.0,0.0,-2.0765605374117868e-08,6.416859795257968e-11,-1.1651541707152768e-08,-1.1909186692360407e-08
equilibrium_sigma_2_00,10.0,198.9961787558852,1.4635171226449173,0.02878877743076666,0.12,-0.02536280137379142,-0.6574457750214897,0.2973807657944503,-0.27698490250503355,-0.24738963362788366,0.6559957317998766,-0.02878877743076666,-4.46007598756827,-4.488864764999036,-7.121442444690983,0.11928346552703092,-8.8543001287592,-7.574848130545324,0.17738076579445028,-0.14536280137379143,1.3435171226449172,0.03331049619507369,0.003222533874472369,0.02481757460584768,0.01281757460584768,0.02965930485336566,0.019362207928641517,0.007362207928641517,0.007127790795091737,0.31156840789650814,0.010342941687280373,0.10281757460584769,0.052817574605847684,0.0007162778234466604,0.9992837221765534,0.024699223947639133,0.49580113192890135,0.24793478986277956,0.18460292285175334,0.008343724906944922,0.00010604140843155172,0.26739070484561595,0.7241595288390076,1.0,0.6534515199550817,0.6539199082836956,1.9833443970742675,0.008204755137973294,0.3961201267361828,0.12341851722295553,5.656796168991889,35.33911939981197,1.4155343563970746e-15,4.440892098500626e-16,-4.718447854656915e-16,0.0,0.0,9.417704317088438e-08,-3.236189610560103e-10,5.315587880277972e-08,5.435885077134661e-08
equilibrium_sigma_2_00,11.0,197.9961787558852,1.4956681467695552,0.03204359692297435,0.132,-0.001232687048492572,-0.6284599254204888,0.31635020836522804,-0.26450788069958986,-0.2406470247748716,0.6526586539444628,-0.03204359692297435,-4.427939968521331,-4.459983565444305,-7.077380516983663,0.131260111157119,-8.796752983345854,-7.528289939260058,0.18435020836522803,-0.1332326870484926,1.3636681467695553,0.031040599290368995,0.0032870153575936412,0.02347116972907775,0.01147116972907775,0.028341630882107366,0.018593290596891077,0.006593290596891076,0.006373726001152047,0.3074883931184174,0.010689884337610665,0.10147116972907776,0.051471169729077754,0.0007396151926255071,0.9992603848073744,0.024943202062228578,0.49575965564942115,0.24791473118747404,0.18562001100231282,0.008426837094033005,0.00011021217441512712,0.2635566125553211,0.7279063381762308,1.0000000000000002,0.6532880546183067,0.6537715940217523,1.9831812571203948,0.00828510828766014,0.40141216491525533,0.12342958156797704,5.58102508417282,36.675340161078964,1.8110513089197866e-15,6.661338147750939e-16,1.6653345369377348e-16,0.0,0.0,-1.176111179175543e-07,4.38563610774545e-10,-6.672977968802396e-08,-6.82758089440294e-08
equilibrium_sigma_2_00,12.0,196.9961787558852,1.5256890740677962,0.035362655679835334,0.14400000000000002,0.021632408288002482,-0.6007082972865468,0.33459809583970046,-0.25205865463085414,-0.23461202045589738,0.6492619140385338,-0.035362655679835334,-4.397099939829264,-4.432462595509099,-7.03417739949216,0.14323665139937938,-8.741479857216401,-7.482840874036543,0.19059809583970044,-0.12236759171199754,1.381689074067796,0.02904327657105317,0.0033510387609853327,0.022283550269902218,0.010283550269902218,0.027186783239193647,0.017916726231248514,0.005916726231248514,0.005710249466051032,0.303889546272431,0.011027160368264831,0.10028355026990222,0.05028355026990222,0.000763057324197458,0.9992369426758025,0.02517362259622282,0.4957204841586421,0.2478957932818271,0.18653402514390546,0.008505343283913515,0.0001143692906926175,0.2601052834512196,0.7312750039741742,1.0,0.6531336728605307,0.6536324318750059,1.9830272073049926,0.008360983855555773,0.4065925350313726,0.12355922098844134,5.514066968612886,37.97940332511914,1.6792123247455493e-15,1.1102230246251565e-16,5.828670879282072e-16,0.0,0.0,9.086236707825379e-08,-3.768417114816125e-10,5.183330133856634e-08,5.3063740214354116e-08
equilibrium_sigma_2_00,13.0,195.9961787558852,1.5538327295416936,0.03874557191410256,0.156,0.04338004632485411,-0.5740395499151819,0.3522101141383511,-0.23963386061254904,-0.2292005883836975,0.6458053277677398,-0.03874557191410256,-4.36738752470868,-4.406133096622782,-6.991713678026319,0.1552130298339761,-8.688193271606162,-7.438353871666175,0.19621011413835113,-0.11261995367514589,1.3978327295416937,0.027280246775595526,0.003414754173382405,0.021232942325353853,0.009232942325353852,0.02617247799229903,0.017319590451536637,0.005319590451536637,0.005124652979748845,0.3007058858344056,0.011355794263577737,0.09923294232535386,0.04923294232535386,0.0007866605862181407,0.9992133394137819,0.02539216176573386,0.4956833324998252,0.24787783739133223,0.18735654411373068,0.008579812569554566,0.00011852301631482798,0.25699612284327766,0.7343055415708528,0.9999999999999999,0.6529872516169583,0.6535013353605273,1.9828811229992809,0.00843293581348712,0.4116819918399799,0.12379519803831368,5.454710752447023,39.254454803876136,1.5612511283791264e-15,3.3306690738754696e-16,3.3306690738754696e-16,0.0,0.0,-5.984214472565252e-08,2.675641856512978e-10,-3.4294768493786654e-08,-3.512777780809162e-08
equilibrium_sigma_2_00,14.0,194.9961787558852,1.580316994923636,0.04219210698940217,0.168,0.06413786470327476,-0.5483227387810844,0.36926014846170585,-0.2272305371090957,-0.22434029721703752,0.6422886350196393,-0.04219210698940217,-4.338657394069223,-4.380849501058625,-6.949885447084528,0.16718919264391235,-8.636644458331048,-7.394700825756438,0.20126014846170584,-0.10386213529672525,1.412316994923636,0.02571969260180698,0.00347829798524774,0.02030115806393166,0.008301158063931658,0.025280090997369234,0.01679113518282538,0.004791135182825378,0.0046063726276412975,0.2978822971634293,0.011676752926809265,0.09830115806393167,0.04830115806393166,0.0008104787406239259,0.9991895212593761,0.02560029661822928,0.49564794957490105,0.2478607413354379,0.18809766792980975,0.008650746600899402,0.00012268326479445763,0.2541933284483312,0.7370332416859751,1.0,0.6528478012657863,0.6533773497173375,1.982742013554105,0.008501452133314212,0.416699150058019,0.12412730004533118,5.401944661526122,40.503317464909706,2.0469737016526324e-15,-3.3306690738754696e-16,5.551115123125783e-16,0.0,0.0,4.614216195242271e-08,-2.2844034953603543e-10,2.657140842771133e-08,2.7235033062122938e-08
equilibrium_sigma_2_00,15.0,193.9961787558852,1.6053306717452915,0.04570215235307349,0.18,0.08401683932646023,-0.5234439855951587,0.38581225817726295,-0.21484606492340785,-0.21996837135582564,0.6387115028821846,-0.04570215235307349,-4.310783382548887,-4.35648553490196,-6.908601854679148,0.1791650881669145,-8.586617014203245,-7.351769613588233,0.20581225817726295,-0.09598316067353976,1.4253306717452916,0.024334953735123538,0.0035417948521829262,0.01947288540261053,0.00747288540261053,0.02449393366630536,0.016322349599140473,0.004322349599140473,0.004146555485917691,0.2953723800079107,0.011990948009722741,0.09747288540261054,0.047472885402610535,0.0008345633911804835,0.9991654366088195,0.025799334776415488,0.49561411308800934,0.24784439702236685,0.18876624566542727,0.00871858963647091,0.00012685964090780328,0.25166521572915074,0.7394893349934705,0.9999999999999998,0.6527144456998015,0.6532596322738333,1.9826090022508704,0.008566964663727465,0.42166079502842674,0.1245469525835742,5.354916760515537,41.72852853976224,1.97758476261356e-15,-4.440892098500626e-16,1.6653345369377348e-16,0.0,0.0,-9.147356493793835e-09,4.8586608260986486e-11,-5.288840410760942e-09,-5.4240972026387e-09
equilibrium_sigma_2_00,16.0,192.9961787558852,1.6290379740489997,0.049275719271483095,0.192,0.10311379414319669,-0.4993039163049203,0.40192219010829,-0.2024781213848955,-0.21603020040250334,0.6350735281985918,-0.049275719271483095,-4.28365551285816,-4.332931232129643,-6.8677832026547785,0.19114066658381176,-8.537922020272234,-7.309461797154267,0.20992219010829,-0.08888620585680332,1.4370379740489998,0.023103545247609866,0.0036053591381889996,0.018735153749702492,0.006735153749702492,0.02380070826400111,0.01590563030062775,0.0039056303006277486,0.0037377341803590536,0.293136829544553,0.01229923631155679,0.0967351537497025,0.046735153749702496,0.000858964294968456,0.9991410357050315,0.02599043721156397,0.4955816256740341,0.2478287085455808,0.18937005106356325,0.008783736237806376,0.00013106145660531692,0.24938369348263378,0.7417015088229546,1.0,0.652586407068252,0.6531474373963256,1.982481310948003,0.008629856693941482,0.4265821197783481,0.12504693013221968,5.312905270844278,42.93236841363539,1.429412144204889e-15,3.3306690738754696e-16,-3.0531133177191805e-16,0.0,0.0,-1.5498873611602404e-08,8.814463308554066e-11,-8.99504564583209e-09,-9.23063245283906e-09
equilibrium_sigma_2_00,17.0,191.9961787558852,1.651582470007733,0.0529129283957944,0.20400000000000001,0.12151361886633093,-0.47581539607296924,0.41763870820610993,-0.1901246371588686,-0.212478030890375,0.6313742407381246,-0.0529129283957944,-4.257177385967612,-4.310090314363406,-6.8273592530565255,0.2031158795291685,-8.490393731649725,-7.267690560124299,0.21363870820610992,-0.08248638113366909,1.447582470007733,0.022006365517661983,0.0036690964083347676,0.01807689809643267,0.006076898096432668,0.02318906302662465,0.015534514914983255,0.003534514914983255,0.0033735642046561765,0.29114211544373536,0.012602424086747555,0.09607689809643268,0.04607689809643267,0.0008837297514841651,0.9991162702485158,0.026174639713736014,0.4955503112486649,0.24781359039430093,0.18991594294558872,0.008846538534037527,0.00013529777878889165,0.24732376972639525,0.7436943939607785,1.0000000000000002,0.6524629913917968,0.6530401023591639,1.9823582456266442,0.0086904700741656,0.4314769553116562,0.12562111353465766,5.2752943491560425,44.11689127100769,3.4208746946262636e-15,6.106226635438361e-16,-4.718447854656915e-16,0.0,0.0,1.9735597763664847e-08,-1.2381047142379087e-10,1.1499759085958905e-08,1.1811613624679307e-08
equilibrium_sigma_2_00,18.0,190.9961787558852,1.6730899890443054,0.05661400238689298,0.216,0.13929090831511998,-0.45290185544161915,0.4330045736118855,-0.17778376533244075,-0.20927000156768177,0.6276131053730198,-0.05661400238689298,-4.231264256252279,-4.287878258639172,-6.787267971978199,0.2150906798689053,-8.44388639192601,-7.226379182850153,0.2170045736118855,-0.07670909168488002,1.4570899890443054,0.021027106380815938,0.003733104396420319,0.017488635368462797,0.005488635368462797,0.022649262021942815,0.01520348372308078,0.0032034837230807793,0.003048628308965906,0.28935950111655395,0.012901267737936227,0.0954886353684628,0.0454886353684628,0.0009089068248297046,0.9990910931751703,0.026352868250850797,0.4955200123973554,0.24779896617128683,0.1904099824744819,0.008907311414483804,0.00013957744275554633,0.24546319062184946,0.7454899205209112,1.0,0.6523435782719299,0.6529370372012262,1.982239186042116,0.008749110313586229,0.43635793235055226,0.1262643136132068,5.241556100270341,45.28394629668264,3.2404634531246757e-15,3.885780586188048e-16,0.0,0.0,0.0,-3.462894850037035e-08,2.3196276800405147e-10,-2.0244171953370804e-08,-2.0807662842736718e-08
equilibrium_sigma_2_00,19.0,189.9961787558852,1.693671294403681,0.060379257850278964,0.228,0.15651148063775416,-0.43049573915256917,0.4480574472427427,-0.16545385061264475,-0.20636925605590162,0.6237895249665995,-0.060379257850278964,-4.205841262897519,-4.266220520747798,-6.74745435589759,0.2270650213872633,-8.39827128482184,-7.185459607086827,0.2200574472427427,-0.07148851936224584,1.465671294403681,0.02015175850911201,0.0037974740994626863,0.01696218951778846,0.00496218951778846,0.022172904398084118,0.014907793141893944,0.0029077931418939433,0.002758272430042341,0.28776421065996505,0.01319647808444793,0.09496218951778847,0.044962189517788465,0.0009345416564257761,0.9990654583435742,0.026525954278060194,0.4954905877727298,0.2477847673190102,0.19085754567582028,0.008966337713066335,0.00014390909649521734,0.24378208237996085,0.7471076708104776,0.9999999999999999,0.6522276106336996,0.6528377146729474,1.9821235754260338,0.008806051653233992,0.44123664894314785,0.12697211599737304,5.211235297580422,46.43520144771536,3.5388358909926865e-15,-1.6653345369377348e-16,-5.551115123125783e-17,0.0,0.0,2.7873736499484103e-08,-2.0597861654161886e-10,1.6352079156012334e-08,1.682687118115256e-08
equilibrium_sigma_2_00,20.0,188.9961787558852,1.7134240986494418,0.06420909953302502,0.24,0.1732335248409105,-0.40853733419858684,0.46283057012889717,-0.1531334066051025,-0.20374327377430046,0.6199028423582513,-0.06420909953302502,-4.1808420959160575,-4.245051195449083,-6.707869542010484,0.23903885858882767,-8.353434506371531,-7.144871350634567,0.22283057012889718,-0.06676647515908948,1.4734240986494418,0.019368236270097414,0.0038622905177296456,0.0164904835203104,0.004490483520310399,0.02175271205747198,0.01464334942358203,0.0026433494235820303,0.002498481244395112,0.28633479854639515,0.013488722074078727,0.0944904835203104,0.0444904835203104,0.0009606796627132156,0.9990393203372868,0.026694646025056105,0.4954619101757405,0.24777093217936144,0.1912634078424341,0.009023872028391056,0.00014830122085807517,0.24226268208492865,0.7485651446658224,1.0000000000000002,0.6521145871632124,0.6527416628036735,1.9820109128893006,0.008861540808396535,0.4461237920634822,0.12774076612725102,5.183937819905522,47.572160732743505,4.565792188770956e-15,-3.3306690738754696e-16,1.1102230246251565e-16,0.0,0.0,-2.40997311933e-08,1.8985474390526003e-10,-1.4178059420943967e-08,-1.4601934394259386e-08
equilibrium_sigma_2_00,21.0,187.9961787558852,1.7324348656477166,0.0681040144500616,0.252,0.18950863273230703,-0.3869737154533462,0.4773533724229003,-0.14082109438932267,-0.20136327152698735,0.6159523426373505,-0.0681040144500616,-4.156207804102029,-4.22431181855209,-6.668470002684208,0.2510121464664277,-8.309274962550631,-7.104560520017296,0.22535337242290032,-0.06249136726769297,1.4804348656477166,0.018666063905844646,0.003927633412647364,0.016067363748881812,0.004067363748881812,0.021382350240637518,0.014406602916183786,0.002406602916183786,0.002265774047272018,0.28505261742085397,0.013778626024151095,0.09406736374888182,0.044067363748881816,0.0009873657668976108,0.9990126342331024,0.026859619143924637,0.4954338647455328,0.24775740510855168,0.19163182120965802,0.009080144331324114,0.00015276216319367832,0.24088908401239312,0.7498780094930891,1.0,0.6520040551735704,0.6526484579187379,1.9819007462632745,0.00891580049510539,0.45102925553886186,0.12856706982473176,5.159320887417688,48.696181709648684,4.954370247389761e-15,8.326672684688674e-16,-1.1102230246251565e-16,0.0,0.0,2.0368266340914376e-08,-1.7729496169793801e-10,1.2019191961143427e-08,1.239732290089779e-08
equilibrium_sigma_2_00,22.0,186.9961787558852,1.750780291389325,0.0720645669387056,0.264,0.20538265002929462,-0.3657578761598729,0.4916519740059573,-0.12851570470525372,-0.19920371170398288,0.6119372550958526,-0.0720645669387056,-4.131885815536987,-4.203950382475693,-6.629216878299845,0.2629848403024639,-8.265702718520258,-7.064478992099186,0.22765197400595727,-0.05861734997070539,1.4867802913893249,0.01803612413211403,0.003993577930856752,0.01568745889127767,0.003687458891277671,0.021056283389218878,0.014194463330563512,0.0021944633305635113,0.0020571213357745144,0.2839013905796293,0.01406677833702482,0.09368745889127768,0.043687458891277675,0.0010146445972481224,0.9989853554027519,0.02702148556261189,0.49540634745435597,0.24774413574143878,0.19196657940409306,0.009135362965155908,0.00015730016601039052,0.2396470267130696,0.7510603101557641,1.0,0.65189560467305,0.6525577188368604,1.9817926661484297,0.008969032361794055,0.45596223848933354,0.1294483135589224,5.137085217039963,49.80849038034059,6.369904603786836e-15,1.1102230246251565e-16,2.220446049250313e-16,0.0,0.0,-8.174048181375237e-09,7.580538887580479e-11,-4.835155512084022e-09,-4.992393245334403e-09
equilibrium_sigma_2_00,23.0,185.9961787558852,1.7685285256871321,0.07609139458362332,0.276,0.2208963808758912,-0.34484800839810187,0.505749597592691,-0.11621614311054133,-0.1972418965133294,0.6078567548097076,-0.07609139458362332,-4.107829129385943,-4.183920523969566,-6.590075423057389,0.27495689549991204,-8.222637632896497,-7.024583733717454,0.22974959759269098,-0.05510361912410883,1.4925285256871321,0.01747045556507086,0.004060195114453574,0.015346065975816843,0.0033460659758168428,0.020769658696341144,0.014004231426723024,0.0020042314267230237,0.0018698775763881237,0.2828668665933844,0.014353731716093937,0.09334606597581685,0.04334606597581685,0.0010425606557008655,0.9989574393442991,0.027180800862000375,0.49537926385345993,0.24773107837871147,0.19227107108333566,0.009189717145823496,0.00016192339086310405,0.23852371392107344,0.7521246455422398,0.9999999999999998,0.6517888634224597,0.6524691020373042,1.9816863009561487,0.009021419431716755,0.4609313274459934,0.1303822003093774,5.116968684138482,50.910193880174944,5.6343818499726694e-15,6.106226635438361e-16,-3.3306690738754696e-16,0.0,0.0,2.523068358406544e-09,-2.5926359149830436e-11,1.4963653146432554e-09,1.54807623664599e-09
equilibrium_sigma_2_00,24.0,184.9961787558852,1.7857402892328271,0.08018520392037048,0.28800000000000003,0.23608623535928583,-0.32420684132767374,0.5196669468860317,-0.10392141576239006,-0.19545759683676522,0.6037099645455561,-0.08018520392037048,-4.083995577619109,-4.164180781539479,-6.5510144924926355,0.2869282673853137,-8.180008102978611,-6.984836170110006,0.23166694688603162,-0.051913764640714205,1.497740289232827,0.016962078287840063,0.004127552435058851,0.01503905136000127,0.0030390513600012693,0.020518204875404317,0.013833540158381119,0.0018335401583811188,0.001701723313651815,0.2819365192727311,0.014640006359254462,0.09303905136000128,0.043039051360001274,0.001071158514399968,0.9989288414856,0.02733807134924451,0.49535252787062845,0.24771819140045412,0.19254833017286607,0.009243379361523323,0.00016663995186552878,0.23750764342473968,0.7530823372618717,1.0000000000000002,0.6516834921960061,0.6523822970481331,1.9815813121593264,0.009073128442470496,0.4659445775184555,0.13136679235955653,5.098740816325083,52.00229324411089,7.049916206369744e-15,-6.661338147750939e-16,2.220446049250313e-16,0.0,0.0,3.95997731134079e-09,-4.3361655412132993e-11,2.3534175788708644e-09,2.437857370835017e-09
equilibrium_sigma_2_00,25.0,183.9961787558852,1.802469727546455,0.08434676761004867,0.3,0.25098472518060866,-0.30380113533269365,0.5334224955042692,-0.0916306187851655,-0.19383276855204207,0.5994959557992781,-0.08434676761004867,-4.060347259867304,-4.144694027477352,-6.512006151071926,0.29889891107511785,-8.137750104988458,-6.9452017021461385,0.23342249550426925,-0.04901527481939133,1.502469727546455,0.01650485913904369,0.0041957141501873345,0.014762774495968835,0.0027627744959688345,0.020298154255617054,0.013680309214891828,0.001680309214891828,0.0015506204539827984,0.28109931665445104,0.014926091603933104,0.09276277449596884,0.04276277449596884,0.0011004829489034734,0.9988995170510965,0.027493759344909316,0.49532606091136544,0.2477054368273263,0.19280107406978442,0.009296507165396668,0.0001714579346431615,0.23658847673684172,0.7539435581631183,0.9999999999999998,0.6515791812389107,0.6522970229903321,1.981477390740359,0.009124311595692571,0.47100957163623297,0.1324004687246508,5.082198552630921,53.08569292469651,6.439293542825908e-15,-1.6653345369377348e-16,-2.220446049250313e-16,0.0,0.0,-1.1511756738830092e-08,1.343070906226207e-10,-6.8545867072666855e-09,-7.110292323669887e-09
equilibrium_sigma_2_00,26.0,182.9961787558852,1.818765248861837,0.08857692088484896,0.312,0.26562095280311715,-0.28360118206171075,0.5470327709252889,-0.07934292716286175,-0.19235127405134134,0.5952137504819284,-0.08857692088484896,-4.036849990012867,-4.125426910897716,-6.47302528208699,0.31086878129345197,-8.09580624700212,-6.905649224017459,0.2350327709252889,-0.04637904719688285,1.506765248861837,0.016093389215460524,0.00426474173827957,0.014514017772561609,0.0025140177725616088,0.020106171016715493,0.013542703639624065,0.001542703639624065,0.001414771594598907,0.28034550840170186,0.015212448961974098,0.09251401777256162,0.04251401777256161,0.0011305791198605788,0.9988694208801394,0.027648288715785858,0.49529979091831644,0.24769277986260416,0.19303174224864467,0.009349245054057211,0.00017638542933808265,0.23575690437228813,0.7547174651443166,1.0,0.6514756465604234,0.6522130249881761,1.9813742534791812,0.00917510838551931,0.47613348561403546,0.13348188409154116,5.067162341281581,54.16121126359024,7.480127628411992e-15,-1.6653345369377348e-16,-5.551115123125783e-17,0.0,0.0,9.717933787539712e-09,-1.2620960526676939e-10,5.79852334897657e-09,6.031583763693726e-09
equilibrium_sigma_2_00,27.0,181.9961787558852,1.8346701576630544,0.09287655938278509,0.324,0.2800209816401334,-0.26358042685264255,0.5605125690430368,-0.06705758654592714,-0.19099867171879936,0.5908623217066586,-0.09287655938278509,-4.0134728768437675,-4.1063494362265525,-6.434049292762634,0.3228378322469292,-8.054125053012681,-6.866150759257315,0.2365125690430368,-0.04397901835986662,1.5106701576630543,0.015722889831379844,0.004334694180009886,0.014289932864865802,0.002289932864865802,0.019939296341151266,0.01341910207841579,0.0014191020784157897,0.0012925888065451474,0.27966646322686606,0.015499513706416678,0.09228993286486581,0.042289932864865806,0.001161492697662207,0.9988385073023378,0.027802048955033985,0.4952736516776442,0.24768018855407622,0.19324252526127741,0.009401725852118889,0.00018143055001068386,0.2350045446030663,0.7554122989948041,0.9999999999999999,0.6513726272001271,0.6521300715161191,1.9812716402142996,0.00922564694775388,0.4813231347988902,0.13460993877847371,5.0534731544515274,55.22958819518736,7.924216838262055e-15,6.106226635438361e-16,-2.7755575615628914e-16,0.0,0.0,-1.0819800711631133e-08,1.4986758535562306e-10,-6.4665144974829225e-09,-6.7380477690448526e-09
equilibrium_sigma_2_00,28.0,180.9961787558852,1.8502232675523913,0.09724663650174527,0.336,0.2942081958675483,-0.243715101190019,0.5738751619950112,-0.05477390492131036,-0.18976201218968314,0.5864405950315899,-0.09724663650174527,-3.990187919214298,-4.087434555716044,-6.395057825825005,0.334806017468029,-8.01266026701682,-6.826681103416977,0.2378751619950112,-0.041791804132451704,1.5142232675523912,0.015389127003874445,0.004405628284940779,0.014087991462557355,0.0020879914625573544,0.019794898004834742,0.013308067862705109,0.0013080678627051083,0.0011826652349111733,0.27905451958350713,0.015787697298421263,0.09208799146255736,0.04208799146255736,0.0011932700184321225,0.9988067299815678,0.027955399337872867,0.49524758211256165,0.24766763345043583,0.19343539343930202,0.009454072123896064,0.00018660146305035037,0.23432384145388024,0.7560354849591732,0.9999999999999999,0.6512698824436252,0.6520479517149868,1.9811693110562025,0.009276045432478754,0.4865850236310654,0.13578375000589646,5.040989747076774,56.2914933636701,8.56259507742152e-15,3.885780586188048e-16,-5.551115123125783e-17,0.0,0.0,9.299540063359424e-09,-1.4404006459800556e-10,5.567820761734343e-09,5.822428067459029e-09
equilibrium_sigma_2_00,29.0,179.9961787558852,1.8654594001168372,0.10168816147984908,0.34800000000000003,0.30820359384002644,-0.22398392341174683,0.5871324673199735,-0.042491245848631065,-0.18862967250866364,0.5819474492392933,-0.10168816147984908,-3.9669696760524604,-4.068657837532309,-6.356032524240888,0.34677328968323506,-7.971370286070661,-6.787217532597757,0.23913246731997345,-0.039796406159973596,1.517459400116837,0.01508834228212956,0.004477598941948893,0.01390594541486493,0.0019059454148649298,0.019670629610051744,0.013208325629343598,0.0012083256293435977,0.0010837521277617945,0.2785028648935301,0.016077389163162294,0.09190594541486494,0.041905945414864934,0.0012259582152326584,0.9987740417847674,0.028108672298449343,0.4952215257092636,0.24765508732204702,0.19361212030169653,0.00950639732049011,0.00019190640986641044,0.233707981090293,0.7565937151793505,1.0,0.6511671895600388,0.6519664732139318,1.981067044122886,0.00932641311947095,0.4919253856114796,0.13700262920665157,5.02958643892437,57.347532769248524,9.353628982466944e-15,-1.6653345369377348e-16,6.661338147750939e-16,0.0,0.0,-5.343683266711974e-09,8.839030635893197e-11,-3.2037902279041797e-09,-3.3575829824772363e-09
equilibrium_sigma_2_00,30.0,178.9961787558852,1.88040982598271,0.10620219766301275,0.36,0.3220260482245127,-0.20436783343692372,0.6002951975883657,-0.03020902236705774,-0.1875912094801363,0.5773817170409106,-0.10620219766301275,-3.9437949746004826,-4.049997172263495,-6.316956822163972,0.3587396006813915,-7.9302176579366925,-6.747739544059878,0.2402951975883657,-0.03797395177548729,1.5204098259827101,0.014817193293414965,0.004550659349645886,0.01374179233245331,0.0017417923324533104,0.01956439539320381,0.01311874120724088,0.0011187412072408802,0.000994739090265373,0.27800543131046457,0.016368958434354847,0.09174179233245332,0.041741792332453315,0.001259605348995253,0.9987403946510047,0.02826217647613149,0.49519542999905763,0.24764252490926414,0.19377430345327246,0.009558806815027182,0.00019735373001544557,0.2331508164710275,0.7570930229839298,0.9999999999999999,0.6510643417609918,0.6518854601735588,1.9809646334979565,0.009376851423980913,0.4973502198394105,0.1382660623788097,5.019151200153968,58.39825485309417,1.0325074129013956e-14,6.106226635438361e-16,1.6653345369377348e-16,0.0,0.0,3.948067359149654e-09,-7.337486868097542e-11,2.3706596061212615e-09,2.4958753432058334e-09
equilibrium_sigma_2_00,31.0,177.9961787558852,1.895102668557158,0.11078986068846561,0.372,0.33569254485337924,-0.18484974898290193,0.6133729974699396,-0.01792669127451138,-0.18663722539080324,0.5727421859255664,-0.11078986068846561,-3.920642643699193,-4.031432504387658,-6.277815752235493,0.37070490117332655,-7.889168619829546,-6.708228616719996,0.24137299746993957,-0.03630745514662076,1.5231026685571578,0.014572701168260219,0.004624861246318015,0.013593745004673176,0.0015937450046731756,0.01947431892785639,0.013038303834367326,0.001038303834367326,0.0009146366286572061,0.2775568030444642,0.016662755859661343,0.09159374500467318,0.04159374500467318,0.0012942605481115915,0.9987057394518885,0.028416199581213893,0.4951692460711936,0.24762992268596049,0.1939233839427818,0.009611398877111576,0.00020295188691201875,0.23264679683573014,0.7575388524002463,1.0,0.6509611462805867,0.6518047514554671,1.9808618873109218,0.009427454842301728,0.5028653262604268,0.1395736923187555,5.009583949287594,59.44415630350878,1.0963452368173421e-14,-6.38378239159465e-16,-1.3877787807814457e-16,0.0,0.0,5.578206820067155e-11,-1.1087875409487857e-12,3.35341528850952e-11,3.540202853091756e-11
equilibrium_sigma_2_00,32.0,176.9961787558852,1.9095632250861425,0.11545231747735314,0.384,0.3492183728526787,-0.1654143722031961,0.6263745527063908,-0.005643748614979577,-0.1857592612352829,0.5680275984038352,-0.11545231747735314,-3.8974933008423602,-4.012945618319713,-6.238595792720482,0.3826691406756565,-7.848192732003496,-6.668668021130847,0.24237455270639074,-0.0347816271473213,1.5255632250861426,0.014352208625561136,0.004700255071885054,0.013460207052034483,0.0014602070520344825,0.019398718215200596,0.012966111964662907,0.0009661119646629072,0.0008425622205487926,0.27715214258192267,0.016959115048139014,0.09146020705203449,0.04146020705203449,0.0013299741238089534,0.998670025876191,0.028571010658531376,0.49514292818804967,0.2476172586726926,0.19406066163899116,0.009664265442448583,0.0002087094875446826,0.2321909115551558,0.7579361135148508,0.9999999999999999,0.6508574228587839,0.6517241991795528,1.980758626220636,0.009478311698767436,0.5084763329579483,0.14092530513149445,5.000795197471765,60.48568665337059,1.1504686092678185e-14,-1.1102230246251565e-16,-4.996003610813204e-16,0.0,0.0,-3.5001064008916005e-09,7.443301790893697e-11,-2.106422918035644e-09,-2.2303176666627067e-09
equilibrium_sigma_2_00,33.0,175.9961787558852,1.9238142904368458,0.12019078460621056,0.396,0.3626173170969028,-0.146047993185673,0.6393077001400662,0.006640275068517927,-0.18494968898939773,0.5632366528308737,-0.12019078460621056,-3.874329138512584,-3.9945199231187947,-6.1992847115083745,0.3946322673677399,-7.807262506299617,-6.6290426251440255,0.2433077001400662,-0.033382682903097205,1.527814290436846,0.01415333983061666,0.004776890169187534,0.013339749400549418,0.0013397494005494177,0.019336081604190307,0.012901359674466484,0.0009013596744664835,0.0007777269797615283,0.2767871193956043,0.017258354289095567,0.09133974940054942,0.04133974940054942,0.0013667977122722521,0.9986332022877278,0.028726862475128172,0.4951164333792282,0.24760451224002614,0.19418731100757308,0.00971749292545885,0.00021463530918146447,0.23177863179002936,0.7582892399753305,1.0000000000000002,0.6507530021416641,0.6516436672152306,1.9806546818172301,0.009529504932877023,0.5141887265101109,0.1423208164364278,4.992704739051412,61.5232531995646,1.3086753902769033e-14,8.326672684688674e-17,1.3877787807814457e-16,0.0,0.0,3.4129246997971485e-09,-8.203287528429914e-11,2.056461750887806e-09,2.191214435592892e-09
equilibrium_sigma_2_00,34.0,174.9961787558852,1.9378764022015533,0.12500652769603818,0.40800000000000003,0.37590180393805905,-0.12673834210300966,0.6521795109702051,0.018925818274167814,-0.1842016300671957,0.5583680034152785,-0.12500652769603818,-3.851133761226766,-3.9761402889228044,-6.159871448899439,0.40659422797796363,-7.766353125846279,-6.589338747856385,0.24417951097020507,-0.032098196061940976,1.5298764022015532,0.013973969592686236,0.004854814909133876,0.013231092291632753,0.0012310922916327523,0.019285049384493148,0.012843326234746044,0.0008433262347460439,0.0007194254283970913,0.27645785542919016,0.01756077757890787,0.09123109229163276,0.04123109229163276,0.0014047843873980165,0.998595215612602,0.028883993304938974,0.4950897211381604,0.24759166396146454,0.194304392998785,0.009771162826540822,0.0002207383185863498,0.2314058665230153,0.7586022323318575,1.0,0.6506477244856909,0.6515630300577216,1.9805498954273566,0.00958111268776829,0.5200078739149468,0.14376026162881891,4.9852406493706445,62.55722466862972,1.3905543383430086e-14,-1.6653345369377348e-16,-6.106226635438361e-16,0.0,0.0,-4.969991992606615e-09,1.2800384276839827e-10,-2.997445765554052e-09,-3.2056816090531015e-09
equilibrium_sigma_2_00,35.0,173.9961787558852,1.951768091551804,0.12990086017695288,0.42,0.3890830508499055,-0.10747443658321118,0.6649963760598268,0.0312132923100469,-0.18350887182922054,0.5534202608119454,-0.12990086017695288,-3.827892019876735,-3.957792880053688,-6.120345996098599,0.41855496764537753,-7.7254421565694855,-6.549544007976459,0.24499637605982677,-0.030916949150094464,1.5317680915518042,0.013812193306652842,0.00493407685122421,0.013133087578670564,0.0011330875786705642,0.019244395667201826,0.012791365923692233,0.0007913659236922325,0.000667025505940444,0.2761608714505169,0.017866676134487464,0.09113308757867057,0.04113308757867057,0.0014439887980876834,0.9985560112019123,0.02904262883424328,0.49506275309817865,0.2475786954567361,0.1944128674042524,0.009825352381057197,0.00022702769747237804,0.23106891635836563,0.7588787035631049,1.0,0.650541438681057,0.6514821716390576,1.980444116839835,0.0096332089378858,0.5259390473792607,0.14524378565411128,4.978338299078557,63.58793516775804,1.5404344466674047e-14,2.7755575615628914e-17,7.494005416219807e-16,0.0,0.0,4.236421774148069e-09,-1.238671873404762e-10,2.5577486743172395e-09,2.757338257025621e-09
equilibrium_sigma_2_00,36.0,172.9961787558852,1.9655060824581323,0.1348751427489045,0.432,0.40217118534728,-0.08824646110288815,0.6777640736787208,0.043503084279906234,-0.18286580127167346,0.5483919921505098,-0.1348751427489045,-3.804589879285936,-3.9394650220348404,-6.080699299304671,0.43051442979821203,-7.684509318660465,-6.5096472040248266,0.24576407367872083,-0.02982881465271997,1.5335060824581324,0.013666303003205274,0.0050147228551678,0.013044704641149464,0.0010447046411494638,0.01921301397137042,0.012744899912653374,0.0007448999126533733,0.0006199606161771953,0.2758930443671196,0.018176329405734905,0.09104470464114947,0.04104470464114947,0.0014844672885950254,0.998515532711405,0.029202983676760396,0.49503549277495074,0.24756558926721595,0.19451360265947784,0.009880135075430275,0.00023351286352283048,0.23076443681011086,0.7591219152509359,0.9999999999999998,0.6504340009365704,0.6514009843896555,1.9803372032924735,0.009685863987999189,0.5319874436755235,0.14677163540072177,4.971939569224091,64.61568731103478,1.6042722705833512e-14,-1.3877787807814457e-17,-1.6653345369377348e-16,0.0,0.0,-3.1882251873283085e-09,1.0003421962306858e-10,-1.926429770912619e-09,-2.0863562197326324e-09
equilibrium_sigma_2_00,37.0,171.9961787558852,1.9791054796687217,0.13993078268288683,0.444,0.4151753574292969,-0.06904565272041364,0.6904878334678335,0.05579555996590345,-0.1822673424379621,0.5432817212393743,-0.13993078268288683,-3.781214293571436,-3.921145076254323,-6.0409231686475895,0.4424725560230175,-7.643536270335961,-6.469638200478615,0.24648783346783348,-0.028824642570703107,1.5351054796687218,0.013534765344928382,0.005096799197298322,0.012965017384402026,0.0009650173844020261,0.019189903921260958,0.012703408800995852,0.0007034088009958521,0.0005777223083258676,0.2756515678315213,0.018490006196567307,0.09096501738440203,0.04096501738440203,0.0015262780281471665,0.9984737219718528,0.02936526284156175,0.4950079053169345,0.24755232873539165,0.19460738517177273,0.00993558114749679,0.00024020349361781232,0.23048940314303215,0.7593348122158533,1.0,0.6503252738961536,0.6513193683373536,1.9802290184911124,0.00973914495634958,0.5381582034954515,0.14834415253491606,4.9659921269217415,65.64075525129716,1.7763568394002505e-14,9.71445146547012e-17,1.6653345369377348e-16,0.0,0.0,2.7442791077775253e-09,-9.814021557225105e-11,1.6597640050547424e-09,1.8156236826494254e-09
equilibrium_sigma_2_00,38.0,170.9961787558852,1.992579936474528,0.14506923318864365,0.456,0.42810384007843977,-0.049864198969158315,0.7031723935509004,0.06809106643926287,-0.18170890054595534,0.5380879287480771,-0.14506923318864365,-3.7577530948960667,-3.9028223280847105,-6.001010196734642,0.45442928593177845,-7.602506414638999,-6.42950782584829,0.24717239355090043,-0.02789615992156025,1.536579936474528,0.013416202285568321,0.005180351676771207,0.01289319278602808,0.0008931927860280804,0.01917415952843618,0.012666426071894499,0.0006664260718944985,0.00053985386605504,0.27543391753341845,0.018807965711567363,0.09089319278602809,0.040893192786028085,0.0015694811424885823,0.9984305188575114,0.029529663068299863,0.494979957278389,0.24753889789534653,0.19469492768520066,0.009991758041885889,0.0002471095473327291,0.23024107870765054,0.7595200537031307,0.9999999999999999,0.650215125744239,0.6512372302964758,1.9801194317178072,0.009793116213875018,0.5444564293710548,0.14996176726792657,4.960448787053087,66.66338742737105,1.9012569296705806e-14,7.632783294297951e-17,6.38378239159465e-16,0.0,0.0,-7.640852898310735e-10,2.9361180153841815e-11,-4.6244679439977343e-10,-5.087788627899936e-10
equilibrium_sigma_2_00,39.0,169.9961787558852,2.0059417946902753,0.15029199322385697,0.468,0.4409641131782263,-0.03069515312679757,0.7158220482030623,0.08038993426159906,-0.18118631535675878,0.5328090520167414,-0.15029199322385697,-3.7341948999514094,-3.8844868931752665,-5.96095369115946,0.4663845570353727,-7.561404738685425,-6.389247788079031,0.24782204820306225,-0.027035886821773714,1.5379417946902754,0.013309374999879983,0.005265425695793293,0.01282848137680364,0.0008284813768036393,0.01916495945358755,0.012633532625039301,0.0006335326250393007,0.0005059449476041422,0.27523782235395045,0.01913045834602651,0.09082848137680365,0.040828481376803644,0.0016141388389827583,0.9983858611610172,0.029696373959264187,0.4949516164269251,0.24752528137999957,0.19477687626947154,0.010048730796292102,0.0002542412885646491,0.23001698842997445,0.7596800394851686,0.9999999999999998,0.6501034294472929,0.6511544831887858,1.9800083170750942,0.009847839756414902,0.5508872007570493,0.15162499349903383,4.955266981323966,67.68380886528848,2.0622392682412283e-14,3.469446951953614e-17,-8.326672684688674e-17,0.0,0.0,-5.28372430877444e-10,2.1822630508205876e-11,-3.1999570007656963e-10,-3.542270955725346e-10
equilibrium_sigma_2_00,40.0,168.9961787558852,2.019202225222649,0.1556006067989161,0.48,0.4537629479596782,-0.011532348230317152,0.7284406957536063,0.0926924797464658,-0.1806958143314426,0.5274434853580603,-0.1556006067989161,-3.7105290170178256,-3.8661296238167417,-5.920747605737079,0.4783383046009614,-7.520217651212413,-6.348850588403793,0.24844069575360628,-0.026237052040321784,1.539202225222649,0.013213168203539419,0.0053520663571617316,0.012770207904652144,0.0007702079046521433,0.0191615574601945,0.012604351479206244,0.0006043514792062436,0.0004756263993765941,0.27506123607470345,0.019457726699476374,0.09077020790465215,0.04077020790465215,0.0016603155476424241,0.9983396844523575,0.02986557914714651,0.4949228515449851,0.24751146432557086,0.1948538174011135,0.01010656244024065,0.000261609310879912,0.22981489178784703,0.7598169364610325,1.0000000000000002,0.6499900619714117,0.6510710453506272,1.979895552707009,0.00990337558834751,0.5574555904619317,0.15333442376921258,4.950408237862169,68.70222355415717,2.1899149160731213e-14,6.38378239159465e-16,-8.326672684688674e-17,0.0,0.0,1.0720123122531788e-09,-5.068369161864705e-11,6.497883134337634e-10,7.289941462984562e-10
equilibrium_sigma_2_00,41.0,167.9961787558852,2.032371335692275,0.16099666310105623,0.492,0.4665064716512334,0.0076296677558847425,0.7410318752760017,0.10499900671276267,-0.18023397675327085,0.5219895796257026,-0.16099666310105623,-3.686745373474616,-3.847742036575672,-5.880386488919604,0.49029046152311195,-7.478932859238593,-6.308309456490128,0.24903187527600168,-0.025493528348766614,1.5403713356922748,0.013126578059798166,0.005440318521919972,0.01271776414831207,0.0007177641483120702,0.01916327506533191,0.012578543653329888,0.0005785436533298875,0.0004485662205566676,0.2749023156009457,0.01979000617010902,0.09071776414831208,0.040717764148312074,0.0017080780483242162,0.9982919219516758,0.030037457208360464,0.4948936322745787,0.2474974322969634,0.1949262833735761,0.010165314307168978,0.0002692245590730077,0.22963276217517975,0.7599326989585781,0.9999999999999998,0.6498749036703984,0.650986840001553,1.979781020190247,0.00995978202243253,0.5641666770725833,0.1550907259121441,4.945837779893279,69.7188162516583,2.456368441983159e-14,2.697495005143935e-16,4.440892098500626e-16,0.0,0.0,-2.195605428370606e-09,1.1169291533330572e-10,-1.331629249576305e-09,-1.5053092349004427e-09
equilibrium_sigma_2_00,42.0,166.9961787558852,2.0454582840691304,0.16648179591979728,0.504,0.479200235887799,0.026795701575923852,0.7535988053524404,0.11730980837257811,-0.1797976958329236,0.5164456424567878,-0.16648179591979728,-3.662834440643723,-3.8293162365635203,-5.8398654280534235,0.5022409581754794,-7.437539236531718,-6.267618280514452,0.2495988053524404,-0.024799764112201028,1.5414582840691304,0.01304869979103307,0.005530226890299227,0.012670601514561182,0.0006706015145611817,0.019169493976274682,0.012555803968195,0.0005558039681950004,0.0004244654497331801,0.2747593985289733,0.020127525827714557,0.09067060151456119,0.040670601514561186,0.001757495617197713,0.9982425043828023,0.030212182649877465,0.49486392894952086,0.24748317120726473,0.19499475806311792,0.010225046371884159,0.0002770983551978003,0.229468764775974,0.7600290904969441,1.0,0.6497578376245821,0.6509017946759512,1.9796646038767949,0.01001711600353374,0.5710255593710649,0.15689463923746436,4.94152411282061,70.7337544454059,2.7200464103316335e-14,-7.28583859910259e-17,-8.326672684688674e-17,0.0,0.0,1.8654171887733106e-09,-1.0893692631991359e-10,1.1323135883783975e-09,1.3013180290288862e-09
equilibrium_sigma_2_00,43.0,165.9961787558852,2.0584713667052155,0.17205768380229097,0.516,0.49184926970239434,0.04596996771655442,0.7661444141276157,0.1296251688282009,-0.17938414933406088,0.510809937850393,-0.17205768380229097,-3.6387871743362066,-3.8108448581384975,-5.799180007175142,0.5141897222724818,-7.396026722655711,-6.226771553989497,0.2501444141276157,-0.02415073029760567,1.5424713667052155,0.012978718035935435,0.005621836050100481,0.012628225284061913,0.0006282252840619125,0.019179650210549522,0.012535857787931981,0.0005358577879319808,0.00040305497800430246,0.2746309857092785,0.020470508947055585,0.09062822528406192,0.04062822528406192,0.0018086401630906445,0.9981913598369093,0.03038992670053681,0.49483371246090874,0.24746866725333122,0.1950596813905209,0.010285817521429548,0.00028524242170382583,0.2293212394562209,0.7601077006006457,0.9999999999999999,0.6496387491106402,0.6508158407790489,1.9795461903673572,0.010075433367930112,0.5780373675790228,0.15874697203502358,4.937438702568809,71.74718986464391,2.9032332093947844e-14,4.85722573273506e-17,-5.551115123125783e-17,0.0,0.0,-1.7861866378338087e-09,1.1233346804834232e-10,-1.0848225494991537e-09,-1.2583518047004638e-09
equilibrium_sigma_2_00,44.0,164.9961787558852,2.0714181061865067,0.1777260498059176,0.528,0.5044581324881885,0.06515614200236661,0.7786713693172588,0.1419453645906143,-0.17899077024845694,0.505080686143665,-0.1777260498059176,-3.6145949563058775,-3.792321006111795,-5.758326264179313,0.5261366787181467,-7.354386221488676,-6.1857643218964595,0.25067136931725875,-0.02354186751181153,1.5434181061865067,0.012915897417762667,0.005715190535280843,0.012590188962791356,0.0005901889627913555,0.01919322833000277,0.012518457802590532,0.0005184578025905322,0.00038409239427883435,0.2745157241296708,0.020819173668103635,0.09059018896279136,0.04059018896279136,0.001861586376482918,0.9981384136235171,0.03057085811796747,0.4948029541199455,0.24745390685020924,0.19512145380154808,0.010347685831514027,0.0002936689073196571,0.22918868351615296,0.7601699617450133,0.9999999999999999,0.6495175250609617,0.6507289131404476,1.979425667974818,0.010134789107524175,0.5852072754430987,0.16064859898421396,4.93355566003275,72.75926001663098,3.1585845050585704e-14,3.0531133177191805e-16,-5.273559366969494e-16,0.0,0.0,1.579010137919834e-09,-1.142630278588852e-10,9.598252661419115e-10,1.1361046131641572e-09
equilibrium_sigma_2_00,45.0,163.9961787558852,2.084305326761534,0.1834886614819701,0.54,0.5170309594915222,0.08435740733489544,0.7911821039963458,0.1542706659179695,-0.17861522160109233,0.49925606378655507,-0.1834886614819701,-3.59024954356084,-3.77373820504281,-5.717300654347998,0.5380817494542364,-7.31260951436263,-6.144592134717662,0.2511821039963458,-0.02296904050847781,1.5443053267615339,0.012859574487254319,0.005810334871775907,0.012556089453731205,0.0005560894537312046,0.019209756514499535,0.012503381305317696,0.0005033813053176954,0.0003673593224062799,0.27441239228403397,0.021173733530816086,0.09055608945373121,0.04055608945373121,0.0019164118790478638,0.9980835881209521,0.030755143907542647,0.49477162553571774,0.24743887657284586,0.19518044012118058,0.010410708813090955,0.00030239041265067875,0.2290697368440662,0.7602171639301921,0.9999999999999999,0.6493940535819464,0.6506409496268062,1.9793029262467323,0.010195237604962616,0.5925405110799437,0.16260045917065147,4.929851471000419,73.7700895108529,3.377853552422039e-14,5.551115123125783e-17,-5.551115123125783e-17,0.0,0.0,-7.340598684457689e-10,5.724442447840872e-11,-4.464531851849918e-10,-5.344325190725918e-10
equilibrium_sigma_2_00,46.0,162.9961787558852,2.0971392207916044,0.18934733102496762,0.552,0.5295715019083679,0.10357649375417463,0.8036788393422186,0.16660133803132704,-0.17825537423752652,0.4933342029709209,-0.18934733102496762,-3.565743023351183,-3.7550903543761507,-5.676100018484616,0.5500248533054929,-7.270689183772117,-6.103251008178238,0.2516788393422186,-0.022428498091632165,1.5451392207916044,0.012809150673882386,0.0059073136146123514,0.01252556282821251,0.0005255628282125092,0.01922880224931548,0.012490427808153903,0.000490427808153903,0.0003526590863778267,0.2743198873582197,0.02153439793046541,0.09052556282821252,0.040525562828212514,0.0019731973758826764,0.9980268026241174,0.030942949982249463,0.4947396985030176,0.24742356310272598,0.19523697295760314,0.010474943638948684,0.0003114200160184052,0.22896316879812387,0.7602504675469088,0.9999999999999997,0.6492682235118928,0.6505518907956864,1.97917785552762,0.010256832849158454,0.6000423670174817,0.16460355453039516,4.926304759319133,74.77979123179448,3.6443070783320763e-14,3.0531133177191805e-16,3.608224830031759e-16,-1.1102230246251565e-16,0.0,3.8139903561773547e-10,-3.428753374973281e-11,2.3218597877683322e-10,2.848485128326139e-10
equilibrium_sigma_2_00,47.0,161.9961787558852,2.109925413679668,0.19530391505324396,0.5640000000000001,0.5420831661072766,0.12281571817679295,0.816163606866298,0.17893764231642917,-0.1779092851100783,0.48731319162923636,-0.19530391505324396,-3.541067769904757,-3.7363716849580006,-5.634721551151615,0.5619659058136531,-7.228618538184218,-6.061737383237269,0.2521636068662979,-0.021916833892723475,1.5459254136796678,0.012764085489365279,0.00600617139084259,0.012498280239525851,0.0004982802395258508,0.019249968165320673,0.01247941672610775,0.0004794167261077502,0.0003398144421407068,0.27423721284704805,0.021901372641912196,0.09049828023952586,0.040498280239525855,0.002032026818745208,0.9979679731812547,0.031134441820242647,0.4947071448905588,0.24740795317480377,0.19529135604286785,0.01054044736972434,0.0003207713015281309,0.22886786529722744,0.7602709160315202,1.0000000000000002,0.6491399239804374,0.650461679557865,1.9790503465232068,0.010319628649838233,0.607718210735367,0.166658948308462,4.9228960581382495,75.78846749839961,4.0190073491430667e-14,1.249000902703301e-16,4.440892098500626e-16,0.0,0.0,2.2441529710925945e-10,-2.1752770591743076e-11,1.366957328580165e-10,1.699903794116775e-10
equilibrium_sigma_2_00,48.0,160.9961787558852,2.1226690149070797,0.2013603150534052,0.5760000000000001,0.5545690444449856,0.14207701468960174,0.8286382659311435,0.19127983733105552,-0.17757518018345642,0.48119107280221884,-0.2013603150534052,-3.516216409135657,-3.7175767241890623,-5.5931627767358005,0.5739048190754739,-7.186391553915161,-6.0200480956695674,0.25263826593114347,-0.021430955555014508,1.5466690149070796,0.012723891180358923,0.006106952920843449,0.0124739447089015,0.00047394470890150045,0.01927288876503268,0.012470185563606684,0.0004701855636066836,0.0003286658026291356,0.27416346881485304,0.022274860130864375,0.09047394470890151,0.040473944708901505,0.0020929875650686574,0.9979070124349313,0.03132978502526122,0.49467393654570563,0.24739203353246061,0.1953438668602484,0.010607277146908192,0.000330458385672186,0.22878281870119382,0.7602794457662259,1.0,0.6490090440330749,0.6503702609018329,1.978920289929774,0.010383678820016826,0.6155734933451839,0.16876776424599244,4.91960762928835,76.79621097233223,4.371503159461554e-14,1.942890293094024e-16,-1.3877787807814457e-16,0.0,0.0,-8.681956716050099e-10,9.07437874841932e-11,-5.291361272752315e-10,-6.675604409533964e-10
equilibrium_sigma_2_00,49.0,159.9961787558852,2.135374672217524,0.20751847709983584,0.588,0.5670319480345578,0.1613619678958139,0.8411045223391944,0.2036281798618082,-0.17725143628520168,0.47496584472111447,-0.20751847709983584,-3.4911817826880993,-3.6987002597879353,-5.55142152277969,0.5858415015643138,-7.144002812162541,-5.978180342467919,0.25310452233919445,-0.020968051965442158,1.547374672217524,0.012688127138861693,0.006209703053856627,0.012452287757345408,0.00045228775734540774,0.019297227003314973,0.01246258803822009,0.0004625880382200902,0.00031906940367587566,0.2740978416889255,0.0226550600165033,0.09045228775734541,0.04045228775734541,0.002156170553149238,0.9978438294468508,0.031529145917976925,0.4946400451939439,0.24737579088004596,0.1953947594476428,0.010675490396641679,0.0003404959473498643,0.22870711696448398,0.7602768966915244,1.0,0.6488754722349553,0.6502775816077913,1.9787875760433398,0.01044903736840286,0.6236137595459178,0.1709311855390526,4.916423274411483,77.80310563648601,4.75175454539567e-14,-1.3877787807814457e-16,-3.608224830031759e-16,0.0,0.0,7.688653134302337e-10,-9.280898532332271e-11,4.69134339015076e-10,6.10694592118044e-10
equilibrium_sigma_2_00,50.0,158.9961787558852,2.148046613009909,0.21378039234718127,0.6,0.5794744317556558,0.18067183731051054,0.8535639425858544,0.21598292580982764,-0.17693656720835005,0.468635460146007,-0.21378039234718127,-3.4659569189925836,-3.679737311339765,-5.5094959007933655,0.597775857955911,-7.101447452022512,-5.936131657358781,0.25356394258585446,-0.02052556824434415,1.5480466130099089,0.01265639562726796,0.0063144667810572505,0.012433066830282453,0.0004330668302824532,0.01932267167014477,0.01245649261738535,0.0004564926173853505,0.0003108958657183081,0.2740395964554014,0.023042169316888843,0.09043306683028246,0.04043306683028246,0.0022216704728874885,0.9977783295271125,0.03173269204143913,0.49460544235295534,0.24735921184252713,0.19544426654126978,0.010745145004345577,0.0003508992563618365,0.22863993538782265,0.76026402035147,1.0,0.6487390963322357,0.6501835900161306,1.9786520944264447,0.010515758663418636,0.6318446557400718,0.17315045448151126,4.913328189744562,78.80922753870641,5.1514348342607263e-14,-4.163336342344337e-16,-8.326672684688674e-17,0.0,0.0,-9.375863418981112e-10,1.2207875162151272e-10,-5.724448397942394e-10,-7.5805954916075e-10
equilibrium_sigma_2_00,51.0,157.9961787558852,2.160688687405548,0.22014809692028814,0.612,0.5918988203128558,0.20000758371571054,0.8660179686815137,0.22834433110101915,-0.17662920925010722,0.4621978263007507,-0.22014809692028814,-3.440535004401944,-3.660683101322232,-5.467384285263153,0.6097077889395526,-7.0587211205758145,-5.893899884271373,0.2540179686815137,-0.0201011796871442,1.5486886874055479,0.012628337382202384,0.006421289258612888,0.012416062644657257,0.0004160626446572564,0.019348934704997614,0.012451781031819209,0.0004517810318192088,0.0003040287399613817,0.2739880686201735,0.023436382799262138,0.09041606264465726,0.04041606264465726,0.0022895859508261043,0.9977104140491739,0.03194059268444837,0.49457009924364376,0.24734228292378593,0.19549260181507333,0.01081629949570135,0.0003616842048150671,0.22858052796825737,0.7602414883312261,0.9999999999999999,0.6485998029014195,0.6500882357928883,1.9785137335634382,0.010583897602879058,0.6402719390908149,0.17542687198318577,4.910308816826786,79.81464557437903,5.651035195342047e-14,-1.6653345369377348e-16,-2.220446049250313e-16,0.0,0.0,8.174759532492137e-10,-1.230664528617531e-10,4.998075824741433e-10,6.869488623773012e-10
equilibrium_sigma_2_00,52.0,156.9961787558852,2.173304403751717,0.2266236722132838,0.624,0.604307229706947,0.21936989029954132,0.8784679304142098,0.24071265250170623,-0.17632810926173215,0.455650804414347,-0.2266236722132838,-3.414909358564432,-3.641533030777716,-5.425085297006956,0.6216371910275074,-7.015819932342868,-5.8514831561152745,0.2544679304142098,-0.019692770293053052,1.5493044037517167,0.01260362800052664,0.006530215817900657,0.01240107700714544,0.0004010770071454402,0.019375748988947242,0.012448347067040011,0.0004483470670400107,0.00029836332987587255,0.27394265759741043,0.023837893211569643,0.09040107700714545,0.040401077007145444,0.002360019736615411,0.9976399802633846,0.032153019358924825,0.4945339867089828,0.2473249904687749,0.19553996173128807,0.010889013202117848,0.00037286733838202935,0.2285282202837125,0.7602098991757876,1.0,0.6484574770295203,0.649991469726707,1.97837238054682,0.010653509768361784,0.6489014856281609,0.17776179749188623,4.907352719141773,80.81942213067575,6.014633235906786e-14,1.942890293094024e-16,-1.3877787807814457e-16,0.0,0.0,-5.180299158386026e-10,8.414427921793477e-11,-3.1695906663187223e-10,-4.4452668629402226e-10
equilibrium_sigma_2_00,53.0,155.9961787558852,2.1858969616857324,0.23320924509607988,0.636,0.6167015872382913,0.2387591824613175,0.8909150567894913,0.25308814840776056,-0.17603211350369397,0.44899220935831785,-0.23320924509607988,-3.389073411607865,-3.622282656703945,-5.382597787573328,0.6335639563559399,-6.972740431393162,-5.808879874900458,0.25491505678949133,-0.01929841276170874,1.5498969616857323,0.012581974595357148,0.006641291974236354,0.012387930793565406,0.00038793079356540597,0.019402866304812458,0.012446095418727765,0.0004460954187277648,0.0002938055618240121,0.27390282058656185,0.024246891507046377,0.09038793079356541,0.04038793079356541,0.0024330788976480856,0.9975669211023519,0.03237014626747949,0.4944970751345285,0.24730732062658634,0.1955865272692934,0.010963346423077065,0.0003844658889945845,0.22848240285126706,0.7601697848366614,1.0000000000000002,0.6483120020007886,0.6498932435373636,1.9782279207705757,0.01072465157613419,0.6577392983825051,0.18015664903759437,4.904448467696564,81.82361368894306,6.616929226765933e-14,-9.43689570931383e-16,-3.885780586188048e-16,0.0,0.0,4.163258366524092e-10,-7.826438802593927e-11,2.5517540164221586e-10,3.738659694330071e-10
equilibrium_sigma_2_00,54.0,154.9961787558852,2.1984692831412485,0.23990698792363568,0.648,0.6290836502758173,0.25817564667871384,0.9033604867733286,0.2654710796070396,-0.17574015717959995,0.4422198094845706,-0.23990698792363568,-3.3630206830919747,-3.6029276710156104,-5.339920824321909,0.6454879724761471,-6.929479555493556,-5.766088692790377,0.25536048677332857,-0.01891634972418277,1.5504692831412483,0.012563112677522997,0.006754563435364776,0.012376462063662406,0.0003764620636624062,0.01943005544081534,0.012444940648004277,0.00044494064800427655,0.0002902709678176407,0.27386806685958304,0.02466356707015411,0.09037646206366241,0.04037646206366241,0.0025088750229880904,0.9974911249770119,0.032592150761621974,0.49445933437052425,0.24728925931440227,0.19563246555190034,0.011039360585518021,0.0003964978091938687,0.22844252488042063,0.7601216167248674,0.9999999999999999,0.6481632589897132,0.64979350969629,1.9780802376301798,0.010797380424768698,0.6667915156471151,0.18261290338864683,4.901585534136797,82.82727139176389,7.26640969617165e-14,1.1102230246251565e-16,1.6653345369377348e-16,0.0,0.0,-4.2698830582388325e-11,8.662760613009635e-12,-2.619438346784797e-11,-3.9293856363142865e-11
equilibrium_sigma_2_00,55.0,153.9961787558852,2.211024037729886,0.24671911903305216,0.66,0.6414550216032444,0.2776192452063286,0.9158052781432185,0.27786170998859133,-0.17545125583397214,0.4353313259841962,-0.24671911903305216,-3.3367447637329977,-3.5834638827660497,-5.297053679052603,0.6574091221431199,-6.886034607532993,-5.723108497421281,0.2558052781432185,-0.018544978396755618,1.5510240377298858,0.012546803614607666,0.006870076097678906,0.01236652452338683,0.0003665245233868304,0.019457100643212977,0.012444806326006308,0.00044480632600630773,0.00028768384036093053,0.2738379531011722,0.025088107838509465,0.09036652452338684,0.040366524523386835,0.0025875244295775197,0.9974124755704225,0.032819213774327706,0.49442073365836425,0.24727079218365627,0.1956779311819333,0.011117118394694843,0.0004089818065489711,0.22840808918659686,0.7600658106121593,1.0,0.6480111267712003,0.6496922212654312,1.9779292122401784,0.010871754834104718,0.6760644184570241,0.18513209651480583,4.898754202877931,83.8304415056086,7.888134589961737e-14,-4.996003610813204e-16,-5.551115123125783e-17,0.0,0.0,-2.591539240148766e-10,5.674417966755607e-11,-1.5913203046946656e-10,-2.446960863100589e-10
equilibrium_sigma_2_00,56.0,152.9961787558852,2.223563669239735,0.2536479025501685,0.672,0.6538171654697873,0.2970897325206985,0.9282504167098371,0.2902603072548127,-0.17516449637324583,0.4283244329343119,-0.2536479025501685,-3.3102392977662136,-3.563887200316382,-5.253995814974748,0.6693272830886827,-6.842403224533687,-5.679938395404453,0.25625041670983706,-0.018182834530212744,1.551563669239735,0.012532831990863857,0.006987876050658522,0.01235798592793997,0.00035798592793996956,0.019483800021390055,0.012445624145152046,0.00044562414515204526,0.00028597636675398164,0.27381207856951506,0.025520700500743065,0.09035798592793998,0.040357985927939974,0.002669148383402916,0.9973308516165971,0.03305152026026532,0.49438124155575486,0.2472519045857014,0.19572306764105313,0.011196683987921454,0.000421937380979322,0.22837864683528963,0.7600027317958097,1.0000000000000002,0.6478554814256221,0.6495893317403126,1.977774723147176,0.010947834586456305,0.6855644388911439,0.1877158240061274,4.89594548015584,84.83316590759746,8.565370634983083e-14,0.0,0.0,0.0,0.0,2.8199929370809063e-10,-7.154607982451378e-11,1.735727360452355e-10,2.8152044237450546e-10
equilibrium_sigma_2_00,57.0,151.9961787558852,2.2360904159434134,0.2606956489772686,0.684,0.6661714198620309,0.3165866668000378,0.9406968234655804,0.30266714358843877,-0.17487903013697648,0.42119675657160993,-0.2606956489772686,-3.2834979678629495,-3.544193616840218,-5.210746877981105,0.6812423277940047,-6.798583355067505,-5.636577700927179,0.2566968234655803,-0.017828580137969174,1.5520904159434132,0.012521003597296576,0.00710800956475537,0.012350726863655327,0.00035072686365532693,0.019509964328697636,0.012447333248011283,0.0004473332480112828,0.00028508796323656327,0.27379008140501615,0.025961530557568047,0.09035072686365533,0.04035072686365533,0.0027538733208264427,0.9972461266791736,0.03328925961318018,0.4943408258657594,0.24723258153947353,0.1957680083684768,0.011278123080771436,0.0004353848616798015,0.22835379308284584,0.759932698974703,1.0,0.6476961960591692,0.6494847949081493,1.9776166460585498,0.011025680860059284,0.6952981673229511,0.19036574183210933,4.893151023696315,85.83548245569972,9.314771176605063e-14,-1.1102230246251565e-16,0.0,0.0,0.0,-4.5243812515916026e-10,1.2392440632696955e-10,-2.788049964508321e-10,-4.652840994434637e-10
equilibrium_sigma_2_00,58.0,150.9961787558852,2.2486063322234675,0.2678647150232896,0.6960000000000001,0.6785190096026806,0.33610942336851096,0.9531453621691676,0.31508249632152724,-0.1745940655257998,0.413945875321025,-0.2678647150232896,-3.256514480687692,-3.524379195710982,-5.167306686067508,0.6931541232457373,-6.754573233931554,-5.593025922318949,0.2571453621691675,-0.01748099039731943,1.5526063322234673,0.012511143296171937,0.007230523087810211,0.01234463945572694,0.0003446394557269396,0.019535415681570564,0.012449879499554228,0.0004498794995542281,0.00028496456971893735,0.2737716347143241,0.026410782458727456,0.09034463945572695,0.040344639455726944,0.002841831085747194,0.9971581689142528,0.033532626090797366,0.49429945356456445,0.24721280769868603,0.1958128779115866,0.011361503116144853,0.0004493454471006487,0.22833316300792528,0.7598559884288294,1.0000000000000002,0.6475331405191658,0.6493785647107787,1.9774548535667364,0.01110535636468938,0.7052723605332811,0.1930835670620265,4.890363068482558,86.83742538607805,1.0297318553398327e-13,-3.885780586188048e-16,-5.551115123125783e-17,0.0,0.0,3.8523656313571575e-10,-1.224045084041725e-10,2.3812298140246657e-10,4.2247399675843234e-10
equilibrium_sigma_2_00,59.0,149.9961787558852,2.2611133058317514,0.27515750401301536,0.708,0.6908610567822302,0.35565720459466876,0.9655968454751065,0.3275066485830276,-0.17430886207199325,0.40656931924893414,-0.27515750401301536,-3.2292825541931345,-3.50444005820615,-5.123675221841528,0.7050625306885018,-6.710371362797962,-5.549282752265284,0.25759684547510653,-0.017138943217769764,1.5531133058317514,0.012503093330840404,0.007355463228852542,0.012339626343459122,0.0003396263434591214,0.019559986543602324,0.01245321494647289,0.00045321494647289004,0.0002855581066052437,0.27375644346502764,0.026868639640959546,0.09033962634345913,0.040339626343459126,0.0029331591698559586,0.9970668408301441,0.03378181922968434,0.49425709073095364,0.24719256731999406,0.19585779285130328,0.011446893410205168,0.0004638412451884358,0.2283164280618117,0.7597728372827947,1.0,0.6473661811161114,0.6492705951158935,1.9772892148807764,0.011186925473683336,0.7154939491266643,0.1958710788336631,4.887574367030462,87.83902562793014,1.124100812432971e-13,1.1102230246251565e-16,0.0,-1.1102230246251565e-16,0.0,-3.1311564799296754e-10,1.0745852558474711e-10,-1.93829908720633e-10,-3.552773387982544e-10
equilibrium_sigma_2_00,60.0,148.9961787558852,2.273613074793202,0.2825764659484967,0.72,0.7031985909875859,0.3752290501010925,0.9780520409435857,0.3399398899430283,-0.1740227246215168,0.39906456986327,-0.2825764659484967,-3.2017959058448477,-3.4843723717933446,-5.079852624670129,0.7169674053645064,-6.665976490725608,-5.505348057699077,0.2580520409435857,-0.016801409012414115,1.553613074793202,0.012496711675060446,0.007482876743571619,0.012335599680501165,0.00033559968050116476,0.019583518742185304,0.012457297245971333,0.00045729724597133245,0.00028682591801665325,0.27374424145606413,0.02733528458450739,0.09033559968050117,0.04033559968050117,0.003028000965135204,0.9969719990348648,0.03403704426319405,0.494213702475257,0.2471718442310685,0.1959028627114755,0.011534365299698287,0.00047889531587639477,0.22830329267434527,0.75968344671008,1.0,0.6471951803436599,0.6491608399936889,1.9771195955564662,0.011270454356641727,0.7259700453231684,0.19873011937681523,4.884778131077802,88.84031111268531,1.2245759961615477e-13,-6.106226635438361e-16,5.551115123125783e-17,0.0,0.0,2.7308391138680665e-10,-1.0888676158643529e-10,1.6972234034851041e-10,3.335191636755219e-10
equilibrium_sigma_2_00,61.0,147.9961787558852,2.2861072425543765,0.29012409757805624,0.732,0.7155325584667137,0.3948238458911231,0.9905116764665075,0.3523825170500945,-0.17373499809154425,0.39142905990628307,-0.29012409757805624,-3.1740482419920975,-3.464172339570154,-5.035839183720862,0.7288685962433387,-6.6213875967163975,-5.461221870806305,0.2585116764665075,-0.016467441533286276,1.5541072425543765,0.01249187056181654,0.0076128105158842435,0.012332480243911155,0.00033248024391115474,0.019605862597329823,0.012462089195586223,0.00046208919558622316,0.0002887303074405878,0.2737347886179126,0.027810898842347866,0.09033248024391116,0.04033248024391116,0.0031265060255093475,0.9968734939744907,0.034298512539181786,0.49416925286833907,0.24715062179886024,0.19594819077903167,0.011623992289541748,0.0004945317151408429,0.22829349121950518,0.7595879847758121,0.9999999999999998,0.6470199965987481,0.6490492529991022,1.9769458572273135,0.011356011111710047,0.7367079507273967,0.2016625951654995,4.881967979187927,89.84130705037583,1.340039190722564e-13,5.551115123125783e-17,5.551115123125783e-17,0.0,0.0,-9.299032897869264e-11,4.007928450927567e-11,-5.790312500308925e-11,-1.1806503691369485e-10
equilibrium_sigma_2_00,62.0,146.9961787558852,2.298597291033912,0.2978029427330064,0.744,0.727863830010675,0.41444033177733813,1.0029764450050958,0.36483483427448465,-0.17344506291539696,0.3836601728781197,-0.2978029427330064,-3.146033248082984,-3.4438361908159902,-4.991635332500472,0.7407659457438305,-6.576603875143714,-5.4169043817944775,0.25897644500509576,-0.01613616998932499,1.554597291033912,0.012488455228537657,0.007745311532240991,0.012330196673009351,0.000330196673009351,0.01962687617946179,0.012467558309081639,0.0004675583090816386,0.00029123811751130546,0.27372786870608895,0.02829566302055053,0.09033019667300936,0.040330196673009355,0.0032288303357017154,0.9967711696642982,0.034566441942650544,0.4941237048697494,0.24712888289764576,0.195993874817062,0.011715850202472872,0.0005107755402416849,0.22828678542641806,0.7594865888308674,1.0,0.6468404838984241,0.6489357874548809,1.9767678573329301,0.011443665899102992,0.7477151638697943,0.20467047820530287,4.879137891317276,90.84203616613087,1.464939280992894e-13,-2.7755575615628914e-16,-8.326672684688674e-16,0.0,0.0,-8.91286870696728e-12,4.153850874377696e-12,-5.561115803964789e-12,-1.1783882897242748e-11
equilibrium_sigma_2_00,63.0,145.9961787558852,2.3110845937940208,0.3056155920795076,0.756,0.7401932089313727,0.4340771097727922,1.0154470093612602,0.3772971543421393,-0.17315233044122758,0.3757552431450213,-0.3056155920795076,-3.1177445799721126,-3.4233601720516202,-4.947241642420274,0.7526592894401661,-6.531624720115175,-5.372395930666266,0.2594470093612602,-0.015806791068627257,1.5550845937940208,0.01248636264757317,0.007880426860017019,0.012328684702343114,0.00032868470234311345,0.019646424572059173,0.012473676401780764,0.00047367640178076417,0.0002943203170069353,0.2737232869767973,0.02878975679071477,0.09032868470234312,0.04032868470234312,0.003335136595040164,0.9966648634049599,0.03484105731968962,0.4940770202556528,0.24710660987716251,0.19604000778624986,0.01181001732953415,0.0005276529777329728,0.22828296173744964,0.7593793679552833,1.0,0.646656491595808,0.6488203962429262,1.9765854488473347,0.011533491074657889,0.7589993883051045,0.20775580738025173,4.87628216314973,91.84251893982321,1.6142642778049776e-13,-7.216449660063518e-16,-5.551115123125783e-17,0.0,0.0,8.125237462019985e-11,-4.413611316700372e-11,5.0980459437299785e-11,1.1723412171593672e-10
equilibrium_sigma_2_00,64.0,144.9961787558852,2.3235704263935952,0.31356468358843054,0.768,0.752521437302964,0.45373264965147125,1.0279240060363701,0.38976979899475184,-0.17285623925393612,0.3677115553253745,-0.31356468358843054,-3.0891758556352116,-3.4027405392236423,-4.902658818948631,0.7645484557631905,-6.48644971426895,-5.327697001938949,0.2599240060363701,-0.015478562697036069,1.5555704263935952,0.01248550054928435,0.008018203612755044,0.01232788656843422,0.0003278865684342193,0.019664379300310515,0.012480419284699451,0.0004804192846994508,0.0002979516988688147,0.2737208683891946,0.029293358814550547,0.09032788656843423,0.040327886568434224,0.0034455945052224786,0.9965544054947775,0.03512259091433611,0.49402915954456283,0.24708378452990268,0.19608667842178382,0.011906574585410314,0.0005451913520170894,0.22828182928470872,0.7592664047778639,1.0,0.6464678640873948,0.6487030316889033,1.976398479999464,0.011625561327194878,0.770568540121672,0.210920689955498,4.873395369637703,92.84277379126785,1.7735812818386876e-13,-5.551115123125783e-17,2.7755575615628914e-16,0.0,0.0,-1.9072950337151173e-10,1.1219671025575195e-10,-1.199828691261784e-10,-2.8814136146526614e-10
equilibrium_sigma_2_00,65.0,143.9961787558852,2.336055977411869,0.3216529021649444,0.78,0.7648492026422902,0.47340529619120425,1.0404080493014092,0.4022530996350631,-0.1725562512690456,0.35952634451637433,-0.3216529021649444,-3.060320648127443,-3.3819735502923876,-4.857887696120499,0.776433265683176,-6.441078615471037,-5.282808217628742,0.26040804930140915,-0.015150797357709855,1.5560559774118692,0.012485786371135475,0.008158688922400441,0.012327750376373715,0.0003277503763737151,0.01968061773372394,0.012487766410940182,0.0004877664109401818,0.000302110526595456,0.27372045568598097,0.029806646719017213,0.09032775037637372,0.04032775037637372,0.0035603810756662337,0.9964396189243337,0.035411282805122284,0.4939800819231292,0.2470603880586542,0.19613397184705508,0.012005605664107726,0.000563419177194472,0.22828321768841695,0.7591477574702808,1.0,0.646274440520568,0.6485836454578428,1.9762067939947834,0.011719953815324202,0.7824307562135477,0.21416730313349897,4.870472326490187,93.84281727908612,1.9578783039264636e-13,-2.7755575615628914e-16,-5.551115123125783e-17,0.0,0.0,1.60221688347284e-10,-1.1029050069055746e-10,1.0153047499961154e-10,2.6730115343376326e-10
equilibrium_sigma_2_00,66.0,142.9961787558852,2.348542357145355,0.32988297997841,0.792,0.7771771431521216,0.4930932739087216,1.0528997345250735,0.41474739801060634,-0.17225184858496834,0.35119679581419705,-0.32988297997841,-3.0311724786513037,-3.3610554586297137,-4.812929233373355,0.788313532386807,-6.39551134735574,-5.237730332856324,0.2608997345250734,-0.01482285684787843,1.5565423571453552,0.012487146450607063,0.008301929898827097,0.012328229610637446,0.0003282296106374462,0.019695022624678045,0.012495700627557227,0.0004957006275572266,0.00030677828166680854,0.2737219079110226,0.03032979699062219,0.09032822961063745,0.04032822961063745,0.003679680933647603,0.9963203190663524,0.035707381360687004,0.4939297451686832,0.24703640104273367,0.19618197006859533,0.012107197201653866,0.000582366209666934,0.22828697537399692,0.7590234612146821,0.9999999999999998,0.6460760544883397,0.6484621884393312,1.97601022872513,0.011816748310006423,0.7945944020338723,0.21749789574012962,4.86750805921485,94.84266425420827,2.149391775674303e-13,5.551115123125783e-16,1.1102230246251565e-16,0.0,0.0,-1.6341522579566004e-10,1.221196459927354e-10,-1.0390716759234309e-10,-2.8727620976498613e-10
equilibrium_sigma_2_00,67.0,141.9961787558852,2.361030606435863,0.3382576962140398,0.804,0.7895058530668474,0.5127946927398903,1.065399641542398,0.4272530468933782,-0.1719425302842449,0.34272004441141535,-0.3382576962140398,-3.0017248106938634,-3.339982506907903,-4.767784511442805,0.8001890609372375,-6.349747988823744,-5.192464230489726,0.26139964154239803,-0.014494146933152652,1.5570306064358628,0.012489515200226342,0.00844797359264096,0.012329282638600066,0.0003292826386000654,0.019707481649763908,0.01250420791465423,0.0005042079146542304,0.00031193940486229366,0.2737250989048487,0.030862984894116756,0.09032928263860007,0.04032928263860007,0.0038036866502515433,0.9961963133497485,0.036011143699133594,0.4938781055711473,0.24701180340416978,0.19623075247976085,0.012211438940599055,0.0006020635036873637,0.2282929678361308,0.7588935297195828,1.0,0.6458725337215804,0.6483386106397134,1.9758086164770927,0.011916027337820451,0.8070680798773472,0.22091478998737318,4.864497771804577,95.8423280162676,2.3658852654762086e-13,4.440892098500626e-16,-2.220446049250313e-16,0.0,0.0,1.405096889534052e-10,-1.2363397805525977e-10,9.020745088406112e-11,2.7657440226924734e-10
equilibrium_sigma_2_00,68.0,140.9961787558852,2.3735217042942818,0.34677987704495994,0.8160000000000001,0.801835887261056,0.5325075526278544,1.0779083376458556,0.43977041078916806,-0.17162780962183943,0.33409317546863226,-0.34677987704495994,-2.971971044497173,-3.318750921542133,-4.722454729265998,0.8120596479235517,-6.303788765322125,-5.147010916944669,0.2619083376458555,-0.014164112738944024,1.5575217042942817,0.012492834408339419,0.008596866951279043,0.012330872289437585,0.0003308722894375844,0.019717887024718047,0.012513277165560055,0.0005132771655600547,0.00031758106810997333,0.27372991602859875,0.031406384351430776,0.09033087228943759,0.04033087228943759,0.003932599075732219,0.9960674009242678,0.03632283616416855,0.4938251178520914,0.24698657437280086,0.19628039630405417,0.012318423900829595,0.0006225434686118674,0.22830107616666312,0.7587579564638954,1.0,0.645663699770007,0.6482128610683221,1.9756017836302902,0.01201787632916333,0.8198606370596963,0.22442038333750414,4.861436819328603,96.84182044637788,2.602362769721367e-13,4.440892098500626e-16,0.0,-1.1102230246251565e-16,0.0,-7.152363076801116e-11,6.85965659275034e-11,-4.612526159630814e-11,-1.4950207738451127e-10
equilibrium_sigma_2_00,69.0,139.9961787558852,2.386016574840064,0.35545239561447095,0.8280000000000001,0.8141677654438755,0.5522297476487266,1.0904263803689533,0.45229986667422706,-0.1713072114282933,0.3253132239706966,-0.35545239561447095,-2.941904511940164,-3.297356907554635,-4.6769412013156675,0.823925081097596,-6.2576340409847,-5.101371518497816,0.26242638036895327,-0.01383223455612459,1.558016574840064,0.012497052611557515,0.008748656770951683,0.012332965476679093,0.00033296547667909307,0.019726135164014662,0.012522899998090864,0.0005228999980908637,0.0003236929807526323,0.2737362590202397,0.03196016779897916,0.0903329654766791,0.0403329654766791,0.004066627686207985,0.995933372313792,0.03664273481767378,0.49377073508099545,0.24696069245033464,0.19633097700517416,0.012428248556616343,0.0006438399282629362,0.228311195729962,0.7586167157851588,1.0000000000000002,0.6454493676721585,0.6480848876191636,1.9753895503458996,0.012122383771225088,0.832981174170781,0.22801715045179632,4.858320682738487,97.84115212634364,2.8765878568037806e-13,0.0,4.440892098500626e-16,0.0,0.0,4.470265997646994e-11,-5.097871430548295e-11,2.9202109480541694e-11,1.0643369519058865e-10
equilibrium_sigma_2_00,70.0,138.9961787558852,2.398516094006624,0.3642781716071638,0.84,0.8265019762305879,0.5719590706030253,1.102954320196143,0.4648418047372491,-0.17098026958091128,0.31637717499183937,-0.3642781716071638,-2.9115184723910934,-3.275796643998257,-4.631245354447323,0.835785138994189,-6.211284310421593,-5.05554727713791,0.26295432019614295,-0.013498023769412115,1.5585160940066243,0.012502124486695368,0.008903389649364107,0.012335532835717415,0.0003355328357174149,0.01973212636272536,0.012533070575804217,0.0005330705758042169,0.00033026720691609057,0.2737440388961134,0.032524506050496935,0.09033553283571742,0.04033553283571742,0.004205990945561357,0.9957940090544386,0.03697112593980114,0.4937149085902338,0.2469341353741146,0.19638256868693021,0.012541013016885339,0.0006659881831377298,0.2283232348683768,0.7584697639316001,1.0,0.6452293456203332,0.6479546369565068,1.9751717302514018,0.012229641362781424,0.8464390537056743,0.23170764524079548,4.85514494445501,98.84033245339477,3.170796958329447e-13,0.0,-3.3306690738754696e-16,0.0,0.0,1.0226808982993774e-11,-1.2796749770949134e-11,6.721512235685623e-12,2.6121493856834377e-11
equilibrium_sigma_2_00,71.0,137.9961787558852,2.4110210950942608,0.37326017138136336,0.852,0.8388389804952887,0.5916932160018756,1.1154927029364192,0.4773966291870346,-0.1706465248397967,0.3072819633889172,-0.37326017138136336,-2.880806108154481,-3.2540662795358446,-4.585368726325453,0.8476395905427272,-6.164740192817495,-5.009539548137289,0.26349270293641924,-0.013161019504711269,1.559021095094261,0.012508010370272202,0.009061111927582063,0.012338548435428122,0.00033854843542812166,0.019735764544748756,0.012543785468110968,0.0005437854681109681,0.000337298014518872,0.27375317707705493,0.03309956810120081,0.09033854843542813,0.040338548435428126,0.004350916674440719,0.9956490833255592,0.03730830656156791,0.49365758788453346,0.2469068800785961,0.19643524443616484,0.012656821217335034,0.0006890250739907606,0.2283371138837147,0.7583170398249595,0.9999999999999999,0.6450034346037494,0.6478220543822315,1.9749481301051086,0.012339744178915462,0.8602439083774317,0.23549450297950486,4.851905267615287,99.83936973150351,3.5083047578154947e-13,3.3306690738754696e-16,-5.551115123125783e-16,0.0,0.0,-6.033665927995813e-11,8.311256544102363e-11,-3.992198238655931e-11,-1.6605918029544142e-10
equilibrium_sigma_2_00,72.0,136.9961787558852,2.42353237451646,0.3824014072822005,0.864,0.8511792148776552,0.6114297844060099,1.1280420721514879,0.48996475904635245,-0.1703055226120218,0.2980244743144329,-0.3824014072822005,-2.8497605214346935,-3.232161928716894,-4.539312962491832,0.8594881946579965,-6.1180024245283215,-4.963349796235452,0.2640420721514879,-0.012820785122344747,1.55953237451646,0.012514675748000262,0.009221869637290553,0.012341989477560038,0.00034198947756003753,0.019736957012048476,0.012555043497064489,0.0005550434970644884,0.00034478171095919663,0.2737636044774547,0.03368552096211899,0.09034198947756004,0.04034198947756004,0.004501642438373986,0.995498357561626,0.03765458499727627,0.49359872055046305,0.2468789026572024,0.1964890766775668,0.012775781113235608,0.000712989049024529,0.22835276393779566,0.7581584658999442,1.0,0.6447714280518249,0.6476870837146614,1.974718549462193,0.01245279083493949,0.874405650090725,0.23938044254428884,4.848597374731913,100.83827126680423,3.8824499171141724e-13,-2.220446049250313e-16,3.3306690738754696e-16,0.0,0.0,5.1709646980979684e-11,-8.676690615994076e-11,3.489148900359673e-11,1.6760406951199514e-10
equilibrium_sigma_2_00,73.0,135.9961787558852,2.43605069646136,0.39170493768036213,0.876,0.863523094606865,0.6311662849363382,1.1406029712840606,0.502546629032555,-0.16995681105517357,0.2886015429902886,-0.39170493768036213,-2.8183747305074625,-3.2100796681878245,-4.4930798152716145,0.8713306998232432,-6.071071854194409,-4.916979593791913,0.26460297128406063,-0.012476905393134952,1.56005069646136,0.012522090868713878,0.009385708435163707,0.012345836067288653,0.0003458360672886525,0.01973561425440852,0.012566845651873493,0.0005668456518734925,0.00035271654819091225,0.2737752608099656,0.03428252942722449,0.09034583606728866,0.04034583606728866,0.0046584159418628385,0.9953415840581371,0.038010281418600626,0.4935382521588379,0.24685017832120554,0.19654413747547167,0.012898004887337736,0.0007379202323305804,0.22837012622594874,0.757993948654383,1.0,0.6445331114495375,0.6475496671421003,1.9744827803146394,0.01256888366312468,0.8889344784926428,0.24336826869229408,4.845217029756149,101.83704344045523,4.2971182168116684e-13,-2.220446049250313e-16,-4.440892098500626e-16,0.0,0.0,-6.525188722683595e-11,1.2222424114471941e-10,-4.4458570505612194e-11,-2.3185041386764027e-10
equilibrium_sigma_2_00,74.0,134.9961787558852,2.448576797650917,0.4011738662711277,0.888,0.8758710164196869,0.6509001389520842,1.1531759458153492,0.5151426904336517,-0.16959993913903815,0.27900995522042926,-0.4011738662711277,-2.786641667306263,-3.187815533577391,-4.446671141508596,0.8831668436524526,-6.0239494365991195,-4.870430617749939,0.2651759458153492,-0.012128983580313113,1.560576797650917,0.01253023033915067,0.00955267354148016,0.012350070977788098,0.00035007097778809795,0.019731649764936597,0.012579194965667284,0.0005791949656672839,0.0003611025833905046,0.27378809387208514,0.03489075586297484,0.0903500709777881,0.0403500709777881,0.0048214954412991624,0.9951785045587008,0.03837572843236475,0.493476126166498,0.2468206813587343,0.19660049884281772,0.013023609159912191,0.0007638604959348886,0.22838915109422195,0.7578233792499309,1.0,0.6442882619503156,0.6474097450848951,1.9742406067303815,0.012688128889772192,0.9038408901138634,0.2474608744679234,4.841760019841655,102.8356917835421,4.762856775641922e-13,-3.3306690738754696e-16,-2.220446049250313e-16,0.0,0.0,5.077386254492833e-11,-1.1994581543273153e-10,3.56162668802007e-11,2.2140487707100753e-10
equilibrium_sigma_2_00,75.0,133.9961787558852,2.461111391428965,0.410811341767632,0.9,0.8882233610622158,0.6706286826588213,1.1657615452517458,0.527753412059981,-0.16923445491032751,0.2692464474972014,-0.410811341767632,-2.754554174613343,-3.165365516380975,-4.400088901403908,0.8949963524414957,-5.976636228037011,-4.8237046477817325,0.2657615452517458,-0.011776638937784245,1.5611113914289652,0.012539072796765763,0.009722809669619062,0.012354679460168487,0.00035467946016848675,0.019724979895038165,0.012592096455543711,0.0005920964555437107,0.0003699416056823779,0.27380205897020754,0.03551035995195713,0.0903546794601685,0.04035467946016849,0.004991150166928995,0.995008849833071,0.03875127169558249,0.493412283811751,0.24679038509123072,0.19665823301858745,0.013152715212522217,0.0007908535337360766,0.2284097973257778,0.757646633927964,1.0000000000000002,0.6440366479639597,0.6472672560369763,1.973991804469508,0.01281063682351805,0.9191356873171701,0.25166124366043807,4.838222139185861,103.83422103760725,5.286882043264995e-13,0.0,-1.1102230246251565e-16,0.0,0.0,-3.239244289465759e-11,8.771610521263185e-11,-2.308222363245349e-11,-1.594959893325143e-10
equilibrium_sigma_2_00,76.0,132.9961787558852,2.4736551716512425,0.42062055734623743,0.912,0.9005804956883162,0.6903491699289264,1.178360325070546,0.5403792812322927,-0.1688599038080868,0.25930770734909636,-0.42062055734623743,-2.7221050038518446,-3.142725561198082,-4.353335157167701,0.9068189407023027,-5.929133381596321,-4.776803564264651,0.2663603250705461,-0.011419504311683815,1.5616551716512426,0.012548600602214355,0.009896160953838521,0.012359649067744692,0.0003596490677446919,0.019715523727568816,0.012605557043743332,0.0006055570437433315,0.00037923704010456305,0.27381711838710515,0.03614149842833406,0.0903596490677447,0.040359649067744696,0.005167660759501602,0.9948323392404984,0.039137270551342994,0.4933466640062717,0.24675926182871818,0.19671741273780768,0.013285449219965316,0.0008189449383878997,0.2284320314619159,0.7574635743797308,0.9999999999999999,0.6437780287306002,0.647122136401487,1.9737361405885725,0.012936522049434488,0.9348299874833885,0.25597245335455504,4.834599173470846,104.83263521069445,5.86697357363164e-13,0.0,2.220446049250313e-16,0.0,0.0,2.265458827477307e-11,-8.300757997625752e-11,1.6962573706758022e-11,1.4778646015289887e-10
equilibrium_sigma_2_00,77.0,131.9961787558852,2.4862088163123492,0.43060474989180403,0.924,0.9129427761152715,0.7100587752288686,1.1909728486067817,0.5530208048115022,-0.16847582705030417,0.2491903738814063,-0.43060474989180403,-2.689286813423202,-3.119891563315006,-4.306412071581217,0.918634310679999,-5.881442142494272,-4.729729346193925,0.2669728486067816,-0.011057223884728518,1.5622088163123493,0.012558799558601064,0.010072770874827582,0.012364969498867805,0.0003649694988678044,0.019703202971517175,0.012619585502138264,0.0006195855021382639,0.0003889938687828831,0.27383324090566,0.03678432480115814,0.09036496949886781,0.04036496949886781,0.0053513197214832215,0.9946486802785168,0.03953409868769879,0.4932792032230912,0.2467272828237482,0.19677811149087152,0.01342194249120598,0.0008481822811367152,0.22845582717312826,0.7572740480545289,0.9999999999999999,0.6435121538792418,0.6469743203188573,1.9734733730317318,0.013065903629552207,0.9509352324016466,0.2603976765799199,4.830886885105612,105.83093762754262,6.528666496308233e-13,-1.1102230246251565e-16,2.220446049250313e-16,-1.1102230246251565e-16,0.0,-3.780906143724394e-12,1.6860115734096404e-11,-2.923090589024291e-12,-2.9657987871134495e-11
equilibrium_sigma_2_00,78.0,130.9961787558852,2.4987729907901968,0.44076719956758925,0.936,0.9253105488442652,0.729754595728611,1.2035996888740446,0.5656785103183277,-0.16808176012549114,0.23889103797828293,-0.44076719956758925,-2.6560921665892554,-3.0968593661568447,-4.259321907467862,0.9304421518580732,-5.83356384453129,-4.68248407004369,0.2675996888740445,-0.01068945115573483,1.5627729907901968,0.012569658680403495,0.010252682176556496,0.012370632468452332,0.0003706324684523317,0.019687941880054807,0.012634192420035717,0.0006341924200357167,0.00039921858208114003,0.2738504014195525,0.03743898903711619,0.09037063246845234,0.040370632468452336,0.005542431877584103,0.9944575681224159,0.0399421448398452,0.49320983537722635,0.24669441822243343,0.1968404037668663,0.013562331726367267,0.0008786151937763377,0.22848116473834795,0.7570778883415085,0.9999999999999999,0.6432387629573036,0.6468237394701211,1.973203250195415,0.013198905316329014,0.9674631974840735,0.2649401849896573,4.827080999598346,106.82913097068499,7.265299473147024e-13,-1.1102230246251565e-16,4.440892098500626e-16,-1.1102230246251565e-16,0.0,-6.728463272653862e-12,3.8101485508312827e-11,-5.441203043687892e-12,-6.628367299477134e-11
equilibrium_sigma_2_00,79.0,129.9961787558852,2.511348351024401,0.4511112286941471,0.9480000000000001,0.9376841530785932,0.7494336544212178,1.2162414303708258,0.5783529470638409,-0.16767723129305767,0.22840624319312752,-0.4511112286941471,-2.6225135307708953,-3.0736247594650425,-4.212067026128036,0.942242140441256,-5.785499905526599,-4.635069907593217,0.2682414303708257,-0.010315846921406857,1.563348351024401,0.012581169960441216,0.01043593678671825,0.012376631584247698,0.00037663158424769763,0.019669667183606743,0.0126493901708713,0.0006493901708712994,0.0004099191203144059,0.27386858055832636,0.03810563725653694,0.0903766315842477,0.0403766315842477,0.005741314854652937,0.9942586851453471,0.04036181350212468,0.4931384917046388,0.2466606370153124,0.19690436529612426,0.013706759278368317,0.0009102954544789175,0.22850803050448198,0.7568749147626707,0.9999999999999999,0.6429575849535765,0.646670322884416,1.9729255104889194,0.013335655768055215,0.984426001507093,0.2696033516974564,4.8231771921323165,107.82721732008814,8.090195180443516e-13,3.3306690738754696e-16,0.0,0.0,0.0,5.044678216825638e-12,-5.5148973929219913e-11,4.936495656693296e-12,9.469733330824681e-11
equilibrium_sigma_2_00,80.0,128.9961787558852,2.523935546332856,0.4616402012542604,0.96,0.9500639225119928,0.769092901933088,1.2288986708528182,0.5910446874074265,-0.1672617601769132,0.21773248599384853,-0.4616402012542604,-2.5885432757519378,-3.050183477006198,-4.16464988724217,0.954033938829366,-5.737251824408445,-4.587489125255883,0.26889867085281827,-0.009936077488007178,1.5639355463328561,0.012593328191188191,0.010622575724590832,0.012382962252804545,0.00038296225280454524,0.019648308042268126,0.012665192892225008,0.0006651928922250076,0.00042110482434409846,0.273887764402438,0.038784411372910076,0.09038296225280455,0.04038296225280455,0.00594829956751248,0.9940517004324875,0.040793525698914,0.4930651006311846,0.24662590698414727,0.19697007327867877,0.013855373436189873,0.0009432770753031964,0.22853641646881478,0.7566649330196922,1.0000000000000002,0.6426683377817275,0.646513996708741,1.9726398818586006,0.013476288782082506,1.0018361159348512,0.2743906540910181,4.819171075165958,108.82519818336456,9.016121182980896e-13,1.1102230246251565e-16,-5.551115123125783e-16,0.0,0.0,-4.712613979607205e-12,1.0337314858277491e-10,-6.13085623935028e-12,-1.76066123486196e-10
equilibrium_sigma_2_00,81.0,127.99617875588521,2.5365352221638346,0.472357521614099,0.972,0.9624501871204699,0.7887292195029639,1.2415720230913792,0.6037543280258414,-0.1668348563665668,0.20686621678942085,-0.472357521614099,-2.5541736734843754,-3.0265311950984746,-4.117073047561275,0.9658171950673801,-5.6888211771068535,-4.539744082196376,0.2695720230913792,-0.00954981287953005,1.5645352221638347,0.012606130782747638,0.010812639013658656,0.012389621590084977,0.0003896215900849771,0.019623796014295855,0.012681616482490554,0.0006816164824905539,0.00043278640671218227,0.27390794421237874,0.039475448748850124,0.09038962159008498,0.04038962159008498,0.006163730725149708,0.9938362692748502,0.041237719765047046,0.492989587639942,0.24659019464868373,0.19703760661220482,0.014008328712905468,0.0009776163938527561,0.22856631983702164,0.7564477350562202,1.0,0.6423707277574184,0.6463546839824252,1.9723460813085767,0.01362094352967605,1.019706374814829,0.27930567682578716,4.81505818623435,109.82307452454731,1.0061396160665481e-12,1.1102230246251565e-16,1.4432899320127035e-15,0.0,0.0,-3.5452630414711805e-12,-9.75553405418994e-11,6.227379723000581e-13,1.65019959502688e-10
equilibrium_sigma_2_00,82.0,126.99617875588521,2.5491480226194017,0.4832666337131881,0.984,0.9748432748160933,0.8083394209668631,1.2542621166422443,0.6164824913102116,-0.1663960180666948,0.19580384046874366,-0.4832666337131881,-2.51939689702566,-3.002663530738848,-4.069339160761205,0.9775915422849965,-5.640209613707041,-4.491837229628352,0.2702621166422443,-0.009156725183906644,1.5651480226194017,0.012619577619468872,0.011006165583359834,0.012396608353731332,0.0003966083537313321,0.019596065037983383,0.012698678606426483,0.0006986786064264831,0.0004449759222202587,0.2739291162234283,0.0401788818037975,0.09039660835373134,0.040396608353731336,0.0063879673437853175,0.9936120326562147,0.04169485218486388,0.49291187512857315,0.24655346520948462,0.19710704611300273,0.01416578615549742,0.0010133721669186855,0.22859774266709812,0.7562230990104859,1.0000000000000002,0.6420644490361411,0.6461923043742895,1.972043814385667,0.013769764808361375,1.0380499843227313,0.28435211480126943,4.810833976354145,110.8208467859968,1.123878767828046e-12,-2.220446049250313e-16,-1.1102230246251565e-16,0.0,0.0,7.47641185072645e-12,8.967606865417643e-11,2.2937155647051455e-12,-1.509304972668879e-10
equilibrium_sigma_2_00,83.0,125.99617875588521,2.5617745928678617,0.49437101981059733,0.996,0.9872435130665399,0.8279202553260142,1.2669695996123913,0.6292298268149209,-0.1659447307643127,0.18454171737534608,-0.49437101981059733,-2.4842050204032815,-2.978576040213879,-4.021450976729014,0.9893565981158172,-5.591418855070087,-4.443771109548559,0.2709695996123913,-0.008756486933460095,1.5657745928678617,0.012633670925552634,0.01120319317136535,0.012403922885259842,0.00040392288525984213,0.01956505142928313,0.012716398710699295,0.0007163987106992946,0.0004576867512762206,0.27395128147048436,0.04089483761941222,0.09040392288525985,0.040403922885259846,0.006621383276354367,0.9933786167236456,0.04216539845743611,0.49283188226223584,0.2465156824895168,0.1971784747349555,0.014327913665426862,0.001050605667752177,0.2286306915206046,0.7559907891462164,1.0,0.6417491830335177,0.6460267739103651,1.9717327746503097,0.013922903301055329,1.0568805326002872,0.28953377626705673,4.806493798741041,111.81851490718263,1.256716952724446e-12,-1.1102230246251565e-16,-2.220446049250313e-16,0.0,0.0,-1.454997580752071e-11,-8.68979072726761e-11,-7.1427828929326864e-12,1.4622447697121288e-10
equilibrium_sigma_2_00,84.0,124.99617875588521,2.5744155814173526,0.5056741992209465,1.008,0.9996512304514293,0.8474684091638109,1.279695140446417,0.6419970128040159,-0.1654804659173228,0.17307616427806538,-0.5056741992209465,-2.4485900185297638,-2.95426421775071,-3.9734113410964156,1.0011119641007933,-5.542450689743508,-4.395548353723871,0.27169514044641696,-0.008348769548570667,1.5664155814173526,0.012648415151464545,0.011403758220995899,0.01241156706663265,0.0004115670666326489,0.019530693892664163,0.012734798034985673,0.0007347980349856724,0.0004709335721386765,0.27397444565646256,0.04162343752050185,0.09041156706663266,0.04041156706663265,0.006864367753456453,0.9931356322465436,0.04264985400688839,0.492749524818829,0.2464768088730405,0.19725197778589082,0.01449488633661876,0.001089380786230749,0.22866517715312618,0.7557505557240244,1.0,0.6414245978153847,0.6458580046759944,1.9714126431212178,0.014080515847996456,1.0762119995517798,0.294854585986032,4.802032897884935,112.81607833892049,1.4060974606877608e-12,0.0,2.220446049250313e-16,-1.1102230246251565e-16,0.0,7.922633035728488e-12,3.612340461478514e-11,4.2891853263560265e-12,-6.069117430840265e-11
equilibrium_sigma_2_00,85.0,123.99617875588521,2.587071642315655,0.5171797271081736,1.02,1.0120667581973677,0.8669805088044108,1.2924394297649617,0.6547847579116353,-0.16500267964091475,0.16140345526770572,-0.5171797271081736,-2.4125437669795744,-2.929723494087748,-3.925223195178988,1.0128572250774475,-5.493306971273265,-4.347171683080355,0.2724394297649617,-0.00793324180263233,1.5670716423156548,0.012663816876504974,0.011607895772552891,0.012419544288270239,0.0004195442882702384,0.019492933540940297,0.01275389966859386,0.0007538996685938597,0.000484732373129404,0.2739986190553644,0.04236479662770633,0.09041954428827025,0.04041954428827024,0.007117325933937066,0.9928826740660629,0.043148735144163446,0.49266471502549225,0.24643680524137485,0.19732764314513976,0.014666886813214894,0.0011297641317183898,0.2287012142343793,0.7555021348206874,1.0,0.6410903474534104,0.6456859044865905,1.9710830876898742,0.01424276573337461,1.0960587664889372,0.3003185884214949,4.797446398765335,113.8135360540036,1.574962382733247e-12,-1.1102230246251565e-16,-3.3306690738754696e-16,0.0,0.0,-3.2375629954728424e-12,-1.0356875079775563e-11,-1.9134450968127936e-12,1.753185444042238e-11
equilibrium_sigma_2_00,86.0,122.99617875588521,2.5997434371878927,0.528891192796276,1.032,1.0244904316503158,0.8864531231317812,1.3052031821924452,0.6675938028663294,-0.1645108114258167,0.14951982312771017,-0.528891192796276,-2.37605804279931,-2.904949235595586,-3.8768895752266346,1.0245919485475241,-5.443989614890716,-4.2986439064131075,0.2732031821924452,-0.0075095683496841925,1.5677434371878927,0.012679884726286297,0.011815639356246624,0.012427859430823633,0.0004278594308236329,0.019451713934911706,0.012773728587101019,0.0007737285871010184,0.0004991004476373462,0.2740238164570413,0.04311902340831371,0.09042785943082364,0.04042785943082364,0.007380679472033601,0.9926193205279664,0.043662580058859125,0.4925773613899939,0.24639563090734087,0.19740556147695895,0.014844105659905033,0.0011718251397978545,0.22873882108751892,0.7552452481127782,0.9999999999999999,0.6407460713605643,0.6455103765457201,1.9707437625193236,0.014409822979530577,1.1164356260708814,0.30592995108454923,4.792729296544021,114.81088655349276,1.766364832178624e-12,4.440892098500626e-16,0.0,-1.1102230246251565e-16,0.0,-8.542526061527944e-12,-2.2793244722207895e-11,-5.246445639039976e-12,3.868819153929337e-11
equilibrium_sigma_2_00,87.0,121.99617875588521,2.612431637321008,0.5408122184813807,1.044,1.0369225918022482,0.9058827655826369,1.317987138312431,0.6804249223828336,-0.16400428280824175,0.1374214602803523,-0.5408122184813807,-2.339124524381126,-2.879936742862507,-3.8284136127916146,1.0363156840358418,-5.394500595220545,-4.2499679201913425,0.27398713831243104,-0.007077408197751822,1.5684316373210079,0.012696629301509388,0.01202702087408106,0.012436518854333244,0.00043651885433324336,0.019406981121863662,0.012794311693431482,0.0007943116934314813,0.0005140563807959353,0.27405005713434316,0.043886219181429494,0.09043651885433325,0.04043651885433325,0.007654867088007974,0.992345132911992,0.04419194988361246,0.4924873685197859,0.24635324354506927,0.19748582645257245,0.015026741759671731,0.001215636180913686,0.22877801945056567,0.7549796026088489,1.0,0.6403913935779796,0.6453313190530596,1.9703943073995558,0.014581864662348613,1.1373577917111117,0.31169296780062056,4.787876445976757,115.80812787070052,1.9824142327706795e-12,0.0,2.220446049250313e-16,0.0,0.0,2.9368906612203816e-11,6.62347312413436e-11,1.8600274098723446e-11,-1.1291911156119383e-10
equilibrium_sigma_2_00,88.0,120.99617875588521,2.6251369255203376,0.5529464572692437,1.056,1.0493635867179667,0.9252658971346498,1.3307920665859991,0.6932789271108772,-0.1634824960932083,0.12510452040002606,-0.5529464572692437,-2.3017347928013825,-2.8546812500706262,-3.779798533985563,1.0480279624248672,-5.344841942984425,-4.201146707270057,0.2747920665859991,-0.006636413282033349,1.5691369255203376,0.01271406312634872,0.01224207048643853,0.012445530404734069,0.0004455304047340687,0.019358683700349454,0.012815677893351918,0.0008156778933519175,0.0005296200766835568,0.2740773648628305,0.04466647762964814,0.09044553040473408,0.04044553040473407,0.007940345157217879,0.9920596548427821,0.04473742978453823,0.4923946369366285,0.2463095991190053,0.19756853496480098,0.015215002723128868,0.0012612726733495015,0.2288188342650466,0.7547048903384751,1.0,0.6400259220443594,0.6451486248029996,1.9700343470905826,0.014759075232511742,1.1588409074105541,0.317612062198336,4.782882551532281,116.80525756970168,2.227107387398064e-12,1.1102230246251565e-16,8.881784197001252e-16,0.0,0.0,-3.438833592883661e-11,-6.03136915411362e-11,-2.271935591047214e-11,1.0504658601306893e-10
equilibrium_sigma_2_00,89.0,119.99617875588521,2.6378599980986626,0.56529759160009,1.068,1.0618137730816508,0.9445989284974068,1.3436187654391663,0.7061566657710562,-0.16294483299858975,0.11256511961407245,-0.56529759160009,-2.2638803321833194,-2.8291779237834094,-3.731047659875619,1.0597282952817857,-5.295015742685244,-4.152183336705716,0.2756187654391662,-0.006186226918349247,1.5698599980986625,0.012732200599508511,0.01246081648751743,0.012454903423763174,0.0004549034237631734,0.01930677287936769,0.012837858185399398,0.0008378581853993976,0.0005458127833035675,0.2741057679507975,0.0454598842653839,0.09045490342376318,0.04045490342376318,0.008237588300524895,0.9917624116994751,0.045299630130718256,0.4922990628777779,0.24626465180797683,0.19765378735637146,0.015409105327960733,0.0013088131979944633,0.22886129346526216,0.7544207880087827,1.0,0.6396492478124187,0.6449621807266536,1.969663490618628,0.014941646859620497,1.1809010569452163,0.32369179108787693,4.7777421569603575,117.80227274281978,2.504663143554353e-12,-6.661338147750939e-16,-1.1102230246251565e-16,0.0,0.0,4.5060287098830365e-11,6.786670878056178e-11,3.041923136992697e-11,-1.1951032871659883e-10
equilibrium_sigma_2_00,90.0,118.99617875588521,2.650601566667092,0.5778693311730443,1.08,1.0742735176614682,0.9638782230184779,1.3564680653471315,0.719059027383569,-0.16239065333812142,0.09979933819232079,-0.5778693311730443,-2.225552531136398,-2.8034218623094422,-3.682164406099883,1.0714161741642667,-5.245024129588573,-4.103080962802615,0.2764680653471314,-0.005726482338531902,1.5706015666670918,0.012751057966981325,0.012683285183329803,0.012464648776607128,0.00046464877660712736,0.019251202561071136,0.012860885715282322,0.0008608857152823217,0.0005626570892536265,0.2741352993230519,0.04626651589434062,0.09046464877660713,0.04046464877660713,0.008547089989258733,0.9914529100107413,0.04587918770302428,0.4922005380904859,0.24621835392762959,0.19774168764325584,0.015609275975011687,0.0013583396170273657,0.22890542780130255,0.7541269566066583,0.9999999999999999,0.6392609442389737,0.644771867412289,1.969281330552122,0.015129779786014578,1.2035547732575658,0.3299368480186507,4.772449635457238,118.7991700025297,2.819411371035585e-12,-2.220446049250313e-16,0.0,0.0,0.0,-5.150930029729217e-11,-6.099481336674373e-11,-3.604935273904264e-11,1.1151750009541495e-10
equilibrium_sigma_2_00,91.0,117.99617875588521,2.663362359995989,0.5906654109501661,1.092,1.0867431988655771,0.9831000993217841,1.3693408310574138,0.7319869436697574,-0.16181929364641345,0.08680322213478098,-0.5906654109501661,-2.186742683886943,-2.777408094837109,-3.633152282983438,1.083091069915227,-5.194869287088711,-4.053842824632526,0.2773408310574137,-0.00525680113442295,1.5713623599959887,0.012770653299361417,0.012909500763266517,0.01247477888589748,0.000474778885897479,0.019191929425364317,0.012884795892453837,0.0008847958924538372,0.0005801769636937237,0.27416599662393176,0.04708644004812249,0.09047477888589749,0.04047477888589748,0.008869363154000012,0.991130636846,0.04647676697415149,0.49209894961439427,0.24617065584881265,0.19783234374849953,0.01581575117229781,0.0014099371949875582,0.22895127066199505,0.7538230409707195,1.0,0.6388605661273185,0.6445775585752409,1.9688874422369518,0.015323682700383687,1.226819047391393,0.33635206680528384,4.7669991795163495,119.79594547141518,3.1764590957550354e-12,1.1102230246251565e-16,6.661338147750939e-16,2.220446049250313e-16,0.0,3.405819896939999e-11,3.4438530152614e-11,2.4259831990502967e-11,-6.435171839846987e-11
equilibrium_sigma_2_00,92.0,116.99617875588521,2.6761431258653228,0.6036895890055367,1.104,1.099223208344655,1.0022608340729737,1.3822379639144957,0.7449413916103571,-0.16123006577388654,0.07357278489482066,-0.6036895890055367,-2.1474419916334577,-2.7511315806389947,-3.5840148956627687,1.0947524319437372,-5.144553444022988,-4.004472245546136,0.2782379639144956,-0.0047767916553451695,1.5721431258653227,0.012791006478399036,0.013139485168842627,0.01248530777597933,0.0004853077759793302,0.0191289130240012,0.012909626492252357,0.0009096264922523571,0.0005983977885426484,0.2741979023514525,0.04791971439665181,0.09048530777597934,0.040485307775979334,0.00920494079946935,0.9907950592005307,0.04709306145199412,0.491994179553161,0.24612150591269177,0.19792586774222026,0.016028778044525942,0.001463694722693158,0.22899885790488947,0.7535086693278914,1.0,0.6384476488271639,0.6443791204836299,1.9684813829967307,0.015523573128310115,1.2507113371357106,0.3429424250897922,4.761384790750685,120.79259476894067,3.5823566335579926e-12,-2.220446049250313e-16,2.220446049250313e-16,-1.1102230246251565e-16,0.0,-3.186608095451238e-11,-2.472773548423124e-11,-2.349365320342134e-11,4.93307547588806e-11
equilibrium_sigma_2_00,93.0,115.99617875588521,2.6889446327796462,0.6169456441131759,1.116,1.1117139525519932,1.021356665092387,1.3951604042404178,0.7579233961539321,-0.16062225549262277,0.06010400934538129,-0.6169456441131759,-2.1076415644263102,-2.724587208539486,-3.534755943867093,1.1063996874894788,-5.0940788716647845,-3.9549726323406045,0.27916040424041766,-0.004286047448006869,1.5729446327796461,0.012812139206766146,0.013373257962304366,0.012496251134643734,0.0004962511346437333,0.01906211589344252,0.012935417774695424,0.0009354177746954233,0.0006173463928949019,0.274231064044375,0.04876638614559129,0.09049625113464374,0.04049625113464374,0.009554376627510363,0.9904456233724896,0.04772879508281945,0.4918861048359207,0.2460708503430316,0.19802237608138434,0.016248614867217393,0.00151970464439192,0.22904822772595207,0.7531834527624385,0.9999999999999999,0.6380217072945109,0.6441764113430404,1.9680626913009842,0.015729677838271634,1.2752495755257707,0.3497130480185696,4.755600270096397,121.78911299276227,4.044098389499595e-12,2.220446049250313e-16,7.771561172376096e-16,-1.1102230246251565e-16,0.0,-1.6306470063121026e-12,-1.0504132286204282e-12,-1.220959097714136e-12,2.1873336475408678e-12
equilibrium_sigma_2_00,94.0,114.99617875588521,2.701767671947106,0.6304373734364485,1.1280000000000001,1.1242158545536063,1.040383794123345,1.4081091339498042,0.7709340331451628,-0.15999512097493374,0.046392849616987863,-0.6304373734364485,-2.0673324225419822,-2.697769795978431,-3.485379222442912,1.1180322408816428,-5.043447881205226,-3.9053474751144903,0.2801091339498041,-0.0037841454463938273,1.573767671947106,0.012834075001336667,0.013610836187551068,0.012507626372356091,0.000507626372356091,0.01899150365851118,0.012962212608824686,0.0009622126088246856,0.0006370510902131699,0.2742655344616851,0.049626491400991186,0.0905076263723561,0.040507626372356095,0.009918245656750356,0.9900817543432496,0.048384723740416496,0.49177459696412923,0.2460186331537342,0.19812198987141394,0.016475531634838864,0.001578063186599635,0.2290994204746298,0.7528469847039316,0.9999999999999999,0.6375822350939209,0.643969280614456,1.96763088588468,0.015942233271240183,1.300452178507556,0.3566692117802376,4.749639207102836,122.78549470094592,4.569122857844832e-12,0.0,4.440892098500626e-16,0.0,0.0,4.085536770004339e-11,2.1415131820634592e-11,3.103794651848624e-11,-4.715900239760096e-11
equilibrium_sigma_2_00,95.0,113.99617875588521,2.714613058909322,0.6441685897975394,1.1400000000000001,1.1367293556431979,1.0593383902826807,1.4210851791488666,0.7839744324011797,-0.15934789135215754,0.0324352333390352,-0.6441685897975394,-2.0265054988439677,-2.670674088641507,-3.435888620986215,1.129649472778198,-4.992662820502975,-3.8556003462561006,0.28108517914886644,-0.0032706443568022436,1.5746130589093217,0.01285683923499123,0.013852234235126153,0.012519452711826591,0.0005194527118265908,0.018917045170881452,0.012990056617034895,0.000990056617034895,0.0006575417260679117,0.27430137185402,0.05050005452578688,0.0905194527118266,0.040519452711826595,0.010297144852226346,0.9897028551477737,0.049061636771689496,0.4916595217488128,0.24596479605417884,0.19822483511682312,0.01670981065311913,0.0016388704906299513,0.22915247856814552,0.7524988402881054,1.0000000000000002,0.637128703362968,0.6437575682934021,1.9671854648392477,0.016161485983912826,1.3263380526408755,0.36381634738158153,4.7434949703081735,123.7817338846577,5.1672000012104036e-12,-2.220446049250313e-16,1.1102230246251565e-15,0.0,0.0,-4.943854700623085e-11,-1.7412049233000992e-11,-3.885629144828595e-11,4.531885630654209e-11
equilibrium_sigma_2_00,96.0,112.99617875588521,2.7274816356142075,0.6581431190760777,1.1520000000000001,1.1492549173554463,1.0782165930795549,1.4340896130539267,0.7970457810466242,-0.1586797650830356,0.018227063721614423,-0.6581431190760777,-1.985151640444451,-2.6432947595205287,-3.386288124460626,1.1412507394046303,-4.9417260714391436,-3.8057349003359335,0.28208961305392655,-0.0027450826445538645,1.5754816356142074,0.012880459141546813,0.014097463698366983,0.012531751266638032,0.0005317512666380315,0.018838712627668994,0.01301899834271758,0.0010189983427175801,0.0006788497397547388,0.27433864020193344,0.05138708746237939,0.09053175126663804,0.040531751266638036,0.010691693745355972,0.989308306254644,0.049760358640102,0.49154073903118267,0.24590927834927204,0.19833104300400078,0.016951747170292852,0.0017022307461431996,0.22920744629798473,0.7521385757855792,1.0,0.6366605597111316,0.6435411041088114,1.9667259046485879,0.016387693118575485,1.3529266016233152,0.37116004418236326,4.737160696151443,124.77782394447874,5.849654094447487e-12,0.0,6.661338147750939e-16,-1.1102230246251565e-16,0.0,8.111636709551284e-11,2.0681536344602236e-11,6.460130173857603e-11,-6.21246977472456e-11
equilibrium_sigma_2_00,97.0,111.99617875588521,2.7403742721192366,0.6723647972561946,1.164,1.1617930232676172,1.0970145160381888,1.4471235589102815,0.8101493270312441,-0.15798990840456917,0.003764221969155601,-0.6723647972561946,-1.9432616112114427,-2.6156264084676373,-3.3365818129807385,1.1528353717757869,-4.890640046602323,-3.7557548731899453,0.2831235589102816,-0.0022069767323826817,1.5763742721192366,0.012904963876893605,0.014346533233569459,0.012544545153610566,0.0005445451536105657,0.018756481726933748,0.01304908939792071,0.0010490893979207098,0.0007010082048175548,0.27437740955639567,0.052287589043006344,0.09054454515361057,0.04054454515361057,0.01110253505972169,0.9888974649402783,0.05048175063605494,0.4914181023918706,0.24585201683689775,0.1984407501729652,0.01720165003703969,0.001768252327965555,0.22926436975477055,0.7517657278802243,1.0,0.636177227073843,0.6433197066717764,1.9662516591912682,0.016621122889117115,1.3802377326714426,0.3787060536623833,4.730629279042844,125.77375765615363,6.627920434709722e-12,2.220446049250313e-16,7.771561172376096e-16,-1.1102230246251565e-16,0.0,-8.625909708737112e-11,-9.478430193499143e-12,-7.113167173333768e-11,4.921655791245705e-11
equilibrium_sigma_2_00,98.0,110.99617875588521,2.7532918686511483,0.6868374674619315,1.176,1.1743441811506827,1.1157282501552068,1.4601881932098912,0.8232863829179288,-0.1572774536188719,-0.010957430324323836,-0.6868374674619315,-1.900826093911949,-2.5876635613738808,-3.2867738622146856,1.1644026749169274,-4.839407186264877,-3.7056640815494726,0.2841881932098913,-0.0016558188493172032,1.5772918686511483,0.012930384552547455,0.014599448414535423,0.012557859600246461,0.000557859600246461,0.018670331811117435,0.013080384659858169,0.0010803846598581683,0.0007240518995477174,0.2744177563643832,0.05320154427306691,0.09055785960024647,0.040557859600246465,0.01153033532594519,0.9884696646740548,0.05122671268569751,0.4912914588434314,0.2457929457005096,0.19855409901741505,0.017459842406522652,0.001837047933970411,0.2293232966637403,0.7513798129957667,1.0,0.6356781025005825,0.6430931825411109,1.9657621586890928,0.01686205509289468,1.4082918617188849,0.38646029299911655,4.723893360281679,126.76952713809017,7.515543742897535e-12,2.220446049250313e-16,2.220446049250313e-16,0.0,0.0,7.300595891712724e-11,2.156727921254209e-12,6.093139708063244e-11,-3.2509141212333503e-11
equilibrium_sigma_2_00,99.0,109.99617875588521,2.766235357565132,0.7015649767877804,1.188,1.1869089251233724,1.1343538676570346,1.4732847490395775,0.8364583299150505,-0.15654149736760337,-0.02594204860091809,-0.7015649767877804,-1.85783569269651,-2.5594006694842903,-3.2368685435070814,1.1759519270766412,-4.788029955054734,-3.655466422378309,0.28528474903957757,-0.001091074876627518,1.5782353575651322,0.012956754297097348,0.01485621158789134,0.012571722073424003,0.0005717220734240032,0.01858024603023182,0.013112942466309008,0.0011129424663090075,0.0007480173658258593,0.2744597638588606,0.05412892359526718,0.09057172207342401,0.04057172207342401,0.011975785492093263,0.9880242145079068,0.051996185246296366,0.4911606485081296,0.24573199639808216,0.1986712379891966,0.01772666247096911,0.0019087347249783493,0.22938427626671173,0.7509803265373407,0.9999999999999999,0.6351625558849814,0.6428613252169424,1.9652568086108553,0.017110781644049448,1.437109917902762,0.3944288487068186,4.716945317294117,127.76512381231527,8.530287587404928e-12,4.440892098500626e-16,1.3322676295501878e-15,-1.1102230246251565e-16,0.0,-7.732064467858013e-11,7.423794218253121e-12,-6.688551448807978e-11,2.1563684865499866e-11
equilibrium_sigma_2_00,100.0,108.99617875588521,2.77920570531449,0.7165511730028227,1.2,1.199487817889655,1.1528874259238286,1.4864145196175458,0.8496666221847226,-0.15578109885392277,-0.041193802667000456,-0.7165511730028227,-1.8142809356780816,-2.5308321086809045,-3.1868702239466566,1.1874823789355446,-4.736510838466948,-3.6051658721247226,0.2864145196175458,-0.000512182110344872,1.5792057053144901,0.012984108336367067,0.015116821727925925,0.01258616242457928,0.0005861624245792792,0.018486211517854144,0.01314682483322116,0.0011468248332211599,0.0007729429996050641,0.2745035224987251,0.05506968213129627,0.09058616242457929,0.040586162424579283,0.012439601524874182,0.9875603984751258,0.052791151298108935,0.49102550427932146,0.24566909754692756,0.19879232191374283,0.01800246423883982,0.001983434466094651,0.22944735922891332,0.7505667420661521,0.9999999999999999,0.6346299286302669,0.6426239140514217,1.9647349885257954,0.017367607130893165,1.4667133470872458,0.4026179802713442,4.709777252844445,128.76053836043437,9.689915536625904e-12,-4.440892098500626e-16,2.220446049250313e-16,0.0,0.0,2.329453296923134e-11,-3.788035857210659e-12,2.03704639961666e-11,-4.031521644298763e-12
equilibrium_sigma_2_00,101.0,107.99617875588521,2.7922039147723106,0.7317999010904743,1.212,1.2120814533646973,1.1713249714952683,1.4995788621529496,0.8629127914598316,-0.1549952778973367,-0.05671687388840252,-0.7317999010904743,-1.7701522774395781,-2.5019521785300523,-3.1367833667901204,1.198993252818071,-4.6848523393972386,-3.554766486253553,0.2875788621529496,8.1453364697337e-05,1.5802039147723106,0.013012484043227024,0.015381274289015855,0.012601213032696658,0.0006012130326966576,0.018388219558361105,0.013182097673425375,0.0011820976734253745,0.0007988691030913486,0.2745491304021111,0.05602375890423721,0.09060121303269666,0.04060121303269666,0.012922524993482593,0.9870774750065174,0.05361263844134279,0.4908858514649717,0.2456041748040219,0.1989175123349811,0.01828761835622152,0.002061273668522034,0.22951259743907207,0.7501385105361844,1.0,0.6340795322443002,0.6423807130642036,1.9641960509023528,0.017632849399478148,1.4971241139227276,0.411034123581516,4.702380983178303,129.7557606805599,1.1016521028750503e-11,-2.220446049250313e-16,1.1102230246251565e-15,2.220446049250313e-16,0.0,2.2869763374733232e-11,-5.11961653626436e-12,2.0203158590526016e-11,-1.7109126615455494e-12
equilibrium_sigma_2_00,102.0,106.99617875588521,2.8052310271490914,0.7473149996974988,1.224,1.2246904590383936,1.1896625443851951,1.512779201772733,0.8761984519604968,-0.15418301306782545,-0.07251545232466672,-0.7473149996974988,-1.7254401018281482,-2.472755101525647,-3.0866125312856276,1.21048374189795,-4.633056974233723,-3.5042723981988577,0.2887792017727331,0.0006904590383935982,1.5812310271490915,0.013041921069657292,0.015649561061425944,0.0126169089904875,0.0006169089904875004,0.018286265795882918,0.013218831074190973,0.0012188310741909729,0.0008258380013170807,0.2745966939105682,0.056991076034304915,0.09061690899048751,0.040616908990487505,0.013425323644424805,0.9865746763555752,0.05446172109434039,0.49074150741396216,0.24553715074250276,0.19904697785071454,0.01858251297182426,0.0021423837328633562,0.22958004399786786,0.7496950592974445,1.0,0.6335106468667919,0.6421314696693734,1.963639319855989,0.0179068401613838,1.528364703109039,0.4196838945633492,4.694748027463252,130.75077983083867,1.2533529769598317e-11,-4.440892098500626e-16,1.1102230246251565e-15,0.0,0.0,-5.07056618914703e-11,1.659854198532429e-11,-4.644441081724793e-11,-3.1561177282757313e-12
equilibrium_sigma_2_00,103.0,105.99617875588521,2.8182881246434364,0.7631002973227631,1.236,1.2373154990787214,1.2078961824933006,1.5260170359312875,0.8895253056700798,-0.15334323952308626,-0.08859373363759926,-0.7631002973227631,-1.6801347245947573,-2.4432350219175203,-3.036362373178968,1.2219530094159974,-4.5811272690375855,-3.4536878188696933,0.29001703593128747,0.001315499078721416,1.5822881246434364,0.013072461393433543,0.01592167002414882,0.012633288268462863,0.0006332882684628623,0.018180350411436185,0.01325709952482157,0.0012570995248215693,0.0008538940898805691,0.2746463280862511,0.0579715379233059,0.09063328826846287,0.04063328826846287,0.013948791947935234,0.9860512080520648,0.055339522808382835,0.4905922811225749,0.24546794472350686,0.1991808944986782,0.0188875546517114,0.0022269010916350874,0.22964975294927664,0.7492357913073769,1.0,0.6329225197183834,0.641875913289246,1.9630640898374279,0.018189925629905096,1.560458118546089,0.42857409239106325,4.686869595029035,131.7455839803531,1.4272805159976087e-11,0.0,1.1102230246251565e-15,0.0,0.0,1.1504748716195667e-10,-4.3389094400714256e-11,1.0631832740581881e-10,1.6760610260790898e-11
equilibrium_sigma_2_00,104.0,104.99617875588521,2.831376332503555,0.7791596085301803,1.248,1.2499572770071927,1.226021926260117,1.5392939388599018,0.9028951479607891,-0.152474846979334,-0.10495591605745003,-0.7791596085301803,-1.6342263961885366,-2.413386004718717,-2.986037644502268,1.2334001878950125,-4.52906575527338,-3.403017035478987,0.29129393885990185,0.001957277007192726,1.583376332503555,0.013104149483401412,0.01619758520215372,0.01265039193663884,0.0006503919366388396,0.0180704783555507,0.013296982247501532,0.0012969822475015318,0.0008830839748341646,0.2746981573837541,0.058965030404356335,0.09065039193663885,0.040650391936638844,0.014493751629940602,0.9855062483700594,0.056247218696886064,0.49043797282152934,0.24539647276394938,0.19931944612498412,0.019203169343852824,0.0023149673525043827,0.2297217792955369,0.7487600840081059,0.9999999999999999,0.6323143634730862,0.6416137538639441,1.9624696242642528,0.018482467183060836,1.5934278815033835,0.4377117029728783,4.678736574508069,132.74016034213795,1.626421219924623e-11,-4.440892098500626e-16,1.1102230246251565e-15,0.0,0.0,-1.1940297708901149e-10,5.588086243735191e-11,-1.144914441031375e-10,-3.1957672619320476e-11
equilibrium_sigma_2_00,105.0,103.99617875588521,2.844496821836113,0.7954967298286633,1.26,1.2626165391542707,1.2440358235587305,1.5526115665309328,0.9163098736194262,-0.15157667737575742,-0.12160619705224662,-0.7954967298286633,-1.5877053045155187,-2.383202034344182,-2.9356431938951397,1.244824378371284,-4.476874965459099,-3.352264410769254,0.2926115665309328,0.002616539154270736,1.5844968218361128,0.01313703237728904,0.016477286523049785,0.012668264365899788,0.0006682643658997879,0.017956659550331003,0.013338563478182408,0.0013385634781824078,0.0009134565470692024,0.2747523162603024,0.05997141988582575,0.0906682643658998,0.04066826436589979,0.015061052169244934,0.9849389478307551,0.05718603798850202,0.4902783735419547,0.24532264739995746,0.19946282480539712,0.019529803396745617,0.002406729439983502,0.22979617874257535,0.7482672884206955,1.0,0.6316853545477036,0.6413446802351935,1.9618551540913616,0.01878484205555073,1.6272980263662407,0.44710390198994326,4.670339520795737,133.7344951131159,1.8547829938597715e-11,-2.220446049250313e-16,1.3322676295501878e-15,0.0,0.0,1.2804959349799194e-10,-6.494995860584218e-11,1.2370459517851984e-10,4.33015359679878e-11
equilibrium_sigma_2_00,106.0,102.99617875588521,2.8576508120956734,0.8121154355648366,1.272,1.2752940779339554,1.2619339347647214,1.565971661794368,0.9297714832877548,-0.15064752257747327,-0.13854877004746324,-0.8121154355648366,-1.5405615776665433,-2.35267701323138,-2.8851839665166716,1.2562246496332579,-4.4245574284840625,-3.3014343818295497,0.29397166179436796,0.0032940779339554194,1.5856508120956734,0.013171159843739427,0.01676074967745896,0.012686953474771494,0.0006869534747714935,0.017838909131457664,0.013381932824074738,0.001381932824074738,0.0009450631144325428,0.27480894992355,0.06099055246243504,0.0906869534747715,0.0406869534747715,0.015651571268123884,0.9843484287318761,0.05815726670973041,0.49011326465934585,0.24524637754602427,0.19961123126483016,0.019867924635082752,0.0025023397362643916,0.2298730076342609,0.747756727994392,1.0,0.6310346313044806,0.6410683584037765,1.9612198763183544,0.01909744406043662,1.6620930947206043,0.4567580580353528,4.661668643127873,134.7285734001576,2.116729014289831e-11,2.220446049250313e-16,1.7763568394002505e-15,0.0,0.0,-1.3796662250153968e-10,8.09249334210449e-11,-1.3836756566909525e-10,-6.175168015820631e-11
equilibrium_sigma_2_00,107.0,101.99617875588521,2.870839573887572,0.8290194736261512,1.284,1.2879907355138716,1.279712338076171,1.5793760599200521,0.9432820903539604,-0.1496861219070731,-0.15578782099515176,-0.8290194736261512,-1.4927852865860038,-2.321804760212155,-2.8346650040461583,1.2676000374776195,-4.372115664672746,-3.2505314589166288,0.2953760599200521,0.003990735513871524,1.5868395738875718,0.013206584531879728,0.01704794598188246,0.012706510985520163,0.0007065109855201625,0.0177172476902005,0.01342718561003764,0.0014271856100376394,0.0009779575038670885,0.27486821510763687,0.062022253010252854,0.09070651098552017,0.04070651098552017,0.01626621528504791,0.9837337847149521,0.05916225050313411,0.4899424174144672,0.2451675683499594,0.19976487532891776,0.020218023495716664,0.002601956219894381,0.2299523228145109,0.747227697469878,1.0,0.6303612921629002,0.6407844296468422,1.9605629524319028,0.019420684341383186,1.6978381270068017,0.4666817355120529,4.652713792368973,135.72237914379207,2.4171331602929058e-11,2.220446049250313e-16,2.886579864025407e-15,0.0,0.0,7.120379112712794e-11,-4.384838672710778e-11,7.183824715650822e-11,3.605994322586348e-11
equilibrium_sigma_2_00,108.0,100.99617875588521,2.884064432093972,0.8462125608939918,1.296,1.3007074079307652,1.297367135172777,1.5928266945643736,0.956843928318452,-0.14869115949907896,-0.1733275247324486,-0.8462125608939918,-1.4443664477872584,-2.29057900868125,-2.784091444692744,1.278949543985783,-4.3195521805033446,-3.1995602241966,0.2968266945643736,0.004707407930765184,1.588064432093972,0.01324336210185717,0.017338842245628757,0.01272699269052293,0.0007269926905229297,0.017591701516013778,0.013474423260495527,0.001474423260495527,0.0010121961924181022,0.2749302808803725,0.06306632426994545,0.09072699269052294,0.040726992690522934,0.016905919625392653,0.9830940803746073,0.06020239758380344,0.48976559241075346,0.24508612104403515,0.19992397640903942,0.020580614226069792,0.002705742601735522,0.2300341813907926,0.7466794617814021,1.0,0.6296643936188516,0.6404925084880161,1.9598835067835125,0.01975499215507851,1.7345586515042326,0.47688269726153887,4.643464447534391,136.7158950393469,2.7620572495834494e-11,0.0,2.4424906541753444e-15,0.0,0.0,-4.196018879576435e-11,2.871230683765269e-11,-4.3962099585681536e-11,-2.538579069177871e-11
equilibrium_sigma_2_00,109.0,99.99617875588521,2.897326768651178,0.8636983788873519,1.308,1.3134450489630796,1.3148944568802028,1.606325603976682,0.9704593586892437,-0.14766126168911642,-0.19117204157572987,-0.8636983788873519,-1.3952950256468712,-2.2589934045342233,-2.7334685229077316,1.290272136819683,-4.266869463098407,-3.1485253301837752,0.29832560397668195,0.005445048963079513,1.5893267686511778,0.013281551468161276,0.017633400641549068,0.012748458773264727,0.000748458773264727,0.0174623028848798,0.013523753747968215,0.0015237537479682144,0.0010478384726564371,0.27499532961595374,0.064122545885325,0.09074845877326473,0.04074845877326473,0.017571649089976313,0.9824283509100237,0.06127918185297315,0.48958253908499455,0.24500193279151,0.20008876398740938,0.02095623615292831,0.0028138684576212046,0.2301186407657813,0.7461112546236692,1.0,0.6289429481585079,0.6401921805044793,1.9591806248926493,0.020100815688563697,1.772280670891033,0.4873689072636633,4.63390970359215,137.70910244157443,3.15796278016478e-11,0.0,1.9984014443252818e-15,0.0,0.0,-3.391777483874314e-11,2.388047398715898e-11,-3.569065182285058e-11,-2.215068406474785e-11
equilibrium_sigma_2_00,110.0,98.99617875588521,2.9106280263415374,0.881480568749638,1.32,1.3262046751649401,1.3322904695514401,1.6198749378917214,0.9841308794015136,-0.1465949939953255,-0.20932551329657723,-0.881480568749638,-1.3455609350873667,-2.227041503837005,-2.6828015693276255,1.3015667485499105,-4.214069974130719,-3.0974314982261837,0.29987493789172137,0.0062046751649400544,1.5906280263415373,0.013321214902127398,0.017931578583690464,0.012770974100956005,0.0007709741009560046,0.017329090305980496,0.01357529198386942,0.0015752919838694195,0.0010849465381657097,0.27506355788168485,0.06519067346392542,0.09077097410095601,0.04077097410095601,0.018264398167339123,0.9817356018326608,0.06239414615171743,0.48939299515420803,0.24491489653059556,0.20025947817349313,0.021345455017142988,0.0029265093566516556,0.2302057582246654,0.74552227740154,1.0,0.6281959220783493,0.6398829999703187,1.9584533516890097,0.020458622904507687,1.8110306451104137,0.49814853267683334,4.6240382565125255,138.70198127915882,3.612787846662968e-11,-4.440892098500626e-16,2.220446049250313e-15,-1.1102230246251565e-16,0.0,1.398474704095154e-10,-1.007197936164772e-10,1.4768982391222263e-10,9.740101780675303e-11
equilibrium_sigma_2_00,111.0,97.99617875588521,2.92396971175952,0.8995627268029285,1.332,1.3389873701693533,1.3495513811240556,1.6334769645710328,0.9978611338662555,-0.14549085827837094,-0.22779205971750738,-0.8995627268029285,-1.295154043351626,-2.1947167701545545,-2.632096010306749,1.3128322760098814,-4.161156143675932,-3.046283516628979,0.3014769645710327,0.006987370169353246,1.5919697117595197,0.013362418349489313,0.018233328608335563,0.012794608607230591,0.0007946086072305909,0.017192108848414447,0.013629160358075154,0.0016291603580751539,0.0011235857100277968,0.2751351775976685,0.06627043756287046,0.0907946086072306,0.040794608607230595,0.018985191274679486,0.9810148087253205,0.06354890569771769,0.489196686031388,0.24482490081329666,0.2004363702385409,0.02174886439084758,0.0030438469842056,0.23029559107176215,0.7449116975531848,1.0,0.6274222331825291,0.6395644873065359,1.9577006896685858,0.02082890242662327,1.8508354714868556,0.5092299461516004,4.613838391102006,139.69450994174088,4.135092268597873e-11,-2.220446049250313e-16,2.886579864025407e-15,0.0,0.0,-1.4990614652377054e-10,1.1577906341986299e-10,-1.6420494651503414e-10,-1.166673077590552e-10
equilibrium_sigma_2_00,112.0,96.99617875588521,2.937353399566285,0.9179483992472717,1.344,1.3517942904698756,1.3666734481607794,1.6471340786706894,1.011652920617635,-0.14434728939486252,-0.24657577457916746,-0.9179483992472717,-1.244064172180373,-2.1620125714276446,-2.5813573676141557,1.3240675796907984,-4.10813036321632,-2.9950862387141473,0.3031340786706893,0.007794290469875564,1.5933533995662847,0.013405231559399003,0.018538598265610363,0.012819437634776408,0.0008194376347764078,0.0170514104100861,0.013685489200776502,0.0016854892007765014,0.0011638245489553611,0.27521041707508004,0.06736154271570635,0.09081943763477641,0.04081943763477641,0.019735082931640585,0.9802649170683594,0.06474515167364235,0.4889933242154808,0.24473182964246054,0.2006197032385092,0.02216708716988575,0.0031660692590220895,0.2303881961782771,0.7442786473928151,1.0000000000000002,0.6266207483786596,0.6392361263449784,1.956921596819974,0.02121216445145462,1.8917224603780125,0.5206217273109294,4.603297965364437,140.68666518079198,-3.8091974019494046e-11,-4.440892098500626e-16,3.552713678800501e-15,0.0,0.0,2.0488532398443837e-10,-1.5989989193831988e-10,2.2492277658436866e-10,1.6670003571972458e-10
equilibrium_sigma_2_00,113.0,95.99617875588521,2.9507807360604392,0.9366410774119899,1.356,1.3646266706187342,1.3836529825702943,1.6608488093267737,1.0255092036221325,-0.1431626519825826,-0.2656807215780932,-0.9366410774119899,-1.1922810998748485,-2.1289221772868383,-2.530591257817716,1.33527148317391,-4.054994978595321,-2.943844580592509,0.3048488093267736,0.008626670618734122,1.5947807360604391,0.013449728410003262,0.01884733001551587,0.01284554236193581,0.0008455423619358089,0.01690705406799778,0.013744417375338713,0.001744417375338713,0.001205735076226233,0.2752895223088964,0.06846366638817328,0.09084554236193582,0.04084554236193581,0.020515157869077042,0.9794848421309229,0.06598465498716179,0.4887826086521825,0.244635562306412,0.20080975262385783,0.022600777139001747,0.0032933704427182556,0.2304836300264552,0.743622222391825,1.0000000000000002,0.6257902811586016,0.638897361389647,1.9561149853164344,0.021608941702396644,1.933719307280863,0.5323326643808388,4.592404397409193,141.67842198527367,-3.015809824091775e-11,-2.220446049250313e-16,3.3306690738754696e-15,0.0,0.0,-2.175487949507282e-10,1.7909422209139159e-10,-2.47738265665709e-10,-1.9325932520963818e-10
equilibrium_sigma_2_00,114.0,94.99617875588521,2.964253443613168,0.9556441924773497,1.368,1.3774858294760988,1.400486359078359,1.6746238290705362,1.039433123400285,-0.14193523684654874,-0.2851109307968036,-0.9556441924773497,-1.1397945617280558,-2.0954387542054054,-2.4798033916729167,1.3464427726112151,-4.001752282178455,-2.8925635187502117,0.3066238290705361,0.009485829476098662,1.5962534436131677,0.013495987147714966,0.019159461135180297,0.01287301022861919,0.00087301022861919,0.016759106389780717,0.013806092843404727,0.0018060928434047267,0.0012493929357759725,0.275372758268543,0.06957645794612706,0.0908730102286192,0.040873010228619194,0.02132653106054852,0.9786734689394515,0.06726927025538927,0.4885642240565838,0.2445359732081228,0.2010068069220204,0.023050620658730522,0.0034259512409367276,0.23058194843584998,0.7429414796644828,1.0,0.6249295889288891,0.6385475940265346,1.9552797184244237,0.022019790412380287,1.9768540598794013,0.5443717551633582,4.581144650111568,142.6697534590545,-2.1180279752286424e-11,0.0,3.552713678800501e-15,-1.1102230246251565e-16,0.0,1.5465182606755334e-10,-1.2723519460244859e-10,1.7613671111915696e-10,1.4119597852024768e-10
equilibrium_sigma_2_00,115.0,93.99617875588521,2.977773325244208,0.9749611101876813,1.3800000000000001,1.3903731767829586,1.4171700229652713,1.6884619632347588,1.0534280088121943,-0.14066325721057127,-0.3048703942991533,-0.9749611101876813,-1.0865942518068212,-2.0615553619945026,-2.428999573290004,1.3575801962557958,-3.9484045045235856,-2.8412480873263415,0.3084619632347587,0.01037317678295846,1.597773325244208,0.013544090661933059,0.019474923636023357,0.012901935396832258,0.0009019353968322576,0.016607641783612404,0.013870673309934745,0.0018706733099347443,0.0012948776140220275,0.2754604102934311,0.07069953760425288,0.09090193539683226,0.04090193539683226,0.02217034767408306,0.9778296523259169,0.0686009399297981,0.4883378402119343,0.24443293169658123,0.20121116845100742,0.023517338409200006,0.0035640188950067657,0.23068320632443493,0.7422354363713584,1.0,0.6240373702470352,0.6381861797324997,1.954414609052192,0.022445291343764717,2.0211550803045464,0.556748207687343,4.569505216103048,143.66063068913974,-1.1007306177646115e-11,0.0,4.218847493575595e-15,0.0,0.0,-1.4945043119718449e-10,1.2792806397543544e-10,-1.764981060609072e-10,-1.4639958342832493e-10
equilibrium_sigma_2_00,116.0,92.99617875588521,2.9913422691070064,0.9945951258387153,1.3920000000000001,1.4032902197384898,1.4337004977712033,1.7023661999481976,1.0674973897655007,-0.13934484487108678,-0.32496306249886353,-0.9945951258387153,-1.0326698229338296,-2.0272649487725447,-2.3781856992200083,1.3686824640503976,-3.894953805774618,-2.7899033752339313,0.3103661999481975,0.011290219738489649,1.5993422691070063,0.013594126882857244,0.01979364418842926,0.012932419276107977,0.0009324192761079771,0.016452742883943473,0.013938326924867184,0.0019383269248671835,0.0013422726807821306,0.2755527856851757,0.0718324953210376,0.09093241927610798,0.04093241927610798,0.023047782934494936,0.9769522170655051,0.06998169866326885,0.4881031112272443,0.24432630189371357,0.20142315405909017,0.024001687257229103,0.003707787261663512,0.23078745774508244,0.7415030677360249,1.0,0.6231122618956098,0.6378124242015307,1.9535184173465956,0.022886050847161023,2.066651001968856,0.5694714406315778,4.557472103554631,144.65102259542743,1.1102230246251565e-16,0.0,5.551115123125783e-15,0.0,0.0,1.3816659621967986e-11,-1.1718317288744728e-11,1.6290080395719997e-11,1.375891414689967e-11
equilibrium_sigma_2_00,117.0,91.99617875588521,3.004962254245653,1.0145494583978356,1.4040000000000001,1.416238571202157,1.4500743942724688,1.7163397010909898,1.0816450107312303,-0.13797804582357442,-0.34539283962725453,-1.0145494583978356,-0.9780108873571927,-1.9925603457550283,-2.327367757236563,1.3797482472752278,-3.8414022656961486,-2.7385345227247537,0.31233970109098963,0.012238571202156878,1.6009622542456527,0.01364618899255933,0.02011554406613219,0.012964571024361722,0.0009645710243617218,0.016294500892624637,0.014009232958134277,0.0020092329581342765,0.001391665973571321,0.27565021522533856,0.07297488975181149,0.09096457102436173,0.040964571024361726,0.023960041894056504,0.9760399581059435,0.07141367784844319,0.48785967476576464,0.2442159425237158,0.20164309596063998,0.024504462213647986,0.0038574768818396294,0.23089475529895684,0.7407433056055556,1.0,0.622152835841543,0.6374255794290052,1.952589848383125,0.023342701944808947,2.1133706800637104,0.5825510828104818,4.545030818977491,145.64089579050406,0.0,2.220446049250313e-16,5.10702591327572e-15,0.0,0.0,1.3200175327798824e-10,-1.1061342813922792e-10,1.552740800520036e-10,1.3314832222888207e-10
equilibrium_sigma_2_00,118.0,90.99617875588521,3.0186353553259675,1.0348272457474228,1.416,1.4292199568246848,1.4662884184952294,1.730385813619859,1.0958748453168505,-0.13656081608471515,-0.3661635803498524,-1.0348272457474228,-0.922607015439878,-1.9574342611873008,-2.2765518251814805,1.3907761782696277,-3.7877518741633462,-2.6871467180529254,0.3143858136198592,0.013219956824684909,1.6026353553259676,0.013700375979184748,0.020440539091920278,0.012998508179846942,0.0009985081798469415,0.016133016031594866,0.014083582670076922,0.0020835826700769215,0.0014431499328892983,0.2757530550904453,0.07412624706992242,0.09099850817984695,0.040998508179846946,0.024908359096005053,0.9750916409039949,0.07289911041803163,0.4876071512289346,0.24410170673928275,0.20187134255299577,0.025026498516181023,0.004013315032520341,0.2310051504535151,0.7399550359977835,0.9999999999999999,0.6211575960199187,0.6370248394746278,1.9516275498349025,0.02381590546390016,2.1613431359045285,0.5959969728244372,4.5321663538116495,146.63021440074152,0.0,-4.440892098500626e-16,5.551115123125783e-15,0.0,0.0,-1.7083800173123276e-10,1.4653906560413432e-10,-2.0801501146583412e-10,-1.8160052628335421e-10
equilibrium_sigma_2_00,119.0,89.99617875588521,3.032363749404183,1.0554315384925779,1.428,1.4422362247266185,1.4823393817810846,1.7445080821676924,1.1101911117377792,-0.13509101672207025,-0.3872790850551082,-1.0554315384925779,-0.8664477353546283,-1.9218792738472061,-2.2257440692505153,1.401764850219076,-3.7340045195070903,-2.6357451932113665,0.31650808216769244,0.014236224726618563,1.604363749404183,0.013756792847385652,0.020768539612484333,0.01303435722854137,0.0010343572285413695,0.015968397902811522,0.014161580064175894,0.0021615800641758935,0.001496821790958336,0.27586168857133747,0.07528605990937962,0.09103435722854138,0.041034357228541374,0.025893998138096303,0.9741060018619037,0.07444033581655367,0.4873451429111859,0.24398344195335556,0.2021082593745175,0.025568673812184688,0.004175535766217693,0.23111869276801816,0.7391370976535795,0.9999999999999999,0.620124975002909,0.6366093359630305,1.950630109463211,0.024306351184906268,2.2105974936480153,0.6098191573493079,4.518863165971856,147.61893991074203,2.220446049250313e-16,-2.220446049250313e-16,6.217248937900877e-15,0.0,0.0,3.0821312516082777e-10,-2.5935882955185896e-10,3.737652271018632e-10,3.2932956708919825e-10
equilibrium_sigma_2_00,120.0,88.99617875588521,3.0461497214742086,1.0763652951314084,1.44,1.455289353871458,1.4982242096069207,1.7587102620604553,1.1245982895133828,-0.1335664091239539,-0.4087430965375578,-1.0763652951314084,-0.8095225303798075,-1.885887825511216,-2.174950742493113,1.4127128170327654,-3.680161977553455,-2.5843352199262,0.3187102620604554,0.015289353871458022,1.6061497214742086,0.013815551239858517,0.021099450473236456,0.013072254326144915,0.0010722543261449148,0.01580076597982706,0.014243442865158329,0.0022434428651583287,0.0015527839447582181,0.2759765282610452,0.07645378614690944,0.09107225432614492,0.04107225432614492,0.02691825111051221,0.9730817488894878,0.07603980526038082,0.48707323310573525,0.24386098966917208,0.20235423003902414,0.026131910483209356,0.004344379928677174,0.23123543020838216,0.7382882793797313,1.0,0.6190533304755448,0.636178133216483,1.949596052580623,0.024814759041245783,2.261162909521489,0.6240278896023843,4.5051051659476755,148.60703096254335,0.0,-4.440892098500626e-16,6.217248937900877e-15,-1.1102230246251565e-16,0.0,-3.213231451748566e-10,2.7410223049639804e-10,-4.0305345172519935e-10,-3.5854085325692786e-10
equilibrium_sigma_2_00,121.0,87.99617875588521,3.0599956718224606,1.0976313760896699,1.452,1.4683814647342546,1.5139399522425316,1.7729963336420513,1.139101137224835,-0.13198464953037714,-0.43055929560008765,-1.0976313760896699,-0.7518208368030086,-1.8494522128926785,-2.1241781826887878,1.4236185932973515,-3.6262258985619744,-2.5329221046713912,0.3209963336420514,0.016381464734254614,1.6079956718224606,0.013876769785722082,0.021433171023049074,0.013112345980989475,0.0011123459809894744,0.015630250029508956,0.014329403444923727,0.002329403444923727,0.0016111442247002117,0.27609801812421053,0.07762884778624797,0.09111234598098948,0.04111234598098948,0.02798243792123018,0.9720175620787698,0.07770008719192077,0.48679098517737346,0.24373418531782107,0.20260965730576003,0.02671717808359657,0.004520095160263249,0.23135540855996042,0.7374073181961798,1.0,0.617940941581413,0.6357302230834967,1.9485238394450572,0.025341880334990345,2.313068492276754,0.6386336265031676,4.490875698778454,149.59444317107415,-4.440892098500626e-16,0.0,7.549516567451064e-15,0.0,0.0,2.957697628480638e-10,-2.4592631750475213e-10,3.688567576376478e-10,3.296625993021163e-10
equilibrium_sigma_2_00,122.0,86.99617875588521,3.0739041230971034,1.1192325383993849,1.464,1.4815148298049747,1.5294837950823226,1.7873705173888448,1.15370471159224,-0.13034328348296498,-0.4527312973689548,-1.1192325383993849,-0.6933320401390923,-1.8125645785384772,-2.0734328102111315,1.4344806543287092,-3.572197793989493,-2.481511183574101,0.3233705173888448,0.017514829804974763,1.6099041230971034,0.013940574664572714,0.021769595129411255,0.013154789842101632,0.0011547898421016313,0.015456990609290577,0.014419709876145603,0.002419709876145603,0.0016720162554495488,0.27622663588515645,0.07881062975571317,0.09115478984210164,0.041154789842101636,0.02908790548672401,0.970912094513276,0.07942387300908606,0.4864979415884554,0.24360285809919882,0.20287496418060022,0.027325495925712477,0.0047029358733432945,0.2314786713441949,0.7364928968567493,0.9999999999999999,0.6167860050839122,0.6352645193827879,1.9474118625607406,0.025888498990375174,2.3663432144608745,0.6536470254801947,4.476157528111137,150.5811289110486,4.440892098500626e-16,0.0,7.993605777301127e-15,0.0,0.0,-3.1585063037242733e-10,2.63865186644896e-10,-4.0709399566629667e-10,-3.6491873238453376e-10
equilibrium_sigma_2_00,123.0,85.99617875588521,3.087877727930375,1.1411714304212899,1.476,1.494691884855063,1.5448530694321185,1.8018372901141928,1.1684143879062225,-0.12863973991235667,-0.475262647713963,-1.1411714304212899,-0.6340454703123624,-1.7752169007336522,-2.0227211256914317,1.4452974363242062,-3.5180790223285765,-2.43010781690258,0.3258372901141928,0.018691884855063012,1.6118777279303749,0.014007100222904786,0.022108611211933592,0.013199755544569737,0.0011997555445697368,0.015281139588365824,0.014514627076911424,0.0025146270769114236,0.0017355198445034858,0.27636289558960525,0.07999847868421725,0.09119975554456974,0.04119975554456974,0.030236026784898257,0.9697639732151018,0.08121398305385265,0.48619362288084506,0.24346683082996132,0.20315059509562994,0.027957935810892048,0.004893163204980813,0.2316052597666887,0.7355436412174385,1.0,0.6155866313539187,0.6347798519603042,1.9462584439042363,0.02645543283518922,2.421015813499,0.6690789404868073,4.460932820036277,151.56703709105255,-2.220446049250313e-16,4.440892098500626e-16,8.43769498715119e-15,0.0,0.0,1.1950495454327026e-10,-9.673416234701193e-11,1.5287970542288143e-10,1.3720066055489255e-10
equilibrium_sigma_2_00,124.0,84.99617875588521,3.1019192780007416,1.1634505858726907,1.488,1.5079152422006645,1.5600452648311636,1.8164014025541206,1.183235881811755,-0.12687132456563743,-0.498156819023021,-1.1634505858726907,-0.5739503967199233,-1.737400982592614,-1.9720497069432579,1.4560673366050907,-3.4638707728869624,-2.3787173824695937,0.32840140255412065,0.01991524220066454,1.6139192780007416,0.01407648941312993,0.022450102307760993,0.013247425559123581,0.0012474255591235807,0.015102860635520217,0.014614437940929648,0.0026144379409296474,0.001801781330801333,0.2765073501791624,0.08119170175119936,0.09124742555912359,0.041247425559123585,0.03142819977979782,0.9685718002202022,0.08307337282936159,0.48587752661900857,0.2433259198033334,0.20343701721732507,0.028615624900458905,0.005091044946707182,0.23173521199928934,0.7345581181535445,1.0,0.6143408402043277,0.6342749603742943,1.94506183210347,0.027043534895213352,2.4771146819152308,0.6849404167862791,4.445183124338543,152.55211293220043,-1.1102230246251565e-15,-2.220446049250313e-16,8.659739592076221e-15,0.0,0.0,2.7590802906263256e-11,-2.1600440186508862e-11,3.501967986430099e-11,3.1429692182172175e-11
equilibrium_sigma_2_00,125.0,83.99617875588521,3.1160317120226604,1.1860724193428234,1.5,1.5211877026815044,1.5750580399410046,1.8310678977508492,1.198175272811002,-0.1250352135644206,-0.5214172075466506,-1.1860724193428234,-0.5130360202784527,-1.6991084396212761,-1.9214252065001638,1.4667887139968674,-3.4095740504414334,-2.3273452696163472,0.3310678977508492,0.021187702681504383,1.6160317120226604,0.014148894717567848,0.022793946136754933,0.013297996223254331,0.0012979962232543309,0.014922329852903584,0.014719444741961851,0.002719444741961851,0.0018709341076394992,0.27666059461592224,0.08238956533871017,0.09129799622325434,0.041297996223254335,0.03266584617130181,0.9673341538286981,0.0850051395539806,0.4855491262758233,0.2431799346553198,0.20373472175765417,0.029299748770775885,0.0052968554374535765,0.23186856374187806,0.7335348320498924,1.0,0.6130465564988329,0.6337484870893901,1.9438201995087905,0.02765369473039111,2.534667745357424,0.7012426855843839,4.428889360533871,153.5362976966745,4.440892098500626e-16,0.0,9.547918011776346e-15,0.0,0.0,-1.6397275898194508e-10,1.2741473501276523e-10,-2.146328392793606e-10,-1.9187253348651456e-10
equilibrium_sigma_2_00,126.0,82.99617875588521,3.130218126794289,1.2090392199715907,1.512,1.5345122717073545,1.5898892367621855,1.8458421313981594,1.2132390291881254,-0.12312844574908399,-0.5450471289362055,-1.2090392199715907,-0.4512914665818457,-1.6603306865534364,-1.8708543475338444,1.4774598892836914,-3.3551896558444403,-2.275996870988678,0.33384213139815944,0.02251227170735448,1.618218126794289,0.01422447852341864,0.023140015221097147,0.01335167868498268,0.0013516786849826802,0.014739736275450574,0.014829970377272517,0.0028299703772725164,0.001943118970171298,0.2768232687423718,0.08359129391912723,0.09135167868498269,0.041351678684982685,0.033950410031685856,0.9660495899683141,0.08701252890279611,0.48520787008652466,0.2430286782517003,0.20404422550828993,0.030011554605628918,0.005510875435384421,0.23200534700422806,0.7324722229547587,1.0,0.6117016056351265,0.6331989703087499,1.9425316392620013,0.028286839759244467,2.593702328191718,0.7179971566347313,4.412031797042706,154.51952845136864,4.440892098500626e-16,-4.440892098500626e-16,9.325873406851315e-15,-1.1102230246251565e-16,0.0,4.321701104620379e-10,-3.2302723343424766e-10,5.603996624387042e-10,4.997359592112671e-10
equilibrium_sigma_2_00,127.0,81.99617875588521,3.144481786275679,1.2323531473849911,1.524,1.5478921728725659,1.6045368923215235,1.860729792907267,1.2284340349795417,-0.12114791541089032,-0.5690498161304554,-1.2323531473849911,-0.3887057749665481,-1.6210589223515393,-1.820343920994187,1.4880791458341025,-3.3007181686283946,-2.224677575588173,0.336729792907267,0.023892172872565842,1.620481786275679,0.014303414244634355,0.023488176993355984,0.013408700106608627,0.001408700106608627,0.014555282590997655,0.014946359988554647,0.002946359988554647,0.0020184847338011735,0.27699606092911705,0.08479606863206109,0.09140870010660863,0.04140870010660863,0.0352833562348769,0.9647166437651231,0.08909894213073212,0.48485317983777554,0.2428719465844103,0.2043660723412316,0.030752354601371358,0.0057333919414585734,0.23214559091181272,0.7313686625453573,1.0,0.6103037087724095,0.6326248362322214,1.9411941622489113,0.028943936626219156,2.654245004408135,0.7352154109618404,4.394590038126248,155.50173775907675,0.0,-4.440892098500626e-16,9.769962616701378e-15,0.0,0.0,-4.512513175625177e-10,3.320894947922426e-10,-6.028670097857347e-10,-5.333951492297873e-10
equilibrium_sigma_2_00,128.0,80.99617875588521,3.158826134059701,1.2560162257788603,1.536,1.5613308660674978,1.6189992539906133,1.8757369287023493,1.2437676186009672,-0.11909036365999803,-0.5934284154176124,-1.2560162257788603,-0.3252678884234954,-1.5812841142023557,-1.7699007808766898,1.498644730301057,-3.2461599250091124,-2.1733927592789,0.3397369287023493,0.025330866067497793,1.622826134059701,0.014385886851405294,0.023838293965463317,0.013469304778952439,0.0014693047789524384,0.014369185715642125,0.015068982465171743,0.0030689824651717428,0.0020971887082499308,0.27717971145137105,0.08600302612568941,0.09146930477895245,0.04146930477895244,0.03666616877268896,0.9633338312273111,0.09126794339126702,0.48448444962348464,0.24270952869498025,0.2047008349629983,0.03152352952628476,0.005964697998029833,0.23228932057929963,0.7302224518963858,1.0,0.6088504779278511,0.632024390913543,1.939805694066129,0.029625992545864135,2.7163214341818573,0.7529091913357016,4.376543003446731,156.48285340784776,-8.881784197001252e-16,-2.220446049250313e-16,1.021405182655144e-14,-1.1102230246251565e-16,0.0,5.282870078893165e-10,-3.720179199417917e-10,6.98183365288596e-10,6.149745469807844e-10
equilibrium_sigma_2_00,129.0,79.99617875588521,3.173254804713376,1.2800303396541848,1.548,1.5748320642701907,1.633274793198153,1.890869966641224,1.2592475837101642,-0.11695236987166746,-0.618185984226318,-1.2800303396541848,-0.2609666400375308,-1.5409969796917156,-1.7195318403249993,1.5091548534929489,-3.19151499688076,-2.1221477760324152,0.34286996664122404,0.026832064270190692,1.625254804713376,0.014472093970442787,0.024190223898057448,0.013533755460649895,0.0015337554606498945,0.014181677546328215,0.015198232221624863,0.003198232221624863,0.0021793973259409682,0.2773750165474239,0.08721125716065184,0.0915337554606499,0.0415337554606499,0.038100348865179975,0.96189965113482,0.09352326741304771,0.48410104453978187,0.24254120661671202,0.20504911669186693,0.03232653249964409,0.0062050924353547225,0.23243655745549,0.7290318176095112,1.0,0.6073394108332579,0.6313958115243492,1.9383640719100284,0.030334056667097868,2.7799561833991278,0.7710903923714464,4.357868913476812,157.4627980817051,-1.3322676295501878e-15,0.0,1.0880185641326534e-14,0.0,0.0,-5.71242999083954e-10,3.9289820355503657e-10,-7.770647042493195e-10,-6.76911787039769e-10
equilibrium_sigma_2_00,130.0,78.99617875588521,3.1877716370438938,1.3043972290468737,1.56,1.5883997528864773,1.64736222094611,1.9061357424870522,1.274882242182936,-0.11473034219565159,-0.6433254884533528,-1.3043972290468737,-0.19579073836457717,-1.5001879674114509,-1.66924406680221,1.5196076913598013,-3.1367831680059384,-2.0709479477165353,0.34613574248705214,0.028399752886477225,1.6277716370438937,0.014562246824306471,0.024543820011151223,0.013602334751035929,0.0016023347510359283,0.01399300568723703,0.01533453101942861,0.0033345310194286097,0.002265286774827402,0.27758283257889677,0.08841980529964938,0.09160233475103594,0.04160233475103593,0.039587412920072514,0.9604125870799275,0.09586882743897258,0.4837022993353746,0.2423667553470681,0.20541155342674167,0.03316289296534406,0.0064548795778732295,0.2325873189796638,0.7277949084771189,1.0,0.6057678856158882,0.6307371371065498,1.9368670414621425,0.031069221418767563,2.845172525825052,0.7897710488941724,4.338545272276852,158.44148903428672,0.0,2.220446049250313e-16,1.1324274851176597e-14,-1.1102230246251565e-16,0.0,3.3406591035123334e-10,-2.1873453048826264e-10,4.489442879951344e-10,3.8872669146094996e-10
equilibrium_sigma_2_00,131.0,77.99617875588521,3.2023806887181725,1.3291184847293447,1.572,1.6020382110766598,1.6612605045528177,1.9215415283776323,1.2906804494039334,-0.11242050728608888,-0.6688497998072493,-1.3291184847293447,-0.1297287510966212,-1.4588472358259659,-1.6190444765254006,1.5300013861008384,-3.0819639079100023,-2.0197985526696156,0.3495415283776322,0.030038211076659715,1.6303806887181724,0.014656571141866442,0.024898931231670942,0.013675346547060992,0.0016753465470609914,0.013803434197142694,0.015478329934426327,0.0034783299344263267,0.002355043666746326,0.27780408044563937,0.08962766562582279,0.091675346547061,0.041675346547060996,0.04112889033638773,0.9588711096636122,0.09830872344496777,0.48328751701435546,0.24218594285358952,0.20578881578666872,0.034034220875566915,0.006714368905068026,0.2327416178990158,0.7265097923203494,1.0000000000000002,0.6041331552918715,0.6300462587759176,1.935312253773791,0.03183262383256148,2.91199222663048,0.8089633227839302,4.318548849621256,159.41883775153477,-6.661338147750939e-16,0.0,1.176836406102666e-14,0.0,0.0,-2.5652492109673464e-10,1.6271535507872414e-10,-3.5449435227541404e-10,-3.0276028906151e-10
equilibrium_sigma_2_00,132.0,76.99617875588521,3.2170862501975757,1.3541955448927752,1.584,1.615752032134683,1.6749688830464053,1.937095062890976,1.3066516422772778,-0.1100188998932603,-0.6947616946952533,-1.3541955448927752,-0.06276908516726953,-1.4169646300600447,-1.5689401298764514,1.5403340474685243,-3.027056346475396,-1.9687048150193316,0.3530950628909759,0.03175203213468292,1.6330862501975756,0.014755308651123178,0.0252554024439556,0.013753117738086275,0.0017531177380862746,0.013613244513772526,0.015630111590558826,0.003630111590558826,0.0024488658811883113,0.2780397507214736,0.09083378322136107,0.09175311773808628,0.04175311773808628,0.04272632108186862,0.9572736789181314,0.10084725070769117,0.4828559673796925,0.24199853011326056,0.20618161132097662,0.034942211119463246,0.006983874645856981,0.23289946305552486,0.7251744511791549,1.0,0.6024323420258468,0.6293209092583527,1.9336972621208013,0.032625446854689835,2.980435304092527,0.8286794889913657,4.297855668614789,160.39474955797823,-8.881784197001252e-16,-2.220446049250313e-16,1.1546319456101628e-14,0.0,0.0,-8.589946635939594e-11,5.160479335519774e-11,-1.1713212517971971e-10,-9.931373431970592e-11
equilibrium_sigma_2_00,133.0,75.99617875588521,3.2318928630245103,1.3796296900508842,1.596,1.6295461498727029,1.6884868871482837,1.9528045841680055,1.3228058796565927,-0.10752135062714707,-0.7210638513395646,-1.3796296900508842,0.005100033296096651,-1.3745296567547876,-1.5189381239792215,1.5506037541110422,-2.9720592420459386,-1.9176718902209184,0.3568045841680054,0.03354614987270277,1.6358928630245102,0.014858717814890551,0.025613074822690176,0.013835999815247725,0.0018359998152477248,0.013422736209334712,0.01579039230037438,0.003790392300374378,0.002546963236982336,0.2782909085310537,0.09203705201110472,0.09183599981524773,0.04183599981524773,0.0443812531978755,0.9556187468021244,0.10348890856789611,0.4824068855434577,0.24180427120215667,0.20659068707143605,0.03588864815323506,0.007263715340090016,0.2330608576372273,0.7237867788694476,1.0,0.6006624312595096,0.6285586519410192,1.932019518941958,0.03344892058725532,3.0505197716400314,0.8489319187416466,4.2764409848270235,161.3691232695012,-1.1102230246251565e-15,-6.661338147750939e-16,1.176836406102666e-14,-1.1102230246251565e-16,0.0,5.336676899003745e-10,-3.032204348718537e-10,7.180597210582063e-10,6.042101419884149e-10
equilibrium_sigma_2_00,134.0,74.99617875588521,3.2468053352470396,1.4054220408671136,1.608,1.6434258611364294,1.7018143553281027,1.9686788643147084,1.3391538860943066,-0.10492347424042658,-0.7477588498851808,-1.4054220408671136,0.07389058424301997,-1.3315314566240937,-1.4690455880204407,1.560808555193293,-2.916970953313718,-1.8667048533357713,0.3606788643147083,0.035425861136429315,1.6388053352470395,0.01496707578674783,0.025971786135287653,0.013924370898786141,0.001924370898786141,0.013232228100809788,0.01595972475065821,0.0039597247506582105,0.002649558569212118,0.27855869969329133,0.09323631307829926,0.09192437089878615,0.041924370898786145,0.04609524000397475,0.9539047599960253,0.10623840958787152,0.4819394703700618,0.24160291342661666,0.20701683210874153,0.03687541091455056,0.007554213305788819,0.23322580073169571,0.7223445750479648,1.0,0.598820265576126,0.6277568691224702,1.9302763727518852,0.03430432350932336,3.1222613528945953,0.8697330625649351,4.254279277950786,162.34185073950886,-2.4424906541753444e-15,0.0,1.176836406102666e-14,0.0,0.0,-5.958901497238323e-10,3.239801170396017e-10,-8.228447888336543e-10,-6.810533491330428e-10
equilibrium_sigma_2_00,135.0,73.99617875588521,3.261828762796002,1.4315735536216805,1.62,1.6573968564418593,1.714951456071808,1.9847272476098843,1.3557070983391102,-0.10222065547125925,-0.7748491701335614,-1.4315735536216805,0.1436147790853295,-1.287958774536351,-1.4192696746135725,1.570946472000507,-2.8617894023685144,-1.81580868210433,0.3647272476098842,0.037396856441859194,1.6418287627960018,0.015080679270464123,0.02633137115097838,0.01401863761230824,0.002018637612308239,0.013042059104723213,0.01613870047378896,0.004138700473788958,0.002756888519694911,0.2788443564009341,0.0944303535163467,0.09201863761230825,0.04201863761230824,0.04786983728843025,0.9521301627115697,0.10910068886853418,0.48145288289234917,0.2413941975196547,0.20746088053424333,0.037904477950449,0.007855694077224232,0.23339428529400968,0.720845542678317,1.0,0.596902538458082,0.626912749784299,1.9284650651956023,0.035192983591468885,3.1956731751497145,0.8910954297923517,4.23134423131043,163.3128164786931,-2.4424906541753444e-15,0.0,1.199040866595169e-14,-1.1102230246251565e-16,0.0,8.950994286049951e-10,-4.578672961608188e-10,1.218444336745228e-09,9.999992379300382e-10
equilibrium_sigma_2_00,136.0,72.99617875588521,3.276968548220179,1.4580850184419214,1.6320000000000001,1.6714652471000349,1.7278987064765363,2.0009596903542097,1.3724777155844041,-0.09940803526226083,-0.8023371920831328,-1.4580850184419214,0.21428509122783024,-1.2437999272140912,-1.3696175539019357,1.5810154998258668,-2.8065120412388804,-1.764988242642964,0.3689596903542096,0.03946524710003474,1.644968548220179,0.015199846603902237,0.026691662022639888,0.014119237400824207,0.0021192374008242067,0.012852589460028875,0.01632795290307243,0.004327952903072429,0.0028692047404632604,0.27914920424492184,0.0956179047503964,0.09211923740082421,0.04211923740082421,0.049706600199504694,0.9502933998004953,0.11208091371810357,0.4809462446679224,0.24117785789539672,0.20792371449326652,0.0389779328415097,0.00816848573703235,0.2335662993568728,0.7192872820645851,1.0,0.5949057878088705,0.62602327653098,1.9265827281419485,0.03611627934961968,3.270765431943179,0.9130315675987365,4.207608724273938,164.2818971676956,-2.6645352591003757e-15,-2.220446049250313e-16,1.199040866595169e-14,-1.1102230246251565e-16,0.0,-9.544895845925438e-10,4.6288730487509255e-10,-1.3323498224832031e-09,-1.07384677018596e-09
equilibrium_sigma_2_00,137.0,71.99617875588521,3.2922304240699023,1.4849570563427563,1.6440000000000001,1.6856375986018974,1.7406569952997901,2.0173868045447394,1.3894787531368236,-0.09648049487694021,-0.8302251952617024,-1.4849570563427563,0.285914288413609,-1.1990427679291473,-1.3200964048987012,1.591013609883865,-2.751135811465004,-1.7142482712058034,0.37338680454473927,0.04163759860189731,1.6482304240699022,0.015324919202545376,0.027052488753114015,0.014226640831314565,0.0022266408313145643,0.012664201820825095,0.01652816038921756,0.004528160389217561,0.002986774955138216,0.2794746691858017,0.0967976412027841,0.09222664083131457,0.04222664083131457,0.05160708008803799,0.9483929199119621,0.11518449350223821,0.4804186361046195,0.24095362298149267,0.2084062676147676,0.04009796987643943,0.008492918197300164,0.23374182494913606,0.7176672869771243,1.0,0.5928263893535003,0.6250852119483681,1.9246263809441613,0.03707564077006016,3.347545019205399,0.9355540368270071,4.183044817346497,165.24896120961228,-2.4424906541753444e-15,4.440892098500626e-16,1.2656542480726785e-14,-1.1102230246251565e-16,0.0,7.474012294478305e-10,-3.391415308307e-10,1.0275965217632077e-09,8.207601195908687e-10
equilibrium_sigma_2_00,138.0,70.99617875588521,3.3076204769488027,1.5121901173235242,1.6560000000000001,1.6999209650814406,1.7532276060419218,2.0340199044637854,1.4067241001054933,-0.09343263919147504,-0.8585153591092787,-1.5121901173235242,0.3585154689781833,-1.1536746483453408,-1.270713407079159,1.600938751382357,-2.695657102274532,-1.6635933555179068,0.3780199044637853,0.0439209650814405,1.6516204769488025,0.015456263420078623,0.02741367968648996,0.014341354166487456,0.002341354166487456,0.012477302517549884,0.01674004953988728,0.00474004953988728,0.0031098841990484516,0.2798222853529923,0.09796817881001846,0.09234135416648746,0.04234135416648746,0.05357282117816534,0.9464271788218347,0.11841708973172027,0.47986909474560757,0.24072121563338753,0.20890952867747065,0.04126690001343286,0.008829322390855808,0.23392083778283196,0.7159829398128794,1.0,0.5906605498797474,0.6240950842251113,1.9225929278532354,0.038072550106819716,3.426015139526534,0.9586753859962655,4.157623741973066,166.21386823761966,-3.774758283725532e-15,-4.440892098500626e-16,1.176836406102666e-14,0.0,0.0,-7.665693114999872e-10,3.2641465919081014e-10,-1.0799985836196235e-09,-8.460298520779341e-10
equilibrium_sigma_2_00,139.0,69.99617875588521,3.3231451723147054,1.5397844795387916,1.668,1.7143229246262954,1.765612239906151,2.050871056436556,1.4242285814517963,-0.09025877909072988,-0.8872097644118377,-1.5397844795387916,0.43210210218253975,-1.1076823773562519,-1.2214757326232164,1.6107888537801052,-2.6400717076171,-1.6130279160091734,0.3828710564365563,0.0463229246262955,1.6551451723147055,0.01559427293270263,0.027775062019278204,0.014463922238451728,0.0024639222384517274,0.012292323005180985,0.016964399016661247,0.004964399016661247,0.0032388363246926843,0.28019370375288405,0.09912807335518978,0.09246392223845173,0.04246392223845173,0.05560535704575098,0.944394642954249,0.12178462635577644,0.479296613519518,0.24048035364141115,0.20943454552414134,0.042487157134357856,0.009178029360063657,0.23410330801206472,0.7142315054935137,0.9999999999999998,0.5884043003416297,0.6230491720082054,1.9204791556266931,0.03910854252401236,3.5061748714027106,0.9824081232236175,4.131315895516477,167.1764685756886,-4.218847493575595e-15,0.0,1.176836406102666e-14,0.0,0.0,1.5500070844887137e-10,-6.13869753640639e-11,2.1494482582706809e-10,1.667969911495204e-10
equilibrium_sigma_2_00,140.0,68.99617875588521,3.338811385097989,1.5677402473743562,1.68,1.7288516227660335,1.7778130443226987,2.0679531334005787,1.4420080243555857,-0.08695291117240544,-0.9163103935797992,-1.5677402473743562,0.5066880715427189,-1.0610521758316374,-1.1723905348701276,1.6205618289677124,-2.5843747740273635,-1.5625561817132367,0.3879531334005788,0.04885162276603361,1.6588113850979889,0.01573937027082889,0.028136462417821792,0.014594931317605232,0.002594931317605232,0.012109721158109845,0.017202043181008264,0.005202043181008264,0.003373955254071248,0.2805907009624401,0.10027581926739669,0.09259493131760524,0.042594931317605236,0.05770620715734987,0.9422937928426501,0.12529330016754697,0.47870013897151703,0.24023075034661018,0.20998242953297008,0.043761304576645586,0.009539369294186199,0.23428919791475475,0.7124101282144134,1.0,0.5860534888877436,0.6219434886860241,1.9182817314147627,0.04018520653561088,3.588018708239309,1.0067646844112166,4.104090827814167,168.13660275204825,-6.661338147750939e-15,-4.440892098500626e-16,1.0658141036401503e-14,0.0,0.0,4.642722976899716e-10,-1.707225263936074e-10,6.338713894049608e-10,4.872355453128252e-10
equilibrium_sigma_2_00,141.0,67.99617875588521,3.3546264266980437,1.5960573526097717,1.692,1.7435158107978195,1.7898326364970074,2.0852798718767778,1.4600793299498858,-0.08350869792834459,-0.9458191339604269,-1.5960573526097717,0.5822877236620725,-1.0137696289476992,-1.1234649413301263,1.630255573837689,-2.5285607539992414,-1.512182170447882,0.3932798718767778,0.05151581079781953,1.6626264266980437,0.01589201016714438,0.02849770758336973,0.014735012639596791,0.0027350126395967907,0.011929983111189792,0.017453876701711835,0.005453876701711834,0.0035155869049230404,0.28101518981696,0.10140984763824258,0.0927350126395968,0.042735012639596795,0.05987687303431167,0.9401231269656883,0.12894959136799775,0.4780785694674404,0.23997211537181412,0.21055436013557027,0.04509204197956116,0.009913670399754748,0.2344784643494301,0.7105158232712541,1.0,0.5836037737834414,0.6207737657375397,1.9159972009189397,0.041304184236997325,3.67153605181212,1.0317574005197947,4.07591724707006,169.09410087063722,-6.8833827526759706e-15,-2.220446049250313e-16,1.0436096431476471e-14,0.0,0.0,-7.091681165916075e-10,2.406728427661875e-10,-9.90753578136716e-10,-7.460593705321816e-10
equilibrium_sigma_2_00,142.0,66.99617875588521,3.3705980819440957,1.6247355533014611,1.704,1.7583248979292179,1.8016741366459486,2.102865935511365,1.478460549954945,-0.07991944365448678,-0.9757377787648776,-1.6247355533014611,0.6589159205350885,-0.9658196327663726,-1.074706039752791,1.6398679725540877,-2.47262334387419,-1.4619096597276158,0.39886593551136484,0.05432489792921791,1.6665980819440958,0.016052681103436814,0.028858624986644068,0.014884845735273648,0.002884845735273648,0.01175362470864976,0.017720858753733637,0.005720858753733637,0.0036641006317950087,0.28146922950082925,0.1025285251884311,0.09288484573527366,0.04288484573527365,0.06211883469867317,0.9378811653013268,0.13276027414786884,0.4774307533948623,0.2397041554884121,0.21115159018302232,0.04648221241516441,0.01030125775170514,0.23467105523604745,0.708545474597083,0.9999999999999999,0.5810506163209278,0.6195354356372486,1.913621986935656,0.0424671712639077,3.7567106764715668,1.057398459563991,4.046763007446803,170.04878210986,-7.549516567451064e-15,0.0,1.1102230246251565e-14,0.0,0.0,1.4307703875837685e-09,-4.4767813414670066e-10,1.967035074754153e-09,1.467018655859631e-09
equilibrium_sigma_2_00,143.0,65.99617875588521,3.386734640945867,1.6537744362347875,1.716,1.7732889963342446,1.8133411947456097,2.1207269811191143,1.497170969562654,-0.07617807121683384,-1.006068031447965,-1.6537744362347875,0.7365880975090526,-0.9171863387257349,-1.0261208702403282,1.6493968992865717,-2.416555429486423,-1.4117421634788139,0.4047269811191143,0.05728899633424467,1.6707346409458672,0.016221909190282158,0.029219043525633107,0.015045162600055569,0.0030451626000555683,0.011581193663639947,0.01800401841167698,0.0060040184116769806,0.003819891514211804,0.2819550381819866,0.10363015221871584,0.09304516260005558,0.04304516260005557,0.06443354668505853,0.9355664533149415,0.13673242727988427,0.4767554873624197,0.23942657563038838,0.21177545132732525,0.047934809823457464,0.010702451938815362,0.23486691217604536,0.7064958260616818,1.0,0.5783892737224775,0.6182236138043453,1.9111523883149253,0.04367591645406499,3.8435201402012145,1.0836998678836678,4.016595122346964,171.000454043326,-9.325873406851315e-15,0.0,1.021405182655144e-14,0.0,0.0,-1.5060669759925371e-09,4.28607784680457e-10,-2.1178463462112607e-09,-1.5463975343299463e-09
equilibrium_sigma_2_00,144.0,64.99617875588521,3.4030449407715166,1.683173417782796,1.728,1.7884189796693286,1.8248380263484067,2.1388797319501878,1.5162311962620707,-0.07227709440245889,-1.0368115083420046,-1.683173417782796,0.815320326259863,-0.867853091522933,-0.9777164110119843,1.6588402206205524,-2.3603490166293293,-1.3616828998697026,0.4108797319501878,0.06041897966932863,1.6750449407715167,0.016400260498029548,0.02957879434481304,0.015216751777223793,0.0032167517772237926,0.01141327140547805,0.01830445973904915,0.00630445973904915,0.003983382211858455,0.28247500538552667,0.10471296143332541,0.0932167517772238,0.0432167517772238,0.06682243436653884,0.9331775656334611,0.14087344463405382,0.47605151441221083,0.2391390800734173,0.2124273603127589,0.049452986743617526,0.01111756767242741,0.2350659677213046,0.7043634778626505,1.0,0.5756147920951838,0.616833080105654,1.9085845794136502,0.04493222116119853,3.9319351614460434,1.1106734059050127,3.9853797621941625,171.9489120749777,-1.0436096431476471e-14,4.440892098500626e-16,9.992007221626409e-15,0.0,0.0,1.5100355132968701e-09,-3.9288580722107724e-10,2.088863092913895e-09,1.5106470813847084e-09
equilibrium_sigma_2_00,145.0,63.99617875588521,3.4195384059036034,1.712931746998491,1.74,1.803726540067997,1.8361694460335103,2.1573420552507097,1.5356632556754037,-0.06820858960109466,-1.0679697433277284,-1.712931746998491,0.8951293834190218,-0.8178023635794692,-0.9294995671444035,1.6681957982055347,-2.303995163159021,-1.3117347610666785,0.41734205525070966,0.06372654006799694,1.6795384059036034,0.016588344823822113,0.029937711640389716,0.01540046313185104,0.00340046313185104,0.011250475434926127,0.0186233678056702,0.006623367805670199,0.004155025414842584,0.2830317064601547,0.10577511620453152,0.09340046313185105,0.043400463131851044,0.06928689007118341,0.9307131099288166,0.1451910455059561,0.4753175222639875,0.23884137379888956,0.2131088255770565,0.051040062325769284,0.011546912215451921,0.23526814594956502,0.7021448795092137,0.9999999999999999,0.5727219995110093,0.6153582595981834,1.9059146101370756,0.04623793816322129,4.021918943161599,1.1383305817274492,3.953082269506454,172.89393876622222,-1.2878587085651816e-14,2.220446049250313e-16,9.769962616701378e-15,0.0,0.0,-1.6489025041199756e-09,3.8313602290784843e-10,-2.33241143239582e-09,-1.6508313743779368e-09
equilibrium_sigma_2_00,146.0,62.99617875588521,3.4362250932195813,1.7430485092271282,1.752,1.819224251105132,1.8473409040851299,2.1761330462480206,1.5554906947545655,-0.06396416471750488,-1.0995441927904066,-1.7430485092271282,0.9760328252598369,-0.7670156839672913,-0.8814771580485308,1.6774614913538146,-2.2474839042959687,-1.2619002796925252,0.4241330462480206,0.06722425110513197,1.6842250932195812,0.01678681957208543,0.03029563353551666,0.015597213008400147,0.003597213008400147,0.011093461828901993,0.018962015164714074,0.006962015164714074,0.004335306477143419,0.2836279182072732,0.10681470895744768,0.09359721300840015,0.04359721300840015,0.07182826926600376,0.9281717307339963,0.14969328466477574,0.4745521416069881,0.2385331640619703,0.21382145453610923,0.05269953061475845,0.011990783684801016,0.23547336240460687,0.6998363232958337,1.0,0.5697054992746002,0.6137932027126901,1.9031384066504824,0.04759497011064129,4.1134264489632715,1.1666825804181888,3.9196671765144755,173.83530316338403,-1.509903313490213e-14,0.0,9.547918011776346e-15,0.0,0.0,7.42573603301766e-10,-1.5607759529245868e-10,1.033052202809026e-09,7.243067343815079e-10
equilibrium_sigma_2_00,147.0,61.99617875588521,3.4531157441117752,1.7735226298642333,1.764,1.8349256409594674,1.8583585291470892,2.1952731197949347,1.5757386928926103,-0.059534924233606734,-1.1315362404566485,-1.7735226298642333,1.0580490695481046,-0.7154735603161286,-0.833655901146652,1.686635159341802,-2.190804166426297,-1.2121815888676932,0.43127311979493466,0.0709256409594674,1.6891157441117752,0.016996393051219236,0.03065240307436926,0.015807989673787222,0.0038079896737872217,0.010942927755485313,0.01932176846075606,0.007321768460756061,0.004524745942369179,0.2842666353751128,0.10782976002062618,0.09380798967378723,0.043807989673787226,0.07444788704260641,0.9255521129573936,0.15438856205250304,0.4737539444510745,0.2382141621815343,0.21456696176334775,0.05443506910734112,0.012449469265947564,0.2356815211986172,0.6974339404280941,1.0,0.5665596634248229,0.612131565033663,1.9002517728268498,0.04900526746783591,4.206403635268811,1.195740208427508,3.885098219713797,174.77276017103105,-1.7541523789077473e-14,0.0,7.771561172376096e-15,-1.1102230246251565e-16,0.0,-1.8765079767835147e-10,3.4377743707292296e-11,-2.6690871041124e-10,-1.831264410945277e-10
equilibrium_sigma_2_00,148.0,60.99617875588521,3.4702218332294175,1.8043528808016092,1.776,1.8508452605819705,1.869229166071845,2.214784106874281,1.5964341819530943,-0.054911434078122046,-1.1639472045374433,-1.8043528808016092,1.141197482807903,-0.6631553979937062,-0.7860424015679708,1.6957146641290413,-2.1339436865366466,-1.1625803870831986,0.4387841068742808,0.0748452605819705,1.6942218332294174,0.017217830241405413,0.031007869156030998,0.0160338598053942,0.0040338598053942,0.010799614800878932,0.01970409652995997,0.007704096529959969,0.004723903068715174,0.2849510903193764,0.10881821550946526,0.09403385980539421,0.044033859805394204,0.07714701424515227,0.9228529857548478,0.15928563179748376,0.47292144259442775,0.23788408558830254,0.21534717748131188,0.0562505474855805,0.012923243161819514,0.23589251813729478,0.6949336912153052,1.0,0.5632786266956858,0.6103665864340809,1.8972503926592277,0.05047082581873361,4.300786616329197,1.225513835553986,3.849338383031061,175.70604976471674,-1.865174681370263e-14,0.0,7.993605777301127e-15,0.0,0.0,-6.664558072078108e-10,1.0885983434127944e-10,-9.321920665938954e-10,-6.337726090460682e-10
equilibrium_sigma_2_00,149.0,59.99617875588521,3.487555633272388,1.8355378855973268,1.788,1.8669987743979772,1.8799604280810907,2.2346893626141218,1.6176059755734835,-0.05008367915486733,-1.1967783432742625,-1.8355378855973268,1.2254984781408336,-0.6100394074564932,-0.73864313107902,1.7046978721418242,-2.0768889062011864,-1.1130978879085522,0.44668936261412173,0.0789987743979772,1.6995556332723878,0.017451955927258136,0.03136188772444357,0.016275974870558173,0.0042759748705581725,0.010664311799847677,0.020110577936272023,0.008110577936272022,0.004933378628946272,0.28568477233502476,0.10977794674917164,0.09427597487055818,0.04427597487055818,0.07992687449958637,0.9200731255004136,0.16439361075262274,0.47205308617205416,0.23754266013030462,0.21616405760452018,0.05815003663142077,0.013412364564075584,0.23610623477038778,0.6923313640341158,0.9999999999999999,0.5598562807957427,0.6084910701975406,1.8941298335269177,0.05199368257283645,4.396500796766231,1.2560133291949158,3.8123499169858404,176.63489640827115,-2.3092638912203256e-14,-2.220446049250313e-16,7.549516567451064e-15,0.0,0.0,2.1021674019572334e-09,-3.0443843973548823e-10,2.8929315991355065e-09,1.9493510070023312e-09
equilibrium_sigma_2_00,150.0,58.99617875588521,3.5051302711995427,1.867076128288992,1.8,1.8834030390239571,1.8905607392087134,2.255013878488823,1.6392849089447372,-0.04504102229275553,-1.2300308635505877,-1.867076128288992,1.3109736170716326,-0.5561025112173594,-0.6914644178662714,1.7135826567957495,-2.0196248792642164,-1.0637347797341439,0.4550138784888229,0.08340303902395707,1.7051302711995426,0.017699661939700462,0.03171432281636615,0.016535579071181146,0.004535579071181146,0.010537858972329416,0.02054291072361991,0.008542910723619911,0.005153819275793836,0.286471451730852,0.11070674800141221,0.09453557907118115,0.04453557907118115,0.08278864059647563,0.9172113594035244,0.16972198578269065,0.4711472624169426,0.23718962270136623,0.21701969389922904,0.06013781766217138,0.013917075246519075,0.23632254289445292,0.6896225641968566,1.0,0.5562862695255972,0.6064973616194179,1.8908855508059508,0.05357591281223134,4.493459922169589,1.2872479871983233,3.774094405721036,177.55900820552407,-2.55351295663786e-14,-6.661338147750939e-16,6.217248937900877e-15,0.0,0.0,-2.2497844351376806e-09,2.6987689860646924e-10,-3.1639251739379315e-09,-2.0869623997693543e-09
equilibrium_sigma_2_00,151.0,57.99617875588521,3.522959803828134,1.8989659611361072,1.812,1.9000762089418515,1.901039393582003,2.2757844084205976,1.661503989787035,-0.03977215427021541,-1.2637059280087817,-1.8989659611361072,1.3976457250092724,-0.5013202361268347,-0.6445124236949702,1.722366899771921,-1.9621351490478365,-1.0144911674196655,0.46378440842059754,0.08807620894185142,1.710959803828134,0.01796191131495474,0.03206504790982405,0.01681401719647712,0.00481401719647712,0.010421151484486572,0.021002921490875792,0.009002921490875792,0.005385921003631111,0.28731520362568824,0.11160233605875627,0.09481401719647713,0.044814017196477124,0.08573343206319486,0.9142665679368052,0.175280620294572,0.47020229454992274,0.2368247241721941,0.21791632605410885,0.06221839119609514,0.01443759721135981,0.23654129839747337,0.6868027131950716,1.0,0.5525619844026367,0.604377326898855,1.8875128935306464,0.0552196244012681,4.591565099786512,1.3192264616057652,3.734532806000813,178.47807630529815,-2.7533531010703882e-14,0.0,5.995204332975845e-15,0.0,0.0,2.8643188758337157e-09,-2.970091880771797e-10,3.963273077778329e-09,2.5922443254444705e-09
equilibrium_sigma_2_00,152.0,56.99617875588521,3.541059288221228,1.9312056153346435,1.824,1.9170378352987698,1.9114066084154462,2.2970296013497045,1.6842985615473123,-0.03426504370560335,-1.2978046643884653,-1.9312056153346435,1.4855390118665759,-0.44566660346806763,-0.5977931294047967,1.7310484927406329,-1.9044016336284402,-0.9653665203637829,0.4730296013497044,0.09303783529876974,1.7170592882212279,0.01823974597943187,0.03241394718844627,0.01711274406720218,0.00511274406720218,0.010315144241316255,0.021492576667281327,0.009492576667281327,0.005630434158909736,0.28822043656727936,0.11246234852218703,0.09511274406720219,0.045112744067202185,0.08876231236240933,0.9112376876375907,0.18107975900801537,0.4692164409686374,0.23644773270308536,0.21885635423002978,0.06439648649972858,0.014974129977811513,0.23676234340691055,0.6838670401155493,1.0,0.5486765614646297,0.6021223319758526,1.8840071117215635,0.0569269520356417,4.690703740122148,1.3519566797857754,3.6936255302994545,179.39177409807314,-3.064215547965432e-14,0.0,4.884981308350689e-15,0.0,0.0,-3.1351349016883745e-09,2.5145482224209204e-10,-4.43401394073506e-09,-2.84000128622508e-09
equilibrium_sigma_2_00,153.0,55.99617875588521,3.5594448654488837,1.9637932122118562,1.836,1.934308983083434,1.9216735876153228,2.3187801472290266,1.7077064800461121,-0.028506879804674146,-1.3323281746773812,-1.9637932122118562,1.5746792057042522,-0.38911400650760397,-0.551312314006634,1.7396253381986195,-1.8464044904284207,-0.9163596089626892,0.4827801472290265,0.09830898308343383,1.7234448654488836,0.01853429345666613,0.0327609170042506,0.01743333455532941,0.005433334555329409,0.01022085671842916,0.022013993976610635,0.010013993976610635,0.005888168178591613,0.2891919228949376,0.11328434306290264,0.09543333455532942,0.04543333455532941,0.09187628694279326,0.9081237130572067,0.18713003122964358,0.4681878946909606,0.23605843743126753,0.2198423533374967,0.06667707063610687,0.015526847794621495,0.23698550350441286,0.6808105780648588,1.0,0.5446228790761387,0.5997232218974449,1.8803633652130958,0.058700050287754324,4.790748453697943,1.3854457574308572,3.6513325253969326,180.299756541842,-3.3306690738754696e-14,2.220446049250313e-16,4.6629367034256575e-15,0.0,0.0,2.0417812683637404e-09,-1.3506616658442994e-10,2.841474680548295e-09,1.805738661028733e-09
equilibrium_sigma_2_00,154.0,54.99617875588521,3.578133851999505,1.996726776035305,1.848,1.951912359711854,1.931852590941298,2.341068935361191,1.7317683047781411,-0.022484009776717606,-1.3672775450431374,-1.996726776035305,1.6650936979680644,-0.3316330780672405,-0.505075531893439,1.748095349675006,-1.7881219682593132,-0.8674684344294206,0.493068935361191,0.10391235971185386,1.7301338519995049,0.01884677416932805,0.03310586746170671,0.017777494706469908,0.005777494706469908,0.010139378340683647,0.022569455109255898,0.010569455109255898,0.006159996961407899,0.29023483244384823,0.11406579693742207,0.09577749470646992,0.04577749470646991,0.09507630189697477,0.9049236981030252,0.19344245211447103,0.4671147831405399,0.2356566525761813,0.22087708880899437,0.06906535744004902,0.01609589668725908,0.2372105842349155,0.6776281616377764,1.0,0.5403935570833043,0.5971703008951156,1.8765767342795288,0.06054108547664655,4.891555894022711,1.4196999052913999,3.60761336638644,181.20165950593253,-3.574918139293004e-14,-2.220446049250313e-16,3.774758283725532e-15,0.0,0.0,-1.8355504859124405e-09,8.103094584210879e-11,-2.611945378733216e-09,-1.6263629817880876e-09
equilibrium_sigma_2_00,155.0,53.99617875588521,3.5971448314329355,2.0300042489485026,1.86,1.9698724437325277,1.941957001602683,2.363931223330006,1.7565275059061751,-0.016181873537499447,-1.4026538567871176,-2.0300042489485026,1.756811696265621,-0.27319255268288156,-0.4590880956763643,1.7564564520061654,-1.7295302595638027,-0.8186901602852548,0.503931223330006,0.10987244373252758,1.7371448314329354,0.01917851177182954,0.03344872399543508,0.01814707461564157,0.006147074615641571,0.010071875052249527,0.023161420419359757,0.011161420419359757,0.006446865459253104,0.29135477156255024,0.11480410571636736,0.09614707461564158,0.046147074615641576,0.09836324258505447,0.9016367574149455,0.20002842105514423,0.4659951684206255,0.2352422220241053,0.22196353349515097,0.07156681600875194,0.016681391155960703,0.23743737368988918,0.6743144191453981,0.9999999999999999,0.5359809578930533,0.5944533133606349,1.8726422325475178,0.06245222609819469,4.992965526962623,1.4547243305278834,3.562427390907586,182.09709899912866,-3.907985046680551e-14,0.0,3.552713678800501e-15,0.0,0.0,-1.6600378363595958e-10,5.347694509438838e-12,-2.3248013930610156e-10,-1.4372228927805875e-10
equilibrium_sigma_2_00,156.0,52.99617875588521,3.6164977711149566,2.0636235067531032,1.872,1.9882156494148404,1.9520014146090845,2.3874048263837793,1.7820306894266325,-0.009584925941082734,-1.4384581973037431,-2.0636235067531032,1.8498643998859607,-0.2137591068671425,-0.41335504374875165,1.7647065794004217,-1.670603312443359,-0.7700210199018594,0.5154048263837792,0.1162156494148403,1.7444977711149565,0.019530940190462018,0.033789429340295024,0.01854408174892707,0.00654408174892707,0.010019595506235752,0.023792543295542146,0.011792543295542145,0.006749795536942216,0.2925578234815972,0.11549658436128092,0.09654408174892708,0.046544081748927074,0.10173793427560758,0.8982620657243924,0.20689971800091367,0.4648270479398447,0.23481502434454926,0.22310488745486395,0.07418717901818796,0.01728341100735841,0.2376656326021503,0.6708637773723033,1.0,0.5313771889393878,0.5915614264650765,1.8685548216711,0.06443563204242418,5.0947983861965795,1.4905231269432253,3.515733809749725,182.98567071270116,-3.9968028886505635e-14,0.0,2.886579864025407e-15,0.0,0.0,2.6266549595088673e-09,-5.586465318119238e-11,3.6223562725756775e-09,2.2240449933097484e-09
equilibrium_sigma_2_00,157.0,51.99617875588521,3.636214126793645,2.0975823775690956,1.8840000000000001,2.0069704746098487,1.9620017127880758,2.411530314868781,1.8083278403386245,-0.0026765604714718005,-1.474691672252775,-2.0975823775690956,1.9442851758420365,-0.15329720172705907,-0.3678811244918163,1.7728436745192113,-1.6113126622472023,-0.7214562376756958,0.5275303148687811,0.12297047460984856,1.752214126793645,0.01990561754557703,0.034127945315076166,0.01897069723806314,0.00697069723806314,0.009983879601776395,0.024465688472918856,0.012465688472918856,0.007069894535360888,0.29385059769110045,0.11614046588039241,0.09697069723806315,0.046970697238063144,0.10520114186663902,0.894798858133361,0.21406849508475795,0.4636083558355911,0.23437497840277413,0.22430459834776248,0.07693244986835357,0.017901997554898574,0.23789510075818435,0.6672704518185635,1.0,0.526574108293212,0.588483214419493,1.8643094292748708,0.06649344183843425,5.196855730486968,1.527099162518016,3.4674919018315062,183.8669492283903,-4.1300296516055823e-14,0.0,2.220446049250313e-15,0.0,0.0,-3.1451228878209836e-09,5.676174807955903e-12,-4.43560069923743e-09,-2.671511295168627e-09
equilibrium_sigma_2_00,158.0,50.99617875588521,3.6563169841073044,2.131878661747957,1.8960000000000001,2.026167700930038,1.971975173112357,2.436351238953864,1.8354725883559009,0.004560984808398949,-1.5113554180384812,-2.131878661747957,2.0401097675663378,-0.09176889418161904,-0.32267075725043415,1.7808656841123587,-1.551627204446079,-0.6729899148761104,0.5403512389538638,0.13016770093003793,1.7603169841073043,0.020304234637972624,0.03446425517940378,0.01942929245322724,0.007429292453227241,0.009966166191994183,0.025183949252660653,0.013183949252660653,0.007408362401317703,0.29524028016129467,0.1167329036558812,0.09742929245322725,0.047429292453227245,0.10875357268790062,0.8912464273120994,0.2215472657592658,0.4623369648209248,0.23392204942362174,0.22556638586530608,0.07980890948031723,0.018537150165791112,0.23812548409574824,0.6635284562581435,1.0,0.5215633319412918,0.5852066453879308,1.859900968767354,0.06862775857839086,5.298917719864281,1.564453952164379,3.417661164828589,184.74048772947188,-4.218847493575595e-14,-2.220446049250313e-16,1.9984014443252818e-15,0.0,0.0,5.186962560854713e-09,3.757715666408146e-11,7.205347263283812e-09,4.313259699059713e-09
equilibrium_sigma_2_00,159.0,49.99617875588521,3.6768311877802238,2.1665101545435417,1.9080000000000001,2.045840577867069,1.981940561040157,2.461914363571146,1.863522494930854,0.012146720431525315,-1.5484506149248087,-2.1665101545435417,2.1373765039986035,-0.029133650544938217,-0.27772801065810193,1.7887705555257165,-1.491512986607494,-0.6246149283633518,0.5539143635711457,0.13784057786706883,1.7688311877802236,0.020728631107356496,0.0347983658251173,0.01992244915547773,0.00792244915547773,0.009968003537812523,0.02595066924904188,0.01395066924904188,0.007766501877171095,0.29673469441053857,0.11727097127703255,0.09792244915547774,0.047922449155477734,0.11239587846473055,0.8876041215352695,0.2293488876640802,0.46101068909710635,0.23345625572705447,0.22689426712072755,0.08282312127533668,0.01918882213061272,0.23835645928717045,0.6596315973068801,0.9999999999999999,0.5163362452650662,0.5817190713039623,1.8553243631581438,0.07084063345959703,5.400742002562381,1.602587527720508,3.3662015627232442,185.60581737697387,-4.218847493575595e-14,-4.440892098500626e-16,1.7763568394002505e-15,0.0,0.0,-5.606366520333195e-09,-1.4149692528775404e-10,-7.969424061643471e-09,-4.683998990756555e-09
equilibrium_sigma_2_00,160.0,48.99617875588521,3.697783504075847,2.201474671048955,1.92,2.066025053939174,1.9919182511969293,2.488269932281431,1.892539367069256,0.020101015908525754,-1.5859785009925749,-2.201474671048955,2.2361265414163043,0.03465187036734951,-0.23305656288809962,1.796556229853884,-1.4309329478834916,-0.5763227978975616,0.5682699322814311,0.14602505393917387,1.7777835040758472,0.02118080828654237,0.03513031049030448,0.020452980872973585,0.008452980872973585,0.009991059654774339,0.02676946424529092,0.014769464245290919,0.008145728132014085,0.29834236628173816,0.1177516654041999,0.09845298087297359,0.04845298087297359,0.11612866019691657,0.8838713398030834,0.2374865413149842,0.4596272879764527,0.2329776759830791,0.22829258629584592,0.08598193508764859,0.019856916779732007,0.2385876641446328,0.6555734839879865,1.0,0.5108840173189605,0.5780072215406145,1.8505745714938744,0.07313404759339082,5.502062324049298,1.6414982931864672,3.3130737537589368,186.46244711166318,-4.1300296516055823e-14,0.0,1.5543122344752192e-15,0.0,0.0,4.800150336242703e-09,1.5618442650300324e-10,6.722770621442331e-09,3.930372347027422e-09
equilibrium_sigma_2_00,161.0,47.99617875588521,3.719202789521178,2.236770073995585,1.932,2.0867600187959505,2.0019303520995466,2.5154719513544777,1.9225895982275953,0.028445717363183354,-1.6239403867168194,-2.236770073995585,2.336404119852547,0.09963404585696178,-0.1886596652527146,1.8042206339323226,-1.3698466473387916,-0.5281035469860271,0.5834719513544777,0.15476001879595058,1.787202789521178,0.021662945999447097,0.035460151620014264,0.021023957548105397,0.009023957548105397,0.010037134660051208,0.02764424730239412,0.01564424730239412,0.008547580321316417,0.3000725986306224,0.11817190833763638,0.0990239575481054,0.0490239575481054,0.1199524739275357,0.8800475260724643,0.24597370189709614,0.4581844706774937,0.23248645711834717,0.22976604700600686,0.08929248890017383,0.02054128329278183,0.23881869363107483,0.6513475341759695,1.0,0.5051976197289455,0.5740572011872764,1.845646619339934,0.07550989137088057,5.602587108614475,1.681182872736371,3.258239380264231,187.30986342947367,-3.952393967665557e-14,0.0,1.9984014443252818e-15,0.0,0.0,-5.182697555838889e-09,-2.547131672248071e-10,-7.433142594492903e-09,-4.270935298131273e-09
equilibrium_sigma_2_00,162.0,46.99617875588521,3.7411201729626784,2.2723943042374937,1.944,2.108087564612964,2.0120008401363334,2.5435784983633107,1.9537445392322792,0.037204275519301166,-1.6623376697966588,-2.2723943042374937,2.438256839025209,0.16586253478771518,-0.1445401057334461,1.8117616706330706,-1.30820997150729,-0.4799455514204963,0.5995784983633108,0.16408756461296425,1.7971201729626785,0.022177422571982394,0.03578798397326099,0.02163873353055843,0.00963873353055843,0.01010817496353544,0.028579257047578466,0.016579257047578465,0.008973734880735051,0.3019355561532074,0.11852855102332346,0.09963873353055844,0.049638733530558435,0.12386783782870225,0.8761321621712977,0.2548241033717906,0.45667990242679557,0.231982822870681,0.23131974812736572,0.09276220799434033,0.021241712283565844,0.2390490987267439,0.6469469809953499,1.0,0.49926785074090024,0.5698544949012905,1.8405356335364131,0.07796994126475935,5.701998035775581,1.7216359481163963,3.2016614102432714,188.1475302527568,-3.6415315207705135e-14,0.0,6.661338147750939e-16,-1.1102230246251565e-16,0.0,1.5221422906830373e-09,8.350042185467643e-11,2.151532306482462e-09,1.2306952765911428e-09
equilibrium_sigma_2_00,163.0,45.99617875588521,3.76356927651641,2.3083454155401584,1.956,2.13005330514733,2.022155724467018,2.5726520678805604,1.9860809054181272,0.04640189512310822,-1.701171852278349,-2.3083454155401584,2.5417359768372405,0.23339056129708213,-0.10070015187271153,1.8191772042741068,-1.2459747784389406,-0.4318353485556528,0.6166520678805605,0.17405330514732986,1.8075692765164102,0.022726831975863768,0.03611393840402947,0.022300978015703916,0.010300978015703916,0.010206287962901628,0.02957908670886411,0.01757908670886411,0.00942601867892634,0.3039423576233452,0.11881837953228941,0.10030097801570392,0.05030097801570392,0.12787524332559408,0.8721247566744059,0.2640516960262301,0.4551112116755409,0.23146708286535028,0.23295922530061128,0.09639880183084627,0.021957931817224257,0.23927837022962464,0.6423648961223049,1.0,0.49308536366242584,0.5653839773367555,1.8352368803090653,0.08051583450672785,5.799948696757506,1.7628500809869245,3.1433044732304922,188.97488928700918,-3.3306690738754696e-14,0.0,8.881784197001252e-16,-1.1102230246251565e-16,0.0,1.889561191542599e-09,1.1331469096376168e-10,2.633790817385684e-09,1.5002622373583296e-09
equilibrium_sigma_2_00,164.0,44.99617875588521,3.7865864243774876,2.3446216114018874,1.968,2.152706679105748,2.0324232004927874,2.602759935056091,2.019681216435105,0.05606568562397696,-1.7404445558891266,-2.3446216114018874,2.6468968073928787,0.3022751959909913,-0.05714151531610501,1.8264650466064531,-1.1830885608805966,-0.3837574574212311,0.6347599350560911,0.1847066791057479,1.8185864243774876,0.023314012355349065,0.036438185561333825,0.023014711549414917,0.011014711549414916,0.010333761070575001,0.03064872034608257,0.01864872034608257,0.0099064268477278,0.30610518651337854,0.11903811881260389,0.10101471154941492,0.05101471154941492,0.13197516535901815,0.8680248346409818,0.27367059141486905,0.45347599945947226,0.23093964247489704,0.23469049481826068,0.1002102561217351,0.02268960257119707,0.2395059462742714,0.6375941950327964,1.0,0.48664070375203766,0.5606299316923509,1.8297458099021116,0.08314904012622713,5.896063216965232,1.8048155307238132,3.08313533637464,189.79136008384455,-3.019806626980426e-14,0.0,6.661338147750939e-16,0.0,0.0,-3.940220521386761e-09,-2.9355179398393716e-10,-5.627195813484587e-09,-3.15511631231169e-09
equilibrium_sigma_2_00,165.0,43.99617875588521,3.8102109218229714,2.3812212887618065,1.98,2.17610135587187,2.042833859046181,2.6339745744172136,2.0546342839039298,0.06622484758461455,-1.7801575424747131,-2.3812212887618065,2.7537989918174723,0.37257770305566584,-0.01386527446508512,1.8336229339385979,-1.1194939961083015,-0.33569412839735707,0.6539745744172136,0.19610135587186983,1.8302109218229714,0.023942065922706257,0.036760940779482644,0.02378434466302686,0.011784344663026861,0.010493080107060664,0.03179356777849307,0.01979356777849307,0.010417138769369672,0.3084374080697784,0.11918444331877587,0.10178434466302687,0.051784344663026866,0.13616807993218905,0.863831920067811,0.28369500087839933,0.4517718498506721,0.2304010130079985,0.2365201063572399,0.10420482231058115,0.023436314203263555,0.23973118690576667,0.6326276765803887,1.0,0.4799243494114724,0.5555760770842993,1.824058103779588,0.08587082827794637,5.989935076319706,1.8475200494463002,3.0211233174369014,190.5963410479473,-2.5757174171303632e-14,0.0,1.1102230246251565e-15,0.0,0.0,9.0113379570822e-09,7.055834042035691e-10,1.2694426673037773e-08,7.0935800428051365e-09
equilibrium_sigma_2_00,166.0,42.99617875588521,3.8344853116248117,2.4181430832786557,1.992,2.200295612560347,2.053420876504295,2.666374096526014,2.091035736850487,0.076910857477545,-1.8203127310016962,-2.4181430832786557,2.8625069601424817,0.44436387686382606,0.02912817176712479,1.8406485054237811,-1.0551285300902322,-0.28762511069673424,0.6743740965260141,0.208295612560347,1.8424853116248117,0.02461439497961812,0.03708246882499722,0.024614724836261585,0.012614724836261585,0.01068695375999872,0.033019509406706504,0.021019509406706504,0.01096054059845919,0.3109537116250351,0.11925398359519591,0.10261472483626159,0.05261472483626159,0.14045448003305072,0.8595455199669493,0.294139156914158,0.44999634332459315,0.2298518226899492,0.23845519827678976,0.10839099995572189,0.024197580585668156,0.2399533827388181,0.6274580367197918,1.0,0.47292676486751406,0.5502056073606186,1.818169730078982,0.08868223517676395,6.081125921294149,1.8909486760856264,2.957240889950042,191.38921001341512,-2.220446049250313e-14,0.0,2.220446049250313e-16,0.0,0.0,-9.728760498595168e-09,-8.931407488588228e-10,-1.405396347908816e-08,-7.738242817356689e-09
equilibrium_sigma_2_00,167.0,41.99617875588521,3.859455708773438,2.4553859233314177,2.004,2.225352825332766,2.0642202662443956,2.7000427497339663,2.1289886057294507,0.08815769359429271,-1.8609122209933269,-2.4553859233314177,2.9730903776626847,0.517704454331267,0.07183919403549788,1.847539270727226,-0.9899238355883635,-0.23952734022750513,0.6960427497339663,0.22135282533276612,1.8554557087734378,0.025334730246161605,0.0374030900331529,0.02551118716562651,0.01351118716562651,0.010918338152187526,0.034332940850312355,0.022332940850312354,0.011539246626002253,0.31367026413826216,0.11924334025065907,0.10351118716562652,0.053511187165626514,0.14483490000111976,0.8551650999988802,0.3050172256381211,0.4481470716415194,0.22929282781596794,0.24050356357676125,0.11277751494268028,0.02497283648761646,0.24017173082417193,0.6220779177455315,1.0,0.46563845882245875,0.5445012417170303,1.8120770020638324,0.09158402623486085,6.169164650428115,1.9350835054122164,2.8914642352800253,192.16932585429575,-1.7763568394002505e-14,0.0,2.220446049250313e-16,0.0,0.0,1.0649007647911546e-08,1.0059052688027315e-09,1.5178007788108072e-08,8.335220902377927e-09
equilibrium_sigma_2_00,168.0,40.99617875588521,3.8851721373284405,2.4929490878250298,2.016,2.25134196958629,2.075271131646585,2.7350714565615837,2.1686039570794007,0.10000207256974658,-1.9019583145810872,-2.4929490878250298,3.08562462714349,0.5926755393184604,0.11426900842629295,1.8542925750816037,-0.9238052632466607,-0.19137461718378418,0.7190714565615837,0.23534196958628995,1.8691721373284405,0.02610717195929617,0.037723186804950036,0.0264796142778485,0.0144796142778485,0.011190467287578103,0.035740826813679405,0.023740826813679405,0.012156126432127934,0.31660489175105605,0.1191490965168393,0.1044796142778485,0.054479614277848504,0.14930994115244,0.85069005884756,0.3163432004421222,0.4462216559248392,0.22872492441056025,0.24267372155597175,0.11737328917918594,0.02576143378837666,0.24038533181963165,0.6164799452128058,1.0,0.45805005570377805,0.5384452903144349,1.8057766445707428,0.09457665511703592,6.253546625664519,1.979903452478697,2.8237739536138857,192.93603003173627,-1.3766765505351941e-14,0.0,2.220446049250313e-16,0.0,0.0,-1.2006896227267916e-08,-1.2861889747695088e-09,-1.75637542322582e-08,-9.513806440569761e-09
equilibrium_sigma_2_00,169.0,39.99617875588521,3.911688919991944,2.530832271793732,2.028,2.278338198764027,2.08661595959928,2.771558411075227,2.2100015932505754,0.11248371869513729,-1.9434535422728898,-2.530832271793732,3.2001913553832075,0.6693590835894754,0.15641977206094304,1.8609055556869345,-0.8566912073612301,-0.143137225391059,0.7435584110752269,0.2503381987640272,1.8836889199919438,0.026936233636691592,0.0380432112536911,0.027526504150905358,0.015526504150905358,0.011506886996151572,0.037250760434037744,0.025250760434037744,0.01281433485322836,0.3197772853057738,0.11896783480825993,0.10552650415090536,0.05552650415090536,0.15388030363000427,0.8461196963699957,0.32813077973274285,0.44421776744543373,0.22814915998562665,0.24497499974926593,0.12218740241092332,0.026562638493545038,0.24059317897806437,0.6106567801174672,0.9999999999999999,0.45015237757906224,0.53201973610861,1.7992658660634864,0.09766022001001437,6.333733168143832,2.025383998360173,2.7541558232927956,193.68864879301793,-1.021405182655144e-14,0.0,0.0,0.0,0.0,6.275539910644001e-09,6.827893667127327e-10,9.059225297008977e-09,4.897709257253857e-09
equilibrium_sigma_2_00,170.0,38.99617875588521,3.939065130471707,2.5690356623069777,2.04,2.3064235214772544,2.0983009639740464,2.809609747347281,2.253310827300922,0.12564567248078573,-1.9854006949653542,-2.5690356623069777,3.3168790992618966,0.747843436954919,0.19829470617389044,1.8673750866093979,-0.7884923656769853,-0.09478147806599098,0.7696097473472809,0.26642352147725434,1.899065130471707,0.027826887569591605,0.03836369430460365,0.028659047121270674,0.016659047121270674,0.01187149285171665,0.038871028038567346,0.026871028038567345,0.013517344628066752,0.3232092337008202,0.11869615810578958,0.10665904712127068,0.05665904712127068,0.15854682652217844,0.8414531734778216,0.34039322809165634,0.44213315122441843,0.22756674515209915,0.24741762805602116,0.1272290453250279,0.027375629025082296,0.2407941341231369,0.6046011915267528,0.9999999999999999,0.44193653717859016,0.5252063348362171,1.7925424358784066,0.1008344174963818,6.409151423461076,2.0714969202493756,2.6826016051744905,194.42649610749316,-8.43769498715119e-15,0.0,0.0,-1.1102230246251565e-16,0.0,-3.5831598278746046e-09,-4.3288502643568094e-10,-5.3128103999489085e-09,-2.8358505335668305e-09
equilibrium_sigma_2_00,171.0,37.99617875588521,3.967365051255896,2.6075600184991603,2.052,2.335687491152147,2.11037643264157,2.8493402551445044,2.298671325716506,0.13953461458843064,-2.0278028531173145,-2.6075600184991603,3.4357839327446804,0.8282239142455201,0.23989819895897302,1.8736977195729718,-0.7191109886766124,-0.04626924422086776,0.7973402551445044,0.283687491152147,1.915365051255896,0.028784629967597758,0.038685255480749914,0.029885217211323402,0.0178852172113234,0.012288576983415827,0.040610688656350646,0.028610688656350646,0.014268988257626347,0.32692490064037394,0.11833070960631635,0.10788521721132341,0.057885217211323406,0.16331052959109363,0.8366894704089064,0.3531432104765373,0.4399656542189887,0.22697906524012276,0.2500128414281285,0.1325074589869772,0.028199494018057436,0.2409869355722859,0.5983061114226795,1.0,0.43339404898072,0.5179867373840762,1.7856047714456105,0.10409849203230279,6.47919449296472,2.1182100158421493,2.609110053805013,195.14887661794688,-5.329070518200751e-15,0.0,2.220446049250313e-16,0.0,0.0,-3.6630948344051895e-09,-4.4570536150700946e-10,-5.360602906012701e-09,-2.857687237886597e-09
equilibrium_sigma_2_00,172.0,36.99617875588521,3.9966587701925365,2.6464067715734685,2.064,2.3662281060714476,2.1228971838921225,2.8908742157498843,2.346234062069175,0.1542012661857446,-2.070663433755464,-2.6464067715734685,3.55701027887907,0.9106035073056016,0.28123598508808034,1.8798696012364347,-0.6484398993528784,0.00244267751884595,0.8268742157498843,0.30222810607144757,1.9326587701925364,0.02981553504024881,0.03900861555176445,0.03121387328960181,0.01921387328960181,0.012762876902471729,0.04247965486925409,0.03047965486925409,0.015073499159967696,0.33095113118061154,0.1178682043255386,0.10921387328960182,0.059213873289601815,0.16817267250076992,0.83182732749923,0.3663926142393033,0.4377132555793185,0.22638769081950633,0.2527730033558887,0.1380318658610688,0.029033233711108993,0.241170153295807,0.5917647471320152,1.0,0.42451694845966675,0.5103426329307024,1.7784520263416244,0.10745118567926437,6.543222229101144,2.165486798287146,2.533687836870704,195.85509020844057,-3.9968028886505635e-15,-4.440892098500626e-16,-4.440892098500626e-16,0.0,0.0,1.4803270453195294e-08,1.8111970256917687e-09,2.1391557736977207e-08,1.1390987552512e-08
equilibrium_sigma_2_00,173.0,35.99617875588521,4.027022748462588,2.6855781261426115,2.076,2.398152676173913,2.1359230009643815,2.9343462789407475,2.3961623461911845,0.16970079350547507,-2.113986229194631,-2.6855781261426115,3.68067171201712,0.9950935858745087,0.3223152750105236,1.8858863888566904,-0.576361554790973,0.05140318274382872,0.8583462789407474,0.32215267617391286,1.9510227484625875,0.030926344134084308,0.03933460975101528,0.03265488181325426,0.02065488181325426,0.01329963868878637,0.04448879785012849,0.032488797850128495,0.01593556825829623,0.33531782367652807,0.11730545462730994,0.11065488181325427,0.06065488181325426,0.1731348124925333,0.8268651875074667,0.3801523332867209,0.4353741033412574,0.22579438785446598,0.25571173777361716,0.14381138087278206,0.029875759880251145,0.24134220855540248,0.5849706506915644,1.0,0.41529793669789694,0.5022559214879836,1.7710841920599913,0.11089068242932093,6.6005623382385386,2.213286198299402,2.4563507897819883,196.54443614818072,-2.6645352591003757e-15,0.0,2.220446049250313e-16,-1.1102230246251565e-16,0.0,-1.6742270896041855e-08,-2.2335654853433695e-09,-2.4853680162528757e-08,-1.3083665357724317e-08
equilibrium_sigma_2_00,174.0,34.99617875588521,4.058540576318685,2.7250771894851633,2.088,2.431578973387594,2.149519213390658,2.9799025019048724,2.448633002566726,0.18609331629781534,-2.1577754725341185,-2.7250771894851633,3.8068919882488044,1.081814798763641,0.3631449855659852,1.8917431328247172,-0.5027467986508303,0.10066769332111015,0.8919025019048723,0.343578973387594,1.970540576318685,0.032124540808451965,0.039664205018393996,0.03421925370849616,0.022219253708496162,0.013904683280721898,0.04665005522763721,0.034650055227637214,0.01686040027926161,0.3400583445712005,0.11663941100580524,0.11221925370849617,0.06221925370849617,0.17819888616641485,0.8218011138335851,0.3944320410403748,0.43294655302313634,0.2252011257350275,0.25884408926645425,0.14985491247494342,0.03072590096159585,0.241501325050581,0.5779178615128797,1.0,0.4057305325029489,0.4937089104324447,1.7635021977757215,0.11441455502210768,6.650512377654341,2.261562229695414,2.3771250235965606,197.21621926041556,-2.220446049250313e-15,0.0,6.661338147750939e-16,0.0,0.0,2.351260144223266e-08,3.13849459615545e-09,3.4465581028042536e-08,1.8133039181300603e-08
equilibrium_sigma_2_00,175.0,33.99617875588521,4.091303729766438,2.764908107264896,2.1,2.4666363970670857,2.1637572811464616,3.027701460494347,2.503837656226004,0.20344443931140965,-2.202035899895641,-2.764908107264896,3.9358061064915213,1.170897999226625,0.4037359343872986,1.897434150317201,-0.427453603802329,0.15029903108869525,0.927701460494347,0.3666363970670856,1.9913037297664382,0.03341846350316302,0.039998518860081884,0.035919309364915185,0.023919309364915185,0.014584490127677905,0.04897656803892758,0.036976568038927585,0.017853787958044265,0.3452100283785308,0.11586719843556392,0.11391930936491518,0.06391930936491518,0.1833672941771033,0.8166327058228967,0.40923992251862124,0.4304292131718344,0.22461008391158618,0.2621866978061703,0.15617104012918728,0.03158240667269465,0.24164553936913077,0.5706010138289873,1.0,0.39580925191252375,0.4846845455616164,1.7557080228233162,0.1180197079582889,6.692342269703545,2.3102636648432022,2.296048353654534,197.86975591636647,-8.881784197001252e-16,0.0,2.220446049250313e-16,0.0,0.0,-2.671217153721317e-08,-3.854456101515247e-09,-4.0236685351635604e-08,-2.0944537514056005e-08
equilibrium_sigma_2_00,176.0,32.99617875588521,4.125412500278222,2.80507622785806,2.112,2.5034674033648296,2.178715513290882,3.0779155369105675,2.5619841967444095,0.2218258885470783,-2.2467728383608243,-2.80507622785806,4.067561595735922,1.2624853678778623,0.4441011100297505,1.9029528641598976,-0.3503255296885392,0.20036850055034,0.9659155369105674,0.39146740336482955,2.013412500278222,0.03481742116219065,0.0403388427206741,0.03776886857087466,0.025768868570874657,0.015346290894613542,0.05148283317879532,0.03948283317879532,0.018922193780746,0.3508147532450747,0.11498616391567174,0.11576886857087466,0.06576886857087466,0.18864300925131608,0.811356990748684,0.424582386587844,0.42782099428006654,0.22402365552836856,0.26575800507979114,0.16276787562869957,0.0324439573742875,0.2417726745458116,0.5630154924512013,1.0,0.3855298009861445,0.47516667186215383,1.747704809165041,0.12170232338515588,6.725297781189565,2.3593336816076658,2.213171688210655,198.5043816312471,-8.881784197001252e-16,-4.440892098500626e-16,2.220446049250313e-16,0.0,0.0,1.9520323246702276e-08,2.8085319694892696e-09,2.9028912038042698e-08,1.5108469768668198e-08
equilibrium_sigma_2_00,177.0,31.99617875588521,4.160977044607075,2.845588291458791,2.124,2.542229131161902,2.1944798832693397,3.1307323708462085,2.623298427053543,0.24131623417063142,-2.291992313087589,-2.845588291458791,4.202319982751601,1.35673169129281,0.48425597666343045,1.9082916104749408,-0.27118997180775306,0.250957148121131,1.0067323708462084,0.41822913116190197,2.036977044607075,0.03633183207189017,0.04068666970510252,0.039783474936181944,0.027783474936181943,0.016198180593761474,0.05418488418840184,0.04218488418840184,0.020072847596308563,0.35691962101873315,0.11399392834995489,0.11778347493618195,0.06778347493618195,0.19402970301061112,0.8059702969893889,0.44046374791048815,0.42512116285521706,0.22344444779943867,0.26957849095169745,0.16965290243070305,0.03330917672429742,0.24188031979155047,0.5551576010534491,1.0,0.3748892888999729,0.4651403287445325,1.7394969780759797,0.12545780866932396,6.748604912420981,2.4087095077464573,2.128560540051956,199.1194594636325,-2.681677102600588e-11,0.0,6.661338147750939e-16,-1.1102230246251565e-16,0.0,-2.005219019995952e-08,-3.0991689492498864e-09,-3.064071690817016e-08,-1.578902479593136e-08
equilibrium_sigma_2_00,178.0,30.99617875588521,4.198118533334009,2.886452640451803,2.136,2.5830951847741734,2.2111449205753577,3.1863564744332367,2.6880259081089757,0.26200169349752844,-2.337701167764556,-2.886452640451803,4.340258418224159,1.4538057777723559,0.5242187826427644,1.9134414179397705,-0.1898562471746258,0.30215718481937215,1.0503564744332365,0.4470951847741733,2.062118533334009,0.03797340340850751,0.04104372687335778,0.04198066389134685,0.02998066389134685,0.017149252171415125,0.057100513284336074,0.04510051328433608,0.021313867648586893,0.36357776936771774,0.11288843909443401,0.11998066389134686,0.06998066389134686,0.19953188769451136,0.8004681123054886,0.4568858696888373,0.4223294021528976,0.22287527862983517,0.2736709407445283,0.1768327874382398,0.03417664641222607,0.24196584835618037,0.5470247177933537,1.0,0.3638864673084789,0.4545920839500053,1.7310903544877585,0.12928074525328118,6.76147516953658,2.458322059775321,2.042296744732457,199.71438892600216,4.296119016089506e-12,0.0,2.220446049250313e-16,0.0,0.0,1.3904420323451738e-09,2.1378044473552293e-10,2.096916938698623e-09,1.0808038700127476e-09
equilibrium_sigma_2_00,179.0,29.99617875588521,4.236970611466879,2.9276794857888504,2.148,2.6262579039956004,2.228814848008632,3.245011164826897,2.756434123944518,0.2839771253427288,-2.3839072437973075,-2.9276794857888504,4.48157173524144,1.5538922494525895,0.5640110114586512,1.9183917192011486,-0.10611315466833854,0.35407379780360476,1.0970111648268968,0.4782579039956003,2.088970611466879,0.03975531074888941,0.04141201629831162,0.04438027532913865,0.03238027532913865,0.018209748496232022,0.06024952066585598,0.048249520665855986,0.022654394251642174,0.370849319179208,0.11166803916471481,0.12238027532913864,0.07238027532913864,0.2051551024624673,0.7948448975375327,0.47384779957852646,0.41944587407165057,0.22231916749080485,0.27806076758738296,0.1843131777242682,0.035044930244209946,0.24202635978284312,0.5386155322486786,1.0,0.3525219742823873,0.443510394763201,1.7224922799202051,0.1331648479933445,6.763112201655676,2.5080955555166016,1.9544799857803452,200.2886169142024,-1.2595258169767476e-11,0.0,-4.440892098500626e-16,0.0,0.0,2.116396003587484e-08,3.2368462909992957e-09,3.15097157532751e-08,1.6245517705376633e-08
equilibrium_sigma_2_00,180.0,28.99617875588521,4.277680882270903,2.9692811871273466,2.16,2.671930682625034,2.2476047368416556,3.306940656833504,2.8288148741553822,0.3073470821870594,-2.430619559248018,-2.9692811871273466,4.626474599945211,1.6571934128178643,0.6036577574651973,1.9231300393148367,-0.01972649497313117,0.40682709491245517,1.1469406568335039,0.5119306826250338,2.1176808822709026,0.04169246576026474,0.041793861542614504,0.04700483655867007,0.035004836558670066,0.019391255875737163,0.06365404141117637,0.05165404141117637,0.024104768129307175,0.37880253502627287,0.11033152547333343,0.12500483655867006,0.07500483655867006,0.21090610542458588,0.7890938945754141,0.4913453443012263,0.41647129146879147,0.2217793216116559,0.2827763661241688,0.19209845651958135,0.035912597066953426,0.24205874375657271,0.5299302026568925,1.0,0.34079861931817834,0.4318860171913395,1.7137117426462236,0.13710292416224024,6.752719192751992,2.5579471485350216,1.865229780927994,200.84164797986733,-1.8882229113614812e-11,-4.440892098500626e-16,-2.220446049250313e-16,2.220446049250313e-16,0.0,-2.9201432341641187e-08,-4.766836474157099e-09,-4.461250991544263e-08,-2.2792952341504913e-08
equilibrium_sigma_2_00,181.0,27.99617875588521,4.320412897916204,3.011272623784061,2.172,2.7203510686502135,2.2676420560425807,3.372412659983616,2.90548716965861,0.33222716943323727,-2.477848589444207,-3.011272623784061,4.775204371134585,1.763931747350524,0.6431883318098468,1.9276415756194765,0.0695642538638751,0.4605546670981774,1.2004126599836158,0.5483510686502133,2.1484128979162036,0.04380177489036802,0.04219196838732001,0.04988001180796627,0.03788001180796627,0.020706921676440535,0.06733891156907035,0.05533891156907035,0.02567672572895141,0.38751518729686746,0.1088782317968808,0.12788001180796627,0.07788001180796626,0.21679313648654935,0.7832068635134506,0.5093706618197742,0.4134069874906384,0.2212591139753035,0.2878495500172532,0.20019149157428617,0.036778258643802936,0.24205960944314783,0.5209706403387631,1.0,0.32872165658075125,0.41971243089739074,1.7047594817115825,0.1410868518449625,6.729507894726925,2.607786512240853,1.7746870152554575,201.373057231563,-1.8904877663317166e-11,0.0,2.220446049250313e-16,0.0,0.0,5.459565018128831e-08,8.851968338885463e-09,8.229440193879833e-08,4.206777378876203e-08
equilibrium_sigma_2_00,182.0,26.99617875588521,4.365348216630257,3.0536715913942185,2.184,2.771783984822033,2.289068273184689,3.4417212304659883,2.9868004760865725,0.3587455055948008,-2.5256065591459596,-3.0536715913942185,4.928024145074872,1.8743525536806533,0.6826367793133246,1.931908737833132,0.1620493736904779,0.5154143906063645,1.2577212304659882,0.5877839848220328,2.1813482166302567,0.0461025212325257,0.042609495064106884,0.05303515792447621,0.04103515792447621,0.022171732889699477,0.07133215219834455,0.05933215219834455,0.027383660177182634,0.39707623613477633,0.10730809649773222,0.1310351579244762,0.0810351579244762,0.2228261917333838,0.7771738082666162,0.5279117877229448,0.41025499608709937,0.22076205504365415,0.2933160351616683,0.2085933373452495,0.03764060629078571,0.24202536562753763,0.5117406907364271,1.0,0.31629910222562696,0.4069863122781897,1.6956481078249936,0.14510756042912346,6.692708392305336,2.657515457964233,1.6830159724428535,201.88250207504043,-1.5846435275079784e-11,0.0,-8.881784197001252e-16,0.0,0.0,-6.291929881274694e-08,-1.0848393641738063e-08,-9.720406219521083e-08,-4.9264330462261974e-08
equilibrium_sigma_2_00,183.0,25.99617875588521,4.41268906631938,3.096499312361882,2.196,2.8265258788891408,2.3120409205380943,3.51519029233736,3.073138657390993,0.38704457010175863,-2.57390786064613,-3.096499312361882,5.085226690513537,1.9887273781516548,0.7220426199741796,1.9359105512575412,0.2580533433652482,0.5715880135063881,1.31919029233736,0.6305258788891406,2.2166890663193795,0.048616775400979834,0.04305014268346412,0.056503992212471425,0.04450399221247142,0.023802841979445058,0.07566554032001349,0.0636655403200135,0.029240924060980333,0.4075878551893073,0.10562175034255904,0.13450399221247142,0.08450399221247142,0.2290173807066251,0.7709826192933749,0.5469521837260315,0.4070181287665746,0.22029175476424537,0.2992160295644944,0.21730292868788428,0.03849846344624015,0.2419521929945055,0.50224641487137,1.0,0.30354203690355885,0.3937080153399085,1.6863921959505233,0.1491550344085568,6.6415803558099435,2.7070274922920112,1.5904059158040045,202.36973584561812,-1.1813217071221516e-11,0.0,-4.440892098500626e-16,0.0,0.0,6.063760821239939e-08,1.0373088950299536e-08,9.235781028155143e-08,4.684139448887792e-08
equilibrium_sigma_2_00,184.0,24.99617875588521,4.462661364504361,3.139781027335336,2.208,2.8849094395858486,2.336735935189748,3.5931777262296647,3.1649245909600388,0.41728333493758285,-2.622769549450049,-3.139781027335336,5.247139002336938,2.1073579750016025,0.7614516144574945,1.9396219558014556,0.3579398675202128,0.629285359644715,1.3851777262296645,0.6769094395858484,2.2546613645043605,0.0513699358853001,0.04351826568458235,0.060325418765968024,0.04832541876596802,0.025619974448108408,0.08037533937521602,0.06837533937521602,0.03126621621940551,0.41916793565444854,0.10382059786285205,0.13832541876596802,0.08832541876596801,0.2353813331937689,0.7646186668062311,0.5664702548677523,0.4037000566724821,0.21985187597160247,0.3055949121473279,0.22631674118763817,0.039350843885903604,0.2418360930375813,0.49249632188887693,1.0,0.29046492923860595,0.3798820795885897,1.6770083767100699,0.1532183295737558,6.575425141617014,2.7562073826619637,1.4970728180961625,202.8346207268279,-8.01225752411483e-12,0.0,0.0,0.0,0.0,-7.237937450776943e-08,-1.3122673475640667e-08,-1.1279488844329055e-07,-5.6737574825882486e-08
equilibrium_sigma_2_00,185.0,23.99617875588521,4.515518314716409,3.1835467050046278,2.22,2.947309188978633,2.363350430665449,3.6760802538050914,3.2626256864905625,0.44963981328279434,-2.6722119619366946,-3.1835467050046278,5.414127786930559,2.230581081925931,0.8009166242486476,1.9430129587313631,0.4621178340017881,0.6887494140437816,1.4560802538050912,0.7273091889786327,2.2955183147164084,0.054391406491697575,0.044019010087300775,0.06454455158518455,0.05254455158518455,0.027645932560328122,0.08550322282641076,0.07350322282641077,0.03348006706760387,0.4319531866217713,0.10190689975357188,0.14254455158518453,0.09254455158518453,0.24193567940125535,0.7580643205987446,0.5864388597846268,0.40030539383661345,0.2194460780028009,0.3125040298028594,0.2356284281096653,0.04019701982533625,0.241672963008154,0.4825015890568445,1.0,0.27708596394429996,0.3655177488441195,1.6675154148752853,0.15728560794603466,6.493598736346583,2.804930666808014,1.4032609670122906,203.27714051757158,-4.9897863618753036e-12,0.0,-2.220446049250313e-16,0.0,0.0,2.8200941658285128e-08,5.069254127576528e-09,4.329219155385644e-08,2.1793189218521913e-08
equilibrium_sigma_2_00,186.0,22.99617875588521,4.571544953524283,3.2278319478235926,2.232,3.0141485494049682,2.3921061944611166,3.764339523339979,3.366760729368606,0.48431426313177783,-2.7222595476778944,-3.2278319478235926,5.586606454604689,2.358774506781096,0.8404987334084937,1.9460475552251262,0.5710488428596014,0.750262758025539,1.5323395233399788,0.782148549404968,2.3395449535242827,0.057715394520161264,0.04455849221480958,0.06921398731138143,0.05721398731138143,0.02990721347728232,0.09109741982760156,0.07909741982760156,0.035906434426857814,0.4461029918526709,0.09988386769108551,0.1472139873113814,0.09721398731138141,0.24870165674078046,0.7512983432592195,0.606824868200091,0.39683977240598456,0.2190779494023581,0.32000166435847793,0.24522845916159558,0.04103661013912181,0.2414585790443099,0.4722763516549726,0.9999999999999999,0.263427338305939,0.35062946786646787,1.6579342507149466,0.16134420253246534,6.395525587726681,2.8530630991551837,1.3092440250829314,203.69741345179384,-2.859490422224553e-12,0.0,-2.220446049250313e-16,0.0,0.0,2.698287093760854e-09,4.887073107306961e-10,4.116778848373137e-09,2.0690430653502734e-09
equilibrium_sigma_2_00,187.0,21.99617875588521,4.631063258404357,3.272679025617891,2.244,3.085907740121779,2.4232535841625324,3.858449207839584,3.47790795905395,0.5215328671488821,-2.7729418183329475,-3.272679025617891,5.765043135228662,2.4923641096107714,0.8802682728113893,1.9486824865047847,0.6852555902967056,0.8141550890086952,1.6144492078395838,0.8419077401217789,2.3870632584043565,0.06138202202155413,0.04514402026532783,0.07439542207078417,0.062395422070784176,0.0324348056233153,0.09721423757547143,0.08521423757547143,0.03857349356040096,0.46180430930540656,0.09775573626246217,0.15239542207078416,0.10239542207078416,0.2557047738347881,0.7442952261652118,0.6275886617405613,0.3933099275041046,0.21875093209222415,0.32815412953375067,0.25510371316200164,0.04186966844987432,0.24118878879472191,0.4618378295934022,1.0,0.24951559663382392,0.3352374002442396,1.6482880556863975,0.16538069020417434,6.280712327169228,2.9004600181943383,1.2153263997869017,204.09570250821935,-1.5010215292932116e-12,0.0,-2.220446049250313e-16,0.0,0.0,1.5906609217297696e-08,2.9480723487407268e-09,2.4325389424983968e-08,1.2179897486419566e-08
equilibrium_sigma_2_00,188.0,20.99617875588521,4.69443889142634,3.3181382476689922,2.2560000000000002,3.1631341868599048,2.4570766568515823,3.9589641635655988,3.5967154170073234,0.5615525322942116,-2.824294670824258,-3.3181382476689922,5.949971293709939,2.6318330460409465,0.9203062819019263,1.9508656097127814,0.805332929677902,0.8808130356420433,1.7029641635655985,0.9071341868599045,2.4384388914263395,0.06543863189019171,0.04578438883285564,0.0801616998712858,0.0681616998712858,0.035265178291890784,0.10391996771774714,0.09191996771774714,0.04151461567181158,0.47927787839783564,0.09552785742147535,0.15816169987128578,0.10816169987128578,0.2629756811741705,0.7370243188258295,0.6486837468177483,0.3897237630409828,0.21846823437041865,0.3370371297224966,0.26523710490974645,0.04269680295120732,0.24085950362676498,0.4512065885122813,1.0,0.2353818896321086,0.3193678737861743,1.6386022254155619,0.16938100545814488,6.1487618783362,2.946965547822465,1.1218435425382207,204.4724253814728,-7.194245199571014e-13,0.0,0.0,2.220446049250313e-16,0.0,1.9156752073534733e-08,3.6309327072769904e-09,2.934453374736634e-08,1.4636463069317429e-08
equilibrium_sigma_2_00,189.0,19.99617875588521,4.762089169417714,3.3642696102682375,2.2680000000000002,3.246454774991221,2.4938991855739094,4.0665115413579995,3.723913605149484,0.6046666495239252,-2.8763619826394144,-3.3642696102682375,6.142002484782893,2.7777328745146552,0.960705969325623,1.952533942695995,0.9319608515610265,0.9506921050475341,1.7985115413579993,0.9784547749912207,2.494089169417714,0.06994156257649155,0.04649025785555805,0.08659946310165642,0.07459946310165642,0.03844156910054378,0.11129342145643761,0.09929342145643762,0.04476966498745405,0.49878625182320124,0.09320677481711523,0.1645994631016564,0.1145994631016564,0.2705511699199841,0.7294488300800159,0.6700563453355374,0.3860904212929587,0.21823273652883912,0.3467373329494448,0.27560718581228155,0.04351930310404282,0.24046685757290237,0.44040665351077324,1.0,0.22106224862518994,0.3030538120143957,1.6289043772631724,0.17333056556252846,5.9993867428790475,2.992411626718444,1.0291622458687315,204.8281609808631,-3.1041835768519377e-13,-4.440892098500626e-16,0.0,0.0,0.0,1.1725675486129461e-08,2.2718534414822855e-09,1.798080440096328e-08,8.932249696835814e-09
equilibrium_sigma_2_00,190.0,18.99617875588521,4.834493170279203,3.4111449061748815,2.2800000000000002,3.3365913302614683,2.5340922396496417,4.181804907657019,3.860331584275944,0.651212404674339,-2.9291976912040085,-3.4111449061748815,6.341842655383661,2.9306977492087793,1.0015744679533418,1.9536111858667473,1.0659208604895707,1.0243319440631062,1.9018049076570192,1.056591330261468,2.554493170279203,0.07495843361297239,0.047274656860663344,0.09381260753968992,0.08181260753968993,0.042015649211962824,0.11942925447261388,0.10742925447261388,0.04838668962503512,0.5206442652717876,0.09080030265191713,0.17181260753968994,0.12181260753968993,0.2784754060737177,0.7215245939262823,0.6916450580269836,0.3824203401354128,0.2180468889887521,0.3573542592910047,0.28618776618786335,0.04433929179061592,0.24000731775609085,0.42946562426542995,1.0000000000000002,0.20659781112192097,0.2863350921937235,1.6192243122436132,0.17721442269021564,5.8324213390847195,3.0366167228432595,0.9376801378680226,205.1636532187244,-1.1945999744966684e-13,0.0,-8.881784197001252e-16,0.0,0.0,-5.599544702916681e-09,-1.1087758072791942e-09,-8.591785033429389e-09,-4.249666028799393e-09
equilibrium_sigma_2_00,191.0,17.99617875588521,4.912204457748773,3.4588504154287025,2.2920000000000003,3.434380048423961,2.5780836630585497,4.305662199828026,4.006917505628255,0.7015800317866328,-2.9828684694334298,-3.4588504154287025,6.550312874832206,3.091462459403503,1.0430348339999753,1.9540045946318605,1.208116480760795,1.1023758298286983,2.0136621998280257,1.1423800484239606,2.620204457748773,0.0805711779453006,0.04815366138151351,0.1019268530833706,0.0899268530833706,0.046049715655291396,0.1284424060399303,0.1164424060399303,0.05242416898809665,0.545232888131426,0.08831760231218165,0.17992685308337059,0.1299268530833706,0.28680143522439744,0.7131985647756025,0.7133805802501939,0.37872530135746707,0.21791260559153514,0.3690025224590357,0.29694755435830256,0.04515990157991362,0.23947780991858839,0.4184147341431955,1.0,0.19203501123237007,0.2692588301727598,1.6095939560792218,0.18101743440932733,5.64783270006673,3.079384134740493,0.8478244791394925,205.47981084918692,-3.907985046680551e-14,0.0,8.881784197001252e-16,0.0,0.0,-2.8794988879421446e-08,-5.82731592840835e-09,-4.41946166468421e-08,-2.1756632988256808e-08
equilibrium_sigma_2_00,192.0,16.99617875588521,4.995867327226835,3.5074903879094363,2.3040000000000003,3.540796232462537,2.6263700907657914,4.4390288547582,4.164765129512454,0.7562246801022579,-3.0374572088949,-3.5074903879094363,6.768376039731294,3.2608856518218574,1.0852283510522276,1.9536009839767592,1.3595992944442965,1.185595889388057,2.1350288547581995,1.2367962324625368,2.6918673272268343,0.08688011111010864,0.049147314829274605,0.11109587886143388,0.09909587886143388,0.05061961649923355,0.13847409644274222,0.1264740964427422,0.05695403843097857,0.5730178147316177,0.08576926155828778,0.18909587886143386,0.13909587886143387,0.29559303602990245,0.7044069639700976,0.7351854803962451,0.37501846833263836,0.21783115460816338,0.3818144879507461,0.30784982289042895,0.04598548111200643,0.23887583874546497,0.4072888572520995,0.9999999999999998,0.17742572813451576,0.2518795770196951,1.6000472803286394,0.1847244489750552,5.44572895750309,3.1204997068491114,0.7600500874057852,205.77770269253605,-1.0658141036401503e-14,-4.440892098500626e-16,2.220446049250313e-16,0.0,0.0,-4.729253758051222e-08,-9.784558253900233e-09,-7.25962314845896e-08,-3.555243966585353e-08
equilibrium_sigma_2_00,193.0,15.99617875588521,5.086237813143108,3.557191614305092,2.316,3.6569862137327456,2.6795323785634673,4.583007978851391,4.335148508230098,0.8156818255634235,-3.0930676059738693,-3.557191614305092,6.997171703357971,3.4399800890528787,1.128317203391181,1.9522615625231667,1.5216024377055835,1.2749261558722305,2.2670079788513915,1.3409862137327457,2.7702378131431082,0.09400947419840595,0.05028090604857893,0.12150969271131143,0.10950969271131143,0.055818715032394,0.14970004773129375,0.13770004773129374,0.0620658207572955,0.6045748263979134,0.08316738285011807,0.19950969271131141,0.14950969271131143,0.3049270239903189,0.6950729760096811,0.7569740434256338,0.3713144126176423,0.21780305061459174,0.39594340936562594,0.31885210965324345,0.046821838927830706,0.23819958739668587,0.39612646402223994,1.0,0.16282739090482534,0.2342594181111674,1.5906202083678622,0.18832049944193113,5.226365032745432,3.159728732364194,0.6748362336812046,206.0585475017823,-2.220446049250313e-15,0.0,1.3322676295501878e-15,0.0,0.0,-3.763502061382429e-08,-7.965399194398426e-09,-5.778663247912874e-08,-2.8135023581732366e-08
equilibrium_sigma_2_00,194.0,14.99617875588521,5.184211238833803,3.6081095199360633,2.328,3.784309164944267,2.738255700539717,4.73890025168407,4.519567974431217,0.8805875661841798,-3.149830282942574,-3.6081095199360633,7.238062136759619,3.6299526168235556,1.1724876074616222,1.9498151607458922,1.695584323017534,1.3715065154803405,2.4109002516840703,1.4563091649442672,2.856211238833803,0.10211511243989828,0.0515867727964142,0.13340625623767496,0.12140625623767497,0.0617633562481313,0.16234193905173555,0.15034193905173554,0.0678723657021596,0.6406250189020454,0.08052569174527051,0.21140625623767498,0.16140625623767496,0.3148961451238473,0.6851038548761528,0.7786521777086987,0.3676291297895212,0.21782795079177358,0.4115670956619514,0.329905959989986,0.04767653510389234,0.23744797338793508,0.3849695315181865,1.0,0.14830304093517188,0.21646797033711165,1.581350512978497,0.19179099907484204,4.990145006657998,3.196811739214227,0.5926823346219057,206.32369772637009,-8.881784197001252e-16,0.0,0.0,-1.1102230246251565e-16,0.0,3.3831850487775483e-08,7.146514310885088e-09,5.1250418825476984e-08,2.4903602638404188e-08
equilibrium_sigma_2_00,195.0,13.99617875588521,5.290858922843399,3.660436432213354,2.34,3.9243928024021173,2.8033561512398095,4.908257530361062,4.71981206839215,0.9517057714481885,-3.2079110909146236,-3.660436432213354,7.492694216096769,3.8322577838834153,1.2179535298849131,1.9460492136109275,1.883286655968842,1.4767420595738914,2.5682575303610617,1.5843928024021174,2.9508589228433992,0.11139531633435425,0.05310690056866856,0.1470879606381156,0.1350879606381156,0.06860055417159928,0.17668367383816275,0.16468367383816274,0.07451797655932957,0.682084729206411,0.07785968266795411,0.22508796063811562,0.1750879606381156,0.3256127555447553,0.6743872444552448,0.8001173787962067,0.36398004560464486,0.21790455949600349,0.4288921345428307,0.34095671457783944,0.048559235566662966,0.2366206270621742,0.3738634227933234,1.0,0.1339213562065415,0.19858227940642653,1.5722777140705737,0.19512192921561905,4.737620725751551,3.2314587498069263,0.5141022383123455,206.57461639418966,-4.440892098500626e-16,0.0,-4.440892098500626e-16,0.0,0.0,9.482218647771656e-08,2.0547813818494465e-08,1.4386261124044175e-07,6.939770579028615e-08
equilibrium_sigma_2_00,196.0,12.99617875588521,5.407477965713981,3.7144130197435716,2.352,4.0792090170648665,2.8758166061664343,5.092956139676654,4.93804240446424,1.0299650516704615,-3.267522587579987,-3.7144130197435716,7.76308409198659,4.048671072243018,1.2649611833973327,1.9406975357254752,2.0868128699258097,1.592384656429538,2.7409561396766544,1.7272090170648666,3.055477965713981,0.12210646424034279,0.05489675487186048,0.16294551483866085,0.15094551483866084,0.07651904616084289,0.19309499073916214,0.18109499073916213,0.08219017174848631,0.7301379237535177,0.07518682852363755,0.24094551483866086,0.19094551483866085,0.3372135679370563,0.6627864320629437,0.8212587385656501,0.3603860144438395,0.21803054509103156,0.4481586329885093,0.3519433452143564,0.04948215053199518,0.23571774406070028,0.36285676019294805,0.9999999999999999,0.1197566451610144,0.18068662749819442,1.5634429868359958,0.19830000962462918,4.469486326424059,3.2633414666199996,0.4396168677422805,206.81284621994806,-8.881784197001252e-16,0.0,6.661338147750939e-16,0.0,0.0,-9.666252062667802e-09,-2.164863142917195e-09,-1.4747745663568068e-08,-7.0474138608167536e-09
equilibrium_sigma_2_00,197.0,11.99617875588521,5.535660106961952,3.770344458696848,2.364,4.251178701742273,2.9568360311580233,5.2952990489990555,5.176912259256136,1.116510091778584,-3.3289402367949084,-3.770344458696848,8.05173535426934,4.281390895572492,1.3137945680967398,1.9334234193621362,2.30873633484146,1.7206472134974102,2.9312990489990556,1.8871787017422728,3.1716601069619523,0.13458617511290677,0.05703108009254122,0.18149348504667542,0.1694934850466754,0.08576559951705763,0.21206661636963275,0.20006661636963274,0.09113714384278992,0.7863438940808345,0.07252689379524647,0.2594934850466754,0.20949348504667542,0.34986586811691045,0.6501341318830895,0.8419569747412755,0.35686731429398316,0.2182024729513901,0.4696452935270633,0.3627983337775601,0.05046058642993047,0.23473975763323177,0.3520013221592776,0.9999999999999999,0.10588882692334539,0.16287227778157456,1.5548890955561108,0.20131283929909438,4.1865685678684565,3.2920826304941047,0.369744975370687,207.03996997792848,8.881784197001252e-16,4.440892098500626e-16,-2.220446049250313e-16,0.0,0.0,-1.8840081800197694e-08,-4.341205971092332e-09,-2.883730784719596e-08,-1.365431949451601e-08
equilibrium_sigma_2_00,198.0,10.99617875588521,5.677389342762878,3.828623894335032,2.376,4.443320887949482,3.047899028630834,5.518161853107178,5.439736373127506,1.2127747095754158,-3.3925258939871537,-3.828623894335032,8.361808162998706,4.533184268663674,1.3647825694957285,1.9237956781133483,2.5522535718341133,1.8643674563234778,3.142161853107178,2.067320887949482,3.3013893427628784,0.14928856740595364,0.05961294156258074,0.20342476995315587,0.19142476995315585,0.09666978812432182,0.23426415316940563,0.22226415316940562,0.10169444221719282,0.8528023331913813,0.06990241377447395,0.28142476995315585,0.23142476995315586,0.3637758380772778,0.6362241619227222,0.8620844722254751,0.35344563972166926,0.2184157585106873,0.49367441069823537,0.37344759787856946,0.0515136590980765,0.23368670517137335,0.34135203785198076,1.0,0.09240340360893165,0.14523718075981415,1.5466603605758906,0.20414899851249885,3.8898129430658277,3.3172415535245716,0.30499161262641067,207.25756037668722,-2.6645352591003757e-15,0.0,4.440892098500626e-16,0.0,0.0,2.715456559609919e-08,6.375850881978895e-09,4.1480930634829605e-08,1.9490202951555347e-08
equilibrium_sigma_2_00,199.0,9.99617875588521,5.835184024399056,3.8897674520271255,2.388,4.659470829646823,3.150876594900121,5.765206986653007,5.7307406844795805,1.320588639225513,-3.458762819383592,-3.8897674520271255,8.697367969531166,4.80760051750404,1.4183083527896168,1.911253774552738,2.8214072144281936,2.0272486057656307,3.3772069866530074,2.271470829646823,3.447184024399056,0.16683984668385055,0.06278831334148874,0.22969702590509353,0.21769702590509352,0.10968296052138381,0.26061359898132963,0.24861359898132962,0.11432718289183796,0.9324152300154348,0.06733943346297483,0.3076970259050935,0.2576970259050935,0.37919994743942803,0.6208000525605719,0.8815052953943547,0.3501440997829597,0.21866464385532483,0.5206158609735865,0.383810449580674,0.052665232172522065,0.23255716949224547,0.3309671487545584,1.0,0.07939145208578231,0.1278857045168115,1.538802678664631,0.20679809833354357,3.5802658601758837,3.338294415532305,0.245833976876109,207.4671172614461,-3.1086244689504383e-15,-4.440892098500626e-16,-1.1102230246251565e-15,0.0,0.0,2.2997526188950346e-08,5.5760929207337995e-09,3.53322263946243e-08,1.6419268514256125e-08
equilibrium_sigma_2_00,200.0,8.99617875588521,6.0123106582008266,3.9544683019888924,2.4,4.904609969571798,3.2681770910536194,6.041208658816498,6.055442002403322,1.4423388686042862,-3.528309716563947,-3.9544683019888924,9.063763790295118,5.109295488306225,1.4748224579506868,1.8950553421984382,3.121421778346808,2.2142239391524283,3.6412086588164985,2.504609969571798,3.6123106582008266,0.18812954419932065,0.06677058006929276,0.2616754677211837,0.2496754677211837,0.12544208038184995,0.2924426959882709,0.2804426959882709,0.12969958975150853,1.029319599155102,0.0648686570469465,0.3396754677211837,0.2896754677211837,0.39646102432343244,0.6035389756765676,0.9000751505900491,0.34698722439969165,0.21894220122325997,0.5508883042978815,0.39379958346490135,0.05394518284738062,0.23134655591400852,0.3209086777737095,0.9999999999999999,0.06694964910466712,0.11092845997164734,1.5313636078263686,0.20925076743043142,3.259053234148523,3.354607368598897,0.1927041205800848,207.66998811193267,-8.881784197001252e-16,0.0,-1.7763568394002505e-15,0.0,0.0,-4.8480619546653614e-08,-1.2154114811813166e-08,-7.499693255308415e-08,-3.444494731108527e-08
equilibrium_sigma_2_00,201.0,7.996178755885211,6.213118409687203,4.023683537200117,2.412,5.185385497068277,3.402981593877934,6.352565507571439,6.421248406529348,1.5812231719613683,-3.602087545367156,-4.023683537200117,9.468226741285392,5.444543204085274,1.5348621364421584,1.8741940288681302,3.45923006355265,2.432029201326224,3.9405655075714394,2.7733854970682774,3.801118409687203,0.2144677340107895,0.07188370472918336,0.30138053532307957,0.28938053532307956,0.14487955216598813,0.3317262148438971,0.31972621484389707,0.14879529285694026,1.1496379858275136,0.06252725259198982,0.3793805353230795,0.32938053532307954,0.4159717775052076,0.5840282224947924,0.9176412636663275,0.34400098517672434,0.219240366509096,0.5849542187349479,0.40332108250061927,0.055391150069985955,0.23004435941669468,0.31124340801270006,1.0,0.055180353343560584,0.09448234043869792,1.5243925332256725,0.21149856415582013,2.9273559910840494,3.3653996453899717,0.14596799011337266,207.86726533589282,-8.881784197001252e-16,0.0,1.0125233984581428e-13,-1.1102230246251565e-16,0.0,-1.2874805083162855e-08,-3.3317371500585224e-09,-2.0044841564370586e-08,-9.099466014017565e-09
equilibrium_sigma_2_00,202.0,6.996178755885211,6.443588250833181,4.0987806792438715,2.424,5.510969198968381,3.5596290710331466,6.708149424348358,6.838455673990162,1.7416682518612543,-3.6814259132256613,-4.0987806792438715,9.920864043095424,5.822083363851553,1.5990819219080277,1.8472644351613705,3.8443400088208364,2.6901421383174196,4.284149424348358,3.0869691989683807,4.019588250833181,0.24787247965097098,0.07864282693482623,0.35194351000480995,0.33994351000480993,0.1694237395690846,0.3815375534266252,0.3695375534266252,0.1731381807745791,1.3028591212266967,0.060361727260872765,0.4299435100048099,0.3799435100048099,0.4382708949822778,0.5617291050177222,0.9340421363727237,0.341212836816637,0.2195500057806749,0.6233025841581641,0.41227442944085935,0.05705101476573445,0.22862984554347787,0.30204471024992835,1.0,0.04419176863027511,0.07867096120803796,1.5179409312832406,0.2135338019288655,2.586382874207997,3.369692518646409,0.10590020538922154,208.05964909042936,-1.7763568394002505e-15,0.0,1.3733458814613186e-12,0.0,0.0,1.6131917413009234e-08,4.301548589547011e-09,2.5266043146565664e-08,1.1339831351708796e-08
equilibrium_sigma_2_00,203.0,5.996178755885211,6.712290373349607,4.181799913491662,2.436,5.894565486213837,3.7442861600253656,7.120798194602704,7.322003539399007,1.9300623015411695,-3.768325129890333,-4.181799913491662,10.436412151524614,6.254612238032952,1.668305836736994,1.8122260109013955,4.290352023005058,3.0024138215408587,4.684798194602704,3.4585654862138373,4.276290373349607,0.2916356665602259,0.0879160118949908,0.4185084367130779,0.4065084367130779,0.20139320419381135,0.44694365284758675,0.43494365284758674,0.20522900559427626,1.50457102034266,0.058432610163505795,0.49650843671307787,0.4465084367130779,0.4640819326936428,0.5359180673063573,0.9491071234724786,0.3386517890096786,0.2198610175202893,0.6664081063803519,0.4205524997582857,0.05898652968318866,0.227065164715468,0.2933958058430577,1.0,0.03409822727343933,0.06362582147085387,1.5120627581385147,0.21534927296827489,2.2373404892709248,3.3662376627963018,0.07265404691370478,208.2472558504423,-2.6645352591003757e-15,-4.440892098500626e-16,-9.141576384763539e-13,0.0,0.0,-6.41822993641128e-08,-1.7685731226735335e-08,-1.0139203959758092e-07,-4.496839209333636e-08
equilibrium_sigma_2_00,204.0,4.996178755885211,7.032187159574734,4.275960450027221,2.448,6.356271040560536,3.9662057180693595,7.610150202311584,7.89481856664466,2.156141630951003,-3.8659622835222125,-4.275960450027221,11.037575446960481,6.76161499693326,1.7436246248385578,1.765956340253818,4.81782946992702,3.390117488163387,5.162150202311585,3.908271040560536,4.584187159574734,0.35154737402669467,0.10128034964461957,0.5101933363655204,0.49819333636552043,0.24484885347159188,0.5369534413057764,0.5249534413057764,0.24949429233922515,1.7824040495924864,0.05682232918387693,0.5881933363655205,0.5381933363655205,0.49441730315439786,0.5055826968456021,0.9626556878637877,0.3363485330631561,0.2201624716379998,0.7146473079255514,0.4280414658019529,0.06127883698804203,0.22528414593677623,0.28539555127322885,1.0,0.025020689131262208,0.04948881614693232,1.5068150223725245,0.21693784506678482,1.8813995959304162,3.353414258688041,0.04622637089760999,208.42933749544832,-8.881784197001252e-16,0.0,-5.484501741648273e-13,0.0,0.0,5.211660875081847e-08,1.4758072361398256e-08,8.282181485075313e-08,3.634972481347809e-08
equilibrium_sigma_2_00,205.0,3.996178755885211,7.424395597408486,4.386741827902222,2.46,6.929080747833065,4.240348335460208,8.208607410214494,8.59486098965626,2.435899802058323,-3.979772055797966,-4.386741827902222,11.762066984306207,7.375325156403985,1.8265962969348841,1.7033119908334042,5.460317484238396,3.8882476052416073,5.748607410214494,4.469080747833065,4.964395597408486,0.43890136659560636,0.12190931895157804,0.6449242661797306,0.6329242661797306,0.30768364895656836,0.6693270780555594,0.6573270780555593,0.31462610794008583,2.1906795944840325,0.055649086821521775,0.7229242661797307,0.6729242661797307,0.5307820982539043,0.4692179017460957,0.9744959508882085,0.33433568834900457,0.22044278047499283,0.7681369933372887,0.4346204081431576,0.06403727610868763,0.2231733786294552,0.27816893711869956,0.9999999999999999,0.0170877129049003,0.036417435995753734,1.502258694856409,0.21829187895194202,1.5196541151604461,3.329075260755677,0.026417696080541956,208.60384471959188,3.3314684344532e-11,0.0,-3.4372504842394846e-13,0.0,0.0,1.858610471638933e-07,5.412855530462224e-08,2.977637906242947e-07,1.2940710797382238e-07
equilibrium_sigma_2_00,206.0,2.996178755885211,7.927255208153761,4.524543724171177,2.472,7.6734442489641435,4.593690711762525,8.975812083629918,9.492265470058475,2.798638139455108,-4.120105541981081,-4.524543724171177,12.67973882310107,8.155195098929894,1.9197173742197666,1.6148401824684515,6.278915236317166,4.560542261996656,6.503812083629919,5.201444248964144,5.45525520815376,0.5793128855657061,0.15720951606409037,0.8636649481494055,0.8516649481494055,0.40774785053999446,0.8847523248078915,0.8727523248078914,0.4204780089067661,2.8535301459072895,0.05509299289848752,0.9416649481494056,0.8916649481494056,0.5756343517904267,0.42436564820957334,0.9844213858817134,0.33264836440010875,0.22068987678550378,0.8264336548651788,0.44015999872611034,0.06741438562181588,0.22053836945381702,0.27188724619825677,1.0,0.010437671459252054,0.024595938675265723,1.4984604017848544,0.2194023298146376,1.153063544753432,3.290301585100637,0.012788641790671395,208.76670253518165,1.2792433778940904e-11,0.0,-1.8474111129762605e-13,0.0,0.0,-1.4150453756522907e-06,-4.214944006042387e-07,-2.2816305678130533e-06,-9.83994944026012e-07
equilibrium_sigma_2_00,207.0,1.9961787558852109,8.623569747125536,4.712815949613945,2.484,8.721197957346682,5.084151363583352,10.042412743391132,10.741245860954786,3.3082698570570246,-4.310357785738905,-4.712815949613945,13.944464239242837,9.231648289628893,2.027762404592618,1.4797976758907636,7.4062237018940955,5.544209573399886,7.558412743391132,6.237197957346682,6.139569747125536,0.8468705350287531,0.2291402872690571,1.285671059677953,1.273671059677953,0.5965510175580367,1.3019639945444084,1.2899639945444084,0.6249004901937028,4.132336544478646,0.05545053864870207,1.363671059677953,1.313671059677953,0.633663263730198,0.366336736269802,0.9922018413513863,0.3313256869702643,0.22089130159747086,0.8879720068969146,0.4445181227526419,0.07163374325659613,0.2170371472350412,0.2668109867557207,0.9999999999999999,0.0052247662945711535,0.014262195890513106,1.4954963581436536,0.22025711095278688,0.7823559756435986,3.232958188943288,0.004614917455582979,208.91050970895571,-7.982059457845025e-11,0.0,-6.217248937900877e-14,0.0,0.0,6.163795190361476e-06,1.8668100016661082e-06,9.973952202591008e-06,4.274493425882042e-06
equilibrium_sigma_2_00,208.0,0.9961787558852109,9.762696392924093,5.0250100344310935,2.496,10.473153126798147,5.885303929503732,11.807226703566757,12.814234170002695,4.159412615844147,-4.623911575905833,-5.0250100344310935,16.02821143088003,11.003201396448937,2.163138881673879,1.234151769620127,9.24388569654958,7.249164047875582,9.311226703566756,7.977153126798147,7.266696392924093,1.588021586794903,0.4424360826280484,2.4714245986530607,2.4594245986530607,1.114502941232196,2.480203295537599,2.468203295537599,1.2006403757375075,7.725529086827455,0.057269356914652174,2.5494245986530606,2.4994245986530608,0.7168697473129444,0.2831302526870556,0.9975537150483452,0.33041586844178134,0.22103379676910964,0.9488910422751573,0.44752391242072376,0.0770468957333558,0.21202710757866922,0.2634020842672512,0.9999999999999999,0.0016390109176086995,0.005788893634832809,1.4934643055543697,0.22083707666166752,0.40782678567702546,3.150677695135207,0.000841144734353053,209.02191953459345,4.782041429507444e-11,-8.881784197001252e-16,-7.283063041541027e-14,-1.1102230246251565e-16,0.0,1.0117228908868015e-05,3.0965993524367796e-06,1.6415496763233506e-05,7.009097207522075e-06
equilibrium_sigma_2_00,208.9961787558852,0.0,14.058697594708068,6.288030910268399,2.5079541450706224,17.3278835701106,8.8768818719848,18.663867780696165,20.932085932003737,7.5064902594257585,-5.8875471557858745,-6.288030910268399,24.150912982897886,17.862882072629485,2.4100714082343724,0.1354268747141929,16.184973510273444,14.08911614614324,16.15591363562554,14.819929425039978,11.550743449637446,20.387855087505102,6.174709683997669,32.922000000000196,32.910000000000196,14.08689273531618,32.92356144269612,32.91156144269612,16.164255198507387,100.00000000000058,0.06174709683997633,33.00000000000019,32.950000000000195,0.9067552265065348,0.09324477349346516,0.999975613310333,0.3300041457372434,0.22109933671540435,0.9981083489977141,0.4488862751495854,0.08383587416632471,0.20437855087504983,0.2628992998090401,1.0,1.6339082076874953e-05,0.00017522785958636102,1.4925465491112604,0.22109738576833765,0.030228956228956053,3.0228956228956227,1.0414442543778026e-06,209.0751274467742,1.9872814505106362e-10,0.0,1.7763568394002505e-15,0.0,0.0,0.0,8.881784197001252e-16,0.0,-3.552713678800501e-15
