scenario,time,time_to_terminal,log_capital,log_capability,log_population,log_consumption,log_shadow_value,log_output,log_wage,log_ai_services,log_human_research,log_production_labor,log_automated_research,log_effective_research,log_output_per_capita,log_consumption_per_capita,log_capital_per_capita,capital_growth,capability_growth,consumption_growth,consumption_per_capita_growth,shadow_growth,output_growth,output_per_capita_growth,wage_growth,output_capital_ratio,capability_growth_to_output_capital,gross_capital_return,net_capital_return,human_research_share,ai_share,automated_research_share,inference_share,research_resource_share,investment_share,consumption_share,resource_share_sum,production_labor_share,aggregate_labor_share,shadow_capability_to_capital,singularity_time_estimate,monopoly_foc_log_error,research_compute_foc_log_error,research_human_foc_log_error,labor_market_error,euler_residual
equilibrium_sigma_1.35,0.0,333.22103112977265,0.9200248718261719,0.0,0.0,-0.4673842508107585,-0.7350228162292886,-0.06914801353436584,-0.5476544757011056,-4.280636077617011,-6.741657502451486,-0.0011813861015456156,-9.075044870665913,-7.293195642234113,-0.06914801353436584,-0.4673842508107585,0.9200248718261719,0.06660414600842716,0.003695026253355357,0.04472177104413285,0.03272177104413285,0.041469080053784926,0.03161501103382536,0.019615011033825357,0.01902618160409819,0.37188415467919045,0.009935960451294053,0.12272177104413286,0.07272177104413285,0.0011806885397088141,0.07615436378610112,0.1435966805310288,0.014824292419869323,0.00012268421555187967,0.31354964857004164,0.671503374794537,0.9999999999999999,0.6189765762633123,0.6197082587023249,0.19108294311419674,21.22937745414167,-1.1700640456524525e-11,-1.1102230246251565e-16,1.155742168634788e-13,0.0,0.0
equilibrium_sigma_1.35,1.0,332.22103112977265,0.9831354438520165,0.0037336392888889956,0.012,-0.4246930322120219,-0.6955384650141941,-0.03876239324959746,-0.529828828062275,-4.238515727770931,-6.698334526764938,0.010781000805270561,-8.996070599701593,-7.244714016819883,-0.05076239324959746,-0.43669303221202194,0.9711354438520164,0.0598125727203663,0.0037715935979172276,0.040770708770731905,0.028770708770731904,0.03760729972967361,0.029224913583869583,0.017224913583869583,0.016692225622838563,0.35991123869918756,0.010479232633992603,0.1187707087707319,0.0687707087707319,0.0012182565170162276,0.07670627583964176,0.14580277656412152,0.014943378696470878,0.00012879247029415634,0.30511015192872937,0.6798176769045056,1.0,0.61860679518744,0.6193613361716189,0.18731936781282713,22.93560033699709,-1.1863993294725095e-11,5.551115123125783e-16,1.7197354651443675e-13,0.0,0.0
equilibrium_sigma_1.35,2.0,331.22103112977265,1.0399995710918715,0.007541959048144465,0.024,-0.3856454296573869,-0.6596151911382238,-0.010575378451806783,-0.5141500427915804,-4.199286669840759,-6.657444055983662,0.02274524725935235,-8.92382255837879,-7.1992207956581735,-0.03457537845180678,-0.40964542965738693,1.0159995710918714,0.05407196392574336,0.003844473470273827,0.03741308142864621,0.02541308142864621,0.034325806805796534,0.027204043925310728,0.015204043925310728,0.014719001828478184,0.34973661038983694,0.010992482216798953,0.1154130814286462,0.0654130814286462,0.0012539658675723645,0.07720839541234897,0.14776634454169302,0.015051866877898747,0.00013459407245779183,0.297572404014949,0.6872411350346944,0.9999999999999999,0.6182703750737261,0.6190466384287512,0.18413744745805297,24.57375651951008,-1.2010181044130874e-11,2.220446049250313e-16,2.403632848313464e-13,0.0,0.0
equilibrium_sigma_1.35,3.0,330.22103112977265,1.0915607237359388,0.011421516523928693,0.036000000000000004,-0.3497068509134455,-0.6267305961046294,0.015744616031154957,-0.5002942032733148,-4.162502270087413,-6.6186358515873005,0.03471113267266713,-8.857302674945739,-7.156293482131597,-0.020255383968845048,-0.3857068509134455,1.0555607237359388,0.04917703695490666,0.003914141813704065,0.034536379955977296,0.022536379955977296,0.031513939658774075,0.02548050662715129,0.013480506627151289,0.013036197429316942,0.3410193331999312,0.011477771001942874,0.1125363799559773,0.0625363799559773,0.0012880370945640798,0.07766807983829845,0.1495197600100699,0.0151513081738975,0.00014011496539082283,0.2908252620878876,0.6938833147728242,1.0000000000000002,0.6179623865083399,0.6187593715314817,0.18143282511994724,26.15079621679505,-1.2140238467295283e-11,0.0,3.1907809727727e-13,0.0,0.0
equilibrium_sigma_1.35,4.0,329.22103112977265,1.1385831844505672,0.015369307290268667,0.048,-0.3164412650475766,-0.5964591621907372,0.04046639595662033,-0.48799878260478474,-4.127800733098485,-6.5816226289847695,0.04667846578688304,-8.795698611005967,-7.115584163289043,-0.007533604043379674,-0.36444126504757657,1.0905831844505671,0.04497188934371435,0.0039810020837887875,0.03205451852501178,0.02005451852501178,0.029087138999642943,0.0239996587342306,0.0119996587342306,0.011590386241600026,0.3334985409848842,0.011937089955572628,0.11005451852501179,0.060054518525011785,0.001320661371317845,0.07809135714680991,0.15109003699800855,0.015242976546483687,0.00014537920723705418,0.2847745272385433,0.6998371170077359,0.9999999999999998,0.6176787907116373,0.6184956139773466,0.17912470506784314,27.672874446718414,-1.2258723550151451e-11,-5.551115123125783e-16,4.088396288182139e-13,0.0,0.0
equilibrium_sigma_1.35,5.0,328.22103112977265,1.1816939724849485,0.019382700320849527,0.06,-0.2854886940630146,-0.568450029414448,0.06381064026807831,-0.47704830349627214,-4.094885252491726,-6.54616601564917,0.05864707942124857,-8.738341039453145,-7.07680311389395,0.0038106402680783136,-0.3454886940630146,1.1216939724849484,0.04133600615237984,0.004045399672248902,0.02990048015386359,0.01790048015386359,0.026979661359741617,0.022719230047818506,0.010719230047818506,0.010340249342322139,0.3269711519814048,0.012372344311521918,0.1079004801538636,0.05790048015386359,0.0013520057942953039,0.07848322474494165,0.15249993833774422,0.015327930482665052,0.00015040909447074126,0.2793396469348899,0.7051820134879743,0.9999999999999999,0.6174162394208891,0.6182521198692877,0.17714949443093858,29.14546066543488,-1.2367235707744229e-11,5.551115123125783e-16,5.090372567906343e-13,0.0,0.0
equilibrium_sigma_1.35,6.0,327.22103112977265,1.2214132041898182,0.02345938555827837,0.07200000000000001,-0.25654880022963655,-0.5424108094185427,0.08596051984654934,-0.4672639486092212,-4.063509632826812,-6.512066235449724,0.07061682642548295,-8.684672549479377,-7.039706705626948,0.013960519846549335,-0.32854880022963656,1.1494132041898182,0.03817476707053863,0.004107632777397331,0.02802129499530532,0.01602129499530532,0.02513960832933808,0.021606010380259555,0.009606010380259555,0.00925333125900707,0.3212766515009252,0.012785344836630626,0.10602129499530533,0.056021294995305324,0.0013822174308368085,0.07884786835929194,0.1537688087531434,0.015407058379557897,0.00015522528117286244,0.274451214112846,0.7099865022264233,1.0000000000000002,0.6171719281992744,0.6180261747507282,0.175456412622188,30.57342932334503,-1.2464192872263524e-11,0.0,6.183387135649809e-13,0.0,0.0
equilibrium_sigma_1.35,7.0,326.22103112977265,1.2581764678763063,0.027597331133082152,0.084,-0.22936871091933428,-0.5180955917742296,0.10706952835616823,-0.45849590039873916,-4.033467691621377,-6.4791544034067705,0.08258757652696369,-8.634224621015223,-7.004088344909765,0.023069528356168226,-0.31336871091933427,1.1741764678763063,0.03541285707037571,0.004167960708141499,0.02637453362946974,0.014374533629469739,0.02352545863876409,0.020633548547532854,0.008633548547532854,0.008303787366048532,0.3162864655438477,0.013177802916652727,0.10437453362946975,0.05437453362946974,0.0014114264724536365,0.07918882515528243,0.15491320873265746,0.0154811124282786,0.00015984688824425032,0.27004904216660097,0.7143099985168763,1.0000000000000002,0.6169434871459607,0.6178154882812127,0.17400439377300073,31.96113475903524,-1.2554630945960099e-11,-2.220446049250313e-16,7.363554210826351e-13,0.0,0.0
equilibrium_sigma_1.35,8.0,325.22103112977265,1.2923516794854657,0.031794747836185785,0.096,-0.20373378880041765,-0.4952958620201775,0.1272673855039989,-0.450617567887036,-4.0045852742500285,-6.447286648310831,0.09455921379934337,-8.58660020089562,-6.969771533884402,0.03126738550399891,-0.2997337888004177,1.1963516794854656,0.03298958830029526,0.004226610393842018,0.024925802079441846,0.012925802079441846,0.022103593185271497,0.019780517767631345,0.007780517767631345,0.007470784022800547,0.3118963699377026,0.013551329227352759,0.10292580207944185,0.05292580207944185,0.0014397487665187036,0.07950910801299896,0.15594740780902522,0.015550734486867671,0.00016429161212758823,0.26608064825144134,0.7182043256495635,1.0000000000000002,0.6167288976312907,0.6176181125470098,0.17275985094622245,33.312475071370145,-1.2637182966734883e-11,0.0,8.646416915780719e-13,0.0,0.0
equilibrium_sigma_1.35,9.0,324.22103112977265,1.324251940506073,0.036050059353132685,0.108,-0.1794605476411071,-0.47383353867617406,0.14666454295866366,-0.44352118092379156,-3.9767141623672173,-6.416339574526533,0.10653163461760815,-8.54146035318456,-6.936604494394619,0.03866454295866366,-0.2874605476411071,1.216251940506073,0.03085552014244554,0.00428378153290843,0.02364692176326965,0.01164692176326965,0.020846498477523706,0.019029533920578157,0.007029533920578156,0.0067373421935856825,0.3080209750402111,0.013907434493216563,0.10164692176326966,0.051646921763269654,0.0014672878614064556,0.07981130128128011,0.15688377194288802,0.0156164760552755,0.00016857582723333792,0.262500046082544,0.7217149020349473,1.0000000000000002,0.6165264281415422,0.6174323791767476,0.17169503643930056,34.630946359637655,-1.271524552315384e-11,-1.1102230246251565e-15,1.0006440120946536e-12,0.0,0.0
equilibrium_sigma_1.35,10.0,323.22103112977265,1.3541454751448763,0.04036187717794253,0.12,-0.15639114562257017,-0.4535555666314201,0.1653556687294625,-0.43711438394216784,-3.949727366023517,-6.386206715369825,0.1185047459919529,-8.498513900064317,-6.90445595297945,0.045355668729462506,-0.27639114562257017,1.2341454751448762,0.028969977081944945,0.004339650707064236,0.022514585673185976,0.010514585673185976,0.01973144138503745,0.018366287245774604,0.006366287245774604,0.006089487950000638,0.30458965355510903,0.014247531577033913,0.10051458567318598,0.05051458567318598,0.0014941366727422231,0.08009763547084721,0.1577330711029625,0.01567881388624604,0.00017271468081784,0.25926677469251924,0.7248816967404168,0.9999999999999999,0.6163345842345322,0.6172568503311134,0.17078682038992862,35.91968898730347,-1.2787389203072763e-11,5.551115123125783e-17,1.1454726056570053e-12,0.0,0.0
equilibrium_sigma_1.35,11.0,322.22103112977265,1.382263419322362,0.044728979247037504,0.132,-0.13438904479110095,-0.4343296600250115,0.18342237986051346,-0.43131756505560326,-3.9235154336043077,-6.356795723460056,0.13047846418862405,-8.457509270381113,-6.87321179078509,0.051422379860513456,-0.2663890447911009,1.250263419322362,0.027299197052581742,0.004394374718417995,0.021509350537327977,0.009509350537327977,0.018739476149885196,0.01777889421877843,0.005778894218778429,0.0055156185008176095,0.30154348647675144,0.014572938615793297,0.09950935053732798,0.04950935053732798,0.0015203788626173577,0.08037004633523911,0.15850472675767124,0.015738162356523977,0.00017672218225997207,0.25634510615947725,0.7277400093017388,1.0,0.6161520689553898,0.617090279973388,0.17001576684247333,37.18152751745019,-1.2855327913285919e-11,0.0,1.298516849601583e-12,0.0,0.0
equilibrium_sigma_1.35,12.0,321.22103112977265,1.4088059924771128,0.04915029163816557,0.14400000000000002,-0.11333555329477901,-0.4160409144750781,0.20093540891329154,-0.42606173894468713,-3.8979835281168427,-6.328026122149996,0.1424527135793934,-8.418228016848897,-6.842772354023916,0.05693540891329152,-0.25733555329477903,1.264805992477113,0.025814931494096402,0.004448093320689749,0.02061487091711616,0.008614870917116161,0.017854690463042604,0.017257407289306137,0.005257407289306137,0.005006022729403536,0.29883294217307926,0.014884882798876587,0.09861487091711617,0.048614870917116165,0.001546089990126031,0.08063022208575756,0.1592070128608283,0.015794883371094953,0.00018061128626683024,0.2537033934170002,0.7303211119256381,1.0,0.6159777512025424,0.6169315829475301,0.16936542584638978,38.4190053194549,-1.291840939776634e-11,-5.551115123125783e-17,1.4605539000456247e-12,0.0,0.0
equilibrium_sigma_1.35,13.0,320.22103112977265,1.4339474962734318,0.05362487245592147,0.156,-0.0931270089903677,-0.3985890507411619,0.21795635980097872,-0.42128683139753365,-3.873049059321813,-6.299827465646439,0.15442742563804585,-8.380479545250695,-6.813050244696787,0.061956359800978716,-0.24912700899036772,1.2779474962734318,0.024493367997961202,0.00450093153445623,0.019817306355702384,0.007817306355702384,0.0170636224548021,0.016793437367379482,0.004793437367379482,0.004552512061772873,0.2964160798657648,0.015184505295713123,0.09781730635570239,0.04781730635570239,0.0015713385147976223,0.08087964202687555,0.1598472232223554,0.015849294485922486,0.00018439397792443117,0.2513135185908144,0.7326527929453387,1.0,0.6158106398419932,0.6167798097121436,0.16882178036280507,39.634415691868725,-1.297754959050934e-11,3.3306690738754696e-16,1.6294743332423423e-12,0.0,0.0
equilibrium_sigma_1.35,14.0,319.22103112977265,1.4578402067274832,0.05815189867025287,0.168,-0.07367257809054496,-0.3818862619433969,0.23453907500663732,-0.4169403435733676,-3.8486398407677567,-6.272137895408429,0.1664025381783777,-8.344096999363995,-6.7839685868221755,0.0665390750066373,-0.241672578090545,1.2898402067274832,0.023314310626692022,0.0045530014274841,0.019104869438751067,0.0071048694387510665,0.016354816599011154,0.016379866525917386,0.004379866525917386,0.004148139585713473,0.29425718011742746,0.015472864334753568,0.09710486943875107,0.04710486943875107,0.0015961865586382594,0.08111960666262796,0.16043180289882317,0.015901675237695784,0.0001880813314910857,0.24915045606511596,0.7347597873656972,1.0000000000000002,0.6156498635360392,0.6166341266405806,0.16837282364107464,40.82982649989502,-1.3034760770747056e-11,-4.440892098500626e-16,1.8079981956020674e-12,0.0,0.0
equilibrium_sigma_1.35,15.0,318.22103112977265,1.4806178218538235,0.06273065307209844,0.18,-0.0548922912798016,-0.365855295764187,0.2507308483423719,-0.41297616767162043,-3.824692456785573,-6.244902846823927,0.17837799453453718,-8.308933598975626,-6.75545945989769,0.07073084834237192,-0.2348922912798016,1.3006178218538236,0.022260511896319793,0.004604403890237317,0.018467453396038135,0.006467453396038134,0.01571845822727004,0.01601061363820655,0.00401061363820655,0.003786970980690363,0.29232561635163073,0.015750942211984604,0.09646745339603814,0.04646745339603814,0.0016206907255323331,0.08135126494888671,0.16096647040599715,0.015952272902173107,0.00019168360279731323,0.2471918568005328,0.7366641866944967,1.0,0.6154946524842458,0.6164937982654429,0.16800820448586984,42.00710662113994,-1.3089446193603749e-11,6.106226635438361e-16,1.995181797553869e-12,-1.1102230246251565e-16,0.0
equilibrium_sigma_1.35,16.0,317.22103112977265,1.5023980245369295,0.0673605144051957,0.192,-0.03671558062887905,-0.35042802636366666,0.2665733259168088,-0.40935370693365214,-3.8011510495920446,-6.218074082510384,0.19035374302324132,-8.274859913185754,-6.7274627324557335,0.07457332591680882,-0.22871558062887906,1.3103980245369296,0.021317171221147638,0.004655229860764404,0.017896353371235997,0.005896353371235997,0.015146100121184485,0.015680458431699407,0.0036804584316994064,0.003463912550405457,0.29059501021586664,0.01601964829783655,0.095896353371236,0.045896353371236,0.001644902639039834,0.08157563435328613,0.16145630747709117,0.016001306722610128,0.00019521027655160827,0.245417741922582,0.7383857410782563,1.0,0.6153443249832983,0.6163581741705852,0.1677189635244924,43.167944429032985,-1.3141196464339089e-11,1.1102230246251565e-16,2.190914116795284e-12,0.0,0.0
equilibrium_sigma_1.35,17.0,316.22103112977265,1.5232847216471468,0.07204094802126303,0.20400000000000001,-0.01907999427055138,-0.3355442011640052,0.2821032940690204,-0.4060371062815945,-3.777966259482545,-6.191608840200933,0.20232973640659235,-8.241761469571777,-6.699925027593368,0.07810329406902039,-0.2230799942705514,1.3192847216471468,0.020471523825480106,0.004705561486897536,0.017384035995884194,0.005384035995884193,0.014630436728694712,0.015384897169012923,0.003384897169012923,0.003174570201158744,0.2890425333208612,0.016279823709107792,0.0953840359958842,0.0453840359958842,0.0016688694794592177,0.0817936186529929,0.1619058402940341,0.01604897167466807,0.00019867012666080825,0.24381022064752964,0.7399421375511415,1.0,0.6151982755024947,0.6162266773968309,0.16749731213686,44.31386622651476,-1.319046261105683e-11,-9.992007221626409e-16,2.3950841310238502e-12,0.0,0.0
equilibrium_sigma_1.35,18.0,315.22103112977265,1.543369938319469,0.07677149743033534,0.216,-0.0019301038717130846,-0.32115037664767404,0.29735334633152516,-0.4029946011898723,-3.755094328444105,-6.165469106094119,0.21430593140621831,-8.209536725281088,-6.672798837855719,0.08135334633152516,-0.21793010387171308,1.327369938319469,0.01971250766113794,0.004755473152459312,0.01692395168776003,0.004923951687760029,0.014165120418075435,0.015120025660120273,0.003120025660120273,0.0029151351391143443,0.28764833844775767,0.016532246207717954,0.09492395168776004,0.04492395168776003,0.0016926344695307395,0.08200602312182244,0.16231910971905353,0.016095441685459153,0.00020207127593993495,0.24235324298179126,0.7413492440568096,1.0,0.6150559645083788,0.6160987945646955,0.16733645085293972,45.44625305851643,-1.323802178987421e-11,1.6653345369377348e-16,2.611411087372062e-12,0.0,0.0
equilibrium_sigma_1.35,19.0,314.22103112977265,1.5627353842944272,0.08155177694888004,0.228,0.01478340227801574,-0.3071990356649093,0.31235243506946053,-0.40019797918760547,-3.732496359246174,-6.139621009835726,0.22628228829314737,-8.178095385017713,-6.646041787093096,0.08435243506946052,-0.21321659772198426,1.3347353842944272,0.019030495758278268,0.004805032337455888,0.016510383354941933,0.004510383354941933,0.01374461349468175,0.01488244522118709,0.0028824452211870903,0.002682292006006559,0.28639510107558164,0.016777634531492235,0.09451038335494194,0.04451038335494194,0.0017162372844304332,0.0822135671363211,0.16269973012988145,0.01614087230786741,0.00020542124775351387,0.2410323902155737,0.7426213162288051,0.9999999999999998,0.6149169100186648,0.6159740676798593,0.16723042235305086,46.56635521784092,-1.328361032282288e-11,1.6653345369377348e-16,2.8358981829512686e-12,0.0,0.0
equilibrium_sigma_1.35,20.0,313.22103112977265,1.5814537726969273,0.08638146518887316,0.24,0.031104485781737308,-0.2936478419699876,0.327126336096385,-0.39762212636151045,-3.710137691835728,-6.114034311747583,0.23825877053003602,-8.147356981276905,-6.619616003482819,0.08712633609638498,-0.2088955142182627,1.3414537726969273,0.018417078118451585,0.004854300359257548,0.016138322617784924,0.004138322617784924,0.013364067236770298,0.01466918600978584,0.0026691860097858393,0.002473143994041749,0.28526764429631796,0.017016652453634765,0.09413832261778493,0.04413832261778493,0.0017397144094140392,0.08241689484592848,0.1630509397179415,0.016185402986963308,0.0002087270130602493,0.23983469379157582,0.7437711762084006,1.0,0.6147806804532279,0.6158520872034033,0.16717399052751838,47.67530509242839,-1.3328310677351851e-11,-1.1102230246251565e-16,3.072597731801352e-12,0.0,0.0
equilibrium_sigma_1.35,21.0,312.22103112977265,1.599589936919994,0.0912602992773724,0.252,0.047072409665138634,-0.2804590070540556,0.34169804229392925,-0.39524464319652874,-3.687987375373966,-6.088681965869091,0.25023534445776224,-8.117249669067956,-6.59348758410318,0.08969804229392925,-0.20492759033486135,1.347589936919994,0.017864882734782192,0.004903333014344369,0.01580336783898887,0.00380336783898887,0.013019222327315793,0.014477644094124109,0.002477644094124109,0.002285151385061912,0.2842526298151178,0.017249912577883872,0.09380336783898888,0.043803367838988874,0.001763099453101397,0.0826165842554793,0.16337564370893654,0.016229158991473806,0.00021199503330742006,0.23874847799621957,0.7448103679789994,1.0000000000000002,0.6146468885488288,0.6157324861584316,0.16716254030063443,48.7741285772233,-1.3371234675041421e-11,-4.440892098500626e-16,3.319344799024293e-12,0.0,0.0
equilibrium_sigma_1.35,22.0,311.22103112977265,1.6172017826081284,0.09618806970728401,0.264,0.06272229563339349,-0.26759874897090974,0.35608809922774687,-0.3930455170598365,-3.6660177183663696,-6.063539745335976,0.26221197901917,-8.087709196260938,-6.567626134921594,0.09208809922774686,-0.20127770436660652,1.3532017826081284,0.017367427668076696,0.004952181137512604,0.015501639516818773,0.0035016395168187726,0.01270632630835463,0.014305529417169005,0.002305529417169005,0.002116080735081738,0.2833383015661175,0.017477979892376122,0.09350163951681878,0.04350163951681878,0.001786423423613204,0.08281315500524498,0.1636764517206422,0.016272253070206303,0.00021523129971321776,0.23776322260602098,0.7457492930240595,1.0,0.6145151861464858,0.6156149350864504,0.1671919940637533,49.863755253917404,-1.3412923549616096e-11,0.0,3.5786928975767296e-12,0.0,0.0
equilibrium_sigma_1.35,23.0,310.22103112977265,1.6343411285415137,0.10116461552659131,0.276,0.07808561826314901,-0.25503681278694995,0.3703149017716839,-0.39100683278519116,-3.6442038914000925,-6.038585909388469,0.27418864549603933,-8.058677991763599,-6.5420043605648,0.09431490177168389,-0.197914381736851,1.3583411285415137,0.016918995612435955,0.005000891121203494,0.015229708132949459,0.0032297081329494583,0.01242206324936957,0.01415082164502035,0.0021508216450203503,0.0019639617671041165,0.2825142670695438,0.01770137548477321,0.09322970813294947,0.04322970813294946,0.001809714991453387,0.08300707530448541,0.16395571139607312,0.016314786931382212,0.0002184413733682796,0.23686943780422656,0.7465973338910228,0.9999999999999998,0.6143852595459948,0.6154991375624682,0.16725873973859667,50.945027947758604,-1.3453210767622181e-11,-1.6653345369377348e-16,3.84969833788773e-12,0.0,0.0
equilibrium_sigma_1.35,24.0,309.22103112977265,1.6510544191305534,0.10618982010524952,0.28800000000000003,0.09319062500436806,-0.24274606327022233,0.38439494548756625,-0.38911252741616276,-3.622523590685591,-6.0138009197506035,0.28616531728291184,-8.030104391387104,-6.516597714472631,0.09639494548756622,-0.19480937499563197,1.3630544191305534,0.01651453001082423,0.005049505359790667,0.014984534238887369,0.0029845342388873687,0.012163495390187469,0.014011733604490928,0.0020117336044909277,0.0018270516760621192,0.28177131587541626,0.01792057982943615,0.09298453423888738,0.04298453423888737,0.0018330007155556176,0.08319876782183298,0.16421553717727624,0.016356852500229082,0.00022163042028136172,0.23605855622377578,0.7473629608557136,0.9999999999999999,0.6142568255593718,0.6153848263864804,0.16735957085772066,52.01871107557881,-1.3491929795605984e-11,-4.718447854656915e-16,4.135802811333633e-12,0.0,0.0
equilibrium_sigma_1.35,25.0,308.22103112977265,1.66738333865641,0.1112636073443269,0.3,0.1080626993421944,-0.23070213290750163,0.39834304339880533,-0.38734817873001465,-3.6009567481039793,-5.989167194906583,0.2981419696864905,-8.001941969170192,-6.491384095279346,0.09834304339880534,-0.1919373006578056,1.36738333865641,0.01614954782197546,0.005098062639934315,0.014763417973584485,0.0027634179735844845,0.011928014007770726,0.013886680561014941,0.001886680561014941,0.0017038051372542107,0.28110126658661966,0.018136035820256177,0.09276341797358449,0.04276341797358449,0.0018563052437625654,0.08338861478394588,0.16445783539216877,0.01639853300861552,0.00022480324329746272,0.23532283801215773,0.7480538257359293,0.9999999999999999,0.6141296280947562,0.6152717602897211,0.1674916358446598,53.08549810097061,-1.3531661902099756e-11,2.220446049250313e-16,4.433953204596719e-12,0.0,0.0
equilibrium_sigma_1.35,26.0,307.22103112977265,1.6833653428182593,0.11638593827818224,0.312,0.1227246759408792,-0.21888311662694268,0.4121725136289228,-0.3857008221988012,-3.5794852803802457,-5.96466889647938,0.3101185797474025,-7.97414895767993,-6.466343582430651,0.10017251362892282,-0.1892753240591208,1.3713653428182593,0.01582006590584864,0.005146598484405297,0.014563956319777395,0.0025639563197773947,0.011713297845782056,0.013774254279397269,0.0017742542793972686,0.0015928489896510634,0.2804968373326588,0.018348151563297745,0.0925639563197774,0.0425639563197774,0.0018796514909492899,0.08357696240450925,0.16468432619466897,0.016439903942458034,0.00022796431114930398,0.23465528713890096,0.748676844607492,1.0000000000000002,0.6140034351889787,0.615159721075871,0.16765239488107306,54.14601820103917,-1.356890988457593e-11,-4.163336342344337e-16,4.749645121648882e-12,0.0,0.0
equilibrium_sigma_1.35,27.0,306.22103112977265,1.6990341211602686,0.12155680802007901,0.324,0.13719711552655967,-0.20726930565478943,0.42589534268241974,-0.38415879172318307,-3.5580928709467736,-5.9402917425839785,0.3220951260809392,-7.9466877428326335,-6.441458204815902,0.10189534268241973,-0.18680288447344034,1.3750341211602686,0.015522538533556132,0.005195145456622276,0.014384006698039083,0.0023840066980390824,0.011517277733443243,0.013673201013086889,0.0016732010130868884,0.0014929607519698074,0.2799515354486033,0.01855730295709009,0.09238400669803909,0.04238400669803909,0.0019030607981753184,0.08376412475188949,0.1648965628467044,0.01648103386982183,0.00023111778502384547,0.23404957729044323,0.7492382710547111,1.0,0.6138780364162341,0.6150485111267354,0.16783958300861246,55.20084225024145,-1.3606282767142375e-11,1.942890293094024e-16,5.079436871113785e-12,0.0,0.0
equilibrium_sigma_1.35,28.0,305.22103112977265,1.7144200148000004,0.12677624287655284,0.336,0.15149855395408018,-0.19584294650102896,0.43952233301901344,-0.3827115757069992,-3.5367647729550997,-5.916022838449819,0.3340715887233152,-7.919524406665411,-6.416711730278765,0.10352233301901342,-0.18450144604591984,1.3784200148000003,0.015253802762835972,0.005243733448745885,0.01422165498583839,0.00222165498583839,0.011338105527196572,0.013582402243750291,0.001582402243750291,0.0014030498274308911,0.27945956056314664,0.018763836306688143,0.0922216549858384,0.042221654985838394,0.0019265530863024453,0.08395038726984681,0.1650959493827918,0.01652198519614853,0.00023426754531707806,0.23349998343710712,0.7497437638214274,1.0,0.6137532405292025,0.6149379511368498,0.1680511774273838,56.250488453462715,-1.3641782148354764e-11,0.0,5.426881166670228e-12,-1.1102230246251565e-16,0.0
equilibrium_sigma_1.35,29.0,304.22103112977265,1.7295504179830907,0.1320442973746833,0.34800000000000003,0.16564574253546718,-0.18458800855746774,0.45306324504606155,-0.38134967860902064,-3.515487619995813,-5.891850512790402,0.346047948964395,-7.892628286809307,-6.392089461492884,0.10506324504606152,-0.18235425746453285,1.3815504179830906,0.015011028245302774,0.005292389984376172,0.014075185917324963,0.0020751859173249627,0.011174125383411872,0.013500856968218233,0.001500856968218233,0.001322140223136703,0.27901571490098476,0.018968071336965018,0.09207518591732497,0.04207518591732497,0.0019501470230935865,0.08413601020898306,0.1652837579254227,0.016562814902810565,0.00023741722255446267,0.23300131416745992,0.7501984537071751,1.0,0.6136288731599813,0.6148278779158137,0.16828536671886332,57.29542806110622,-1.3677586840898925e-11,8.326672684688674e-17,5.791755963713285e-12,0.0,0.0
equilibrium_sigma_1.35,30.0,303.22103112977265,1.744449881799007,0.13736105409680624,0.36,0.1796537084484833,-0.17349012544927903,0.46652683320513866,-0.38006458561379347,-3.494249377235582,-5.867764276269524,0.35802418939837066,-7.8659718642972045,-6.367578187062535,0.10652683320513867,-0.18034629155151669,1.3844498817990072,0.01479169763116904,0.005341140171115719,0.013943072271350075,0.001943072271350075,0.011023863277099068,0.013427674838140113,0.0014276748381401132,0.0012493638440469468,0.2786153705192427,0.01917029976186052,0.09194307227135008,0.04194307227135008,0.0019738599727651173,0.08432122930148972,0.1654611321001212,0.01660357468159783,0.00024057018114323603,0.23254889890108982,0.7506069562361691,1.0,0.6135047763680018,0.6147181439067919,0.1685405419389576,58.33608596031739,-1.3713002955384468e-11,8.326672684688674e-17,6.176892330955752e-12,0.0,0.0
equilibrium_sigma_1.35,31.0,302.22103112977265,1.75914085414098,0.14272661688321278,0.372,0.19353620211932623,-0.1625361630302097,0.4799211087282389,-0.3788485067039681,-3.473038992835965,-5.8437545167647285,0.3700002934418333,-7.8395299469719495,-6.3431657957104015,0.1079211087282389,-0.17846379788067376,1.3871408541409802,0.014593528357697172,0.005390007489860279,0.0138239272462004,0.0018239272462003998,0.010885980814303146,0.013362048465748178,0.0013620484657481773,0.001183933497905798,0.27825432498848607,0.01937079500950547,0.0918239272462004,0.041823927246200404,0.0019977084770878496,0.08450626247983765,0.16562912115292314,0.016644312401058837,0.0002437296214960299,0.23213845233266367,0.7509735056447814,0.9999999999999998,0.6133808041385087,0.6146086129747396,0.16881524274282586,59.37285310560985,-1.374664271303061e-11,-1.3877787807814457e-16,6.5810690230705404e-12,-1.1102230246251565e-16,0.0
equilibrium_sigma_1.35,32.0,301.22103112977265,1.7736433320445615,0.1481411150566726,0.384,0.2073054844168571,-0.15171442458567805,0.4932532152201432,-0.3776944976133009,-3.45184656171533,-5.819812643654575,0.3819762457181259,-7.813280055679609,-6.318841463488196,0.1092532152201432,-0.17669451558314292,1.3896433320445616,0.014414499298117459,0.005439013212450432,0.013716522011111863,0.001716522011111863,0.01075929228405047,0.01330326295678752,0.0013032629567875202,0.0011251521658817154,0.27792885457912686,0.019569804008608017,0.09171652201111187,0.04171652201111187,0.002021707871887221,0.08469130637230408,0.16578866227043548,0.01668507132496777,0.00024689849162174305,0.23176614531679918,0.7513018848666112,0.9999999999999999,0.6132568247305562,0.6144991625247005,0.1691081815102477,60.406079321466265,-1.378086533776468e-11,-1.942890293094024e-16,7.007061597619213e-12,0.0,0.0
equilibrium_sigma_1.35,33.0,300.22103112977265,1.7879755959743024,0.1536046963371472,0.396,0.22097277175445776,-0.1410142211903574,0.5065296896022968,-0.37659620571231706,-3.43066297981208,-5.795930784475933,0.3939520315455129,-7.787201612698102,-6.294595268750688,0.11052968960229681,-0.17502722824554226,1.3919755959743023,0.014252775811309334,0.0054881772290617985,0.01361973976566324,0.0016197397656632397,0.010642720117028884,0.013250669335662657,0.0012506693356626568,0.0010723871035622778,0.2776355750474644,0.019767557627020756,0.09161973976566325,0.041619739765663244,0.002045872797948779,0.08487654304279914,0.16594061485630643,0.016725891586956775,0.0002500795971191209,0.23142846805682135,0.7515955607591027,1.0,0.6131327161613245,0.6143896792935316,0.16941819046026335,61.43608600068359,-1.3814865917893826e-11,-5.551115123125783e-17,7.456479877987476e-12,0.0,0.0
equilibrium_sigma_1.35,34.0,299.22103112977265,1.8021541138116557,0.15911752825624756,0.40800000000000003,0.23454817697680147,-0.13042592865018568,0.519756427450285,-0.37554790363399193,-3.409479989408355,-5.77210182445241,0.4059276370933915,-7.76127604851698,-6.270418244810174,0.11175642745028502,-0.17345182302319856,1.3941541138116555,0.014106714581346033,0.005537517820023148,0.01353257941604153,0.0015325794160415303,0.010535298488215803,0.01320368633428437,0.00120368633428437,0.0010250715729021032,0.27737145277588343,0.019964267283473728,0.09153257941604154,0.041532579416041535,0.002070217045190668,0.08506213891367181,0.16608575521444535,0.016766809945649587,0.0002532755640585576,0.2311222511897948,0.7518576633004971,1.0,0.6130083669278398,0.6142800599785281,0.16974422831595498,62.463163782316144,-1.3847173407910418e-11,1.942890293094024e-16,7.930434087199956e-12,0.0,0.0
equilibrium_sigma_1.35,35.0,298.22103112977265,1.8161937412423979,0.16467979658993076,0.42,0.24804083024533852,-0.11994087081085844,0.5329387539497942,-0.37454442011669686,-3.388290084649377,-5.748319323849418,0.4179030492886679,-7.735486580878403,-6.2463022760715035,0.11293875394979419,-0.17195916975466147,1.396193741242398,0.013974841157407367,0.005587051819484006,0.013454142077475771,0.0014541420774757709,0.010436160252778024,0.0131617924281624,0.0011617924281623997,0.000982697075935235,0.2771337638711387,0.02016012679740411,0.09145414207747578,0.041454142077475775,0.002094753646169977,0.0852482465121023,0.16622478553756503,0.01680786016222935,0.00025648885750375217,0.23084462991364094,0.7520910210666261,1.0000000000000002,0.6128836748368914,0.6141702101239175,0.17008536592583767,63.487575741835215,-1.3879508653502626e-11,-6.38378239159465e-16,8.427258890719713e-12,0.0,0.0
equilibrium_sigma_1.35,36.0,297.22103112977265,1.8301080707748285,0.1702917017000053,0.432,0.26145909139762047,-0.1095511146321552,0.5460815478591166,-0.37358101926554504,-3.3670863477015542,-5.724577372712927,0.42987825557799364,-7.709817828074302,-6.222239914107494,0.11408154785911656,-0.17054090860237953,1.3981080707748286,0.013855813988241483,0.005636794999794237,0.013383609161809522,0.0013836091618095216,0.010344515722828355,0.013124513112416913,0.0011245131124169132,0.0009448009535839574,0.2769200277630592,0.020355317184271127,0.09138360916180953,0.041383609161809526,0.002119495113410752,0.08543500764921666,0.16635835015125966,0.016849073695416137,0.00025972183217278107,0.23059297842797552,0.7522982260444356,1.0,0.6127585448750248,0.6140600421336679,0.1704407612964094,64.50956340237701,-1.3911205520855674e-11,-1.3877787807814457e-16,-8.918699112570039e-12,-1.1102230246251565e-16,0.0
equilibrium_sigma_1.35,37.0,296.22103112977265,1.8439092611475105,0.17595346101054898,0.444,0.2748104452221132,-0.09924957118269884,0.5591891804181357,-0.3726534599405224,-3.3458625286216317,-5.700870661831843,0.4418532441340202,-7.684255998542005,-6.198224469404268,0.1151891804181357,-0.16918955477788683,1.3999092611475106,0.013748438273434,0.005686761762757502,0.013320251319337693,0.0013202513193376932,0.010259661378842502,0.013091425850042526,0.001091425850042526,0.0009109711965327172,0.27672803430102333,0.020550002377321384,0.0913202513193377,0.0413202513193377,0.0021444532336302906,0.08562255168429415,0.16648702690538814,0.01689047931311454,0.0002629766852488137,0.23036494453644252,0.7524815994651941,0.9999999999999999,0.6126328903715229,0.6139494763112843,0.1708096720472512,65.52934329129423,-1.3943179943964878e-11,0.0,-8.335054868524594e-12,0.0,0.0
equilibrium_sigma_1.35,38.0,295.22103112977265,1.8576084530995942,0.1816653044395558,0.456,0.28810175478579453,-0.0890297512525508,0.5722656631918778,-0.3717578517981361,-3.3246128502168433,-5.6771943095850945,0.4538280035425536,-7.658788430009257,-6.1742497915516985,0.11626566319187776,-0.1678982452142055,1.4016084530995943,0.013651624652564892,0.0057369656361118465,0.01326340306247533,0.0012634030624753302,0.01018095527907249,0.013062145420295046,0.0010621454202950457,0.0008808321744213643,0.2765557668559859,0.020744335586751022,0.09126340306247534,0.041263403062475335,0.0021696393799709637,0.08581099937416153,0.16661134676419478,0.016932103936980802,0.00026625552414294976,0.23015837050221755,0.7526432700366588,1.0000000000000002,0.6125066304193116,0.6138384384683526,0.17119142572467988,66.54711430772704,-1.3974543744410539e-11,5.551115123125783e-17,-7.721490113965501e-12,0.0,0.0
equilibrium_sigma_1.35,39.0,294.22103112977265,1.871215710191305,0.18742747540763557,0.468,0.3013392250511011,-0.07888580042189391,0.5853146267396571,-0.37089067599660797,-3.303332035747932,-5.653543886306816,0.46580252289905205,-7.63340365512663,-6.150310301179792,0.11731462673965704,-0.16666077494889892,1.403215710191305,0.013564393232210259,0.005787419132679866,0.013212465514123632,0.001212465514123632,0.010107819761473246,0.013036325361426293,0.0010363253614262928,0.0008540460300077157,0.2764014106488595,0.02093845729330306,0.09121246551412364,0.041212465514123636,0.0021950644157404404,0.08600046222074303,0.16673179067745822,0.01697397249432453,0.0002695603439641626,0.22997130543940134,0.7527851617223101,1.0000000000000002,0.612379690312102,0.6137268603041398,0.17158542435267776,67.56305642711999,-1.4004936099709653e-11,2.7755575615628914e-16,-7.074840713272579e-12,0.0,0.0
equilibrium_sigma_1.35,40.0,293.22103112977265,1.8847401317261576,0.19324022987515282,0.48,0.3145284714649337,-0.06881243290826747,0.5983393606329123,-0.3700487462005341,-3.2820152557492657,-5.629915367126019,0.4777767917505994,-7.608091276352325,-6.1264009305725855,0.11833936063291228,-0.1654715285350663,1.4047401317261576,0.013485861611810257,0.005838133848410644,0.01316689915776726,0.00116689915776726,0.010039734439873486,0.013013653757387722,0.0010136537573877218,0.0008303085766159235,0.2762633307811129,0.021132496418919507,0.09116689915776727,0.041166899157767264,0.002220738752348222,0.08619104346671905,0.16684879474428216,0.01701610813407761,0.00027289303930072144,0.22980198433251695,0.7529090144941049,1.0000000000000002,0.6122520008772981,0.6136146787734601,0.1719911366227972,68.5773325999394,-1.4036494189184623e-11,-1.3877787807814457e-16,-6.395439733353214e-12,0.0,0.0
equilibrium_sigma_1.35,41.0,292.22103112977265,1.8981900603729969,0.19910383386858738,0.492,0.327674646769101,-0.058804809231156024,0.6113428872493752,-0.3692291367158193,-3.2606580308928295,-5.606305045249753,0.48975079994256066,-7.582841735505196,-6.102517013587011,0.11934288724937525,-0.16432535323089897,1.4061900603729969,0.013415224155617092,0.005889120705435381,0.013126211151160187,0.001126211151160187,0.009976223919718162,0.012993845864284204,0.0009938458642842034,0.0008093421077770557,0.2761400337913945,0.021326573422107357,0.0911262111511602,0.04112621115116019,0.0022466725023376163,0.08638284000534449,0.16696275999615795,0.01705853264563548,0.0002762554373103601,0.2296487882793666,0.7530164236376877,1.0000000000000002,0.6121234971964191,0.6135018348990204,0.17240808316641537,69.59009242702922,-1.4065137943219952e-11,1.3877787807814457e-16,-5.678180148294132e-12,-1.1102230246251565e-16,0.0
equilibrium_sigma_1.35,42.0,291.22103112977265,1.9115729764679756,0.20501856527462628,0.504,0.3407823761284798,-0.04885859878799234,0.6243279239359316,-0.36842921927963446,-3.23925628110251,-5.582709575564019,0.5017245377494807,-7.557646430945584,-6.078654342041338,0.12032792393593161,-0.16321762387152022,1.4075729764679756,0.013351761124477488,0.005940389756049449,0.013089961120224224,0.0010899611202242233,0.00991686345493812,0.012976647391638174,0.000976647391638174,0.0007908985946714076,0.2760301852128007,0.021520797631135187,0.09108996112022423,0.04108996112022423,0.0022728753487970066,0.08657594130965102,0.16707404711150603,0.0171012662191219,0.0002796492678255682,0.22951026560967433,0.7531088189033781,0.9999999999999999,0.6119941193225338,0.613388274410683,0.17283584461979412,70.6014700994115,-1.4096362965787534e-11,-1.942890293094024e-16,-4.924727292632269e-12,0.0,0.0
equilibrium_sigma_1.35,43.0,290.22103112977265,1.9248957457798797,0.21098471073240738,0.516,0.35385590857757165,-0.03896983377816676,0.6372969711616822,-0.3676465772321228,-3.217806209717919,-5.559125871329762,0.5136979956751961,-7.532497442614714,-6.05480903420238,0.12129697116168214,-0.16214409142242836,1.4088957457798796,0.013294814510008718,0.005991950495024821,0.013057746287034024,0.0010577462870340233,0.009861264534212977,0.01296182590759809,0.0009618259075980899,0.0007747513097733361,0.2759325645061637,0.021715271286477586,0.09105774628703403,0.04105774628703403,0.00229935674481807,0.08677043174450108,0.16718298820192587,0.017144327954121866,0.0002830762070309128,0.2293850840812769,0.7531875117575703,1.0,0.6118638107311842,0.6132739463160672,0.17327404393225834,71.61158886059128,-1.4124534875037398e-11,0.0,-4.129585562395732e-12,0.0,0.0
equilibrium_sigma_1.35,44.0,289.22103112977265,1.9381645832623484,0.2170025663826745,0.528,0.3668990947707334,-0.029134930653133426,0.6502522994673567,-0.3668790181897851,-3.1963043202642956,-5.535551118837239,0.5256711645124009,-7.507387572035839,-6.030977554036977,0.12225229946735672,-0.16110090522926662,1.4101645832623484,0.013243790863391766,0.0060438117717508885,0.013029203322429316,0.0010292033224293153,0.009809076707723026,0.012949171876996957,0.0009491718769969563,0.0007606958374317685,0.2758460706740282,0.021910088322022753,0.09102920332242932,0.04102920332242932,0.0023261258540733408,0.08696639017187209,0.16728988492716348,0.017187735770134605,0.0002865378635645359,0.22927203823805045,0.7532536881282504,1.0,0.6117325185848456,0.6131588031294578,0.17372234936741826,72.62056026249667,-1.4153067606770264e-11,-2.0816681711721685e-16,-3.291589223408664e-12,0.0,0.0
equilibrium_sigma_1.35,45.0,288.22103112977265,1.9513851186404982,0.2230724372779654,0.54,0.3799154270079927,-0.01935065152169595,0.6631959727282889,-0.3661245513817256,-3.1747473855784123,-5.511982749796509,0.5376440353056448,-7.482310269377226,-6.007156676355575,0.12319597272828886,-0.16008457299200735,1.4113851186404982,0.01319815460370763,0.0060959818503548355,0.013004004272960869,0.0010040042729608685,0.00975998365727649,0.012938496269931932,0.0009384962699319314,0.000748547740736516,0.27576970991806327,0.022105335107927823,0.09100400427296088,0.04100400427296087,0.0023531915877426446,0.08716389053616151,0.16739501153980602,0.017231506533996323,0.0002900357861425215,0.2291700369213322,0.7533084207585289,0.9999999999999999,0.6116001933407718,0.6130428005018389,0.1741804700834211,73.62848530842876,-1.4180795426810278e-11,-4.5102810375396984e-17,-2.409461519192746e-12,-1.1102230246251565e-16,0.0
equilibrium_sigma_1.35,46.0,287.22103112977265,1.9645625222330445,0.22919463566179227,0.552,0.39290811625708916,-0.009614029846953961,0.6761298929017275,-0.3653813440764543,-3.1531323892056933,-5.4884183887991504,0.5496165992511566,-7.457259493767465,-5.983343419968608,0.12412989290172749,-0.1590918837429109,1.4125625222330445,0.013157415710769005,0.00614846856516916,0.012981849004177752,0.0009818490041777518,0.009713695876157405,0.01292962622023719,0.000929626220237189,0.00073813833351144,0.2757025727399326,0.022301092456503652,0.09098184900417776,0.040981849004177756,0.0023805627044588074,0.08736300303112428,0.16749862086368256,0.01727565631665218,0.0002935714853540375,0.22907807889897622,0.7533526932990174,0.9999999999999999,0.6114667879691467,0.612925896498949,0.17464814720230973,74.6354567185925,-1.4209244891816297e-11,-1.5265566588595902e-16,-1.4794276914642523e-12,0.0,0.0
equilibrium_sigma_1.35,47.0,286.22103112977265,1.9777014393712797,0.23536948232384977,0.5640000000000001,0.40588005193838267,7.759076348166272e-05,0.6890557765623945,-0.3646477444026475,-3.1314565555289744,-5.464855880036011,0.5615888477800337,-7.432229785654749,-5.959535082280306,0.12505577656239442,-0.1581199480616174,1.4137014393712797,0.013121135586760951,0.0062012791956194925,0.012962468888868768,0.0009624688888687678,0.009669954279008637,0.012922407089943633,0.0009224070899436325,0.0007293166862099021,0.27564384511778417,0.022497433936787707,0.09096246888886877,0.04096246888886877,0.002408247727312742,0.08756379343940979,0.16760094103431056,0.017320200245170704,0.0002971464145902563,0.22899526582858737,0.7533873875116516,0.9999999999999998,0.6113322583955954,0.6128080519940892,0.17512515902075543,75.64155767935038,-1.423741680106616e-11,-1.313375406694628e-16,-4.977684930906889e-13,0.0,0.0
equilibrium_sigma_1.35,48.0,285.22103112977265,1.9908061403160038,0.2415973044198224,0.5760000000000001,0.41883389372363355,0.00972664510217509,0.7019752082673776,-0.36392222939461705,-3.1097172800496065,-5.441293224908069,0.5735607724289371,-7.407216100509751,-5.935729159708784,0.12597520826737751,-0.1571661062763665,1.4148061403160037,0.013088912609639791,0.006254420664639086,0.012945617902445715,0.0009456179024457147,0.009628521565196783,0.012916697367248986,0.0009166973672489857,0.0007219446598871748,0.2755927815225628,0.022694428461026424,0.09094561790244572,0.04094561790244572,0.0024362550728489244,0.0877663245406397,0.16770218267226825,0.01736515281352836,0.00030076199845979046,0.22892077310985268,0.7534133120781592,1.0,0.6111965625577713,0.6126892298019563,0.17561131023116233,76.6468645705533,-1.4263812353476624e-11,1.7694179454963432e-16,-5.551115123125783e-17,0.0,0.0
equilibrium_sigma_1.35,49.0,284.22103112977265,2.0038804981517115,0.2478784360556566,0.588,0.431772057999418,0.019335333318367915,0.7148896326085226,-0.36320341271443557,-3.087912139426449,-5.417728590762387,0.5855323648766461,-7.382213833003705,-5.911923359179526,0.1268896326085226,-0.156227942000582,1.4158804981517115,0.01306038398730798,0.0063078994836544885,0.012931073815033771,0.0009310738150337707,0.009589183398587844,0.012912369316553374,0.0009123693165533735,0.0007158975343091178,0.27554870853040536,0.022892139532413903,0.09093107381503378,0.040931073815033775,0.0024645930145888568,0.08797065587446759,0.16780253774891046,0.017410527828910755,0.00030441962419390175,0.22885385427364324,0.7534311982732521,1.0,0.6110596605641067,0.61256939481552,0.1761064338786024,77.65144653010697,-1.4290485461643243e-11,1.734723475976807e-17,0.0,0.0,0.0
equilibrium_sigma_1.35,50.0,283.22103112977265,2.0169280276436483,0.254213217932551,0.6,0.4446967416594708,0.02890564386584472,0.7278003680096812,-0.3624900312136505,-3.0660388731713555,-5.394160294416687,0.5975036169196326,-7.357218773656435,-5.888115577303068,0.1278003680096812,-0.15530325834052916,1.4169280276436482,0.013035221895236634,0.006361721790055995,0.012918635832208432,0.0009186358322084316,0.009551746133009933,0.012909307610664555,0.0009093076106645552,0.000711062678460106,0.2755110176733589,0.023090625717183996,0.09091863583220844,0.040918635832208436,0.0024932697073881188,0.08817684409251784,0.1679021814084593,0.017456338488699635,0.00030812064668706127,0.22879383346465695,0.7534417073999564,1.0000000000000002,0.610921514458013,0.6124485137847675,0.17661038879473384,78.65536614676861,-1.4317325103263556e-11,1.214306433183765e-16,-5.551115123125783e-17,0.0,0.0
equilibrium_sigma_1.35,51.0,282.22103112977265,2.0299519623622224,0.26060199610791496,0.612,0.4576099693660916,0.03843939909910584,0.7407086341694542,-0.36178091821227587,-3.0440953479581987,-5.37058677010629,0.6094745204059703,-7.33222702334329,-5.864303859489576,0.12870863416945422,-0.15439003063390838,1.4179519623622223,0.013013126033063427,0.006415893447234853,0.012908120012820122,0.0009081200128201218,0.009516032368960356,0.012907406695128465,0.0009074066951284647,0.0007073369792665041,0.2754791515540004,0.023289941946758128,0.09090812001282013,0.040908120012820126,0.002522293253350275,0.08838494367859655,0.1680012756546047,0.01750259753955767,0.0003118664029553237,0.2287400904119286,0.7534454456455585,1.0,0.6107820877353403,0.612326554873545,0.17712305408286422,79.65868086337328,-1.4342693699376241e-11,1.8735013540549517e-16,-5.551115123125783e-17,0.0,0.0
equilibrium_sigma_1.35,52.0,281.22103112977265,2.0429552139854312,0.2670451230699751,0.624,0.47051356864187777,0.047938231262954024,0.7536155375147048,-0.36107501765203653,-3.0220795759825627,-5.34700658569459,0.6214450672875904,-7.307235037811112,-5.840486421027595,0.12961553751470478,-0.15348643135812223,1.4189552139854311,0.012993827330698648,0.00647041996472398,0.012899361593940499,0.0008993615939404988,0.00948188323650076,0.012906572107174163,0.0009065721071741632,0.0007046281250144837,0.2754526108907288,0.023490138444506432,0.0908993615939405,0.0408993615939405,0.0025516716496836005,0.0885950065439026,0.16809996733432872,0.01754931718671136,0.0003156582000069138,0.22869206839970055,0.753442956213581,0.9999999999999999,0.6106413456155851,0.6122034878994957,0.1776443324980467,80.66144221094643,-1.4368062295488926e-11,9.020562075079397e-17,-6.661338147750939e-16,0.0,0.0
equilibrium_sigma_1.35,53.0,280.22103112977265,2.0559404638543106,0.27354295614982577,0.636,0.483409225966043,0.05740363659996714,0.7665221038030874,-0.3603713523559279,-2.9999896727154356,-5.323418404842178,0.6334152495359985,-7.282239526366481,-5.816661598695592,0.13052210380308737,-0.152590774033957,1.4199404638543105,0.012977079197951963,0.006525306624843003,0.012892209588081842,0.0008922095880818416,0.00944915314788479,0.012906717373195598,0.0009067173731955973,0.0007028515877638419,0.2754309381457026,0.023691262386040034,0.09089220958808185,0.040892209588081846,0.0025814128727537095,0.08880708289110509,0.1681983925386431,0.01759650928535948,0.00031949733345681605,0.22864925640502004,0.7534347369761637,1.0,0.6104992544629595,0.6120792838053205,0.17817414378025687,81.66369748456712,-1.4393541913904073e-11,-1.3877787807814457e-16,-1.1102230246251565e-16,0.0,0.0
equilibrium_sigma_1.35,54.0,279.22103112977265,2.0689101495494886,0.28009585800201947,0.648,0.49629847858843296,0.06683696747662571,0.7794292733094881,-0.3596690287093681,-2.977823862811658,-5.299820992092876,0.6453850591640268,-7.257237466324058,-5.792827857508121,0.13142927330948806,-0.15170152141156706,1.4209101495494885,0.012962658695973003,0.006580558448336964,0.012886527531160978,0.0008865275311609778,0.009417710541571343,0.012907764417313672,0.0009077644173136716,0.0007019310171996196,0.2754137197913969,0.02389335743085418,0.09088652753116098,0.04088652753116098,0.002611524856362351,0.08902122107469508,0.16829667591911776,0.017644185309134724,0.0003233850822861801,0.2286111917142763,0.7534212378943027,0.9999999999999998,0.6103557818799542,0.611953914739244,0.178712425933694,82.66548948570409,-1.4416634552816276e-11,-1.1102230246251565e-16,3.3306690738754696e-16,0.0,0.0
equilibrium_sigma_1.35,55.0,278.22103112977265,2.081866488214899,0.28670419639978195,0.66,0.5091827288472308,0.07623944620328024,0.7923379091209296,-0.3589672285842569,-2.9555804690936385,-5.276213202911538,0.6573544882090062,-7.232226076892498,-5.768983778119719,0.13233790912092958,-0.15081727115276922,1.4218664882148988,0.012950364258876038,0.006636180218032538,0.012882192087817733,0.0008821920878177326,0.009387436538303515,0.012909642767011675,0.0009096427670116751,0.0007017974640310953,0.2754005820842962,0.024096464022727804,0.09088219208781774,0.04088219208781774,0.0026420155085074876,0.08923746781671961,0.1683949317901099,0.017692356397636996,0.0003273227122802252,0.22857745536502835,0.7534028655250543,0.9999999999999999,0.6102108965627978,0.6118273539203846,0.17925913371758204,83.66685694397854,-1.4441892126626499e-11,-2.7755575615628914e-17,1.1102230246251565e-16,0.0,0.0
equilibrium_sigma_1.35,56.0,277.22103112977265,2.094811524147598,0.29336834330466316,0.672,0.5220632733310429,0.08561219316650129,0.8052488140776384,-0.3582651928437506,-2.9332578907435463,-5.252593964123593,0.6693235286887579,-7.207202766623539,-5.745128031781435,0.13324881407763833,-0.1499367266689572,1.422811524147598,0.012940011143242558,0.006692176543313864,0.012879090242836434,0.000879090242836434,0.009358222212843808,0.012912287929989219,0.0009122879299892188,0.0007023878037526465,0.2753911825540498,0.02430062023500124,0.09087909024283644,0.04087909024283644,0.00267289275524828,0.08945586865357465,0.16849326641454068,0.0177410334556151,0.0003313114856933271,0.22854766285369213,0.7533799922049994,0.9999999999999999,0.6100645680021048,0.6116995753654878,0.17981423519790704,84.66783538848216,-1.4465151298992396e-11,2.7755575615628914e-17,7.771561172376096e-16,0.0,0.0
equilibrium_sigma_1.35,57.0,276.22103112977265,2.107747103578029,0.3000886757641227,0.684,0.5349412875008333,0.09495621203172362,0.8181627217777871,-0.35756223010079236,-2.910854614340068,-5.22896228356022,0.6812921726334469,-7.182165160574252,-5.721259392996884,0.1341627217777871,-0.1490587124991668,1.423747103578029,0.01293143374604283,0.006748551809445467,0.012877120757045578,0.0008771207570455776,0.009329970030137191,0.012915642234601066,0.0009156422346010655,0.0007036455523801166,0.2753852144152896,0.02450586108544098,0.09087712075704558,0.04087712075704558,0.002704164508904286,0.08967646769176282,0.16859177675696102,0.017790227098314272,0.0003353526536573463,0.22852146902534948,0.7533529512226789,0.9999999999999999,0.6099167666465188,0.611570554033427,0.18037771396177243,85.66845667681064,-1.4487189226031205e-11,-3.7470027081099033e-16,-4.996003610813204e-16,0.0,0.0
equilibrium_sigma_1.35,58.0,275.22103112977265,2.1206749308762065,0.30686557470186476,0.6960000000000001,0.5478178601089468,0.10427242293215665,0.8310803165967525,-0.3568576972272013,-2.888369188236699,-5.205317227174424,0.6932604120303014,-7.157111038441273,-5.69737671012737,0.13508031659675246,-0.14818213989105322,1.4246749308762063,0.012924480266258143,0.006805310258433266,0.012876190863554134,0.0008761908635541334,0.009302590629562194,0.012919652906950851,0.0009196529069508512,0.0007055189932270167,0.27538239655622465,0.02471221960276546,0.09087619086355414,0.04087619086355414,0.002735838723155229,0.08989930813962375,0.16869055319518197,0.017839947769818496,0.00033944746845196325,0.2284985571087907,0.7533220476529386,0.9999999999999997,0.6097674635464521,0.6114402655017079,0.1809495649479028,86.66875002769848,-1.450944919767494e-11,-1.249000902703301e-16,4.440892098500626e-16,0.0,0.0
equilibrium_sigma_1.35,59.0,274.22103112977265,2.1335965604468674,0.31369942533440637,0.708,0.5606939882932178,0.11356165776927968,0.8440022307957072,-0.3561510021700941,-2.865800225937465,-5.181657921881988,0.7052282388356423,-7.1320383430346235,-5.6734789092283595,0.13600223079570728,-0.14730601170678215,1.4255965604468674,0.01291901342689121,0.0068624559677867595,0.012876216729492969,0.0008762167294929686,0.009276003287705881,0.012924272355663291,0.0009242723556632908,0.0007079614516847244,0.2753824749378575,0.024919726534287753,0.09087621672949298,0.04087621672949297,0.002767923381006637,0.09012443222810407,0.16878967911017428,0.017890205725340277,0.000343597180438161,0.22847864026601347,0.753287556828208,1.0,0.6096166304071702,0.6113086860121958,0.1815297952953813,87.66874186776224,-1.4530543435142818e-11,-5.551115123125783e-17,-5.551115123125783e-17,0.0,0.0
equilibrium_sigma_1.35,60.0,273.22103112977265,2.1465134108548565,0.3205906170640556,0.72,0.5735705862687354,0.1228246686132749,0.8569290495581133,-0.3554415990514452,-2.843146399384911,-5.157983549470575,0.717195644962596,-7.106945164385911,-5.649564986350145,0.13692904955811336,-0.1464294137312646,1.4265134108548565,0.012914909111070752,0.006919992865647328,0.012877122620344524,0.0008771226203445233,0.009250135113433776,0.012929457678390044,0.0009294576783900436,0.0007109308200470288,0.27538522006165006,0.02512841053742158,0.09087712262034453,0.04087712262034453,0.0028004265070054463,0.0903518813457473,0.16888923155828556,0.017941011061308253,0.0003478030405156937,0.22846145881389746,0.7532497270842784,0.9999999999999999,0.6094642394983493,0.6111757923877921,0.1821184234555458,88.66845608900698,-1.4552081761820546e-11,-5.551115123125783e-16,1.6653345369377348e-16,0.0,0.0
equilibrium_sigma_1.35,61.0,272.22103112977265,2.159426794286964,0.32753954274535707,0.732,0.586448503358757,0.13206214508764444,0.8698613214812001,-0.35472897795224456,-2.8204064256693306,-5.134293334742603,0.7291626222514512,-7.081829707459539,-5.6256339922695595,0.13786132148120012,-0.145551496641243,1.427426794286964,0.012912053565669657,0.006977924772237478,0.012878839168266813,0.000878839168266813,0.00922491936100835,0.012935169669825441,0.0009351696698254412,0.00071438858439965,0.27539042172202066,0.025338298727328293,0.09087883916826682,0.04087883916826682,0.0028333561967578045,0.09058169631621875,0.16898928269199087,0.01799237377741328,0.0003520663066501005,0.22844677448213194,0.7532087854338048,1.0,0.6093102634681334,0.6110415618639171,0.18271547701616092,89.66791459024681,-1.4572842932381036e-11,-2.7755575615628914e-17,2.220446049250313e-16,0.0,0.0
equilibrium_sigma_1.35,62.0,271.22103112977265,2.1723379009820865,0.33454659947395726,0.744,0.5993285145660199,0.14127470533181707,0.8827995530457543,-0.3540126703044133,-2.7975790734920585,-5.110586551042519,0.7411291624878225,-7.056690308463793,-5.601685039871759,0.1387995530457543,-0.14467148543398012,1.4283379009820865,0.012910344835456458,0.007036255368160779,0.0128813042783461,0.0008813042783460991,0.009200296330307518,0.012941373334629525,0.0009413733346295243,0.0007183003300492707,0.27539789175256396,0.025549416240566666,0.0908813042783461,0.0408813042783461,0.0028667205987723495,0.0908139172556115,0.16908989899193821,0.018044303744863106,0.00035638823929986466,0.22843437339011788,0.7531649346257191,0.9999999999999999,0.6091546754387402,0.6109059721730818,0.18332099417728553,90.6671369873529,-1.459243836876567e-11,0.0,-1.1102230246251565e-16,0.0,0.0
equilibrium_sigma_1.35,63.0,270.22103112977265,2.1852478338131807,0.3416121876173163,0.756,0.6122113417072715,0.15046291636016723,0.8957442209332503,-0.35329223689687017,-2.774663147708159,-5.086862506558714,0.7530952573661585,-7.031525397164901,-5.577717286430002,0.13974422093325034,-0.14378865829272847,1.4292478338131807,0.012909689497774837,0.007094988245805859,0.012884461100401971,0.000884461100401971,0.009176211385938465,0.012948036720028533,0.0009480367200285326,0.0007226345974387094,0.275407457880006,0.02576178691899157,0.09088446110040198,0.040884461100401975,0.0029005279508013014,0.09104858389912678,0.1691911429407326,0.01809681077957789,0.000360770109563501,0.22842405932661547,0.753118359784243,0.9999999999999999,0.608997448787585,0.6107690013474764,0.18393502111911245,91.66614125002637,-1.461147869363799e-11,-1.6653345369377348e-16,5.551115123125783e-17,0.0,0.0
equilibrium_sigma_1.35,64.0,269.22103112977265,2.1981576034375188,0.34873671119310984,0.768,0.6250976505178815,0.15962729131191924,0.9086957703133289,-0.35256726954872736,-2.751657491147322,-5.06312054578061,0.7650608984952173,-7.006333501690511,-5.5537299356535454,0.14069577031332892,-0.14290234948211855,1.4301576034375187,0.012910003097619416,0.007154126896521788,0.012888258310310048,0.0008882583103100479,0.00915261524250352,0.012955131085123917,0.0009551310851239163,0.0007273630545090448,0.2754189645766971,0.02597543312791573,0.09088825831031005,0.04088825831031005,0.0029347865743297678,0.09128573555968554,0.16929307277949648,0.01814990463320846,0.00036521319755836954,0.22841565465293365,0.7530692275162995,0.9999999999999999,0.6088385571750106,0.6106306277431859,0.1845576125812682,92.66494361066563,-1.4629242262031994e-11,-6.38378239159465e-16,-3.885780586188048e-16,0.0,0.0
equilibrium_sigma_1.35,65.0,268.22103112977265,2.211068136909788,0.3559205778272288,0.78,0.6379880559670057,0.1687682945981165,0.9216546179282755,-0.3518373881113493,-2.7285609804718445,-5.039360045730943,0.7770260773883911,-6.981113238766088,-5.52972223293028,0.1416546179282755,-0.14201194403299433,1.431068136909788,0.012911209322608516,0.007213674720453576,0.012892649604669688,0.0008926496046696882,0.009129463478101799,0.012962630607238346,0.0009626306072383455,0.0007324602038782935,0.2754322715293021,0.02619037587861647,0.0908926496046697,0.04089264960466969,0.0029695048841705545,0.09152541121470807,0.16939574292097542,0.01820359501284252,0.00036971879429821466,0.22840899860173303,0.7530176875911262,1.0,0.6086779744861456,0.6104908299875349,0.1851888313480773,93.66355872194532,-1.464667276351861e-11,-5.551115123125783e-16,-3.885780586188048e-16,0.0,0.0
equilibrium_sigma_1.35,66.0,267.22103112977265,2.2239802959302692,0.36316419814396544,0.792,0.6508831333917566,0.17788635262009286,0.9346211585927195,-0.35110223413850805,-2.705372518154982,-5.015580408900106,0.7889907854434135,-6.955863293989569,-5.505693456138387,0.1426211585927195,-0.1411168666082434,1.4319802959302692,0.012913238283833839,0.007273635052977312,0.012897592630783057,0.0008975926307830569,0.009106715487351646,0.012970511754639702,0.0009705117546397017,0.0007379027761045265,0.2754472503963123,0.026406635181553048,0.09089759263078306,0.04089759263078306,0.00300469140864117,0.09176764967806611,0.16949920483284825,0.018257891619876603,0.000374288206169331,0.22840394374354636,0.7529638764304076,0.9999999999999999,0.6085156747156956,0.6103495868756487,0.18582874686526327,94.66199999288371,-1.4663215086585524e-11,1.942890293094024e-16,4.440892098500626e-16,0.0,0.0
equilibrium_sigma_1.35,67.0,266.22103112977265,2.236894867304888,0.37046798649168755,0.804,0.6637834127933533,0.1869818483446729,0.9475957618323647,-0.35036147417169444,-2.6820910360748664,-4.991781066175671,0.8009550139511281,-6.930582431331507,-5.481642919707012,0.14359576183236467,-0.14021658720664676,1.4328948673048878,0.01291602739031604,0.007334011145443037,0.012903049546587893,0.0009030495465878925,0.009084335043745635,0.012978753617942651,0.0009787536179426508,0.0007436700499852122,0.2754637865048118,0.026624229770815723,0.0909030495465879,0.0409030495465879,0.0030403547807611327,0.09201248952216808,0.16960350656940373,0.018312804132971622,0.00037892275240646603,0.2284003577697754,0.7529079153448465,1.0,0.6083516320201473,0.610206877417156,0.18647743625069696,95.66027941121412,-1.467981292080367e-11,-1.1102230246251565e-16,-5.551115123125783e-17,0.0,0.0
equilibrium_sigma_1.35,68.0,265.22103112977265,2.2498125842127044,0.3778323601242659,0.8160000000000001,0.6766893917793635,0.19605513374216296,0.9605787794560208,-0.3496147923643675,-2.6587154863161304,-4.967961468831469,0.8129187540711922,-6.905269470372652,-5.457569964122245,0.1445787794560207,-0.13931060822063657,1.4338125842127043,0.012919519355265016,0.007394806197499851,0.012908985774613142,0.000908985774613142,0.00906228907612576,0.012987337197345461,0.0009873371973454607,0.000749743157557603,0.27548177507458527,0.026843177540502437,0.09090898577461315,0.040908985774613146,0.0030765037624149306,0.09225996927729617,0.16970869380402334,0.018368342253187807,0.0003836237705589211,0.2283981193972991,0.7528499145789542,1.0,0.6081858205842114,0.6100626807167455,0.1871349826170654,96.65840793555742,-1.4696022176963197e-11,-2.7755575615628914e-17,-3.885780586188048e-16,0.0,0.0
equilibrium_sigma_1.35,69.0,264.22103112977265,2.2627341233489653,0.3852577395583665,0.8280000000000001,0.689601533902558,0.20510652823541906,0.9735705445672386,-0.348861891453355,-2.635244842032633,-4.944121089127861,0.8248819968329796,-6.879923288847016,-5.433473956870167,0.1455705445672385,-0.1383984660974421,1.4347341233489652,0.012923662450794182,0.0074560233497152845,0.012915370170944095,0.0009153701709440944,0.00904054784327269,0.012996245488117175,0.000996245488117175,0.0007561051701410193,0.27550112173013364,0.027063495432947136,0.0909153701709441,0.0409153701709441,0.003113147243385187,0.09251012741421706,0.16981480968790177,0.01842451570060608,0.0003883926158609919,0.22839711887790745,0.7527899728056255,1.0000000000000002,0.6080182146324745,0.609916975984956,0.18780147548519102,97.65639544158493,-1.4709566897863624e-11,-1.3877787807814457e-16,6.661338147750939e-16,0.0,0.0
equilibrium_sigma_1.35,70.0,263.22103112977265,2.2756601102112093,0.39274454857605273,0.84,0.7025202719371119,0.2141363218810103,0.986571373471772,-0.3481024909083262,-2.6116780948479428,-4.920259417945206,0.8368447331272696,-6.854542816574307,-5.409354289455524,0.14657137347177207,-0.1374797280628881,1.4356601102112094,0.012928410004584709,0.007517665690127439,0.012922174717553102,0.0009221747175531016,0.009019084637949516,0.013005463308513043,0.001005463308513043,0.0007627409281951714,0.27552174156834275,0.027285199517594852,0.09092217471755311,0.040922174717553106,0.0031502942495705245,0.09276300240220631,0.16992189510632202,0.018481334227892224,0.0003932306627920073,0.22839725695104687,0.752728178158269,1.0,0.6078487883905217,0.6097697425038938,0.18847701049809235,98.65425081868041,-1.4723167129915282e-11,5.828670879282072e-16,-1.6653345369377348e-16,-1.1102230246251565e-16,0.0
equilibrium_sigma_1.35,71.0,262.22103112977265,2.2885911303740434,0.4002932136905466,0.852,0.7154460147167903,0.2231447819295122,0.9995815696937216,-0.34733632301943107,-2.588014250114267,-4.896375960720664,0.8488069536920051,-6.829127023571972,-5.385210372020414,0.1475815696937216,-0.13655398528320972,1.4365911303740435,0.012933719348155279,0.007579736270828693,0.01292937386202963,0.0009293738620296289,0.008997875136213866,0.013014976922853805,0.0010149769228538046,0.000769636673836338,0.27554355715766554,0.027508305216846645,0.09092937386202964,0.04092937386202963,0.0031879539571117044,0.09301863281482586,0.1700299892266083,0.018538807644656225,0.000398139308221519,0.22839844269029566,0.7526646103568266,1.0,0.6076775160140666,0.6096209595644483,0.18916168853528695,99.65198217783589,-1.4735102027430003e-11,-5.551115123125783e-17,7.216449660063518e-16,0.0,0.0
equilibrium_sigma_1.35,72.0,261.22103112977265,2.3015277237272707,0.4079041648395558,0.864,0.7283791437724809,0.23213214967569712,1.0126014219767754,-0.3465631348599666,-2.564252328693871,-4.872470238725744,0.8607686491144161,-6.803674925258124,-5.361041635298074,0.1486014219767754,-0.13562085622751907,1.4375277237272708,0.012939552337202509,0.007642238096948021,0.01293694485955938,0.0009369448595593806,0.008976897747098828,0.013024774231373826,0.0010247742313738255,0.000776780238465058,0.27556649957442236,0.027732827135194198,0.09093694485955939,0.040936944859559385,0.003226135690198774,0.09327705729383272,0.1701391292181704,0.0185969458099839,0.0004031199703130477,0.22840059453672598,0.7525993396829771,1.0,0.607504371613132,0.6094706064888528,0.18985561643315,100.64959674376809,-1.474775856991073e-11,8.326672684688674e-16,8.326672684688674e-16,0.0,0.0
equilibrium_sigma_1.35,73.0,260.22103112977265,2.314470397508331,0.4155778346585886,0.876,0.7413200211987506,0.24109864798168454,1.025631208919745,-0.34578268376825394,-2.540391361636349,-4.848541784600344,0.8727298098146179,-6.778185568949299,-5.33684752461915,0.14963120891974502,-0.13467997880124938,1.4384703975083313,0.012945874143200128,0.007705174146540972,0.012944867009417195,0.0009448670094171947,0.008956132856383175,0.013034844338344342,0.0010348443383443422,0.0007841606181058225,0.27559050608914304,0.027958779334904378,0.0909448670094172,0.0409448670094172,0.0032648489373430815,0.0935383146690625,0.17024935088714938,0.018655758660070933,0.00040817409225368866,0.22840363783373416,0.752532429413941,0.9999999999999999,0.6073293291717281,0.6093186625596895,0.19055890590425176,101.6471010955118,-1.4757695065981125e-11,1.942890293094024e-16,2.220446049250313e-16,0.0,0.0
equilibrium_sigma_1.35,74.0,259.22103112977265,2.3274196246676295,0.42331465882860436,0.888,0.7542689887534963,0.25004448046637334,1.0386711984347758,-0.34499473788671386,-2.516430390445986,-4.8245901424182565,0.884690426043171,-6.752658035004131,-5.312627500166836,0.15067119843477583,-0.13373101124650366,1.4394196246676296,0.01295265339547337,0.007768547366772458,0.01295312175439315,0.0009531217543931499,0.008935562932608412,0.013045177609249947,0.001045177609249947,0.0007917680300284502,0.27561552046785803,0.028186175269031763,0.09095312175439316,0.040953121754393154,0.0033041033537271045,0.09380244395656807,0.170360688598181,0.01871525620853876,0.0004133031423350197,0.22840750509481864,0.7524639355543077,1.0000000000000002,0.6071523625490993,0.6091651070221848,0.19127167385069516,102.64450113512251,-1.47672429839929e-11,5.551115123125783e-17,5.551115123125783e-17,0.0,0.0
equilibrium_sigma_1.35,75.0,258.22103112977265,2.340375847139328,0.43111507611059235,0.9,0.7672263698998523,0.2589698334950862,1.0517216489433394,-0.3441990750052396,-2.4923684654080627,-4.800614866166976,0.8966504878732996,-6.727091432989903,-5.288381035069018,0.1517216489433394,-0.13277363010014775,1.440375847139328,0.012959861871360195,0.007832360678446287,0.012961692492298373,0.0009616924922983723,0.008915172346022668,0.013055765547553833,0.0010557655475538323,0.0007995937956195576,0.2756414924009042,0.028415027832800234,0.09096169249229838,0.04096169249229838,0.0033439087688745144,0.0940694843996901,0.1704731754356653,0.018775448556441383,0.00041850861537215644,0.2284121353536601,0.7523939074745263,1.0,0.6069734454522075,0.6090099190608869,0.19199404222121272,103.64180214717572,-1.477734601351699e-11,-1.1102230246251565e-16,-5.551115123125783e-16,0.0,0.0
equilibrium_sigma_1.35,76.0,257.22103112977265,2.353339482761974,0.43897952785476135,0.912,0.7801924739562182,0.26787488013343713,1.0647828118410805,-0.3433954801587138,-2.46820464290239,-4.776615517581055,0.9086099851905092,-6.701484894710929,-5.2641076124175505,0.15278281184108045,-0.13180752604378188,1.441339482761974,0.012967473860891462,0.007896616986078287,0.01297056417091346,0.0009705641709134606,0.008894946964661227,0.013066600585975863,0.0010666005859758625,0.000807630133325965,0.27566837627549534,0.0286453495056924,0.09097056417091347,0.040970564170913465,0.003384275196908952,0.0943394755332067,0.170586843541761,0.018836345907529025,0.00042379203499883324,0.22841747287677103,0.7523223891807009,0.9999999999999999,0.6067925513927515,0.6088530777623844,0.19272613743991004,104.63900892646832,-1.4784284907420897e-11,-5.551115123125783e-17,2.7755575615628914e-16,0.0,0.0
equilibrium_sigma_1.35,77.0,256.22103112977265,2.3663109218933074,0.4469084586829323,0.924,0.7931675942147947,0.27675977843841215,1.0778549303596736,-0.34258374675495273,-2.443937986027081,-4.7525916663566665,0.9205689076898035,-6.675837576679021,-5.239806725870915,0.15385493035967357,-0.13083240578520539,1.4423109218933075,0.012975466462411406,0.007961319172407989,0.012979723492642585,0.0009797234926425848,0.008874874370062676,0.013077676185302423,0.0010776761853024223,0.0008158702541338769,0.27569613179588665,0.028877152249282195,0.09097972349264259,0.04097972349264259,0.0034252128392340837,0.09461245717475454,0.17070172395563238,0.018897958567163423,0.0004291549536046227,0.22842346772219382,0.7522494187570382,1.0,0.6066096536929144,0.6086945621222676,0.19346809094802028,105.63612571374036,-1.4791168290173573e-11,0.0,-6.661338147750939e-16,0.0,0.0
equilibrium_sigma_1.35,78.0,255.22103112977265,2.379290535330855,0.45490231581466833,0.936,0.8061520126500163,0.2856246759182315,1.0909382423786262,-0.34176367383112827,-2.4195675616889822,-4.72854288791231,0.9325272448643506,-6.6501486523870135,-5.21547787648203,0.1549382423786262,-0.1298479873499837,1.443290535330855,0.012983818862051369,0.008026470110122806,0.012989158450092804,0.0009891584500928037,0.008854943390627305,0.0130889865779249,0.001088986577924899,0.0008243081184300394,0.2757247225760388,0.029110447678152192,0.09098915845009281,0.04098915845009281,0.003466732095731553,0.0948884694949505,0.17081784700050315,0.018960296959021312,0.0004345989549517988,0.22843007429151305,0.7521750297945139,1.0000000000000002,0.6064247254383831,0.6085343510043651,0.19422003849789873,106.63315634208938,-1.4796608382994236e-11,4.440892098500626e-16,5.551115123125783e-16,0.0,0.0
equilibrium_sigma_1.35,79.0,254.22103112977265,2.392278673430289,0.46296154941322987,0.9480000000000001,0.819145999491052,0.2944697091818273,1.1040329801610926,-0.34093506632456794,-2.3950924404953167,-4.704468763116335,0.9444849860004377,-6.624417312577918,-5.19112057251976,0.15603298016109257,-0.12885400050894802,1.444278673430289,0.012992512405402334,0.008092072660410675,0.01299885838253862,0.0009988583825386206,0.008835144165227533,0.01310052679670548,0.0011005267967054803,0.0008329384532101969,0.2757541163107231,0.02934524702177946,0.09099885838253863,0.040998858382538625,0.0035088435696868313,0.09516755302590627,0.17093524224473214,0.019023371627950453,0.0004401256547964762,0.22843725144766872,0.7520992512695844,1.0,0.6062377394726427,0.6083724231375437,0.19498212040845778,107.63010421937965,-1.4801382342000124e-11,-5.551115123125783e-17,-2.7755575615628914e-16,0.0,0.0
equilibrium_sigma_1.35,80.0,253.22103112977265,2.4052756681546565,0.47108661264447627,0.96,0.8321498145172539,0.30329500520600083,1.117139371120456,-0.3400977343353282,-2.3705116956321675,-4.68036887727698,0.956442120169638,-6.598642762760083,-5.166734328208431,0.15713937112045606,-0.12785018548274607,1.4452756681546566,0.013001530404440367,0.008158129676262532,0.013008813859570527,0.0010088138595705266,0.008815468031715328,0.013112292600592212,0.0011122926005922122,0.0008417566915719377,0.275784284422941,0.029581561158689075,0.09100881385957053,0.04100881385957053,0.0035515580754886824,0.09544974869259601,0.171053938605701,0.019087193248021377,0.0004457367022903751,0.22844496210604093,0.7520221079436473,1.0,0.6060486683759606,0.6082087570988178,0.19575448151402833,108.62697236508016,-1.4804935055678925e-11,0.0,-1.1102230246251565e-16,0.0,0.0
equilibrium_sigma_1.35,81.0,252.22103112977265,2.418281837265828,0.47927796120764593,0.972,0.8451637095176888,0.31210068364709537,1.1302576393126533,-0.3392514916701821,-2.345824401474107,-4.656242819186367,0.9683986362208157,-6.572824219339179,-5.142318662274382,0.15825763931265335,-0.12683629048231115,1.4462818372658282,0.013010857763810599,0.008224644008200983,0.013019016435808446,0.001019016435808446,0.00879590727735573,0.013124280355825135,0.001124280355825135,0.0008507588428185997,0.27581520132063164,0.02981940070315392,0.09101901643580845,0.04101901643580845,0.0035948866464859284,0.09573509785073851,0.17117396455595973,0.019151772632101948,0.0004514337817509656,0.22845317249414868,0.7519436210919982,0.9999999999999998,0.6058574844400051,0.6080433312921522,0.19653727079312008,109.62376348764495,-1.480654487906463e-11,-5.551115123125783e-17,5.551115123125783e-17,-1.1102230246251565e-16,0.0
equilibrium_sigma_1.35,82.0,251.22103112977265,2.4312974824441933,0.48753605402221406,0.984,0.858187927356306,0.32088685605245054,1.143388004846563,-0.33839615643927756,-2.321029633454728,-4.632090180639133,0.9803545227735037,-6.546960910330137,-5.117873097668316,0.15938800484656301,-0.12581207264369398,1.4472974824441933,0.013020481132695091,0.008291618502572451,0.013029458768697884,0.0010294587686978836,0.008776455269880246,0.013136487070353198,0.0011364870703531975,0.0008599415407539723,0.27584684475362997,0.030058775948581296,0.09102945876869789,0.04102945876869789,0.003638840541469324,0.09602364229686317,0.17129534803865706,0.019217120735185476,0.00045721861338723614,0.228461852405748,0.7518638082456792,0.9999999999999999,0.6056641596611015,0.6078761239451043,0.197330641803307,110.62047994766867,-1.4807211012879407e-11,5.551115123125783e-17,-8.326672684688674e-16,0.0,0.0
equilibrium_sigma_1.35,83.0,250.22103112977265,2.444322894024546,0.4958613525804242,0.996,0.8712227047055076,0.32965362840150536,1.1565306855591762,-0.3375315494184019,-2.296126466670345,-4.6079105556061695,0.9923097682097616,-6.521052071255421,-5.093397160177644,0.16053068555917616,-0.12477729529449244,1.448322894024546,0.013030388489319769,0.008359056007854108,0.013040134340283095,0.001040134340283095,0.008757106171004034,0.013148910276150616,0.0011489102761506158,0.0008693019182270945,0.27587919497055485,0.03029969696970548,0.0910401343402831,0.0410401343402831,0.003683431252664038,0.09631542430714253,0.17141811670002996,0.01928324866427109,0.0004630929552203053,0.22847097439169756,0.7517826839888109,0.9999999999999998,0.6054686657142144,0.6077071130870255,0.19813475221164897,111.61712384560776,-1.480604527870355e-11,-1.1102230246251565e-16,-4.440892098500626e-16,0.0,0.0
equilibrium_sigma_1.35,84.0,249.22103112977265,2.457358350582426,0.5042543212972833,1.008,0.8842682719170423,0.3384011010440781,1.169685896926517,-0.3366574941510557,-2.271113975527915,-4.583703539744601,1.0042643606669421,-6.49509694485916,-5.0688903779696135,0.16168589692651691,-0.12373172808295774,1.449358350582426,0.013040569168229058,0.008426959374817062,0.013051037487063426,0.0010510374870634255,0.00873785497374038,0.013161548013673752,0.0011615480136737515,0.0008788375965851358,0.2759122348092831,0.03054217360329081,0.09105103748706343,0.04105103748706343,0.003728670512811618,0.09661048665319617,0.17154229787541392,0.019350167683078658,0.0004690586041476087,0.22848051378295767,0.751700259929816,0.9999999999999999,0.6052709739423585,0.6075362765421647,0.1989497640192054,112.61369701258828,-1.480426892186415e-11,-4.996003610813204e-16,-7.216449660063518e-16,0.0,0.0
equilibrium_sigma_1.35,85.0,248.22103112977265,2.470404120244924,0.5127154275893346,1.02,0.8973248538684828,0.3471293695304981,1.1828538525728505,-0.3357738164627404,-2.2459912329476053,-4.559468729693808,1.0162182880293738,-6.469094779431736,-5.044352280718805,0.16285385257285045,-0.1226751461315172,1.450404120244924,0.013051013737602882,0.008495331459105889,0.013062163327355054,0.0010621633273550542,0.008718697433052012,0.013174398794113529,0.0011743987941135285,0.0008885466445951451,0.2759459494768335,0.03078621547158857,0.09106216332735506,0.04106216332735506,0.003774570303324597,0.09690887262827105,0.17166791865878356,0.019417889219157883,0.00047511739741953776,0.22849044842709754,0.7516165449563251,1.0,0.6050710553390584,0.6073635919164266,0.19977584357100064,113.6102010334518,-1.4801715408907512e-11,1.1102230246251565e-16,2.220446049250313e-16,0.0,0.0
equilibrium_sigma_1.35,86.0,247.22103112977265,2.483460463163274,0.5212451414117993,1.032,0.9103926713522533,0.35583852588180714,1.196034765150628,-0.33488034360087304,-2.2207573097987954,-4.535205722903834,1.028171537921744,-6.443044826918028,-5.019782399137669,0.16403476515062798,-0.1216073286477467,1.451460463163274,0.013061713791348503,0.008564175124026515,0.013073507616589923,0.0010735076165899228,0.008699629913302458,0.013187461541663836,0.001187461541663836,0.0008984275307044598,0.2759803261108786,0.031031832032062133,0.09107350761658993,0.04107350761658993,0.003821142860741931,0.09721062606849505,0.17179500602579398,0.0194864248699276,0.0004812712141088652,0.2285007582968529,0.7515315456191106,1.0,0.6048688805341083,0.607189036586381,0.2006131613132139,114.60663729242452,-1.4797496561413936e-11,2.7755575615628914e-16,5.551115123125783e-17,0.0,0.0
equilibrium_sigma_1.35,87.0,246.22103112977265,2.4965276305961197,0.5298439359615008,1.044,0.9234719407566423,0.36452865839652293,1.2092288461059109,-0.33397690448836825,-2.195411274265353,-4.510914116687347,1.0401240976992625,-6.41694634247653,-4.995180264112208,0.16522884610591082,-0.12052805924335774,1.4525276305961197,0.013072662007586777,0.00863349324149031,0.013085066809735695,0.0010850668097356943,0.00868064946540897,0.013200735594631752,0.0012007355946317515,0.0009084791113833646,0.27601535396889604,0.03127903255143991,0.0910850668097357,0.0410850668097357,0.003868400686386208,0.0975157913761628,0.1719235867987097,0.019555786409223657,0.00048752197648050093,0.22851142554444415,0.7514452660698516,0.9999999999999999,0.6046644197779708,0.6070125876888314,0.20146189216744212,115.60300695369507,-1.4791723401685886e-11,-1.1102230246251565e-16,4.440892098500626e-16,0.0,0.0
equilibrium_sigma_1.35,88.0,245.22103112977265,2.5096058676518274,0.538512287037472,1.056,0.9365628755554206,0.37319985298212377,1.2224363066419177,-0.3330633287781539,-2.1699521914087327,-4.486593508303317,1.0520759544414435,-6.390798582672073,-4.970545406457129,0.16643630664191766,-0.11943712444457943,1.4536058676518273,0.013083851925568254,0.008703288694673092,0.013096837899606355,0.0010968378996063545,0.008661753652956908,0.013214220643265051,0.0012142206432650508,0.0009187005817201666,0.2760510239382011,0.031527826162389014,0.09109683789960636,0.04109683789960636,0.003916356552408428,0.09782441353879597,0.1720536877820182,0.019625985792934366,0.000493871651498714,0.22852243409787423,0.7513577084576927,1.0,0.6044576429290066,0.6068342221109968,0.2023222152114189,116.59931101239583,-1.4783396729001197e-11,-3.3306690738754696e-16,-6.661338147750939e-16,0.0,0.0
equilibrium_sigma_1.35,89.0,244.22103112977265,2.522695413170382,0.5472506733993521,1.068,0.949665686372111,0.3818521932774359,1.2356573577433139,-0.3321394468465304,-2.144379122650528,-4.462243494323639,1.0640270949428818,-6.364600804829146,-4.945877356275715,0.1676573577433138,-0.11833431362788904,1.454695413170382,0.013095277944392317,0.008773564379304611,0.013108818430105425,0.0011088184301054245,0.008642940573062051,0.013227916724201094,0.001227916724201094,0.0009290914632087421,0.27608732857607704,0.03177822185666525,0.09110881843010543,0.04110881843010543,0.003965023510821445,0.09813653815043664,0.17218533576472336,0.01969703516519157,0.0005003222522867495,0.2285337696221221,0.7512688729603996,1.0,0.6042485194392073,0.6066539164809865,0.20319431389011092,117.59555029061565,-1.4775514145526358e-11,-2.220446049250313e-16,3.3306690738754696e-16,-1.1102230246251565e-16,0.0
equilibrium_sigma_1.35,90.0,243.22103112977265,2.5357965005912106,0.5560595768636439,1.08,0.9627805815598587,0.3904857612199935,1.248892210533607,-0.3312050894564773,-2.118691125158744,-4.437863670110915,1.075977505704106,-6.338352265836318,-4.921175642317061,0.16889221053360703,-0.11721941844014139,1.4557965005912106,0.01310693524248989,0.008844323205844492,0.013121006450013538,0.0011210064500135376,0.008624208812473937,0.013241824183829465,0.0012418241838294646,0.0009396515732174038,0.276124261969738,0.032030228502027795,0.09112100645001354,0.04112100645001354,0.004014414902448738,0.09845221143551176,0.17231855756972744,0.019768946865197194,0.0005068758397530136,0.2285454193424196,0.7511787579526303,1.0,0.6040370183382071,0.6064716471564646,0.20407837606863802,118.59172545208716,-1.476452293758257e-11,-1.6653345369377348e-16,-4.996003610813204e-16,-1.1102230246251565e-16,0.0
equilibrium_sigma_1.35,91.0,242.22103112977265,2.548909359335415,0.5649394818362,1.092,0.9759077679050792,0.39910063764961373,1.2621410767669672,-0.3302600872752366,-2.092887251819809,-4.413453630166295,1.0879271729256308,-6.312052221529217,-4.896439792152438,0.1701410767669671,-0.11609223209492092,1.4569093593354148,0.013118819676210897,0.008915568100236812,0.013133400432128232,0.0011334004321282322,0.008605557356424407,0.013255943658307956,0.0012559436583079557,0.0009503809983435474,0.2761618194912977,0.03228385486690261,0.09113340043212824,0.041133400432128236,0.004064544362679938,0.0987714802595103,0.17245338012421293,0.019841733431097266,0.0005135345239192955,0.22855737187884465,0.7510873601661388,1.0,0.6038231082261281,0.6062873902202116,0.20497459387324646,119.5878370277312,-1.4752532528916618e-11,-5.551115123125783e-17,-8.326672684688674e-16,-1.1102230246251565e-16,0.0
equilibrium_sigma_1.35,92.0,241.22103112977265,2.5620342145177917,0.5738908760404451,1.104,0.9890474507209116,0.4076969025072521,1.2754041688294386,-0.3293042709009092,-2.066966550248716,-4.389012966858615,1.0998760824952216,-6.28569992547288,-4.87166933090784,0.17140416882943854,-0.11495254927908849,1.4580342145177916,0.013130927776035708,0.008987302006777272,0.013145999299870419,0.0011459992998704184,0.008586985630982317,0.013270276068011455,0.0012702760680114548,0.0009612800933034293,0.2761999978783952,0.03253910961554092,0.09114599929987043,0.04114599929987042,0.004115425833979166,0.09909439216226074,0.1725898304576132,0.01991540760905536,0.0005203004658589813,0.22856961716498952,0.7509946747600963,1.0000000000000002,0.6036067572512853,0.6061011214645643,0.20588316403498813,120.58388540746795,-1.4739320874923578e-11,-4.440892098500626e-16,-2.220446049250313e-16,0.0,0.0
equilibrium_sigma_1.35,93.0,240.22103112977265,2.575171288431996,0.5829142498728739,1.116,1.002199834544049,0.41627463539698406,1.2886817002538518,-0.3283374703533145,-2.0409280629713145,-4.364541271106534,1.1118242199827264,-6.259294628625608,-4.846863781764353,0.17268170025385166,-0.11380016545595106,1.459171288431996,0.013143256646544824,0.009059527888261646,0.013158802339118002,0.0011588023391180015,0.008568493400025246,0.013284822578674138,0.0012848225786741378,0.0009723494420743606,0.27623879496702425,0.032796001334074454,0.09115880233911801,0.041158802339118006,0.004167073570848304,0.09942099536439898,0.17272793577615234,0.01998998235626983,0.0005271758789884654,0.22858214630599766,0.7509006954587439,0.9999999999999999,0.6033879331058526,0.6059128163892666,0.20680428766725625,121.57987086803423,-1.4723777752578826e-11,1.1102230246251565e-16,9.992007221626409e-16,0.0,0.0
equilibrium_sigma_1.35,94.0,239.22103112977265,2.5883208006243796,0.5920100967733481,1.1280000000000001,1.0153651233298562,0.4248339158283139,1.3019738858207397,-0.32735951499442384,-2.0147708267870215,-4.340038131648118,1.1237715706289102,-6.2328355784494125,-4.822022665193545,0.17397388582073958,-0.11263487667014394,1.4603208006243795,0.013155803946128877,0.009132248728090542,0.013171809200907887,0.001171809200907887,0.00855008077561598,0.0132995845980588,0.0012995845980587999,0.0009835898584498182,0.2762782096997209,0.033054538532069286,0.0911718092009079,0.04117180920090789,0.004219502150756218,0.09975133879316649,0.1728677234762738,0.020065470848449708,0.0005341630309096296,0.22859495149751827,0.7508054146231224,1.0,0.6031666030085784,0.6057224501899161,0.2077381704750635,122.57579357228228,-1.470712440720945e-11,-1.6653345369377348e-16,5.551115123125783e-17,0.0,0.0
equilibrium_sigma_1.35,95.0,238.22103112977265,2.6014829685003997,0.6011789133378036,1.1400000000000001,1.028543520878166,0.43337482362733587,1.3152809418291902,-0.32637023327726644,-1.9884938722514345,-4.315503134625157,1.1357181193351746,-6.206322017992137,-4.797145498447944,0.17528094182919007,-0.1114564791218342,1.4614829685003996,0.013168567831333453,0.009205467532242943,0.01318501987108487,0.0011850198710848699,0.008531748189337378,0.013314563765964849,0.0013145637659648483,0.0009950023649452078,0.2763182420335905,0.0333147296555393,0.09118501987108488,0.041185019871084874,0.0042727264841754126,0.10008547210583982,0.17300922118269335,0.020141886486810937,0.0005412642452521648,0.22860802589955098,0.750708823368386,1.0,0.6029427336890872,0.6055299977474254,0.20868502284044532,123.57165357884406,-1.468780652658097e-11,5.551115123125783e-17,1.6653345369377348e-16,0.0,0.0
equilibrium_sigma_1.35,96.0,237.22103112977265,2.6146580080069675,0.610421198837706,1.1520000000000001,1.0417352310900752,0.44189743910782936,1.3286030863400633,-0.32536945250539595,-1.9620962240059057,-4.290935864285561,1.1476638506577581,-6.179753186108799,-4.772231796172712,0.17660308634006316,-0.11026476890992498,1.4626580080069673,0.013181546925334756,0.009279187328581493,0.013198434630490523,0.0011984346304905226,0.008513496340438798,0.013329761917590943,0.001329761917590943,0.0010065881700382917,0.27635889281966824,0.03357658309420286,0.09119843463049053,0.04119843463049053,0.0043267618201502656,0.10042344569363167,0.17315245678511765,0.020219242900662508,0.0005484819029799194,0.22862136362140678,0.7506109115749509,1.0,0.6027162913852667,0.605335433627872,0.20964505971967795,124.5674508547498,-1.4667156378322943e-11,-2.7755575615628914e-16,-5.551115123125783e-17,-1.1102230246251565e-16,0.0
equilibrium_sigma_1.35,97.0,236.22103112977265,2.6278461337677235,0.6197374559813446,1.164,1.0549404583503936,0.45040184353490803,1.3419405393403492,-0.3243569987033561,-1.935576899521091,-4.266335901480982,1.159608748792207,-6.153128315700142,-4.74728106885042,0.17794053934034926,-0.1090595416496063,1.4638461337677235,0.013194740270839236,0.009353411171169803,0.01321205405783376,0.0012120540578337592,0.00849532621515224,0.013345181104629233,0.0013451811046292332,0.0010183486798265307,0.27640016381161747,0.033840107191632086,0.09121205405783377,0.041212054057833764,0.00438162376154161,0.1007653107231438,0.17329745845924524,0.020297553958638977,0.0005558184448710783,0.22863495954333107,0.7505116680531588,1.0,0.6024872418154936,0.6051387320629297,0.21061850097608212,125.56318527466483,-1.4644840895527977e-11,5.551115123125783e-17,-2.7755575615628914e-16,2.220446049250313e-16,0.0
equilibrium_sigma_1.35,98.0,235.22103112977265,2.6410475597656857,0.6291281902542735,1.176,1.0681594077093037,0.45888811919106354,1.3552935229719922,-0.3233326963857124,-1.9089349096907686,-4.241702824754194,1.171552797568628,-6.126446634338066,-4.722292823799984,0.1792935229719923,-0.1078405922906962,1.4650475597656858,0.013208147310547494,0.00942814213863973,0.013225878988520352,0.001225878988520352,0.008477239028783525,0.013360823560848445,0.0013608235608484447,0.001030285470271508,0.2764420575409708,0.034105310250204635,0.09122587898852036,0.041225878988520356,0.004437328269527745,0.1011111191347122,0.1734442547024322,0.020376833770130956,0.0005632763727382023,0.22864880934833723,0.7504110805087936,1.0,0.6022555501797427,0.6049398669527365,0.2116055712215306,126.55885663392178,-1.4620860078196074e-11,-1.1102230246251565e-16,-2.220446049250313e-16,0.0,0.0
equilibrium_sigma_1.35,99.0,234.22103112977265,2.6542624995475608,0.6385939103044628,1.188,1.0813922851718938,0.4673563496988197,1.3686622616880697,-0.32229636842546294,-1.8821692580999612,-4.217036209541479,1.1834959804385172,-6.0997073632048515,-4.6972665643245515,0.18066226168806976,-0.10660771482810616,1.4662624995475608,0.01322176785349917,0.009503383336908037,0.013239910510469362,0.0012399105104693615,0.008459236229170521,0.013376691708755217,0.001376691708755217,0.0010424002838682611,0.27648457730445264,0.03437220053848909,0.09123991051046937,0.041239910510469366,0.0044938916764803195,0.10146092367224864,0.17359287435528642,0.020457096693983025,0.0005708582516672846,0.22866290941024947,0.7503091356441002,0.9999999999999999,0.6020211811395934,0.6047388118526225,0.21260650003184434,127.55446464995933,-1.459421472560507e-11,-1.1102230246251565e-16,0.0,-1.1102230246251565e-16,0.0
equilibrium_sigma_1.35,100.0,233.22103112977265,2.667491166681099,0.6481351280713014,1.2,1.0946392980400093,0.4758066203409515,1.3820469824779642,-0.3212478358489287,-1.8552789405486834,-4.192335627818196,1.1954382804630617,-6.072909716328499,-4.672201789276545,0.18204698247796425,-0.1053607019599907,1.4674911666810992,0.013235602033600122,0.00957913790107222,0.013254149943138997,0.001254149943138997,0.008441319476956942,0.013392788124066968,0.0013927881240669675,0.0010546950074408201,0.27652772710042123,0.034640786302031656,0.091254149943139,0.041254149943139,0.0045513306973655075,0.10181477790752673,0.17374334663395216,0.02053835734599059,0.0005785667121414792,0.2286772566956227,0.7502058192462453,1.0,0.601784098801957,0.6045355399626374,0.21362152205897536,128.55000896901709,-1.456734732840914e-11,5.551115123125783e-17,7.216449660063518e-16,-1.1102230246251565e-16,0.0
equilibrium_sigma_1.35,101.0,232.22103112977265,2.680733774979221,0.6577523582852699,1.212,1.1079006548689365,0.48423901794549773,1.3954479149484877,-0.3201869177529093,-1.8282629456305948,-4.167600649053275,1.207379680307075,-6.046052901371541,-4.6470979939736,0.18344791494848778,-0.10409934513106345,1.4687337749792209,0.013249650325555681,0.009655408993639515,0.013268598824680407,0.0012685988246804066,0.008423490619386999,0.013409115580120812,0.0014091155801208115,0.0010671717054488994,0.27657151158994064,0.03491107575806697,0.09126859882468041,0.04126859882468041,0.004609662435522186,0.10217273623968885,0.17389570114501243,0.020620630600769695,0.000586404451421401,0.22869184885293942,0.7501011160948694,1.0,0.6015442667194084,0.6043300241303001,0.21465087696791393,129.54548917028114,-1.4536927217534412e-11,1.1102230246251565e-16,0.0,0.0,0.0
equilibrium_sigma_1.35,102.0,231.22103112977265,2.693990538934299,0.6674461192691945,1.224,1.1211765660658382,0.4926536315341579,1.408865291608161,-0.31911343106134726,-1.8011202532597341,-4.142830838534442,1.2193201622206309,-6.019136117469584,-4.621954668428954,0.184865291608161,-0.10282343393416182,1.4699905389342989,0.0132639134657625,0.009732199809983414,0.013283258898447788,0.0012832588984477873,0.008405751693717444,0.013425676975709067,0.0014256769757090663,0.0010798325561500732,0.2766159360559024,0.03518307711677391,0.0912832588984478,0.04128325889844779,0.004668904400677308,0.10253485394397896,0.17404996792357935,0.02070393160499881,0.0005943742365774387,0.22870668395973126,0.7499950101986924,1.0,0.601301647857534,0.6041222368276055,0.21569480977172173,130.54090477022783,-1.450461972751782e-11,-1.6653345369377348e-16,-2.7755575615628914e-16,0.0,0.0
equilibrium_sigma_1.35,103.0,230.22103112977265,2.7072616738779267,0.6772169322556933,1.236,1.1344672437259091,0.5010505520627797,1.422299347910098,-0.31802719047507144,-1.7738498355504242,-4.118025758740632,1.2312597080342527,-5.992158556503222,-4.596771298695646,0.18629934791009806,-0.10153275627409086,1.4712616738779267,0.013278392487354185,0.009809513575395399,0.013298132102526831,0.0012981321025268312,0.008388104898632488,0.013442475390590403,0.0014424753905904024,0.001092679896008697,0.2766610063712934,0.03545679857113843,0.09129813210252684,0.041298132102526836,0.004729074513452753,0.10290118716474053,0.1742061774438221,0.02078827577792612,0.000602478905751428,0.22872176067498035,0.7498874846413421,0.9999999999999999,0.6010562045996238,0.6039121501572972,0.21675357071733198,131.5362552260206,-1.4471313036779065e-11,0.0,2.220446049250313e-16,-1.1102230246251565e-16,0.0
equilibrium_sigma_1.35,104.0,229.22103112977265,2.720547396280058,0.687065321789782,1.248,1.1477729019959826,0.509429872799685,1.4357503224516024,-0.3169280082998911,-1.7464506560036896,-4.093184968497347,1.2431982991435955,-5.965119401909576,-4.571547365950849,0.1877503224516024,-0.10022709800401741,1.472547396280058,0.013293088676425036,0.00988735354827639,0.013313220560843213,0.0013132205608432125,0.008370552592880783,0.013459514034419584,0.0014595140344195838,0.0011057161813932126,0.2767067289722522,0.035732248308525526,0.09131322056084322,0.04131322056084322,0.004790191120319552,0.10327179294917946,0.1743643606471153,0.02087367882131346,0.0006107213708274219,0.22873707810254226,0.7497785217053169,1.0,0.6008078987240497,0.6036997358380002,0.2178274155127621,132.5315399384112,-1.4434675676966435e-11,1.1102230246251565e-16,2.220446049250313e-16,-1.1102230246251565e-16,0.0
equilibrium_sigma_1.35,105.0,228.22103112977265,2.7338479241276916,0.6969918158745724,1.26,1.1610937573769053,0.5177916895949342,1.4492184571797728,-0.3158156942622581,-1.7189216690362448,-4.06830802265695,1.2551359164960332,-5.938017827993914,-4.546282346100216,0.18921845717977281,-0.09890624262309466,1.4738479241276916,0.013308003538055807,0.009965723022028044,0.01332852656755338,0.0013285265675533793,0.008353097280570251,0.013476796272282598,0.0014767962722825982,0.0011189440063397171,0.2767531108107678,0.03600943452029411,0.09132852656755339,0.041328526567553384,0.004852273006641218,0.10364672927346054,0.1745245489721601,0.020960156727701233,0.000619104619905747,0.22875263570693222,0.7496681029454608,1.0,0.6005566913867814,0.6034849651933026,0.2189166054633573,133.5267582567378,-1.4396150938011942e-11,-2.220446049250313e-16,-3.3306690738754696e-16,0.0,0.0
equilibrium_sigma_1.35,106.0,227.22103112977265,2.7471634768391064,0.7069969454454006,1.272,1.1744300284691402,0.5261361005709243,1.4627039973638172,-0.31469005553224993,-1.6912618207437382,-4.043394473241297,1.2670725405839862,-5.910853001118243,-4.520975710916361,0.19070399736381716,-0.09756997153085978,1.4751634768391064,0.013323138846195737,0.01004462532244143,0.013344052592541046,0.0013440525925410458,0.008335741602276785,0.01349432561470465,0.0014943256147046495,0.001132366092004844,0.2768001593713365,0.03628836538698026,0.09134405259254105,0.04134405259254105,0.004915339402994622,0.10402605503930477,0.17468677435541446,0.021047725781942455,0.0006276317188415124,0.22876843347928014,0.7495562090199358,0.9999999999999999,0.6003025431236657,0.6032678091565713,0.22002140743901305,134.52190947732697,-1.4355849842218049e-11,1.1102230246251565e-16,7.771561172376096e-16,2.220446049250313e-16,0.0
equilibrium_sigma_1.35,107.0,226.22103112977265,2.760494275924267,0.7170812452173472,1.284,1.1877819367462847,0.5344632069048467,1.4762071919747521,-0.3135508963906368,-1.6634700472357637,-4.018443867634506,1.279008151423554,-5.883624077228227,-4.495626926102765,0.1922071919747521,-0.09621806325371529,1.476494275924267,0.0133384965389758,0.010124063814081586,0.013359801255974656,0.0013598012559746554,0.008318488326750605,0.013512105695445698,0.0015121056954456973,0.0011459852700124173,0.2768478825938626,0.036569049108219634,0.09135980125597466,0.04135980125597466,0.004979410006100965,0.10440983012972317,0.17485106928294292,0.021136402576455573,0.0006363058148684674,0.22878447162225088,0.7494428199864251,1.0,0.6000454138130854,0.603048238244763,0.221142094220269,135.51699285156084,-1.4313217278072443e-11,0.0,1.1102230246251565e-16,-1.1102230246251565e-16,0.0
equilibrium_sigma_1.35,108.0,225.22103112977265,2.773840544792349,0.7272452529730217,1.296,1.2011497061479943,0.542773112350081,1.4897282936036227,-0.3123980182996934,-1.6355452757277158,-3.9934557501650874,1.2909427285492465,-5.8563302035769205,-4.4702354528873665,0.19372829360362265,-0.09485029385200572,1.4778405447923488,0.013354078792818802,0.010204041896319967,0.013375775338609154,0.0013757753386091538,0.008301340342069478,0.01353014029481514,0.0015301402948151403,0.0011598044974414634,0.2768962889048762,0.03685149388125393,0.09137577533860916,0.04137577533860916,0.005044504983720032,0.10479811539837852,0.17501746678427815,0.0212262040112439,0.0006451301379990713,0.22880075079151097,0.7493279150592461,1.0,0.5997852626830863,0.6028262225671435,0.22227894441727458,136.51200758277807,-1.42680312009702e-11,-2.220446049250313e-16,2.220446049250313e-16,-1.1102230246251565e-16,0.0
equilibrium_sigma_1.35,109.0,224.22103112977265,2.787202509126037,0.7374895099849246,1.308,1.2145335635073629,0.5510659236545148,1.5032675586986575,-0.3112312196969187,-1.607486423650637,-3.968429661229041,1.3028762509963032,-5.828970517435326,-4.444800747059896,0.19526755869865742,-0.0934664364926372,1.479202509126037,0.013369887970294467,0.010284563006901375,0.013391977769454534,0.001391977769454534,0.008284300650636872,0.013548433334120702,0.0015484333341207017,0.0011738268540506525,0.27694538718016526,0.03713570791562169,0.09139197776945454,0.04139197776945454,0.005110644991879036,0.10519097270738331,0.17518600046636618,0.021317147305175435,0.0006541080041811424,0.22881727193769633,0.7492114727529472,1.0,0.5995220482860532,0.6026017318088195,0.22343224271314968,137.5069528302451,-1.4220624677818705e-11,-2.220446049250313e-16,-3.3306690738754696e-16,0.0,0.0
equilibrium_sigma_1.35,110.0,223.22103112977265,2.800580397226528,0.7478145611786012,1.32,1.2279337388428642,0.5593417508033802,1.5168252477685902,-0.3100502958149012,-1.5792923981611953,-3.943365136990087,1.3148086972852577,-5.801544145432336,-4.419322258594696,0.19682524776859012,-0.0920662611571359,1.4805803972265281,0.013385926589375347,0.010365630623869387,0.013408411613022898,0.001408411613022898,0.008267372357024662,0.013566988845692407,0.0015669888456924068,0.001188055521739173,0.27699518670613,0.037421699442259634,0.0914084116130229,0.0414084116130229,0.005177851189849843,0.10558846495597154,0.17535670454396807,0.021409250005253424,0.0006632428181990851,0.22883403622685622,0.7490934709496914,1.0000000000000002,0.599255728479499,0.6023747352189882,0.22460228002348015,138.50182771325473,-1.417055361940811e-11,0.0,1.1102230246251565e-16,0.0,0.0
equilibrium_sigma_1.35,111.0,222.22103112977265,2.8139744397074886,0.7582209545760439,1.332,1.2413504649454246,0.5676007065730001,1.5304016252785693,-0.30885503877858045,-1.550962097052729,-3.918261710670225,1.3267400454143357,-5.774050205039833,-4.393799432960573,0.1984016252785692,-0.09064953505457551,1.4819744397074885,0.01340219739940747,0.010447248262260692,0.013425080087984147,0.0014250800879841465,0.008250558671418263,0.013585811018401728,0.0015858110184017275,0.0012024938100818616,0.2770456972363156,0.037709476690949484,0.09142508008798415,0.04142508008798415,0.005246145247316201,0.10599065607510662,0.17552961383013752,0.021502529988080384,0.0006725380754520753,0.22885104526754804,0.7489738866689194,0.9999999999999999,0.5989862604296785,0.6021452016173375,0.22578935348929624,139.4966313054295,-1.4119594382577816e-11,-1.1102230246251565e-16,0.0,0.0,0.0
equilibrium_sigma_1.35,112.0,221.22103112977265,2.827384870341447,0.7687092421953564,1.344,1.2547839783068626,0.5758429074148153,1.5439969601128205,-0.30764523719529757,-1.5224944069078497,-3.8931189106390196,1.338670272834836,-5.74648780184206,-4.368231709050924,0.19999696011282042,-0.08921602169313747,1.4833848703414467,0.013418703254127737,0.010529419481265859,0.013441986532292664,0.001441986532292664,0.008233862891937921,0.013604904154362885,0.0016049041543628843,0.0012171451324594074,0.27709692888573534,0.03799904792740524,0.09144198653229267,0.04144198653229267,0.0053155493684489555,0.1063976110903627,0.17570476380020356,0.0215970054772339,0.0006819973662342508,0.22886830073919476,0.748852696417337,0.9999999999999998,0.5987136005694569,0.6019130993646459,0.2269937668402465,140.4913626457206,-1.4064416298253946e-11,-2.220446049250313e-16,5.551115123125783e-16,-1.1102230246251565e-16,0.0
equilibrium_sigma_1.35,113.0,220.22103112977265,2.8408119256176154,0.7792799793030069,1.356,1.2682345185295638,0.5840684728246013,1.557611525405247,-0.30642067631060077,-1.49388820436009,-3.8679362621573725,1.3505993564450443,-5.718856031591022,-4.342618520966136,0.20161152540524685,-0.08776548147043628,1.4848119256176153,0.013435447215866217,0.01061214787942976,0.01345913442832488,0.0014591344283248799,0.00821728840984393,0.01362427269224753,0.0016242726922475297,0.0012320130149401365,0.2771488922070451,0.038290421422655076,0.09145913442832489,0.041459134428324884,0.005386086297528182,0.10680939610869604,0.1758821905741381,0.021692695043096424,0.0006916243773646883,0.2288858047048463,0.7487298758746926,1.0,0.5984377046071736,0.601678396373399,0.22821583034129375,141.48602073069463,-1.4008016968602988e-11,-2.220446049250313e-16,-5.551115123125783e-16,0.0,0.0
equilibrium_sigma_1.35,114.0,219.22103112977265,2.854255845181678,0.7899337248579944,1.368,1.2817023288137308,0.5922775257905237,1.5712455988121174,-0.30518113776986566,-1.4651423551275482,-3.8427132864805023,1.3625272725699162,-5.691153978832681,-4.316959297016271,0.20324559881211735,-0.0862976711862693,1.486255845181678,0.013452432495842284,0.010695437098514882,0.013476527387812916,0.0014765273878129155,0.008200838701510192,0.01364392121172564,0.00164392121172564,0.001247101111268023,0.27720159814488765,0.038583605470140885,0.09147652738781292,0.04147652738781292,0.005457779338696804,0.10722607836055782,0.17606193095612055,0.021789617615612197,0.0007014228959027266,0.2289035594328608,0.7486054000556243,0.9999999999999999,0.5981585274984261,0.6014410600896273,0.22945586105574242,142.48060451935942,-1.3948064925273229e-11,0.0,1.1102230246251565e-16,0.0,0.0
equilibrium_sigma_1.35,115.0,218.22103112977265,2.867716872176915,0.8006710416933904,1.3800000000000001,1.2951876562588112,0.6004701930246227,1.5848994627252129,-0.30392639943088806,-1.436255713486449,-3.8174495005708016,1.3744539969432834,-5.663380716245024,-4.291253459350707,0.20489946272521276,-0.08481234374118896,1.4877168721769147,0.013469662423827189,0.010779290825473966,0.013494169140346728,0.0014941691403467273,0.008184517317208422,0.013663854396828157,0.0016638543968281565,0.0012624131551230988,0.2772550580010507,0.03887860839470462,0.09149416914034673,0.04149416914034673,0.005530652373187471,0.1076477262318175,0.17624402246698295,0.02188779249479706,0.0007113968125649865,0.228921567315777,0.748479243376861,1.0,0.5978760234246822,0.6012010574799967,0.23071418302840763,143.47511293687208,-1.3886669592011458e-11,-3.3306690738754696e-16,0.0,0.0,0.0
equilibrium_sigma_1.35,116.0,217.22103112977265,2.8811952527702287,0.8114924959241943,1.3920000000000001,1.308690751321286,0.6086466044160416,1.5985734041105202,-0.30265623551673215,-1.4072271233107896,-3.792144418510616,1.3863795046989946,-5.635535306356527,-4.265500425406853,0.20657340411052005,-0.08330924867871414,1.4891952527702286,0.013487140545965559,0.010863712788538286,0.013512063562193234,0.001512063562193234,0.008168327894061925,0.01368407709700925,0.0016840770970092504,0.001277953027845058,0.2773092835217977,0.03917543852326297,0.09151206356219324,0.04151206356219324,0.00560472986763487,0.10807440925694713,0.17642850332748392,0.0219872393523303,0.0007215501238289152,0.22893983115056876,0.748351379373272,0.9999999999999999,0.5975901457978454,0.6009583550395402,0.2319911273031833,144.4695448657,-1.3823164835002899e-11,1.1102230246251565e-16,4.440892098500626e-16,0.0,0.0
equilibrium_sigma_1.35,117.0,216.22103112977265,2.894691237165776,0.822398657904619,1.4040000000000001,1.3222118688916722,0.6168068939954309,1.612267715049434,-0.3013704161336346,-1.378055416041541,-3.7667975495111072,1.3983037703427286,-5.607616798590824,-4.239699605730567,0.20826771504943387,-0.08178813110832794,1.4906912371657757,0.01350487047670669,0.010948706765033773,0.013530214633295977,0.0015302146332959767,0.008152274130074237,0.013704594257202274,0.0017045942572022736,0.0012937246862687601,0.2773642867675636,0.03947410422816616,0.09153021463329598,0.04153021463329598,0.005680036901591537,0.10850619818950245,0.17661541253393617,0.022087978251253446,0.0007318869369581282,0.22895835371164763,0.7482217811001408,1.0,0.5973008472130333,0.6007129187588464,0.23328703230735992,145.4638991591408,-1.375566327510569e-11,-1.1102230246251565e-16,-2.220446049250313e-16,0.0,0.0
equilibrium_sigma_1.35,118.0,215.22103112977265,2.9082050789727347,0.8333901014394811,1.416,1.3357512675541203,0.6249511991944553,1.6259826925035314,-0.30006870749056125,-1.3487394120960707,-3.7414083997861316,1.4102267677447298,-5.5796242315797,-4.213850405908113,0.20998269250353152,-0.0802487324458796,1.4922050789727348,0.01352285602828443,0.01103427657586778,0.013548626473825619,0.0015486264738256185,0.008136359800175703,0.01372541099553537,0.0017254109955353696,0.0013097322459909577,0.277420080223714,0.039774613888690545,0.09154862647382563,0.04154862647382562,0.0057565991742071386,0.10894316498693485,0.17680478983220255,0.02219002964582766,0.0007424114719571143,0.22897713812590292,0.7480904207563123,0.9999999999999999,0.5970080794587537,0.6004647141362911,0.23460224382459227,146.45817463008606,-1.368682944757893e-11,-1.1102230246251565e-16,4.440892098500626e-16,0.0,0.0
equilibrium_sigma_1.35,119.0,214.22103112977265,2.9217370357073538,0.8444674042519309,1.428,1.3493092101338677,0.6330796613166124,1.6397186386233713,-0.2987508716285485,-1.319277919822842,-3.7159764716460195,1.4221484701165346,-5.551556631715563,-4.187952225544498,0.21171863862337137,-0.0786907898661322,1.4937370357073538,0.013541101143663178,0.011120426089617767,0.013567303326732928,0.001567303326732928,0.008120588745425022,0.013746532540048761,0.0017465325400487612,0.0013259798981035686,0.27747667674767557,0.0400769759100516,0.09156730332673294,0.04156730332673293,0.005834443026806292,0.10938538285742934,0.17699667576308203,0.022293414395956678,0.0007531280659376878,0.22899618767398067,0.747957269864125,1.0,0.5967117934855223,0.6002137061580095,0.2359371152806221,147.4523700565946,-1.361399881716352e-11,-1.1102230246251565e-16,2.220446049250313e-16,0.0,0.0
equilibrium_sigma_1.35,120.0,213.22103112977265,2.935287369151112,0.8556311481843705,1.44,1.3628859640228614,0.6411924257667,1.6534758609806688,-0.2974166662174249,-1.2896697349251594,-3.6905012632209586,1.4340688499904366,-5.5234130124682554,-4.162004457894107,0.21347586098066884,-0.0771140359771385,1.4952873691511122,0.013559609864625122,0.011207159224543734,0.013586249546447736,0.0015862495464477357,0.008104964861646385,0.013767964252009435,0.0017679642520094345,0.0013424719591537126,0.2775340895346901,0.04038119873249987,0.09158624954644774,0.04158624954644774,0.005913595462709382,0.10983292629572819,0.17719111169822643,0.022398153779180623,0.0007640411771561246,0.22901550570305906,0.7478222993406041,0.9999999999999999,0.5964119393818621,0.599959859283529,0.23729200795135708,148.4464841855477,-1.3539946941421022e-11,1.1102230246251565e-16,2.220446049250313e-16,-1.1102230246251565e-16,0.0
equilibrium_sigma_1.35,121.0,212.22103112977265,2.948856344737285,0.866881918566178,1.452,1.3764818005223702,0.6492896414266761,1.667254672360556,-0.29606584475375586,-1.259913641621428,-3.6649822699787036,1.4459878792090364,-5.495192376298663,-4.136006491427007,0.21525467236055595,-0.07551819947762972,1.4968563447372851,0.013578386449584715,0.011294479944122339,0.013605469636275493,0.0016054696362754924,0.008089492120460624,0.01378971165588716,0.00178971165588716,0.0013592128811357185,0.2775923322311379,0.04068729079561882,0.0916054696362755,0.0416054696362755,0.005994084157003902,0.11028587107523458,0.1773881398178171,0.02250426949255904,0.0007751553875380964,0.2290350959573553,0.7476854791625476,1.0,0.5961084663795928,0.5997031374547158,0.23866729100639725,149.44051572118087,-1.3461232128975098e-11,-5.551115123125783e-16,-6.661338147750939e-16,-1.1102230246251565e-16,0.0
equilibrium_sigma_1.35,122.0,211.22103112977265,2.9624442327273792,0.8782203052336212,1.464,1.3900969960717706,0.6573714616862926,1.6810553913824091,-0.2946981560062114,-1.2300084104232019,-3.6394189826736647,1.4579055288930953,-5.466893711498534,-4.1099577075592055,0.21705539138240915,-0.07390300392822935,1.4984442327273793,0.013597435204209057,0.011382392265409186,0.013624968197768837,0.001624968197768837,0.008074174535291367,0.013811780393835349,0.0018117803938353487,0.001376207209302649,0.2776514187811177,0.04099526058745741,0.09162496819776884,0.04162496819776884,0.006075937487850948,0.11074429432678333,0.17758780319816797,0.022611783674967186,0.0007864754085625591,0.2290549620938373,0.747546778822633,1.0,0.5958013228010551,0.5994435040592173,0.24006334191711964,150.43446334096618,-1.3380296870479924e-11,-5.551115123125783e-16,0.0,0.0,0.0
equilibrium_sigma_1.35,123.0,210.22103112977265,2.976051307421297,0.8896469016954831,1.476,1.403731831373998,0.665438043620289,1.694878342211017,-0.29331334428696443,-1.199952799682903,-3.613810889328904,1.4698217694327245,-5.438515994715279,-4.083857482707628,0.21887834221101699,-0.07226816862600205,1.5000513074212969,0.013616760634071454,0.011470900252887543,0.013644749976874669,0.0016447499768746689,0.00805901618663514,0.013834176258997744,0.0018341762589977433,0.0013934596232445529,0.2777113635662869,0.041305116598693147,0.09164474997687468,0.04164474997687467,0.006159184544563484,0.11120827452186835,0.1777901457791755,0.02272071890715748,0.0007980060836465489,0.22907510811629708,0.747406166892899,1.0,0.5954904560703481,0.5991809219441843,0.2414805464573948,151.42832568143908,-1.3297807299750275e-11,-1.1102230246251565e-16,4.440892098500626e-16,-1.1102230246251565e-16,0.0
equilibrium_sigma_1.35,124.0,209.22103112977265,2.9896778477226826,0.9011623056257585,1.488,1.4173865920064859,0.6734895484770241,1.7087238549038903,-0.29191114914686755,-1.169745554464974,-3.588157474331679,1.4817365704607701,-5.410058189437862,-4.057705187253516,0.22072385490389035,-0.07061340799351412,1.5016778477226826,0.013636367370044436,0.011560008022710793,0.013664819844237626,0.0016648198442376257,0.008044021208513157,0.01385690519661864,0.0018569051966186405,0.0014109749268964578,0.27777218134617465,0.0416168673431847,0.09166481984423763,0.04166481984423763,0.00624385515335105,0.11167789152472284,0.17799521241604363,0.02283109822808191,0.0008097523932772209,0.2290955381551955,0.7472636112234454,1.0000000000000002,0.5951758126784357,0.5989153533941468,0.24291929901475032,152.42210134448248,-1.3213208305273838e-11,-1.1102230246251565e-16,-4.440892098500626e-16,0.0,0.0
equilibrium_sigma_1.35,125.0,208.22103112977265,3.0033241375301056,0.912767119084865,1.5,1.4310615687829686,0.6815261419118394,1.7225922656702335,-0.29049130514919486,-1.1393854059085744,-3.5624582181686923,1.493649900829128,-5.381519245279529,-4.031500185172147,0.2225922656702335,-0.06893843121703136,1.5033241375301056,0.013656260133302761,0.011649719744730488,0.01368518278335474,0.001685182783354739,0.008029193776169539,0.0138799732851691,0.0018799732851691002,0.0014287580352156937,0.2778338872222871,0.04193052136728691,0.09168518278335475,0.04168518278335474,0.006329979900112999,0.11215322663270735,0.17820304891992572,0.02294294514863954,0.0008217194597933981,0.2291162563707471,0.74711907902082,1.0,0.594857338156086,0.598646760114881,0.24438000282512065,153.41578890116625,-1.3124390463303826e-11,-1.1102230246251565e-16,0.0,-1.1102230246251565e-16,0.0
equilibrium_sigma_1.35,126.0,207.22103112977265,3.016990464996977,0.9244619478428893,1.512,1.444757056984873,0.6895479933005126,1.7364839166221193,-0.289053542107484,-1.1088710725076358,-3.5367125990363575,1.5055617285963174,-5.352898100063773,-4.005241835701934,0.2244839166221193,-0.06724294301512712,1.5049904649969772,0.013676443872893462,0.011740039637504656,0.013705843935897681,0.0017058439358976808,0.008014538134688269,0.013903386784086535,0.0019033867840865352,0.001446814017480591,0.27789649677544753,0.04224608720775318,0.09170584393589769,0.041705843935897685,0.006417590142010048,0.11263436256754031,0.17841370203090898,0.023056283654002495,0.0008339125504440832,0.2291372673342723,0.7469725364612811,1.0,0.5945349770797479,0.598375103243548,0.24586307004578734,154.40938687787178,-1.3031797863050087e-11,0.0,-1.1102230246251565e-16,-1.1102230246251565e-16,0.0
equilibrium_sigma_1.35,127.0,206.22103112977265,3.0306771238765067,0.9362474024664847,1.524,1.4584733577522506,0.6975552768264849,1.7503991564800927,-0.2875975844541583,-1.0782012576855204,-3.510920090750367,1.5174720209909425,-5.324193676471132,-3.9789294910021664,0.22639915648009268,-0.0655266422477494,1.5066771238765067,0.013696923573765896,0.011830971977096328,0.013726808543397521,0.0017268085433975212,0.008000058556665367,0.013927152068271553,0.001927152068271553,0.0014651480351179913,0.2779600258890834,0.04256357344641108,0.09172680854339753,0.041726808543397526,0.006506718042955997,0.11312138356324113,0.17862721951853827,0.02317113822885322,0.0008463370842710737,0.22915857548230112,0.7468239492045745,0.9999999999999999,0.5942086730126284,0.5981003433079284,0.24736892218863316,155.40289377455048,-1.2937984017469262e-11,3.3306690738754696e-16,-2.220446049250313e-16,-1.1102230246251565e-16,0.0
equilibrium_sigma_1.35,128.0,205.22103112977265,3.044384412589087,0.9481240974342693,1.536,1.4722107770795894,0.7055481705938336,1.7643383402368307,-0.2861231515578311,-1.0473746514794073,-3.4850801648192484,1.529380744400922,-5.295404884747358,-3.9525624983117242,0.22833834023683064,-0.06378922292041067,1.5083844125890868,0.013717704432320996,0.01192252109033337,0.013748082002224667,0.0017480820022246664,0.007985759376143074,0.013951275700252452,0.001951275700252452,0.0014837654105370746,0.2780244909158323,0.04288298865707745,0.09174808200222467,0.04174808200222467,0.006597396583464427,0.11361437534799658,0.17884365014374087,0.023287533857812213,0.0008589986350465024,0.22918018561037692,0.7466732818967644,1.0,0.5938783685168423,0.5978224402416107,0.24889799015246403,156.39630804787262,-1.284172768123426e-11,-2.220446049250313e-16,-1.1102230246251565e-16,0.0,0.0
equilibrium_sigma_1.35,129.0,204.22103112977265,3.0581126348550347,0.9600926516554356,1.548,1.4859696264957831,0.713526857130099,1.7783018295468123,-0.28462995738111463,-1.0163899293220853,-3.45919228955312,1.5412878643431038,-5.266530621127797,-3.926140198906863,0.23030182954681222,-0.06203037350421692,1.5101126348550347,0.013738791773755046,0.012014691359127331,0.013769669841627093,0.0017696698416270924,0.007971644972178237,0.013975764399098978,0.0019757643990989775,0.0015026715982635608,0.2780899086109912,0.043204341427341045,0.0917696698416271,0.0417696698416271,0.006689659589943511,0.11411342520209479,0.17906304371764856,0.023405496043940033,0.000871902937310403,0.22920210262975305,0.7465204983889965,1.0,0.5935440051145965,0.5975413533594857,0.2504507145621712,157.3896281182312,-1.2741585564413072e-11,-4.440892098500626e-16,-5.551115123125783e-16,0.0,0.0
equilibrium_sigma_1.35,130.0,203.22103112977265,3.0718621001323463,0.9721536887119833,1.56,1.4997502234729665,0.7214915236275167,1.792289993019346,-0.28311771022486343,-0.9852457513334547,-3.4332559298148912,1.5531933454359697,-5.237569767077064,-3.8996619277307176,0.23228999301934605,-0.06024977652703356,1.5118621001323462,0.013760191012697612,0.012107487222477072,0.013791577710774834,0.0017915777107748339,0.007957719754971202,0.01400062502154853,0.0020006250215485293,0.0015218721638454724,0.2781562960932571,0.0435276403681253,0.09179157771077484,0.04179157771077484,0.006783541760874183,0.11461862200358716,0.17928545114821373,0.023525050824544928,0.0008850558920458949,0.2292243314575947,0.7463655618258146,1.0,0.5932055232575966,0.5972570413394991,0.2520275460322364,158.3828523739475,-1.2637668689308157e-11,-3.3306690738754696e-16,5.551115123125783e-16,0.0,0.0
equilibrium_sigma_1.35,131.0,202.22103112977265,3.0856331227521534,0.9843078361334204,1.572,1.513552890543499,0.7294423612039042,1.8063032059304374,-0.28158611300422387,-0.9539407637242052,-3.4072705487132,1.5650971513848047,-5.208521191534095,-3.873127015153973,0.2343032059304373,-0.05844710945650111,1.5136331227521533,0.013781907811483154,0.012200913170965557,0.013813811432005073,0.0018138114320050726,0.007943988202241917,0.014025864647493336,0.0020258646474933355,0.001541372861568746,0.278223671006076,0.043852894064858726,0.09181381143200508,0.04181381143200508,0.006879078680560649,0.11513005621877466,0.17951092440894642,0.023646224774107365,0.0008984635704056374,0.22924687745238706,0.7462084342030999,1.0,0.5928628623334209,0.5969694622340208,0.2536289452744198,159.3759791550106,-1.253230852427123e-11,1.1102230246251565e-16,-3.3306690738754696e-16,0.0,0.0
equilibrium_sigma_1.35,132.0,201.22103112977265,3.099426023445687,0.9965557265541319,1.584,1.5273779568692376,0.7373795660399416,1.8203418510215674,-0.2800348625332858,-0.9224735961517754,-3.381235605493736,1.576999244940284,-5.179383747372755,-3.84653478457737,0.23634185102156735,-0.05662204313076247,1.5154260234456869,0.013803947863452584,0.012294973755874622,0.0138363769343458,0.0018363769343457993,0.007930454807813656,0.014051490476729711,0.002051490476729711,0.0015611795411984986,0.2782920513161994,0.04418011113765121,0.0918363769343458,0.041836376934345804,0.006976306859235736,0.11564782000037438,0.17973951665382443,0.023769045032872006,0.0009121322217638354,0.229269745800097,0.7460490769452671,1.0,0.5925159605997491,0.596678573424288,0.2552553835564097,160.36900677385384,-1.2424394846277664e-11,-4.440892098500626e-16,-6.661338147750939e-16,0.0,0.0
equilibrium_sigma_1.35,133.0,200.22103112977265,3.113241128271892,1.0088979967745955,1.596,1.5412257571042884,0.7453033384402238,1.8344063181179733,-0.27846364988625893,-0.8908428635446324,-3.355150557690483,1.588899587885281,-5.150156274275448,-3.8198845546787834,0.2384063181179732,-0.054774242895711645,1.517241128271892,0.01382631709243072,0.012389673581889651,0.013859280317286247,0.0018592803172862472,0.007917124124390305,0.014077509917775899,0.0020775099177758986,0.0015812982390173147,0.27836145550692803,0.044509300180682845,0.09185928031728625,0.04185928031728625,0.007075263745084524,0.11617200716816425,0.17997128217419966,0.023893539307809086,0.0009260682773532932,0.22929294207129253,0.7458874503435452,1.0,0.5921647551973299,0.5963843316370984,0.25690734277172456,161.36193349586236,-1.2313261521512686e-11,-1.1102230246251565e-16,1.1102230246251565e-16,-1.1102230246251565e-16,0.0
equilibrium_sigma_1.35,134.0,199.22103112977265,3.127078769324091,1.0213352883062803,1.608,1.555096632151474,0.753213883347664,1.8484970045658076,-0.2768721600135853,-0.8590471647881202,-3.32901486026014,1.6007981410002359,-5.120837597099759,-3.7931756383749726,0.24049700456580747,-0.052903367848526006,1.519078769324091,0.013849021561292446,0.012485017311407616,0.013882527826430423,0.0018825278264304225,0.007904000743996373,0.01410393055789605,0.002103930557896049,0.0016017351267549884,0.27843190250433464,0.04484046978493511,0.09188252782643043,0.04188252782643043,0.007175987757506884,0.11670271327347426,0.1802062764657222,0.02401973589362757,0.0009402783573787157,0.22931647195241373,0.74572351379658,1.0,0.5918091821067721,0.5960866929175613,0.2585853158092617,162.3547575471386,-1.2198464460766445e-11,2.220446049250313e-16,-2.220446049250313e-16,0.0,0.0
equilibrium_sigma_1.35,135.0,198.22103112977265,3.1409392852270486,1.0338682476352974,1.62,1.5689909296289983,0.7611114105956175,1.8626143155666202,-0.2752600714501434,-0.8270850819350843,-3.302827965355542,1.612694864031742,-5.091426525068277,-3.766407342453491,0.24261431556662005,-0.051009070371001775,1.5209392852270485,0.013872067427027096,0.012581009666461498,0.013906125838952087,0.0019061258389520865,0.007891089281981022,0.014130760149777544,0.0021307601497775434,0.0016224965193600838,0.27850341163318815,0.04517362854797528,0.0919061258389521,0.04190612583895209,0.00727851831712538,0.11724003565089607,0.18044455628226067,0.024147663690995667,0.0009547692777654963,0.22934034111995674,0.745557225911282,0.9999999999999999,0.5914491761138996,0.5957856126083493,0.2602898068478047,163.34747711922873,-1.2081002864761103e-11,1.1102230246251565e-16,-5.551115123125783e-16,0.0,0.0
equilibrium_sigma_1.35,136.0,197.22103112977265,3.1548230201425373,1.0464975254449136,1.6320000000000001,1.5829090028644512,0.7689961341227566,1.876758663849254,-0.27362705663025255,-0.7949551817399116,-3.2765893240923645,1.6245897156748288,-5.061921854165316,-3.7395789694153065,0.24475866384925382,-0.049090997135548875,1.5228230201425372,0.013895461121588196,0.012677655422710817,0.0139300809252405,0.0019300809252404995,0.007878394421831608,0.014158006673703483,0.0021580066737034824,0.0016435889249599711,0.2785760028037591,0.04550878501778741,0.0919300809252405,0.041930080925240504,0.0073828958621369335,0.11778407340811411,0.18068617960054298,0.024277352210238416,0.0009695480547172672,0.22936455573525802,0.7453885439997864,1.0,0.5910846708165635,0.5954810453623502,0.26202133150563406,164.34009035035376,-1.1959988555076961e-11,-1.1102230246251565e-16,3.3306690738754696e-16,0.0,0.0
equilibrium_sigma_1.35,137.0,196.22103112977265,3.1687303254983243,1.059223777845678,1.6440000000000001,1.5968512126638632,0.7768682731563008,1.8909304705730887,-0.27197278107848666,-0.7626560127783872,-3.2502983844453475,1.6364826535261534,-5.032322363414769,-3.7126898150399543,0.2469304705730886,-0.04714878733613692,1.5247303254983242,0.013919209107564195,0.012774959418737282,0.013954399773452482,0.0019543997734524816,0.007865920853548099,0.014185678270939306,0.0021856782709393056,0.0016650189815781147,0.27864969628318936,0.045845947758558464,0.09195439977345249,0.041954399773452486,0.007489161893481574,0.11833492753550516,0.18093120575139943,0.024408831603772406,0.000984621914143737,0.22938912175451875,0.745217424727565,0.9999999999999999,0.5907155985512115,0.5951729450916229,0.26378041732351665,165.33259534894827,-1.183853015618297e-11,-4.440892098500626e-16,-1.1102230246251565e-15,0.0,0.0
equilibrium_sigma_1.35,138.0,195.22103112977265,3.1826615587707123,1.072047665379176,1.6560000000000001,1.6108179260320856,0.784728051229718,1.9051301649004262,-0.27029690381533267,-0.7301861074180105,-3.2239545934645295,1.6483736340678645,-5.002626817907643,-3.6857391707074005,0.24913016490042605,-0.045182073967914516,1.5266615587707122,0.013943318103642924,0.012872926548219015,0.013979089262557788,0.001979089262557788,0.007853673325994324,0.014213783303684835,0.0022137833036848346,0.0016867935104247778,0.2787245129168418,0.046185125281965014,0.0919790892625578,0.04197908926255779,0.0075973589894961805,0.11889270088566031,0.18117969537184905,0.024542132667788367,0.000999998296175519,0.22941404555515568,0.7450438234808805,1.0,0.5903418904066076,0.5948612649856493,0.26556760388020356,166.3249901714041,-1.1711964731375701e-11,1.1102230246251565e-16,-3.3306690738754696e-16,0.0,0.0
equilibrium_sigma_1.35,139.0,194.22103112977265,3.196617084273746,1.0849698535888697,1.668,1.6248095170150427,0.7925756967070104,1.9193581844874879,-0.2685990769262261,-0.6975439804008328,-3.1975573964489152,1.660262612628207,-4.972833967113815,-3.658726322373805,0.2513581844874879,-0.0431904829849572,1.528617084273746,0.013967794983456919,0.012971561764128402,0.01400415643540915,0.0020041564354091497,0.007841656623878375,0.014242330346192489,0.0022423303461924886,0.0017089195136765767,0.2788004740466944,0.04652632607057865,0.09200415643540916,0.042004156435409154,0.007707530843588789,0.11945749824522868,0.18143171048136755,0.024677286866166017,0.0010156848635597562,0.22943933363880648,0.7448676946314676,0.9999999999999999,0.5899634761756968,0.594545957480912,0.2673834431945621,167.31727283066485,-1.1584289083543808e-11,-3.3306690738754696e-16,-7.771561172376096e-16,-1.1102230246251565e-16,0.0
equilibrium_sigma_1.35,140.0,193.22103112977265,3.210597273728704,1.0979910133050896,1.68,1.6388263672357848,0.8004114430485272,1.9336149758684045,-0.2668789452267031,-0.6647281279635433,-3.171106236750247,1.6721495433454414,-4.9429425440161,-3.6316505502097667,0.25361497586840454,-0.04117363276421515,1.5305972737287041,0.013992646723831173,0.013070870080508182,0.014029608482155682,0.002029608482155682,0.007829875549094385,0.01427132816478327,0.00227132816478327,0.0017314041500515742,0.2788776014610778,0.04686955858781096,0.09202960848215569,0.042029608482155686,0.007819722298546869,0.12002942639353033,0.1816873145446136,0.024814326351517216,0.0010316895097003305,0.22946499248618377,0.7446889916525986,1.0,0.5895802843163346,0.5942269742371751,0.2692285000533155,168.30944130161993,-1.145239458821834e-11,2.220446049250313e-16,2.220446049250313e-16,0.0,0.0
equilibrium_sigma_1.35,141.0,192.22103112977265,3.224602505128386,1.111111819812314,1.692,1.6528688647524332,0.8082355279841164,1.9479009940847283,-0.26513614661887797,-0.6317370295103704,-3.1446005576047247,1.684034379146691,-4.912951267654929,-3.604511130515783,0.25590099408472833,-0.03913113524756673,1.5326025051283862,0.014017880610911401,0.013170856565955371,0.014055452811161794,0.0020554528111617933,0.007818334975073397,0.014300785772247693,0.0023007857722476925,0.0017542547880999848,0.2789559176095812,0.04721483121354295,0.0920554528111618,0.0420554528111618,0.007933979365956193,0.12060859409181054,0.18194657243193227,0.0249532839698635,0.0010480203642459756,0.22949102911847533,0.7445076665474152,1.0,0.5891922419584869,0.5939042661514862,0.27110335221168697,169.30149349958717,-1.131783555763377e-11,3.3306690738754696e-16,-3.3306690738754696e-16,-1.1102230246251565e-16,0.0
equilibrium_sigma_1.35,142.0,191.22103112977265,3.238633164694242,1.124332954152779,1.704,1.6669374060537059,0.8160481947405109,1.9622167037072291,-0.263370311176055,-0.5985691444780945,-3.1180398000596643,1.6959170716951977,-4.882858839224222,-3.577307333268906,0.25821670370722916,-0.037062593946294076,1.534633164694242,0.014043503964538642,0.013271526352943938,0.014081696963470967,0.002081696963470967,0.007807039773494045,0.014330712376775523,0.0023307123767755226,0.0017774789506930233,0.27903544534385144,0.047562152315773445,0.09208169696347097,0.04208169696347097,0.008050349276887674,0.12119511220562981,0.1822095505693879,0.025094193297480846,0.0010646858041431847,0.22951745032111867,0.7443236705772573,1.0,0.5887992748222279,0.5935777833008001,0.27300859089813795,170.29342730695092,-1.1181056080999952e-11,-2.220446049250313e-16,-4.440892098500626e-16,0.0,0.0
equilibrium_sigma_1.35,143.0,190.22103112977265,3.252689645502186,1.1376551020703738,1.716,1.6810323946228003,0.8238496910216727,1.9765625783600442,-0.26158106159534933,-0.565222914459997,-3.091423405242132,1.7077975713706537,-4.852663945245279,-3.5500384245063694,0.26056257836004426,-0.03496760537719967,1.5366896455021861,0.014069524392647928,0.013372884629487729,0.014108348696035146,0.0021083486960351457,0.007795994877388569,0.014361117441907822,0.0023611174419078222,0.0018010843805260635,0.2791162081698035,0.047911530172952854,0.09210834869603515,0.04210834869603515,0.00816888049967951,0.1217890936833617,0.1824763168860085,0.025237088643529165,0.0010816944592468433,0.2295442633473672,0.7441369535498569,1.0,0.5884013072321477,0.5932474749618476,0.2749448209855939,171.28524054789398,-1.1041834113711957e-11,-1.1102230246251565e-16,-5.551115123125783e-16,0.0,0.0
equilibrium_sigma_1.35,144.0,189.22103112977265,3.266772348365029,1.151078954606182,1.728,1.6951542418765917,0.8316402695422717,1.9909391012731583,-0.2597680127131934,-0.5316967616784438,-3.0647508135867483,1.7196758272244896,-4.822365255825584,-3.5227036653258335,0.26293910127315834,-0.032845758123408286,1.5387723483650289,0.0140959496792471,0.01347493664311587,0.014135415951935938,0.002135415951935938,0.007785205254262961,0.01439201066100182,0.0023920106610018192,0.0018250790090323932,0.27919823015738165,0.048262972997787854,0.09213541595193595,0.04213541595193594,0.008289622782479928,0.12239065363627243,0.1827469409009289,0.025382005077323914,0.0010990552222489894,0.22957147558964383,0.7439474641107833,1.0,0.5879982620636974,0.5929132895770101,0.27691266142806303,172.27693099791023,-1.0899503521955012e-11,-1.1102230246251565e-16,-9.992007221626409e-16,2.220446049250313e-16,0.0
equilibrium_sigma_1.35,145.0,188.22103112977265,3.280881682488766,1.1646052084041076,1.74,1.7093033677840488,0.8394201883103589,2.005346765725028,-0.2579307711195631,-0.497989088004416,-3.038021464679635,1.7315517869385413,-4.791961423731209,-3.495302311534816,0.26534676572502813,-0.030696632215951203,1.540881682488766,0.014122787724479155,0.013577687702417624,0.014162906841288646,0.0021629068412886455,0.0077746758842119,0.014423401955010462,0.0024234019550104617,0.0018494709552729915,0.2792815358826929,0.04861648894727034,0.09216290684128865,0.04216290684128865,0.008412627192339083,0.12299990940499254,0.18302149379667357,0.025528978452683718,0.0011167772582746725,0.22959909441135687,0.7437551498776848,1.0,0.5875900606986549,0.592575174727069,0.27891274562362484,173.26849639001927,-1.0754286350334041e-11,0.0,-2.220446049250313e-16,0.0,0.0
equilibrium_sigma_1.35,146.0,187.22103112977265,3.295018064179042,1.1782345648207166,1.752,1.7234801995709172,0.8471897097612814,2.0197860746259453,-0.25606893555991217,-0.46409827677879956,-3.0112347991460107,1.7434253967998565,-4.761451087078284,-3.4678336156296905,0.2677860746259453,-0.028519800429082753,1.5430180641790419,0.014150046779530828,0.01368114317001481,0.01419082972266942,0.002190829722669419,0.00776441182530288,0.014455301544646915,0.0024553015446469144,0.0018742685936601333,0.27936615067475584,0.04897208604897411,0.09219082972266943,0.04219082972266942,0.008537946138199937,0.12361698054827887,0.1833000483753512,0.025678045413837274,0.0011348700117452116,0.2296271277840518,0.7435599567903658,1.0,0.5871766230326531,0.5922330771465911,0.2809457216773393,174.25993439015565,-1.0606626688058896e-11,-1.1102230246251565e-16,-9.992007221626409e-16,-1.1102230246251565e-16,0.0
equilibrium_sigma_1.35,147.0,186.22103112977265,3.309181919058799,1.1919677313010317,1.764,1.737685173973973,0.8549491020300511,2.034257541675436,-0.25418209589857677,-0.4300226894028625,-2.9843902566353337,1.7552966016414633,-4.7308328652449365,-3.440296824343683,0.2702575416754358,-0.026314826026027083,1.545181919058799,0.014177735135235778,0.01378530847173946,0.014219193106067236,0.002219193106067236,0.00775441812682965,0.014487719846023595,0.0024877198460235943,0.0018994804495964246,0.2794521003214159,0.0493297722789848,0.09221919310606724,0.04221919310606724,0.008665633427539296,0.1242419889797051,0.18358267923047597,0.02582924343733745,0.0011533432193571822,0.22965558341275957,0.7433618299305459,1.0000000000000002,0.5867578673835976,0.5918869426592293,0.2830122529232118,175.25124262733593,-1.0456080445919724e-11,1.1102230246251565e-16,-7.771561172376096e-16,0.0,0.0
equilibrium_sigma_1.35,148.0,185.22103112977265,3.3233736805203917,1.205805420261342,1.776,1.751918735629971,0.8626986378982527,2.0487616908344917,-0.25226983362231126,-0.3957606676240255,-2.9574872781295163,1.7671653448185207,-4.700105362186587,-3.4126911810790967,0.27276169083449164,-0.024081264370029,1.5473736805203917,0.01420586140920678,0.013890189087800209,0.014248005747586605,0.0022480057475866046,0.007744699904765211,0.014520667581674473,0.0025206675816744732,0.0019251153127175513,0.27953941135632304,0.049689555474146274,0.09224800574758661,0.04224800574758661,0.008795744287813321,0.12487505894525137,0.1838694626892449,0.025982610835913012,0.001172206917056404,0.22968446952678495,0.7431607127202455,1.0,0.5863337105066815,0.5915367161992228,0.2851130181635507,176.2424186650215,-1.0304201936151003e-11,-3.3306690738754696e-16,-9.992007221626409e-16,0.0,0.0
equilibrium_sigma_1.35,149.0,184.22103112977265,3.3375937907140525,1.2197483497071353,1.788,1.7661813381250053,0.8704385953372805,2.06329905694864,-0.25033172129461745,-0.361310531890743,-2.930525305240951,1.7790315681577202,-4.669267164642634,-3.385015924942767,0.27529905694863976,-0.021818661874994705,1.5495937907140525,0.014234434421589212,0.0139957905564101,0.014277276616495894,0.0022772766164958942,0.007735262310556299,0.014554155756130172,0.0025541557561301713,0.0019511822058060346,0.27962811095907847,0.050051443355987484,0.0922772766164959,0.0422772766164959,0.008928335414317113,0.1255163171126018,0.1841604769123942,0.026138186789631552,0.0011914714518044649,0.22971379451542143,0.7429565472431424,0.9999999999999998,0.5859040675345567,0.5911823417729268,0.28724871214153624,177.2334600116592,-1.0148992757308406e-11,3.3306690738754696e-16,-3.3306690738754696e-16,0.0,0.0
equilibrium_sigma_1.35,150.0,183.22103112977265,3.351842701308828,1.2337972435587243,1.8,1.7804734447118047,0.8781692578127777,2.0778701862604323,-0.24836732210942936,-0.32667058025893825,-2.9035037801065107,1.7908952119100827,-4.638316841137817,-3.3572702904103444,0.27787018626043225,-0.019526555288195357,1.5518427013088278,0.014263463125131035,0.014102118475011971,0.01430701487303123,0.0023070148730312302,0.007726110505324839,0.01458819560928859,0.00258819560928859,0.00197769034038231,0.27971822688797343,0.05041544354083097,0.09230701487303124,0.042307014873031235,0.009063465014547764,0.12616589264659797,0.18445580198021003,0.02629601137413015,0.001211147493053849,0.22974356673177548,0.7427492744010404,1.0,0.5854688519267793,0.5908237624273026,0.28942004594107706,178.22436412790796,-9.992451310836259e-12,1.1102230246251565e-16,1.1102230246251565e-16,0.0,0.0
equilibrium_sigma_1.35,151.0,182.22103112977265,3.3661208721585654,1.2479528307972378,1.812,1.7947955269938505,0.8858909134620137,2.09247563600504,-0.24637619028617652,-0.291839090156361,-2.8764221471671565,1.8027562147196314,-4.607252944551959,-3.32945350918351,0.28047563600504,-0.01720447300614958,1.5541208721585653,0.014292956849006597,0.014209178493380745,0.014337229954957266,0.0023372299549572657,0.007717249732202464,0.014622798734098552,0.002622798734098552,0.002004649229947475,0.27980978774229476,0.050781563461487704,0.09233722995495727,0.04233722995495727,0.0092011928367145,0.12682391720383948,0.18475551985283556,0.026456125569575033,0.0012312460414403154,0.22977379514765406,0.7425388332413306,1.0,0.5850279754734276,0.5904609202633142,0.29162774733660185,179.2151284006195,-9.832579195290236e-12,-4.440892098500626e-16,-1.7763568394002505e-15,2.220446049250313e-16,0.0
equilibrium_sigma_1.35,152.0,181.22103112977265,3.380428773164191,1.2622158464751327,1.824,1.8091480667667608,0.8936038560351055,2.1071159754266913,-0.2443578701646103,-0.2568143156735767,-2.84927985194493,1.8146145135636595,-4.576074009086602,-3.3015648085626252,0.2831159754266912,-0.0148519332332393,1.556428773164191,0.014322925057428354,0.01431697631949462,0.014367931500327481,0.002367931500327481,0.007708685242577458,0.01465797697663973,0.0026579769766397303,0.0020320685911734415,0.2799028227282651,0.0511498104232904,0.09236793150032749,0.042367931500327485,0.009341580226262356,0.12749052505658282,0.1850597145267722,0.02661857130140728,0.0012517784428882225,0.22980448868096714,0.7423251615747374,1.0,0.5845813482120895,0.5900937563783141,0.29387256127901284,180.205750166955,-9.669820499880188e-12,3.3306690738754696e-16,-1.6653345369377348e-15,0.0,0.0
equilibrium_sigma_1.35,153.0,180.22103112977265,3.394766883660901,1.2765870312798335,1.836,1.8235315554229075,0.9013083844647642,2.1217917857057635,-0.24231189629823513,-0.22159448831225603,-2.8220763421746318,1.8264700437128818,-4.54477855158355,-3.273603412538852,0.28579178570576347,-0.012468444577092619,1.558766883660901,0.014353377484675009,0.014425517715307876,0.014399129398157566,0.002399129398157566,0.007700422336339552,0.014693742507176921,0.002693742507176921,0.002059958409406093,0.2799973618125987,0.05152019155438624,0.09239912939815757,0.04239912939815757,0.009484690162554398,0.12816585311885728,0.18536847204218942,0.026783391457752694,0.0012727563992662855,0.22983565655074462,0.7421081955922364,1.0,0.5841288784103655,0.5897222108623718,0.29615525029527723,181.19622669938923,-9.50617362605044e-12,2.220446049250313e-16,-4.440892098500626e-16,0.0,0.0
equilibrium_sigma_1.35,154.0,179.22103112977265,3.4091356928431655,1.2910671316870377,1.848,1.8379464943669648,0.9090048030037932,2.1365036603499306,-0.24023779312341342,-0.18617781630044594,-2.794811067992379,1.8383227386817118,-4.513365071051654,-3.245568541783589,0.28850366034993047,-0.010053505633035309,1.5611356928431654,0.014384324116072073,0.01453480849652162,0.014430833786193246,0.0024308337861932462,0.007692466354692978,0.014730107815719151,0.002730107815719151,0.002088328939775508,0.28009343571573714,0.051892713798808165,0.09243083378619325,0.04243083378619325,0.00963058730518902,0.12885004101485972,0.18568188055488394,0.026950629917519453,0.001294191981083375,0.2298673082128737,0.7418878698885235,1.0,0.5836704725200439,0.5893462227714276,0.29847659493477896,182.18655520692505,-9.340306306171442e-12,2.220446049250313e-16,-2.220446049250313e-16,0.0,0.0
equilibrium_sigma_1.35,155.0,178.22103112977265,3.423535700018902,1.3056569000137896,1.86,1.8523933952677991,0.9166934212668224,2.151252205516527,-0.2381350746925841,-0.15056248414054774,-2.7674834822983296,1.8501725301787124,-4.481832048495949,-3.21745941383228,0.29125220551652675,-0.007606604732200983,1.563535700018902,0.014415775195405503,0.01464485453155909,0.014463055058137088,0.0024630550581370876,0.007684822681414041,0.014767085714240125,0.0027670857142401244,0.0021171906960937292,0.28019107593374876,0.052267383901341204,0.0924630550581371,0.04246305505813709,0.009779338039994066,0.12954323114197305,0.18600003039954865,0.02712033157763076,0.0013160976403815867,0.2298994533667326,0.7416641174152552,1.0,0.583206035134878,0.5889657301035324,0.30083739422113853,183.17673283343856,-9.171330361823493e-12,1.1102230246251565e-16,-1.887379141862766e-15,0.0,0.0
equilibrium_sigma_1.35,156.0,177.22103112977265,3.437967414871366,1.3203570944706042,1.872,1.8668727803179013,0.9243745542734917,2.1660380403448176,-0.23600324439945353,-0.11474665214774316,-2.7400930411330844,1.862019348055742,-4.450177946744441,-3.1892752432753784,0.2940380403448175,-0.005127219682098838,1.565967414871366,0.01444774123257464,0.014755661740434104,0.014495803871121336,0.002495803871121336,0.0076774967442580465,0.014804689354441791,0.002804689354441791,0.00214655448194101,0.28029031476097377,0.05264420839163655,0.09249580387112134,0.04249580387112134,0.009931010526148872,0.13024556873537305,0.1863230141552238,0.027292542381101043,0.0013384862241145943,0.22993210196197628,0.7414368694328082,1.0,0.5827354689473,0.5885806697743164,0.3032384661149089,184.16675665597484,-9.00257646208047e-12,-1.1102230246251565e-16,-1.2212453270876722e-15,2.220446049250313e-16,0.0
equilibrium_sigma_1.35,157.0,176.22103112977265,3.452431357728788,1.3351684792124054,1.8840000000000001,1.8813851825003851,0.9320485224931087,2.1808617972984274,-0.23384179469598854,-0.07872845597894629,-2.712639204068296,1.8738631202557792,-4.418401210272723,-3.1610152419567976,0.2968617972984273,-0.0026148174996150075,1.568431357728788,0.014480233011532756,0.014867236093508214,0.014529091153449962,0.0025290911534499617,0.0076704940165367615,0.014842932234415684,0.002842932234415684,0.0021764313806738045,0.2803911853134847,0.053023193567537624,0.09252909115344997,0.042529091153449966,0.010085674744445942,0.13095720193425875,0.1866509267129994,0.027467309345982564,0.0013613709880300744,0.22996526420558536,0.7412060554604019,0.9999999999999998,0.5822586747040466,0.5881909775916537,0.30568064798733113,185.1566236829887,-8.830269848658645e-12,-3.3306690738754696e-16,-1.887379141862766e-15,0.0,0.0
equilibrium_sigma_1.35,158.0,175.22103112977265,3.4669280598420436,1.3500918243881712,1.8960000000000001,1.8959311458638453,0.9397156518909565,2.19572412251827,-0.23165020680095605,-0.042506006152063014,-2.6851214346118635,1.8857037727594013,-4.386500265026227,-3.1326786191798646,0.29972412251826985,-6.885413615487224e-05,1.5709280598420434,0.014513261598513863,0.014979583610132727,0.0145629281126173,0.0025629281126173,0.007663820018872759,0.01488182821640649,0.0028818282164064894,0.0022068327776292307,0.28049372155338576,0.053404345477592784,0.09256292811261731,0.042562928112617304,0.010243402546705095,0.13167828184974506,0.18698386534606548,0.027644680595212332,0.0013847656110762112,0.22999895056914918,0.7409716032245622,1.0,0.5817755511606707,0.5877965882294852,0.3081647971053411,186.1463308525297,-8.656408923002346e-12,3.3306690738754696e-16,-1.6653345369377348e-15,0.0,0.0
equilibrium_sigma_1.35,159.0,174.22103112977265,3.481458063670634,1.3651279061891626,1.9080000000000001,1.910511225805334,0.9473762739764314,2.210625676186372,-0.22942795039970498,-0.006077387555384339,-2.657539200628025,1.8975412295298986,-4.354473518239885,-3.1042645819208774,0.30262567618637193,0.0025112258053339165,1.573458063670634,0.014546838350565222,0.015092710357171628,0.014597326243616558,0.002597326243616558,0.007657480321145382,0.014921391533473383,0.0029213915334733824,0.002237770366786407,0.2805979583139896,0.05378766990272559,0.09259732624361657,0.04259732624361656,0.010404267706351349,0.13240896263445767,0.18732192978219345,0.02782470538738809,0.0014086842103530131,0.23003317179641486,0.740733438605844,0.9999999999999999,0.5812859950349133,0.5873974352007663,0.3106917911280077,187.13587503036842,-8.481659818926346e-12,-3.3306690738754696e-16,-1.887379141862766e-15,0.0,0.0
equilibrium_sigma_1.35,160.0,173.22103112977265,3.496021923177299,1.3802775068956203,1.92,1.9251259893617632,0.9550307258532001,2.225567132900983,-0.2271744833349041,0.03055934105317637,-2.629891974772752,1.9093754124570017,-4.32231935825501,-3.075772335050306,0.30556713290098303,0.005125989361763228,1.576021923177299,0.014580974924392712,0.015206622447401456,0.014632297337547638,0.002632297337547638,0.007651480544635186,0.014961636782828691,0.002961636782828691,0.002269256136333553,0.28070393132590193,0.054173172337035475,0.09263229733754764,0.04263229733754764,0.010568345970166548,0.1331494015538762,0.1876652222787459,0.02800743414850645,0.0014331413566300198,0.23006793891109822,0.7404914855837653,1.0,0.5807899009589028,0.586993450829491,0.31326252861458387,188.12525300806303,-8.304468224196171e-12,-1.1102230246251565e-16,-1.4432899320127035e-15,-1.1102230246251565e-16,0.0
equilibrium_sigma_1.35,161.0,172.22103112977265,3.5106202041319263,1.3955414149220202,1.932,1.9397760155104633,0.9626793502717568,2.2405491820635364,-0.2248892512877838,0.06740614755771279,-2.6021792349444586,1.9212062412992033,-4.290036154332477,-3.047201081561307,0.30854918206353643,0.007776015510463363,1.5786202041319264,0.014615683285457856,0.015321326037785587,0.014667853490517087,0.0026678534905170866,0.0076458263643623715,0.015002578965805924,0.0030025789658059236,0.002301302415297357,0.2808116772439912,0.05456085796771627,0.0926678534905171,0.04266785349051709,0.010735715111226425,0.13389975905948073,0.18801384770034105,0.028192918504698655,0.0014581520904535636,0.23010326322475075,0.740245666180097,0.9999999999999999,0.5802871614301479,0.5865845662217469,0.31587792954435173,189.11446150096975,-8.127276629465996e-12,-2.220446049250313e-16,-2.220446049250313e-15,-1.1102230246251565e-16,0.0
equilibrium_sigma_1.35,162.0,171.22103112977265,3.525253484433238,1.4109204248647536,1.944,1.9544618954875412,0.9703224956882625,2.2555725282814825,-0.2225716874462771,0.10446502701740479,-2.574400464745133,1.933033633624591,-4.257622256450139,-3.0185500227990487,0.3115725282814825,0.010461895487541284,1.5812534844332382,0.014650975716037004,0.015436827327643213,0.01470400711242082,0.0027040071124208205,0.007640523511225995,0.015044233507843785,0.0030442335078437847,0.002333921875763423,0.2809212336740025,0.05495073165440037,0.09270400711242083,0.042704007112420825,0.010906454983087932,0.13466019886406255,0.1883679135997754,0.02838121131607558,0.0014837319388793211,0.23013915634110377,0.7399959004039414,1.0,0.579777666761078,0.5861707112355735,0.31853893584828075,190.10349714632326,-7.94786458868657e-12,3.3306690738754696e-16,-2.1094237467877974e-15,-1.1102230246251565e-16,0.0
equilibrium_sigma_1.35,163.0,170.22103112977265,3.5399223544326794,1.426415337543382,1.956,1.969184233107319,0.9779605163223307,2.2706378917803414,-0.2202212121662117,0.14173800219978805,-2.546555153964279,1.9448575047503127,-4.225075995109156,-2.9898183587053446,0.3146378917803414,0.013184233107319088,1.5839223544326795,0.014686864824942233,0.01555313255665624,0.014740770936437865,0.0027407709364378648,0.007635577774718873,0.015086616211856807,0.0030866162118568068,0.002367127499569577,0.2810326392013269,0.05534279790723613,0.09274077093643787,0.04274077093643787,0.01108064757510498,0.13543088801859668,0.18872753030132433,0.028572366711558068,0.0015098969328290258,0.23017563016444398,0.739742106191169,1.0,0.5792613050275401,0.5857518144499382,0.3212465119525305,191.0923565011365,-7.76867459251207e-12,3.3306690738754696e-16,-2.9976021664879227e-15,0.0,0.0
equilibrium_sigma_1.35,164.0,169.22103112977265,3.554627417258819,1.442026960035742,1.968,1.9839436450827355,0.9855937722135648,2.2857460088246837,-0.21783723262593102,0.17922712411400776,-2.518642799085052,1.956677767680646,-4.1923956811493674,-2.961005288077862,0.31774600882468373,0.01594364508273549,1.586627417258819,0.01472336355894463,0.015670248002711912,0.014778158029369777,0.0027781580293697768,0.00763099500637289,0.0151297433426123,0.0031297433426123004,0.0024009326493601435,0.2811459334223327,0.0557370608635919,0.09277815802936978,0.04277815802936978,0.011258377068878923,0.1362119969906983,0.18909281098642597,0.028766440124720943,0.0015366636250956146,0.23021269691181442,0.739484199338369,1.0,0.5787379620162321,0.5853278031327996,0.3240016453345933,192.08103603988252,-7.585709838053845e-12,2.220446049250313e-16,-2.886579864025407e-15,0.0,0.0
equilibrium_sigma_1.35,165.0,168.22103112977265,3.5693692891597966,1.4577561057148192,1.98,1.998740761363474,0.99322262928498,2.300897632156013,-0.2154191424671219,0.21693447256553378,-2.4906629038018075,1.9684943330435445,-4.159579605548505,-2.932110008830181,0.32089763215601286,0.018740761363474023,1.5893692891597966,0.014760485213382704,0.015788179979629082,0.014816181801943308,0.002816181801943308,0.007626781123087633,0.015173631604525895,0.0031736316045258943,0.0024353510519325994,0.2812611569755858,0.05613352426406871,0.09281618180194331,0.04281618180194331,0.011439729895964763,0.13700369974535076,0.18946387178290738,0.02896348833084781,0.0015640491090486257,0.2302503691222606,0.7392220934378431,1.0000000000000002,0.5782075211706149,0.5848986032078398,0.3268053470918441,193.0695321522276,-7.403633262015319e-12,0.0,-3.1086244689504383e-15,-1.1102230246251565e-16,0.0
equilibrium_sigma_1.35,166.0,167.22103112977265,3.5841485998568423,1.4736035942834478,1.992,2.013576225484863,1.000847459410026,2.316093531444813,-0.21296632142444438,0.25486215672300827,-2.462614979554944,1.9803071090257036,-4.126626039216287,-2.903131718259257,0.324093531444813,0.02157622548486282,1.5921485998568423,0.014798243443108774,0.0159069348347397,0.014854856019471792,0.0028548560194717916,0.007622942110714643,0.015218298150543319,0.0032182981505433188,0.002470396793796681,0.28137835157415697,0.05653219142748245,0.0928548560194718,0.042854856019471796,0.011624794796773742,0.137806173827666,0.18984083185743392,0.029163569485163313,0.0015920710380558417,0.2302886596662404,0.7389556998105404,0.9999999999999999,0.5776698635354637,0.584464139219969,0.329658652522633,194.05784114069718,-7.222444864396493e-12,-4.440892098500626e-16,-3.9968028886505635e-15,-1.1102230246251565e-16,0.0
equilibrium_sigma_1.35,167.0,166.22103112977265,3.5989659929088806,1.4895702518065284,2.004,2.028450694927594,1.0084686404833203,2.331334493757109,-0.21047813494375123,0.2930123156971236,-2.4344985460836113,1.992116001306139,-4.093533232783569,-2.8740696133205144,0.327334493757109,0.024450694927593997,1.5949659929088806,0.014836652273837556,0.016026518946321063,0.014894194812910953,0.002894194812910953,0.007619484027929599,0.015263760617667543,0.003263760617667543,0.0025060843644730824,0.28149756003912413,0.05693306522477,0.09289419481291096,0.04289419481291096,0.01181366288066532,0.13861960044771363,0.19022381351127973,0.029366743162281266,0.0016207476456491915,0.230327581755331,0.7386849274367385,1.0,0.5771248677000318,0.5840243342995517,0.3325626217200645,195.045959218267,-7.037259663889017e-12,2.220446049250313e-16,-3.774758283725532e-15,0.0,0.0
equilibrium_sigma_1.35,168.0,165.22103112977265,3.613822126088611,1.5056569107406057,2.016,2.0433648414886605,1.0160865564953698,2.346621324036084,-0.20795393378850457,0.3313871191318374,-2.4063131319967033,2.003920912988273,-4.060299416386167,-2.844922890910534,0.330621324036084,0.027364841488660474,1.597822126088611,0.014875726113914134,0.016146938720875168,0.014934212690326805,0.0029342126903268047,0.007616413010408569,0.01531003713584056,0.0033100371358405593,0.002542428649832118,0.28161882633432367,0.05733614805178663,0.09293421269032681,0.04293421269032681,0.012006427687219844,0.13944416456746717,0.19061294227955575,0.0295730703969097,0.0016500977664645393,0.23036714895223995,0.7384096828843858,1.0,0.576572409739797,0.5835791101252884,0.3355183401785768,196.03388250587534,-6.855849221665267e-12,-4.440892098500626e-16,-3.9968028886505635e-15,0.0,0.0
equilibrium_sigma_1.35,169.0,164.22103112977265,3.6287176717704894,1.5218644099606555,2.028,2.058319351663916,1.023701597611599,2.3619548455993193,-0.2053930536339874,0.3699887678082161,-2.3780582753625388,2.0157217445305267,-4.0269227994429695,-2.8156907481572797,0.3339548455993193,0.030319351663916194,1.6007176717704894,0.014915479766521467,0.0162682005902517,0.01497492454879331,0.0029749245487933097,0.0076137352753253736,0.015357146330163829,0.0033571463301638287,0.002579444944306175,0.281742195602404,0.05774144180096285,0.09297492454879332,0.042974924548793314,0.012203185248680214,0.1402800549899184,0.19100834703403435,0.029782613725854883,0.0016801408579861848,0.23040737518114085,0.7381298702350181,1.0,0.5760123631567546,0.5831283868856846,0.3385269194134218,197.0216070298544,-6.671996288787341e-12,-2.220446049250313e-16,-4.6629367034256575e-15,0.0,0.0
equilibrium_sigma_1.35,170.0,163.22103112977265,3.6436533173310557,1.5381935947839256,2.04,2.0733149270427105,1.0313141602560036,2.377335900652236,-0.20279481464889781,0.4088194942613377,-2.349733524317612,2.0275183936754138,-3.9934015704278636,-2.786372382717731,0.33733590065223584,0.03331492704271044,1.6036533173310556,0.014955928442338062,0.016390311008611425,0.015016345686737105,0.003016345686737105,0.007611457126183319,0.015405107354204972,0.003405107354204972,0.0026171489675430593,0.28186771420223367,0.058148947831789456,0.09301634568673711,0.04301634568673711,0.012404034153547124,0.14112746445041172,0.19141016008971892,0.02999543723137088,0.0017108970231282457,0.23044827473831808,0.7378453910071827,0.9999999999999999,0.5754445988182241,0.5826720832390396,0.3415894975931353,198.0091287192777,-6.48658904367494e-12,-2.220446049250313e-16,-4.440892098500626e-15,-1.1102230246251565e-16,0.0
equilibrium_sigma_1.35,171.0,162.22103112977265,3.6586297655624502,1.5546453169908507,2.052,2.088352284715516,1.0389246471999334,2.392765350818538,-0.20015852106373044,0.44788156341105045,-2.3213384376946,2.03931075537714,-3.9597338966345186,-2.756966993082568,0.340765350818538,0.03635228471551599,1.6066297655624502,0.014997087772592621,0.01651327644922795,0.015058491816729726,0.0030584918167297255,0.00760958495798068,0.015453939896659108,0.0034539398966591077,0.002655556884390009,0.28199542974766584,0.05855866694011425,0.09305849181672973,0.04305849181672973,0.01260907561131131,0.14198658971026637,0.19181851731532967,0.030211606585903526,0.0017423870336868302,0.23048986230292132,0.7375561440774883,0.9999999999999999,0.5748689848941215,0.5822101162718638,0.34470724018504983,198.99644340322607,-6.302292021587164e-12,2.220446049250313e-16,-4.884981308350689e-15,0.0,0.0
equilibrium_sigma_1.35,172.0,161.22103112977265,3.6736477351100354,1.5712204348469418,2.064,2.1034321577056794,1.0465334676604694,2.408244077692829,-0.19748346072133338,0.487177273218691,-2.2928725856654975,2.051098721727651,-3.925917923920623,-2.7274737788816066,0.34424407769282883,0.039432157705679316,1.6096477351100353,0.015038973820844528,0.016637103401147223,0.01510137907819769,0.0031013790781976892,0.007608125262176094,0.015503664203553313,0.003503664203553313,0.0026946853015630268,0.2821253911460536,0.05897059932664605,0.0931013790781977,0.043101379078197694,0.012818413518357228,0.14285763165311283,0.1922335582485188,0.030431189098371076,0.0017746323547126774,0.23053215294320842,0.7372620256037079,1.0,0.5742853867924144,0.5817424014554322,0.3478813406131103,199.98354680813483,-6.118439088709238e-12,-2.220446049250313e-16,-5.995204332975845e-15,2.220446049250313e-16,0.0
equilibrium_sigma_1.35,173.0,160.22103112977265,3.68870796091548,1.5879198131170031,2.076,2.118555295405231,1.0541410374009677,2.423772983407648,-0.194768904616887,0.526708955347196,-2.264335550410204,2.0628821818812693,-3.8919517764564384,-2.6978919412027014,0.34777298340764773,0.042555295405231064,1.61270796091548,0.015081603096791296,0.01676179836565591,0.015145024051068733,0.0031450240510687323,0.007607084632454374,0.015554301100451084,0.0035543011004510842,0.0027345512976229003,0.28225764863960223,0.05938474456385073,0.09314502405106874,0.04314502405106874,0.013032154524887282,0.14374079538327608,0.1926554262147837,0.030654253761850422,0.0018076551698116966,0.2305751621274578,0.7369629289408802,1.0,0.5736936670932049,0.5812688526008025,0.3511130209289774,200.97043455491766,-5.935030245041162e-12,0.0,-6.661338147750939e-15,0.0,0.0
equilibrium_sigma_1.35,174.0,159.22103112977265,3.7038111946605325,1.6047443230709524,2.088,2.1337224640120676,1.0617477788323926,2.4393529912135126,-0.19201410642878702,0.5664789758214119,-2.2357269268111972,2.0746610219779393,-3.857833556481231,-2.668220682924933,0.3513529912135125,0.045722464012067476,1.6158111946605325,0.015124992572569357,0.016887367852550704,0.015189443770673626,0.0031894437706736257,0.007606469771630497,0.015605872010215904,0.003605872010215904,0.0027751724407387712,0.28239225385052613,0.05980110156098476,0.09318944377067363,0.04318944377067363,0.013250408102822589,0.14463629032613096,0.19308426844994447,0.030880871302686276,0.0018414784074054851,0.230618905740385,0.7366587445495233,1.0,0.5730936854814922,0.5807893818122911,0.3544035324974871,201.95710215577583,-5.752287535187861e-12,-4.440892098500626e-16,-6.661338147750939e-15,0.0,0.0
equilibrium_sigma_1.35,175.0,158.22103112977265,3.718958205235922,1.6216948424901672,2.1,2.1489344469918708,1.0693541211254463,2.4549850460830007,-0.18921830203046897,0.6064897357154309,-2.2070463231640773,2.0864351250649693,-3.823561344037477,-2.6384592090516104,0.35498504608300063,0.04893444699187066,1.6189582052359217,0.015169159698015036,0.017013818376259735,0.015234655742662952,0.0032346557426629514,0.0076062874984473665,0.015658398950790797,0.003658398950790797,0.0028165667709245668,0.2825292598262514,0.06021966852821835,0.09323465574266296,0.043234655742662956,0.013473286614775084,0.14554433033132375,0.19352023622782963,0.031111114231287224,0.001876125768024416,0.23066340009559536,0.736349359905093,1.0,0.572485298678013,0.5803038994388239,0.3577541566946629,202.94354501106926,-5.5706550483591855e-12,0.0,-7.105427357601002e-15,0.0,0.0
equilibrium_sigma_1.35,176.0,157.22103112977265,3.734149779226246,1.6387722556700879,2.112,2.1641920455556765,1.0769605003298959,2.4706701153354107,-0.1863807089865248,0.6467436718561557,-2.1782933619093994,2.098204371017352,-3.7891331966949116,-2.6086067270493025,0.3586701153354106,0.05219204555567636,1.622149779226246,0.015214122416422365,0.01714115645179029,0.015280677958472856,0.003280677958472856,0.007606544754787867,0.015711904597370818,0.003711904597370818,0.0028587528588808198,0.2826687210862814,0.06064044293941582,0.09328067795847286,0.04328067795847286,0.013700905383985097,0.14646513377856507,0.19396348499276833,0.031345056894576236,0.0019116217526597339,0.23070866194819095,0.736034659404573,0.9999999999999999,0.5718683603683613,0.5798123140232637,0.3611662056187751,203.92975840609233,-5.38946665074036e-12,-2.220446049250313e-16,-7.993605777301127e-15,-1.1102230246251565e-16,0.0
equilibrium_sigma_1.35,177.0,156.22103112977265,3.7493867214108256,1.6559774534186968,2.124,2.1794960791531603,1.0845673595013154,2.4864091892825453,-0.1835005260328053,0.6872432575429452,-2.149467680386438,2.1099686364567036,-3.7545471492645124,-2.5786624471929835,0.3624091892825452,0.05549607915316024,1.6253867214108255,0.015259899180904354,0.017269388590499805,0.015327528911399858,0.003327528911399858,0.007607248613357837,0.015766412271300823,0.0037664122713008223,0.002901749805994669,0.28281069367090866,0.06106342149351413,0.09332752891139987,0.04332752891139986,0.01393338276516885,0.14739892368602817,0.19441417449704412,0.03158277553014649,0.0019479916922160213,0.23075470850774735,0.7357145242698901,1.0,0.5712427211303611,0.5793145322496198,0.3646410228144282,204.91573750773995,-5.208278253121534e-12,-4.440892098500626e-16,-8.881784197001252e-15,-1.1102230246251565e-16,0.0
equilibrium_sigma_1.35,178.0,155.22103112977265,3.7646698552811175,1.6733113330506906,2.136,2.194847385982246,1.0921751488357025,2.5022032818964366,-0.18057693253995755,0.7279910032838939,-2.1205689316093626,2.121727794668854,-3.7198012135017438,-2.5486255829170124,0.36620328189643647,0.058847385982245815,1.6286698552811174,0.015306508971382485,0.017398521295688512,0.015375227613312316,0.0033752276133123156,0.007608406285859806,0.015821945980043495,0.0038219459800434945,0.0029455772487807508,0.2829552351918555,0.061488600074466146,0.09337522761331232,0.04337522761331232,0.014170840216216033,0.14834592782141523,0.19487246894352214,0.03182434832218294,0.0019852617781078215,0.23080155745166525,0.7353888324480441,1.0,0.5706082283596517,0.5788104588880288,0.3681799840095735,205.9014773610599,-5.029088256947034e-12,-2.220446049250313e-16,-9.547918011776346e-15,-1.1102230246251565e-16,0.0
equilibrium_sigma_1.35,179.0,154.22103112977265,3.7800000235753264,1.6907747983771604,2.148,2.2102468235156807,1.0997843258124729,2.5180534314998853,-0.17760908795981933,0.7689894575492784,-2.0915967850662267,2.133481715520135,-3.6848933777983337,-2.5184953511715973,0.3700534314998851,0.06224682351568056,1.6320000235753263,0.015353971312233927,0.01752856105801318,0.01542379361202876,0.003423793612028759,0.007610025131681859,0.01587853042162024,0.0038785304216202403,0.0029902553899674444,0.28310240488493565,0.06191597370971645,0.09342379361202877,0.04342379361202876,0.014413402370670222,0.14930637881574818,0.19533853713366373,0.032069855459209984,0.0020234590940459703,0.23084922693891083,0.7350574585078332,1.0,0.5699647261934486,0.5782999967373817,0.3717844978653118,206.88697288568684,-4.851896662216859e-12,-4.440892098500626e-16,-1.1102230246251565e-14,0.0,0.0
equilibrium_sigma_1.35,180.0,153.22103112977265,3.7953780888308795,1.70836875969062,2.16,2.225695269045266,1.1073953553463607,2.5339607014807317,-0.1745961312540505,0.8102412075428438,-2.0625509275412117,2.1452302653724153,-3.6498216068617815,-2.48827097278439,0.37396070148073157,0.0656952690452659,1.6353780888308793,0.015402306290624515,0.01765951435072118,0.01547324700939471,0.0034732470093947095,0.00761211266712488,0.015936191033461,0.003936191033461,0.003035805012929771,0.28325226366483247,0.06234553652717628,0.09347324700939472,0.043473247009394714,0.014661197110916648,0.1502805142799478,0.19581255262115757,0.032319379193730076,0.002062611649060991,0.23089773562415,0.7347202735330588,0.9999999999999999,0.5693120554324349,0.5777830465654774,0.3754560067383182,207.87221887215279,-4.676037335116234e-12,0.0,-1.0658141036401503e-14,-2.220446049250313e-16,0.0
equilibrium_sigma_1.35,181.0,152.22103112977265,3.8108049339558745,1.7260941337453328,2.172,2.2411936202449576,1.11500870994891,2.5499261810309797,-0.17153718030423137,0.8517488799919681,-2.033431063960404,2.15697330699695,-3.6145838413813367,-2.457951672826577,0.3779261810309795,0.06919362024495745,1.6388049339558743,0.015451534575469786,0.01779138762470555,0.01552360848006746,0.003523608480067459,0.007614676575168729,0.01599495400350648,0.003994954003506478,0.0030822475050040765,0.2834048741820226,0.06277728171068317,0.09352360848006747,0.04352360848006746,0.014914355641994828,0.1512685769242758,0.19629469387142717,0.03257300390382256,0.0021027484118133137,0.23094710267203167,0.7343771450123324,1.0,0.5686500534607352,0.57725950704655,0.37919598745562066,208.85720997807644,-4.500844141830385e-12,-4.440892098500626e-16,-1.199040866595169e-14,-1.1102230246251565e-16,0.0
equilibrium_sigma_1.35,182.0,151.22103112977265,3.826281462833704,1.7439518437366144,2.184,2.256742795767333,1.1226248699050745,2.56595098591753,-0.1684313312974628,0.8935151419704557,-2.0042369182578774,2.168710699487038,-3.579177997665275,-2.427536680977249,0.38195098591752963,0.07274279576733278,1.642281462833704,0.015501677434849218,0.017924187303404258,0.01557489929032154,0.0035748992903215406,0.0076177247150558645,0.01605484628353082,0.004054846283530821,0.0031296048641493712,0.28356030087976225,0.06321120145448227,0.09357489929032155,0.043574899290321545,0.015173012565997875,0.15227081468114248,0.19678514442810593,0.03283081615688452,0.002143899346259781,0.23099734776563036,0.7340279367312254,1.0,0.5679785541636345,0.5767292746957723,0.38300595209967886,209.8419407244408,-4.32898161761841e-12,-2.220446049250313e-16,-1.2434497875801753e-14,0.0,0.0
equilibrium_sigma_1.35,183.0,150.22103112977265,3.841808600938542,1.761942819271227,2.196,2.272343735849349,1.1302443234569695,2.582036259275612,-0.1652776580959343,0.9355427017306719,-1.97496823427019,2.180442298169699,-3.5436019672745322,-2.397025231896813,0.3860362592756119,0.07634373584934862,1.6458086009385418,0.01555275675593254,0.0180579197775029,0.0156271413181368,0.0036271413181367985,0.007621265132972028,0.01611589565353455,0.004115895653534551,0.0031778997322540192,0.28371861005496,0.06364728691573966,0.0936271413181368,0.0436271413181368,0.015437305956842432,0.1532874808305481,0.19728409308529946,0.0330929047753808,0.0021860954486970915,0.23104849112024803,0.7336725086556741,1.0000000000000002,0.5672973878435327,0.5761922438010492,0.3868874488059612,210.8264054915876,-4.1591174948507614e-12,0.0,-1.3100631690576847e-14,-1.1102230246251565e-16,0.0
equilibrium_sigma_1.35,184.0,149.22103112977265,3.857387295952029,1.7800679963271766,2.208,2.28799740292048,1.1378675669917266,2.598183172421713,-0.16207521159373917,0.9778343095379503,-1.945624776660848,2.192167954516468,-3.507853616660804,-2.366416565611607,0.39018317242171285,0.07999740292047974,1.6493872959520286,0.015604795068596508,0.018192591399429157,0.015680357075185815,0.0036803570751858146,0.007625306074465352,0.01617813070176055,0.004178130701760551,0.0032271554051277462,0.2838798699248055,0.06408552816460017,0.09368035707518582,0.04368035707518582,0.01570737743526917,0.154318834127944,0.19779173406526931,0.033359360904604354,0.0022293687862246594,0.23110055350516398,0.733310716804007,1.0,0.5666063811342774,0.5756483063521237,0.3908420625747706,211.81059851475254,-3.9894754166880375e-12,0.0,-1.509903313490213e-14,0.0,0.0
equilibrium_sigma_1.35,185.0,148.22103112977265,3.873018518415435,1.7983283172123734,2.22,2.303704782246082,1.1454951052464326,2.6143929257013783,-0.1588230190470945,1.0203927585404904,-1.916206331865681,2.203887516053271,-3.4719307867723503,-2.335709927894465,0.39439292570137807,0.08370478224608169,1.653018518415435,0.015657815567727246,0.018328208477698595,0.0157345697289653,0.0037345697289653014,0.0076298559967788275,0.01624158090240968,0.00424158090240968,0.0032773958746901144,0.28404415069383426,0.06452591413316663,0.09373456972896531,0.043734569728965306,0.015983372244088332,0.15536513893566048,0.19830826720389275,0.03363027808280044,0.002273752536729279,0.23115355625998632,0.732942413120484,1.0,0.5659053569131074,0.5750973519661725,0.39487141609256315,212.7945138796703,-3.823608096809039e-12,-2.220446049250313e-16,-1.687538997430238e-14,-2.220446049250313e-16,0.0
equilibrium_sigma_1.35,186.0,147.22103112977265,3.8887032624052744,1.8167247305178484,2.232,2.319466882594055,1.1531274515259957,2.630666749367581,-0.15552008338227719,1.0632208856625183,-1.8867127090638327,2.215600826269552,-3.4358312926408683,-2.3049045706468516,0.39866674936758084,0.08746688259405477,1.6567032624052742,0.01571184213628604,0.01846477727109117,0.015789803125803838,0.0037898031258038374,0.007634923581829139,0.01630627660453854,0.0043062766045385385,0.003328645812317177,0.284211524623648,0.06496843256283209,0.09378980312580384,0.04378980312580384,0.01626543932346901,0.1564266653575359,0.1988338981433954,0.033905752313623444,0.0023192810304330873,0.2312075213111131,0.7325674453448304,1.0,0.5651941342104508,0.5745392678099641,0.3989771705637432,213.77814551803732,-3.660627356794066e-12,0.0,-1.709743457922741e-14,2.220446049250313e-16,0.0
equilibrium_sigma_1.35,187.0,146.22103112977265,3.9044425462322923,1.835258191065069,2.244,2.3352847369249092,1.1607651279342903,2.6470059044904746,-0.1521653824808693,1.106321572520655,-1.857143741175125,2.2273077245267787,-3.3995529229493475,-2.2739997522823026,0.40300590449047435,0.09128473692490902,1.660442546232292,0.015766899369303602,0.01860230398266041,0.015846081814842268,0.0038460818148422678,0.007640517749914779,0.016372249092011515,0.004372249092011515,0.0033809306287935215,0.28438206610558264,0.06541306994989594,0.09384608181484227,0.04384608181484227,0.01655373138611276,0.15750368937677994,0.19936883853261161,0.03418588214099987,0.002365989793065175,0.23126247118862375,0.7321856568773113,1.0,0.5644725281175573,0.5739739385184205,0.40316102655250735,214.76148720281049,-3.4994229736184934e-12,0.0,-1.8207657603852567e-14,0.0,0.0
equilibrium_sigma_1.35,188.0,145.22103112977265,3.9202374131647924,1.8539296598472015,2.2560000000000002,2.351159403106232,1.1684086656193156,2.663411683899862,-0.14875786844149497,1.149697746364529,-1.8274992858842385,2.2390080459664725,-3.363093439579715,-2.2429947381103976,0.4074116838998618,0.09515940310623172,1.6642374131647921,0.01582301259884511,0.01874079475358012,0.015903431073034997,0.003903431073034997,0.007646647674183132,0.016439530616807474,0.004439530616807474,0.0034342764942962845,0.2845558517364697,0.06585981148943715,0.093903431073035,0.043903431073035,0.016848404992142907,0.1585964929971401,0.1999133062351002,0.03447076872648313,0.0024139155907206954,0.23131842904360486,0.7317968866391913,1.0,0.5637403496919161,0.5734012461093663,0.40742472483413367,215.74453254333517,-3.3422153933315712e-12,0.0,-1.9761969838327786e-14,-2.220446049250313e-16,0.0
equilibrium_sigma_1.35,189.0,144.22103112977265,3.9360889321772516,1.8727401039641576,2.2680000000000002,2.367091964652567,1.1760586050331352,2.6798854131617635,-0.14529646681717123,1.1933523810426412,-1.797779226692191,2.2507016214179094,-3.326450577139023,-2.2118888007204855,0.4118854131617633,0.09909196465256676,1.6680889321772514,0.015880207920001957,0.018880255656833926,0.01596187693122684,0.003961876931226838,0.00765332279589305,0.01650815441012199,0.004508154410121989,0.0034887103406155973,0.2847329603976571,0.06630864101741443,0.09396187693122685,0.04396187693122684,0.01714962062352382,0.15970536438743765,0.20046752554545505,0.03476051592918674,0.002463096476473741,0.23137541866594538,0.7314009689283941,0.9999999999999999,0.5629974058604167,0.5728210698942643,0.4117700472550322,216.72727498029377,-3.1876723483037495e-12,-4.440892098500626e-16,-2.1760371282653068e-14,2.220446049250313e-16,0.0
equilibrium_sigma_1.35,190.0,143.22103112977265,3.951998198725273,1.8916904965512782,2.2800000000000002,2.3830835314918306,1.1837154962074021,2.696428451590503,-0.14178007582741037,1.2372884979946168,-1.7679834739955442,2.262388277305661,-3.289622042462859,-2.1806812203642325,0.41642845159050257,0.10308353149183036,1.6719981987252726,0.015938512217941708,0.019020692690754654,0.016021446201355614,0.004021446201355614,0.0076605528405014126,0.016578154746760276,0.004578154746760276,0.0035442599144452913,0.28491347333744127,0.06675954095097227,0.09402144620135562,0.04402144620135562,0.017457542757808732,0.16083059802954267,0.20103172741416994,0.035055230388388224,0.0025135718388128113,0.23143346450255972,0.7309977332702391,0.9999999999999999,0.5622434993202063,0.572233286384709,0.41619881760079125,217.709707780469,-3.035793838535028e-12,0.0,-2.353672812205332e-14,-1.1102230246251565e-16,0.0
equilibrium_sigma_1.35,191.0,142.22103112977265,3.9679663355484047,1.9107818167015946,2.2920000000000003,2.3991352407599527,1.1913798990454705,2.713042193298066,-0.13820756554393654,1.2815091672714276,-1.7381119661937698,2.274067835557174,-3.2526055140941414,-2.149371285335925,0.4210421932980659,0.1071352407599524,1.6759663355484045,0.01599795319598879,0.01916211177242157,0.01608216650481773,0.004082166504817731,0.007668347834586531,0.01664956696512121,0.0046495669651212095,0.003600953777382898,0.2850974742570234,0.06721249222694406,0.09408216650481774,0.044082166504817735,0.01777233994099688,0.1619724948698686,0.2016061496814648,0.035355021608901284,0.0025653824519706004,0.23149259167582023,0.7305870042633078,0.9999999999999999,0.561478428437188,0.5716377691944244,0.4207129024712735,218.69182403131882,-2.886801908630332e-12,0.0,-2.55351295663786e-14,2.220446049250313e-16,0.0
equilibrium_sigma_1.35,192.0,141.22103112977265,3.9839944935195235,1.930015049384849,2.3040000000000003,2.415248257642926,1.1990523836383766,2.7297280682896243,-0.13457777704228668,1.3260175085992687,-1.7081646708222413,2.2857401135105184,-3.215398641719316,-2.1179582923437508,0.42572806828962406,0.1112482576429259,1.6799944935195232,0.016058559401839964,0.019304518730951913,0.016144066301091088,0.004144066301091088,0.007676718122626276,0.016722427509385795,0.004722427509385795,0.0036588213503385703,0.28528504939724575,0.06766747423932229,0.0941440663010911,0.04414406630109109,0.01809418485931483,0.16313136247497173,0.20219103732155777,0.035660002049449364,0.002618570528246227,0.23155282599424476,0.7301686014280596,1.0,0.5607019871417689,0.5710343889362065,0.4253142121584816,219.6736166356398,-2.7420288262192116e-12,0.0,-2.708944180085382e-14,-1.1102230246251565e-16,0.0
equilibrium_sigma_1.35,193.0,140.22103112977265,4.000083852514152,1.9493911853567554,2.316,2.4314237762372968,1.2067335305955234,2.746487543595191,-0.13088952152909084,1.3708166924638832,-1.678141585717123,2.297404923822654,-3.1779990455878107,-2.0864415468810855,0.43048754359519137,0.11542377623729694,1.684083852514152,0.016120360256967323,0.019447919300653267,0.016207174918192783,0.004207174918192783,0.007685674385250783,0.016796773973926094,0.004796773973926093,0.00371789294240088,0.2854762876308872,0.06812446477445748,0.09420717491819279,0.04420717491819279,0.018423254409562762,0.16430751519046616,0.20278664269606558,0.03597028721391856,0.0026731797723580255,0.23161419396926963,0.7297423390444538,1.0,0.5599139648223876,0.5704230131140574,0.4300047015307447,220.65507830586188,-2.6001423236721166e-12,0.0,-2.9531932455029164e-14,0.0,0.0
equilibrium_sigma_1.35,194.0,139.22103112977265,4.016235622282269,1.9689112210562167,2.328,2.447663020415491,1.2144239313842666,2.763322124431467,-0.12714157945111904,1.415909941203394,-1.6480427402142732,2.3090620743784855,-3.1404043159290214,-2.0548203636011144,0.4353221244314671,0.11966302041549115,1.6882356222822694,0.01618338609154764,0.019592319114022184,0.01627152258607669,0.0042715225860766905,0.007695227660115454,0.016872645138832354,0.004872645138832354,0.0037781997641594955,0.28567128056386876,0.06858343994310567,0.0942715225860767,0.044271522586076695,0.018759729767706703,0.16550127430283162,0.20339322581580493,0.03628599574546225,0.0027292554378815855,0.23167672284351573,0.7293080259731404,0.9999999999999999,0.5591141462171028,0.5698035060105526,0.43478637092641576,221.63620155766358,-2.4626967132235222e-12,0.0,-3.1308289294429414e-14,2.220446049250313e-16,0.0
equilibrium_sigma_1.35,195.0,138.22103112977265,4.032451043371201,1.988576158499742,2.34,2.4639672447425713,1.2221241886964447,2.780233355415535,-0.1233326995666908,1.46130053015074,-1.6178681963744923,2.3207113682008313,-3.10261201232039,-2.0230940666780373,0.4402333554155353,0.12396724474257148,1.692451043371201,0.016247668177765365,0.019737723694673002,0.0163371404704609,0.004337140470460899,0.007705389362714553,0.016950081038746845,0.0049500810387468445,0.0038397739898776706,0.2858701226377603,0.06904437411139888,0.0943371404704609,0.0443371404704609,0.01910379645555729,0.16671296820558154,0.20401105461438432,0.036607249523934085,0.0027868443859187914,0.23174044061159535,0.7288654654785519,1.0000000000000002,0.5583023113022603,0.5691757285682719,0.439661267047055,222.61697870365734,-2.3288038164537284e-12,0.0,-3.441691376337985e-14,2.220446049250313e-16,0.0
equilibrium_sigma_1.35,196.0,137.22103112977265,4.0487313880835645,2.008387005169054,2.352,2.480337735428697,1.2298349168366056,2.797222821825026,-0.1194615979850675,1.5069917888121047,-1.5876180502391462,2.3323526033616706,-3.0646196630218006,-1.9912619901596569,0.44522282182502604,0.1283377354286972,1.6967313880835646,0.016313238764317783,0.019884138450184552,0.0164040607081054,0.0044040607081053985,0.007716171308164377,0.017029122973966082,0.005029122973966082,0.003902648755271798,0.28607291123668305,0.06950723982996547,0.0944040607081054,0.0444040607081054,0.01945564440514449,0.16794293256932996,0.20464040523298985,0.036934173766623314,0.00284599514605907,0.2318053760408422,0.7284144550464754,1.0,0.5574782351785488,0.5685395382653037,0.4446314838516351,223.5974018468568,-2.19779749954796e-12,0.0,-3.6415315207705135e-14,-2.220446049250313e-16,0.0
equilibrium_sigma_1.35,197.0,136.22103112977265,4.065077961470301,2.0283447738915426,2.364,2.4967758113175256,1.237556742132464,2.814292150906192,-0.11552695717317985,1.5529871020818764,-1.5572924331168907,2.343985572894988,-3.026424764275776,-1.9593234783103837,0.4502921509061921,0.1327758113175257,1.7010779614703013,0.016380131112404897,0.020031568664878967,0.016472316443698974,0.004472316443698974,0.007727585734080507,0.01710981358371555,0.005109813583715549,0.0039668582108021155,0.2862797467990878,0.06997200776112604,0.09447231644369898,0.04447231644369898,0.01981546802042785,0.16919151051578682,0.20528156231676417,0.037266897132398294,0.0029067579797186867,0.23187155869252157,0.7279547861953614,1.0,0.5566416879544227,0.5678947889845131,0.44969916345048166,224.57746287389162,-2.072120253160392e-12,0.0,-3.930189507173054e-14,2.220446049250313e-16,0.0
equilibrium_sigma_1.35,198.0,135.22103112977265,4.081492102360203,2.048450482713482,2.376,2.5132828249122143,1.2452903033686953,2.831443013232,-0.11152742492847167,1.5992899114959382,-1.5268915129020493,2.3556100647115636,-2.988024779571525,-1.9272778859430593,0.4554430132320002,0.13728282491221444,1.705492102360203,0.016448379533266014,0.020180019492550556,0.016541941868445077,0.004541941868445077,0.007739645324596856,0.01719219690166085,0.00519219690166085,0.004032437557199842,0.2864907329346821,0.07043864660415199,0.09454194186844508,0.04454194186844508,0.020183466235956824,0.17045905279575038,0.205934819323312,0.037605551829379025,0.0029691849459487782,0.23193901894347066,0.7274862442812016,1.0,0.5557924346268472,0.5672413308762269,0.45486649699729137,225.55715344795783,-1.949107542031925e-12,0.0,-4.218847493575595e-14,-2.220446049250313e-16,0.0
equilibrium_sigma_1.35,199.0,134.22103112977265,4.097975184427554,2.0687051547659876,2.388,2.5298601634407207,1.2530362522452145,2.8486771241125215,-0.10746161331654758,1.6459037165253245,-1.4964154954251105,2.367225861516105,-2.9494171388707437,-1.8951245787379103,0.4606771241125216,0.14186016344072083,1.7099751844275541,0.016518019427355035,0.02032949594916485,0.016612972260438168,0.0046129722604381675,0.007752363235571328,0.01727631838033261,0.005276318380332611,0.004099423074332975,0.2867059765467823,0.07090712301858015,0.09461297226043817,0.04461297226043817,0.020559842572067194,0.17174591797116884,0.2066004788438688,0.037950273726265714,0.003033329969805869,0.23200778800821817,0.7270086082957102,1.0,0.5549302349593168,0.5665790102139534,0.4601357255773746,226.5364650014916,-1.8318679906315083e-12,-2.220446049250313e-16,-4.551914400963142e-14,2.220446049250313e-16,0.0
equilibrium_sigma_1.35,200.0,133.22103112977265,4.114528617299518,2.0891098181236805,2.4,2.5465092499622504,1.2607952538611331,2.865996245059974,-0.1033280975722688,1.6928320759122801,-1.465864625835931,2.3788327407271113,-2.9105992377930128,-1.8628629335468416,0.46599624505997417,0.14650924996225045,1.7145286172995182,0.01658908732522782,0.020480002905549795,0.016685444026927475,0.0046854440269274746,0.00776575312102596,0.01736222498438522,0.005362224984385221,0.004167852150072093,0.2869255879603863,0.07137740154557884,0.09468544402692748,0.04468544402692748,0.020944805186166284,0.17305247260134038,0.20727885293771717,0.03830120246745137,0.0030992489133815433,0.23207789796154843,0.7265216506576186,1.0,0.5540548433571019,0.5659076692427487,0.4655091410901208,227.515388728554,-1.7177370637000422e-12,-2.220446049250313e-16,-4.8627768478581856e-14,2.220446049250313e-16,0.0
equilibrium_sigma_1.35,201.0,132.22103112977265,4.131153847705486,2.10966550565614,2.412,2.5632315445173877,1.2685679872258524,2.883402185311107,-0.09912541496270766,1.7400786090514004,-1.4352391900200048,2.3904304743999387,-2.871568436757972,-1.8304923386808858,0.4714021853111072,0.15123154451738774,1.7191538477054857,0.016661620930121315,0.020631545080105274,0.016759394748545257,0.004759394748545257,0.007779829160842015,0.01744996522390352,0.005449965223903518,0.004237763344683287,0.28714968105619776,0.07184944452739091,0.09475939474854526,0.04475939474854526,0.021338566919630292,0.17437909143333724,0.20797026348048026,0.03865848159206006,0.00316699964959223,0.23214938176119737,0.7260251369971504,1.0000000000000002,0.553166008739664,0.5652271460197992,0.47098908712341403,228.49391557692115,-1.6080470288670767e-12,-2.220446049250313e-16,-5.262457136723242e-14,2.220446049250313e-16,0.0
equilibrium_sigma_1.35,202.0,131.22103112977265,4.147852360693403,2.1303732548745047,2.424,2.5800285453477523,1.2763551458075493,2.900896803419083,-0.0948520636016168,1.787646997434242,-1.4045395160457552,2.4020188291534765,-2.832322060061548,-1.7980121941724487,0.47689680341908325,0.15602854534775235,1.7238523606934026,0.016735659158369873,0.020784127031599507,0.01683486322431236,0.004834863224312359,0.007794606088381284,0.017539589223236618,0.005539589223236618,0.004309196408591731,0.28737837340700717,0.0723232120259914,0.09483486322431237,0.04483486322431236,0.021741345339854966,0.17572615759732815,0.20867504252839095,0.03902225865721198,0.0032366421388671253,0.2322222732601167,0.7255188259438041,0.9999999999999999,0.5522634744097901,0.5645372742464014,0.47657795981194534,229.47203624024144,-1.5014656185030617e-12,0.0,-5.595524044110789e-14,0.0,0.0
equilibrium_sigma_1.35,203.0,130.22103112977265,4.1646256808814055,2.1512341077688135,2.436,2.5969017901503775,1.2841574381076182,2.918482008903729,-0.09050650122674941,1.8355409861351415,-1.3737659756479874,2.413597566101063,-2.792857394914053,-1.765421912020006,0.48248200890372894,0.16090179015037753,1.7286256808814056,0.016811242183953676,0.020937753152023925,0.016911889519400487,0.004911889519400487,0.007810099220060835,0.01763114877428862,0.005631148774288618,0.004382192329011048,0.28761178642242574,0.07279866173937634,0.0949118895194005,0.04491188951940049,0.022153362776812374,0.17709406280595352,0.20939353269709318,0.039392685365416694,0.0033082385087915287,0.23229660722535764,0.7250024689004342,1.0,0.5513469779200111,0.5638378830914458,0.4822782086842522,230.4497411497019,-1.4006573678670975e-12,0.0,-5.972999872483342e-14,2.220446049250313e-16,0.0
equilibrium_sigma_1.35,204.0,129.22103112977265,4.181475373715128,2.172249110633957,2.448,2.613852857342417,1.2919755882504445,2.9361597639501724,-0.08608714395039252,1.8837643853205182,-1.3429189857503308,2.4251664407862616,-2.753171690463693,-1.7327209164202166,0.48815976395017247,0.16585285734241717,1.733475373715128,0.016888411491486247,0.021092427659484443,0.01699051501755875,0.0049905150175587505,0.007826324488848648,0.017724697425336444,0.005724697425336444,0.004456793372131784,0.2878500455077538,0.07327574891391246,0.09499051501755876,0.044990515017558755,0.02257484635346456,0.17848320755703032,0.21012608755367723,0.03976991769602747,0.003381853136767605,0.23237241937376898,0.724475809793436,1.0,0.5504162509367897,0.5631287970064208,0.4880923375043265,231.4270204646755,-1.3038459201197838e-12,-2.220446049250313e-16,-6.52811138479592e-14,2.220446049250313e-16,0.0
equilibrium_sigma_1.35,205.0,128.22103112977265,4.198403046800133,2.1934193138921256,2.46,2.630883367403268,1.299810336615257,2.953932085186669,-0.08159236495569289,1.9323210718326567,-1.3119990100198224,2.436725203123948,-2.7132621567437942,-1.6999086439667666,0.49393208518666887,0.17088336740326815,1.7384030468001335,0.016967209927238644,0.021248154591276665,0.017070782474584996,0.005070782474584996,0.007843298477742264,0.01782029053432055,0.005820290534320548,0.004533043145293902,0.28809328022601516,0.07375442625599267,0.095070782474585,0.045070782474585,0.023006028009557394,0.17989400134145364,0.21087307202691638,0.040154116041397486,0.0034575527359032836,0.23244974639707486,0.7239385848256243,1.0,0.549471019101226,0.5624098355302866,0.49402290508872193,232.40386406342157,-1.2096990076315706e-12,0.0,-6.927791673660977e-14,0.0,0.0
equilibrium_sigma_1.35,206.0,127.22103112977265,4.215410351288252,2.2147457719087416,2.472,2.6479949842732062,1.307662440502816,2.9718010455351456,-0.07702049314598991,1.9812149908336374,-1.2810065604571834,2.448273597347428,-2.6731259635617586,-1.6669845438199302,0.4998010455351456,0.17599498427320626,1.7434103512882522,0.01704768175214877,0.021404937797144866,0.017152736074282228,0.005152736074282228,0.007861038454670968,0.017917985335458297,0.005917985335458297,0.004610986601427669,0.28834162446752193,0.07423464384191213,0.09515273607428223,0.04515273607428223,0.023447144518054637,0.18132686285572097,0.2116348628349984,0.04054544534772708,0.003535406444211332,0.23252862598650184,0.7233905222215596,0.9999999999999999,0.5485110018866669,0.5616808130840677,0.5000725261011522,233.38026153344433,-1.1217693440812582e-12,0.0,-7.394085344003543e-14,-2.220446049250313e-16,0.0
equilibrium_sigma_1.35,207.0,126.22103112977265,4.232498983317834,2.2362295428017847,2.484,2.665189416809173,1.3155326748376692,2.989768776136915,-0.07236981174617396,2.0304501575110363,-1.249942199023681,2.4598113619623,-2.6327602393286336,-1.633948077844551,0.505768776136915,0.18118941680917322,1.748498983317834,0.017129872697258797,0.02156278093276332,0.01723642148717893,0.005236421487178931,0.007879562409022108,0.018017841045825378,0.006017841045825378,0.0046906701478555135,0.28859521662781495,0.07471634902588017,0.09523642148717894,0.045236421487178935,0.02389843749347978,0.18278222021908286,0.21241184893142304,0.040944075260752166,0.0036154859172345117,0.2326090968577363,0.722831341964277,1.0,0.5475359124532144,0.5609415387546388,0.5062438718216142,234.35620216145338,-1.0373923942097463e-12,-4.440892098500626e-16,-7.904787935331115e-14,-2.220446049250313e-16,0.0
equilibrium_sigma_1.35,208.0,125.22103112977265,4.249670685510378,2.257871688244738,2.496,2.6824684203005003,1.3234218329075986,3.0078374683571507,-0.06763855685412601,2.0800306588489477,-1.2188065393051883,2.4713382297078255,-2.592162069826056,-1.6007987207133527,0.5118374683571507,0.18646842030050026,1.7536706855103783,0.017213830021718002,0.021721687453485582,0.017321885932173077,0.005321885932173077,0.007898889089856542,0.018119918934189627,0.006119918934189627,0.004772141668496488,0.28885419979446386,0.07519948634619747,0.09532188593217308,0.04532188593217308,0.02436015339138969,0.184260511195387,0.2132044319699078,0.041350180276448135,0.003697865424218888,0.23269119877621464,0.7222607555231184,1.0,0.5465454574990907,0.5601918160670861,0.5125396708862252,235.33167492290778,-9.565681580170349e-13,-2.220446049250313e-16,-8.43769498715119e-14,-1.1102230246251565e-16,0.0
equilibrium_sigma_1.35,209.0,124.22103112977265,4.266927248526113,2.2796732732634695,2.508,2.699833798047564,1.331330727141975,3.026009375871908,-0.06282491594019257,2.129960655468137,-1.1876002482140544,2.482853927526628,-2.5513284969070664,-1.5675359599722156,0.518009375871908,0.19183379804756395,1.7589272485261134,0.017299602573484757,0.021881660608411617,0.01740917824127012,0.005409178241270119,0.007919038045883068,0.0182242823676404,0.006224282367640398,0.0048554505416298355,0.2891187219432428,0.07568399742963457,0.09540917824127013,0.04540917824127012,0.02483254349815264,0.18576218341968423,0.2140130267891976,0.04176393989692929,0.00378262194796071,0.232774972582704,0.721678465572406,1.0,0.5455393371088115,0.5594314427450114,0.5189627099937082,236.30666847112303,-8.79296635503124e-13,0.0,-8.970602038971265e-14,-1.1102230246251565e-16,0.0
equilibrium_sigma_1.35,210.0,123.22103112977265,4.284270512681263,2.301635366027381,2.52,2.7172874030065284,1.3392601899307823,3.0442868168416966,-0.05792702629254576,2.1802443835393506,-1.1563240477294663,2.4943581765435994,-2.510256517127197,-1.5341592960639088,0.5242868168416965,0.19728740300652836,1.764270512681263,0.017387240852876587,0.02204270343482647,0.01749834892759588,0.005498348927595879,0.0079400296672632,0.018330996962578894,0.0063309969625788935,0.004940647762019523,0.28938893614422995,0.07616982089405278,0.09549834892759589,0.04549834892759588,0.025315863910147403,0.18728769462965852,0.21483806191871277,0.042185538791729614,0.003869835288455162,0.23286046021915344,0.7210841657006618,1.0,0.5445172445981287,0.5586602104581004,0.5255158345740997,237.28117112592093,-8.073541835074138e-13,0.0,-9.614531393253856e-14,-2.220446049250313e-16,0.0
equilibrium_sigma_1.35,211.0,122.22103112977265,4.3017023696304175,2.3237590376352317,2.532,2.734831139504204,1.347211074486415,3.0626721761760463,-0.052942973405962324,2.2308861567744276,-1.1249787166769094,2.5058506920549575,-2.4689430803014867,-1.5006682423063016,0.5306721761760462,0.20283113950420395,1.7697023696304175,0.017476797079000378,0.02220481875307072,0.01758945025684571,0.005589450256845711,0.007961885229287799,0.018440130640229313,0.006440130640229313,0.0050277859542369185,0.28966500077832036,0.076656892249347,0.09558945025684572,0.045589450256845715,0.025810375501444643,0.18883751290196016,0.21567998010605802,0.04261516696466234,0.003959588170479406,0.23294770475443163,0.7204775401104266,1.0,0.5434788663556867,0.5578779045562424,0.5322019494147978,238.25517086180824,-7.398526236102043e-13,0.0,-1.0258460747536446e-13,2.220446049250313e-16,0.0
equilibrium_sigma_1.35,212.0,121.22103112977265,4.319224764148045,2.346045361897225,2.544,2.7524669650587787,1.355184255763339,3.0811679079060506,-0.04787078929994992,2.281890368518288,-1.093565092543872,2.5173311835283676,-2.4273850879564387,-1.4670623248123906,0.5371679079060505,0.2084669650587787,1.7752247641480445,0.017568325253792594,0.022368009161984077,0.01768253632060727,0.005682536320607268,0.007984626936114753,0.01855175373099982,0.00655175373099982,0.005116919443715062,0.28994707975941597,0.07714514379846131,0.09568253632060728,0.04568253632060727,0.0263163438790639,0.1904121168942456,0.21653923886941143,0.043053019926665693,0.004051966355302651,0.2330367503954774,0.7198582633225543,1.0,0.5424238816808553,0.5570843037889956,0.5390240192298337,239.2286552961655,-6.754596881819452e-13,0.0,-1.0969003483296547e-13,-1.1102230246251565e-16,0.0
equilibrium_sigma_1.35,213.0,120.22103112977265,4.336839695971869,2.368495415111582,2.556,2.770196892264608,1.363180631420591,3.0997765376532262,-0.042708450779021856,2.3332614939214684,-1.0620840733378243,2.528799354615354,-2.385579391708548,-1.4333410823596133,0.5437765376532262,0.2141968922646078,1.7808396959718689,0.017661881231649926,0.022532277034893244,0.017777663114070967,0.005777663114070967,0.008008277967093014,0.018665939056639047,0.006665939056639047,0.005208104310039374,0.29023534276991203,0.07763450453639621,0.09577766311407097,0.04577766311407097,0.026834039324612674,0.1920119960919996,0.21741631107332016,0.04349929887457129,0.004147058756589064,0.2331276425052403,0.7192259998635994,1.0,0.5413519626183602,0.5562791800102177,0.5459850691776063,240.2016116767616,-6.163958232718869e-13,-2.220446049250313e-16,-1.1679546219056647e-13,0.0,0.0
equilibrium_sigma_1.35,214.0,119.22103112977265,4.35454922165914,2.3911102758348672,2.568,2.788022990699355,1.3712011228078191,3.1185006651784373,-0.03745387765228303,2.385004092168018,-1.0305366194909036,2.540254903177256,-2.3435227916081645,-1.3995040662161784,0.5505006651784372,0.22002299069935516,1.7865492216591403,0.01775752280218361,0.02269762451610179,0.01787488862134879,0.00587488862134879,0.008032862528969353,0.0187827620945491,0.006782762094549099,0.005301398471324603,0.29052996551923876,0.07812490004442851,0.0958748886213488,0.045874888621348794,0.027363736721071237,0.1936376510589522,0.21831168552565902,0.04395421087565932,0.0042449575605369395,0.23322042764534298,0.7185804039184608,1.0,0.540262773790502,0.5554622978678387,0.5530881853377567,241.17402686772476,-5.595524044110789e-13,0.0,-1.2390088954816747e-13,2.220446049250313e-16,0.0
equilibrium_sigma_1.35,215.0,118.22103112977265,4.372355456556453,2.4138910246514946,2.58,2.8059473889517497,1.37924667601646,3.1373429670556074,-0.03210493087280053,2.437122808824187,-0.9989237558031117,2.551697521325746,-2.301212034361421,-1.3655508398946394,0.5573429670556074,0.2259473889517496,1.7923554565564528,0.017855309770774472,0.022864053518172455,0.017974272903143025,0.005974272903143025,0.008058405908171615,0.01890230102219448,0.0069023010221944785,0.005396861741946424,0.2908311300095243,0.07861625238475568,0.09597427290314303,0.04597427290314303,0.027905715463754255,0.19528959369352802,0.2192258676031668,0.0444179690588853,0.004345758350564797,0.23331515360323465,0.7179211189873151,0.9999999999999999,0.5391559722253362,0.5546334144764052,0.5603365151129057,242.14588733551457,-5.080380560684716e-13,-2.220446049250313e-16,-1.305622276959184e-13,0.0,0.0
equilibrium_sigma_1.35,216.0,117.22103112977265,4.390260576854849,2.436838743941154,2.592,2.8239722767421376,1.3873182629853809,3.156306199462752,-0.02665941060598298,2.489622378293499,-0.9672465734281959,2.563126895479313,-2.2586438114528864,-1.3314809788359931,0.5643061994627518,0.2319722767421375,1.7982605768548487,0.01795530404251179,0.023031565720020453,0.018075878188841953,0.006075878188841952,0.008084934525198876,0.019024636879194645,0.007024636879194645,0.005494555885832142,0.2911390248146726,0.07910847999398715,0.09607587818884196,0.04607587818884196,0.02846025935409473,0.19696834749058761,0.22015937990478188,0.044890792812787406,0.004449560236634007,0.23341186941795045,0.717247777532628,0.9999999999999999,0.5380312071813063,0.5537922790719904,0.5677332675572648,243.11717913434825,-4.583000645652646e-13,-4.440892098500626e-16,-1.389999226830696e-13,-1.1102230246251565e-16,0.0
equilibrium_sigma_1.35,217.0,116.22103112977265,4.408266821730452,2.4599545176447872,2.604,2.842099907137265,1.395416882661896,3.1753932010946793,-0.021115054225334884,2.542507626382373,-0.9355062319033673,2.574542706437134,-2.21581475716678,-1.2972940700195295,0.5713932010946792,0.23809990713726492,1.8042668217304518,0.018057569710262497,0.023200162565903997,0.01817976897353573,0.00617976897353573,0.008112475991440198,0.01914985368944855,0.007149853689448548,0.005594544738585228,0.2914538453743507,0.07960149757538838,0.09617976897353574,0.046179768973535734,0.029027656474894754,0.19867444780842733,0.22111276293386972,0.04537290799029374,0.004556465989347597,0.23351062540570577,0.716560000614653,1.0,0.5368881199683536,0.5529386326485746,0.5752817136259808,244.08788789099202,-4.1300296516055823e-13,0.0,-1.474376176702208e-13,0.0,0.0
equilibrium_sigma_1.35,218.0,115.22103112977265,4.4263764955748135,2.4832394310300607,2.616,2.860332598864309,1.403543562220611,3.1946068962036036,-0.015469534232337434,2.595783472983113,-0.9037039612237678,2.5859446294718444,-2.1727214465012024,-1.262989711492444,0.5786068962036035,0.2443325988643088,1.8103764955748134,0.01816217314711545,0.023369845265412848,0.018286012120258523,0.0062860121202585224,0.00814105916853083,0.019278038585479607,0.007278038585479606,0.005696894251894236,0.29177579430381373,0.08009521598998312,0.09628601212025853,0.04628601212025853,0.029608199045616075,0.20040844214109282,0.22208657581073427,0.045864547120675454,0.0046665821789723325,0.23361147318526732,0.7158573975150849,1.0,0.5357263437654678,0.552072207574898,0.5829851863374803,245.05799878888632,-3.703704010149522e-13,0.0,-1.5631940186722204e-13,2.220446049250313e-16,0.0
equilibrium_sigma_1.35,219.0,114.22103112977265,4.444591970319408,2.506694570457371,2.628,2.8786727387295037,1.4116993583426471,3.21395029777426,-0.009720456097041197,2.6494549348816543,-0.871841063962727,2.5973323344428203,-2.129360392969586,-1.2285675118128503,0.5859502977742599,0.2506727387295036,1.8165919703194078,0.01826918310345002,0.023540614794562827,0.018394676967781333,0.006394676967781333,0.008170714230354478,0.01940928193056024,0.00740928193056024,0.005801672549043957,0.2921050817205495,0.08058954214662932,0.09639467696778134,0.04639467696778134,0.030202183256198844,0.20217089039606126,0.22308139701688165,0.04636594962890717,0.004780019319531991,0.23371446570300222,0.7151395653485587,1.0000000000000002,0.5345455034346389,0.5511927271907375,0.5908470808405387,246.02749655157245,-3.312905505481467e-13,-2.220446049250313e-16,-1.6475709685437323e-13,-2.220446049250313e-16,0.0
equilibrium_sigma_1.35,220.0,113.22103112977265,4.462915687858913,2.530321023147556,2.64,2.8971227841470264,1.4198853585579212,3.23342651084048,-0.0038653560157886346,2.703527128697899,-0.8399189174387796,2.6087054859316843,-2.085728046283153,-1.1940270893992906,0.5934265108404797,0.2571227841470263,1.8229156878589126,0.018378670808895922,0.023712471898113673,0.0185058354443055,0.0065058354443055,0.008201472727811514,0.019543677491906664,0.007543677491906663,0.005908950073685304,0.29244192558880455,0.08108437889119634,0.09650583544430551,0.046505835444305504,0.030809909077814755,0.20396236517734714,0.22409782517257676,0.04687736206270276,0.004896892018120924,0.23381965725749426,0.7144060886616821,1.0,0.5333452153311774,0.5502999053815117,0.5988708543772696,246.9963654253861,-2.957634137601417e-13,-2.220446049250313e-16,-1.7474910407599964e-13,0.0,0.0
equilibrium_sigma_1.35,221.0,112.22103112977265,4.481350162578874,2.5541198769525684,2.652,2.915685265784965,1.428102682653589,3.253038735950879,0.0020983014179960513,2.7580052739673615,-0.8079389759304827,2.6200637434018543,-2.041820789907307,-1.1593680717792383,0.6010387359508789,0.2636852657849649,1.8293501625788737,0.018490710079329536,0.023885417093238433,0.018619562187391782,0.006619562187391782,0.00823336765643692,0.01968132257834654,0.007681322578346538,0.006018799627582894,0.2927865520830054,0.0815796248950221,0.09661956218739179,0.046619562187391786,0.03143168004887244,0.20578345207409662,0.2251364798493569,0.04739903832750952,0.005017319129588176,0.23392710352322577,0.7136565390196766,1.0,0.5321250871103552,0.5493934461300629,0.6070600261323943,247.96458916139267,-2.6290081223123707e-13,-2.220446049250313e-16,-1.8474111129762605e-13,0.0,0.0
equilibrium_sigma_1.35,222.0,111.22103112977265,4.499897984035143,2.5780922201304293,2.664,2.9343627903794185,1.4363524841713233,3.2727902728084635,0.008173125649916901,2.8128946963958694,-0.7759027729340007,2.63140676138388,-1.9976349384470031,-1.124590094715401,0.6087902728084633,0.27036279037941835,1.8358979840351428,0.018605377421585717,0.024059450674825567,0.018735934668087435,0.006735934668087435,0.008266433524394715,0.019822318202411537,0.007822318202411537,0.0061312964860782415,0.2931391959639013,0.0820751745453664,0.09673593466808744,0.04673593466808744,0.03206780303469767,0.20763474995570402,0.22619800242199367,0.04793123993003279,0.005141423916849347,0.2340368615530833,0.7128904746000345,1.0,0.5308847175296783,0.5484730430438499,0.6154181769448783,248.9321509972046,-2.318145675417327e-13,0.0,-1.9451107391432743e-13,-1.1102230246251565e-16,0.0
equilibrium_sigma_1.35,223.0,110.22103112977265,4.518561819742024,2.602239141125698,2.676,2.9531580436668867,1.4446359519735232,3.292684524073006,0.014361802693580561,2.868200831270236,-0.7438119234728338,2.642734189688864,-1.9531667348985295,-1.0896928012176397,0.6166845240730057,0.27715804366688657,1.8425618197420235,0.018722752146087873,0.024234572722393537,0.01885503332248111,0.006855033322481111,0.008300706423969587,0.01996676924465035,0.00796676924465035,0.006246518480246266,0.2935001009772155,0.08257091783513516,0.09685503332248112,0.046855033322481116,0.03271858795877945,0.20951687127239196,0.22728305695855097,0.04847423623027915,0.005269334216859383,0.2341489897866265,0.712107439766235,1.0,0.5296236962474974,0.5475383788569355,0.6239489488856504,249.89903363785152,-2.0472512574087887e-13,-2.220446049250313e-16,-2.049471703458039e-13,-1.1102230246251565e-16,0.0
equilibrium_sigma_1.35,224.0,109.22103112977265,4.537344417989183,2.6265617283575975,2.688,2.9720737933648613,1.452954311843679,3.3127249993002548,0.020667097724486716,2.923929226988957,-0.7116681264691516,2.6540456736524494,-1.9084123478330575,-1.0546758404545569,0.6247249993002546,0.28407379336486116,1.8493444179891827,0.018842916500396947,0.024410783108517534,0.01897694169609753,0.006976941696097531,0.0083362241120322,0.020114784646807493,0.008114784646807493,0.0063645461190198205,0.29386952029120467,0.08306674024692356,0.09697694169609754,0.046976941696097535,0.03338434750333375,0.21143044235928907,0.2283923311446947,0.049028304701844036,0.005401182612182884,0.23426354809501276,0.7113069645909602,1.0,0.5283416036192763,0.546589124906705,0.6326560447206023,250.86521923429032,-1.8030021919912542e-13,0.0,-2.1582735598713043e-13,-2.220446049250313e-16,0.0
equilibrium_sigma_1.35,225.0,108.22103112977265,4.556248610835663,2.6510610700183084,2.7,2.99111289234801,1.4613088281874111,3.3329153190847043,0.027091857797332697,2.9800855488022195,-0.6794731671623597,2.6653408544111907,-1.863367868380595,-1.019538866515291,0.6329153190847041,0.29111289234800974,1.8562486108356628,0.018965955800684234,0.02458808150935906,0.01910174659344146,0.007101746593441458,0.008373026090862386,0.02026647757613631,0.00826647757613631,0.006485462673566644,0.2942477169498226,0.08356252263990212,0.09710174659344147,0.04710174659344146,0.03406539677760532,0.21337610374738744,0.22952653725358518,0.0495937312017238,0.0055371066086303536,0.23438059780237766,0.7104885643872682,1.0,0.5270380104892504,0.5456249405819312,0.6415432271995641,251.83068936179794,-1.5765166949677223e-13,-2.220446049250313e-16,-2.26929586233382e-13,0.0,0.0
equilibrium_sigma_1.35,226.0,107.22103112977265,4.57527731724331,2.675738253882935,2.712,3.0102782819827656,1.4697008058180014,3.3532592193979687,0.03363901467511088,3.036675582748103,-0.6472289195818184,2.6766193692139333,-1.8180293070445175,-0.9842815370241161,0.6412592193979685,0.2982782819827654,1.8632773172433095,0.019091958569186177,0.024766467417349582,0.01922953823576009,0.007229538235760089,0.008411153692217656,0.020421965654104923,0.008421965654104923,0.006609354303854786,0.2946349643507882,0.08405814113719029,0.0972295382357601,0.04722953823576009,0.03476205295157075,0.2153545104803885,0.23068641316054525,0.0501708102496935,0.0056772488190015985,0.23450020170357747,0.7096517392277274,0.9999999999999999,0.5257124779781397,0.5446454727414097,0.6506143181723258,252.79542499748746,-1.376676550535194e-13,-2.220446049250313e-16,-2.3714363805993344e-13,2.220446049250313e-16,0.0
equilibrium_sigma_1.35,227.0,106.22103112977265,4.594433546350523,2.700594367133305,2.724,3.029572995623702,1.4781315918275326,3.373760556130846,0.0403115877731155,3.0937052397941955,-0.6149373490758316,2.687880851770827,-1.7723925903425464,-0.9489035115984027,0.6497605561308459,0.3055729956237019,1.8704335463505224,0.019221016678940092,0.024945940156208275,0.019360410427940296,0.007360410427940296,0.008450650165200382,0.020581371145134142,0.008581371145134142,0.006736310185218031,0.29503154675133425,0.08455346701359305,0.0973604104279403,0.0473604104279403,0.03547463485274482,0.21736633243735115,0.2318727234042962,0.05075984531756158,0.005821757153057843,0.23462242408023795,0.7087959734491426,1.0,0.5243645572669746,0.5436503551017753,0.6598731975200293,253.75940649680112,-1.1901590823981678e-13,0.0,-2.4935609133081016e-13,0.0,0.0
equilibrium_sigma_1.35,228.0,105.22103112977265,4.613720400893755,2.7256304961980007,2.736,3.049000162281039,1.486602577547489,3.3944233098502377,0.04711268722360318,3.151180560198042,-0.5826005148987767,2.699124932642737,-1.7264535572645374,-0.9134044501383172,0.6584233098502374,0.313000162281039,1.8777204008937551,0.019353225506240856,0.025126498898503404,0.019494460735144666,0.007494460735144665,0.008491560768108152,0.02074482117864207,0.00874482117864207,0.006866422608275968,0.2954377598034687,0.08504836658393995,0.09749446073514467,0.04749446073514467,0.03620346252369352,0.21941225466119313,0.23308626029706572,0.05136114912866717,0.005970785013850651,0.23474733071485532,0.7079207351426269,1.0,0.5229937893770005,0.5426392075929797,0.6693238018872804,254.72261356893165,-1.0302869668521453e-13,0.0,-2.5979218776228663e-13,0.0,0.0
equilibrium_sigma_1.35,229.0,104.22103112977265,4.633141080784553,2.7508477266113056,2.748,3.0685630104692794,1.495115200602846,3.4152515907828027,0.054045517067239146,3.2091077181008583,-0.5502205728582688,2.7103512396739693,-1.6802079555367813,-0.8777840109357726,0.6672515907828025,0.32056301046927915,1.8851410807845523,0.019488684091294964,0.025308142685982995,0.019631790669846848,0.0076317906698468475,0.008533932864476537,0.0209124480043954,0.0089124480043954,0.006999787136585667,0.29585391112074805,0.08554270109227619,0.09763179066984685,0.04763179066984685,0.036948856737747914,0.22149297769310422,0.23432784508597304,0.051975043968000116,0.0061244915005286065,0.2348749889026624,0.7070254756288089,1.0,0.5215997049456201,0.5416116356798523,0.6789701231995404,255.68502525111717,-8.837375276016246e-14,0.0,-2.717825964282383e-13,2.220446049250313e-16,0.0
equilibrium_sigma_1.35,230.0,103.22103112977265,4.652698886850461,2.776247142893905,2.7600000000000002,3.088264872247591,1.5036709470639005,3.4362496440379715,0.061113378577825284,3.267493026369907,-0.5177997780245787,2.7215593984713995,-1.6336514376819427,-0.8420418485892797,0.6762496440379713,0.32826487224759093,1.8926988868504604,0.019627495307582996,0.02549087045291717,0.01977250588996777,0.007772505889967769,0.008577816023527751,0.021084389207892684,0.009084389207892684,0.007136502717663973,0.2962803208786902,0.08603632660217828,0.09777250588996778,0.04777250588996777,0.03771113847029275,0.22360921791292826,0.23559832916824688,0.052601862003340126,0.006283041617733432,0.23500546746097073,0.7061096289179556,0.9999999999999999,0.520181823998338,0.5405672296481001,0.6888162069493073,256.64661988175527,-7.549516567451064e-14,-2.220446049250313e-16,-2.8377300509419e-13,-1.1102230246251565e-16,0.0
equilibrium_sigma_1.35,231.0,102.22103112977265,4.672397224749253,2.801829828458461,2.7720000000000002,3.108109187464243,1.5122713537006676,3.4574218550839757,0.0683196737274927,3.326342941706342,-0.4853404875043501,2.7327490329332593,-1.5867795568624041,-0.8061776117100937,0.6854218550839755,0.3361091874642428,1.9003972247492529,0.019769766040300077,0.025674681052716797,0.019916716408834516,0.007916716408834516,0.00862326212521947,0.02126078798347919,0.00926078798347919,0.00727667184730052,0.2967173224510137,0.08652909388852933,0.09791671640883452,0.04791671640883452,0.03849062832289867,0.2257617078855924,0.2368985953629706,0.053241945617832305,0.00644660649168965,0.23513883673515107,0.7051726111553269,0.9999999999999999,0.518739655716653,0.5395055638530571,0.6988661502334986,257.6073750722873,-6.394884621840902e-14,0.0,-2.9620750296999176e-13,0.0,0.0
equilibrium_sigma_1.35,232.0,101.22103112977265,4.6922396091245275,2.827596865542993,2.7840000000000003,3.128099508281007,1.5209180103743785,3.478772755515142,0.07566790882230423,3.3856640700678238,-0.45284516326946234,2.7439197658305257,-1.539587762437913,-0.7701909403818668,0.694772755515142,0.34409950828100655,1.9082396091245273,0.019915607363498303,0.025859573288374675,0.02006453681437311,0.008064536814373111,0.008670325466502916,0.021441793429666234,0.009441793429666234,0.007420400713886721,0.29716526307385793,0.08702084833498017,0.09806453681437312,0.048064536814373116,0.039287645897898286,0.2279511967151155,0.23822955924625833,0.05389564775486761,0.0066153635932942895,0.23527516857218056,0.7042138200796575,1.0,0.5172726982008725,0.5384261959286705,0.7091240995027667,258.567267678715,-5.3734794391857577e-14,-2.220446049250313e-16,-3.0619951019161817e-13,0.0,0.0
equilibrium_sigma_1.35,233.0,100.22103112977265,4.7122296679547215,2.85354933517631,2.7960000000000003,3.1482395039194175,1.5296125625404735,3.5003070291024168,0.08316169829416387,3.44546317239422,-0.42031637505769437,2.7550712194450546,-1.49207139528245,-0.7340814633814775,0.7043070291024165,0.3522395039194173,1.9162296679547213,0.020065134729128895,0.026045545946757058,0.020216086501784573,0.008216086501784573,0.008719062872631946,0.021627560768955334,0.009627560768955334,0.007567799329422087,0.29762450455086237,0.08751142983358086,0.09821608650178458,0.04821608650178458,0.04010250911993445,0.23017845040490972,0.23959217054889523,0.054563332275321764,0.006789496968085342,0.2354145362958686,0.7032326344607244,1.0,0.5157804382287104,0.5373286659555969,0.719594248021153,259.5262737717544,-4.529709940470639e-14,0.0,-3.1796787425264483e-13,2.220446049250313e-16,0.0
equilibrium_sigma_1.35,234.0,99.22103112977265,4.732371146965065,2.8796883171813397,2.8080000000000003,3.1685329655112504,1.5383567138014407,3.522029518085496,0.0908047686034168,3.50574717058152,-0.3877568033670342,2.7662030162690736,-1.444225682973304,-0.6978487951882052,0.7140295180854959,0.36053296551125014,1.9243711469650644,0.020218468190378452,0.026232597836524166,0.020371489928840573,0.008371489928840573,0.00876953382262197,0.02181825175417984,0.00981825175417984,0.007718981760440613,0.2980954240267896,0.08800067267777535,0.09837148992884058,0.04837148992884058,0.0409355335005997,0.2324442522209487,0.24098741460966702,0.05524537432656499,0.006969197472666938,0.23555701473655621,0.7022284134642119,1.0,0.5142623510119644,0.5362124955885705,0.7302808330707028,260.4843686033551,-3.8191672047105385e-14,-2.220446049250313e-16,-3.284039706841213e-13,-2.220446049250313e-16,0.0
equilibrium_sigma_1.35,235.0,98.22103112977265,4.752667914325879,2.906014890218208,2.82,3.188983811281122,1.5471522286172228,3.5439452298101424,0.0986009623421582,3.5665231538384963,-0.35516924251462,2.7773147797687736,-1.3960457346434323,-0.6614925326919951,0.7239452298101425,0.36898381128112234,1.932667914325879,0.02037573262407502,0.026420727830860493,0.02053087688251528,0.00853087688251528,0.008821800575967185,0.022014034910533553,0.010014034910533553,0.00787406624125353,0.29857841479550085,0.08848840546278704,0.09853087688251529,0.048530876882515284,0.0417870313441694,0.23474940306303815,0.24241631390219556,0.05594216072526193,0.007154663018312385,0.23570268022313676,0.7012004960332889,1.0,0.5127178999477644,0.5350771871382608,0.7411881328014578,261.4415265728643,-3.1530333899354446e-14,-2.220446049250313e-16,-3.4083846855992306e-13,0.0,0.0
equilibrium_sigma_1.35,236.0,97.22103112977265,4.773123965586896,2.932530131872339,2.832,3.2095960920116644,1.5560009351487964,3.5660593437038317,0.10655424252420387,3.627798385416214,-0.3225566037741965,2.7884061352165914,-1.347526535538937,-0.6250122516017694,0.7340593437038319,0.37759609201166455,1.941123965586896,0.02053705796409465,0.026609934915146263,0.020694382761674034,0.008694382761674033,0.00887592830481572,0.022215085939691903,0.010215085939691903,0.008033175415977922,0.299073887156588,0.08897445098981152,0.09869438276167404,0.04869438276167404,0.042657310890706346,0.23709472184280128,0.24387992963446736,0.0566540903540363,0.007346098821568234,0.23585161056593054,0.7001482002584649,1.0,0.5111465363653231,0.5339222226065059,0.7523204627255963,262.3977211917715,-2.6201263381153694e-14,-2.220446049250313e-16,-3.5060843117662444e-13,-1.1102230246251565e-16,0.0
equilibrium_sigma_1.35,237.0,96.22103112977265,4.793743428850396,2.959235118792757,2.844,3.2303739967993463,1.5649047282365818,3.5883772186053333,0.11466869706834437,3.689580309730104,-0.289921918597023,2.799476710596654,-1.298662941273502,-0.588407502534981,0.7443772186053335,0.3863739967993465,1.9497434288503963,0.020702579448062905,0.02680021823994022,0.020862148877595486,0.008862148877595486,0.008931985232585232,0.022421588039556184,0.010421588039556184,0.00819643650062929,0.2995822693260469,0.08945862617380908,0.0988621488775955,0.04886214887759549,0.04354667539302825,0.2394810458682543,0.24537936342391242,0.05738157457246592,0.007543717661820524,0.23600388503337816,0.6990708227323355,1.0,0.5095476992682695,0.5327470626730836,0.7636821718353082,263.3529250467979,-2.042810365310288e-14,-2.220446049250313e-16,-3.603783937933258e-13,2.220446049250313e-16,0.0
equilibrium_sigma_1.35,238.0,95.22103112977265,4.814530570196695,2.9861309268861236,2.856,3.251321859119292,1.5738655725202613,3.6109044004691384,0.12294854348599982,3.7518765599014468,-0.2572683419205801,2.810526137588009,-1.249449671761767,-0.5516778067649751,0.7549044004691385,0.3953218591192922,1.9585305701966949,0.020872437878213204,0.026991577179710787,0.02103432277362633,0.00903432277362633,0.00899004277941277,0.02263373231503607,0.01063373231503607,0.00836398150072526,0.3001040084049283,0.08994074195533981,0.09903432277362634,0.049034322773626335,0.044455422123943385,0.24190923123510302,0.24691575905179014,0.05812503764297127,0.007747740145785451,0.2361595843217979,0.6979676378894455,1.0,0.507920815072481,0.531551145632018,0.775277638318939,264.307109761248,-1.7763568394002505e-14,-2.220446049250313e-16,-3.6970426720017713e-13,0.0,0.0
equilibrium_sigma_1.35,239.0,94.22103112977265,4.835489799376358,3.0132186315724314,2.868,3.272444163218753,1.582885505706957,3.6336466304670996,0.13139813378521836,3.8146949657469795,-0.22459915556978682,2.8215540526305123,-1.1998813048125556,-0.51482265160117,0.7656466304670997,0.404444163218753,1.967489799376358,0.02104677989733901,0.027184011397784914,0.02121105856538035,0.009211058565380351,0.009050175714867843,0.02285171819327303,0.01085171819327303,0.00853594746885733,0.3006395714102435,0.09042060321690137,0.09921105856538036,0.049211058565380356,0.04538384131004225,0.24438015322490697,0.2484903043007705,0.05888491717218606,0.007958394978852312,0.23631879051740254,0.696837897331559,0.9999999999999999,0.5062652973393122,0.5303338862753717,0.7871112648486157,265.26024595453487,-1.3766765505351941e-14,-2.220446049250313e-16,-3.794742298168785e-13,-2.220446049250313e-16,0.0
equilibrium_sigma_1.35,240.0,93.22103112977265,4.856625675784471,3.040499308108783,2.88,3.2937455508603346,1.591966641995165,3.6566098535111324,0.14002195960384034,3.878043562247504,-0.19191777175595082,2.832560098078438,-1.1499522693614908,-0.47784148537508864,0.7766098535111325,0.4137455508603347,1.9766256757844713,0.02122575828083828,0.027377520918021533,0.021392517303008847,0.009392517303008847,0.009112462318391447,0.02307575383442284,0.01107575383442284,0.008712476691208337,0.3011894463727541,0.09089800870425895,0.09939251730300885,0.04939251730300885,0.04633221498821059,0.24689470671027755,0.25010423287980665,0.059661664568430584,0.008175919243170227,0.2364815870496631,0.6956808291387361,1.0,0.504580546504114,0.529094674722473,0.7991874734112138,266.2123031997881,-1.1102230246251565e-14,-2.220446049250313e-16,-3.8702374638432957e-13,0.0,0.0
equilibrium_sigma_1.35,241.0,92.22103112977265,4.8779429147340245,3.067974031988261,2.892,3.3152308284387315,1.6011111756627687,3.6798002272228274,0.14882465758593,3.941930598529074,-0.15922773667881662,2.8435439234471063,-1.0996568383201915,-0.4407337120027993,0.7878002272228275,0.4232308284387316,1.9859429147340246,0.021409532245738758,0.027572106203761708,0.021578867357161878,0.009578867357161878,0.009176984547924802,0.023306056620153726,0.011306056620153725,0.008893716969549104,0.30175414350655116,0.09137275095333731,0.09957886735716188,0.04957886735716188,0.04730081578093179,0.24945380656732657,0.2517588264406206,0.06045574551594311,0.008400558682332844,0.23664805863449043,0.6944956371672335,0.9999999999999999,0.5028659495998911,0.5278328751924908,0.8115106996529957,267.1632499794573,-9.325873406851315e-15,2.220446049250313e-16,-3.936850845320805e-13,-1.1102230246251565e-16,0.0
equilibrium_sigma_1.35,242.0,91.22103112977265,4.899446394129521,3.0956438794230285,2.904,3.3369049745899,1.6103213848724505,3.7032241314127594,0.15781101504958794,4.0063645474422,-0.12653273421642863,2.8545051867569846,-1.0489891209304993,-0.40349868505410424,0.7992241314127595,0.43290497458990007,1.9954463941295213,0.02159826776165935,0.027767768245110604,0.021770284825633167,0.009770284825633167,0.009243828212127735,0.023542853615499126,0.011542853615499126,0.009079821881030625,0.30233419644131265,0.0918446162291824,0.09977028482563317,0.04977028482563317,0.048289905587359946,0.2520583880980729,0.25345541669656907,0.06126764046733433,0.008632567992918432,0.2368182911639557,0.6932815003757916,1.0,0.5011208799742911,0.52654782471711,0.8240853866764001,268.1130536400683,-7.993605777301127e-15,-2.220446049250313e-16,-3.999023334699814e-13,0.0,0.0
equilibrium_sigma_1.35,243.0,90.22103112977265,4.921141161491846,3.1235099279189473,2.916,3.358773148229074,1.6195996356641575,3.726888178070987,0.16698597593576014,4.071354115738691,-0.09383658973297937,2.8654435559820493,-0.9979430546747169,-0.36613570133084405,0.8108881780709871,0.4427731482290742,2.005141161491846,0.02179213788101482,0.02796450865476835,0.02196695396656239,0.00996695396656239,0.009313083150919752,0.023786382088442082,0.011786382088442082,0.00927095103797626,0.30293016353503754,0.09231338447263578,0.0999669539665624,0.049966953966562394,0.04929973418500192,0.25470940746123044,0.2551953876437218,0.06209784515443671,0.008872211122295139,0.2369923715857077,0.6920375721375603,1.0,0.4993446970009756,0.5252388317919602,0.8369159782762581,269.0616803449677,-6.217248937900877e-15,-2.220446049250313e-16,-4.0545344859310717e-13,0.0,0.0
equilibrium_sigma_1.35,244.0,89.22103112977265,4.943032441119841,3.151573256949231,2.928,3.380840696818411,1.6289483860274705,3.750799221800785,0.1763546469629067,4.136908254752749,-0.06114327405367659,2.8763587106106345,-0.9465123969411288,-0.328643994006773,0.8227992218007851,0.4528406968184111,2.015032441119841,0.02199132312738969,0.02816232977198952,0.022169067673846583,0.010169067673846583,0.009384843439580102,0.024036890071688077,0.012036890071688077,0.009467270412066853,0.3035426293146866,0.0927788292391487,0.10016906767384659,0.05016906767384659,0.05033053773564848,0.25740784210492,0.25698017787142546,0.06294687111619164,0.009119761571241064,0.2371703878625738,0.6907629794499937,1.0000000000000002,0.4975367457897036,0.5239051749683498,0.8500069116795409,270.00909502142525,-4.884981308350689e-15,-2.220446049250313e-16,-4.092282068768327e-13,0.0,0.0
equilibrium_sigma_1.35,245.0,88.22103112977265,4.9651256417339065,3.179834948737495,2.94,3.403113165230465,1.6383701902295715,3.774964370864928,0.1859223041331708,4.203036171813753,-0.02845690754981467,2.88725034332181,-0.8946907160967429,-0.291022725161186,0.8349643708649279,0.4631131652304652,2.0251256417339065,0.022196011886901165,0.028361234776999453,0.022376827978353796,0.010376827978353795,0.009459207597000464,0.02429463695552414,0.01229463695552414,0.0096689526607463,0.3041722059950115,0.09324071765276472,0.1003768279783538,0.0503768279783538,0.05138253719422754,0.2601546912106386,0.25881128299124573,0.0638152462471688,0.0093755027025148,0.23735242886749883,0.6894568221828176,1.0,0.4956963568888721,0.5225461013786595,0.8633626096269267,270.95526130690723,-3.9968028886505635e-15,-2.220446049250313e-16,-4.1167069753100805e-13,0.0,0.0
equilibrium_sigma_1.35,246.0,87.22103112977265,4.9874263645351915,3.208296089160256,2.952,3.4255963051431557,1.647867703363415,3.799390998843525,0.19569439957545498,4.269747342388401,0.004218235636888945,2.898118161784698,-0.8424713820254754,-0.2532709777010968,0.8473909988435251,0.47359630514315576,2.0354263645351915,0.022406400820753694,0.028561227816229037,0.022590446582629937,0.010590446582629937,0.00953627880438946,0.024559894085118827,0.012559894085118827,0.009876177433643107,0.3048195350988786,0.09369881036976266,0.10059044658262994,0.05059044658262994,0.052455936615235,0.2629509761464551,0.26069025818309965,0.06470351536683301,0.00963972805452606,0.2375385842553241,0.6881181723233168,1.0,0.4938228459818751,0.5211608251946281,0.8769874717923117,271.9001414930246,-2.6645352591003757e-15,-2.220446049250313e-16,-4.1366909897533333e-13,0.0,0.0
equilibrium_sigma_1.35,247.0,86.22103112977265,5.00994041168794,3.2369577687801967,2.964,3.4482960849863242,1.6574436861198845,3.8240867569352064,0.20567656874080598,4.337051522994524,0.03687772321814364,2.9089618905875634,-0.7898475561135184,-0.21538774663204588,0.8600867569352064,0.48429608498632426,2.04594041168794,0.022622695303213036,0.028762314139173177,0.022810145432839095,0.010810145432839095,0.009616165136333392,0.024832945486608082,0.012832945486608082,0.010089131807777818,0.3054852891904215,0.0941528615515245,0.1008101454328391,0.0508101454328391,0.053550921352090344,0.26579774092942904,0.2626187208628368,0.06561224081032727,0.00991274165951006,0.23772894431569283,0.6867460732144699,1.0,0.4919155135772825,0.5197485260168772,0.8908858655093823,272.8436964667642,-1.7763568394002505e-15,-2.220446049250313e-16,-4.1366909897533333e-13,2.220446049250313e-16,0.0
equilibrium_sigma_1.35,248.0,85.22103112977265,5.032673795250959,3.2658210840221833,2.976,3.4712187004783153,1.6671010097966037,3.849059586943227,0.21587463797377016,4.404958764941885,0.06951696021987175,2.919781273303623,-0.7368121806458594,-0.17737192962842704,0.8730595869432269,0.4952187004783153,2.0566737952509593,0.022845109886811835,0.028964500247822537,0.02303615733096321,0.01103615733096321,0.009698979805153031,0.025114088493261022,0.013114088493261022,0.010308010587323224,0.30617017373019156,0.09460261884734443,0.10103615733096322,0.051036157330963214,0.054667656144798404,0.26869605269775776,0.26459835347692523,0.06654200304173341,0.010194858365586652,0.23792359980500788,0.6853395387876721,1.0,0.48997364469250226,0.518308347193876,0.9050621157658827,273.785885648862,-4.440892098500626e-16,0.0,-4.121147867408581e-13,-2.220446049250313e-16,0.0
equilibrium_sigma_1.35,249.0,84.22103112977265,5.055632746585969,3.294887138505077,2.988,3.49437058579415,1.6768426615570737,3.8743177349912443,0.2262946324853683,4.473479428959704,0.10213118426753587,2.930576074700755,-0.6833579675749906,-0.13922231685010034,0.8863177349912443,0.5063705857941501,2.067632746585969,0.02307386879675974,0.029167794059700856,0.02326872659057943,0.011268726590579429,0.009784841419595128,0.025403634578147205,0.013403634578147205,0.010533016800984285,0.3068749290623619,0.09504782338792327,0.10126872659057944,0.05126872659057943,0.055806283091234477,0.27164700219322635,0.26663090643011356,0.06749340129083642,0.01048640416198528,0.23812264175516912,0.6838975527920091,0.9999999999999999,0.4879965085305383,0.5168393940686344,0.9195204944250136,274.72666692916636,-8.881784197001252e-16,0.0,-4.0811798385220754e-13,2.220446049250313e-16,0.0
equilibrium_sigma_1.35,250.0,83.22103112977265,5.078823726272611,3.324157044543383,3.0,3.51775842541027,1.6866717499548416,3.8998697660168937,0.2369427847555272,4.5426242007752435,0.13471546068231488,2.941346083102503,-0.6294773866198851,-0.10093757994782,0.8998697660168937,0.5177584254102698,2.078823726272611,0.02330920645668909,0.02937220508562891,0.02350810973984358,0.011508109739843581,0.009873874258996405,0.025701910097986058,0.013701910097986058,0.010764362095017077,0.30760033254498054,0.09548820979032524,0.10150810973984359,0.051508109739843586,0.056966919497315305,0.27465170425461694,0.2687182011520979,0.06846705421448125,0.010787716506605196,0.2383261612565684,0.6824190680223451,0.9999999999999999,0.4859833581494066,0.5153407321515728,0.9342652086320749,275.6659965988316,-8.881784197001252e-16,-2.220446049250313e-16,-4.0389913635863195e-13,-1.1102230246251565e-16,0.0
equilibrium_sigma_1.35,251.0,82.22103112977265,5.102253434562788,3.3536319248341013,3.012,3.5413891666758426,1.696591510739116,3.9257245790954287,0.2478255433955514,4.612404107713671,0.16726467737340567,2.952091112907967,-0.5751626526487319,-0.06251626019452222,0.9137245790954287,0.5293891666758426,2.0902534345627877,0.023551368047843954,0.02957774462344264,0.02375457627562704,0.011754576275627041,0.009966208564138077,0.02600925717910485,0.01400925717910485,0.011002267226167817,0.3083472008352335,0.09592350617525995,0.10175457627562705,0.051754576275627046,0.05814965560129892,0.27771129832285685,0.27086213330949427,0.06946360058369942,0.011099144654965868,0.23853424921196678,0.680903005549368,1.0,0.48393343012368584,0.5138113852181475,0.9493003883632793,276.6038292791819,-8.881784197001252e-16,0.0,-3.965716643961059e-13,-1.1102230246251565e-16,0.0
equilibrium_sigma_1.35,252.0,81.22103112977265,5.125928822531822,3.3833129143549576,3.024,3.565270033310129,1.7066053130270575,3.951891423705351,0.25894958255537714,4.682830536481967,0.19977353954811283,2.9628110072759717,-0.5204057121543579,-0.023956755608294446,0.927891423705351,0.5412700333101288,2.1019288225318222,0.023800610079450488,0.029784425969788152,0.02400840946632126,0.01200840946632126,0.010061980838798036,0.0263260346389238,0.0143260346389238,0.011246962576816344,0.30911639232218563,0.09635343420657051,0.10200840946632127,0.052008409466321265,0.05935455216968363,0.2808269489634748,0.27306467617977576,0.07048369999939975,0.011421049990442666,0.2387469959940838,0.6793482540160738,1.0,0.4818459441944718,0.5122503333279216,0.9646300730288475,277.54011784878196,-4.440892098500626e-16,-2.220446049250313e-16,-3.8902214782865485e-13,2.220446049250313e-16,0.0
equilibrium_sigma_1.35,253.0,80.22103112977265,5.1498571038878875,3.4132011624856715,3.036,3.589408539769836,1.7167166658132589,3.9783799169639487,0.2703218118803723,4.7539152521658234,0.23223656418422234,2.973505640983524,-0.46519822886823997,0.014742692953833821,0.9423799169639486,0.5534085397698361,2.1138571038878875,0.02405720099347046,0.02999226465084083,0.024269907212380017,0.012269907212380016,0.010161334168001052,0.02665261892742521,0.014652618927425209,0.01149868869010362,0.3099088097344849,0.0967777091478515,0.10226990721238002,0.05226990721238002,0.060581637957968205,0.2839998464046914,0.2753278841878886,0.07152803363714597,0.01175380635396901,0.2389644910608354,0.6777536689480497,1.0,0.47972010290885675,0.5106565107648949,0.9802581971011525,278.4748133673995,-4.440892098500626e-16,-2.220446049250313e-16,-3.7991831902672857e-13,-1.1102230246251565e-16,0.0
equilibrium_sigma_1.35,254.0,79.22103112977265,5.1740457670822275,3.4432978353521406,3.048,3.6138125061437716,1.7269292246338988,4.005200061719577,0.2819493868924896,4.825670418264089,0.2646480741594699,2.9841749234723034,-0.4095315688687351,0.053584016635670466,0.9572000617195773,0.5658125061437715,2.1260457670822275,0.024321421872838103,0.030201278671367543,0.024539382992253965,0.012539382992253965,0.010264418578920478,0.026989405195188,0.014989405195187998,0.011757696840586362,0.3107254030068302,0.09719603990892137,0.10253938299225397,0.05253938299225397,0.06183090702623576,0.2872312070780581,0.27765389657941125,0.07259730501777821,0.012097800369029812,0.23918682268538052,0.6761180719278116,1.0,0.47755509125770107,0.5090288039056684,0.9961885748935446,279.40786499108793,-8.881784197001252e-16,0.0,-3.6859404417555197e-13,0.0,0.0
equilibrium_sigma_1.35,255.0,78.22103112977265,5.1985025882720866,3.47360411843792,3.06,3.63849007419353,1.7372467986758888,4.032362265796982,0.29383972004737124,4.898108618188386,0.2970021921407944,2.994818802083884,-0.3533967845776216,0.09256933467947091,0.9723622657969817,0.5784900741935299,2.1385025882720865,0.02459356716456207,0.030411488786773102,0.024817166870749092,0.012817166870749092,0.01037139141523042,0.0273368084302561,0.015336808430256098,0.012024249718134428,0.3115671723356033,0.09760812911963487,0.1028171668707491,0.0528171668707491,0.06310231591192926,0.2905222741804679,0.2800449412780966,0.07369224081113754,0.012453431763810478,0.23941407756595715,0.6744402498590949,1.0,0.4753500762990865,0.5073660490064809,1.0124248842402015,280.3392198854474,4.440892098500626e-16,0.0,-3.554934124849751e-13,0.0,0.0
equilibrium_sigma_1.35,256.0,77.22103112977265,5.223235645052153,3.5041212194798645,3.072,3.663449724464627,1.7476733582841861,4.059877362415278,0.3060004924608273,4.971242878247146,0.3292928341718242,3.0054372654942907,-0.29678459771965227,0.13170097181100301,0.9878773624152783,0.5914497244646268,2.151235645052153,0.024873945446722945,0.030622918799251563,0.02510360658363623,0.01310360658363623,0.010482417734920105,0.027695264641636186,0.015695264641636186,0.01229862208074195,0.3124351714655643,0.09801367322253196,0.10310360658363624,0.053103606583636234,0.06439578065303848,0.29387431825457155,0.2825033389242801,0.07481359167315799,0.012821113687857889,0.23964634037680785,0.6727189542621762,0.9999999999999999,0.473104206769437,0.5056670299110634,1.0289706490785313,281.26882313494303,8.881784197001252e-16,0.0,-3.419486915845482e-13,0.0,0.0
equilibrium_sigma_1.35,257.0,76.22103112977265,5.248253330975373,3.5348503716721886,3.084,3.6887002945212943,1.7582130428791007,4.087756631849162,0.3184396663440454,5.045086692208928,0.36151370292596274,3.016030347356753,-0.23968538119904576,0.17098147700344596,1.003756631849162,0.6047002945212943,2.1642533309753733,0.025162880247765987,0.030835595879984842,0.025399068707276505,0.013399068707276505,0.01059767073567397,0.028065232191565315,0.016065232191565314,0.01258110152502212,0.3133305112341712,0.09841236258328988,0.10339906870727651,0.05339906870727651,0.06571117365668112,0.29728863778829007,0.28503150709867836,0.07596213311782947,0.013201273021090941,0.2398836932659652,0.6709529005951145,1.0,0.4708166126818456,0.5039304756801585,1.0458292209010729,282.19661764761435,-4.440892098500626e-16,0.0,-3.26183524634871e-13,0.0,0.0
equilibrium_sigma_1.35,258.0,75.22103112977265,5.2735643709168585,3.565792837205991,3.096,3.714250998393248,1.7688701693121756,4.116011824423686,0.3311654982033603,5.119654047567446,0.39365828059452923,3.026598130161327,-0.18208913981181446,0.21041364373205168,1.020011824423686,0.6182509983932478,2.1775643709168584,0.02546071092238124,0.031049550919678228,0.02570393992113882,0.01370393992113882,0.010717332210393164,0.028447193094471857,0.016447193094471856,0.012871989207852153,0.3142543633973904,0.09880388161998094,0.10370393992113883,0.053703939921138824,0.0670483204084111,0.30076655983525213,0.28763196473833996,0.07713866642599339,0.013594350672929786,0.2401262152944473,0.6691407676066295,1.0,0.468486404910381,0.50215505814349,1.0630037590313577,283.122544054911,-4.440892098500626e-16,0.0,-3.086420008457935e-13,0.0,0.0
equilibrium_sigma_1.35,259.0,74.22103112977265,5.299177837338914,3.5969499111736445,3.108,3.7401114473308636,1.7796492406918796,4.1446551849408175,0.34418655286574706,5.194959453641287,0.42571982137611064,3.0371407493200855,-0.12398548970542461,0.2500005318417358,1.0366551849408174,0.6321114473308636,2.191177837338914,0.025767793588707635,0.03126481890995382,0.026018628371938017,0.014018628371938017,0.01084159303573087,0.028841654593492194,0.016841654593492194,0.013171600810046868,0.31520796476344853,0.0991879089521639,0.10401862837193802,0.05401862837193802,0.06840699601766972,0.3043094406582146,0.29030733675138864,0.07834401959309013,0.014000801869052098,0.2403739818109243,0.6672811967269334,0.9999999999999999,0.4661126747589962,0.5003393893754887,1.080497209679135,284.04654060636994,4.440892098500626e-16,-2.220446049250313e-16,-2.913225216616411e-13,0.0,0.0
equilibrium_sigma_1.35,260.0,73.22103112977265,5.3251031675200835,3.628322925870047,3.12,3.766291671974289,1.790554955713336,4.173699478644689,0.3575117183971481,5.271017971653187,0.45769134352958174,3.047658397486607,-0.06536363648911314,0.28974549116098725,1.0536994786446892,0.6462916719742888,2.2051031675200834,0.026084502132083118,0.03148143935837785,0.02634356514907559,0.014343565149075591,0.010970653696842504,0.029249150710342064,0.017249150710342064,0.013480267389009981,0.3161926216638654,0.09956411757085462,0.1043435651490756,0.054343565149075596,0.06978692159489026,0.30791866639778265,0.29306035883699316,0.07957904831816377,0.014421096422998965,0.2406270637553529,0.6653727915034844,1.0,0.4636944935134856,0.49848201909664597,1.0983122837317154,284.9685430588312,-1.3322676295501878e-15,-2.220446049250313e-16,-2.722266856380884e-13,-2.220446049250313e-16,0.0
equilibrium_sigma_1.35,261.0,72.22103112977265,5.351350181817201,3.659913255525922,3.132,3.7928021460536447,1.8015922185302158,4.203158018842606,0.37115022198781,5.3478452469478555,0.4895656209498238,3.05815132911841,-0.006212351887506684,0.32965218700889587,1.0711580188426058,0.6608021460536446,2.2193501818172012,0.026411229280853002,0.03169945674019621,0.026679205882106947,0.014679205882106947,0.011104724851890787,0.029670243990587153,0.017670243990587153,0.013798336433445968,0.31720971479426346,0.0999321750305028,0.10467920588210695,0.05467920588210695,0.07118776045593107,0.3115956537690991,0.29589388251678184,0.0808446370366521,0.014855718989557046,0.24088552688372725,0.6634141170900636,1.0,0.4612309119747035,0.49658143200299604,1.1164514332403077,285.88848455987363,0.0,-2.220446049250313e-16,-2.5202062658991053e-13,-1.1102230246251565e-16,0.0
equilibrium_sigma_1.35,262.0,71.22103112977265,5.377929103222938,3.6917223215417727,3.144,3.8196538119878625,1.812766149315386,4.233044696403539,0.3851116469715583,5.425457543684937,0.521335174286802,3.068619865285723,0.05348005141700829,0.3697246278732055,1.0890446964035387,0.6756538119878623,2.2339291032229376,0.02674838772090192,0.03191892099152281,0.02702603246233603,0.015026032462336029,0.011244027929606739,0.0301055272977635,0.0181055272977635,0.014126172906969714,0.3182607044313213,0.10029174367773926,0.10502603246233604,0.05502603246233603,0.07260911415445698,0.3153418507989187,0.2988108804014093,0.08214170000291349,0.01530516929869727,0.24114943080402737,0.661403699894362,1.0,0.4587209599647244,0.49463604502268593,1.134916826503122,286.80629552745364,9.969802761133906e-13,-2.220446049250313e-16,-2.318145675417327e-13,-2.220446049250313e-16,0.0
equilibrium_sigma_1.35,263.0,70.22103112977265,5.404850578223584,3.723751598247652,3.156,3.8468581083804576,1.8240820955011425,4.263374011227555,0.39940595102856014,5.503871782078403,0.5529922615122715,3.0790643987378625,0.1137257467565208,0.4099671953696432,1.1073740112275545,0.6908581083804575,2.248850578223584,0.027096411279642824,0.03213988804704571,0.027384554904809018,0.015384554904809018,0.011388795768457072,0.030555625873951442,0.01855562587395144,0.014464160449367824,0.31934713607517884,0.10064248091293208,0.10538455490480902,0.05538455490480902,0.0740505183355676,0.3191587376000363,0.30181445168977167,0.0834711824212477,0.015769962365510096,0.24141882788481697,0.6593400273284253,1.0000000000000002,0.45616364580797564,0.4926442045067109,1.1537103217087146,287.721903524572,3.271605208965411e-11,-2.220446049250313e-16,-2.1227464230832993e-13,0.0,0.0
equilibrium_sigma_1.35,264.0,69.22103112977265,5.4321256983614985,3.756002619154862,3.168,3.874426998817194,1.8355456433936252,4.294161105604108,0.41404348542254255,5.583105578295639,0.5845288676006155,3.0894853992578186,0.1745374216328715,0.45038467624951234,1.1261611056041074,0.7064269988171938,2.2641256983614984,0.027455756326862008,0.03236242042115161,0.027755313412872913,0.015755313412872913,0.011539273343400117,0.031021199431435775,0.019021199431435775,0.014812702675559564,0.3204706467056755,0.1009840394239716,0.10575531341287292,0.05575531341287292,0.07551143838612744,0.3230478271803526,0.30490782785326703,0.08483406164728238,0.016250628663481495,0.24169376235570933,0.6572215473335269,1.0,0.45355795578916375,0.4906041833523511,1.1728334393933977,288.63523311746457,-4.007461029686965e-11,0.0,-1.9095836023552692e-13,2.220446049250313e-16,0.0
equilibrium_sigma_1.35,265.0,68.22103112977265,5.459766023404921,3.7884769838444137,3.18,3.9023730030736923,1.8471626306571034,4.325421799646085,0.4290350155329583,5.663177286223053,0.615936693889954,3.09988341926367,0.23592830814308013,0.49098229738116533,1.1454217996460847,0.7223730030736921,2.2797660234049206,0.027826903173653703,0.03258658784626356,0.028138880579371132,0.016138880579371132,0.011695718535511608,0.031502944550787504,0.019502944550787504,0.015172224590020988,0.3216329714526398,0.10131606750106435,0.10613888057937114,0.056138880579371137,0.07699126492391944,0.327010666235218,0.3080943785392697,0.08623134836753409,0.01674771427020618,0.2419742690625039,0.6550466682997558,1.0,0.4509028536224039,0.4885141781298933,1.1922873333900073,289.54620573643973,-2.5212720800027455e-11,0.0,-1.716404796070492e-13,0.0,0.0
equilibrium_sigma_1.35,266.0,67.22103112977265,5.487783606056986,3.821176365522908,3.192,3.9307092306907196,1.8589391596227678,4.357172629632837,0.4443917431291471,5.744106044485569,0.6472071462186011,3.1102590997311546,0.2979122156641475,0.5317657633042002,1.1651726296328366,0.7387092306907195,2.295783606056986,0.02821035766394489,0.03281246796468765,0.028535863829663867,0.016535863829663867,0.011858402966978317,0.032001597203290544,0.020001597203290544,0.015543174112231384,0.32283595099898144,0.1016382093231964,0.10653586382966387,0.05653586382966387,0.07848930906043874,0.3310488361015126,0.3113776177658133,0.08766408797226216,0.017261780967599904,0.2422603722476734,0.6528137588124646,1.0,0.44819727981198654,0.4863723060608335,1.212072760291109,290.454739518536,-1.5236700789955648e-11,0.0,-1.503241975342462e-13,2.220446049250313e-16,0.0
equilibrium_sigma_1.35,267.0,66.22103112977265,5.516191018268809,3.854102519302206,3.204,3.959449417071824,1.870881611462964,4.389430888585136,0.4601253300261914,5.825911825119112,0.6783313226298215,3.1206131763746456,0.3605035658694944,0.5727412971855321,1.185430888585136,0.7554494170718238,2.3121910182688086,0.028606652807386806,0.03304014708806877,0.028946908039816165,0.016946908039816164,0.012027612904446271,0.03251793547764947,0.020517935477649473,0.015926023773094045,0.32408153951459445,0.10195010532706035,0.10694690803981617,0.05694690803981617,0.08000479749889035,0.33516395366403884,0.31476121030440934,0.08913336187509463,0.017793406303199668,0.24255208403762502,0.6505211477840807,1.0,0.44544015104509393,0.48417660204544016,1.2321900474351444,291.36074915196895,-8.783196392414538e-12,0.0,-1.3145040611561853e-13,-1.1102230246251565e-16,0.0
equilibrium_sigma_1.35,268.0,65.22103112977265,5.545001379262432,3.887257291270449,3.216,3.988607962320937,1.8829966613065254,4.422214669883736,0.4762479235926258,5.908615486868936,0.7092999999559555,3.130946486141806,0.4237174303285347,0.6139156850535226,1.2062146698837362,0.772607962320937,2.329001379262432,0.029016350585980594,0.033269721024975274,0.029372698417642014,0.017372698417642014,0.01220365024516383,0.03305278259535527,0.021052782595355268,0.016321272537922482,0.325371813386794,0.10225139257967945,0.10737269841764202,0.05737269841764202,0.08153686741951599,0.33935767236815517,0.3182489783183488,0.09064028895870824,0.0183431835977433,0.24284940285238507,0.6481671245911633,1.0,0.442630359513336,0.48192501561792284,1.2526390594394186,292.2641457067878,-4.782840790085174e-12,0.0,-1.127986593019159e-13,0.0,0.0
equilibrium_sigma_1.35,269.0,64.22103112977265,5.574228385420611,3.9206426284266316,3.228,4.018199973082164,1.8952912943799956,4.455542913955885,0.4927721841537349,5.992238832418688,0.7401036194113915,3.1412599740100937,0.48756957090622277,0.6552963237764206,1.2275429139558844,0.790199973082164,2.3462283854206105,0.02944004390134064,0.03350129598604342,0.029813963647651216,0.017813963647651216,0.012386833591989093,0.033607010117009395,0.021607010117009395,0.016729447818164545,0.32670898075045823,0.10254170518695309,0.10781396364765122,0.05781396364765122,0.0830845611661585,0.3436316832883448,0.3218449082283178,0.09218602708452622,0.0189117218955774,0.2431523116348531,0.6457499393850433,1.0,0.43976677219680893,0.4796154078898668,1.2734191632673013,293.16483645709474,-2.432276602348793e-12,-2.220446049250313e-16,-9.592326932761353e-14,-2.220446049250313e-16,0.0
equilibrium_sigma_1.35,270.0,63.221031129772655,5.6038863421921485,3.954260589559611,3.24,4.0482413076595645,1.907772823268109,4.489435458339516,0.5097113144928809,6.076804670089299,0.7707322710491944,3.1515547000937927,0.5520764832223489,0.696891273106156,1.2494354583395157,0.8082413076595643,2.3638863421921483,0.02987835868621759,0.03373498957439317,0.03027147933398256,0.01827147933398256,0.012577499428220989,0.0341815414905966,0.0221815414905966,0.017151107651880437,0.3280953919211593,0.1028206747338275,0.10827147933398257,0.058271479333982565,0.08464682072863239,0.3479877162696399,0.3255531578042748,0.09377177468350603,0.019499645849973737,0.24346077589962684,0.6432678035668934,1.0,0.43684823009934126,0.47724554848553385,1.2945291918557504,294.06272469317724,-1.13464793116691e-12,-2.220446049250313e-16,-8.038014698286133e-14,2.220446049250313e-16,0.0
equilibrium_sigma_1.35,271.0,62.221031129772655,5.633990198183947,3.9881133571610814,3.2520000000000002,4.078748624730892,1.9204489063986667,4.523913091429529,0.5270790916556449,6.162336880418369,0.8011756769601521,3.1618318470665465,0.6172554434588655,0.7387093121712565,1.271913091429529,0.8267486247308917,2.381990198183947,0.030331956197698642,0.03397093187039577,0.03074607177488154,0.01874607177488154,0.01277600340390261,0.03477735591506104,0.022777355915061036,0.017586843170658284,0.32953355083297436,0.10308793075705393,0.10874607177488155,0.058746071774881545,0.08622248201838524,0.3524275411504231,0.32937806347563825,0.09539877243462742,0.020107595535290332,0.24377474158440177,0.6407188904456805,1.0,0.4338735474292165,0.47481311248231645,1.3159674063376747,294.95770952287796,-4.75175454539567e-13,0.0,-6.461498003318411e-14,2.220446049250313e-16,0.0
equilibrium_sigma_1.35,272.0,61.221031129772655,5.664555581931584,4.022203250550492,3.2640000000000002,4.1097394364291535,1.933327568040995,4.558997610418273,0.5448899014388013,6.248860488405897,0.8314231731954318,3.172092727892286,0.683124559260485,0.7807600010639627,1.2949976104182728,0.8457394364291533,2.4005555819315836,0.03080153544436376,0.034209266623453305,0.031238622092658742,0.019238622092658742,0.012982721731206341,0.03539549251030394,0.02339549251030394,0.018037281201976896,0.33102612755351135,0.10334310127203865,0.10923862209265875,0.059238622092658746,0.08781026894537725,0.35695296909647867,0.33332414788243603,0.09706830504593476,0.020736226182356952,0.24409413251315626,0.638101336258552,1.0,0.43084151070535925,0.4723156773615993,1.3377314568408434,295.84968566453324,-1.7053025658242404e-13,0.0,-5.10702591327572e-14,0.0,0.0
equilibrium_sigma_1.35,273.0,60.221031129772655,5.69559884151137,4.056532740291039,3.2760000000000002,4.141232166019428,1.9464172198959064,4.5947118837832495,0.5631587757938683,6.336401741857159,0.8614636901742467,3.182338793874655,0.7497028249494535,0.8230537478996263,1.3187118837832492,0.8652321660194278,2.41959884151137,0.03128783580120306,0.0344501525613537,0.03175007076431221,0.01975007076431221,0.013198052705803796,0.0360370548868616,0.024037054886861597,0.018503087166887866,0.3325759720130673,0.10358581334913788,0.10975007076431222,0.05975007076431221,0.08940878728756708,0.3615658540528611,0.337396127647484,0.0987817031451193,0.021386207826177367,0.2444188475468371,0.6354132414818662,0.9999999999999999,0.427750877784583,0.46975071998599227,1.359818341874869,296.73854323002246,-5.062616992290714e-14,-2.220446049250313e-16,-4.1522341120980855e-14,-1.1102230246251565e-16,0.0
equilibrium_sigma_1.35,274.0,59.221031129772655,5.7271370859688995,4.091104463774414,3.2880000000000003,4.173246209115164,1.9597266837750167,4.631079918045534,0.5819014328197674,6.424988195160958,0.8912857310845679,3.192571643058768,0.8170101799115935,0.865601881144305,1.3430799180455342,0.8852462091151638,2.439137085968899,0.031791640066535565,0.03469376482189378,0.03228142266325539,0.020281422663255392,0.013422418440497786,0.036703216261813054,0.024703216261813054,0.01898496838403929,0.3341861292825921,0.10381569365662176,0.1102814226632554,0.060281422663255396,0.09101651832205848,0.36626809425046064,0.341598921212728,0.10054034526085631,0.022058224837551103,0.24474875795150522,0.6326526719500873,1.0,0.4246003768521914,0.46711561366153626,1.382224366887789,297.6241674836927,-1.0658141036401503e-14,-2.220446049250313e-16,-3.1308289294429414e-14,-2.220446049250313e-16,0.0
equilibrium_sigma_1.35,275.0,58.221031129772655,5.759188230232909,4.125921242388511,3.3000000000000003,4.205802000672102,1.973265216289582,4.668126930034831,0.6011343203440052,6.514648800499608,0.9208773485113997,3.2027930289466564,0.8850675723869185,0.9084167286656267,1.368126930034831,0.9058020006721015,2.459188230232909,0.03231377771465892,0.03494029653147779,0.032833752598299924,0.020833752598299924,0.013656266753531408,0.037395224961045415,0.025395224961045414,0.019483677591303206,0.33585985635848464,0.10403236906700687,0.11083375259829993,0.06083375259829993,0.0926318122521302,0.371061633863446,0.3459376568623231,0.10234565993526651,0.022752975347120438,0.24508370427813253,0.6298176604394805,0.9999999999999999,0.4213887053114911,0.4644076252633429,1.4049451016241283,298.5064385916733,0.0,-2.220446049250313e-16,-2.2426505097428162e-14,-1.1102230246251565e-16,0.0
equilibrium_sigma_1.35,276.0,57.221031129772655,5.791771043504337,4.160986100354361,3.3120000000000003,4.2389210878925425,1.9870425355630146,4.705879424998724,0.6208746632926458,6.605414006792537,0.9502261189860697,3.213004869533645,0.9538970287588842,0.9515117039706609,1.3938794249987234,0.9269210878925422,2.4797710435043365,0.03285512843982101,0.03518996054543364,0.033408211425258676,0.021408211425258675,0.013900073249787745,0.03811441067647081,0.02611441067647081,0.02000001699808962,0.33760064068260204,0.104235467309192,0.11140821142525868,0.06140821142525868,0.09425288142112279,0.37594846480867267,0.3504176808645515,0.10419912796451106,0.023471170545667705,0.24542349289472448,0.6269062085950968,1.0,0.4181145285781893,0.4616239124604818,1.4279753365047714,299.38523135778456,5.398437252779331e-11,0.0,-1.4876988529977098e-14,0.0,0.0
equilibrium_sigma_1.35,277.0,56.221031129772655,5.824905201360693,4.196302285387835,3.3240000000000003,4.272626209554704,2.0010688501306997,4.744365281293401,0.6411405153164149,6.697315867810768,0.9793191149952816,3.2232092566863444,1.0235217288156457,0.99490140019191,1.420365281293401,0.9486262095547038,2.5009052013606925,0.03341662608455412,0.035442991366678195,0.03400603282946365,0.02200603282946365,0.014154343630315314,0.03886219081650211,0.026862190816502107,0.020534842481989557,0.3394122206953444,0.10442461763476614,0.11200603282946366,0.06200603282946365,0.09587779329074365,0.3809306287421848,0.3550445657056572,0.10610228483417393,0.024213533841858027,0.24576789225108275,0.6239162890728853,1.0,0.41477647874273615,0.45876152102535206,1.451309038236417,300.2604149394649,6.012967901369848e-13,0.0,-9.325873406851315e-15,-2.220446049250313e-16,0.0
equilibrium_sigma_1.35,278.0,55.221031129772655,5.858611341934608,4.231873291376307,3.336,4.306941382450794,2.0153548902629583,4.78361384174676,0.6619508148214601,6.790388158176169,1.0081428747533807,3.2334084657988247,1.0939660875838406,1.0386016930052735,1.4476138417467603,0.970941382450794,2.5226113419346086,0.03399926288165485,0.03569964727033033,0.034628540799170916,0.022628540799170916,0.014419616246545561,0.039640078659530786,0.027640078659530786,0.021089068817925494,0.3412986084823361,0.10459945157431827,0.11262854079917092,0.06262854079917092,0.09750446323599553,0.3860102191432918,0.35982411829453603,0.10805672319710737,0.024980799875448198,0.24611662864720477,0.6208458482802396,0.9999999999999999,0.4113731531739944,0.45581738237622477,1.4749393048703021,301.1318525557585,8.881784197001252e-16,0.0,-6.439293542825908e-15,-1.1102230246251565e-16,0.0
equilibrium_sigma_1.35,279.0,54.221031129772655,5.89291112657154,4.267702883283844,3.348,4.341891995705528,2.0299119419800213,4.823656013391046,0.6833254464273173,6.884666501846368,1.0366833684755696,3.2436049658209507,1.1652558445177483,1.0826298528054408,1.4756560133910464,0.9938919957055283,2.54491112657154,0.034604094255574785,0.03596021264983329,0.035277157991637324,0.023277157991637324,0.01469646495726409,0.04044969095673423,0.02844969095673423,0.021663674782956832,0.3432641151261737,0.10475960365567306,0.11327715799163733,0.06327715799163733,0.09913064706455268,0.3911893837206095,0.3647623881915344,0.11006409568637648,0.02577371334941983,0.24646938181836114,0.6176928091458426,1.0,0.40790311290719156,0.4527883111774815,1.4988583205741313,301.9994011637279,8.881784197001252e-16,0.0,-4.440892098500626e-15,0.0,0.0
equilibrium_sigma_1.35,280.0,53.221031129772655,5.927827305487791,4.303795124521618,3.36,4.3775049138804665,2.044751884069218,4.864524375497021,0.7052853079525447,6.980188510654736,1.0649259617176576,3.253801429556804,1.2374181608102983,1.1270046677549308,1.5045243754970214,1.0175049138804666,2.5678273054877914,0.03523224404848528,0.036225000622476605,0.0359534149934316,0.023953414993431597,0.014985502301274978,0.04129275740005767,0.029292757400057667,0.022259709366867497,0.3453133787679745,0.1049047122116203,0.1139534149934316,0.0639534149934316,0.10075393334398314,0.39647032695344653,0.36986567567633016,0.11212611780652543,0.026593027684247855,0.2468257799700114,0.6144550745392153,1.0,0.4043648809411908,0.449671003227051,1.5230573103346652,302.8629111245751,0.0,0.0,-6.661338147750939e-16,2.220446049250313e-16,0.0
equilibrium_sigma_1.35,281.0,52.221031129772655,5.963383788900049,4.340154407056978,3.372,4.413808589826096,2.0598872284438756,4.906253297408027,0.7278523838718387,7.076993936288492,1.0928553748462475,3.264000744280337,1.310481725777474,1.1717465785360113,1.5342532974080267,1.041808589826096,2.591383788900049,0.03588491035869429,0.036494355921883395,0.03665896066779525,0.024658960667795247,0.01528738304927596,0.042171130822943326,0.030171130822943325,0.022878298584494416,0.3474513959630159,0.10503442019777638,0.11465896066779525,0.06465896066779525,0.10237173548274639,0.40185531292026266,0.3751405396287716,0.11424457108681635,0.02743950346380516,0.24718539443668325,0.6111305310126952,0.9999999999999999,0.40075694034342396,0.4464620335445342,1.5475264950117453,303.7222258440409,1.7763568394002505e-15,0.0,-1.9984014443252818e-15,2.220446049250313e-16,0.0
equilibrium_sigma_1.35,282.0,51.221031129772655,5.999605724808001,4.376785484759238,3.384,4.4508331892766275,2.0753311645603976,4.948879067469136,0.7510498262284995,7.175124837192285,1.120455638563986,3.2742060226156418,1.3844768742085363,1.2168778266852043,1.564879067469136,1.0668331892766276,2.615605724808001,0.03656337190433352,0.03676865812218553,0.03739557369259052,0.02539557369259052,0.015602808157125947,0.04308679847575547,0.031086798475755472,0.02352065293864669,0.3496835566442137,0.10514837607762004,0.11539557369259053,0.06539557369259053,0.10398128359844848,0.4073466684508825,0.38059380517001395,0.11642130648449894,0.02831390667010957,0.24754773354243712,0.6077170533029543,0.9999999999999999,0.39707773213790865,0.4431578547070864,1.572255047040908,304.57718139412424,1.4210854715202004e-14,0.0,-4.440892098500626e-16,-1.1102230246251565e-16,0.0
equilibrium_sigma_1.35,283.0,50.221031129772655,6.036519584179063,4.4136935102934975,3.396,4.488610728345883,2.0910976083210078,4.992440034371483,0.7749020439046377,7.274625762141477,1.1477100448063697,3.284420613685256,1.459435715803197,1.2624226178961722,1.5964400343714829,1.0926107283458828,2.6405195841790627,0.03726899504494051,0.037048325236754505,0.038165175458733346,0.026165175458733345,0.01593252917810928,0.04404189468232289,0.032041894682322894,0.024188075939957088,0.35201568320828286,0.10524623476742517,0.11616517545873335,0.06616517545873335,0.10557961615331456,0.4129467866430269,0.38623257094890634,0.11865824807256782,0.029217006683876844,0.24791223575486165,0.6042125094886936,1.0,0.3933256529491719,0.43975479545487745,1.5972310470403313,305.4276061138664,4.440892098500626e-14,0.0,-4.440892098500626e-16,0.0,0.0
equilibrium_sigma_1.35,284.0,49.221031129772655,6.074153251878047,4.4508840752667735,3.408,4.5271752221668455,2.1072012546892975,5.036976760775019,0.7994347999071012,7.3755439494788435,1.1746010917608039,3.294648114589383,1.535392274762559,1.3084073003209367,1.6289767607750192,1.1191752221668456,2.6661532518780473,0.03800324204350136,0.0373338177236808,0.03896984462825356,0.026969844628253557,0.01627735332553635,0.04503871519734304,0.03303871519734304,0.024881973725854323,0.35445407463107137,0.10532765849155265,0.11696984462825356,0.06696984462825356,0.10716357128079772,0.4186581305960482,0.392064215609389,0.120957396967353,0.030149573977373854,0.24827826322803123,0.6006147658272419,1.0,0.3894990525006477,0.43624905970670874,1.6224414425686289,306.2733201674045,1.127986593019159e-13,0.0,0.0,-1.1102230246251565e-16,0.0
equilibrium_sigma_1.35,285.0,48.221031129772655,6.112536126820669,4.488363254822164,3.42,4.566562849905337,2.123657636019459,5.08253219247251,0.8246753191934961,7.4779295472218585,1.2011104231382919,3.304892382108171,1.6123826447128373,1.3548605616414602,1.6625321924725105,1.1465628499053366,2.692536126820669,0.0387676801638613,0.03762564297780476,0.03981183347413674,0.02781183347413674,0.01663814914436017,0.04607973322467984,0.034079733224679845,0.0256038658585922,0.3570055559822325,0.10539231770296964,0.11781183347413673,0.06781183347413673,0.108729777876881,0.4244832376010381,0.3980964035859712,0.12332083560575494,0.031112377526779394,0.24864509438693191,0.5969216924805337,1.0,0.38559623080730443,0.4326367259177189,1.6478720089859278,307.11413507887215,2.504663143554353e-13,0.0,4.440892098500626e-16,2.220446049250313e-16,0.0
equilibrium_sigma_1.35,286.0,47.221031129772655,6.151699231920767,4.526137657029846,3.432,4.606812137316927,2.1404831864930314,5.129151844685454,0.8506524080808324,7.581835855916325,1.2272187606753069,3.3151575446343546,1.6904451600245305,1.4018136466958389,1.6971518446854543,1.1748121373169274,2.719699231920767,0.03956399187692697,0.03792436037377062,0.04069358629114044,0.02869358629114044,0.017015852912540274,0.0471676175717306,0.035167617571730606,0.02635539762430028,0.3596775342155771,0.10543989203128878,0.11869358629114043,0.06869358629114043,0.1102746464221336,0.4304247237994133,0.4043370899599765,0.12575073239569948,0.032106181905534,0.2490119158324904,0.5931311698662761,1.0,0.38161543505439305,0.4289137468318699,1.6735073130986304,307.9498532376144,4.956035581926699e-13,0.0,2.886579864025407e-15,-1.1102230246251565e-16,0.0
equilibrium_sigma_1.35,287.0,46.221031129772655,6.191675334857257,4.564214477620342,3.444,4.647964158849117,2.1576953133607146,5.176884007561711,0.8773965866473112,7.687319596892768,1.2529058289089332,3.3254480143219194,1.7696205853911289,1.4493005980599711,1.7328840075617107,1.203964158849117,2.7476753348572567,0.04039398638732704,0.038230586939555375,0.0416177602020894,0.029617760202089397,0.017411475897638907,0.04830525298427091,0.03630525298427091,0.027138353804190274,0.36247806121845266,0.10547007123974644,0.11961776020208939,0.06961776020208939,0.1117943595159044,0.4364852893548192,0.41079452411137757,0.1282493467784966,0.03313174402565954,0.24937781360745526,0.5892410955883887,1.0,0.3775548561322711,0.4250759496714001,1.6993306804007553,308.7802673694532,9.015010959956271e-13,0.0,1.021405182655144e-14,-2.220446049250313e-16,0.0
equilibrium_sigma_1.35,288.0,45.221031129772655,6.232499081072532,4.6026015607334125,3.456,4.690062761851694,2.1753124759054434,5.225779973401421,0.9049402358708716,7.7944412092218425,1.278150271158324,3.3357684994312824,1.849952326087671,1.4973585224590427,1.769779973401421,1.234062761851694,2.7764990810725316,0.0412596126935032,0.03854500375512586,0.042587248731212966,0.030587248731212966,0.017826112604611404,0.04949576336343853,0.03749576336343853,0.02795467443084121,0.3654159052460999,0.1054825561825685,0.12058724873121297,0.07058724873121297,0.11328486210403589,0.44266772420373607,0.417477251882633,0.13081903475291093,0.03418980949443803,0.24974176379115676,0.5852493919614943,1.0,0.37341262478349685,0.42111903679635654,1.7253241667235117,309.60515997129875,1.525002346625115e-12,0.0,2.5757174171303632e-14,0.0,0.0
equilibrium_sigma_1.35,289.0,44.221031129772655,6.274207140641569,4.641307466457497,3.468,4.733154815857233,2.193354273188989,5.275894288540555,0.9333177615247235,7.903265179181249,1.3029295554738018,3.346124016850632,1.9314866617108968,1.5460278863107964,1.8078942885405551,1.2651548158572332,2.806207140641569,0.04216297443437311,0.03886836318762194,0.043605208583365716,0.03160520858336571,0.018260950175767073,0.05074253808690088,0.03874253808690088,0.02880647268499459,0.3685006320708052,0.10547705975210815,0.12160520858336572,0.07160520858336572,0.11474185137721746,0.448974914459086,0.4243941159231119,0.13346225491781963,0.03528110855078578,0.2501026223929639,0.5811540141384306,0.9999999999999999,0.3691868073124123,0.41703858686504597,1.7514685351972987,310.4243027061674,2.4291679778798425e-12,0.0,4.773959005888173e-14,0.0,0.0
equilibrium_sigma_1.35,290.0,43.221031129772655,6.316838370921129,4.680341546054329,3.48,4.777290490365,2.2118415418172344,5.3272850332988035,0.9625657771775429,8.0138604066575,1.3272198691110564,3.3565199047726666,2.0142730066538426,1.5953528442050602,1.8472850332988036,1.297290490365,2.836838370921129,0.043106346824440436,0.039201497094621444,0.0446750901492576,0.032675090149257596,0.018717279134158264,0.052049262007081154,0.04004926200708116,0.02969605537028741,0.3717426974219927,0.10545330780263028,0.12267509014925759,0.07267509014925759,0.1161607663119884,0.4554098495514265,0.4315542538275556,0.13618157509853965,0.03640635154216421,0.2504591145169115,0.5769529588423846,1.0,0.3648754008005442,0.41283005652286126,1.777743239529945,311.237455755417,3.6841640849161195e-12,0.0,7.394085344003543e-14,-1.1102230246251565e-16,0.0
equilibrium_sigma_1.35,291.0,42.221031129772655,6.360433997211059,4.7197140259056525,3.492,4.822523565124137,2.230796465165907,5.380014133967207,0.9927233090358567,8.126300613633209,1.350995999847021,3.3669618355059083,2.098364201106504,1.6453816047190999,1.8880141339672072,1.3305235651241372,2.868433997211059,0.04409219603787973,0.03954532615143928,0.04580067235543866,0.033800672355438655,0.01919650569847329,0.05341994985030851,0.041419949850308516,0.03062594636116245,0.3751535525922383,0.1054110400346438,0.12380067235543865,0.07380067235543865,0.11753677682054636,0.4619756302043618,0.4389670936186801,0.1389796796314985,0.03756622389891853,0.25080982277182473,0.5726442736977582,0.9999999999999999,0.36047632776307753,0.4084887826421894,1.8041264147140323,312.0443671247331,5.345057729755354e-12,0.0,1.0835776720341528e-13,0.0,0.0
equilibrium_sigma_1.35,292.0,41.221031129772655,6.40503781514155,4.7594361018900315,3.504,4.868911779530135,2.250242696450898,5.434147712376394,1.023832026561729,8.240664802521012,1.3742312026371075,3.3774558283368257,2.1838168389484176,1.6961668397967167,1.9301477123763937,1.3649117795301353,2.90103781514155,0.045123201190922446,0.039900870501188575,0.046986102571744896,0.03498610257174489,0.01970016590643581,0.05485898542989531,0.042858985429895316,0.031598913385888494,0.3787457653689239,0.10535001087688053,0.12498610257174489,0.07498610257174489,0.11886477252458334,0.4686754774714536,0.4466423462317063,0.1418593774434765,0.03876138059887194,0.2511531742097923,0.5682260677478592,0.9999999999999999,0.35598743009412603,0.4040099850667451,1.830594876580341,312.8447719044695,7.467804152838653e-12,0.0,1.496580637194711e-13,-1.1102230246251565e-16,0.0
equilibrium_sigma_1.35,293.0,40.221031129772655,6.450696418378984,4.799520045634207,3.516,4.916517226851294,2.270205497766884,5.489756478909251,1.055936502911642,8.35703777189713,1.3968970490440156,3.388008262453088,2.2706916380552453,1.7477661437224346,1.9737564789092508,1.400517226851294,2.9346964183789837,0.046202279446998146,0.040269261951209494,0.04823594244565076,0.03623594244565076,0.020229941848500837,0.05637116683665511,0.04437116683665511,0.03261799892184669,0.38253315892621437,0.10526999035651419,0.12623594244565076,0.07623594244565075,0.1201393510780536,0.47551274299314317,0.45458999446941173,0.14482361104122626,0.039992440075063654,0.25148742586666667,0.5636965230170434,0.9999999999999999,0.35140646219459404,0.3993887698298094,1.8571241309524824,313.6383914823493,1.0079048706757021e-11,0.0,1.9628743075372768e-13,-1.1102230246251565e-16,0.0
equilibrium_sigma_1.35,294.0,39.221031129772655,6.4974594498418305,4.8399793223188246,3.528,4.965406791679618,2.290711894427152,5.546916171286992,1.0890845062630117,8.475510690309047,1.418963255299754,3.398625890103988,2.3590538510138197,1.8002425442420849,2.018916171286992,1.4374067916796176,2.9694594498418305,0.047332615982771054,0.040651757930461316,0.04955522089644231,0.03755522089644231,0.020787680626987267,0.05796175898353795,0.04596175898353795,0.03368655612234761,0.3865309724134615,0.10517076465214605,0.1275552208964423,0.0775552208964423,0.12135480581112072,0.4824909201138763,0.4628202768923594,0.14787546630781073,0.04125997735098355,0.2518106514855349,0.5590539048556709,1.0000000000000002,0.34673108352370285,0.39462013315145683,1.8836883947448582,314.4249326764273,1.3183232283608959e-11,0.0,2.446931546273845e-13,-2.220446049250313e-16,0.0
equilibrium_sigma_1.35,295.0,38.221031129772655,6.545379886057796,4.880828724005619,3.54,5.015652646471505,2.311790850442976,5.605708050743928,1.1233273305579128,8.59618174553801,1.4403974875027568,3.4093158497563407,2.4489737318067215,1.8536650785578648,2.065708050743928,1.475652646471505,3.0053798860577956,0.04851769839404904,0.041049757581330254,0.05094949539633666,0.03894949539633666,0.021375416310561935,0.05963655442808857,0.047636554428088576,0.034808290487742255,0.39075604665556557,0.10505213657644005,0.12894949539633666,0.07894949539633665,0.12250511282795878,0.48961365652935446,0.47134366663799715,0.1510181834510465,0.04256451649452091,0.25212072656904555,0.5542965734853871,0.9999999999999999,0.34195885012533245,0.3896989659135051,1.9102606302752365,315.20408681188735,1.6761703136580763e-11,0.0,2.935429677108914e-13,-1.1102230246251565e-16,0.0
equilibrium_sigma_1.35,296.0,37.221031129772655,6.59451435898717,4.922084520382028,3.552,5.06733281462371,2.333473467884034,5.666219464062182,1.1587201713688646,8.71915687967039,1.461165139615845,3.420085679300832,2.5405270655418053,1.9081094429215044,2.1142194640621823,1.5153328146237102,3.04251435898717,0.04976135671310934,0.04146482036409951,0.05242492313105981,0.0404249231310598,0.021995395497745346,0.06140194411585753,0.049401944115857535,0.03598730828002772,0.3952270397910903,0.10491392589438477,0.1304249231310598,0.0804249231310598,0.12358391742020178,0.49688476857314845,0.48017084410482264,0.1542551692235834,0.043906522285174436,0.2524153123881437,0.5494229961030985,1.0,0.3370872050559905,0.38462005861844545,1.9368125943486398,315.9755287317184,2.0749624241034326e-11,4.440892098500626e-16,3.390621117205228e-13,0.0,0.0
equilibrium_sigma_1.35,297.0,36.221031129772655,6.644923521078761,4.963764629529878,3.564,5.12053181032701,2.3557932138661797,5.728544482050616,1.195322554104544,8.844550623383045,1.4812290795963707,3.430943329318359,2.6337957709937703,1.9636587269668278,2.1645444820506157,1.5565318103270096,3.080923521078761,0.051067810239679504,0.04189868764361611,0.0539883439703363,0.041988343970336295,0.02265010722383877,0.06326499997211243,0.05126499997211244,0.03722817308871029,0.39996467869798874,0.1047559694021221,0.1319883439703363,0.08198834397033629,0.12458451968897133,0.5043082573389912,0.4893126623681949,0.1575900105822804,0.045286390999878065,0.2526918391111113,0.5444317593067303,1.0,0.33211346758287585,0.37937810679893236,1.9633149042418476,316.7389157327573,2.5048407792382932e-11,0.0,3.794742298168785e-13,0.0,0.0
equilibrium_sigma_1.35,298.0,35.221031129772655,6.696672460992886,5.005888811965699,3.576,5.175341368083128,2.378786179911273,5.792784627510652,1.2331988234929292,8.97248704610579,1.5005493581374099,3.4418971764166826,2.7288685883116517,2.02040424635554,2.2167846275106515,1.5993413680831279,3.120672460992886,0.052441722576411345,0.04235330783599622,0.055647377598001,0.043647377598001,0.02334231809000404,0.06523357203747082,0.053233572037470825,0.038535972379794003,0.4049920533272757,0.10457812070147052,0.133647377598001,0.08364737759800099,0.12549985925781632,0.5118883269073716,0.4987801040908478,0.16102648999998131,0.046704440218630724,0.25294748806744555,0.5393215817139424,1.0,0.327034820972061,0.3739677167970588,1.9897371227383507,317.4938864208258,2.952660338451096e-11,0.0,4.154454558147336e-13,0.0,0.0
equilibrium_sigma_1.35,299.0,34.221031129772655,6.749831178949074,5.048478891834824,3.588,5.2318612773543345,2.4024913793907423,5.859049708385575,1.2724187050921474,9.103100842072239,1.5190828733683794,3.452956036659357,2.8258418667411083,2.0784464899489974,2.2710497083855747,1.6438612773543344,3.1618311789490736,0.05388826658947925,0.04283086582537306,0.05741053770094728,0.04541053770094727,0.024075113701296495,0.0673164025943862,0.05531640259438621,0.03991639561551352,0.4103349627301432,0.10438024959023727,0.13541053770094727,0.08541053770094727,0.12632249893788075,0.5196294049896424,0.508584228503574,0.16456860267936785,0.04816089753435832,0.25317917317662586,0.5340913266096479,1.0,0.3218482986569396,0.3683834118031796,2.0160478645760187,318.2400594781659,3.4012792582416296e-11,0.0,4.405364961712621e-13,2.220446049250313e-16,0.0
equilibrium_sigma_1.35,300.0,33.221031129772655,6.804475132538415,5.091559009921675,3.6,5.290200341004049,2.426951089960369,5.92745877507031,1.31305795182011,9.23653857640123,1.5367829834627917,3.464129179123256,2.9248204702914746,2.1378962009669245,2.3274587750703097,1.6902003410040485,3.204475132538415,0.055413201434914044,0.043333817527896785,0.059287366814434576,0.04728736681443457,0.024851947765503923,0.06952326160103439,0.057523261601034395,0.04137582706009724,0.4160223236801047,0.10416224096959228,0.13728736681443457,0.08728736681443457,0.12704460718229202,0.5275361663557956,0.518736106816703,0.16822057596222587,0.04965588803041212,0.2533835215919092,0.5287400144154528,0.9999999999999999,0.3165507685416169,0.3626196380090633,2.0422149269116314,318.97703233581666,3.83009179927285e-11,0.0,4.551914400963142e-13,0.0,0.0
equilibrium_sigma_1.35,301.0,32.221031129772655,6.860685866181301,5.135155914104894,3.612,5.350477480151143,2.45221124938358,5.998141224937871,1.3551990912812295,9.372960120481041,1.5535990573597842,3.4754263396377842,3.0259188231107106,2.198875615620635,2.3861412249378713,1.7384774801511433,3.248685866181301,0.057022964328478504,0.04386493069315464,0.06128859631448751,0.04928859631448751,0.025676700544505826,0.07186510747825281,0.05986510747825281,0.04292145584727791,0.422086655498447,0.10392399314627476,0.1392885963144875,0.0892885963144875,0.12765793913921328,0.5356135594755338,0.5292467441772493,0.17198689127995306,0.051189420362811655,0.25355685363256475,0.5232668347246705,1.0,0.3111389151513923,0.3566707706887078,2.0682054466913655,319.7043797430075,4.217604043788015e-11,0.0,4.574118861455645e-13,0.0,0.0
equilibrium_sigma_1.35,302.0,31.221031129772655,6.918551743425471,5.179299295636289,3.624,5.412823018889108,2.4783219170919315,6.0712380852116565,1.3989322954948626,9.51254031783331,1.569475952762882,3.486857734611341,3.1292621269410605,2.2615198913923007,2.4472380852116564,1.7888230188891083,3.294551743425471,0.05872477963483466,0.04442733335540537,0.0634263371821703,0.05142633718217031,0.026553748728890054,0.07435427908042413,0.06235427908042414,0.044561407470666836,0.42856465812778877,0.10366541550460304,0.1414263371821703,0.09142633718217029,0.12815381622733374,0.5438668372429539,0.5401269865867283,0.17587230922681593,0.05276137140124491,0.25369516028177774,0.5176711590901614,1.0,0.3056092190472208,0.35053111974956863,2.0939860892993276,320.4216522271999,4.5410786242428e-11,0.0,4.503064587879635e-13,0.0,0.0
equilibrium_sigma_1.35,303.0,30.221031129772655,6.978168804528056,5.224022180214758,3.636,5.477380185482563,2.5053378152331596,6.146903511202039,1.444356398450366,9.65547092773799,1.5843534060786628,3.498434075127406,3.2349877861678036,2.3259787614695377,2.510903511202039,1.8413801854825627,3.3421688045280558,0.06052678932735035,0.045024571679541874,0.06571430864104735,0.053714308641047356,0.027488049341089865,0.077004725733687,0.065004725733687,0.04630490119783559,0.4354979049728707,0.10338642543492069,0.14371430864104734,0.09371430864104734,0.1285231038999857,0.5523015925967617,0.5513874107130629,0.1798818983557572,0.05437146924894775,0.2537940781465656,0.5119525542487294,1.0,0.29995793296016965,0.344194934257609,2.1195232703499216,321.12837443934603,4.778399897986674e-11,0.0,4.2810199829546036e-13,0.0,0.0
equilibrium_sigma_1.35,304.0,29.221031129772655,7.039641758408242,5.26936137772846,3.648,5.544306846974934,2.5333189557958598,6.225306528873465,1.4915800799521897,9.801962876045224,1.598165312777033,3.5101665819237757,3.3432470558697567,2.392418443382122,2.5773065288734647,1.8963068469749342,3.3916417584082414,0.06243821344435538,0.04566067918378742,0.0681681139842458,0.0561681139842458,0.028485241566074918,0.079832286608017,0.067832286608017,0.048162441403931666,0.4429336787401387,0.10308694365635657,0.14616811398424578,0.09616811398424578,0.12875618687136828,0.5609237981297894,0.5630381910422898,0.18402106751622238,0.056019273769632436,0.2538488691222798,0.5061107895918655,1.0,0.29418105525304106,0.3376564066453894,2.1447834147042095,321.824043345168,4.909495032734412e-11,0.0,3.956834859764058e-13,0.0,0.0
equilibrium_sigma_1.35,305.0,28.221031129772655,7.1030851938494814,5.315358029819775,3.66,5.613777630306986,2.562331409523386,6.306633128330807,1.5407232937199322,9.952248976663387,1.6108388928578163,3.5220669988486066,3.4542070634859496,2.4610239189578142,2.646633128330807,1.9537776303069858,3.4430851938494813,0.06446953419352631,0.04634026101417153,0.07080557512601729,0.05880557512601729,0.029551769962371542,0.08285502419269619,0.0708550241926962,0.050146045726950916,0.4509259852303554,0.10276688976018676,0.14880557512601728,0.09880557512601727,0.12884294368967458,0.5697398568548597,0.5750889513011073,0.18829560547421498,0.05770415689369093,0.25385437509228836,0.5001458625398058,1.0,0.28827429590724396,0.33090967216427414,2.1697332755261427,322.50812627235456,4.9188209061412635e-11,0.0,3.581579477440755e-13,0.0,0.0
equilibrium_sigma_1.35,306.0,27.221031129772655,7.168624810235551,5.362058154923081,3.672,5.685986051571101,2.592448082741987,6.391088537992203,1.5919188018183683,10.106586782424587,1.622293640657257,3.5341476156766647,3.5680528274821697,2.5320013697106125,2.7190885379922025,2.0139860515711008,3.496624810235551,0.06663277056256897,0.04706859287359054,0.07364714113367207,0.061647141133672076,0.030695038905721117,0.08609365792722201,0.07409365792722201,0.05226954262971262,0.4595367913141577,0.10242616861859179,0.15164714113367206,0.10164714113367206,0.12877271094012185,0.57875663740892,0.5875485514498726,0.1927117151809022,0.05942527069491246,0.2538050766926171,0.4940579374315683,0.9999999999999999,0.2822330529360236,0.32394882079574766,2.1943402402538883,323.18005878554715,4.795808195012796e-11,0.0,3.1175062531474396e-13,0.0,0.0
equilibrium_sigma_1.35,307.0,26.221031129772655,7.236399283173547,5.409513479303436,3.684,5.761147764124525,2.623749900892904,6.478900321251796,1.6453143045044194,10.265262666148203,1.6324401802720034,3.5464212772621138,3.6849903724689206,2.6055814998060525,2.794900321251796,2.0771477641245246,3.552399283173547,0.06894172239949908,0.04785174836283628,0.07671638900634306,0.06471638900634306,0.03192359496105729,0.08957204852944045,0.07757204852944045,0.05454890196210371,0.46883754244346376,0.1020646685277057,0.15471638900634305,0.10471638900634304,0.1285342568725404,0.5879815598086189,0.6004249117467039,0.1972760751848241,0.061181528997638394,0.25369496175499223,0.4878474340625453,1.0,0.27605235492822533,0.3167678788354282,2.218572779498831,323.83924253965,4.53681536782824e-11,0.0,2.6290081223123707e-13,2.220446049250313e-16,0.0
equilibrium_sigma_1.35,308.0,25.221031129772655,7.30656211740563,5.457782252426317,3.696,5.839503774938558,2.65632698850912,6.5703217151817785,1.7010747068432908,10.42859604366674,1.6411787990987774,3.5589014061762487,3.8052497959733405,2.6820230676836307,2.8743217151817784,2.143503774938558,3.6105621174056295,0.0714123605072222,0.048696749894956946,0.0800406458623581,0.0680406458623581,0.03324736204442648,0.09331784384780661,0.08131784384780662,0.05700267786012958,0.4789110480677517,0.10168224368895286,0.15804064586235808,0.10804064586235808,0.12811574050872263,0.5974226535795556,0.6137247382751421,0.2019958908849892,0.06297157031966348,0.2535175603007721,0.4815149784945752,1.0,0.26972682210169774,0.3093608115589525,2.2424009029280305,324.4850427250575,4.1454839561083645e-11,0.0,2.142730437526552e-13,-2.220446049250313e-16,0.0
equilibrium_sigma_1.35,309.0,24.221031129772655,7.37928405763086,5.5069302982365205,3.708,5.921324609975306,2.690280201216485,6.665635819422562,1.7593849801140036,10.596944742744217,1.648397715558775,3.571602022182471,3.9290892589746678,2.7616172873503047,2.9576358194225616,2.213324609975306,3.67128405763086,0.07406327577191325,0.049611758561556175,0.08365176394748311,0.07165176394748311,0.03467793142128952,0.09736326556541997,0.08536326556541997,0.05965254741058246,0.48985383014388817,0.10127869888652982,0.1616517639474831,0.1116517639474831,0.12750467040319774,0.6070886442838057,0.6274532337221492,0.20687896333596303,0.06479372216752396,0.2532659094152051,0.47506140508130784,1.0,0.26325060832985014,0.30172151001828673,2.265796701824377,325.1167854634921,3.6339820042030624e-11,0.0,1.6653345369377348e-13,2.220446049250313e-16,0.0
equilibrium_sigma_1.35,310.0,23.221031129772655,7.454755981375834,5.557032266727288,3.72,6.006915303689622,2.725722967764135,6.765160645137671,1.820453610016529,10.770711444787374,1.6539709676073215,3.5845377644283496,4.056799770828171,2.8446930901482426,3.045160645137671,2.286915303689622,3.734755981375834,0.07691625273816048,0.050606311195294795,0.08758709633326875,0.07558709633326875,0.03622892885109808,0.101746103728928,0.08974610372892801,0.0625239919394005,0.501779079797784,0.1008537685861456,0.16558709633326874,0.11558709633326873,0.1266878575604211,0.6169890515181851,0.6416137549422452,0.2119337682413165,0.06664595833644224,0.25293253116353015,0.4684877422587112,1.0,0.25661733548281596,0.29384377362023256,2.2887349769437875,325.7337549665892,3.022204708713616e-11,0.0,1.1968204205459188e-13,0.0,0.0
equilibrium_sigma_1.35,311.0,22.221031129772655,7.533192439130164,5.608173152232133,3.732,6.096621489412932,2.762783546957154,6.869255286311002,1.88451681385085,10.950351540322227,1.6577558279048934,3.5977239159702807,4.188711038794316,2.9316235059101716,3.137255286311002,2.364621489412932,3.8011924391301637,0.07999699935392678,0.05169161966192916,0.09189073610906348,0.07989073610906348,0.03791648245310095,0.10651098100389333,0.09451098100389334,0.06564716327650544,0.5148204124517075,0.10040709034002816,0.1698907361090635,0.11989073610906349,0.12565136241744823,0.6271343045117697,0.6562074153634518,0.217169549109523,0.0685258489804382,0.25250941145640976,0.4617951904536291,1.0,0.2498200159771143,0.2857212846672133,2.311193967519873,326.3351904818644,2.3385737790704297e-11,0.0,8.504308368628699e-14,-1.1102230246251565e-16,0.0
equilibrium_sigma_1.35,312.0,21.221031129772655,7.614836026261329,5.660450152021756,3.744,6.190836902468113,2.801607818757442,6.978327529164709,1.9518437435826708,11.136382794125842,1.6595896150837381,3.6111764309458008,4.325198685436737,3.022833472756814,3.2343275291647084,2.4468369024681125,3.8708360262613284,0.0833360836549296,0.05288095250813663,0.09661510599056747,0.08461510599056747,0.039759824874994354,0.11171097447526535,0.09971097447526535,0.06905799543543978,0.5291366848199014,0.09993817103445654,0.17461510599056745,0.12461510599056745,0.12438043513052573,0.6375358796892177,0.6712326249188836,0.2225964279842835,0.07043050192096136,0.25198797868326267,0.45498509141149246,1.0,0.24285096060822414,0.2773475723380225,2.3331562030284747,326.9202830107802,1.6148860026987677e-11,0.0,5.262457136723242e-14,0.0,0.0
equilibrium_sigma_1.35,313.0,20.221031129772655,7.699962838582313,5.713974964645365,3.7560000000000002,6.290012720037522,2.842362772269917,7.092843327564901,2.022742968940792,11.329397356558703,1.659285725691844,3.6249119648257397,4.466693246761039,3.1188094938702076,3.3368433275649005,2.5340127200375218,3.943962838582313,0.08697014773488505,0.0541901269955467,0.1018230197222029,0.0898230197222029,0.041782076677131255,0.11740971830764835,0.10540971830764835,0.07279964634454572,0.5449182415824331,0.09944634416748376,0.1798230197222029,0.1298230197222029,0.1228594482293862,0.6482064662084117,0.6866845599316469,0.22822553835589282,0.07235649334941043,0.25135907973483534,0.4480588885598615,1.0000000000000002,0.23570166764036413,0.2687159625268399,2.3546095047647424,327.48817177779256,8.887113267519453e-12,0.0,2.930988785010413e-14,0.0,0.0
equilibrium_sigma_1.35,314.0,19.221031129772655,7.788889302951673,5.768876640843978,3.7680000000000002,6.394669227771816,2.885240880489894,7.213338669910435,2.097570599167021,11.530076759214253,1.6566286452349868,3.6389479087445986,4.613691426756612,3.220111648896006,3.4453386699104347,2.6266692277718158,4.020889302951673,0.09094350823579776,0.05563814995267284,0.10759038636706017,0.09559038636706017,0.044011278212306534,0.12368416562047457,0.11168416562047458,0.07692439239370685,0.5623951102032126,0.09893071426700148,0.18559038636706018,0.13559038636706017,0.12107182011922059,0.6591601620282449,0.7025545457671231,0.23406918345294908,0.07429978334928766,0.25061296885186296,0.4410180643459003,1.0,0.2283626914410759,0.2598195127525117,2.375548167877944,328.0379404899987,1.9806378759312793e-12,0.0,1.509903313490213e-14,-1.1102230246251565e-16,0.0
equilibrium_sigma_1.35,315.0,18.221031129772655,7.88198085816854,5.825305173471946,3.7800000000000002,6.505410614471712,2.9304656705925973,7.340434637599721,2.1767405948387726,11.73921089995713,1.6513676171549432,3.653302427589611,4.766770390020049,3.3273887424792683,3.5604346375997205,2.725410614471712,4.10198085816854,0.09531028504345336,0.05724806380621723,0.11400980412817999,0.10200980412817999,0.046481765867845214,0.13062825869880612,0.11862825869880612,0.08149614726171706,0.581847891297515,0.09839008555750647,0.19200980412817997,0.14200980412817998,0.11899992896006172,0.6704127116448577,0.7188293444189541,0.24014102810518445,0.07625561342013053,0.24973929993870542,0.4338640585359796,1.0,0.22082348319794531,0.25065092552976054,2.3959743764571617,328.56861339016535,-4.207301174119493e-12,0.0,4.440892098500626e-15,0.0,0.0
equilibrium_sigma_1.35,316.0,17.221031129772655,7.979663111187936,5.883436067721607,3.7920000000000003,6.622943945229724,2.978298897298041,7.4748567306634826,2.2607380087685547,11.95772234892316,1.6432085159180168,3.667994502109175,4.92660611664268,3.4413976356074256,3.6828567306634823,2.830943945229724,4.187663111187936,0.10013727412664301,0.059048079026131246,0.12119540426710132,0.10919540426710132,0.04923603397610872,0.1383578752989223,0.12635787529892228,0.08659385782872064,0.6036224371730342,0.09782286971086289,0.1991954042671013,0.14919540426710132,0.11662501582982086,0.6819817962007452,0.7354903318863257,0.24645633295146233,0.07821838052125406,0.24872712623106935,0.4265981602962142,1.0,0.21307219654550072,0.24120243425916763,2.4158999162751487,329.07915114267996,-9.372058684675721e-12,0.0,8.881784197001252e-16,0.0,0.0
equilibrium_sigma_1.35,317.0,16.221031129772655,8.082436371800796,5.9434762388874045,3.8040000000000003,6.748103831926369,3.0290499101151,7.617460003569134,2.3501362174331564,12.186697889340794,1.6318032840404353,3.6830439747805728,5.093997302094309,3.5630282625876863,3.8134600035691335,2.944103831926369,4.278436371800796,0.10550788340743524,0.06107311378230907,0.12928948327174802,0.11728948327174803,0.05232729375686079,0.14701759844637508,0.13501759844637506,0.09231615428983986,0.6281499493083272,0.09722696602866611,0.207289483271748,0.15728948327174802,0.11392707640146096,0.6938873920101417,0.7525125500089925,0.2530322436506103,0.08018148096176567,0.24756490640279305,0.419221368984831,1.0,0.20509544735320503,0.23146565242087186,2.435348280229566,329.5684465908056,-1.3268497411900171e-11,4.440892098500626e-16,3.9968028886505635e-15,-1.1102230246251565e-16,0.0
equilibrium_sigma_1.35,318.0,15.221031129772655,8.19089489373628,6.00567174359735,3.8160000000000003,6.8818850289911735,3.0830880841464325,7.769262265710708,2.445619694837039,12.427430089714576,1.6167360066186869,3.698471599152572,5.269896979480347,3.693336530583255,3.9532622657107077,3.065885028991173,4.374894893736279,0.11152761520236469,0.06336692432621684,0.1384717440458946,0.1264717440458946,0.05582305221583675,0.1567901412169448,0.14479014121694478,0.09878782649241913,0.6559749819572563,0.09659960527327834,0.21647174404589462,0.1664717440458946,0.11088474023897775,0.7061522212626696,0.7698636174243801,0.25988815344093913,0.08213711564075062,0.2462405116737972,0.411734219244513,1.0,0.19687801175401132,0.2214313719088889,2.4543572982703825,330.03532041015154,-1.5766943306516623e-11,0.0,1.4654943925052066e-14,0.0,0.0
equilibrium_sigma_1.35,319.0,14.221031129772655,8.30575262717857,6.070318022435288,3.8280000000000003,7.02548597889873,3.140859503103666,7.931488489102852,2.548014486657573,12.681472745411192,1.5975042620438735,3.71429909151355,5.4554548185466185,3.833588143958392,4.103488489102852,3.1974859788987295,4.47775262717857,0.11833187750814268,0.0659851063641674,0.14897242092655075,0.13697242092655074,0.059810217184148834,0.1679097352980108,0.15590973529801078,0.10616902841542597,0.6877952149289416,0.09593714078249956,0.22697242092655073,0.17697242092655074,0.10747513742231576,0.7188023129417479,0.7875024578525985,0.2670461561285001,0.08407603839988637,0.24474127451662137,0.40413653095499225,1.0,0.1884024503290289,0.21108930207827195,2.4729824660497504,330.4785170317223,-1.6845191908032575e-11,0.0,2.3092638912203256e-14,-2.220446049250313e-16,0.0
equilibrium_sigma_1.35,320.0,13.221031129772655,8.427878439307984,6.137773768208175,3.84,7.180368272863552,3.202909845239048,8.105631426563685,2.6583298324608546,12.950716383386728,1.5734937150274741,3.73054918083282,5.652074963136796,3.985318235811794,4.265631426563685,3.340368272863552,4.587878439307984,0.1260973325095363,0.06899941910030478,0.16109133690688557,0.14909133690688556,0.06440254093438308,0.1806815553262453,0.1686815553262453,0.11466863781839365,0.724519202748138,0.09523476926296294,0.23909133690688555,0.18909133690688557,0.10367375465064486,0.7318677222843756,0.8053778274246389,0.27453162604644726,0.08598723160790303,0.24305405825213494,0.3964270840935147,0.9999999999999999,0.17964862606946835,0.20042772037702383,2.4913012744246346,330.89670095554857,-1.660716009155294e-11,4.440892098500626e-16,3.019806626980426e-14,0.0,0.0
equilibrium_sigma_1.35,321.0,12.221031129772655,8.558345106199102,6.208480005460001,3.852,7.3483391946617544,3.269916309102446,8.293535836652566,2.7778160232289286,13.237492862210837,1.5439427970198487,3.747245652281306,5.861496426665322,4.150413962068245,4.441535836652566,3.4963391946617546,4.706345106199102,0.13505883652453438,0.07250416289857706,0.17522625684517654,0.16322625684517653,0.06975174442055221,0.19551062080402914,0.18351062080402913,0.12456414298034346,0.7673522934702319,0.0944861486901775,0.2532262568451765,0.20322625684517653,0.0994542834735598,0.7453834508915249,0.8234265776781321,0.2823739620739288,0.08785747234345612,0.24116541789121973,0.3886031476913954,1.0000000000000002,0.1705930879026783,0.18943301241905305,2.509418889880432,331.28845441146154,-1.5265122499386052e-11,-4.440892098500626e-16,3.108624468950438e-14,0.0,0.0
equilibrium_sigma_1.35,322.0,11.221031129772655,8.698499749354266,6.282987234408428,3.864,7.531670219004635,3.34273366728792,8.497519110429653,2.908047322950617,13.544724947989904,1.5078924465052173,3.7644133776477986,6.085908675594071,4.3312326128197745,4.633519110429654,3.667670219004635,4.834499749354266,0.1455353329818238,0.07662587720440328,0.19191632823256402,0.179916328232564,0.07606463033215116,0.21294598721688374,0.20094598721688373,0.13623205894708335,0.817928267371406,0.09368288181389982,0.269916328232564,0.21991632823256402,0.09478846508008118,0.7593907049113447,0.8415716754920938,0.2906075937671699,0.0896707692986036,0.23906171333363985,0.38065992360058665,1.0,0.161208227709399,0.17808901178403633,2.5274759394003175,331.6522756381447,-1.3108625296354148e-11,-4.440892098500626e-16,3.2862601528904634e-14,0.0,0.0
equilibrium_sigma_1.35,323.0,10.221031129772655,8.850066732385496,6.361994625835597,3.876,7.733269820804246,3.422461784922331,8.720547353553748,3.0510430558150623,13.876143945167904,1.4641127175829882,3.7820783134336575,6.32812041240073,4.530773685994614,4.844547353553748,3.857269820804246,4.974066732385497,0.15797097005835936,0.08153853561567823,0.211910795990387,0.199910795990387,0.08363028917082528,0.23375064784225685,0.22175064784225684,0.1501960597605212,0.8785175636072333,0.09281377970507187,0.289910795990387,0.239910795990387,0.08964594759907064,0.7739385508350916,0.8597197961152347,0.2992733125795591,0.09140757366009795,0.23672943908420116,0.37258967467614174,0.9999999999999999,0.15146117094048864,0.16637611546961456,2.5456593125881573,331.98658082199546,-1.049205167191758e-11,-4.440892098500626e-16,3.1530333899354446e-14,2.220446049250313e-16,0.0
equilibrium_sigma_1.35,324.0,9.221031129772655,9.015303761857679,6.446408780494764,3.888,7.9569451672018845,3.51054841464265,8.966501774802934,3.2094508900322474,14.236618152464322,1.4109921820885556,3.8002674439370416,6.591815545340656,4.752938961570888,5.078501774802934,4.068945167201885,5.127303761857679,0.17300278700444027,0.08748830768844082,0.2362819985437243,0.2242819985437243,0.09286505137125507,0.25901635977376714,0.24701635977376712,0.16720606918374514,0.9523696925567403,0.0918638091617226,0.3142819985437243,0.2642819985437243,0.08399417582901972,0.7890862241397827,0.8777584539316727,0.30842011896355437,0.0930436789961669,0.2341556947342213,0.3643805073060574,1.0,0.1413122298263456,0.15427001237054191,2.5642176780231134,332.28971055106166,-7.770672993956396e-12,-4.440892098500626e-16,2.5757174171303632e-14,-1.1102230246251565e-16,0.0
equilibrium_sigma_1.35,325.0,8.221031129772655,9.197247655701771,6.537435101016314,3.9,8.207813390196474,3.608951659188896,9.240596955601754,3.386834754344583,14.632667269375272,1.3463649867981902,3.8190086263570877,6.881956078674952,5.002940685933,5.340596955601754,4.307813390196474,5.297247655701771,0.1915773895679288,0.09483577597738642,0.26661985996215987,0.25461985996215986,0.10439025248496678,0.29036107731528205,0.27836107731528204,0.18837429143658824,1.0443026059459388,0.09081254364148915,0.3446198599621598,0.29461985996215984,0.07779835334899343,0.8049064336968403,0.8955525041253407,0.31810785493526805,0.094548639146998,0.23132891576872566,0.3560145901490082,0.9999999999999999,0.13071268942311695,0.14173981351887907,2.5834845914276143,332.55994387445554,-5.2589044230444415e-12,0.0,2.1316282072803006e-14,2.220446049250313e-16,0.0
equilibrium_sigma_1.35,326.0,7.221031129772655,9.40011919459337,6.636726351764727,3.912,8.492977769986817,3.7204086649674735,9.550067886959916,3.5881479633072693,15.07330509544372,1.267228065201997,3.838330263182954,7.205445575004114,5.287972097942298,5.638067886959916,4.580977769986817,5.488119194593371,0.21516353513561426,0.10413195775589036,0.30538562898637456,0.29338562898637455,0.11917442513833887,0.33028766093678996,0.31828766093678995,0.21542243091809965,1.161774633292044,0.0896318053190906,0.3833856289863745,0.3333856289863745,0.07102154943674775,0.8214902565097407,0.9129397553266353,0.3284110863547001,0.09588340930989217,0.22824007990623607,0.3474654244291716,1.0,0.1196015281384737,0.12874521262140975,2.60391432406116,332.79552545103155,-3.19033688356285e-12,0.0,1.2878587085651816e-14,-1.1102230246251565e-16,0.0
equilibrium_sigma_1.35,327.0,6.221031129772655,9.630028219662995,6.746637842512479,3.924,8.822702946083592,3.8489055344099476,9.905362867216205,3.820555028765946,15.57149866073299,1.1692525902485276,3.8582606635415826,7.5722842309679885,5.618372306873809,5.981362867216205,4.898702946083592,5.706028219662995,0.24616686806492344,0.11626475855219902,0.35660053637991646,0.34460053637991644,0.13881167709043976,0.3828814742146136,0.3708814742146136,0.2511626064705119,1.316971322363383,0.08828192123694464,0.4346005363799164,0.3846005363799164,0.06362508871621543,0.8389547034137392,0.92972525384799,0.3394250748432541,0.09699666948754036,0.22488482705411872,0.33869342861508683,1.0,0.1079003487127947,0.11523199459163387,2.6261401832423554,332.9947160236801,-1.6866508190105378e-12,-4.440892098500626e-16,7.549516567451064e-15,2.220446049250313e-16,0.0
equilibrium_sigma_1.35,328.0,5.221031129772655,9.896293860565072,6.870698325600627,3.936,9.212610544038858,4.000561067611832,10.322369022130692,4.094965462656142,16.146883095518866,1.045878418106665,3.8788268679753006,7.997730926606506,6.009802294672263,6.386369022130692,5.276610544038858,5.960293860565072,0.2888119970816622,0.13276654924867826,0.42730783409463036,0.41530783409463035,0.16611618971831976,0.45528949821793674,0.44328949821793673,0.3005173021630725,1.5312358608928192,0.08670548583630085,0.5053078340946303,0.4553078340946303,0.05556945596108088,0.8574552259694782,0.9456735930477033,0.3512755740812204,0.09781883872177125,0.22126702079985952,0.32963856639714884,0.9999999999999999,0.09550499860044959,0.10112442805165552,2.651075833842282,333.15588048225027,-7.318590178329032e-13,0.0,1.7763568394002505e-15,-2.220446049250313e-16,0.0
equilibrium_sigma_1.35,329.0,4.221031129772655,10.214153463976807,7.014561248348157,3.948,9.688173307038161,4.18544854539267,10.826962115109998,4.42917058657269,16.831295487517934,0.8864750561468595,3.900052419719424,8.506737812479788,6.487700987274074,6.8789621151099976,5.740173307038161,6.266153463976806,0.35124592015247413,0.15653736035993082,0.5310505721709203,0.5190505721709203,0.20654544600347657,0.561234657139309,0.549234657139309,0.37294343795402085,1.8456077944573346,0.08481615694842555,0.6090505721709204,0.5590505721709204,0.04681624860725678,0.8772077704094101,0.9604976802778367,0.3641359922848695,0.09825154505259955,0.2174058439487967,0.32020661871373435,1.0,0.08227079382569522,0.0863115781248741,2.680105956541054,333.2776526587114,-2.4424906541753444e-13,0.0,-1.7763568394002505e-15,2.220446049250313e-16,0.0
equilibrium_sigma_1.35,330.0,3.221031129772655,10.611088668106293,7.18818922682382,3.96,10.295181520932646,4.421871331047476,11.46558638005137,4.855140393512508,17.681604726379938,0.6721002394769888,3.9219531370476037,9.144302609689557,7.097672448456138,7.50558638005137,6.335181520932646,6.651088668106293,0.4514142663979512,0.19383592831568403,0.697563891260143,0.6855638912601429,0.27219425524986585,0.7307972869963208,0.7187972869963208,0.4891813485841112,2.3501936098792213,0.08247657873839825,0.775563891260143,0.725563891260143,0.037332173622412756,0.8985323532855481,0.9738411841890181,0.37826098674037595,0.09814750583386553,0.21335019561376448,0.31024131181199405,1.0,0.06798332329868273,0.07061971059581007,2.715488571223821,333.35924200274917,-5.1514348342607263e-14,-8.881784197001252e-16,-1.7763568394002505e-15,0.0,0.0
equilibrium_sigma_1.35,331.0,2.221031129772655,11.144687749708712,7.411910051163048,3.972,11.129205134403502,4.748503010154816,12.33499037229846,5.4395403224194006,18.815655345837996,0.36369065824165947,3.9445284682861175,10.00469288626801,7.93477398122835,8.36299037229846,7.157205134403503,7.172687749708713,0.6379104499652858,0.2612311041704186,1.0070651139709095,0.9950651139709095,0.39603749626342044,1.04497714328744,1.03297714328744,0.7051100677601951,3.28807610294215,0.0794480103233227,1.0850651139709095,1.0350651139709095,0.027097620977493134,0.9219529957337153,0.9852472323658733,0.3940627660708481,0.09726680726876111,0.20921366429133068,0.2994567623690601,1.0,0.052291492858410775,0.05374793400232921,2.7613655216764954,333.401060328815,-4.440892098500626e-15,8.881784197001252e-16,-8.881784197001252e-16,2.220446049250313e-16,0.0
equilibrium_sigma_1.35,332.0,1.2210311297726548,11.97239760598343,7.739577158667807,3.984,12.450213432189603,5.272113571413812,13.697731551047129,6.363462533738451,20.55138834044556,-0.1432668289270298,3.967741650193267,11.345579821737424,9.257788249275993,9.713731551047129,8.466213432189603,7.98839760598343,1.1025488256444158,0.4224530874975943,1.7747505534030883,1.7627505534030883,0.7093266700042237,1.8214392160755162,1.8094392160755162,1.2400065336762414,5.6143956163729944,0.07524462406347257,1.8527505534030884,1.8027505534030883,0.016126896207876867,0.948493630560252,0.9940911878357064,0.4123344985841895,0.0951641742124058,0.2052845763635346,0.28721675083987014,1.0,0.034509267524631126,0.03507491707174711,2.82721781569904,333.40618325254377,-4.440892098500626e-15,8.881784197001252e-16,0.0,2.220446049250313e-16,0.0
equilibrium_sigma_1.35,333.0,0.22103112977265482,13.957660452565268,8.454367137113506,3.996,15.672645091618575,6.58696909775374,16.978993341952183,8.610962550805992,24.60190164146913,-1.401905298601061,3.991463674670071,14.581941386198464,12.483552851258242,12.982993341952183,11.676645091618575,9.961660452565267,4.111041503677898,1.4045833413107125,6.69314543154953,6.68114543154953,2.7853217778890484,6.78014678527149,6.76814678527149,4.6638044100826805,20.51862251984706,0.06845407580124349,6.77114543154953,6.72114543154953,0.004526051746822015,0.9812411483484017,0.9993723400324133,0.43541362500474656,0.0909857884305864,0.20279341362477157,0.2708071729398954,0.9999999999999999,0.012568430606570856,0.012625574610591783,2.9555234697768813,333.3847660378401,1.3516832098048326e-10,8.881784197001252e-16,-5.329070518200751e-15,-2.220446049250313e-16,0.0
equilibrium_sigma_1.35,333.22103112977265,0.0,15.340417006344177,8.914628883509376,3.998652373557272,17.916455801186743,7.532003310379932,19.252440011772308,10.177337147447851,27.351054482662526,-2.272374454566881,3.9967602981240358,16.844221423516395,14.744839433749112,15.253787638215035,13.91780342762947,11.341764632786905,10.196736444607097,3.307617214759977,16.421999999999745,16.409999999999744,6.986026242755868,16.69171885334053,16.67971885334053,11.516944361223608,49.99999999999922,0.06615234429520057,16.499999999999744,16.449999999999743,0.0018902865869022182,0.9907011542516226,0.999868878982075,0.4421905361101797,0.08997543518863509,0.20493472889214517,0.2628992998090401,1.0,0.006230226651412831,0.006242025869188455,3.0228956228956174,333.3789285115506,-1.2797229942407284e-10,-8.881784197001252e-16,1.0658141036401503e-14,-1.1102230246251565e-16,0.0
