scenario,time,time_to_terminal,log_capital,log_capability,log_population,log_consumption,log_shadow_value,log_output,log_wage,log_ai_services,log_inference_compute,log_human_research,log_production_labor,log_automated_research,log_effective_research,log_output_per_capita,log_consumption_per_capita,log_capital_per_capita,capital_growth,capability_growth,consumption_growth,consumption_per_capita_growth,shadow_growth,output_growth,output_per_capita_growth,wage_growth,output_capital_ratio,capability_growth_to_output_capital,gross_capital_return,net_capital_return,human_research_share,ai_share,inverse_demand_elasticity,monopoly_soc_margin,automated_research_share,inference_share,research_resource_share,investment_share,consumption_share,resource_share_sum,production_labor_share,aggregate_labor_share,shadow_capability_to_capital,singularity_time_estimate,monopoly_foc_log_error,research_compute_foc_log_error,research_human_foc_log_error,labor_market_error,euler_residual,capital_law_residual,capability_law_residual,consumption_euler_path_residual,shadow_costate_residual
equilibrium_sigma_1.35,0.0,333.22103115012817,0.9200248718261719,0.0,0.0,-0.4673842508412481,-0.7350228162518947,-0.06914801353433497,-0.5476544757011227,-4.280636077616987,-4.280636077616987,-6.741657502492558,-0.0011813861014970649,-9.07504487070702,-7.293195642275189,-0.06914801353433497,-0.4673842508412481,0.9200248718261719,0.06660414601605433,0.003695026253287055,0.04472177104413665,0.03272177104413665,0.041469080053180216,0.03161501103909892,0.019615011039098917,0.01902618161075953,0.37188415467920194,0.009935960451110082,0.12272177104413665,0.07272177104413664,0.0011806885396603206,0.07615436378610067,0.7094610409485979,0.19863409828453116,0.14359668053102673,0.014824292419869217,0.0001226842155468326,0.31354964859054146,0.6715033747740424,1.0,0.6189765762633125,0.6197082587022952,0.19108294310987706,21.229377454141012,-1.1700196367314675e-11,5.551115123125783e-16,1.1601830607332886e-13,0.0,0.0,0.0,0.0,0.0,0.0
equilibrium_sigma_1.35,1.0,332.22103115012817,0.9831354438596437,0.003733639288815226,0.012,-0.4246930322428028,-0.6955384650377606,-0.038762393246859206,-0.5298288280596655,-4.238515727767326,-4.242249367056141,-6.698334526812688,0.010781000805328803,-8.996070599744122,-7.2447140168668716,-0.0507623932468592,-0.4366930322428028,0.9711354438596437,0.05981257272802776,0.0037715935978375748,0.04077070877015123,0.02877070877015123,0.037607299728360355,0.029224913586367585,0.017224913586367584,0.016692225626169233,0.35991123869742797,0.010479232633822522,0.11877070877015124,0.06877070877015123,0.0012182565169580565,0.07670627583970685,0.7092343481828759,0.19867922525762596,0.14580277656444665,0.014943378696484932,0.00012879247028832632,0.30511015195150815,0.6798176768817187,1.0000000000000002,0.6186067951873964,0.6193613361715392,0.18731936780697014,22.935600337104333,-1.1864044035386767e-11,1.1102230246251565e-16,1.7186252421197423e-13,0.0,0.0,-2.0422077126602822e-08,4.499062407348209e-11,-1.115595765766031e-08,-1.0979474822370161e-08
equilibrium_sigma_1.35,2.0,331.22103115012817,1.0399995711072587,0.0075419590479842815,0.024,-0.38564542968903,-0.6596151911634553,-0.010575378446311345,-0.5141500427862984,-4.199286669833522,-4.206828628881506,-6.6574440560394725,0.02274524725942242,-8.923822558424035,-7.199220795712423,-0.034575378446311346,-0.40964542968903,1.0159995711072587,0.054071963933632644,0.003844473470180189,0.03741308142750454,0.02541308142750454,0.034325806803778385,0.02720404392780873,0.01520404392780873,0.01471900183069863,0.3497366103863774,0.010992482216639954,0.11541308142750455,0.06541308142750454,0.0012539658675023802,0.07720839541248135,0.709028107217614,0.19872024802926191,0.14776634454235815,0.015051866877927369,0.00013459407245096255,0.2975724040404503,0.6872411350091713,0.9999999999999999,0.6182703750736375,0.6190466384286191,0.18413744745054403,24.57375651973338,-1.2010048337784962e-11,-4.440892098500626e-16,2.4014124022642136e-13,0.0,0.0,2.9669762501016717e-08,-7.345557018548221e-11,1.633239582465862e-08,1.605049407271686e-08
equilibrium_sigma_1.35,3.0,330.22103115012817,1.0915607237594036,0.011421516523666669,0.036000000000000004,-0.34970685094650855,-0.6267305961322385,0.015744616039523263,-0.5002942032652506,-4.16250227007641,-4.173923786600077,-6.618635851652691,0.034711132672751464,-8.857302674995001,-7.156293482194575,-0.02025538396047674,-0.3857068509465086,1.0555607237594036,0.049177036963201026,0.003914141813593497,0.034536379954278405,0.022536379954278405,0.031513939656032525,0.025480506631869737,0.013480506631869737,0.013036197433202723,0.34101933319478306,0.011477771001791917,0.11253637995427841,0.06253637995427841,0.0012880370944798546,0.07766807983850123,0.7088392960959637,0.1987577763740683,0.1495197600110953,0.015151308173941383,0.00014011496538274797,0.29082526211660026,0.6938833147440756,1.0,0.6179623865082041,0.6187593715312936,0.18143282511063322,26.150796217144546,-1.2140250610359615e-11,4.440892098500626e-16,3.1963320878958257e-13,0.0,0.0,-2.3588480072000984e-08,6.452673898676986e-11,-1.3077586104304206e-08,-1.2837334924242771e-08
equilibrium_sigma_1.35,4.0,329.22103115012817,1.1385831844825998,0.015369307289886242,0.048,-0.31644126508262177,-0.5964591622214647,0.04046639596803764,-0.48799878259377005,-4.127800733083502,-4.143170040373389,-6.581622629061419,0.046678465786984404,-8.795698611060589,-7.115584163362365,-0.007533604031962363,-0.36444126508262176,1.0905831844825997,0.04497188935258374,0.0039810020836579686,0.03205451852274297,0.02005451852274297,0.02908713899614022,0.023999658737006158,0.011999658737006157,0.011590386244375583,0.333498540978009,0.011937089955426453,0.11005451852274298,0.060054518522742975,0.0013206613712166168,0.07809135714708766,0.7086654388606961,0.1987923092110988,0.15109003699942114,0.015242976546543866,0.00014537920722745365,0.284774527271009,0.6998371169752198,1.0,0.6176787907114512,0.6184956139770976,0.1791247050565328,27.67287444720644,-1.2257899556500362e-11,-1.1102230246251565e-16,4.0889513996944515e-13,0.0,0.0,8.595394618282626e-09,-2.6014588920542092e-11,4.79817254678272e-09,4.703531831379282e-09
equilibrium_sigma_1.35,5.0,328.22103115012817,1.1816939725240698,0.019382700320331764,0.06,-0.2854886941018261,-0.5684500294502577,0.06381064028202282,-0.4770483034828187,-4.094885252473495,-4.114267952793827,-6.546166015739725,0.058647079421371165,-8.738341039516792,-7.076803113980402,0.003810640282022826,-0.3454886941018261,1.1216939725240698,0.04133600616222427,0.004045399672092257,0.029900480151146998,0.017900480151146998,0.026979661355568674,0.022719230051704287,0.010719230051704286,0.010340249346485475,0.3269711519731727,0.012372344311354333,0.107900480151147,0.057900480151147,0.0013520057941728743,0.0784832247452812,0.7085044828731418,0.1988242596301369,0.1524999383394832,0.01532793048273869,0.00015040909445907083,0.27933964697203073,0.7051820134507716,1.0000000000000002,0.6174162394206615,0.6182521198689841,0.17714949441757283,29.145460666042784,-1.2366080381909228e-11,0.0,5.087041898832467e-13,0.0,0.0,8.650022920164702e-10,-2.876551427610785e-12,4.860220524649517e-10,4.758043230246312e-10
equilibrium_sigma_1.35,6.0,327.22103115012817,1.2214132046184976,0.02345938555284534,0.07200000000000001,-0.2565487999877085,-0.542410809179711,0.08596051999841531,-0.46726394846122166,-4.063509632627414,-4.08696901818026,-6.512066235295133,0.07061682642526897,-8.684672549028788,-7.039706705426842,0.0139605199984153,-0.32854879998770853,1.1494132046184975,0.03817476702531025,0.004107632777775023,0.0280212949659572,0.016021294965957198,0.0251396083005504,0.021606010362495986,0.009606010362495986,0.009253331242076168,0.3212766514119915,0.012785344841345378,0.1060212949659572,0.0560212949659572,0.0013822174310504872,0.07884786836305067,0.7083547088834729,0.19885397321333917,0.15376880877240157,0.015407058380373928,0.00015522528121923179,0.27445121404804074,0.7099865022903662,1.0,0.6171719281967559,0.6180261747483387,0.17545641258792477,30.573429330147288,-1.2464456550231873e-11,5.551115123125783e-16,6.182832024137497e-13,0.0,0.0,-9.468308616311649e-08,3.3984256554708825e-10,-5.351590155744379e-08,-5.234486368660418e-08
equilibrium_sigma_1.35,7.0,326.22103115012817,1.2581764682629362,0.027597331128004363,0.084,-0.22936871070506032,-0.5180955915625727,0.1070695284931717,-0.45849590026524056,-4.033467691441736,-4.06106502256974,-6.479154403274427,0.08258757652677663,-8.634224620615882,-7.00408834473606,0.02306952849317169,-0.31336871070506034,1.174176468262936,0.03541285703135004,0.004167960708474702,0.026374533603415094,0.014374533603415094,0.023525458613108004,0.020633548532544843,0.008633548532544843,0.008303787351893188,0.31628646546489425,0.01317780292099574,0.1043745336034151,0.0543745336034151,0.0014114264726404295,0.07918882515868202,0.7082146640366747,0.1988817416682447,0.15491320875013442,0.01548111242901729,0.00015984688828618417,0.27004904211062525,0.7143099985720713,1.0,0.616943487143683,0.6178154882790474,0.17400439374167115,31.9611347652662,-1.255470380434609e-11,6.661338147750939e-16,7.371880883511039e-13,0.0,0.0,-3.909929779943866e-08,1.5239846710979332e-10,-2.2228754836817188e-08,-2.171569365647108e-08
equilibrium_sigma_1.35,8.0,325.22103115012817,1.2923516798358163,0.031794747831419945,0.096,-0.20373378861077124,-0.4952958618328298,0.12726738562817724,-0.45061756776605183,-4.004585274087427,-4.036380021918847,-6.447286648199232,0.09455921379918247,-8.586600200542055,-6.969771533735069,0.03126738562817724,-0.29973378861077127,1.1963516798358163,0.03298958826663888,0.004226610394133102,0.024925802056162884,0.012925802056162883,0.022103593162230473,0.019780517755974003,0.007780517755974003,0.0074707840111432056,0.31189636986716024,0.013551329231350967,0.10292580205616289,0.05292580205616289,0.0014397487666793789,0.07950910801608728,0.7080831108185774,0.19890781320391815,0.15594740782494992,0.015550734487539299,0.00016429161216527448,0.2660806482037126,0.718204325696583,1.0000000000000002,0.6167288976292215,0.6176181125450371,0.17275985091723878,33.31247507709513,-1.2638390334274163e-11,2.220446049250313e-16,8.643641358219156e-13,0.0,0.0,2.8890756453847644e-08,-1.2162358706963028e-10,1.651607582642267e-08,1.6116079901151714e-08
equilibrium_sigma_1.35,9.0,324.22103115012817,1.3242519408251676,0.03605005934863761,0.108,-0.17946054747353507,-0.47383353851074367,0.14666454307179094,-0.4435211808135926,-3.9767141622193,-4.012764221567938,-6.416339574434567,0.106531634617473,-8.541460352872198,-6.936604494268077,0.038664543071790944,-0.28746054747353506,1.2162519408251675,0.030855520113489396,0.004283781533159099,0.023646921742333717,0.011646921742333716,0.02084649845666362,0.019029533911418817,0.007029533911418816,0.006737342184703898,0.30802097497676884,0.013907434496894846,0.10164692174233372,0.05164692174233372,0.0014672878615413954,0.07981130128409905,0.7079589877318274,0.19893240051413566,0.15688377195746384,0.015616476055888994,0.000168575827266924,0.26250004604260335,0.7217149020742408,1.0,0.6165264281396535,0.6174323791749396,0.17169503641214545,34.630946364916795,-1.2715252462047744e-11,-1.6653345369377348e-16,1.0006995232458848e-12,0.0,0.0,4.921939286348098e-08,-2.2266756927874498e-10,2.8285002739297793e-08,2.7569574498342853e-08
equilibrium_sigma_1.35,10.0,323.22103115012817,1.3541454754389741,0.040361877173669514,0.12,-0.15639114547385594,-0.4535555664848825,0.16535566883375485,-0.43711438384059537,-3.9497273658873326,-3.990089243061002,-6.386206715296036,0.11850474599184248,-8.498513899787381,-6.904455952873616,0.04535566883375486,-0.2763911454738559,1.2341454754389742,0.02896997705696626,0.004339650707277402,0.02251458565410775,0.01051458565410775,0.019731441365871197,0.01836628723883571,0.00636628723883571,0.006089487942784189,0.3045896534972962,0.014247531580438021,0.10051458565410776,0.050514585654107755,0.0014941366728524748,0.08009763547345082,0.7078413786147937,0.19895568699929767,0.15773307111645704,0.015678813886813064,0.0001727146808476582,0.25926677465972187,0.7248816967726174,0.9999999999999999,0.6163345842327879,0.6172568503294346,0.1707868203639975,35.91968899222317,-1.2786494085759159e-11,2.220446049250313e-16,1.1465828286816304e-12,0.0,0.0,2.500627593882143e-09,-1.2100621719912663e-11,1.4441589174518654e-09,1.4061701004985938e-09
equilibrium_sigma_1.35,11.0,322.22103115012817,1.3822634200454769,0.044728979242489045,0.132,-0.13438904442402308,-0.4343296596671515,0.18342238011747625,-0.4313175648055283,-3.923515433260623,-3.968244412503112,-6.356795723276666,0.1304784641883448,-8.457509269697573,-6.873211790522425,0.05142238011747624,-0.2663890444240231,1.250263420045477,0.027299196991928384,0.004394374718944403,0.02150935049094147,0.009509350490941471,0.01873947610329828,0.017778894198794415,0.005778894198794415,0.005515618480833595,0.3015434863361863,0.014572938624332215,0.09950935049094148,0.049509350490941476,0.0015203788628961798,0.08037004634183019,0.7077294883729297,0.1989778316826743,0.15850472679102642,0.0157381623579604,0.00017672218233535784,0.2563451060778301,0.7277400093818739,0.9999999999999998,0.6161520689509737,0.6170902799691376,0.17001576677960092,37.18152752965477,-1.2854092790171023e-11,5.551115123125783e-17,1.2986833830552769e-12,0.0,0.0,-3.616344189730225e-08,1.841808589322924e-10,-2.097505916176523e-08,-2.0411870627762285e-08
equilibrium_sigma_1.35,12.0,321.22103115012817,1.4088059966848718,0.049150291615609576,0.14400000000000002,-0.11333555091917848,-0.416040912166867,0.20093541040879792,-0.4260617374888651,-3.897983526111034,-3.9471338177266433,-6.328026120668996,0.1424527135771001,-8.418228012456254,-6.842772352079363,0.056935410408797904,-0.2573355509191785,1.264805996684872,0.025814931093720392,0.004448093324617161,0.02061487064964771,0.00861487064964771,0.01785469020019172,0.01725740714580981,0.005257407145809811,0.005006022588960324,0.2988329413625688,0.014884882852390648,0.09861487064964772,0.048614870649647715,0.0015460899924157907,0.08063022212435053,0.7076226235792945,0.19899897313624876,0.15920701305570462,0.0157948833795114,0.00018061128679008583,0.2537033927653091,0.7303211125683894,0.9999999999999999,0.6159777511766851,0.6169315829230476,0.16936542552085185,38.41900539110991,-1.2918666136840784e-11,1.1102230246251565e-16,1.4599432773820809e-12,0.0,0.0,-1.6085995004772036e-08,8.696309731354157e-11,-9.370982847339837e-09,-9.110857138172612e-09
equilibrium_sigma_1.35,13.0,320.22103115012817,1.4339474793416314,0.053624872548987464,0.156,-0.09312701894014692,-0.3985890604101184,0.21795635378265799,-0.4212868372568924,-3.8730490673910687,-3.926673939940056,-6.299827472292703,0.1544274256485058,-8.380479563615676,-6.813050253216256,0.061956353782657986,-0.24912701894014694,1.2779474793416314,0.024493369675485543,0.004500931517054125,0.01981730742322959,0.00781730742322959,0.017063623494303765,0.0167934379588508,0.0047934379588507985,0.004552512638256179,0.2964160831006957,0.015184505071288963,0.0978173074232296,0.047817307423229594,0.001571338504354092,0.0808796418711564,0.707520176727736,0.19901923266384755,0.15984722243546662,0.01584929445194159,0.00018439397564778165,0.25131352150746605,0.7326527900649447,1.0,0.6158106399463251,0.6167798098101881,0.1688217816046429,39.634415401194566,-1.2978888797032795e-11,1.6653345369377348e-16,1.6297518889984985e-12,0.0,0.0,1.1716933451255684e-08,-6.698935503535175e-11,6.853949779256352e-09,6.6578992527488445e-09
equilibrium_sigma_1.35,14.0,319.22103115012817,1.4578402014170329,0.05815189869272923,0.168,-0.07367258119321639,-0.3818862649575409,0.23453907311809466,-0.4169403454116849,-3.8486398433090465,-3.9067917420017757,-6.27213789746611,0.16640253818166736,-8.34409700509831,-6.783968589469706,0.06653907311809465,-0.24167258119321638,1.289840201417033,0.02331431114344394,0.004553001422023891,0.019104869771034948,0.0071048697710349475,0.01635481692295252,0.01637986670674496,0.004379866706744961,0.004148139761683822,0.29425718112434834,0.015472864263250948,0.09710486977103495,0.04710486977103495,0.0015961865553538162,0.08111960661345398,0.7074216134317332,0.19903871688645144,0.1604318026512139,0.015901675226958602,0.0001880813307677675,0.24915045696866953,0.7347597864736042,1.0000000000000002,0.6156498635689858,0.6166341266715513,0.1683728240314946,40.829826408085836,-1.303597507718024e-11,5.551115123125783e-17,1.8082757513582237e-12,-1.1102230246251565e-16,0.0,2.1367253903725736e-08,-1.2875502920783877e-10,1.2547430268405879e-08,1.2178690785014101e-08
equilibrium_sigma_1.35,15.0,318.22103115012817,1.4806178233893859,0.06273065305018172,0.18,-0.0548922903226889,-0.3658552948352092,0.2507308488872476,-0.41297616714068286,-3.8246924560733153,-3.887423109123497,-6.244902846141658,0.17837799453342965,-8.30893359723148,-6.755459459044493,0.07073084888724762,-0.23489229032268888,1.300617823389386,0.02226051173500883,0.004604403892040449,0.018467453300469124,0.006467453300469123,0.01571845813532766,0.01601061357936473,0.0040106135793647295,0.0037869709229587656,0.29232561606202767,0.015750942233757084,0.09646745330046913,0.04646745330046913,0.0016206907266380808,0.0813512649627084,0.7073264619097617,0.19905751986376397,0.16096647047770388,0.015952272905192858,0.0001916836030271936,0.247191856493603,0.736664186998177,1.0,0.6154946524749854,0.6164937982568501,0.16800820438027647,42.00710664789551,-1.308969599378429e-11,-2.220446049250313e-16,1.995181797553869e-12,0.0,0.0,1.6682005152257595e-09,-1.0561534286024354e-11,9.831650632508016e-10,9.535609593602778e-10
equilibrium_sigma_1.35,16.0,317.22103115012817,1.50239802134558,0.06736051441202782,0.192,-0.03671558243028697,-0.35042802810587154,0.26657332478074774,-0.40935370803899235,-3.801151051129831,-3.868511565541859,-6.218074083627797,0.1903537430250824,-8.274859916513847,-6.727462733930075,0.07457332478074774,-0.22871558243028697,1.3103980213455801,0.021317171512513416,0.004655229857664742,0.017896353568330657,0.005896353568330657,0.015146100315005389,0.015680458533284813,0.003680458533284813,0.003463912649492862,0.2905950108131232,0.01601964825424495,0.09589635356833066,0.04589635356833066,0.0016449026372017987,0.08157563432338043,0.7072343042723596,0.1990757248506438,0.16145630732744112,0.01600130671607267,0.0001952102761237012,0.24541774242083012,0.7383857405869736,1.0000000000000002,0.615344325003335,0.6163581741895203,0.1677189637686873,43.16794437319503,-1.3141168708763473e-11,-1.6653345369377348e-16,2.1905810498878964e-12,0.0,0.0,-1.650471451869473e-08,1.0848028204890614e-10,-9.757027109869032e-09,-9.459672224362836e-09
equilibrium_sigma_1.35,17.0,316.22103115012817,1.523284714242444,0.07204094805574413,0.20400000000000001,-0.019079998537803913,-0.3355442052902381,0.2821032914342022,-0.4060371088457743,-3.7779662630238096,-3.8500072110795536,-6.191608842924798,0.2023297364111457,-8.241761477424003,-6.699925031147544,0.0781032914342022,-0.22307999853780391,1.319284714242444,0.020471524515421988,0.004705561479314769,0.017384036450855032,0.005384036450855032,0.014630437174303582,0.015384897411596654,0.003384897411596654,0.0031745704373586925,0.2890425346995607,0.01627982360522083,0.09538403645085504,0.045384036450855036,0.001668869474913444,0.08179361858395136,0.7071447692557029,0.19909340576066703,0.16190583994609442,0.016048971659567153,0.00019867012562426535,0.2438102218715739,0.7399421363432346,0.9999999999999999,0.6151982755487525,0.6162266774403601,0.1674973126917704,44.313866096230775,-1.3191114867083797e-11,5.551115123125783e-16,2.3960278205947816e-12,0.0,0.0,-7.76569338348243e-09,5.3358072300835335e-11,-4.6053637396681335e-09,-4.4621118813759075e-09
equilibrium_sigma_1.35,18.0,315.22103115012817,1.5433699448896188,0.07677149736504922,0.216,-0.0019300998050362328,-0.32115037269859525,0.29735334866649843,-0.40299459891580847,-3.755094325352788,-3.831865822717837,-6.165469103192906,0.21430593140129928,-8.20953671783175,-6.672798834216259,0.08135334866649843,-0.21793009980503622,1.3273699448896188,0.01971250699250983,0.004755473160356283,0.016923951285740348,0.004923951285740347,0.014165120031042446,0.015120025420589656,0.0031200254205896553,0.0029151349054123976,0.2876483372295162,0.016532246305188493,0.09492395128574035,0.04492395128574035,0.0016926344744414331,0.0820060231822526,0.7070575260336599,0.19911062841109012,0.16231911002826127,0.01609544169868366,0.0002020712769734014,0.24235324168373631,0.7413492453406068,1.0000000000000002,0.6150559644678907,0.6160987945271692,0.16733645040341424,45.44625317475615,-1.323814668996448e-11,5.551115123125783e-16,2.6106894424060556e-12,0.0,0.0,9.461778253949671e-08,-6.807495626232063e-10,5.628509838415119e-08,5.449462480398848e-08
equilibrium_sigma_1.35,19.0,314.22103115012817,1.5627353856435533,0.08155177692994181,0.228,0.014783403181308098,-0.30719903477885496,0.3123524355484222,-0.40019797872077895,-3.732496358619529,-3.814048135549471,-6.139621009109685,0.22628228829189917,-8.178095383358018,-6.646041786215149,0.08435243554842217,-0.2132165968186919,1.3347353856435533,0.019030495607122735,0.004805032339386086,0.01651038327270237,0.004510383272702371,0.013744613417311289,0.01488244516623105,0.0028824451662310506,0.0026822919521607425,0.2863951008263708,0.01677763455283117,0.09451038327270238,0.044510383272702375,0.0017162372856764918,0.0822135671486041,0.7069722792711844,0.19912745151828465,0.16269973019347655,0.016140872310556824,0.0002054212479960613,0.2410323898975248,0.7426213165439222,0.9999999999999999,0.6149169100104352,0.6159740676723844,0.1672304222724441,46.566355241828184,-1.328431809000108e-11,1.6653345369377348e-16,2.8359536941025e-12,0.0,0.0,6.340946497734867e-08,-4.746517970333208e-10,3.782350065095752e-08,3.660089919685361e-08
equilibrium_sigma_1.35,20.0,313.22103115012817,1.5814537725698756,0.08638146518909345,0.24,0.03110448575113548,-0.2936478419884704,0.3271263360510148,-0.3976221264054862,-3.7101376918971565,-3.7965191570862498,-6.114034311699665,0.2382587705299525,-8.147356981316943,-6.619616003449245,0.08712633605101483,-0.20889551424886452,1.3414537725698756,0.018417078120981367,0.004854300359330516,0.016138322625474287,0.004138322625474287,0.013364067245610522,0.01466918600978584,0.0026691860097858393,0.002473143994041749,0.28526764431961904,0.017016652452500607,0.0941383226254743,0.04413832262547429,0.0017397144094974013,0.08241689484472568,0.7068887643026662,0.19914392766495137,0.16305093971193987,0.01618540298669983,0.00020872701306136237,0.23983469378085387,0.7437711762193849,1.0,0.6147806804540337,0.6158520872042621,0.16717399054570511,47.675305090167825,-1.332850496638116e-11,1.1102230246251565e-16,3.071320975323033e-12,0.0,0.0,4.393840468547294e-09,-3.415325140754266e-11,2.6275589273816458e-09,2.541406940795299e-09
equilibrium_sigma_1.35,21.0,312.22103115012817,1.5995899355501397,0.09126029929376148,0.252,0.04707240884854181,-0.28045900783409616,0.34169804180697005,-0.3952446436706643,-3.6879873760148505,-3.779247675308612,-6.088681966391828,0.2502353444586855,-8.117249670538966,-6.593487584780842,0.08969804180697005,-0.2049275911514582,1.3475899355501397,0.01786488286533376,0.004903333012820982,0.0158033679218074,0.0038033679218073997,0.013019222408188817,0.014477644140753476,0.002477644140753476,0.002285151430581056,0.28425263006608303,0.01724991255729474,0.0938033679218074,0.043803367921807404,0.001763099452179758,0.08261658424286811,0.7068067437313553,0.19916010398399883,0.16337564364412957,0.016229158988709746,0.0002119950330988063,0.2387484782447098,0.7448103677334817,1.0,0.6146468885572783,0.6157324861663275,0.16716254040196885,48.774128552701654,-1.3371720397614695e-11,-1.1102230246251565e-16,3.3189562209656742e-12,0.0,0.0,-5.0487484422323536e-08,4.008473275529667e-10,-3.024834102291485e-08,-2.9256900390198237e-08
equilibrium_sigma_1.35,22.0,311.22103115012817,1.617201783276984,0.09618806971122713,0.264,0.06272229601146474,-0.2675987485975788,0.3560880994665311,-0.393045516827704,-3.6660177180357967,-3.762205787747024,-6.063539745081501,0.26221197901871457,-8.087709195542198,-6.567626134591128,0.09208809946653107,-0.20127770398853528,1.353201783276984,0.017367427609238317,0.004952181138242205,0.015501639476606398,0.0035016394766063975,0.012706326269064601,0.014305529396074768,0.0023055293960747673,0.0021160807150977234,0.2833383014442618,0.01747797990246792,0.0935016394766064,0.0435016394766064,0.001786423424067804,0.0828131550117636,0.7067260041081311,0.19917602282451521,0.16367645175241813,0.016272253071635757,0.00021523129981651962,0.2377632225006149,0.7457492931279327,0.9999999999999998,0.6145151861421183,0.6156149350823554,0.1671919940150032,49.86375526590081,-1.341353417227964e-11,2.220446049250313e-16,3.579414542542736e-12,0.0,0.0,-6.099348962007589e-08,5.014416382120856e-10,-3.66230988313454e-08,-3.540784746826342e-08
equilibrium_sigma_1.35,23.0,310.22103115012817,1.6343411342408094,0.10116461548972698,0.276,0.0780856216494452,-0.25503680950900864,0.3703149038008336,-0.39100683081041415,-3.6442038886866515,-3.7453685041763785,-6.038585907121516,0.27418864549192934,-8.05867798554709,-6.542004357650295,0.09431490380083357,-0.1979143783505548,1.3583411342408094,0.01691899507699586,0.005000891127826826,0.015229707790782816,0.003229707790782816,0.012422062916421995,0.014150821454617102,0.0021508214546171016,0.0019639615816968714,0.2825142660326752,0.017701375573184082,0.09322970779078282,0.04322970779078282,0.0018097149955559264,0.0830070753581136,0.7066463531214267,0.19919172231500862,0.16395571166676443,0.01631478694314771,0.00021844137428297182,0.23686943677830452,0.7465973349042647,0.9999999999999999,0.6143852595100638,0.6154991375290019,0.16725873932743815,50.94502805032093,-1.345347444559053e-11,1.1102230246251565e-16,3.850642027458662e-12,0.0,0.0,-4.778164006472019e-08,4.0618463367086965e-10,-2.8748380981324928e-08,-2.7783996140243183e-08
equilibrium_sigma_1.35,24.0,309.22103115012817,1.6510544300756498,0.10618982002210936,0.28800000000000003,0.09319063154256776,-0.2427460569508531,0.3843949493840174,-0.3891125236238645,-3.622523585491889,-3.7287134055139983,-6.013800915367413,0.2861653172748627,-8.030104379419319,-6.516597708843934,0.09639494938401738,-0.19480936845743227,1.3630544300756497,0.016514528978807064,0.005049505372727561,0.014984533583472383,0.0029845335834723825,0.012163494752783926,0.014011733241170443,0.002011733241170443,0.0018270513224560858,0.28177131388931026,0.0179205800016647,0.09298453358347239,0.04298453358347239,0.00183300072359001,0.08319876792469993,0.7065676171746325,0.19920723684868757,0.16421553769776423,0.016356852522807934,0.00022163042207021483,0.23605855422506325,0.7473629628300587,1.0,0.614256825490451,0.6153848263223862,0.16735957006964663,52.01871127307275,-1.3491929795605984e-11,1.6653345369377348e-16,4.135303210972552e-12,0.0,0.0,-2.4983331334271774e-08,2.193336328532025e-10,-1.505963524196796e-08,-1.454958461870326e-08
equilibrium_sigma_1.35,25.0,308.22103115012817,1.6673833508985578,0.11126360724742368,0.3,0.10806270665835617,-0.23070212584133815,0.3983430477574227,-0.38734817448798187,-3.600956742299511,-3.7122203495469344,-5.989167190013167,0.29814196967738993,-8.001941955792708,-6.491384088990657,0.0983430477574227,-0.19193729334164383,1.3673833508985578,0.016149546670892884,0.005098062654534278,0.014763417242281258,0.002763417242281258,0.011928013296367578,0.013886680152175312,0.0018866801521753122,0.0017038047389617006,0.2811012643705493,0.018136036015170616,0.09276341724228127,0.04276341724228126,0.001856305252846239,0.08338861489915031,0.7064896392877194,0.19922259750354662,0.16445783597507302,0.01639853303391443,0.00022480324532493298,0.2353228357724289,0.7480538279483316,1.0,0.6141296280175692,0.6152717602179899,0.16749163496149524,53.085498322383486,-1.3531731291038795e-11,5.551115123125783e-17,4.435285472226269e-12,0.0,0.0,-1.6258019340520402e-09,1.4725231450851695e-11,-9.816995046735277e-10,-9.48170018194583e-10
equilibrium_sigma_1.35,26.0,307.22103115012817,1.6833653504666175,0.11638593822127705,0.312,0.12272468047433281,-0.21888311225260162,0.4121725163528316,-0.385700819548097,-3.5794852767477994,-3.6958712149690762,-5.9646688934921155,0.3101185797417769,-7.9741489493912585,-6.46634357857033,0.10017251635283159,-0.18927531952566717,1.3713653504666174,0.015820065196906083,0.005146598493448189,0.014563955863950866,0.0025639558639508654,0.01171329740135334,0.013774254029597088,0.001774254029597088,0.001592848746512221,0.28049683595136626,0.018348151685891132,0.09256395586395087,0.04256395586395087,0.0018796514965643066,0.08357696247675096,0.7064122772641789,0.19923783240910178,0.16468432655930854,0.01643990395832982,0.00022796431241787132,0.23465528576699612,0.7486768459622563,1.0,0.6140034351405768,0.6151597210308385,0.16765239432263598,54.14601833964282,-1.3569395607149204e-11,1.942890293094024e-16,4.749312054741495e-12,0.0,0.0,1.6802871240229056e-08,-1.5687100490130446e-10,1.0162024149246163e-08,9.812391133998122e-09
equilibrium_sigma_1.35,27.0,306.22103115012817,1.6990341232327675,0.12155680801458704,0.324,0.13719711667379395,-0.20726930455382037,0.42589534342164326,-0.38415879100441575,-3.558092869947534,-3.679649677962121,-5.940291741917107,0.3220951260796677,-7.946687740728227,-6.441458203911986,0.10189534342164325,-0.18680288332620607,1.3750341232327674,0.015522538359302826,0.005195145458745452,0.014384006574865778,0.0023840065748657775,0.011517277611384446,0.013673200950636843,0.0016732009506368432,0.001492960690907541,0.27995153507535087,0.01855730298941616,0.09238400657486578,0.04238400657486578,0.0019030607994444154,0.08376412477179718,0.7063354020844729,0.19925296706761159,0.16489656294568272,0.01648103387419767,0.00023111778533936367,0.23404957698005474,0.7492382713604083,1.0,0.6138780364028958,0.6150485111141538,0.16783958284462952,55.20084228784093,-1.3606199500415528e-11,1.6653345369377348e-16,5.0793258488113224e-12,0.0,0.0,2.7253470740590258e-08,-2.620874402919915e-10,1.650619978373069e-08,1.5934665177630425e-08
equilibrium_sigma_1.35,28.0,305.22103115012817,1.7144200132972836,0.12677624290555145,0.336,0.15149855291766878,-0.19584294751166464,0.43952233248544903,-0.3827115762271916,-3.5367647736425187,-3.66354101654807,-5.916022839291647,0.3340715887249402,-7.919524408547624,-6.416711731292357,0.10352233248544901,-0.18450144708233124,1.3784200132972835,0.015253802932367347,0.005243733446300919,0.014221655075215202,0.0022216550752152016,0.011338105610875674,0.013582402305090113,0.001582402305090113,0.0014030498871053787,0.2794595608339855,0.018763836279754222,0.09222165507521521,0.042221655075215206,0.001926553084680618,0.08395038725610882,0.7062588964936946,0.19926802463629922,0.16509594931108879,0.01652198519312744,0.00023426754500113333,0.23349998381745019,0.749743763444421,0.9999999999999997,0.6137532405384071,0.6149379511450728,0.16805117751495188,56.25048842608369,-1.3642864615803774e-11,-1.1102230246251565e-16,5.426381566309146e-12,0.0,0.0,2.8339258344514673e-08,-2.8057708587048147e-10,1.718654990892632e-08,1.658818322286537e-08
equilibrium_sigma_1.35,29.0,304.22103115012817,1.7295503735705924,0.1320442978340502,0.34800000000000003,0.16564571545294887,-0.18458803470397403,0.45306322923330444,-0.38134969400106,-3.515487640908508,-3.647531938742558,-5.891850531338535,0.3460479490006373,-7.892628336141518,-6.392089485129125,0.10506322923330441,-0.18235428454705116,1.3815503735705923,0.015011032491467416,0.005292389927233778,0.014075188550651506,0.0020751885506515057,0.01117412793538457,0.013500858475623545,0.0015008584756235448,0.001322141691406653,0.27901572288076215,0.018968070589683184,0.09207518855065151,0.04207518855065151,0.001950146986922002,0.08413600979046985,0.7061826537564329,0.19928302617602184,0.16528375580185947,0.016562814810732823,0.00023741721459636715,0.23300132272205318,0.7501984452526178,1.0000000000000002,0.6136288734403851,0.6148278781744828,0.16828536987006726,57.29542725186431,-1.3677448063020847e-11,8.326672684688674e-17,5.791922497166979e-12,0.0,0.0,1.9786889321471435e-08,-2.0161667561163776e-10,1.2014412690414256e-08,1.159414811900683e-08
equilibrium_sigma_1.35,30.0,303.22103115012817,1.744449882098502,0.13736105409144417,0.36,0.1796537085507546,-0.17349012535411448,0.4665268333117903,-0.3800645855102036,-3.49424937709772,-3.631610431189164,-5.867764276294296,0.3580241893984197,-7.865971864114797,-6.367578187053026,0.1065268333117903,-0.18034629144924538,1.3844498820985018,0.014791697619416164,0.005341140171148599,0.013943072253619467,0.0019430722536194663,0.011023863257880805,0.013427674833976777,0.0014276748339767768,0.0012493638396060547,0.27861537046551355,0.0191702997656754,0.09194307225361947,0.04194307225361947,0.0019738599727162206,0.08432122930424842,0.7061065765561437,0.19929799087095884,0.16546113211442529,0.016603574682205066,0.00024057018116146073,0.23254889890375216,0.7506069562328813,1.0,0.6135047763661534,0.6147181439049099,0.1685405419036159,58.33608596578181,-1.3712919688657621e-11,-1.3877787807814457e-16,6.176836819804521e-12,0.0,0.0,2.047804863181124e-09,-2.147033679317234e-11,1.2447767747114646e-09,1.2010600864559295e-09
equilibrium_sigma_1.35,31.0,302.22103115012817,1.7591408211426522,0.14272661722472843,0.372,0.19353618198982112,-0.16253618245198867,0.479921096975652,-0.3788485181429716,-3.473039008379113,-3.6157656256038413,-5.843754530530779,0.3700002934693889,-7.839529983616007,-6.343165813265716,0.107921096975652,-0.17846381801017888,1.3871408211426521,0.014593531501314275,0.005390007446635532,0.013823929197067798,0.001823929197067798,0.010885982705597128,0.013362049583742763,0.001362049583742763,0.0011839345870345852,0.27825433090020546,0.019370794442615996,0.0918239291970678,0.0418239291970678,0.001997708449587294,0.08450626216752702,0.7060305760208194,0.19931293622299043,0.16562911957209733,0.016644312332283244,0.00024372961542924135,0.2321384586983497,0.7509734993539379,1.0,0.6133808043477569,0.6146086131674706,0.1688152450924073,59.37285250280756,-1.3747364357996616e-11,1.942890293094024e-16,6.581402089977928e-12,0.0,0.0,-1.5555775082984336e-08,1.653369672074967e-10,-9.463563975867229e-09,-9.13216456968624e-09
equilibrium_sigma_1.35,32.0,301.22103115012817,1.773643323140812,0.1481411151429331,0.384,0.20730547894555634,-0.1517144298604613,0.49325321204809836,-0.37769450070054866,-3.4518465659185913,-3.5999876810615246,-5.819812647436908,0.38197624572578814,-7.813280065636438,-6.318841468294191,0.10925321204809835,-0.17669452105444367,1.3896433231408118,0.014414500153074078,0.0054390132005232815,0.013716522536803881,0.0017165225368038807,0.010759292792842847,0.01330326325960085,0.0013032632596008502,0.0011251524606459284,0.277928856172133,0.019569803853525282,0.09171652253680389,0.041716522536803885,0.002021707864240449,0.08469130628767528,0.70595457086184,0.19932787822341974,0.16578866184346053,0.016685071306322578,0.00024689848994659003,0.23176614706455484,0.751301883139176,1.0,0.6132568247872575,0.6144991625768083,0.16910818213852297,60.406079158651,-1.3780698804310987e-11,2.7755575615628914e-16,7.007561197980294e-12,0.0,0.0,-1.955074536638679e-08,2.1369945743532348e-10,-1.1905053826435918e-08,-1.1486828868298438e-08
equilibrium_sigma_1.35,33.0,300.22103115012817,1.78797559177542,0.15360469636362226,0.396,0.2209727691740982,-0.14101422367033722,0.5065296881049759,-0.37659620716913,-3.4306629818155767,-3.584267678179199,-5.795930786260995,0.3939520315491724,-7.787201617396789,-6.294595271019238,0.11052968810497588,-0.17502723082590183,1.3919755917754202,0.014252776213585214,0.005488177223408347,0.013619740013179595,0.0016197400131795943,0.010642720356611068,0.013250669480546762,0.0012506694805467615,0.001072387244560602,0.2776355757975139,0.019767557553254638,0.0916197400131796,0.0416197400131796,0.0020458727942967696,0.08487654300238041,0.7058784865964296,0.1993428315079156,0.1659406146546773,0.016725891578047707,0.0002500795963185245,0.23142846888053806,0.7515955599450957,1.0,0.613132716188405,0.6143896793184194,0.16941819075596207,61.436085923861754,-1.3814643873288901e-11,-1.1102230246251565e-16,7.456479877987476e-12,0.0,0.0,-1.5757154511741867e-08,1.7715219308850338e-10,-9.603120935605669e-09,-9.264872473380148e-09
equilibrium_sigma_1.35,34.0,299.22103115012817,1.8021540976254011,0.15911752842437402,0.40800000000000003,0.23454816708315207,-0.13042593818302428,0.5197564216827271,-0.37554790924705694,-3.4094799970355965,-3.5685975254599707,-5.772101831211074,0.4059276371074124,-7.761276066501776,-6.27041825343334,0.11175642168272704,-0.17345183291684796,1.394154097625401,0.01410671612001431,0.005537517798209384,0.013532580369691703,0.001532580369691703,0.010535299413048198,0.01320368688106921,0.0012036868810692096,0.001025072105809155,0.27737145566573246,0.019964266996827497,0.09153258036969171,0.04153258036969171,0.002070217031198765,0.08506213875949212,0.7058022548576752,0.19935780949394705,0.1660857544370286,0.01676680991164967,0.00025327556096422957,0.2311222543291224,0.7518576601982636,0.9999999999999999,0.6130083670311403,0.6142800600734301,0.16974422947387244,62.46316348576708,-1.3847117896759187e-11,1.1102230246251565e-16,7.92976795338518e-12,0.0,0.0,-8.513370884991045e-09,9.847615431435308e-11,-5.192383216098828e-09,-5.0090976973921064e-09
equilibrium_sigma_1.35,35.0,298.22103115012817,1.816193751597029,0.1646797964440267,0.42,0.2480408365550892,-0.11994086470950464,0.5329387576368118,-0.37454441652748743,-3.3882900798258144,-3.552969876269841,-5.748319319562792,0.41790304927966965,-7.735486569413357,-6.246302270591645,0.11293875763681177,-0.17195916344491077,1.396193751597029,0.013974840177665496,0.005587051833546629,0.013454141467694893,0.0014541414676948923,0.010436159660858976,0.013161792078997259,0.0011617920789972584,0.0009826967359294336,0.27713376202331785,0.020160126982567136,0.0914541414676949,0.0414541414676949,0.002094753655149404,0.08524824660980362,0.7057258127813806,0.19937282450286284,0.16622478603500837,0.016807860183784572,0.0002564888594987299,0.23084462791755664,0.7520910230391601,1.0,0.6128836747714315,0.6141702100638466,0.17008536517760134,63.48757593177936,-1.3878953541990313e-11,-4.163336342344337e-17,8.428258091441876e-12,0.0,0.0,-7.673135477698212e-10,9.136085984962072e-12,-4.683115301801211e-10,-4.517517037533336e-10
equilibrium_sigma_1.35,36.0,297.22103115012817,1.8301080597074382,0.1702917018107698,0.432,0.2614590846364381,-0.10955112113648,0.5460815439138811,-0.37358102310463986,-3.3670863529247255,-3.537378054735495,-5.724577377311776,0.4298782555877616,-7.70981784035134,-6.222239919983673,0.11408154391388109,-0.17054091536356192,1.3981080597074382,0.013855815036747376,0.005636794984670443,0.013383609812657758,0.001383609812657758,0.010344516354499643,0.01312451348545185,0.0011245134854518495,0.0009448013166268865,0.27692002973532653,0.020355316984683104,0.09138360981265777,0.04138360981265776,0.0021194951036635147,0.0854350075432107,0.7056491024572517,0.19938788786911016,0.16635834961884147,0.01684907367201782,0.0002597218300088304,0.23059298057196953,0.7522982239260038,1.0,0.6127585449460488,0.6140600421988447,0.17044076209302053,64.50956319932749,-1.3912093699275374e-11,1.3877787807814457e-16,-8.918477067965114e-12,0.0,0.0,5.56452968425436e-09,-6.82392909540086e-11,3.398251003511321e-09,3.277917513810902e-09
equilibrium_sigma_1.35,37.0,296.22103115012817,1.8439092614458428,0.17595346098530182,0.444,0.2748104454008747,-0.09924957099164139,0.5591891805226094,-0.3726534598381752,-3.3458625285136865,-3.521815989498988,-5.700870661703487,0.4418532441337444,-7.684255998208955,-6.198224469241834,0.11518918052260935,-0.16918955459912532,1.3999092614458428,0.013748438245455824,0.005686761763223419,0.013320251301634493,0.0013202513016344931,0.010259661361729022,0.013091425843381188,0.0010914258433811878,0.0009109711901489348,0.27672803424737724,0.020550002382988836,0.0913202513016345,0.0413202513016345,0.0021444532339055427,0.08562255168649077,0.705572070436919,0.19940301003809643,0.16648702691959066,0.016890479313599608,0.0002629766853089239,0.23036494447999722,0.7524815995210943,1.0,0.6126328903700511,0.6139494763099788,0.1708096720246152,65.52934329682489,-1.3942763610330644e-11,5.551115123125783e-17,-8.335165890827057e-12,0.0,0.0,9.324447016595405e-09,-1.1786182013001634e-10,5.697510782609605e-09,5.49553333221986e-09
equilibrium_sigma_1.35,38.0,295.22103115012817,1.8576084536356015,0.18166530440849255,0.456,0.28810175511857694,-0.08902975090970416,0.5722656633807988,-0.37175785161347846,-3.324612850001768,-3.5062781544102606,-5.677194309339783,0.45382800354202024,-7.6587884293946304,-6.174249791244855,0.11626566338079874,-0.16789824488142308,1.4016084536356015,0.01365162460022852,0.005736965636966374,0.013263403030799058,0.0012634030307990575,0.010180955248636402,0.013062145400866143,0.0010621454008661428,0.0008808321555475729,0.27655576675999716,0.02074433559704099,0.09126340303079906,0.04126340303079906,0.0021696393805032015,0.08581099937854664,0.7054946672922932,0.19941820065399768,0.16661134678983483,0.016932103937949614,0.0002662555242562962,0.2301583703928589,0.752643270144935,0.9999999999999999,0.6125066304163737,0.6138384384657356,0.17119142568629467,66.54711431763536,-1.3973988632898227e-11,5.551115123125783e-17,-7.721490113965501e-12,0.0,0.0,9.906321559935427e-09,-1.2917982742527423e-10,6.0559326876125086e-09,5.84105542926483e-09
equilibrium_sigma_1.35,39.0,294.22103115012817,1.8712157014657822,0.18742747550404915,0.468,0.3013392197175945,-0.078885805544115,0.5853146236284578,-0.3708906790239917,-3.3033320398546513,-3.4907595153587003,-5.653543889909894,0.46580252290697843,-7.633403664784475,-6.1503103057923925,0.11731462362845774,-0.16666078028240555,1.4032157014657822,0.013564394057089452,0.005787419120471798,0.013212466026219886,0.0012124660262198862,0.010107820259010507,0.013036325656745618,0.0010363256567456174,0.0008540463183881464,0.27640141220066633,0.0209384571315799,0.0912124660262199,0.04121246602621989,0.002195064407831453,0.08600046213689097,0.7054168472185881,0.19943346863864886,0.16673179025685683,0.016973972475790078,0.00026956034219944653,0.22997130713262043,0.7527851600493901,1.0,0.612379690368283,0.6137268603555798,0.17158542498749496,67.56305626675777,-1.4006240611763587e-11,5.551115123125783e-17,-7.0750072467262726e-12,0.0,0.0,7.098240025274483e-09,-9.559086334987033e-11,4.3410888720535334e-09,4.186942920841874e-09
equilibrium_sigma_1.35,40.0,293.22103115012817,1.8847401381448097,0.19324022976762764,0.48,0.31452847539743956,-0.0688124290913632,0.5983393629187495,-0.3700487439751325,-3.2820152527818833,-3.4752554825495108,-5.629915364426964,0.47777679174459214,-7.6080912692024665,-6.126400927130919,0.11833936291874947,-0.16547152460256043,1.4047401381448097,0.013485861002849847,0.005838133857672164,0.01316689878099133,0.0011668987809913302,0.010039734074419188,0.013013653542004455,0.001013653542004455,0.0008303083667837718,0.27626332963936767,0.021132496539780454,0.09116689878099134,0.041166898780991334,0.0022207387583421177,0.08619104352743513,0.7053385676770645,0.1994488222625074,0.16684879505363592,0.01701610814750451,0.0002728930406280792,0.22980198307797084,0.7529090157338965,0.9999999999999999,0.6122520008366185,0.613614678736376,0.17199113615682624,68.57733271804423,-1.4035467232886845e-11,0.0,-6.3952731998995205e-12,0.0,0.0,9.6319821216162e-10,-1.3411527964579673e-11,5.892734893792051e-10,5.683354949853614e-10
equilibrium_sigma_1.35,41.0,292.22103115012817,1.898190054364185,0.19910383393592082,0.492,0.327674643098769,-0.058804812746374134,0.6113428851061946,-0.36922913880108005,-3.260658033720561,-3.4597618676564816,-5.606305047706797,0.4897507999480933,-7.582841742132761,-6.102517016740377,0.11934288510619462,-0.164325356901231,1.406190054364185,0.0134152247221936,0.005889120696939852,0.013126211503420505,0.0011262115034205052,0.009976224262396399,0.012993846066899906,0.0009938460668999054,0.0008093423051191984,0.27614003485885,0.021326573308901395,0.09112621150342051,0.04112621150342051,0.0022466724968174447,0.0863828399473732,0.7052597890734679,0.1994642692084959,0.16696275970612692,0.017058532632809445,0.0002762554360715246,0.2296487894434015,0.7530164224877176,1.0,0.6121234972352599,0.6135018349345545,0.17240808360793994,69.59009231651046,-1.4065831832610343e-11,-5.204170427930421e-16,-5.678901793260138e-12,0.0,0.0,-5.420713683479406e-09,7.621833632981412e-11,-3.3176298236403667e-09,-3.200276677342573e-09
equilibrium_sigma_1.35,42.0,291.22103115012817,1.9115729783722244,0.20501856523332807,0.504,0.3407823772997806,-0.04885859763320919,0.6243279246134512,-0.3684292186197189,-3.2392562802357743,-3.4442748454691023,-5.582709574733114,0.5017245377475877,-7.557646428794848,-6.078654340989923,0.12032792461345121,-0.1632176227002194,1.4075729783722244,0.013351760942912544,0.005940389758945931,0.013089961008481511,0.001089961008481511,0.009916863346923939,0.012976647326135016,0.0009766473261350155,0.0007908985302784721,0.2760301848741864,0.021520797668028734,0.09108996100848152,0.041089961008481515,0.0022728753506855524,0.08657594132745998,0.7051804744695729,0.19947981662924819,0.16707404720334013,0.017101266223063988,0.0002796492682375525,0.22951026523344922,0.7531088192752492,0.9999999999999999,0.6119941193106018,0.6133882743998849,0.17283584448312178,70.60147013449776,-1.4095391520640987e-11,2.0816681711721685e-17,-4.924394225724882e-12,-1.1102230246251565e-16,0.0,-7.009918012376715e-09,1.0201024053246854e-10,-4.291424968855262e-09,-4.139553961765574e-09
equilibrium_sigma_1.35,43.0,290.22103115012817,1.9248957490707927,0.21098471066942384,0.516,0.3538559106010451,-0.03896983179969514,0.6372969723335093,-0.3676465760910933,-3.2178062082073366,-3.4287909188767607,-5.55912586991626,0.5136979956719384,-7.532497438919151,-6.054809032407355,0.12129697233350933,-0.16214408939895492,1.4088957490707927,0.013294814196787255,0.005991950499996975,0.013057746094074847,0.001057746094074847,0.009861264347356957,0.01296182579380023,0.0009618257938002299,0.0007747511993061451,0.27593256392143894,0.02171527135051356,0.09105774609407485,0.04105774609407485,0.0022993567480682165,0.08677043177560152,0.7051005893188362,0.19949547119953476,0.16718298836079487,0.017144327961009412,0.0002830762077453224,0.22938508343222583,0.7531875123990195,1.0,0.6118638107103469,0.6132739462971798,0.17327404369393287,71.6115889212217,-1.4124007519100701e-11,1.3877787807814457e-17,-4.128697383976032e-12,0.0,0.0,-5.750380544997102e-09,8.67349395430872e-11,-3.521104106202211e-09,-3.3964296496796775e-09
equilibrium_sigma_1.35,44.0,289.22103115012817,1.9381645816296096,0.21700256639983415,0.528,0.36689909377790697,-0.02913493158423678,0.6502522988845478,-0.3668790187566452,-3.196304321034807,-3.4133068874346413,-5.535551119461978,0.5256711645138575,-7.507387573794299,-6.030977554851377,0.1222522988845478,-0.16110090622209305,1.4101645816296096,0.013243791016051804,0.006043811769499653,0.0130292034180036,0.0010292034180035999,0.009809076801314428,0.01294917192973255,0.00094917192973255,0.0007606958890571391,0.27584607096364727,0.021910088290857492,0.0910292034180036,0.041029203418003604,0.00232612585262012,0.08696639015598032,0.7050201012285251,0.19951123916341473,0.1672898848481976,0.017187735766613494,0.00028653786322766774,0.22927203855075562,0.7532536878194033,1.0,0.6117325185954932,0.6131588031392369,0.17372234949228907,72.62056023244708,-1.4153928029614349e-11,7.632783294297951e-17,-3.291533712257433e-12,0.0,0.0,-3.1774435600012696e-09,4.975533960532852e-11,-1.945945181033859e-09,-1.8769997865014654e-09
equilibrium_sigma_1.35,45.0,288.22103115012817,1.9513851263423447,0.22307243714619268,0.54,0.3799154317331425,-0.01935064693690663,0.6631959754731116,-0.36612454870987454,-3.174747382018656,-3.3978198191648485,-5.511982746555491,0.5376440352980001,-7.482310260792506,-6.007156672220048,0.12319597547311156,-0.16008456826685752,1.4113851263423447,0.01319815387407465,0.006095981861980527,0.013004003821851857,0.0010040038218518572,0.009759983219385406,0.012938496013470413,0.0009384960134704128,0.000748547491491447,0.27576970855106625,0.022105335259661744,0.09100400382185186,0.04100400382185186,0.0023531915953693807,0.08716389060975094,0.7049389797458466,0.1995271263766096,0.16739501191219253,0.017231506550309507,0.00029003578783630077,0.22917003541152817,0.7533084222503259,0.9999999999999998,0.6116001932914668,0.6130428004571041,0.17418046951753838,73.62848545034086,-1.4181600338503131e-11,2.8102520310824275e-16,-2.409017429982896e-12,0.0,0.0,-3.6130892895613886e-10,5.8838220753920645e-12,-2.2129866689146738e-10,-2.1345148912277345e-10
equilibrium_sigma_1.35,46.0,287.22103115012817,1.9645625217569793,0.22919463566577153,0.552,0.39290811597377184,-0.009614030092444287,0.6761298927315772,-0.3653813442417958,-3.1531323894320087,-3.3823270250977804,-5.488418388935138,0.5496165992514811,-7.457259494234133,-5.983343420159983,0.12412989273157715,-0.1590918840262282,1.4125625217569793,0.013157415753905236,0.0061484685646310995,0.01298184903201046,0.0009818490320104602,0.00971369590403397,0.0129296262352252,0.0009296262352251998,0.0007381383476667835,0.27570257282427413,0.022301092447729817,0.09098184903201047,0.040981849032010464,0.002380562704135078,0.08736300302643943,0.7048571961643255,0.1995431383448427,0.1674986208406271,0.01727565631561314,0.00029357148526698817,0.22907807898535712,0.7533526932137629,1.0000000000000002,0.6114667879722855,0.6129258965018965,0.17464814724327415,74.63545670983248,-1.4210133070235997e-11,-6.279698983036042e-16,-1.4789836022544023e-12,0.0,0.0,1.983461438495593e-09,-3.365381931463851e-11,1.21491942201013e-09,1.171791165835434e-09
equilibrium_sigma_1.35,47.0,286.22103115012817,1.9777014426698494,0.23536948226651985,0.5640000000000001,0.40588005396645627,7.759274704283647e-05,0.6890557777382199,-0.3646477432580579,-3.1314565540051924,-3.3668260362717124,-5.464855878613241,0.561588847776599,-7.4322297819428,-5.959535080473868,0.12505577773821985,-0.1581199460335438,1.4137014426698493,0.013121135273644863,0.006201279200784934,0.012962468695778738,0.0009624686957787378,0.009669954091969604,0.012922406979476442,0.0009224069794764415,0.0007293165782407129,0.27564384453266283,0.022497434003283554,0.09096246869577874,0.04096246869577874,0.0024082477307391247,0.0875637934710444,0.7047747233483747,0.19955928025855535,0.1676009411939931,0.017320200252190332,0.000297146415343856,0.2289952651787413,0.7533873881537245,1.0,0.6113322583744002,0.6128080519749476,0.17512515878042442,75.64155774014908,-1.423652862264646e-11,1.713039432527097e-16,-4.978240042419202e-13,0.0,0.0,3.4114584490652078e-09,-6.042871585065779e-11,2.0896007337650735e-09,2.015312947772907e-09
equilibrium_sigma_1.35,48.0,285.22103115012817,1.99080614350605,0.24159730436363738,0.5760000000000001,0.41883389568629253,0.009726647023537835,0.7019752094046391,-0.36392222828757403,-3.109717278576783,-3.3513145829404203,-5.441293223527646,0.5735607724255659,-7.407216096915237,-5.9357291579570495,0.12597520940463902,-0.15716610431370753,1.41480614350605,0.01308891230667178,0.006254420669692324,0.012945617715753942,0.0009456177157539415,0.009628521384381604,0.012916697260112464,0.0009166972601124639,0.0007219445546935432,0.27559278095683015,0.022694428525949085,0.09094561771575395,0.040945617715753946,0.002436255076211987,0.08776632457128133,0.7046915355742402,0.1995755570243616,0.1677021828267881,0.01736515282033111,0.00030076199919883855,0.22892077248044554,0.7534133127000247,1.0000000000000002,0.6111965625372414,0.6126892297834418,0.17561130999850047,76.64686462935914,-1.4264450731715783e-11,-1.0356299151581538e-15,1.27675647831893e-15,0.0,0.0,3.6782622364617268e-09,-6.816355639649441e-11,2.252892049997568e-09,2.1726436639363245e-09
equilibrium_sigma_1.35,49.0,284.22103115012817,2.0038804975513798,0.24787843607415938,0.588,0.4317720576396455,0.01933533299953168,0.7148896323950208,-0.3632034129222989,-3.0879121396920426,-3.335790575766202,-5.417728590935947,0.5855323648770748,-7.382213833592992,-5.911923359422846,0.12688963239502082,-0.15622794236035448,1.4158804975513797,0.013060384042438603,0.006307899482922959,0.01293107385020862,0.0009310738502086198,0.009589183433795868,0.012912369334316942,0.0009123693343169419,0.0007158975520726862,0.2755487086369958,0.02289213952090373,0.09093107385020863,0.040931073850208624,0.0024645930141611017,0.0879706558689341,0.7046076083856858,0.19959197329356868,0.16780253771988332,0.017410527827681654,0.00030441962407950547,0.2288538543851915,0.7534311981630472,0.9999999999999999,0.611059660567814,0.6125693948189739,0.17610643393143405,77.65144651902374,-1.4291345884487328e-11,-1.491862189340054e-16,-3.3306690738754696e-16,0.0,0.0,2.686903371670879e-09,-5.2206948833455336e-11,1.645500003616407e-09,1.586739687559069e-09
equilibrium_sigma_1.35,50.0,283.22103115012817,2.016928032450535,0.2542132178463401,0.6,0.44469674461158004,0.028905646741111075,0.7278003697238672,-0.36249002954518156,-3.0660388709534505,-3.3202520887997906,-5.39416029237533,0.5975036169145302,-7.357218768278141,-5.888115574701431,0.1278003697238672,-0.15530325538841994,1.4169280324505351,0.013035221440169373,0.0063617217976958485,0.0129186355510243,0.0009186355510243001,0.009551745860065654,0.012909307449682217,0.0009093074496822166,0.000711062522473771,0.27551101682128576,0.02309062581632615,0.09091863555102431,0.040918635551024304,0.0024932697124777736,0.0881768441388562,0.7045229184629661,0.19960853348805133,0.16790218164156273,0.017456338498997668,0.00030812064781604836,0.2287938325205271,0.7534417083326594,1.0000000000000002,0.6109215144269663,0.6124485137567681,0.17661038843836385,78.65536623539109,-1.4316547947146319e-11,2.2898349882893854e-16,-3.885780586188048e-16,0.0,0.0,4.4599815507417873e-10,-9.10709441886981e-12,2.730858230520772e-10,2.6330275806896175e-10
equilibrium_sigma_1.35,51.0,282.22103115012817,2.029951962315096,0.2606019961215792,0.612,0.45760996934559256,0.03843939910806171,0.7407086341536376,-0.3617809182278753,-3.044095347961073,-3.304697344082652,-5.37058677004502,0.6094745204058154,-7.332227023313218,-5.864303859433546,0.12870863415363765,-0.15439003065440743,1.417951962315096,0.01301312603600778,0.006415893447365935,0.012908120015666442,0.0009081200156664422,0.009516032372787437,0.012907406695128465,0.0009074066951284647,0.0007073369787113926,0.2754791515626256,0.023289941946504755,0.09090812001566645,0.040908120015666447,0.0025222932535048166,0.08838494367853976,0.7044374435038886,0.19962524182372055,0.16800127565242445,0.017502597539545032,0.0003118664029696348,0.2287400904154549,0.7534454456420305,1.0,0.6107820877353782,0.612326554873678,0.17712305409521792,79.65868086247599,-1.4342416143620085e-11,5.551115123125783e-16,6.661338147750939e-16,0.0,0.0,-1.9787204322968543e-09,4.0686924315802564e-11,-1.211888762953084e-09,-1.1687428507628495e-09
equilibrium_sigma_1.35,52.0,281.22103115012817,2.042955216648634,0.2670451230289409,0.624,0.47051357028041946,0.047938232871268506,0.753615538465298,-0.3610750167269933,-3.022079574743361,-3.289124697772302,-5.347006584529049,0.6214450672846087,-7.307235034795482,-5.840486419551053,0.12961553846529805,-0.15348642971958054,1.418955216648634,0.012993827078266462,0.006470419969116131,0.012899361438265401,0.000899361438265401,0.009481883085781729,0.012906572016690987,0.0009065720166909867,0.000704628037029309,0.27545261041898605,0.02349013850068108,0.09089936143826541,0.040899361438265405,0.00255167165265768,0.08859500656990663,0.7043511621162865,0.19964210233172278,0.1680999674636892,0.017549317192496354,0.0003156582006587599,0.22869206787493382,0.753442956731911,0.9999999999999998,0.6106413455981625,0.6122034878838539,0.17764433230336227,80.66144226003229,-1.4367507183976613e-11,2.0122792321330962e-16,2.7755575615628914e-16,0.0,0.0,-2.6219312467684608e-09,5.677855755004124e-11,-1.6054220158129295e-09,-1.5480488939345616e-09
equilibrium_sigma_1.35,53.0,280.22103115012817,2.055940466917533,0.27354295609864526,0.636,0.4834092278495937,0.057403638444965877,0.766522104896329,-0.3603713512920186,-2.9999896712957055,-3.2735326273943506,-5.323418403515037,0.6334152495325638,-7.282239522911521,-5.816661597010555,0.13052210489632898,-0.15259077215040628,1.419940466917533,0.01297707890784569,0.006525306629907815,0.012892209409025933,0.0008922094090259326,0.00944915297432036,0.012906717267169299,0.0009067172671692984,0.0007028514847906564,0.2754309376031089,0.02369126245110005,0.09089220940902594,0.04089220940902594,0.002581412876179608,0.08880708292096214,0.7042640537187603,0.19965911887798823,0.16819839268749215,0.017596509292005142,0.0003194973342113792,0.22864925580217335,0.7534347375716101,0.9999999999999999,0.6104992544429553,0.6120792837873668,0.17817414355408187,81.66369754103407,-1.4393208846996686e-11,-2.220446049250313e-16,-1.1102230246251565e-16,0.0,0.0,-2.179106933092312e-09,4.982118450430617e-11,-1.3338423178466119e-09,-1.2859490677169516e-09
equilibrium_sigma_1.35,54.0,279.22103115012817,2.068910150556793,0.28009585800159664,0.648,0.4962984792134095,0.06683696810816989,0.7794292736703969,-0.3596690283585187,-2.9778238623204807,-3.2579197203220773,-5.299820991593757,0.6453850591627199,-7.257237465123241,-5.792827856890909,0.13142927367039692,-0.1517015207865905,1.420910150556793,0.012962658599769639,0.006580558450165657,0.01288652747241232,0.0008865274724123191,0.009417710485427815,0.012907764379566089,0.0009077643795660888,0.0007019309794520368,0.2754137196133707,0.02389335745293854,0.09088652747241233,0.04088652747241232,0.002611524857665814,0.08902122108504953,0.7041760984506222,0.19967629518094854,0.16829667596822698,0.017644185311440675,0.0003233850825577937,0.22861119151274464,0.753421238093257,1.0,0.6103557818730168,0.6119539147330881,0.1787124258664654,82.66548950423334,-1.4417134153177358e-11,-8.326672684688674e-17,5.551115123125783e-17,0.0,0.0,-1.2256376902969324e-09,2.9660617711924075e-11,-7.49914326816925e-10,-7.228308195050825e-10
equilibrium_sigma_1.35,55.0,278.22103115012817,2.081866492605868,0.2867041963139461,0.66,0.5091827315415127,0.07623944882908824,0.7923379106875772,-0.35896722705948847,-2.955580467076136,-3.242284663390082,-5.276213201057774,0.6573544882040955,-7.2322260719891975,-5.768983775752429,0.13233791068757716,-0.1508172684584873,1.4218664926058677,0.012950363844198079,0.006636180225301305,0.012882191831137237,0.0008821918311372363,0.009387436288766572,0.01290964261824179,0.0009096426182417898,0.0007017973185918791,0.2754005813064765,0.024096464117177387,0.09088219183113724,0.04088219183113724,0.0026420155134051593,0.08923746785933409,0.7040872770903698,0.19969363482755847,0.1683949320036356,0.017692356407132334,0.00032732271337238775,0.22857745450487799,0.7534028663746173,1.0,0.6102108965342461,0.6118273538947617,0.17925913338577396,83.66685702494296,-1.4441281503962955e-11,-4.85722573273506e-16,-5.551115123125783e-17,-1.1102230246251565e-16,0.0,-1.6661181809207726e-10,4.278980815508593e-12,-1.0189222382495089e-10,-9.818625426594174e-11
equilibrium_sigma_1.35,56.0,277.22103115012817,2.094811525332962,0.29336834330225126,0.672,0.5220632740648825,0.08561219390342456,0.8052488145023582,-0.3582651924308741,-2.933257890168134,-3.2266262334703852,-5.252593963549915,0.6693235286872204,-7.207202765224109,-5.745128031068623,0.13324881450235815,-0.14993672593511753,1.4228115253329618,0.012940011030396242,0.006692176545466137,0.0128790901737098,0.0008790901737097991,0.009358222146575529,0.012912287888910967,0.0009122878889109669,0.0007023877643397292,0.27539118234457516,0.024300620261300695,0.0908790901737098,0.0408790901737098,0.00267289275678166,0.08945586866575846,0.7039975709813606,0.1997111412878844,0.16849326647238608,0.017741033458331328,0.0003313114860162603,0.2285476626177682,0.7533799924378841,1.0,0.6100645679939417,0.6116995753582433,0.17981423511683736,84.66783541028818,-1.4463874542514077e-11,-5.551115123125783e-16,1.6653345369377348e-16,0.0,0.0,7.247816791178252e-10,-1.980684193048088e-11,4.4298132002851265e-10,4.2673206808452324e-10
equilibrium_sigma_1.35,57.0,276.22103115012817,2.1077471060400863,0.30008867572753994,0.684,0.5349412890143233,0.09495621351942124,0.8181627226575019,-0.357562229244927,-2.910854613191316,-3.210943288918856,-5.228962282480904,0.6812921726305203,-7.182165157783205,-5.721259391628984,0.13416272265750184,-0.1490587109856768,1.4237471060400861,0.012931433513305543,0.006748551813685972,0.012877120613246855,0.0008771206132468547,0.009329969890800881,0.012915642150779227,0.0009156421507792271,0.0007036454710562801,0.2753852139795359,0.024505861139616093,0.09087712061324686,0.04087712061324686,0.0027041645118229345,0.08967646771613756,0.7039069619640013,0.19972881792839553,0.1685917768769265,0.017790227103751315,0.00033535265429831645,0.22852146854181513,0.7533529517001353,1.0,0.6099167666301878,0.6115705540188414,0.18037771377942094,85.66845672217396,-1.448741127063613e-11,1.6653345369377348e-16,2.7755575615628914e-16,0.0,0.0,1.2763749848709871e-09,-3.7215828509185034e-11,7.79565205791255e-10,7.506790276196051e-10
equilibrium_sigma_1.35,58.0,275.22103115012817,2.1206749332214545,0.30686557466672937,0.6960000000000001,0.5478178615506756,0.10427242435099855,0.8310803174348574,-0.35685769641183385,-2.888369187142654,-3.1952347618093833,-5.20531722614373,0.6932604120274738,-7.1571110357798435,-5.697376708821586,0.13508031743485738,-0.14818213844932449,1.4246749332214543,0.012924480044598868,0.006805310262515776,0.012876190726590735,0.0008761907265907344,0.00930259049685558,0.012919652827014794,0.0009196528270147934,0.0007055189146787377,0.27538239614118404,0.02471221965483518,0.09087619072659074,0.04087619072659074,0.002735838725975041,0.08989930816289057,0.7038154323138348,0.19974666802408092,0.16869055330952437,0.01783994777501127,0.0003394474690708862,0.2284985566482562,0.7533220481076618,1.0000000000000002,0.6097674635308632,0.6114402654878053,0.18094956477391227,86.66875007090638,-1.4509171641918783e-11,-1.5265566588595902e-16,7.216449660063518e-16,0.0,0.0,1.3922961117351917e-09,-4.343110853594068e-11,8.496672358748736e-10,8.178056096902475e-10
equilibrium_sigma_1.35,59.0,274.22103115012817,2.1335965612308017,0.3136994253499924,0.708,0.5606939887816761,0.11356165827043496,0.8440022310782181,-0.3561510018959284,-2.865800225531264,-3.1794996508812563,-5.181657921459273,0.7052282388344691,-7.132038342063578,-5.673478908713093,0.13600223107821818,-0.14730601121832387,1.4255965612308017,0.012919013352022224,0.0068624559693405305,0.012876216683925516,0.000876216683925516,0.009276003244551492,0.012924272327907715,0.0009242723279077152,0.0007079614242067045,0.2753824747997743,0.024919726552425314,0.09087621668392552,0.04087621668392552,0.00276792338217668,0.09012443223676475,0.7037229646849733,0.19976469476950157,0.16878967914863952,0.017890205727274275,0.00034359718067473956,0.22847864010870525,0.7532875569833456,0.9999999999999999,0.6096166304013676,0.6113086860070943,0.18152979524687782,87.66874188213741,-1.4530932013201436e-11,-3.3306690738754696e-16,-8.881784197001252e-16,0.0,0.0,1.0332637627452623e-09,-3.457666791772951e-11,6.299583250879426e-10,6.060032493176992e-10
equilibrium_sigma_1.35,60.0,273.22103115012817,2.146513413598047,0.32059061701277697,0.72,0.5735705879511712,0.1228246702631446,0.8569290505379397,-0.3554415980980282,-2.8431463981197584,-3.1637370151325355,-5.157983548294176,0.7171956449592923,-7.106945161302678,-5.649564984851703,0.1369290505379397,-0.14642941204882876,1.426513413598047,0.012914908852519405,0.006919992870437667,0.012877122460095071,0.0008771224600950707,0.00925013495772533,0.012929457587906867,0.0009294575879068671,0.0007109307320618541,0.27538521957604567,0.02512841059912716,0.09087712246009508,0.040877122460095075,0.002800426510299865,0.09035188137277575,0.7036295420583673,0.19978290128887907,0.16888923169211253,0.017941011067347277,0.0003478030412472645,0.22846145827788664,0.7532497276135188,1.0,0.6094642394802402,0.6111757923716513,0.18211842324709315,88.66845613955991,-1.4551748694913158e-11,1.3877787807814457e-17,6.661338147750939e-16,0.0,0.0,2.0097740832669686e-10,-7.234423997359851e-12,1.2239498130284243e-10,1.176645187533909e-10
equilibrium_sigma_1.35,61.0,272.22103115012817,2.159426795113087,0.3275395427617394,0.732,0.5864485038727236,0.13206214561397184,0.8698613217790422,-0.35472897766323164,-2.820406425241149,-3.1479459680028885,-5.13429333430064,0.7291626222501955,-7.081829706439551,-5.625633991729918,0.1378613217790422,-0.14555149612727636,1.4274267951130872,0.012912053486969777,0.006977924773891976,0.012878839120257245,0.0008788391202572444,0.009224919315473423,0.012935169642069866,0.0009351696420698656,0.0007143885574767417,0.2753904215765371,0.025338298746721864,0.09087883912025725,0.04087883912025725,0.0028333561980100406,0.09058169632539019,0.7035351476944972,0.19980129064530294,0.16898928273257746,0.01799237377946365,0.00035206630690434374,0.22844677431704039,0.7532087855965917,1.0,0.6093102634619886,0.6110415618585221,0.18271547696437693,89.66791460539153,-1.45729539546835e-11,-5.551115123125783e-17,-3.885780586188048e-16,0.0,0.0,-7.307252875704551e-10,2.6429992742993402e-11,-4.451616922307444e-10,-4.281147207574332e-10
equilibrium_sigma_1.35,62.0,271.22103115012817,2.1723379027419782,0.33454659945547616,0.744,0.5993285156476306,0.14127470640360368,0.8827995536758324,-0.3540126696917265,-2.7975790726587193,-3.1321256721141957,-5.1105865502484695,0.7411291624855396,-7.05669030644437,-5.601685038870512,0.1387995536758324,-0.14467148435236943,1.4283379027419782,0.012910344669484264,0.007036255371376552,0.01288130417566715,0.0008813041756671504,0.009200296231000077,0.012941373275232593,0.0009413732752325925,0.0007183002720401177,0.27539789144141563,0.025549416281109575,0.09088130417566716,0.040881304175667155,0.0028667206010486667,0.090813917273499,0.7034397650902554,0.19981986584910358,0.16908989907801977,0.01804430374886428,0.00035638823979501074,0.2284343730455429,0.7531649349657976,0.9999999999999998,0.6091546754267556,0.6109059721624575,0.18332099404775345,90.66713701974143,-1.4591661212648432e-11,-5.551115123125783e-17,-1.6653345369377348e-16,0.0,0.0,-9.903712138575882e-10,3.863057790320923e-11,-6.025759700239997e-10,-5.790751645556869e-10
equilibrium_sigma_1.35,63.0,270.22103115012817,2.1852478356772918,0.3416121875916119,0.756,0.6122113428513388,0.15046291749204585,0.895744221600244,-0.35329223624815054,-2.7746631468343583,-3.1162753344259704,-5.086862505730578,0.7530952573637494,-7.031525395039326,-5.5777172853823505,0.13974422160024402,-0.14378865714866118,1.4292478356772917,0.012909689322208887,0.0070949882492145665,0.012884460991602585,0.0008844609916025849,0.009176211280523424,0.012948036656190709,0.0009480366561907087,0.0007226345355437758,0.2754074575503109,0.025761786962208415,0.09088446099160259,0.04088446099160259,0.002900527953203334,0.09104858391792671,0.703343377938896,0.19983862986561032,0.1691911430319203,0.018096810783785614,0.0003607701100897134,0.22842405896258883,0.753118360143536,1.0000000000000002,0.6089974487749891,0.6107690013363152,0.18393502097970127,91.66614128434311,-1.461092358212568e-11,3.0531133177191805e-16,6.661338147750939e-16,-1.1102230246251565e-16,0.0,-8.31729577571716e-10,3.508199286628155e-11,-5.053131559018542e-10,-4.851872133226909e-10
equilibrium_sigma_1.35,64.0,269.22103115012817,2.1981576044484505,0.3487367112050232,0.768,0.6250976511433328,0.15962729194608247,0.9086957706773466,-0.3525672691953569,-2.751657490635054,-3.100394201840077,-5.063120545266877,0.7650608984937051,-7.006333500470037,-5.553729935020165,0.14069577067734662,-0.1429023488566672,1.4301576044484505,0.012910003001930556,0.007154126898531024,0.01288825825151315,0.00088825825151315,0.009152615186347562,0.012955131051262114,0.000955131051262114,0.0007273630212023541,0.2754189643985247,0.025975433152014806,0.09088825825151316,0.040888258251513154,0.002934786575837466,0.09128573557073502,0.7032459700933537,0.19985758562223788,0.16929307282919218,0.018149904635682966,0.000365213197871159,0.2284156544532688,0.7530692277131771,1.0,0.6088385571676075,0.6106306277366843,0.1845576125139314,92.66494362920939,-1.4630130440451694e-11,8.326672684688674e-17,6.106226635438361e-16,-1.1102230246251565e-16,0.0,-4.747072474692304e-10,2.171030195896595e-11,-2.879197141120171e-10,-2.7617386502698515e-10
equilibrium_sigma_1.35,65.0,268.22103115012817,2.211068139148496,0.3559205777774031,0.78,0.6379880573350452,0.16876829594393536,0.9216546187279856,-0.3518373873331248,-2.7285609794500747,-3.0844815572274777,-5.039360044781808,0.7770260773855643,-6.981113236260505,-5.529722231717489,0.14165461872798557,-0.14201194266495487,1.4310681391484958,0.01291120911266791,0.00721367472451628,0.012892649473875369,0.0008926494738753683,0.00912946335074213,0.012962630532298292,0.0009626305322982913,0.0007324601308811296,0.27543227113295565,0.02619037593105465,0.09089264947387538,0.04089264947387537,0.002969504886989016,0.0915254112367953,0.7031475255327384,0.1998767360149389,0.16939574303047214,0.018203595017791816,0.00036971879492890823,0.22840899816819085,0.7530176880190883,0.9999999999999998,0.6086779744713471,0.6104908299744182,0.18518883117349705,93.66355876319211,-1.464711685272846e-11,1.942890293094024e-16,5.551115123125783e-17,0.0,0.0,-7.444948997570311e-11,3.701645760745276e-12,-4.5067435894274865e-11,-4.3178152026035477e-11
equilibrium_sigma_1.35,66.0,267.22103115012817,2.2239802966967215,0.3631641981675186,0.792,0.6508831338683491,0.17788635311236867,0.9346211588700808,-0.35110223386965034,-2.7053725177449133,-3.068536715912432,-5.0155804084743405,0.7889907854421303,-6.9558632930260895,-5.50569345562148,0.14262115887008076,-0.14111686613165098,1.4319802966967214,0.012913238211122974,0.007273635054609265,0.01289759258632587,0.0008975925863258689,0.009106715445333296,0.012970511728549461,0.0009705117285494606,0.0007379027508469527,0.27544725026159356,0.02640663520039303,0.09089759258632588,0.04089759258632587,0.0030046914099204638,0.09176764968695471,0.7030480283322841,0.19989608391397035,0.16949920487069492,0.018257891621869533,0.0003742882064261368,0.22840394359128283,0.7529638765804215,1.0,0.6085156747097402,0.6103495868704585,0.1858287468186903,94.66200000690202,-1.4663215086585524e-11,4.440892098500626e-16,-1.1102230246251565e-16,0.0,0.0,-7.957783043632816e-11,4.225363114951364e-12,-4.8098296179244215e-11,-4.604167047617125e-11
equilibrium_sigma_1.35,67.0,266.22103115012817,2.236894868576883,0.3704679864873918,0.804,0.6637834135745806,0.18698184912860533,0.9475957622890101,-0.3503614737279679,-2.6820910354584666,-3.0525590219458585,-4.991781065575874,0.800955013949299,-6.930582429844257,-5.4816429189567,0.14359576228901005,-0.14021658642541945,1.4328948685768828,0.012916027270764435,0.007334011147930321,0.012903049472470125,0.000903049472470125,0.009084334972310749,0.012978753575754176,0.0009787535757541758,0.0007436700086294046,0.2754637862802125,0.026624229801553222,0.09090304947247013,0.04090304947247013,0.0030403547825847256,0.092012489535559,0.7029474626315056,0.19991563216999425,0.16960350663189738,0.01831280413597584,0.00037892275279698535,0.22840035752200039,0.7529079155892268,0.9999999999999999,0.6083516320111755,0.6102068774092728,0.18647743615888324,95.66027943458226,-1.46807566103746e-11,-1.6653345369377348e-16,-2.7755575615628914e-16,0.0,0.0,-5.055894418404261e-11,2.9319307398578687e-12,-3.048310909248286e-11,-2.9135464874041617e-11
equilibrium_sigma_1.35,68.0,265.22103115012817,2.2498125854885616,0.3778323601163866,0.8160000000000001,0.6766893925619881,0.19605513452774928,0.9605787799138333,-0.349614791919424,-2.6587154857030186,-3.0365478458194053,-4.96796146823516,0.812918754069352,-6.9052694688864555,-5.457569963374914,0.14457877991383328,-0.13931060743801194,1.4338125854885615,0.012919519235494822,0.00739480620000711,0.012908985700245547,0.0009089857002455466,0.00906228900436606,0.012987337157932544,0.0009873371579325434,0.0007497431189773529,0.2754817748492289,0.02684317757156271,0.09090898570024555,0.04090898570024555,0.003076503764249477,0.09225996929064835,0.7028458126135818,0.19993538361798263,0.1697086938667193,0.018368342256185125,0.0003836237709534335,0.2283981191493726,0.752849914823489,1.0,0.6081858205752655,0.6100626807088946,0.18713498252384408,96.65840795900127,-1.4694967465089803e-11,2.7755575615628914e-17,-2.220446049250313e-16,0.0,0.0,2.0269412884243998e-11,-1.287084154533158e-12,1.2186029962890643e-11,1.1626848789303423e-11
equilibrium_sigma_1.35,69.0,264.22103115012817,2.2627341240503682,0.3852577395879337,0.8280000000000001,0.6896015343395637,0.2051065286917686,0.9735705448219377,-0.34886189120670197,-2.635244841645231,-3.0205025812331647,-4.944121088719266,0.8248819968317036,-6.879923287945116,-5.433473956377803,0.14557054482193765,-0.13839846566043634,1.4347341240503682,0.012923662384283774,0.007456023351290115,0.012915370130331873,0.0009153701303318725,0.009040547805098678,0.012996245465912715,0.0009962454659127144,0.0007561051487692261,0.2755011216070663,0.027063495450752737,0.09091537013033188,0.04091537013033188,0.003113147244657205,0.09251012742267678,0.7027430624771301,0.19995534108258908,0.1698148097226742,0.018424515702506302,0.0003883926161123602,0.22839711873851715,0.7527899729428641,0.9999999999999998,0.6080182146268065,0.6099169759800485,0.18780147544472242,97.65639545438586,-1.4709178319805005e-11,2.220446049250313e-16,4.440892098500626e-16,-1.1102230246251565e-16,0.0,5.933612282071898e-11,-4.1361497560288285e-12,3.555560706969274e-11,3.3854847744652083e-11
equilibrium_sigma_1.35,70.0,263.22103115012817,2.275660111642353,0.3927445485502939,0.84,0.7025202728098295,0.21413632275215852,0.9865713739840387,-0.3481024904100537,-2.6116780941849926,-3.0044226427352867,-4.920259417313086,0.836844733125272,-6.854542814945641,-5.409354288654068,0.14657137398403874,-0.13747972719017043,1.435660111642353,0.012928409870986785,0.007517665692906505,0.012922174634006807,0.0009221746340068067,0.009019084556829794,0.013005463258553007,0.001005463258553007,0.0007627408793453583,0.27552174131517215,0.027285199552753155,0.09092217463400681,0.04092217463400681,0.0031502942515618886,0.09276300241671467,0.7026391964147642,0.19997550738218978,0.16992189517660272,0.01848133423115311,0.00039323066323100977,0.22839725667602517,0.7527281784295906,0.9999999999999999,0.6078487883808011,0.6097697424953606,0.18847701038769107,98.65425084501015,-1.472305610761282e-11,-1.3877787807814457e-16,-3.3306690738754696e-16,0.0,0.0,2.087985687126981e-11,-1.6018358514613418e-12,1.2464154708347053e-11,1.1839964772497602e-11
equilibrium_sigma_1.35,71.0,262.22103115012817,2.288591131052298,0.4002932137203434,0.852,0.715446015139136,0.22314478237313404,0.9995815699402364,-0.3473363227807478,-2.5880142497376926,-2.9883074634580358,-4.89637596032021,0.8488069536907243,-6.829127022694154,-5.385210371538796,0.1475815699402364,-0.136553984860864,1.4365911310522983,0.01293371928393694,0.007579736272392385,0.012929373822771782,0.000929373822771782,0.008997875099359516,0.013014976900649344,0.001014976900649344,0.0007696366527421006,0.27554355703870237,0.027508305234398015,0.09092937382277179,0.040929373822771786,0.003187953958388331,0.09301863282309056,0.7025341985922935,0.1999958853327883,0.17002998926029095,0.01853880764651498,0.00039813930847286557,0.22839844255584382,0.7526646104891683,1.0,0.6076775160085293,0.609620959559674,0.1891616884965398,99.6519821902061,-1.473626776160586e-11,1.942890293094024e-16,-3.3306690738754696e-16,0.0,0.0,-4.8138012673226704e-11,3.886318350465601e-12,-2.868641088560331e-11,-2.722478492644953e-11
equilibrium_sigma_1.35,72.0,261.22103115012817,2.3015277246924533,0.40790416484389447,0.864,0.7283791443644962,0.23213215028035267,1.0126014223243094,-0.3465631345225112,-2.564252328214349,-2.972156493058243,-4.872470238245236,0.8607686491128609,-6.8036749241027055,-5.361041634702737,0.1486014223243094,-0.13562085563550375,1.4375277246924534,0.012939552246880814,0.007642238098983786,0.01293694480339231,0.0009369448033923096,0.008976897693220395,0.013024774201397804,0.0010247742013978038,0.0007767802101543708,0.2755664994042191,0.027732827159710902,0.09093694480339232,0.040936944803392314,0.003226135691748959,0.09327705730438142,0.7024280531294226,0.20001647775161735,0.17013912926581634,0.018596945812357792,0.0004031199706387221,0.22840059435002993,0.7525993398669736,1.0,0.6075043716060644,0.6094706064827102,0.18985561636552564,100.64959676146346,-1.4746981413793492e-11,5.551115123125783e-17,5.551115123125783e-17,0.0,0.0,-3.125532124781394e-11,2.7877986377711217e-12,-1.853856998468295e-11,-1.7542970548456438e-11
equilibrium_sigma_1.35,73.0,260.22103115012817,2.3144703984620842,0.41557783465912024,0.876,0.7413200217825361,0.24109864857872523,1.0256312092629023,-0.34578268343495344,-2.5403913611679725,-2.955969195827093,-4.8485417841305045,0.8727298098130789,-6.778185567812858,-5.3368475240358215,0.1496312092629023,-0.1346799782174639,1.4384703984620844,0.012945874054131293,0.007705174148562124,0.012944866953886656,0.0009448669538866562,0.008956132803038992,0.013034844307258098,0.0010348443072580975,0.0007841605875746893,0.27559050592086864,0.027958779359309786,0.09094486695388666,0.04094486695388666,0.003264848938877037,0.09353831467939235,0.7023207440816867,0.20003728746049013,0.17024935093423305,0.018655758662397073,0.0004081740925774869,0.22840363765000377,0.7525324295950216,1.0,0.6073293291648071,0.6093186625536835,0.19055890583637833,101.64710111300359,-1.4757861599434818e-11,-1.942890293094024e-16,2.220446049250313e-16,-1.1102230246251565e-16,0.0,1.1658587290019895e-11,-1.1518277651112463e-12,6.877588776266208e-12,6.4862958754074995e-12
equilibrium_sigma_1.35,74.0,259.22103115012817,2.3274196252569443,0.4233146588648709,0.888,0.7542689891216963,0.25004448086059994,1.038671198650041,-0.3449947376785739,-2.5164303901031584,-2.9397450489680295,-4.824590142043505,0.8846904260419287,-6.752658034213098,-5.312627499721165,0.15067119865004097,-0.13373101087830375,1.4394196252569444,0.01295265333967216,0.007768547368231854,0.012953121720372156,0.0009531217203721555,0.00893556290098101,0.013045177590376156,0.0010451775903761555,0.0007917680117097703,0.2756155203647641,0.028186175284869837,0.09095312172037216,0.04095312172037216,0.003304103354965321,0.09380244396415068,0.7022122554236137,0.20005831728890242,0.1703606886275992,0.018715256210247385,0.00041330314257298636,0.22840750497779408,0.7524639356693856,1.0,0.6071523625440189,0.6091651070178444,0.191271673820317,102.64450114583697,-1.4768353207017526e-11,-2.220446049250313e-16,4.440892098500626e-16,0.0,0.0,3.5694070962821733e-11,-3.916146053273284e-12,2.0924156504675828e-11,1.965664783720733e-11
equilibrium_sigma_1.35,75.0,258.22103115012817,2.340375848154475,0.43111507609405225,0.9,0.7672263705155099,0.25896983412153457,1.0517216493072248,-0.34419907465137634,-2.4923684649347053,-2.9234835410287574,-4.800614865701883,0.8966504878717392,-6.727091431817083,-5.288381034483276,0.15172164930722476,-0.13277362948449012,1.440375848154475,0.012959861777396123,0.00783236068055612,0.01296169243305851,0.0009616924330585093,0.008915172288646363,0.013055765513136919,0.0010557655131369185,0.0007995937623128668,0.27564149222138945,0.028415027858960117,0.09096169243305852,0.040961692433058514,0.003343908770429743,0.09406948441018304,0.7021025710330026,0.2000795700769077,0.17047317548570584,0.018775448558807313,0.00041850861571070274,0.22841213516152384,0.7523939076639582,1.0,0.6069734454451773,0.6090099190547833,0.1919940421434093,103.64180216582903,-1.4777123968912065e-11,5.551115123125783e-17,-5.551115123125783e-17,0.0,0.0,1.331861357312114e-11,-1.6269850050543155e-12,7.75021193055725e-12,7.24751508807131e-12
equilibrium_sigma_1.35,76.0,257.22103115012817,2.353339483312493,0.4389795278912514,0.912,0.7801924743000559,0.2678748805058648,1.064782812042507,-0.3433954799640254,-2.4682046425781063,-2.9071841704693577,-4.776615517220805,0.9086099851892858,-6.701484893961304,-5.264107611990879,0.15278281204250688,-0.13180752569994414,1.4413394833124933,0.012967473808862609,0.007896616987493605,0.012970564139156308,0.0009705641391563082,0.008894946935247526,0.013066600569322517,0.001066600569322517,0.0008076301166726196,0.27566837617926154,0.02864534952082641,0.09097056413915632,0.04097056413915631,0.003384275198128135,0.09433947554041697,0.7019916746761768,0.20010104867779266,0.17058684356930665,0.01883634590915587,0.00042379203523115554,0.22841747276777277,0.7523223892878402,1.0,0.6067925513879205,0.608853077758282,0.19272613741261974,104.63900893646598,-1.4784617974328285e-11,1.6653345369377348e-16,-5.551115123125783e-17,0.0,0.0,-2.8650019856524267e-11,3.706793552660237e-12,-1.6613824899147644e-11,-1.550661508920026e-11
equilibrium_sigma_1.35,77.0,256.22103115012817,2.3663109226024894,0.44690845869516443,0.924,0.7931675946488218,0.2767597788949225,1.0778549306161143,-0.34258374650620516,-2.4439379856608983,-2.890846444356063,-4.752591665972179,0.920568907688482,-6.675837575797039,-5.239806725401506,0.15385493061611422,-0.13083240535117824,1.4423109226024895,0.012975466396487723,0.007961319174055612,0.012979723451452312,0.0009797234514523114,0.00887487433089279,0.013077676163097962,0.0010776761630979619,0.0008158702319294164,0.2756961316710676,0.028877152268332304,0.09097972345145232,0.040979723451452316,0.003425212840551034,0.09461245718291622,0.701879549994128,0.20012275596057016,0.17070172399084563,0.018897958569006154,0.00042915495387307683,0.2284234675864934,0.7522494188906275,1.0,0.606609653687446,0.6086945621175849,0.19346809090150294,105.6361257267051,-1.479144584592973e-11,3.885780586188048e-16,-6.106226635438361e-16,0.0,0.0,-1.8962121803300924e-11,2.7434443605756087e-12,-1.0894726093502172e-11,-1.0110811493602156e-11
equilibrium_sigma_1.35,78.0,255.22103115012817,2.3792905360232033,0.4549023158226835,0.936,0.8061520130722543,0.2856246763637714,1.0909382426286809,-0.34176367358846826,-2.4195675613372467,-2.87446987715993,-4.7285428875415,0.9325272448630606,-6.650148651530884,-5.21547787602832,0.15493824262868083,-0.1298479869277458,1.4432905360232033,0.012983818797922014,0.00802647011173905,0.012989158409848857,0.0009891584098488566,0.008854943352289226,0.013088986557940885,0.0010889865579408846,0.0008243080978909134,0.27572472245408747,0.029110447696889363,0.09098915840984886,0.04098915840984886,0.0034667320970170512,0.0948884695028111,0.7017661804894009,0.20014469481231792,0.1708178470348732,0.01896029696079724,0.000434598955215198,0.22843007415996155,0.7521750299240259,0.9999999999999999,0.6064247254331164,0.6085343509998653,0.19422003845152025,106.63315635475364,-1.479594224917946e-11,-1.1102230246251565e-16,-3.3306690738754696e-16,0.0,0.0,6.545822911485644e-12,-1.0621538371058392e-12,3.720253272110341e-12,3.4294754536201566e-12
equilibrium_sigma_1.35,79.0,254.22103115012817,2.3922786738962234,0.4629615494563549,0.9480000000000001,0.8191459997835715,0.2944697095082005,1.1040329803328024,-0.34093506615892266,-2.3950924402024674,-2.8580539896588224,-4.704468762778285,0.9444849859992474,-6.624417311908577,-5.19112057212508,0.15603298033280233,-0.12885400021642857,1.4442786738962234,0.012992512361343439,0.008092072661725732,0.01299885835576451,0.00099885835576451,0.008835144140821018,0.013100526782272581,0.001100526782272581,0.0008329384393324091,0.27575411622958945,0.029345247035182508,0.09099885835576452,0.040998858355764514,0.003508843570872994,0.09516755303247071,0.7016515495136999,0.20016686814036772,0.17093524226820692,0.019023371629434543,0.00044012565501549646,0.22843725135510456,0.7520992513604453,1.0,0.6062377394682446,0.6083724231338542,0.19498212038965448,107.63010422780333,-1.480071620818535e-11,0.0,2.220446049250313e-16,0.0,0.0,2.094818589426506e-11,-3.823989735973754e-12,1.1753436765515879e-11,1.0748775133850863e-11
equilibrium_sigma_1.35,80.0,253.22103115012817,2.4052756688609076,0.4710866126355714,0.96,0.832149814941637,0.30329500565244916,1.1171393713741056,-0.34009773408873356,-2.3705116952985947,-2.841598307934166,-4.680368876931802,0.9564421201684078,-6.598642761921718,-5.166734327778893,0.1571393713741056,-0.127850185058363,1.4452756688609076,0.013001530339976877,0.008158129677864856,0.01300881381837981,0.0010088138183798091,0.008815467992039479,0.013112292577277529,0.0011122925772775287,0.0008417566682572541,0.27578428429812063,0.029581561177887798,0.09100881381837982,0.04100881381837981,0.003551558076714599,0.09544974870009032,0.7015356402561481,0.20018927887435795,0.17105393864066679,0.019087193249716854,0.00044573670255100464,0.2284449619756894,0.7520221080720427,1.0,0.6060486683709395,0.608208757094527,0.19575448146142763,108.62697237803677,-1.4803602788049375e-11,1.1102230246251565e-16,-3.3306690738754696e-16,0.0,0.0,8.22181558945978e-12,-1.6940684965938146e-12,4.542900777781966e-12,4.1152081742268365e-12
equilibrium_sigma_1.35,81.0,252.22103115012817,2.4182818376920734,0.47927796125080513,0.972,0.8451637097852117,0.3121006839513864,1.1302576394701531,-0.33925149151833367,-2.3458244012005647,-2.8251023624513696,-4.6562428188629195,0.9683986362196487,-6.572824218712034,-5.14231866189895,0.15825763947015314,-0.12683629021478826,1.4462818376920734,0.013010857723614766,0.00822464400946625,0.013019016411347513,0.0010190164113475127,0.00879590725521879,0.013124280338061567,0.0011242803380615667,0.0008507588256101428,0.2758152012465076,0.029819400715755118,0.09101901641134752,0.04101901641134752,0.0035948866476486875,0.09573509785690411,0.7014184357321086,0.20021192996816742,0.171173964577503,0.019151772633497804,0.0004514337819629787,0.22845317240980972,0.7519436211747295,1.0,0.6058574844358742,0.6080433312887159,0.19653727077763394,109.62376349533746,-1.4805934256401088e-11,1.6653345369377348e-16,1.6653345369377348e-16,0.0,0.0,-1.651933798085814e-11,3.6362145933166445e-12,-9.057555053204602e-12,-8.169692353177105e-12
equilibrium_sigma_1.35,82.0,251.22103115012817,2.431297482953746,0.48753605404155653,0.984,0.8581879276670173,0.3208868563953794,1.143388005031977,-0.338396156259693,-2.3210296331756157,-2.8085656872171723,-4.632090180324879,0.9803545227723559,-6.546960909656711,-5.117873097292536,0.15938800503197692,-0.12581207233298264,1.4472974829537462,0.013020481085825389,0.008291618503918442,0.013029458739191695,0.0010294587391916944,0.008776455242252713,0.013136487054810075,0.0011364870548100751,0.0008599415257659615,0.27584684466421727,0.030058775963204002,0.0910294587391917,0.0410294587391917,0.0036388405426128413,0.09602364230317029,0.7012999187725126,0.20023482440174073,0.17129534806415,0.019217120736614385,0.00045721861361036446,0.22846185230988933,0.7518638083398859,1.0,0.6056641596568758,0.6078761239415608,0.1973306417742438,110.62047995694567,-1.4807488568635563e-11,-3.3306690738754696e-16,3.3306690738754696e-16,0.0,0.0,-1.1088005513748556e-11,2.771694332381891e-12,-5.958709220488245e-12,-5.30765882633677e-12
equilibrium_sigma_1.35,83.0,250.22103115012817,2.4443228945162687,0.49586135259503195,0.996,0.8712227050035567,0.3296536287327557,1.1565306857377697,-0.3375315492453055,-2.2961264664069776,-2.7919878190020095,-4.6079105553067485,0.9923097682086546,-6.521052070609807,-5.0933971598188785,0.16053068573776974,-0.1247772949964433,1.4483228945162687,0.013030388444374985,0.008359056009160894,0.013040134311775788,0.0010401343117757873,0.008757106144254376,0.01314891025949727,0.0011489102594972704,0.0008693019015737491,0.27587919488416907,0.03029969698393,0.0910401343117758,0.04104013431177579,0.003683431253766934,0.09631542431311056,0.7011800720136149,0.20025796518282132,0.1714181167246156,0.01928324866562412,0.00046309295543657953,0.2284709743003237,0.7517826840786155,0.9999999999999999,0.6054686657102158,0.6077071130836849,0.19813475218274812,111.61712385456862,-1.4805490167191238e-11,1.1102230246251565e-16,0.0,-1.1102230246251565e-16,0.0,3.5109328638815995e-12,-1.000985752619421e-12,1.8411834556975037e-12,1.6147777559538667e-12
equilibrium_sigma_1.35,84.0,249.22103115012817,2.457358350938768,0.5042543213472072,1.008,0.8842682721424444,0.338401101311797,1.1696858970595558,-0.3366574940231366,-2.271113975278465,-2.775368296625672,-4.583703539435411,1.0042643606657848,-6.495096944294131,-5.068890377616535,0.16168589705955583,-0.1237317278575556,1.449358350938768,0.013040569134584554,0.008426959376008738,0.013051037466731426,0.0010510374667314255,0.008737854955803506,0.013161548001461298,0.0011615480014612982,0.0008788375832624595,0.275912234747671,0.030542173614430013,0.09105103746673143,0.04105103746673143,0.003728670513964486,0.09661048665886675,0.7010588778871544,0.2002813553485955,0.17154229789359332,0.019350167684365205,0.0004690586043502371,0.22848051371203895,0.7517002599992455,0.9999999999999999,0.6052709739385592,0.6075362765390542,0.19894976401150619,112.6136970189778,-1.480515710028385e-11,5.551115123125783e-16,6.661338147750939e-16,0.0,0.0,1.169654650912122e-11,-3.821803984394023e-12,5.951872675269421e-12,5.119371940254247e-12
equilibrium_sigma_1.35,85.0,248.22103115012817,2.47040412072752,0.5127154275867981,1.02,0.8973248541539457,0.3471293698487958,1.1828538527466632,-0.33577381629382097,-2.2459912327141227,-2.7587066603009207,-4.559468729430479,1.0162182880283759,-6.46909477883057,-5.044352280397482,0.1628538527466632,-0.12267514584605432,1.4504041207275198,0.013051013694587568,0.008495331460341813,0.013062163299236589,0.0010621632992365883,0.008718697406268992,0.013174398778570406,0.0011743987785704062,0.0008885466290520228,0.27594594939162603,0.030786215485573698,0.0910621632992366,0.04106216329923659,0.0037745703043185457,0.09690887263359137,0.7009363186108692,0.20030499796725798,0.17166791868280326,0.0194178892203658,0.00047511739762258075,0.22849044834176843,0.7516165450402432,1.0,0.6050710553354937,0.6073635919134546,0.19977584353767114,113.61020104228615,-1.48011602973952e-11,-5.551115123125783e-17,-7.216449660063518e-16,0.0,0.0,4.769464337361917e-12,-1.7960771758751548e-12,2.3371894697366002e-12,1.9601906903199406e-12
equilibrium_sigma_1.35,86.0,247.22103115012817,2.4834604634847683,0.5212451414615108,1.032,0.9103926715555433,0.3558385261305823,1.19603476527115,-0.33488034348509066,-2.2207573095666806,-2.7420024510281915,-4.535205722606895,1.028171537920605,-6.4430448263895235,-5.019782398800948,0.16403476527115002,-0.12160732844445676,1.4514604634847683,0.013061713761121141,0.00856417512517519,0.013073507598286675,0.001073507598286675,0.008699629897364444,0.01318746152834116,0.0011874615283411598,0.000898427516826672,0.27598032605541417,0.031031832042460832,0.09107350759828668,0.04107350759828668,0.0038211428618765775,0.09721062607380226,0.700812376179316,0.20032889613950802,0.1717950060422676,0.019486424871133442,0.0004812712143052157,0.22850075823324797,0.7515315456813133,0.9999999999999999,0.6048688805305524,0.6071890365835032,0.20061316130859824,114.60663729817367,-1.47976075837164e-11,-2.220446049250313e-16,-3.3306690738754696e-16,0.0,0.0,-8.919210855995452e-12,3.642247961566092e-12,-4.2791568899414045e-12,-3.5415177734865466e-12
equilibrium_sigma_1.35,87.0,246.22103115012817,2.49652763095648,0.5298439359873379,1.044,0.9234719409750702,0.3645286586569709,1.2092288462382965,-0.33397690436042415,-2.195411274049625,-2.725255210036963,-4.510914116419894,1.0401240976982238,-6.41694634195319,-4.995180263800762,0.16522884623829648,-0.1205280590249298,1.4525276309564799,0.013072661974998775,0.008633493242622227,0.013085066788970624,0.001085066788970624,0.008680649446490815,0.013200735584639745,0.0012007355846397443,0.0009084791013913573,0.2760153539059716,0.03127903256267166,0.09108506678897063,0.04108506678897063,0.0038684006874208244,0.09751579138110866,0.7006870323549446,0.20035305299998582,0.17192358681692432,0.019555786410348212,0.00048752197667110004,0.228511425478473,0.7514452661345077,1.0,0.6046644197746571,0.6070125876861353,0.2014618921525188,115.60300696021582,-1.4791279312476036e-11,-2.220446049250313e-16,-3.3306690738754696e-16,0.0,0.0,-5.997417840131192e-12,2.855306269200497e-12,-2.723611267074766e-12,-2.1670130967432755e-12
equilibrium_sigma_1.35,88.0,245.22103115012817,2.5096058679950084,0.5385122870579863,1.056,0.9365628757612918,0.37319985323119165,1.2224363067676365,-0.33306332865652577,-2.169952191209341,-2.7084644782673273,-4.486593508051171,1.052075954440452,-6.39079858217667,-4.9705454061631285,0.16643630676763643,-0.11943712423870823,1.4536058679950083,0.013083851894886839,0.00870328869576205,0.013096837879796243,0.0010968378797962426,0.008661753634867861,0.013214220633273044,0.0012142206332730436,0.0009187005717281593,0.27605102387817043,0.031527826173189895,0.09109683787979625,0.04109683787979625,0.003916356553395921,0.09782441354338087,0.7005602686594039,0.2003774717186534,0.17205368779934443,0.01962598579397766,0.0004938716516812904,0.2285224340364252,0.7513577085179158,1.0,0.6044576429259347,0.6068342221085145,0.2023222151965282,116.5993110186151,-1.4784284907420897e-11,1.1102230246251565e-16,1.1102230246251565e-16,0.0,0.0,1.709668864813274e-12,-9.574459280958791e-13,7.216189451542121e-13,5.421114945836081e-13
equilibrium_sigma_1.35,89.0,244.22103115012817,2.522695413438649,0.5472506734560463,1.068,0.9496656865437269,0.38185219350029614,1.2356573578453758,-0.3321394467488459,-2.1443791224340347,-2.691629795890081,-4.462243494032103,1.0640270949417214,-6.364600804342242,-4.945877355950541,0.16765735784537572,-0.11833431345627321,1.4546954134386487,0.013095277919111858,0.00877356438041434,0.01310881841496269,0.0011088184149626902,0.008642940560403007,0.013227916716429533,0.0012279167164295328,0.000929091456547404,0.27608732853018997,0.031778221865966426,0.0911088184149627,0.041108818414962695,0.003965023511977392,0.09813653815543094,0.7004320663650471,0.20040215550212626,0.17218533577864698,0.019697035166328824,0.0005003222524792943,0.22853376956853866,0.7512688730126532,1.0,0.6042485194358612,0.6066539164783309,0.2031943138924045,117.59555029536837,-1.4774181877896808e-11,5.551115123125783e-17,1.6653345369377348e-16,0.0,0.0,5.83540681053929e-12,-3.885487417920608e-12,2.2247394898533557e-12,1.5243917239615712e-12
equilibrium_sigma_1.35,90.0,243.22103115012817,2.5357965009147225,0.5560595768665677,1.08,0.962780581746037,0.3904857614497893,1.2488922106506424,-0.3312050893427885,-2.1186911249951668,-2.6747507018617345,-4.437863669899918,1.0759775057032557,-6.338352265397942,-4.921175642066881,0.1688922106506423,-0.11721941825396309,1.4557965009147225,0.01310693521483508,0.008844323206831137,0.013121006431199171,0.001121006431199171,0.008624208794945881,0.013241824171617012,0.0012418241716170113,0.0009396515621151735,0.27612426191272477,0.03203022851221449,0.09112100643119918,0.041121006431199175,0.004014414903295767,0.09845221143929547,0.7003024064866004,0.20042710759496224,0.17231855758594225,0.019768946866059477,0.0005068758399158933,0.2285454192894554,0.7511787580045691,0.9999999999999999,0.6040370183356719,0.6064716471544351,0.20407837605010928,118.59172545799068,-1.4764411915280107e-11,-1.1102230246251565e-16,-2.220446049250313e-16,0.0,0.0,2.4030534506724877e-12,-1.9286187230571628e-12,7.883849822976075e-13,4.5472826892822837e-13
equilibrium_sigma_1.35,91.0,242.22103115012817,2.548909359575115,0.5649394818924377,1.092,0.9759077680583396,0.399100637857535,1.2621410768587304,-0.33026008718751965,-2.092887251617959,-2.657826733510397,-4.41345362988403,1.0879271729244788,-6.312052221071516,-4.896439791839917,0.17014107685873037,-0.11609223194166052,1.456909359575115,0.013118819653770514,0.008915568101315155,0.01313340041864624,0.0011334004186462389,0.008605557345410565,0.013255943647205726,0.0012559436472057255,0.0009503809877964287,0.27616181945044316,0.032283854875583336,0.09113340041864625,0.04113340041864624,0.00406454436382722,0.0987714802641952,0.7001712697729657,0.20045233128091308,0.1724533801367315,0.01984173343216573,0.0005135345241072166,0.22855737183139865,0.7510873602123285,1.0000000000000002,0.6038231082229891,0.6062873902177583,0.2049745938782599,119.58783703196039,-1.4752532528916618e-11,-4.440892098500626e-16,-3.3306690738754696e-16,-1.1102230246251565e-16,0.0,-4.1055596422534535e-12,3.704337184218254e-12,-1.205034336204669e-12,-5.911642703138043e-13
equilibrium_sigma_1.35,92.0,241.22103115012817,2.5620342147699025,0.5738908760724085,1.104,0.9890474508722513,0.40769690271071074,1.2754041689234425,-0.32930427081035185,-2.066966550076913,-2.6408574261493216,-4.389012966618406,1.0998760824942289,-6.285699925051557,-4.871669330636372,0.17140416892344246,-0.11495254912774877,1.4580342147699024,0.013130927753862237,0.008987302007774617,0.013145999285459613,0.0011459992854596125,0.008586985618476956,0.013270276061350117,0.0012702760613501167,0.0009612800860869797,0.2761999978347261,0.03253910962429653,0.09114599928545962,0.04114599928545962,0.0041154258349677285,0.09909439216626012,0.7000386366991175,0.20047782988414686,0.17258983047054482,0.01991540760996819,0.0005203004660292853,0.22856961712084745,0.7509946748031552,1.0000000000000002,0.6036067572486057,0.6061011214624753,0.2058831640315522,120.58388541198725,-1.473809962959649e-11,-3.885780586188048e-16,-6.106226635438361e-16,0.0,0.0,-2.6536880332050927e-12,2.983511007692563e-12,-5.503601047118778e-13,-7.778153121584808e-14
equilibrium_sigma_1.35,93.0,240.22103115012817,2.5751712886678937,0.582914249898869,1.116,1.002199834683089,0.41627463558958466,1.2886817003414524,-0.32833747026879234,-2.04092806281637,-2.623842312715239,-4.364541270881958,1.1118242199817867,-6.259294628231991,-4.8468637815105815,0.17268170034145225,-0.11380016531691117,1.4591712886678936,0.013143256626238053,0.009059527889213785,0.01315880232559944,0.0011588023255994402,0.008568493388281494,0.0132848225720128,0.0012848225720127997,0.000972349435968134,0.2762387949260589,0.03279600134238479,0.09115880232559945,0.041158802325599445,0.004167073571784124,0.09942099536801757,0.6999044874580993,0.20050360677043816,0.17272793578822954,0.019989982357096397,0.0005271758791497905,0.228582146266384,0.7509006954973698,0.9999999999999999,0.6033879331034281,0.6059128163874014,0.20680428766367814,121.57987087227254,-1.4722778551856663e-11,1.1102230246251565e-16,-3.3306690738754696e-16,0.0,0.0,6.40102554294586e-13,-9.244445486888964e-13,5.2811921502637915e-14,-8.679862384397552e-14
equilibrium_sigma_1.35,94.0,239.22103115012817,2.588320800826056,0.59201009683693,1.1280000000000001,1.0153651234610088,0.42483391602008,1.3019738858995447,-0.3273595149194647,-2.0147708265927973,-2.606780923429727,-4.340038131362956,1.1237715706277018,-6.232835578014331,-4.822022664882466,0.17397388589954454,-0.11263487653899129,1.460320800826056,0.01315580392717032,0.009132248729165713,0.013171809189705473,0.001171809189705473,0.00855008076704257,0.013299584593617908,0.0012995845936179078,0.000983589852898703,0.27627820966577415,0.03305453854002237,0.09117180918970548,0.04117180918970548,0.0042195021519594615,0.09975133879771653,0.6997688019530861,0.20052966534833472,0.172867723486992,0.020065470849489855,0.0005341630310999395,0.22859495145698483,0.7508054146624253,1.0,0.6031666030055299,0.6057224501875865,0.20773817048621313,122.57579357579343,-1.470623622878975e-11,-6.661338147750939e-16,0.0,0.0,0.0,2.0611724133035025e-12,-3.999850797797855e-12,-2.3144160199439767e-13,-8.05621194754913e-13
equilibrium_sigma_1.35,95.0,238.22103115012817,2.6014829687121397,0.601178913345624,1.1400000000000001,1.028543520994065,0.4333748237980838,1.3152809419063722,-0.3263702332023365,-1.9884938721354668,-2.589672785481091,-4.315503134444057,1.1357181193343975,-6.2063220176611775,-4.797145498240917,0.1752809419063721,-0.11145647900593514,1.4614829687121396,0.013168567814592066,0.009205467533075344,0.013185019858815199,0.0011850198588151985,0.008531748178404755,0.01331456375930351,0.0013145637593035102,0.0009950023577287581,0.2763182419964097,0.03331472966303453,0.0911850198588152,0.0411850198588152,0.004272726484949198,0.10008547210856593,0.6996315597894817,0.20055600907030413,0.17300922119341405,0.02014188648743464,0.0005412642453895255,0.22860802586972467,0.7507088233974513,1.0000000000000002,0.6029427336872608,0.6055299977460616,0.2086850228335229,123.57165358268861,-1.4687584481976046e-11,1.1102230246251565e-16,1.1102230246251565e-16,0.0,0.0,7.439517751839375e-13,-2.0892124835691916e-12,-3.3810280963830763e-13,-6.220319398453356e-13
equilibrium_sigma_1.35,96.0,237.22103115012817,2.614658008185932,0.6104211989006139,1.1520000000000001,1.0417352312063484,0.4418974392884181,1.3286030864106446,-0.32536945243837656,-1.9620962238237905,-2.5725174227244043,-4.290935864006837,1.147663850656547,-6.179753185696036,-4.772231795870779,0.17660308641064448,-0.11026476879365177,1.4626580081859317,0.013181546908685116,0.009279187329637955,0.013198434620606138,0.0011984346206061376,0.008513496333180458,0.013329761910929605,0.0013297619109296048,0.001006588163932065,0.2763588927897156,0.03357658310166479,0.09119843462060614,0.04119843462060614,0.0043267618213562375,0.10042344569792537,0.6994927402670372,0.20058264143386356,0.173152456794713,0.02021924290164569,0.0005484819031675997,0.22862136358593904,0.7506109116092476,1.0,0.6027162913823899,0.6053354336257158,0.2096450597332068,124.56745085784603,-1.4668044556742643e-11,5.551115123125783e-17,6.106226635438361e-16,0.0,0.0,-9.996326683081591e-13,3.809286219791375e-12,8.296106857041963e-13,1.3179249358508116e-12
equilibrium_sigma_1.35,97.0,236.22103115012817,2.627846133943026,0.6197374560193293,1.164,1.0549404584539956,0.4504018437012416,1.3419405394072546,-0.3243569986392093,-1.9355768993779763,-2.5553143553973054,-4.266335901252317,1.1596087487912006,-6.153128315343184,-4.747281068599522,0.17794053940725463,-0.10905954154600428,1.463846133943026,0.013194740256117679,0.009353411172101497,0.01321205404794664,0.0012120540479466403,0.00849532620730161,0.013345181100188341,0.0013451811001883411,0.0010183486764958616,0.2764001637816565,0.033840107198671074,0.09121205404794665,0.041212054047946645,0.004381623762543537,0.1007653107265295,0.6993523223719551,0.20060956598269966,0.17329745846843514,0.020297553959414853,0.0005558184450322948,0.2286349595148527,0.7505116680807001,1.0,0.6024872418132252,0.6051387320612603,0.21061850098219334,125.563185277761,-1.4644174761713202e-11,0.0,-6.661338147750939e-16,-1.1102230246251565e-16,0.0,-3.9882853963835174e-13,3.14977557924756e-12,9.676148771120552e-13,1.346246031319609e-12
equilibrium_sigma_1.35,98.0,235.22103115012817,2.641047559925466,0.6291281902855885,1.176,1.0681594078006424,0.45888811934694607,1.355293523032652,-0.3233326963274201,-1.908934909565253,-2.5380630998508416,-4.241702824541586,1.1715527975676803,-6.1264466340088735,-4.722292823567155,0.179293523032652,-0.10784059219935749,1.465047559925466,0.013208147297687323,0.009428142139524203,0.013225878979478002,0.0012258789794780019,0.008477239021641887,0.013360823559738222,0.0013608235597382216,0.0010302854686061735,0.2764420575135697,0.034105310256784656,0.09122587897947801,0.041225878979478006,0.004437328270471155,0.10111111913769215,0.6992102847689998,0.20063678630777335,0.17344425471078914,0.02037683377081441,0.000563276372889461,0.2286488093244807,0.7504110805318154,1.0,0.6022555501777462,0.6049398669513044,0.21160557122733228,126.55885663675255,-1.462074905589361e-11,-4.440892098500626e-16,-3.3306690738754696e-16,0.0,0.0,4.085273785925381e-15,-8.971851039873968e-13,-3.481815530337329e-13,-4.4865847148578553e-13
equilibrium_sigma_1.35,99.0,234.22103115012817,2.65426249970113,0.6385939103752402,1.188,1.0813922852740734,0.4673563498714509,1.3686622617502995,-0.32229636836673736,-1.882169257918475,-2.520763168293715,-4.217036209252586,1.1834959804372132,-6.099707362798506,-4.697266564015269,0.18066226175029954,-0.10660771472592656,1.46626249970113,0.0132217678391085,0.009503383337995283,0.013239910502135584,0.0012399105021355834,0.008459236223660321,0.01337669170209388,0.001376691702093879,0.001042400277206923,0.27648457727919873,0.034372200545561025,0.09123991050213559,0.04123991050213559,0.004493891677778569,0.10146092367656909,0.699066605793587,0.20066430604841487,0.17359287436371132,0.020457096694974756,0.000570858251863726,0.22866290937908668,0.7503091356740749,1.0,0.6020211811366987,0.6047388118505034,0.21260650005094478,127.55446465256748,-1.459465881481492e-11,-1.1102230246251565e-16,7.771561172376096e-16,0.0,0.0,-4.362378513977916e-13,-4.155176203113342e-12,-1.916718520011962e-12,-2.346923003160306e-12
equilibrium_sigma_1.35,100.0,233.22103115012817,2.6674911668149037,0.6481351280837627,1.2,1.094639298106327,0.4758066204741526,1.3820469825274249,-0.3212478358009513,-1.855278940464135,-2.503414068547898,-4.1923356276500305,1.195438280462293,-6.072909716064379,-4.672201789091709,0.1820469825274249,-0.10536070189367286,1.4674911668149038,0.013235602024606677,0.009579137901827193,0.013254149935442279,0.0012541499354422787,0.008441319470725597,0.013392788120736299,0.0013927881207362984,0.0010546950046652626,0.27652772707709783,0.03464078630768358,0.09125414993544229,0.04125414993544228,0.004551330698130883,0.10181477790954946,0.6989212634438182,0.2006921288934151,0.1737433466408398,0.020538357346455288,0.0005785667122656739,0.22867725668238745,0.7502058192588916,1.0,0.6017840988006018,0.6045355399617408,0.21362152206150845,128.55000897142511,-1.456690323919929e-11,-7.216449660063518e-16,1.6653345369377348e-16,2.220446049250313e-16,0.0,-4.631694333623315e-13,-2.276699662129289e-12,-1.2011815153645244e-12,-1.4169863199464672e-12
equilibrium_sigma_1.35,101.0,232.22103115012817,2.6807337751148266,0.6577523583551877,1.212,1.1079006549590131,0.48423901811007647,1.3954479150041785,-0.3201869177004749,-1.8282629454591763,-2.486015303814364,-4.167600648768404,1.2073796803057557,-6.046052900981801,-4.647097993670491,0.18344791500417856,-0.10409934504098683,1.4687337751148266,0.013249650313052072,0.009655408994720218,0.013268598817386686,0.0012685988173866854,0.008423490614924405,0.01340911557567992,0.0014091155756799194,0.0010671717021182303,0.27657151156783844,0.03491107576476439,0.09126859881738669,0.04126859881738669,0.0046096624368353505,0.10217273624379704,0.6987742353724551,0.20072025858211343,0.1738957011525451,0.020620630601714325,0.0005864044516172896,0.228691848826006,0.7501011161206623,1.0,0.6015442667166558,0.6043300241283321,0.21465087698914095,129.54548917256236,-1.4536039039114712e-11,-1.6653345369377348e-16,-1.6653345369377348e-16,-1.1102230246251565e-16,0.0,1.066511462477493e-12,3.9485654329540765e-12,2.237205212751725e-12,2.5780939882924514e-12
equilibrium_sigma_1.35,102.0,231.22103115012817,2.6939905390560925,0.6674461193133461,1.224,1.1211765661360462,0.4926536316784102,1.4088652916563666,-0.3191134310154451,-1.801120253133656,-2.468566372447002,-4.142830838304897,1.2193201622195542,-6.019136117148234,-4.621954668183429,0.18486529165636667,-0.10282343386395376,1.4699905390560926,0.013263913456304413,0.009732199810908298,0.013283258891730439,0.0012832588917304384,0.008405751689226061,0.013425676972378398,0.0014256769723783973,0.0010798325517091811,0.2766159360355468,0.035183077122706526,0.09128325889173045,0.04128325889173044,0.004668904401749035,0.10253485394701257,0.6986254988788011,0.20074869890548894,0.1740499679301782,0.020703931605696967,0.0005943742367397885,0.2287066839423692,0.7499950102151941,1.0,0.6013016478555016,0.6041222368262139,0.2156948097860892,130.54090477232808,-1.4504841772122745e-11,-4.996003610813204e-16,-3.885780586188048e-16,0.0,0.0,1.1863739157735864e-12,3.350306143623527e-12,2.0903990344267598e-12,2.348730585022274e-12
equilibrium_sigma_1.35,103.0,230.22103115012817,2.7072616739843802,0.6772169322924139,1.236,1.1344672437835182,0.5010505521967549,1.422299347952024,-0.3180271904350258,-1.7738498354430314,-2.4510667677354454,-4.118025758527724,1.231259708033241,-5.992158556210222,-4.596771298468785,0.18629934795202407,-0.10153275621648183,1.4712616739843802,0.013278392479810136,0.009809513576270761,0.0132981320966356,0.0012981320966355993,0.00838810489482628,0.013442475385039288,0.0014424753850392873,0.0010926798904575818,0.2766610063534412,0.0354567985765904,0.0912981320966356,0.041298132096635604,0.004729074514459611,0.102901187167335,0.6984750309005279,0.20077745370724587,0.17420617744958308,0.0207882757785237,0.0006024789059026947,0.22872176066247096,0.7498874846531026,1.0,0.6010562045978854,0.6039121501561616,0.21675357073125667,131.53625522786197,-1.4470091791451978e-11,1.1102230246251565e-16,4.440892098500626e-16,-1.1102230246251565e-16,0.0,-3.747314958335579e-13,-8.722415151263263e-13,-5.896914900826999e-13,-6.486096382207762e-13
equilibrium_sigma_1.35,104.0,229.22103115012817,2.7205473964002898,0.6870653218682616,1.248,1.1477729020784144,0.5094298729629154,1.4357503225026396,-0.3169280082521758,-1.746450655826912,-2.4335159776951736,-4.093184968196084,1.2431982991421455,-5.965119401512882,-4.571547365632946,0.18775032250263957,-0.10022709792158557,1.4725473964002898,0.01329308866520068,0.009887353549419253,0.013313220554524836,0.0013132205545248361,0.00837055258962223,0.013459514029978692,0.0014595140299786917,0.001105716178617655,0.27670672895310555,0.035732248315128244,0.09131322055452484,0.04131322055452484,0.004790191121762657,0.10327179295345851,0.6983228080054127,0.20080652688490006,0.1743643606539845,0.020873678822299978,0.0006107213710385224,0.22873707807780555,0.749778521728856,1.0,0.6008078987211827,0.6036997358359948,0.21782741553922344,132.53153994038544,-1.4434675676966435e-11,-2.220446049250313e-16,2.220446049250313e-16,0.0,0.0,-2.162102094582785e-12,-4.345255058546549e-12,-3.143740476274637e-12,-3.3943316907203425e-12
equilibrium_sigma_1.35,105.0,228.22103115012817,2.7338479242072897,0.6969918158916886,1.26,1.16109375740811,0.5177916897061503,1.4492184572100468,-0.315815694232927,-1.7189216689714573,-2.415913484863146,-4.068308022488769,1.2551359164952132,-5.938017827767072,-4.5462823459217985,0.18921845721004682,-0.09890624259189007,1.4738479242072897,0.013308003534605498,0.009965723022768467,0.013328526563048664,0.0013285265630486633,0.008353097277721593,0.013476796272282598,0.0014767962722825982,0.0011189440063397171,0.2767531107971172,0.03600943452474564,0.09132852656304867,0.04132852656304867,0.004852273007457276,0.10364672927504079,0.6981688063829554,0.2008359223908724,0.17452454897638547,0.020960156728065883,0.0006191046200274432,0.22875263570574816,0.7496681029461585,0.9999999999999999,0.6005566913857225,0.6034849651927336,0.21891660547402608,133.52675825814484,-1.4396706049524255e-11,0.0,-8.881784197001252e-16,2.220446049250313e-16,0.0,-1.391638540515494e-12,-2.490757600170923e-12,-1.9097241149568234e-12,-2.0278761309056037e-12
equilibrium_sigma_1.35,106.0,227.22103115012817,2.7471634769448956,0.7069969455228631,1.272,1.1744300285414722,0.5261361007285293,1.4627039974095633,-0.3146900554896018,-1.6912618205755374,-2.3982587660984005,-4.043394472942092,1.267072540582508,-5.910853000733741,-4.520975710602256,0.19070399740956323,-0.09756997145852786,1.4751634769448956,0.013323138836556683,0.010044625323588874,0.013344052587056475,0.0013440525870564747,0.008335741599868118,0.01349432561137398,0.0014943256113739804,0.0011323660903395094,0.2768001593547166,0.036288365393304524,0.09134405258705648,0.04134405258705648,0.004915339404465317,0.10402605504340488,0.6980130018358756,0.20086564423358733,0.17468677436156316,0.021047725782889444,0.0006276317190541262,0.22876843345819295,0.7495562090398633,0.9999999999999999,0.6003025431209187,0.6032678091547024,0.22002140746745708,134.52190947903952,-1.4356960065242674e-11,1.1102230246251565e-16,7.771561172376096e-16,-1.1102230246251565e-16,0.0,2.5076347248687014e-12,4.1164103375956884e-12,3.2745074013407205e-12,3.4311494617744742e-12
equilibrium_sigma_1.35,107.0,226.22103115012817,2.7604942760094,0.7170812452680428,1.284,1.187781936793482,0.5344632070382515,1.4762071920103719,-0.31355089635703826,-1.6634700471178714,-2.3805512923859142,-4.018443867394194,1.2790081514223515,-5.883624076920719,-4.495626925850704,0.19220719201037184,-0.09621806320651793,1.4764942760093998,0.013338496533204888,0.01012406381505029,0.013359801251451149,0.0013598012514511489,0.00831848832469078,0.013512105694335474,0.0015121056943354742,0.0011459852689021943,0.276847882580155,0.03656904911352933,0.09135980125145116,0.04135980125145115,0.004979410007297575,0.10440983013261038,0.6978553697714573,0.2008956964785834,0.17485106928779037,0.021136402577123008,0.0006363058150414716,0.22878447161273363,0.7494428199951019,1.0,0.600045413811151,0.6030482382435441,0.2211420942421549,135.5169928529728,-1.4312551144257668e-11,-1.1102230246251565e-16,-5.551115123125783e-16,0.0,0.0,2.3702498297417662e-12,3.582920418687685e-12,2.9857210454009575e-12,3.0834258757383992e-12
equilibrium_sigma_1.35,108.0,225.22103115012817,2.7738405448617462,0.7272452530154562,1.296,1.2011497061818353,0.5427731124731334,1.489728293632708,-0.31239801827216396,-1.6355452756299838,-2.36279052864544,-3.993455749942137,1.2909427285481163,-5.85633020329891,-4.470235452654779,0.19372829363270805,-0.09485029381816479,1.4778405448617462,0.013354078789079626,0.010204041897236418,0.013375775334925614,0.0013757753349256142,0.008301340340703862,0.01353014029481514,0.0015301402948151403,0.0011598044963312404,0.276896288893714,0.03685149388604921,0.09137577533492562,0.04137577533492562,0.005044504984844708,0.10479811540078314,0.6976958851927895,0.20092608324962496,0.17501746678825325,0.021226204011800292,0.0006451301381596605,0.22880075078723047,0.7493279150628096,1.0,0.5997852626814753,0.6028262225662055,0.22227894443863325,136.51200758392744,-1.4268253245575124e-11,0.0,9.992007221626409e-16,0.0,0.0,-6.003739172477651e-13,-8.470012885508638e-13,-7.352625452927697e-13,-7.488645120679038e-13
equilibrium_sigma_1.35,109.0,224.22103115012817,2.787202509224252,0.7374895100718044,1.308,1.2145335635771837,0.5510659238160172,1.5032675587426756,-0.31123121965617073,-1.6074864234719202,-2.344975933543725,-3.968429660908109,1.3028762509946545,-5.828970517032898,-4.444800746724687,0.19526755874267554,-0.09346643642281638,1.4792025092242518,0.013369887961158969,0.010284563008139997,0.013391977764501399,0.0013919777645013988,0.008284300649014989,0.013548433328569587,0.0015484333285695866,0.0011738268496097604,0.27694538716515577,0.037135707922106756,0.0913919777645014,0.0413919777645014,0.005110644993519203,0.10519097271178476,0.6975345226898632,0.20095680872982286,0.17518600047225408,0.021317147306194793,0.0006541080044155808,0.2288172719171108,0.7492114727722788,1.0,0.5995220482831042,0.6026017318068488,0.22343224274670193,137.50695283179007,-1.4219736499399005e-11,-2.220446049250313e-16,-4.440892098500626e-16,0.0,0.0,-3.431675082987695e-12,-4.5657783109831485e-12,-4.108961434989844e-12,-4.1297139319329546e-12
equilibrium_sigma_1.35,110.0,223.22103115012817,2.8005803972682792,0.7478145612006236,1.32,1.2279337388488838,0.559341750903875,1.5168252477855924,-0.310050295798459,-1.5792923981077576,-2.3271069593083813,-3.943365136811761,1.3148086972843296,-5.801544145221127,-4.419322258410604,0.1968252477855923,-0.09206626115111627,1.4805803972682792,0.01338592658996425,0.010365630624648195,0.013408411610760625,0.0014084116107606244,0.008267372356661546,0.01356698884680263,0.0015669888468026298,0.001188055521739173,0.27699518669927464,0.03742169944599741,0.09140841161076063,0.04140841161076063,0.005177851190773189,0.10558846495730263,0.6973712564305004,0.20098787716276698,0.17535670454634555,0.021409250005562003,0.0006632428183278918,0.22883403623464565,0.7490934709414644,0.9999999999999999,0.5992557284786072,0.6023747352186508,0.2246022800416204,138.5018277139601,-1.4170331574803186e-11,4.440892098500626e-16,-1.1102230246251565e-16,0.0,0.0,-2.158533768392701e-12,-2.731516401954792e-12,-2.53855964027494e-12,-2.5183917451432336e-12
equilibrium_sigma_1.35,111.0,222.22103115012817,2.8139744397936597,0.758220954661771,1.332,1.2413504650064393,0.567600706730686,1.5304016253181452,-0.308855038742063,-1.5509620968816167,-2.3091830515433878,-3.9182617103497703,1.3267400454126457,-5.774050204646345,-4.3937994326273,0.1984016253181451,-0.09064953499356077,1.4819744397936596,0.013402197391665871,0.010447248263514036,0.013425080083724193,0.001425080083724193,0.008250558670513011,0.013585811018401728,0.0015858110184017275,0.0012024938089716386,0.27704569722340666,0.03770947669723052,0.0914250800837242,0.0414250800837242,0.0052461452489973555,0.10599065607935175,0.6972060601511106,0.20101929285367243,0.175529613835422,0.0215025299890654,0.000672538075690095,0.22885104525026795,0.7489738866849766,1.0,0.5989862604268342,0.6021452016154959,0.2257893535247998,139.4966313067573,-1.4118151092645803e-11,7.771561172376096e-16,0.0,0.0,0.0,3.5822282640207703e-12,4.308518819495788e-12,4.102530815064398e-12,4.025857772149699e-12
equilibrium_sigma_1.35,112.0,221.22103115012817,2.8273848704018776,0.7687092422531819,1.344,1.2547839783384498,0.5758429075457437,1.5439969601402377,-0.30764523716974734,-1.5224944067913588,-2.2912036490445407,-3.8931189103799015,1.3386702728334514,-5.746487801531841,-4.368231708782827,0.1999969601402376,-0.0892160216615503,1.4833848704018775,0.01341870325092831,0.010529419482323065,0.01344198652927383,0.001441986529273829,0.008233862891661548,0.013604904152142439,0.0016049041521424383,0.0012171451291287383,0.2770969288765874,0.03799904793247502,0.09144198652927384,0.04144198652927383,0.0053155493698263095,0.1063976110932683,0.6970389071472465,0.2010510601705426,0.175704763803904,0.02159700547790876,0.0006819973664271211,0.22886830073520428,0.7488526964204597,0.9999999999999999,0.5987136005675102,0.6019130993635222,0.22699376686937509,140.4913626466612,-1.406463834285887e-11,1.1102230246251565e-16,1.3322676295501878e-15,0.0,0.0,3.327053910151534e-12,3.846268789575724e-12,3.763577990922862e-12,3.646969878867701e-12
equilibrium_sigma_1.35,113.0,220.22103115012817,2.840811925661337,0.7792799793516665,1.356,1.2682345185466046,0.5840684729448832,1.5576115254256533,-0.3064206762915411,-1.4938882042656412,-2.2731681836173077,-3.8679362619164355,1.3505993564437395,-5.718856031311966,-4.342618520718495,0.2016115254256532,-0.08776548145339547,1.4848119256613368,0.013435447214883392,0.010612147880431622,0.013459134426192489,0.0014591344261924884,0.008217288410304648,0.013624272695578199,0.0016242726955781987,0.0012320130182708056,0.2771488922005833,0.038290421427162706,0.0914591344261925,0.04145913442619249,0.005386086298825889,0.10680939611106437,0.696869770264011,0.20108318354533897,0.17588219057690072,0.021692695043647042,0.0006916243775435762,0.2288858047066366,0.7487298758721728,1.0,0.5984377046055869,0.6016783963725887,0.228215830369871,141.4860207313588,-1.40085720801153e-11,1.1102230246251565e-16,-4.440892098500626e-16,0.0,0.0,-7.338019081259972e-13,-8.192665296169466e-13,-8.217228980589297e-13,-7.862824974447236e-13
equilibrium_sigma_1.35,114.0,219.22103115012817,2.8542558452663456,0.7899337249541519,1.368,1.2817023288763774,0.5922775259562827,1.571245598852295,-0.3051811377330136,-1.4651423549413545,-2.2550760798955065,-3.842713286133664,1.3625272725680129,-5.691153978412139,-4.316959296656457,0.20324559885229498,-0.08629767112362274,1.4862558452663455,0.013452432487981572,0.01069543709988668,0.013476527383743157,0.001476527383743157,0.008200838701073285,0.013643921206174525,0.001643921206174525,0.001247101107937354,0.277201598132555,0.03858360547680619,0.09147652738374316,0.04147652738374316,0.00545777934058977,0.10722607836522609,0.696698621886283,0.2011156674751633,0.17606193096146636,0.021789617616698592,0.0007014228961695228,0.2289035594146873,0.7486054000724446,1.0,0.5981585274952984,0.6014410600876272,0.22945586109641322,142.4806045206265,-1.3948064925273229e-11,0.0,-1.1102230246251565e-16,-1.1102230246251565e-16,0.0,-4.444278278725733e-12,-4.813375392709318e-12,-4.9375104699267425e-12,-4.665243885648707e-12
equilibrium_sigma_1.35,115.0,218.22103115012817,2.867716872191882,0.8006710417207837,1.3800000000000001,1.295187656246331,0.6004701931226263,1.5848994627329764,-0.30392639942340716,-1.4362557134382172,-2.236926755159001,-3.81744950037408,1.3744539969421894,-5.663380716033341,-4.291253459151348,0.20489946273297632,-0.0848123437536692,1.4877168721918819,0.013469662427451387,0.01077929082633764,0.013494169139687644,0.0014941691396876434,0.008184517318738163,0.01366385439460771,0.0016638543946077104,0.0012624131529026528,0.2772550579990535,0.03887860839809977,0.09149416913968765,0.04149416913968765,0.0055306523742754705,0.107647726233046,0.6965254339287229,0.20114851652345853,0.17624402246806894,0.02188779249508324,0.0007113968127100543,0.2289215673304978,0.7484792433617089,1.0,0.5978760234238591,0.6012010574798269,0.23071418305388536,143.4751129370772,-1.388678061431392e-11,-1.1102230246251565e-16,0.0,0.0,0.0,-2.8453107925319188e-12,-2.999144335658066e-12,-3.1407047101916774e-12,-2.929892439773596e-12
equilibrium_sigma_1.35,116.0,217.22103115012817,2.8811952528442974,0.8114924960190787,1.3920000000000001,1.3086907513758232,0.6086466045792996,1.5985734041467623,-0.3026562354836042,-1.407227123131669,-2.2187196191507477,-3.7921444181629402,1.386379504697035,-5.6355353059425966,-4.265500425047489,0.20657340414676217,-0.08330924862417688,1.4891952528442973,0.013487140539399159,0.01086371278993432,0.013512063558731642,0.0015120635587316418,0.008168327894263576,0.013684077091458136,0.0016840770914581353,0.0012779530211837198,0.277309283511308,0.03917543852977906,0.09151206355873165,0.041512063558731646,0.005604729869583502,0.10807440926147249,0.6963501778255655,0.2011817353212268,0.1764285033322972,0.021987239353385556,0.0007215501241014361,0.2289398311355498,0.7483513793869633,1.0,0.5975901457948134,0.6009583550376687,0.23199112734588676,144.4695448667769,-1.3822609723490586e-11,-1.1102230246251565e-16,-4.440892098500626e-16,0.0,0.0,4.453411597826751e-12,4.52125836769568e-12,4.823485361127311e-12,4.4540256899372466e-12
equilibrium_sigma_1.35,117.0,216.22103115012817,2.894691237209862,0.8223986579703527,1.4040000000000001,1.3222118689128886,0.6168068941301879,1.6122677150717644,-0.3013704161131108,-1.378055415921134,-2.200454073891487,-3.766797549226384,1.398303770341102,-5.607616798265054,-4.239699605438594,0.20826771507176423,-0.08178813108711158,1.4906912372098617,0.013504870475296527,0.010948706766220404,0.013530214631304667,0.0015302146313046668,0.008152274131140974,0.013704594257202274,0.0017045942572022736,0.0012937246873789832,0.2773642867615293,0.03947410423330319,0.09153021463130467,0.04153021463130467,0.005680036903208776,0.10850619819256291,0.6961728245201657,0.20121532856826882,0.17661541253692056,0.02208797825196784,0.0007318869371802113,0.22895835371154466,0.7482217810993073,1.0,0.5973008472109828,0.6007129187577611,0.23328703234384712,145.46389915976005,-1.3755552252803227e-11,2.220446049250313e-16,-5.551115123125783e-16,0.0,0.0,4.170537179493117e-12,4.1392098082404516e-12,4.49742673658271e-12,4.09981770754797e-12
equilibrium_sigma_1.35,118.0,215.22103115012817,2.9082050789985643,0.8333901014950629,1.416,1.3357512675591683,0.6249511993180954,1.625982692518149,-0.3000687074771622,-1.3487394120000045,-2.1821295134950676,-3.7414083995204357,1.4102267677431914,-5.579624231287207,-4.21385040563768,0.20998269251814916,-0.08024873244083164,1.4922050789985644,0.013522856029341807,0.011034276576995945,0.01354862647279919,0.0015486264727991896,0.008136359802056431,0.013725410994425147,0.0017254109944251465,0.0013097322437705117,0.2774200802206036,0.03977461389320312,0.0915486264727992,0.041548626472799194,0.005756599175736648,0.10894316498939131,0.6959933444543573,0.20124930103443373,0.17680478983415257,0.022190029646401637,0.0007424114721634123,0.22897713813228165,0.7480904207491532,0.9999999999999998,0.5970080794571078,0.6004647141355595,0.23460224386057849,146.45817463040513,-1.3686163313764155e-11,-2.220446049250313e-16,-1.1102230246251565e-16,0.0,0.0,-8.09583303174044e-13,-7.870995522019086e-13,-8.699325981798012e-13,-7.826829462320717e-13
equilibrium_sigma_1.35,119.0,214.22103115012817,2.9217370357847154,0.8444674043584097,1.428,1.3493092101935027,0.6330796614913344,1.6397186386621154,-0.2987508715932734,-1.319277919624459,-2.1637453239828686,-3.7159764712677754,1.4221484701143148,-5.551556631266769,-4.187952225153767,0.2117186386621155,-0.07869078980649724,1.4937370357847155,0.013541101136459094,0.011120426091158625,0.013567303323196826,0.001567303323196826,0.008120588745850418,0.013746532536718092,0.0017465325367180921,0.0013259798947728996,0.2774766767369601,0.04007697591715238,0.09156730332319683,0.04156730332319683,0.00583444302901314,0.10938538286249595,0.6958117075575895,0.20128365756088504,0.17699667576822037,0.0222934143971418,0.0007531280662465078,0.2289961876568611,0.7479572698797504,0.9999999999999999,0.5967117934821277,0.6002137061559273,0.23593711532871534,147.45237005769334,-1.361311063874382e-11,-1.1102230246251565e-16,0.0,0.0,0.0,-5.3271918126762685e-12,-5.084878698657924e-12,-5.71065764121137e-12,-5.0702012033276844e-12
equilibrium_sigma_1.35,120.0,213.22103115012817,2.9352873691465757,0.8556311482177983,1.44,1.362885963996295,0.6411924258683609,1.6534758609818874,-0.29741666621627805,-1.2896697348775457,-2.145300883095344,-3.690501262998738,1.4340688499891148,-5.52341301224374,-4.162004457671479,0.21347586098188742,-0.07711403600370503,1.4952873691465758,0.013559609870629666,0.011207159225535376,0.013586249546974814,0.001586249546974814,0.00810496486469613,0.013767964253119658,0.0017679642531196575,0.0013424719602639357,0.27753408953628733,0.04038119873584052,0.09158624954697482,0.04158624954697482,0.005913595464023502,0.10983292629696866,0.6956278832358006,0.2013184030613881,0.17719111169839386,0.022398153779471058,0.0007640411773267326,0.2290155057233764,0.7478222993198258,1.0,0.596411939381031,0.5999598592834859,0.23729200798448896,148.44648418538398,-1.3538947740698859e-11,1.1102230246251565e-16,8.881784197001252e-16,0.0,0.0,-3.5095312073130103e-12,-3.293554665106946e-12,-3.755129887594855e-12,-3.289047853516358e-12
equilibrium_sigma_1.35,121.0,212.22103115012817,2.94885634480469,0.8668819186712721,1.452,1.3764818005741075,0.6492896415998504,1.6672546723955792,-0.2960658447219793,-1.2599136414299716,-2.1267955601012436,-3.6649822695984415,1.4459878792067433,-5.495192375854846,-4.136006491035469,0.21525467239557927,-0.07551819942589244,1.4968563448046899,0.013578386443648283,0.011294479945696895,0.013605469633309199,0.0016054696333091985,0.008089492121493916,0.013789711653666714,0.001789711653666714,0.0013592128778050494,0.2775923322221491,0.04068729080260852,0.0916054696333092,0.0416054696333092,0.005994084159283226,0.1102858710801634,0.6954418403600365,0.2013535425236186,0.1773881398224542,0.022504269493714382,0.000775155387854975,0.22903509594338634,0.7476854791750444,1.0,0.5961084663762904,0.5997031374527687,0.23866729105672344,149.4405157221018,-1.3461565195882486e-11,2.220446049250313e-16,7.771561172376096e-16,0.0,0.0,5.224804963677165e-12,4.7509635114906246e-12,5.503346042767809e-12,4.771858255758765e-12
equilibrium_sigma_1.35,122.0,211.22103115012817,2.9624442327608453,0.8782203053082219,1.464,1.3900969960863472,0.6573714618297537,1.6810553914018445,-0.2946981559885906,-1.2300084102945712,-2.108228715602793,-3.639418982357268,1.457905528891161,-5.466893711146897,-4.109957707236552,0.2170553914018445,-0.07390300391365279,1.4984442327608454,0.01359743520403546,0.01138239226676464,0.013624968196483268,0.001624968196483268,0.008074174537414547,0.013811780393835349,0.0018117803938353487,0.001376207209302649,0.27765141877722205,0.04099526059291445,0.09162496819648328,0.04162496819648327,0.0060759374897733556,0.11074429433011682,0.695253547254778,0.20138908101049594,0.17758780320074133,0.022611783675749432,0.0007864754088238269,0.22905496209642587,0.7475467788190008,0.9999999999999999,0.5958013227988217,0.5994435040581296,0.24006334196143428,150.43446334136513,-1.33809630042947e-11,-2.220446049250313e-16,-3.3306690738754696e-16,0.0,0.0,4.978623416307393e-12,4.460347022283706e-12,5.239197964357345e-12,4.4802859339165835e-12
equilibrium_sigma_1.35,123.0,210.22103115012817,2.9760513074343735,0.8896469017588622,1.476,1.4037318313703442,0.6654380437520326,1.6948783422218052,-0.2933133442773195,-1.1999527995813397,-2.0895997013402017,-3.6138108890323144,1.4698217694308864,-5.438515994399401,-4.08385748240761,0.21887834222180524,-0.0722681686296558,1.5000513074343735,0.013616760636683031,0.011470900254181751,0.013644749976664962,0.0016447499766649616,0.008059016189684947,0.013834176260107967,0.0018341762601079663,0.0013934596243547759,0.2777113635656514,0.041305116603447926,0.09164474997666497,0.041644749976664966,0.006159184546390231,0.11120827452451804,0.6950629716860405,0.20142502366153012,0.17779014578058513,0.022720718907779942,0.000798006083890012,0.2290751081262252,0.7474061668821049,1.0,0.5954904560685729,0.5991809219434991,0.24148054650135536,151.42832568150413,-1.3298251388960125e-11,4.440892098500626e-16,3.3306690738754696e-16,-1.1102230246251565e-16,0.0,-8.47506093082373e-13,-7.486546105273106e-13,-8.912367371882723e-13,-7.513781263845942e-13
equilibrium_sigma_1.35,124.0,209.22103115012817,2.989677847797269,0.9011623057437563,1.488,1.4173865920663948,0.6734895486645225,1.7087238549430173,-0.2919111491114261,-1.1697455542502815,-2.070907859994038,-3.5881574739169078,1.481736570458164,-5.410058188952206,-4.0577051868261265,0.22072385494301727,-0.07061340793360515,1.5016778477972692,0.013636367363008661,0.011560008024456662,0.013664819840987226,0.0016648198409872257,0.008044021209579089,0.01385690519994931,0.0018569051999493096,0.0014109749302271268,0.2777721813363249,0.04161686735094568,0.09166481984098723,0.04166481984098723,0.006243855155940826,0.1116778915303118,0.6948700808492163,0.20146137569418493,0.17799521242122937,0.022831098229396246,0.0008097523936387995,0.22909553813798988,0.7472636112389751,1.0,0.595175812674691,0.5989153533919395,0.24291929907084275,152.42210134549032,-1.3211876037644288e-11,-6.661338147750939e-16,-1.1102230246251565e-16,-1.1102230246251565e-16,0.0,-6.1640727244682836e-12,-5.376745923491022e-12,-6.4831508217455536e-12,-5.387799581479946e-12
equilibrium_sigma_1.35,125.0,208.22103115012817,3.003324137510599,0.9127671191251866,1.5,1.4310615687451749,0.6815261420219322,1.7225922656666297,-0.29049130515269517,-1.1393854058580413,-2.052152524983228,-3.5624582179143944,1.4936499008275081,-5.381519245032231,-4.0315001849190955,0.2225922656666297,-0.06893843125482513,1.503324137510599,0.013656260141266738,0.011649719745892677,0.013685182784812795,0.001685182784812795,0.00802919378052918,0.013879973290720216,0.0018799732907202153,0.0014287580396565858,0.27783388722670543,0.04193052137080312,0.0916851827848128,0.0416851827848128,0.006329979901722701,0.11215322663405371,0.6946748413566053,0.20149814240526817,0.17820304891941324,0.022942945148956503,0.0008217194599995687,0.22911625639576802,0.747119078995276,1.0,0.5948573381551839,0.598646760114943,0.244380002866646,153.41578890071435,-1.3123835351791513e-11,-1.1102230246251565e-16,4.440892098500626e-16,0.0,0.0,-4.19393166029014e-12,-3.614039623123233e-12,-4.412244875018345e-12,-3.613082055764494e-12
equilibrium_sigma_1.35,126.0,207.22103115012817,3.0169904650615464,0.9244619479593974,1.512,1.4447570570367125,0.6895479934871811,1.7364839166574866,-0.2890535420755571,-1.1088710723000603,-2.033333020259458,-3.536712598618354,1.5055617285936176,-5.352898099581916,-4.005241835272538,0.22448391665748657,-0.06724294296328748,1.5049904650615464,0.013676443867154248,0.01174003963929443,0.01370584393321967,0.0017058439332196702,0.008014538136374535,0.013903386785196759,0.0019033867851967583,0.001446814016370368,0.27789649676733236,0.04224608721542729,0.09170584393321968,0.041705843933219675,0.006417590144692622,0.112634362572989,0.6944772192246501,0.20153532917234337,0.17841370203558884,0.023056283655286728,0.0008339125508164168,0.22913726732031126,0.7469725364735856,1.0,0.5945349770760974,0.5983751032414893,0.24586307010445207,154.4093868787014,-1.3032241952259938e-11,4.440892098500626e-16,3.3306690738754696e-16,0.0,0.0,5.963266339059636e-12,4.993552446541649e-12,6.18602565005677e-12,5.01442116995765e-12
equilibrium_sigma_1.35,127.0,206.22103115012817,3.030677123903105,0.9362474025510871,1.524,1.4584733577629274,0.6975552769826078,1.7503991564981396,-0.28759758443798145,-1.0782012575450501,-2.014448660096137,-3.5109200903964606,1.5174720209886248,-5.324193676084871,-3.9789294906424804,0.22639915649813958,-0.06552664223707261,1.506677123903105,0.013696923574420913,0.01183097197866094,0.013726808542613135,0.0017268085426131348,0.008000058559677045,0.013927152068271553,0.001927152068271553,0.0014651480351179913,0.2779600258867065,0.04256357345240397,0.09172680854261314,0.04172680854261314,0.006506718045258766,0.11312138356695507,0.6942771798608321,0.20157294145517074,0.1786272195209118,0.023171138229729583,0.0008463370845827068,0.22915857548661725,0.7468239491990704,0.9999999999999999,0.59420867301014,0.5981003433068098,0.2473689222416015,155.40289377479337,-1.2937761972864337e-11,-1.1102230246251565e-16,-2.220446049250313e-16,0.0,0.0,5.805828040550409e-12,4.807598763534315e-12,6.02715273523291e-12,4.812483744842666e-12
equilibrium_sigma_1.35,128.0,205.22103115012817,3.0443844125925343,0.948124097506499,1.536,1.4722107770695203,0.7055481707375559,1.7643383402450437,-0.2861231515507152,-1.047374651369186,-1.995498748875685,-3.48508016448574,1.529380744398707,-5.29540488439962,-3.952562497975673,0.22833834024504363,-0.06378922293047973,1.5083844125925343,0.013717704436145964,0.011922521091834925,0.013748082002661886,0.001748082002661886,0.007985759380233503,0.013951275700252452,0.001951275700252452,0.0014837654116472976,0.27802449091715725,0.04288298866227389,0.0917480820026619,0.04174808200266189,0.006597396585664715,0.11361437535093215,0.6940746880503023,0.2016109847971614,0.17884365014478554,0.02328753385850569,0.0008589986353381546,0.2291801856230424,0.7466732818831138,1.0,0.5938783685148754,0.5978224402409549,0.24889799020535597,156.3963080477373,-1.2840950525117023e-11,2.220446049250313e-16,-7.771561172376096e-16,0.0,0.0,-8.572847293164543e-13,-7.021362657955166e-13,-8.906122367369207e-13,-7.002089880137063e-13
equilibrium_sigma_1.35,129.0,204.22103115012817,3.058112634930012,0.9600926517862989,1.548,1.485969626558737,0.7135268573336564,1.778301829587674,-0.28462995734421326,-1.0163899290873901,-1.976482580873689,-3.459192289096654,1.5412878643400296,-5.266530620597528,-3.9261401984371824,0.23030182958767398,-0.062030373441263054,1.510112634930012,0.013738791766465738,0.012014691361116409,0.01376966983849632,0.001769669838496319,0.007971644973747208,0.013975764394658086,0.0019757643946580854,0.0015026715949328917,0.278089908601504,0.04320434143596762,0.09176966983849633,0.04176966983849632,0.006689659592997117,0.11411342520832649,0.6938697079422096,0.2016494648268515,0.17906304372307302,0.02340549604541388,0.0008719029377371182,0.22920210261136034,0.7465204984054886,0.9999999999999999,0.5935440051104212,0.5975413533571191,0.25045071462714896,157.38962811919973,-1.2740697385993371e-11,0.0,-3.3306690738754696e-16,0.0,0.0,-7.0116672884479314e-12,-5.684619441836958e-12,-7.29403516752658e-12,-5.6455898983509556e-12
equilibrium_sigma_1.35,130.0,203.22103115012817,3.071862100100284,0.9721536887602625,1.56,1.4997502234257951,0.7214915237499999,1.7922899930118985,-0.2831177102320408,-0.985245751277193,-1.9573994400374555,-3.433255929521852,1.5531933454339681,-5.23756976679838,-3.899661927440253,0.23228999301189845,-0.06024977657420494,1.5118621001002839,0.013760191022342536,0.012107487223855039,0.013791577713034263,0.0017915777130342626,0.007957719760561376,0.014000625027099645,0.0020006250270996444,0.0015218721682863645,0.27815629610010384,0.04352764037200781,0.09179157771303427,0.04179157771303427,0.006783541762862025,0.11461862200512003,0.6936622030356747,0.20168838725940366,0.17928545114715752,0.023525050824907925,0.000885055892299137,0.22922433148662685,0.7463655617961661,1.0,0.5932055232565695,0.5972570413396605,0.2520275460833539,158.38285237324885,-1.263866789003032e-11,-4.440892098500626e-16,0.0,-1.1102230246251565e-16,0.0,-4.932370484267423e-12,-3.958984182150793e-12,-5.137903991148107e-12,-3.913445956182926e-12
equilibrium_sigma_1.35,131.0,202.22103115012817,3.085633122816374,0.984307836262697,1.572,1.5135528905979216,0.7294423614072434,1.8063032059672515,-0.28158611297108815,-0.9539407634971429,-1.9382485997598398,-3.40727054825204,1.5650971513816103,-5.208521191006664,-3.873127014680916,0.2343032059672514,-0.05844710940207842,1.513633122816374,0.013781907805555535,0.012200913173010789,0.013813811429488766,0.001813811429488766,0.00794398820448753,0.01402586464527289,0.0020258646452728894,0.001541372857127854,0.2782236709984508,0.04385289407341163,0.09181381142948877,0.04181381142948877,0.006879078683733009,0.11513005622485618,0.6934521361654201,0.2017277578981327,0.1795109244138269,0.023646224775549115,0.0008984635708464392,0.22924687743736472,0.7462084342162396,0.9999999999999999,0.5928628623293463,0.5969694622318249,0.25362894534249264,159.3759791557883,-1.2532086479666305e-11,2.220446049250313e-16,-2.220446049250313e-16,0.0,0.0,6.715180494998307e-12,5.244084680389172e-12,6.902808186159959e-12,5.204642272715887e-12
equilibrium_sigma_1.35,132.0,201.22103115012817,3.0994260234675512,0.9965557266500525,1.584,1.527377956878197,0.7373795662122136,1.8203418510391693,-0.2800348625176341,-0.9224735959963641,-1.9190293226464168,-3.381235605096123,1.5769992449374908,-5.179383746943839,-3.84653478417413,0.23634185103916927,-0.05662204312180297,1.5154260234675512,0.01380394786459345,0.012294973757692867,0.013836376933954349,0.0018363769339543486,0.00793045481164869,0.014051490477839934,0.002051490477839934,0.0015611795445291676,0.27829205131501317,0.04418011114437311,0.09183637693395436,0.04183637693395435,0.006976306862009604,0.11564782000456925,0.6932394694870121,0.2017675826360624,0.17973951665613197,0.02376904503386766,0.0009121322221390079,0.2292697458051738,0.7460490769388195,1.0,0.5925159605969386,0.5966785734231242,0.25525538361928635,160.36900677397475,-1.2423284623253039e-11,-2.220446049250313e-16,-4.440892098500626e-16,2.220446049250313e-16,0.0,6.695021273483981e-12,5.177729772709583e-12,6.892691278848062e-12,5.112646417337885e-12
equilibrium_sigma_1.35,133.0,200.22103115012817,3.1132411282671217,1.008897996856921,1.596,1.5412257570895125,0.7453033385993825,1.8344063181242654,-0.2784636498810209,-0.8908428634231387,-1.8997408602800596,-3.355150557313504,1.5888995878825949,-5.150156273887994,-3.81988455429992,0.23840631812426527,-0.0547742429104876,1.5172411282671217,0.013826317097194174,0.01238967358364496,0.013859280318302435,0.0018592803183024344,0.007917124129503277,0.014077509919996345,0.0020775099199963447,0.0015812982412377607,0.2783614555100074,0.04450930018649633,0.09185928031830244,0.04185928031830244,0.007075263747751756,0.11617200717146989,0.6930241644617925,0.20180786745749707,0.17997128217497235,0.02389353930859461,0.000926068277706275,0.22929294208586845,0.7458874503278308,1.0000000000000002,0.5921647551951151,0.5963843316364698,0.25690734283498917,161.36193349554858,-1.2311707209278211e-11,3.3306690738754696e-16,-1.1102230246251565e-16,0.0,0.0,-8.435630666214777e-13,-6.459537765790557e-13,-8.696827979992605e-13,-6.344560293802814e-13
equilibrium_sigma_1.35,134.0,199.22103115012817,3.1270787694013746,1.0213352884515063,1.608,1.5550966322200783,0.7532138835704068,1.8484970046093299,-0.27687215997433734,-0.8590471645300997,-1.880382452981606,-3.329014859756169,1.6007981409965932,-5.1208375965172905,-3.7931756378568546,0.24049700460932977,-0.05290336777992177,1.5190787694013745,0.013849021553324597,0.01248501731368394,0.013882527823328362,0.0018825278233283622,0.007904000746014335,0.014103930556785826,0.002103930556785826,0.0016017351245345424,0.27843190249493444,0.04484046979462449,0.09188252782332837,0.04188252782332837,0.0071759877611233735,0.1167027132804673,0.6928061818414673,0.20184861843961208,0.18020627647152046,0.02401973589529147,0.0009402783578854747,0.22931647193153887,0.7457235138152841,1.0,0.5918091821020868,0.5960866929150135,0.2585853158844286,162.35475754809588,-1.2198464460766445e-11,-2.220446049250313e-16,0.0,0.0,0.0,-7.91187428073048e-12,-6.003014058064693e-12,-8.173278026601949e-12,-5.862026142278154e-12
equilibrium_sigma_1.35,135.0,198.22103115012817,3.1409392851829705,1.033868247692828,1.62,1.5689909295737485,0.7611114107341254,1.8626143155556472,-0.27526007146065656,-0.8270850818708697,-1.8609533295636977,-3.3028279650162595,1.6126948640292544,-5.09142652475002,-3.7664073421180024,0.24261431555564705,-0.05100907042625158,1.5209392851829704,0.013872067438128965,0.012581009668107521,0.013906125841994653,0.0019061258419946527,0.007891089288846097,0.01413076015199799,0.0021307601519979895,0.0016224965215805298,0.27850341164240805,0.045173628552390044,0.09190612584199466,0.04190612584199466,0.007278518319594854,0.1172400356526858,0.6925854816522856,0.20188984175407487,0.18044455628070616,0.02414766369142204,0.0009547692780798358,0.22934034115222698,0.7455572258782711,1.0,0.5914491761127004,0.5957856126086233,0.2602898069103046,163.34747711829027,-1.2080780820156178e-11,-1.1102230246251565e-16,1.1102230246251565e-16,0.0,0.0,-5.754743903629844e-12,-4.325416760875278e-12,-5.956048154676097e-12,-4.19870908874298e-12
equilibrium_sigma_1.35,136.0,197.22103115012817,3.15482302020755,1.0464975255884756,1.6320000000000001,1.5829090029238795,0.768996134345943,1.8767586638881526,-0.2736270565952903,-0.7949551814904019,-1.8414527070788775,-3.276589323581622,1.62458971567103,-5.061921853584649,-3.7395789688919296,0.24475866388815248,-0.049090997076120635,1.5228230202075497,0.013895461115056934,0.012677655425059647,0.01393008092283985,0.0019300809228398504,0.007878394424635803,0.014158006673703483,0.0021580066737034824,0.0016435889260701941,0.2785760027964844,0.04550878502740738,0.09193008092283986,0.041930080922839855,0.007382895865907693,0.1177840734149382,0.6923620231788272,0.20193154366869043,0.1806861796057187,0.02427735221186619,0.0009695480552425368,0.22936455571780243,0.7453885440150889,1.0000000000000002,0.5910846708119913,0.5954810453600061,0.2620213315846953,164.34009035109383,-1.1960876733496661e-11,-4.440892098500626e-16,0.0,0.0,0.0,7.513411767745559e-12,5.4965320489541725e-12,7.677318850096704e-12,5.358118462805983e-12
equilibrium_sigma_1.35,137.0,196.22103115012817,3.1687303255159915,1.0592237779544385,1.6440000000000001,1.5968512126731482,0.7768682733482005,1.8909304705906336,-0.27197278106296685,-0.7626560126054023,-1.8218797905598407,-3.2502983839966335,1.6364826535227674,-5.032322362935015,-3.7126898145856235,0.24693047059063344,-0.047148787326851904,1.5247303255159914,0.013919209108827268,0.012774959420862823,0.013954399773441241,0.0019543997734412406,0.007865920858251708,0.014185678267608637,0.0021856782676086366,0.0016650189782474456,0.2786496962831553,0.04584594776619207,0.09195439977344125,0.041954399773441245,0.007489161896842064,0.11833492754027582,0.692135764947346,0.2019737305490795,0.18093120575369942,0.0244088316049118,0.000984621914598839,0.22938912175907966,0.7452174247214096,0.9999999999999999,0.5907155985480151,0.5951729450904176,0.26378041739816466,165.33259534895174,-1.183853015618297e-11,3.3306690738754696e-16,-1.1102230246251565e-16,-1.1102230246251565e-16,0.0,7.681161262595992e-12,5.5660198672313754e-12,7.863917850237101e-12,5.39303671165392e-12
equilibrium_sigma_1.35,138.0,195.22103115012817,3.1826615587573612,1.0720476654730688,1.6560000000000001,1.6108179260141555,0.7847280514078339,1.9051301649048256,-0.2702969038119105,-0.7301861072831635,-1.8022337727562323,-3.2239545930360527,1.6483736340645843,-5.002626817472322,-3.6857391702776834,0.24913016490482542,-0.04518207398584462,1.526661558757361,0.01394331810904477,0.012872926550285246,0.013979089264190468,0.001979089264190468,0.007853673332235456,0.014213783308125727,0.0022137833081257267,0.0016867935126452238,0.2787245129217893,0.04618512528855837,0.09197908926419048,0.04197908926419047,0.0075973589927514715,0.11889270088941178,0.6919066647087564,0.2020164088603713,0.18117969537235676,0.0245421326686855,0.0009999982966064401,0.22941404557046408,0.745043823464244,1.0,0.590341890404094,0.594861264985068,0.2655676039559859,166.32499017090132,-1.1711964731375701e-11,0.0,-6.661338147750939e-16,-1.1102230246251565e-16,0.0,-8.061849798846055e-13,-5.785701778782126e-13,-8.270172741076109e-13,-5.571827721428946e-13
equilibrium_sigma_1.35,139.0,194.22103115012817,3.1966170843537878,1.0849698537501293,1.668,1.6248095170921482,0.7925756969523774,1.9193581845340884,-0.268599076884221,-0.6975439801166157,-1.782513833866745,-3.197557395889972,1.6602626126238655,-4.972833966470863,-3.6587263217996204,0.2513581845340884,-0.04319048290785177,1.5286170843537878,0.013967794974288614,0.012971561766747911,0.014004156432332417,0.0020041564323324164,0.007841656626398054,0.014242330343972043,0.0022423303439720425,0.0017089195125663537,0.27880047403737096,0.046526326081530185,0.09200415643233242,0.04200415643233242,0.007707530847896858,0.11945749825309793,0.6916746794212275,0.2020595851689157,0.18143171048760573,0.024677286868050295,0.0010156848641654623,0.2294393336135944,0.7448676946541898,0.9999999999999999,0.5899634761704243,0.5945459574781797,0.2673834432818855,167.3172728316118,-1.1582956815914258e-11,0.0,-6.661338147750939e-16,0.0,0.0,-8.897525077822266e-12,-6.324923224054757e-12,-9.146520346670073e-12,-6.051719889099694e-12
equilibrium_sigma_1.35,140.0,193.22103115012817,3.2105972736710706,1.0979910133734487,1.68,1.6388263671736756,0.8004114432069223,1.9336149758534837,-0.26687894524090305,-0.6647281278897577,-1.7627191412632064,-3.171106236355179,1.6721495433423277,-4.942942543649433,-3.6316505498198604,0.2536149758534838,-0.04117363282632436,1.5305972736710707,0.013992646736113876,0.013070870082488837,0.014029608486086524,0.002029608486086524,0.00782987555742672,0.014271328165893493,0.002271328165893493,0.0017314041522720203,0.27887760147298946,0.04686955859291127,0.09202960848608653,0.04202960848608653,0.007819722301636186,0.1200294263956361,0.691439765232311,0.2021032661440253,0.1816873145425021,0.024814326352022117,0.00103168951009401,0.22946499252042604,0.7446889916174578,1.0,0.5895802843149238,0.5942269742376034,0.26922850012988075,168.30944130041075,-1.1453060722033115e-11,-4.440892098500626e-16,-8.881784197001252e-16,-1.1102230246251565e-16,0.0,-6.68878667731132e-12,-4.708749015702729e-12,-6.890678999615929e-12,-4.476334233838308e-12
equilibrium_sigma_1.35,141.0,192.22103115012817,3.224602505193592,1.1111118199718792,1.692,1.6528688648196814,0.8082355282308681,1.9479009941257353,-0.26513614658204165,-0.6317370292360067,-1.742848849207886,-3.1446005570357016,1.6840343791421404,-4.912951267012232,-3.6045111299333557,0.2559009941257353,-0.03913113518031852,1.5326025051935919,0.01401788060322283,0.013170856568671792,0.014055452808934187,0.0020554528089341863,0.00781833497856517,0.014300785768917024,0.0023007857689170234,0.0017542547858795388,0.2789559176028309,0.04721483122442329,0.0920554528089342,0.04205545280893419,0.007933979370470813,0.12060859409948,0.6912018774606209,0.2021474585597438,0.1819465724374152,0.024953283971704845,0.0010480203648765582,0.2294910290964667,0.7445076665669519,1.0,0.5891922419533483,0.5939042661490093,0.2711033523041633,169.30149350027204,-1.131783555763377e-11,-1.1102230246251565e-16,-1.1102230246251565e-16,0.0,0.0,8.384020908080991e-12,5.7435844275088854e-12,8.529413286773035e-12,5.487678020332787e-12
equilibrium_sigma_1.35,142.0,191.22103115012817,3.238633164706185,1.124332954276161,1.704,1.6669374060657234,0.8160481949561181,1.9622167037243696,-0.26337031116095666,-0.5985691442855401,-1.7229020985617012,-3.1180397995497895,1.6959170716910597,-4.8828588386841485,-3.577307332753527,0.25821670372436967,-0.03706259393427658,1.5346331647061848,0.014043503965415816,0.013271526355448766,0.01408169696394957,0.0020816969639495704,0.0078070397792648245,0.0143307123756653,0.0023307123756652996,0.0017774789484725773,0.2790354453453017,0.047562152324502976,0.09208169696394958,0.042081696963949575,0.008050349280992351,0.12119511221106105,0.6909609705770123,0.20219216929664613,0.18220955057163804,0.025094193298786552,0.0010646858046999446,0.22951745032306933,0.7443236705734442,1.0,0.5887992748185891,0.593577783299588,0.27300859098742447,170.29342730680386,-1.1180389947185176e-11,-3.3306690738754696e-16,3.3306690738754696e-16,0.0,0.0,8.796808767530528e-12,5.9658770978909814e-12,8.968313938706451e-12,5.664317105635863e-12
equilibrium_sigma_1.35,143.0,190.22103115012817,3.252689645477525,1.1376551021776031,1.716,1.68103239460364,0.8238496912229868,1.9765625783617276,-0.26158106159447025,-0.5652229143104603,-1.7028780164880635,-3.0914234047510076,1.7077975713666087,-4.852663944752398,-3.5500384240149256,0.2605625783617276,-0.0349676053963599,1.536689645477525,0.014069524398230546,0.01337288463194325,0.014108348698461691,0.0021083486984616907,0.007795994885039986,0.0143611174407976,0.002361117440797599,0.0018010843794158404,0.27911620817715665,0.04791153018048813,0.0921083486984617,0.042108348698461695,0.008168880503691446,0.12178909368762048,0.6907169981853439,0.20223740534365356,0.18247631688613955,0.025237088644554383,0.0010816944597781685,0.229544263361321,0.7441369535343464,1.0,0.5884013072292942,0.5932474749613704,0.2749448210772068,171.28524054714882,-1.1041167979897182e-11,1.1102230246251565e-16,-1.2212453270876722e-15,0.0,0.0,-7.429681869730587e-13,-4.98811061899751e-13,-7.592294848368653e-13,-4.706287443090318e-13
equilibrium_sigma_1.35,144.0,189.22103115012817,3.266772348446074,1.1510789547853812,1.728,1.695154241965862,0.8316402698147267,1.990939101322461,-0.2597680126687505,-0.5316967613658987,-1.68277571615128,-3.0647508129618766,1.7196758272192663,-4.822365255111827,-3.522703664684718,0.2629391013224611,-0.03284575803413792,1.5387723484460738,0.014095949668111465,0.013474936646158267,0.014135415949011361,0.0021354159490113607,0.007785205257506832,0.014392010659891596,0.002392010659891596,0.0018250790090323932,0.2791982301485193,0.04826297301021674,0.09213541594901137,0.042135415949011365,0.008289622787659878,0.12239065364512149,0.6904699130028,0.20228317379986543,0.1827469409075664,0.025382005079457093,0.0010990552229792603,0.2295714755570466,0.743947464140517,1.0,0.5879982620577685,0.5929132895741286,0.2769126615306895,172.27693099880779,-1.0897949209720537e-11,0.0,-1.1102230246251565e-15,0.0,0.0,-9.997776911907508e-12,-6.641624750169939e-12,-1.0237928560474785e-11,-6.227545389092537e-12
equilibrium_sigma_1.35,145.0,188.22103115012817,3.2808816824130975,1.1646052084852587,1.74,1.7093033677168448,0.8394201884935242,2.0053467657046697,-0.2579307711387868,-0.49798908792035057,-1.6625942964056093,-3.0380214642151087,1.7315517869346002,-4.79196142330513,-3.4953023110773263,0.26534676570466975,-0.030696632283155223,1.5408816824130975,0.014122787737451292,0.013577687704827214,0.014162906846386193,0.002162906846386193,0.007774675894425365,0.0144234019616718,0.0024234019616718,0.0018494709619343297,0.27928153589814,0.04861648895320918,0.0921629068463862,0.0421629068463862,0.008412627196246967,0.12299990940745374,0.6902196668396792,0.202329481876422,0.18302149379379914,0.025528978453277843,0.0011167772587732429,0.22959909444510598,0.7437551498428431,1.0000000000000002,0.5875900606970059,0.5925751747277413,0.2789127457184508,173.26849638845573,-1.0754064305729116e-11,0.0,-4.440892098500626e-16,0.0,0.0,-7.762943066147443e-12,-5.102317873761919e-12,-7.96751380149896e-12,-4.754724391986542e-12
equilibrium_sigma_1.35,146.0,187.22103115012817,3.2950180642410354,1.1782345649982922,1.752,1.7234801996498705,0.8471897100367266,2.019786074668065,-0.2560689355220882,-0.46409827647814694,-1.642332841476439,-3.011234798505373,1.7434253967943398,-4.761451086361996,-3.4678336149751843,0.2677860746680649,-0.028519800350129465,1.5430180642410354,0.01415004676981009,0.013681143173193976,0.014190829720837232,0.002190829720837232,0.007764411829828902,0.014455301544646915,0.0024553015446469144,0.0018742685914396873,0.2793661506692037,0.04897208606132731,0.09219082972083724,0.042190829720837236,0.008537946143669664,0.12361698055687831,0.6899662105786747,0.2023763368983912,0.18330004838101385,0.025678045415916104,0.0011348700125103051,0.22962712775381972,0.7435599568177538,1.0,0.5871766230268914,0.592233077144047,0.2809457217871967,174.2599343907173,-1.060596055424412e-11,-1.1102230246251565e-16,1.1102230246251565e-16,2.220446049250313e-16,0.0,9.349450033613316e-12,5.976401665219733e-12,9.477368542731845e-12,5.6051361468911765e-12
equilibrium_sigma_1.35,147.0,186.22103115012817,3.309181919060208,1.1919677314411927,1.764,1.7376851739922512,0.8549491022750185,2.034257541690626,-0.2541820958852872,-0.430022689189834,-1.6219904206310267,-2.9843902560489006,1.755296601636337,-4.730832864631923,-3.440296823752369,0.2702575416906259,-0.026314826007748815,1.545181919060208,0.01417773513486971,0.013785308474731358,0.014219193107338109,0.0022191931073381084,0.007754418134119784,0.014487719846023595,0.0024877198460235943,0.0018994804495964246,0.279452100325267,0.04932977228901128,0.09221919310733812,0.04221919310733811,0.008665633432621112,0.12424198898585904,0.689709494153586,0.2024237463066879,0.1835826792324681,0.025829243438827216,0.0011533432200466773,0.22965558340828474,0.7433618299328415,1.0000000000000002,0.5867578673794744,0.5918869426581044,0.2830122530318091,175.25124262694658,-1.0455192267500024e-11,-1.1102230246251565e-16,-3.3306690738754696e-16,-1.1102230246251565e-16,0.0,1.0074321585284984e-11,6.36836763878712e-12,1.0235316066919964e-11,5.938693981022425e-12
equilibrium_sigma_1.35,148.0,185.22103115012817,3.323373680477868,1.2058054203841202,1.776,1.7519187356126968,0.8626986381288004,2.048761690831233,-0.25226983362598565,-0.39576066745973515,-1.6015660878438553,-2.9574872775584335,1.7671653448134532,-4.700105361622853,-3.412691180509366,0.2727616908312329,-0.02408126438730318,1.547373680477868,0.014205861414128523,0.013890189090764461,0.014248005751208735,0.002248005751208735,0.007744699914403932,0.014520667586115366,0.0025206675861153653,0.0019251153171584434,0.2795394113672992,0.04968955548279926,0.09224800575120874,0.04224800575120874,0.008795744292836425,0.12487505895004973,0.6894494665275536,0.20247171766000516,0.18386946268869364,0.025982610837076276,0.0011722069177210368,0.22968446953537297,0.7431607127098298,1.0,0.5863337105034666,0.591536716198977,0.28511301827641256,176.24241866391256,-1.0303313757731303e-11,-2.220446049250313e-16,-8.881784197001252e-16,0.0,0.0,-6.497580251618729e-13,-4.0586804750386563e-13,-6.613824071743934e-13,-3.7642805539306323e-13
equilibrium_sigma_1.35,149.0,184.22103115012817,3.337593790790449,1.2197483499065538,1.788,1.766181338231858,0.8704385956435343,2.0632990569988365,-0.25033172124935965,-0.36131053154915005,-1.5810588814557038,-2.930525304532252,1.7790315681513356,-4.669267163843419,-3.3850159242173983,0.2752990569988365,-0.021818661768141956,1.5495937907904491,0.014234434407214142,0.013995790560001695,0.014277276614078245,0.002277276614078245,0.007735262315053226,0.01455415575168928,0.002554155751689279,0.0019511822024753656,0.2796281109517523,0.05005144337014301,0.09227727661407825,0.04227727661407825,0.008928335420644619,0.1255163171225041,0.6891860756707937,0.2025202586367595,0.18416047691919415,0.02613818679203569,0.0011914714526968981,0.22971379447003207,0.7429565472852354,1.0,0.5859040675279222,0.5911823417700071,0.2872487122648451,177.2334600123989,-1.0148770712703481e-11,-2.220446049250313e-16,-4.440892098500626e-16,0.0,0.0,-1.1240810365853449e-11,-6.942344268900946e-12,-1.147240982768416e-11,-6.403860948467344e-12
equilibrium_sigma_1.35,150.0,183.22103115012817,3.3518427012042937,1.2337972436543103,1.8,1.7804734446413144,0.8781692580271458,2.0778701862306868,-0.24836732213725798,-0.3266705801676244,-1.5604678238219347,-2.9035037795522527,1.7908952119050132,-4.638316840639217,-3.357270289866354,0.2778701862306867,-0.019526555358685638,1.5518427012042937,0.014263463138036003,0.014102118477992316,0.01430701487993475,0.0023070148799347497,0.007726110518277058,0.014588195615949928,0.002588195615949928,0.001977690348153871,0.2797182269088932,0.05041544354771527,0.09230701487993476,0.042307014879934754,0.009063465019571256,0.1261658926493529,0.6889192685377287,0.2025693770370656,0.18445580197602376,0.026296011374799998,0.001211147493693753,0.22974356676072885,0.7427492743707773,0.9999999999999999,0.5854688519249335,0.5908237624284352,0.2894200460610383,178.2243641257971,-9.992229266231334e-12,-2.220446049250313e-16,-4.440892098500626e-16,-1.1102230246251565e-16,0.0,-9.009033102858055e-12,-5.496969199270119e-12,-9.215779181448447e-12,-5.04466000222914e-12
equilibrium_sigma_1.35,151.0,182.22103115012817,3.366120872062872,1.247952830896156,1.812,1.7947955269289857,0.8858909136882054,2.092475635978917,-0.2463761903104682,-0.29183909005551034,-1.5397919209516664,-2.876422146594015,1.8027562147143088,-4.6072529440274,-3.329453508619343,0.2804756359789169,-0.01720447307101436,1.554120872062872,0.014292956861131384,0.014209178496496153,0.014337229961381169,0.002337229961381169,0.007717249744804883,0.014622798736318998,0.002622798736318998,0.002004649233278144,0.27980978776176113,0.050781563469088846,0.09233722996138118,0.04233722996138117,0.009201192841988086,0.12682391720688777,0.6886489910435412,0.20261908078473248,0.18475551984917685,0.02645612557031728,0.0012312460421183408,0.22977379517500093,0.7425388332125634,1.0,0.5850279754713851,0.5904609202643956,0.2916277474593198,179.2151283986566,-9.830802838450836e-12,0.0,-6.661338147750939e-16,0.0,0.0,1.0431150734846462e-11,6.1845771559543294e-12,1.0539931774578015e-11,5.724046236998959e-12
equilibrium_sigma_1.35,152.0,181.22103115012817,3.3804287730838536,1.2622158465817281,1.824,1.8091480667143531,0.8936038562766659,2.1071159754071607,-0.2443578701826612,-0.256814315553219,-1.5190301621349471,-2.8492798513463278,1.814614513558015,-4.576074008524099,-3.301564807970702,0.2831159754071606,-0.014851933285646934,1.5564287730838535,0.014322925067718761,0.014316976322774034,0.014367931505944086,0.0023679315059440854,0.007708685254540385,0.014657976981080623,0.0026579769810806224,0.0020320685945041106,0.2799028227452851,0.051149810431896404,0.09236793150594409,0.04236793150594409,0.009341580231854251,0.1274905250602167,0.6883751880400812,0.20266937792929043,0.18505971452405026,0.026618571302293493,0.001251778443616799,0.2298044887037577,0.7423251615503319,0.9999999999999999,0.5845813482096547,0.5900937563791873,0.2938725614049353,180.2057501652399,-9.669820499880188e-12,-2.220446049250313e-16,-8.881784197001252e-16,0.0,0.0,1.155096678029377e-11,6.761823739820372e-12,1.1698116433866979e-11,6.231150144475617e-12
equilibrium_sigma_1.35,153.0,180.22103115012817,3.394766883599451,1.2765870313964471,1.836,1.8235315553867009,0.9013083847234348,2.121791785694451,-0.24231189630856775,-0.2215944881669949,-1.498181519563442,-2.822076341547371,1.8264700437068755,-4.544778550976956,-3.2736034119154227,0.28579178569445074,-0.012468444613299212,1.558766883599451,0.014353377492554262,0.014425517718766068,0.014399129402790208,0.0023991294027902073,0.007700422347501942,0.014693742507176921,0.002693742507176921,0.002059958410516316,0.279997361826637,0.051520191564153967,0.09239912940279021,0.04239912940279021,0.009484690168503769,0.12816585312323936,0.6880978032912324,0.20272027664802575,0.18536847204062892,0.02678339145882297,0.0012727564000527313,0.22983565656736177,0.7421081955737625,1.0,0.5841288784074296,0.5897222108629497,0.2961552504246184,181.19622669797553,-9.50484135842089e-12,3.3306690738754696e-16,-7.771561172376096e-16,0.0,0.0,-5.187378304682966e-13,-2.9952082480910747e-13,-5.263584706982627e-13,-2.7505081545697863e-13
equilibrium_sigma_1.35,154.0,179.22103115012817,3.4091356928006067,1.2910671318138522,1.848,1.8379464943471084,0.9090048032793698,2.1365036603468823,-0.24023779312599358,-0.18617781612996454,-1.4772449479438168,-2.7948110673366777,1.8383227386753356,-4.513365070401115,-3.2455685411288484,0.28850366034688224,-0.010053505652891648,1.5611356928006066,0.014384324121519035,0.014534808500158937,0.014430833789845242,0.0024308337898452416,0.007692466365053125,0.014730107817939597,0.002730107817939597,0.002088328940885731,0.2800934357268038,0.05189271380974394,0.09243083378984525,0.042430833789845246,0.009630587311503808,0.12885004102000655,0.6878167794477084,0.2027717852480247,0.18568188055449353,0.026950629918778467,0.0012941919819292427,0.22986730822323848,0.7418878698760538,1.0,0.5836704725165955,0.5893462227717035,0.2984765950675861,182.18655520581137,-9.339196083146817e-12,-4.440892098500626e-16,-1.7763568394002505e-15,0.0,0.0,-1.2656977896319255e-11,-7.214170233416084e-12,-1.2877263491639646e-11,-6.597752726100747e-12
equilibrium_sigma_1.35,155.0,178.22103115012817,3.423535699991271,1.30565690014874,1.86,1.8523933952604197,0.9166934215570797,2.1512522055200263,-0.23813507468898876,-0.1505624839499975,-1.4562193840987374,-2.767483481617762,1.8501725301719911,-4.481832047808189,-3.2174594131503733,0.2912522055200262,-0.007606604739580414,1.5635356999912708,0.014415775199023262,0.014644854535361265,0.014463055061015521,0.002463055061015521,0.00768482269115699,0.014767085714240125,0.0027670857142401244,0.0021171906972039523,0.2801910759424713,0.05226738391328402,0.09246305506101553,0.042463055061015526,0.00977933804664957,0.12954323114774013,0.6875320580211689,0.20282391216824328,0.18600003040009327,0.027120331579043745,0.0013160976412821405,0.22989945337248743,0.7416641174071866,0.9999999999999999,0.5832060351310141,0.5889657301035889,0.3008373943573695,183.1767328325614,-9.172440584848118e-12,-2.220446049250313e-16,-1.3322676295501878e-15,0.0,0.0,-1.0462433003288751e-11,-5.88073686969004e-12,-1.0669418473718828e-11,-5.361232291445361e-12
equilibrium_sigma_1.35,156.0,177.22103115012817,3.437967414850455,1.3203570946094065,1.872,1.866872780314841,0.9243745545742008,2.1660380403512765,-0.23600324439297204,-0.1147466519478475,-1.435103746557254,-2.740093040434304,1.8620193480487328,-4.450177946032699,-3.1892752425741837,0.29403804035127634,-0.005127219685159057,1.5659674148504548,0.014447741235634276,0.01475566174437322,0.014495803873652964,0.0024958038736529638,0.007677496753775652,0.014804689352221345,0.002804689352221345,0.002146554480830787,0.28029031476864535,0.05264420840424937,0.09249580387365297,0.04249580387365297,0.009931010533088465,0.13024556874144969,0.6872435793576787,0.2028766659815949,0.1863230141562061,0.02729254238259216,0.001338486225058606,0.22993210196659894,0.7414368694257504,1.0,0.5827354689432287,0.5885806697743298,0.30323846625452666,184.1667566552039,-9.00168828366077e-12,0.0,-2.220446049250313e-15,0.0,0.0,1.1651084610986295e-11,6.356144777175388e-12,1.1736703622866607e-11,5.859830849719305e-12
equilibrium_sigma_1.35,157.0,176.22103115012817,3.4524313577058474,1.335168479350757,1.8840000000000001,1.8813851824930032,0.9320485228000205,2.1808617973040314,-0.233841794690119,-0.07872845578075172,-1.4138969351315087,-2.7126392033576385,1.8738631202485387,-4.418401209550328,-3.161015241243949,0.2968617973040313,-0.0026148175069968804,1.5684313577058473,0.01448023301538083,0.01486723609755744,0.014529091156091183,0.0025290911560911823,0.0076704940262566045,0.014842932238856577,0.0028429322388565763,0.0021764313851146966,0.28039118532148843,0.053023193580465436,0.09252909115609119,0.04252909115609119,0.0100856747516134,0.13095720194032032,0.6869512826104387,0.20293005539706369,0.18665092671389025,0.02746730934747236,0.001361370989005893,0.229965264212745,0.7412060554507768,1.0,0.5822586746999853,0.5881909775918099,0.3056806481304521,185.15662368218497,-8.82960371484387e-12,-1.1102230246251565e-16,-1.887379141862766e-15,0.0,0.0,1.3266856363491897e-11,7.131644233493439e-12,1.339497610053364e-11,6.561496138091094e-12
equilibrium_sigma_1.35,158.0,175.22103115012817,3.4669280598117984,1.3500918245238782,1.8960000000000001,1.895931145847055,0.9397156522017506,2.1957241225207573,-0.23165020679777681,-0.04250600596163445,-1.3925978304855127,-2.685121433892289,1.885703772751954,-4.386500264300295,-3.132678618459103,0.2997241225207572,-6.885415294521913e-05,1.5709280598117983,0.014513261603946143,0.014979583614279753,0.014562928115647113,0.0025629281156471125,0.00766382002906512,0.014881828220847382,0.0028818282208473815,0.002206832782070123,0.280493721562567,0.053404345490629467,0.09256292811564712,0.04256292811564712,0.01024340255407598,0.13167828185561078,0.686655105711899,0.20298408926181985,0.18698386534654862,0.02764468059665633,0.0013847656120780107,0.2299989505809876,0.7409716032102781,1.0000000000000002,0.5817755511567407,0.587796588229892,0.3081647972522575,186.1463308516084,-8.655964833792495e-12,3.3306690738754696e-16,-2.55351295663786e-15,0.0,0.0,-3.411732701907866e-13,-1.8044767069458345e-13,-3.450226215839791e-13,-1.659184942215397e-13
equilibrium_sigma_1.35,159.0,174.22103115012817,3.4814580636318824,1.3651279063223027,1.9080000000000001,1.910511225778201,0.9473762742908605,2.2106256761852894,-0.22942795039964037,-0.006077387373226495,-1.3712052936955292,-2.657539199899108,1.897541229522235,-4.35447351751084,-3.104264581191937,0.30262567618528924,0.002511225778200954,1.5734580636318822,0.014546838357731448,0.01509271036141909,0.01459732624710463,0.002597326247104629,0.007657480331888022,0.014921391531252937,0.0029213915312529364,0.002237770365676184,0.28059795832455947,0.05378766991583664,0.09259732624710464,0.04259732624710463,0.0104042677139352,0.13240896264011112,0.6863549853452283,0.2030387765633369,0.18732192978220302,0.02782470538878212,0.001408684211381533,0.23003317181328883,0.7407334385865476,1.0000000000000002,0.5812859950311254,0.5873974352014402,0.31069179127910357,187.13587502930858,-8.481437774321421e-12,0.0,-1.9984014443252818e-15,0.0,0.0,-1.4279129961769499e-11,-7.441892588277987e-12,-1.4483804780529574e-11,-6.831164106602117e-12
equilibrium_sigma_1.35,160.0,173.22103115012817,3.496021923133404,1.3802775070286177,1.92,1.9251259893279944,0.9550307261731706,2.2255671328978917,-0.2271744833365339,0.03055934123249293,-1.3497181657961248,-2.629891974030789,1.9093754124490767,-4.322319357516308,-3.075772334308956,0.3055671328978917,0.005125989327994462,1.5760219231334043,0.014580974932717497,0.01520662245176663,0.014632297341327323,0.0026322973413273228,0.00765148055578297,0.014961636785049137,0.002961636785049137,0.002269256140774445,0.28070393133735555,0.05417317235037585,0.09263229734132733,0.04263229734132733,0.010568345978007867,0.13314940155947919,0.6860508569150139,0.20309412643152913,0.18766522227849716,0.02800743414989032,0.0014331413576931132,0.23006793893136754,0.7404914855610489,1.0,0.5807899009551489,0.5869934508303488,0.31326252877023225,188.12525300691541,-8.304246179591246e-12,1.1102230246251565e-16,-2.1094237467877974e-15,0.0,0.0,-1.2165863802482413e-11,-6.238455932394693e-12,-1.2368984309008013e-11,-5.725306513604256e-12
equilibrium_sigma_1.35,161.0,172.22103115012817,3.510620204091182,1.3955414150596053,1.932,1.9397760154787187,0.9626793506013425,2.240549182062159,-0.2248892512877081,0.06740614774570064,-1.3281352673139046,-2.6021792341827514,1.921206241290937,-4.290036153570618,-3.0472010807995713,0.30854918206215887,0.007776015478718756,1.578620204091182,0.014615683293591461,0.015321326042299643,0.014667853494165113,0.002667853494165113,0.007645826375521789,0.015002578970246816,0.0030025789702468157,0.0023013024197382492,0.2808116772550458,0.054560857981643424,0.09266785349416512,0.04266785349416512,0.010735715119403895,0.1338997590653814,0.6857426545172193,0.20315014814089902,0.18801384770035273,0.02819291850615848,0.0014581520915664787,0.230103263244657,0.7402456661576179,0.9999999999999999,0.5802871614261944,0.5865845662225994,0.31587792970479084,189.114461499863,-8.127498674070921e-12,-4.440892098500626e-16,-1.9984014443252818e-15,-1.1102230246251565e-16,0.0,1.3033631465764195e-11,6.4775493996416245e-12,1.3090327433129545e-11,6.03240027374774e-12
equilibrium_sigma_1.35,162.0,171.22103115012817,3.525253484404903,1.4109204250116851,1.944,1.954461895467163,0.9703224960317501,2.255572528285927,-0.22257168744073508,0.10446502722613382,-1.3064553977855513,-2.574400463957229,1.933033633615903,-4.257622255651151,-3.018550022009057,0.31157252828592696,0.01046189546716314,1.581253484404903,0.014650975722527881,0.015436827332337083,0.014704007115459626,0.002704007115459626,0.007640523521941993,0.015044233507843785,0.0030442335078437847,0.002333921876873646,0.280921233683211,0.05495073166930796,0.09270400711545963,0.04270400711545963,0.010906454991681172,0.13466019887063083,0.6854303109083224,0.20320685111270387,0.1883679136006226,0.028381211317703322,0.0014837319400582102,0.2301391563566656,0.7399959003855727,0.9999999999999999,0.5797776667566773,0.5861707112362169,0.3185389360135242,190.10349714540203,-7.94830867789642e-12,-1.1102230246251565e-16,-2.55351295663786e-15,0.0,0.0,1.5270262485045372e-11,7.459862588765631e-12,1.537180625843515e-11,6.95658027710655e-12
equilibrium_sigma_1.35,163.0,170.22103115012817,3.539922354422156,1.4264153377022293,1.956,1.9691842331037017,0.9779605166820595,2.2706378917929984,-0.22022121215301227,0.14173800243600954,-1.2846773352662197,-2.5465551531469495,1.9448575047411547,-4.225075994265427,-2.9898183578830326,0.3146378917929984,0.013184233103701759,1.583922354422156,0.014686864828952664,0.015553132561546822,0.014740770938587631,0.0027407709385876312,0.007635577784717892,0.015086616214077253,0.003086616214077253,0.002367127502900246,0.28103263920784133,0.05534279792335545,0.09274077093858764,0.042740770938587636,0.011080647584161517,0.13543088802604558,0.6851137574737465,0.2032642449171159,0.18872753030334538,0.02857236671340719,0.0015098969340838588,0.23017563017337875,0.7397421061791302,1.0,0.5792613050225495,0.5857518144502559,0.3212465121225019,191.0923565004853,-7.768008458697295e-12,-4.440892098500626e-16,-3.1086244689504383e-15,0.0,0.0,-1.0485189105846615e-13,-5.0258408546000055e-14,-1.05760886159878e-13,-4.701360828418544e-14
equilibrium_sigma_1.35,164.0,169.22103115012817,3.554627417266901,1.4420269602067308,1.968,1.9839436450966295,0.9855937725897332,2.2857460088459103,-0.21783723260474397,0.17922712437851618,-1.2627998358282146,-2.5186427982382806,1.956677767671004,-4.192395680260224,-2.9610052872230797,0.3177460088459103,0.01594364509662949,1.586627417266901,0.014723363560360206,0.015670248007801715,0.014778158030589315,0.002778158030589315,0.007630995015607531,0.0151297433426123,0.0031297433426123004,0.0024009326493601435,0.2811459334260282,0.05573706088096304,0.09277815803058932,0.04277815803058932,0.0112583770784122,0.13621199699906097,0.6847929241955708,0.203322339275372,0.18909281098967437,0.02876644012680055,0.0015366636264293114,0.2302126969138234,0.7394841993329466,0.9999999999999999,0.5787379620106291,0.5853278031327765,0.32400164550925464,192.0810360395134,-7.58637597186862e-12,2.220446049250313e-16,-3.774758283725532e-15,0.0,0.0,-1.614567160523883e-11,-7.608115526469561e-12,-1.632863462497358e-11,-7.131697142559457e-12
equilibrium_sigma_1.35,165.0,168.22103115012817,3.5693692891820867,1.4577561058957675,1.98,1.998740761390414,0.9932226296755338,2.30089763218389,-0.21541914243970095,0.21693447285274448,-1.240821633043023,-2.4906629029286633,1.9684943330334403,-4.159579604620518,-2.9321100079466462,0.3208976321838901,0.01874076139041403,1.5893692891820868,0.01476048521290485,0.01578817998490641,0.01481618180246188,0.002816181802461879,0.007626781131773015,0.015173631600085002,0.003173631600085002,0.0024353510474917073,0.2812611569771572,0.05613352428251817,0.09281618180246189,0.04281618180246188,0.011439729905953306,0.1370036997544644,0.6844677396193699,0.2033811440619355,0.18946387178711838,0.028963488333118122,0.001564049110456441,0.2302503691192752,0.7392220934371503,1.0,0.5782075211645088,0.5848986032075729,0.3268053472713296,193.06953215207076,-7.404299395830094e-12,-2.220446049250313e-16,-2.886579864025407e-15,-1.1102230246251565e-16,0.0,-1.4169198800373373e-11,-6.5515232128277034e-12,-1.4363548545004434e-11,-6.165457033802113e-12
equilibrium_sigma_1.35,166.0,167.22103115012817,3.5841485998833282,1.473603594469818,1.992,2.0135762255147682,1.000847459810625,2.3160935314749778,-0.2129663213947841,0.2548621570208103,-1.2187414374490078,-2.4626149786612794,1.980307109015193,-4.126626038263302,-2.9031317173543307,0.32409353147497777,0.021576225514768232,1.5921485998833282,0.01479824344232078,0.015906934840179663,0.01485485601981338,0.0028548560198133795,0.007622942119357531,0.015218298154984211,0.003218298154984211,0.002470396798237573,0.2813783515751921,0.05653219144660775,0.09285485601981339,0.042854856019813384,0.01162479480716241,0.13780617383716326,0.684138130820217,0.20344066930665694,0.1898408318619958,0.029163569487533347,0.0015920710395250367,0.23028865966259277,0.7389556998103488,1.0,0.5776698635291005,0.5844641392196741,0.32965865270740113,194.05784114059398,-7.221778730581718e-12,0.0,-3.3306690738754696e-15,0.0,0.0,1.460520593354886e-11,6.534030261295953e-12,1.462657946149637e-11,6.265940023786332e-12
equilibrium_sigma_1.35,167.0,166.22103115012817,3.5989659929285227,1.48957025199371,2.004,2.02845069494945,1.0084686408894108,2.3313344937847775,-0.21047813491623524,0.293012315992742,-1.196557936000968,-2.4344985451750305,1.992116001295277,-4.093533231819956,-2.8740696124014646,0.3273344937847775,0.024450694949449847,1.5949659929285227,0.014836652274471937,0.016026518951899226,0.014894194813656565,0.002894194813656565,0.007619484037101172,0.01526376061988799,0.003263760619887989,0.0025060843666935284,0.28149756004138354,0.056933065244129055,0.09289419481365657,0.04289419481365657,0.011813662891398988,0.13861960045720123,0.6838040233677644,0.20350092519694352,0.19022381351551831,0.029366743164653167,0.0016207476471661218,0.2303275817557359,0.7386849274324448,1.0,0.5771248676936751,0.5840243342994627,0.3325626219108324,195.04595921804187,-7.037925797703792e-12,-2.220446049250313e-16,-4.218847493575595e-15,0.0,0.0,1.761750814677221e-11,7.724994255386974e-12,1.7683798869683187e-11,7.452145671382748e-12
equilibrium_sigma_1.35,168.0,165.22103115012817,3.61382212609477,1.5056569109262634,2.016,2.043364841495943,1.0160865569044448,2.3466213240584217,-0.20795393376573346,0.3313871194182416,-1.1742697915080218,-2.4063131310757084,2.0039209129770805,-4.06029941541963,-2.8449228899808574,0.3306213240584217,0.027364841495943093,1.59782212609477,0.014875726117002663,0.01614693872658108,0.014934212691830352,0.002934212691830352,0.007616413020465125,0.015310037140281452,0.0033100371402814514,0.00254242865427301,0.28161882633887986,0.05733614807112013,0.09293421269183036,0.042934212691830356,0.012006427698277708,0.1394441645767257,0.6834653412905226,0.20356192207990803,0.19061294228306885,0.029573070399228504,0.0016500977680225606,0.23036714895948,0.738409682873269,1.0,0.5765724097335937,0.5835791101255413,0.33551834037605405,196.0338825054218,-6.8545169540357165e-12,0.0,-3.552713678800501e-15,0.0,0.0,2.0491074115280838e-13,8.805803308753468e-14,2.0627249908145018e-13,8.551145902480073e-14
equilibrium_sigma_1.35,169.0,164.22103115012817,3.628717671761767,1.5218644101448808,2.028,2.0583193516554275,1.023701598023415,2.361954845615792,-0.2053930536164552,0.36998876808481396,-1.1518756420600669,-2.3780582744285454,2.015721744518988,-4.0269227984739135,-2.815690747216591,0.3339548456157919,0.03031935165542743,1.600717671761767,0.014915479772260237,0.01626820059608924,0.014974924551135811,0.002974924551135811,0.007613735286357844,0.015357146334604721,0.0033571463346047208,0.002579444946526621,0.2817421956095025,0.05774144182022749,0.09297492455113582,0.042974924551135815,0.012203185260077905,0.1402800549989276,0.6831220070393293,0.20362367046449292,0.19100834703674327,0.029782613728115373,0.0016801408595866598,0.23040737519570462,0.7381298702165934,1.0,0.5760123631507185,0.5831283868863025,0.33852691961815046,197.0216070291484,-6.671108110367641e-12,-2.220446049250313e-16,-5.329070518200751e-15,-1.1102230246251565e-16,0.0,-1.830097705324274e-11,-7.693266163011359e-12,-1.8456089087570682e-11,-7.534829531141707e-12
equilibrium_sigma_1.35,170.0,163.22103115012817,3.6436533173119683,1.5381935949692738,2.04,2.073314927023249,1.0313141606727196,2.377335900664886,-0.20279481463473736,0.40881949453439104,-1.1293741004348827,-2.3497335233671377,2.027518393663476,-3.9934015694490688,-2.786372381761836,0.33733590066488617,0.03331492702324912,1.6036533173119683,0.014955928449977549,0.016390311014598497,0.01501634568968923,0.0030163456896892295,0.007611457137974842,0.015405107356425418,0.003405107356425418,0.0026171489719839514,0.2818677142111795,0.05814894785118466,0.09301634568968924,0.043016345689689234,0.012404034165336844,0.14112746445936758,0.6827739414498375,0.20368618102359246,0.19141016009191053,0.029995437233622177,0.0017108970247812195,0.23044827475810725,0.7378453909834892,0.9999999999999999,0.5754445988122237,0.5826720832399196,0.34158949780531417,198.00912871838875,-6.48658904367494e-12,-2.220446049250313e-16,-4.6629367034256575e-15,2.220446049250313e-16,0.0,-1.6533469038293447e-11,-6.797805374159083e-12,-1.671301985695095e-11,-6.720355175127146e-12
equilibrium_sigma_1.35,171.0,162.22103115012817,3.6586297655439757,1.5546453171822705,2.052,2.0883522846963594,1.0389246476262037,2.392765350832204,-0.20015852104850707,0.44788156369387555,-1.106763753488395,-2.321338436721548,2.039310755364714,-3.959733895631021,-2.7569669921036772,0.34076535083220394,0.036352284696359316,1.6066297655439756,0.014997087780359714,0.016513276455395725,0.015058491819720667,0.0030584918197206663,0.007609584969969847,0.0154539399011,0.0034539399011,0.002655556889941124,0.2819954297567293,0.05855866696010404,0.09305849181972067,0.04305849181972067,0.0126090756235806,0.14198658971959177,0.6824210637040639,0.20374946459615798,0.1918185173176895,0.03021160658825215,0.001742387035411501,0.2304898623230566,0.7375561440532797,1.0,0.5748689848878734,0.5822101162727705,0.34470724040434053,198.99644340232624,-6.3020699769822386e-12,-2.220446049250313e-16,-5.995204332975845e-15,-1.1102230246251565e-16,0.0,1.639784835694158e-11,6.509796174336557e-12,1.637623717187786e-11,6.590749647428229e-12
equilibrium_sigma_1.35,172.0,161.22103115012817,3.673647735104702,1.5712204350494676,2.064,2.1034321576992907,1.0465334681013856,2.4082440777129723,-0.19748346070003242,0.48717727352556395,-1.0840431615239037,-2.292872584663958,2.0510987217146464,-3.9259179228764807,-2.7274737778718765,0.3442440777129723,0.03943215769929065,1.6096477351047018,0.015038973826784582,0.016637103407527453,0.015101379080569625,0.0031013790805696252,0.0076081252737052844,0.01550366420577376,0.0035036642057737592,0.00269468530267325,0.2821253911532413,0.058970599347758536,0.09310137908056963,0.04310137908056963,0.012818413531195371,0.14285763166326765,0.6820632912909023,0.20381353218929615,0.19223355825182656,0.030431189100933495,0.0017746323565298986,0.23053215295838983,0.7372620255841468,0.9999999999999999,0.5742853867856106,0.5817424014561057,0.3478813408388071,199.9835468074219,-6.119549311733863e-12,-4.440892098500626e-16,-5.773159728050814e-15,2.220446049250313e-16,0.0,2.0378490561689944e-11,7.902175441776293e-12,2.0399303773954713e-11,8.09546266827832e-12
equilibrium_sigma_1.35,173.0,160.22103115012817,3.6887079609308455,1.587919813333349,2.076,2.118555295419019,1.0541410378594938,2.4237729834375474,-0.19476890458649132,0.526708955686265,-1.061210857647084,-2.26433554937717,2.062882181867629,-3.891951775362611,-2.6978919401579535,0.34777298343754737,0.042555295419019146,1.6127079609308455,0.01508160309974256,0.01676179837226703,0.015145024052422497,0.0031450240524224966,0.007607084643117382,0.015554301104891977,0.0035543011048919763,0.0027345513031740154,0.28225764864370456,0.05938474458640993,0.0931450240524225,0.0431450240524225,0.013032154538349945,0.14374079539453086,0.6817005399657279,0.20387839498032892,0.19265542621951168,0.030654253764695858,0.0018076551717349108,0.23057516213456253,0.7369629289290066,0.9999999999999999,0.5736936670856643,0.581268852601091,0.3511130211605388,200.97043455451114,-5.936140468065787e-12,0.0,-5.551115123125783e-15,2.220446049250313e-16,0.0,6.077516961910945e-13,2.2995494397548555e-13,6.096269322686254e-13,2.3868407250660084e-13
equilibrium_sigma_1.35,174.0,159.22103115012817,3.70381119469813,1.6047443233013743,2.088,2.1337224640474117,1.0617477793090673,2.4393529912538243,-0.19201410638868288,0.5664789761939133,-1.038265347107461,-2.2357269257465218,2.0746610219636428,-3.8578335553363488,-2.668220681844772,0.35135299125382424,0.04572246404741165,1.61581119469813,0.015124992572317641,0.01688736785939725,0.015189443770926563,0.0031894437709265623,0.007606469781336101,0.015605872007995458,0.003605872007995458,0.002775172438518325,0.28239225385129263,0.05980110158506726,0.09318944377092657,0.04318944377092657,0.013250408116929974,0.1446362903385373,0.681332723709097,0.20394406431880596,0.19308426845619264,0.030880871305828943,0.0018414784094395282,0.23061890573886767,0.7366587445458639,1.0,0.57309368547318,0.5807893818121705,0.35440353273475994,201.95710215569994,-5.752731624397711e-12,-4.440892098500626e-16,-7.327471962526033e-15,2.220446049250313e-16,0.0,-2.07997907092361e-11,-7.67622077013641e-12,-2.0919974086375248e-11,-8.085569540294824e-12
equilibrium_sigma_1.35,175.0,158.22103115012817,3.7189582052904626,1.6216948427324525,2.1,2.1489344470433416,1.0693541216181925,2.4549850461314353,-0.18921830198274625,0.6064897361152444,-1.015205106617208,-2.2070463220702856,2.086435125050031,-3.82356134284824,-2.638459207939348,0.3549850461314352,0.04893444704334149,1.6189582052904625,0.015169159695421847,0.01701381838333269,0.015234655742093643,0.003234655742093643,0.007606287507469542,0.015658398950790797,0.003658398950790797,0.0028165667709245668,0.2825292598245262,0.06021966855362047,0.09323465574209365,0.04323465574209365,0.013473286629512053,0.1455443303446961,0.6809597546843451,0.20401055172849636,0.1935202362352777,0.031111114234681235,0.0018761257701647043,0.23066340008782535,0.7363493599073287,1.0,0.5724852986690535,0.5803038994384108,0.3577541569381113,202.9435450112399,-5.569766869939485e-12,-2.220446049250313e-16,-7.549516567451064e-15,0.0,0.0,-1.933287904765102e-11,-6.951682285372129e-12,-1.9491810943073062e-11,-7.441300180210941e-12
equilibrium_sigma_1.35,176.0,157.22103115012817,3.7341497792849796,1.6387722559196494,2.112,2.164192045610423,1.076960500833882,2.4706701153864827,-0.18638070893621106,0.646743672269591,-0.9920285836500584,-2.1782933607913773,2.0982043710018212,-3.7891331954762633,-2.6086067259117636,0.35867011538648264,0.05219204561042279,1.6221497792849795,0.015214122413527903,0.01714115645906751,0.015280677957758192,0.0032806779577581914,0.00760654476380912,0.015711904599591264,0.003711904599591264,0.002858752861101266,0.2826687210841157,0.06064044296562511,0.0932806779577582,0.043280677957758196,0.01370090539930301,0.1464651337924682,0.6805815431941307,0.20407786890934157,0.19396348500063423,0.03134505689811201,0.001911621754891698,0.23070866193971876,0.7360346594072775,0.9999999999999999,0.5718683603590463,0.579812314022824,0.3611662058697186,203.92975840630632,-5.388800516925585e-12,0.0,-8.215650382226158e-15,0.0,0.0,1.8447502206364597e-11,6.388868600826214e-12,1.837596741438574e-11,7.04346303503911e-12
equilibrium_sigma_1.35,177.0,156.22103115012817,3.7493867214592647,1.6559774536708483,2.124,2.179496079196724,1.0845673600112087,2.4864091893300637,-0.18350052598558242,0.6872432579552266,-0.9687341957156217,-2.149467679248891,2.10996863644063,-3.75454714803252,-2.5786624460370753,0.3624091893300636,0.05549607919672406,1.6253867214592645,0.01525989918000871,0.017269388597958558,0.015327528911313941,0.0033275289113139407,0.007607248623167747,0.015766412271300823,0.0037664122713008223,0.002901749803774223,0.2828106936706483,0.061063421519944004,0.09332752891131395,0.043327528911313945,0.01393338278101873,0.14739892369998472,0.680197997635821,0.20414602773937884,0.19441417450444,0.03158277553370307,0.0019479916945233664,0.23075470850479285,0.7357145242669807,1.0,0.5712427211210102,0.5793145322494486,0.3646410230746381,204.91573750776564,-5.2087223423313844e-12,0.0,-8.43769498715119e-15,-1.1102230246251565e-16,0.0,2.3637841684021055e-11,7.963383424902659e-12,2.3602309343062622e-11,8.94789797811768e-12
equilibrium_sigma_1.35,178.0,155.22103115012817,3.7646698553104283,1.6733113333031082,2.136,2.1948473860059172,1.092175149348433,2.5022032819366817,-0.1805769324992439,0.7279910036868154,-0.9453203296162929,-2.120568930454281,2.1217277946522506,-3.7198012122652346,-2.5486255817460624,0.3662032819366816,0.0588473860059171,1.6286698553104282,0.015306508973880431,0.01739852130331917,0.015375227614333305,0.0033752276143333045,0.007608406296953703,0.01582194598226394,0.0038219459822639405,0.00294557725211142,0.2829552351949494,0.06148860010076153,0.09337522761433331,0.04337522761433331,0.014170840232584503,0.14834592783515663,0.679809024455856,0.20421504027659987,0.19487246894991006,0.031824348325691844,0.001985261780482718,0.23080155745796965,0.7353888324358558,1.0,0.570608228350445,0.5788104588883,0.36817998428049403,205.90147736075482,-5.029532346156884e-12,-2.220446049250313e-16,-9.547918011776346e-15,0.0,0.0,1.1274245426129426e-12,3.692046668390958e-13,1.128661400451314e-12,4.234824296789341e-13
equilibrium_sigma_1.35,179.0,154.22103115012817,3.7800000235835314,1.6907747986300015,2.148,2.2102468235176853,1.0997843263275873,2.5180534315321035,-0.17760908792631036,0.7689894579420407,-0.9217853406879608,-2.091596783892958,2.1334817155029766,-3.6848933765580476,-2.518495349985238,0.37005343153210335,0.06224682351768518,1.6320000235835312,0.01535397131842077,0.017528561065819827,0.015423793614272173,0.0034237936142721727,0.007610025144187682,0.015878530423840687,0.0038785304238406863,0.0029902553899674444,0.2831024048917339,0.06191597373580499,0.09342379361427218,0.04342379361427218,0.01441340238758101,0.14930637882924666,0.6794145281030982,0.20428491876073424,0.19533853713893062,0.032069855462664,0.0020234590964904454,0.23084922695522112,0.7350574584856245,1.0000000000000002,0.5699647261844046,0.5782999967381283,0.3717844981477753,206.88697288501717,-4.852118706821784e-12,-2.220446049250313e-16,-1.1102230246251565e-14,-1.1102230246251565e-16,0.0,-2.3706109991694646e-11,-7.5349275430181e-12,-2.3786210848197875e-11,-8.83947342406044e-12
equilibrium_sigma_1.35,180.0,153.22103115012817,3.7953780888237847,1.7083687599464927,2.16,2.2256952690316893,1.1073953558662775,2.533960701507506,-0.17459613122537698,0.8102412079325088,-0.898127552013984,-2.0625509263466677,2.1452302653546416,-3.6498216056098904,-2.4882709715786167,0.3739607015075057,0.06569526903168921,1.6353780888237845,0.015402306299541632,0.017659514358721696,0.015473247012560552,0.003473247012560552,0.0076121126807438474,0.015936191037901892,0.003936191037901892,0.00303580501626044,0.2832522636744259,0.062345536553309905,0.09347324701256056,0.043473247012560556,0.014661197128430094,0.15028051429343664,0.679014410980955,0.2043556756149835,0.1958125526256728,0.03231937919718883,0.0020626116515879314,0.23089773564781094,0.7347202735034123,1.0,0.5693120554233974,0.5777830465665749,0.3754560070322569,207.8722188712088,-4.675593245906384e-12,-2.220446049250313e-16,-1.0880185641326534e-14,0.0,0.0,-2.265891294039868e-11,-6.984704481460824e-12,-2.2792547363370552e-11,-8.3948915527432e-12
equilibrium_sigma_1.35,181.0,152.22103115012817,3.8108049339478867,1.72609413400917,2.172,2.2411936202304825,1.1150087104791513,2.5499261810585487,-0.17153718027465614,0.8517488803937214,-0.8743452536154486,-2.0334310627393486,2.156973306978463,-3.6145838401011328,-2.457951671593913,0.3779261810585486,0.06919362023048237,1.6388049339478865,0.015451534584782406,0.017791387632931494,0.015523608483392855,0.0035236084833928545,0.007614676589121211,0.015994954010167817,0.0039949540101678165,0.0030822475127756377,0.2834048741920996,0.06277728173747642,0.09352360848339286,0.04352360848339286,0.01491435566020607,0.15126857693826365,0.6786085733983205,0.2044273234476873,0.19629469387609272,0.0325730039074169,0.0021027484144472888,0.23094710269667967,0.7343771449814561,1.0,0.5686500534513633,0.5772595070477082,0.37919598775976104,208.85720997708592,-4.5006220972254596e-12,-2.220446049250313e-16,-1.2434497875801753e-14,-1.1102230246251565e-16,0.0,2.0797941494010708e-11,6.155867482426913e-12,2.0670373399034325e-11,7.668134356653145e-12
equilibrium_sigma_1.35,182.0,151.22103115012817,3.8262814628416892,1.7439518440134623,2.184,2.2567427957686297,1.122624870451969,2.5659509859531253,-0.1684313312603254,0.8935151424009748,-0.8504367016124874,-2.0042369170051906,2.1687106994677383,-3.5791779963383137,-2.4275366797099465,0.38195098595312515,0.07274279576862952,1.642281462841689,0.01550167744191247,0.01792418731188936,0.015574899292905182,0.003574899292905182,0.007617724728411244,0.01605484629019216,0.004054846290192159,0.0031296048663698173,0.2835603008875915,0.06321120148266042,0.09357489929290519,0.043574899292905186,0.015173012585004909,0.1522708146961963,0.678196913519229,0.20449987505392717,0.19678514443397585,0.03283081616076104,0.0021438993490283382,0.2309973477841616,0.734027936706049,1.0,0.5679785541535484,0.5767292746966615,0.38300595241211854,209.84194072367208,-4.32853752840856e-12,-2.220446049250313e-16,-1.2878587085651816e-14,0.0,0.0,2.7499173077538686e-11,7.878375035685892e-12,2.7398376969967053e-11,1.0088149933473733e-11
equilibrium_sigma_1.35,183.0,150.22103115012817,3.8418086009729278,1.761942819563782,2.196,2.272343735876563,1.1302443240244124,2.5820362593236776,-0.1652776580471298,0.9355427021996536,-0.8264001173641284,-1.974968232983215,2.18044229814952,-3.5436019658899482,-2.397025230590581,0.38603625932367747,0.07634373587656285,1.6458086009729276,0.01555275675913545,0.018057919786268393,0.015627141319417594,0.0036271413194175935,0.007621265145144326,0.016115895655754997,0.004115895655754997,0.0031778997344744653,0.2837186100588412,0.063647286945764,0.0936271413194176,0.0436271413194176,0.015437305976709864,0.15328748084700808,0.6777793273113585,0.20457334341703284,0.1972840930930283,0.03309290477962864,0.0021860954516188485,0.2310484911283764,0.733672508640376,1.0,0.5672973878325045,0.5761922438014749,0.3868874491253803,210.82640549120694,-4.158451361035986e-12,0.0,-1.3322676295501878e-14,-1.1102230246251565e-16,0.0,1.7962575871166564e-12,4.975152234631963e-13,1.794189796733292e-12,6.561903798107949e-13
equilibrium_sigma_1.35,184.0,149.22103115012817,3.857387296015291,1.7800679966356914,2.208,2.287997402975842,1.1378675675806933,2.598183172483288,-0.16207521153229143,0.9778343100471463,-0.8022336865885451,-1.9456247753393257,2.192167954495379,-3.5078536152163844,-2.3664165642657755,0.3901831724832876,0.07999740297584168,1.6493872960152909,0.01560479506758665,0.018192591408482586,0.015680357075027733,0.0036803570750277327,0.007625306085305924,0.01617813070176055,0.004178130701760551,0.0032271554073481923,0.28387986992432646,0.06408552819660007,0.09368035707502774,0.04368035707502774,0.01570737745602682,0.15431883414588596,0.6773557084934119,0.2046477417099721,0.1977917340750195,0.03335936090924486,0.002229368789307531,0.23110055350199663,0.733310716799451,1.0,0.5666063811222564,0.5756483063520506,0.39084206290081847,211.81059851479947,-3.9896974612929625e-12,-4.440892098500626e-16,-1.4876988529977098e-14,-1.1102230246251565e-16,0.0,-2.7099761670812406e-11,-7.247508149177406e-12,-2.7137528335607897e-11,-9.865279600174137e-12
equilibrium_sigma_1.35,185.0,148.22103115012817,3.873018518500997,1.7983283175347318,2.22,2.3037047823228223,1.1454951058546334,2.614392925773662,-0.15882301897556284,1.0203927590832222,-0.7779355584515095,-1.9162063305115304,2.203887516031276,-3.471930785275136,-2.335709926511943,0.3943929257736616,0.08370478232282208,1.6530185185009967,0.015657815563592595,0.018328208487033332,0.01573456972772066,0.003734569727720658,0.0076298560066469755,0.016241580897968788,0.004241580897968788,0.0032773958702492223,0.2840441506900626,0.06452591416688712,0.09373456972772067,0.04373456972772066,0.01598337226573223,0.15536513895487353,0.6769259484811277,0.2047230832966551,0.19830826721526507,0.03363027808778076,0.002273752539969218,0.2311535562484993,0.7329424131237506,0.9999999999999999,0.5659053569002347,0.5750973519657401,0.39487141642622864,212.79451388003937,-3.823164007599189e-12,2.220446049250313e-16,-1.6209256159527285e-14,0.0,0.0,-2.6625490007203823e-11,-6.866548996065092e-12,-2.673234203443009e-11,-9.666899225546643e-12
equilibrium_sigma_1.35,186.0,147.22103115012817,3.8887032624965365,1.816724730849722,2.232,2.319466882675475,1.1531274521475559,2.6306667494435563,-0.1555200833071093,1.0632208862233865,-0.7535038446263356,-1.8867127076808945,2.215600826246686,-3.435831291107595,-2.304904569234022,0.39866674944355607,0.08746688267547498,1.6567032624965363,0.015711842131712714,0.018464777280685803,0.015789803124370096,0.0037898031243700954,0.007634923591656101,0.016306276600097647,0.004306276600097646,0.003328645807876285,0.2842115246193033,0.06496843259758403,0.0937898031243701,0.0437898031243701,0.016265439345963112,0.15642666537750613,0.6764899363319798,0.2047993817331288,0.1988338981553694,0.03390575231881167,0.0023192810338129714,0.23120752129855623,0.7325674453488192,1.0000000000000002,0.5651941341970708,0.5745392678095003,0.39897717090773005,213.77814551846194,-3.660183267584216e-12,0.0,-1.7319479184152442e-14,0.0,0.0,2.3500285051269998e-11,5.797303609389459e-12,2.3313788399814683e-11,8.516564189986475e-12
equilibrium_sigma_1.35,187.0,146.22103115012817,3.904442546309835,1.835258191402059,2.244,2.3352847369916643,1.1607651285623584,2.64700590456199,-0.15216538240957034,1.1063215730826346,-0.7289366183194244,-1.857143739767142,2.227307724503079,-3.399552921398765,-2.2739997508458885,0.4030059045619896,0.09128473699166406,1.660442546309835,0.01576689936741106,0.018602303992490604,0.015846081814276596,0.0038460818142765953,0.007640517760805533,0.01637224909423196,0.004372249094231961,0.0033809306310139675,0.28438206610386846,0.06541306998485709,0.0938460818142766,0.0438460818142766,0.016553731409420125,0.15750368939692894,0.6760475586884466,0.20487665076866704,0.19936883854399265,0.034185882146246536,0.002365989796564634,0.23126247118336282,0.7321856568738259,0.9999999999999999,0.5644725281040576,0.5739739385182964,0.4031610269103188,214.76148720297783,-3.4998670628283435e-12,-2.220446049250313e-16,-1.7763568394002505e-14,0.0,0.0,3.209271390303137e-11,7.616053621095631e-12,3.1920462800760774e-11,1.1615528851260937e-11
equilibrium_sigma_1.35,188.0,145.22103115012817,3.920237413216551,1.853929660187231,2.2560000000000002,2.351159403146422,1.1684086662497155,2.6634116839619297,-0.14875786837866345,1.1496977469180432,-0.7042319132691879,-1.8274992844527231,2.2390080459419406,-3.3630934380225397,-2.2429947366537637,0.4074116839619295,0.0951594031464218,1.6642374132165507,0.015823012601567238,0.018740794763634085,0.01590343107400307,0.00390343107400307,0.007646647686839779,0.01643953061902792,0.00443953061902792,0.0034342764987371766,0.28455585173940323,0.06585981152409032,0.09390343107400308,0.043903431074003074,0.01684840501626165,0.15859649301713843,0.6755986997199975,0.20495490434671565,0.19991330624514944,0.03447076873170259,0.00241391559432976,0.2313184290507864,0.7317968866231813,1.0,0.5637403496785172,0.5734012461098043,0.4074247252084227,215.74453254304913,-3.3422153933315712e-12,-2.220446049250313e-16,-2.1316282072803006e-14,-1.1102230246251565e-16,0.0,2.6530305730076975e-12,6.048772593914009e-13,2.6460916791037903e-12,9.598190298110154e-13
equilibrium_sigma_1.35,189.0,144.22103115012817,3.9360889322002546,1.872740104307518,2.2680000000000002,2.367091964663458,1.1760586056649616,2.679885413213256,-0.14529646676385166,1.1933523815865705,-0.6793877227209475,-1.7977792252365137,2.2507016213925093,-3.3264505755767084,-2.211888799243432,0.4118854132132559,0.0990919646634576,1.6680889322002543,0.01588020792779929,0.018880255667114182,0.015961876933903794,0.003961876933903794,0.007653322810506857,0.016508154416783327,0.004508154416783327,0.0034887103517178275,0.28473296040576906,0.06630864105163023,0.0939618769339038,0.0439618769339038,0.017149620648488125,0.1597053644072461,0.6751432410638385,0.20503415660566943,0.20046752555400082,0.03476051593436871,0.0024630964801950427,0.23137541868673828,0.7314009688986979,0.9999999999999999,0.562997405847145,0.5728210698953108,0.41177004764711306,216.72727497950385,-3.1874503036988244e-12,0.0,-2.220446049250313e-14,0.0,0.0,-3.10780116918874e-11,-6.794186740988195e-12,-3.107707494121037e-11,-1.1246241785056732e-11
equilibrium_sigma_1.35,190.0,143.22103115012817,3.951998198726943,1.8916904969005044,2.2800000000000002,2.383083531481148,1.1837154968434875,2.6964284516346715,-0.14178007578060914,1.2372884985368233,-0.6544019983636811,-1.7679834725131078,2.262388277279322,-3.289622040886819,-2.1806812188629783,0.41642845163467124,0.1030835314811478,1.6719981987269428,0.015938512229584645,0.01902069270127948,0.01602144620535139,0.00402144620535139,0.0076605528566699894,0.016578154757862507,0.004578154757862506,0.0035442599233270755,0.2849134733495497,0.06675954098507551,0.0940214462053514,0.044021446205351394,0.017457542783688433,0.1608305980494365,0.6746810617641389,0.20511442187951276,0.2010317274216872,0.03505523039360485,0.0025135718426632803,0.23143346453358893,0.730997733230143,1.0,0.5622434993068776,0.5722332863862155,0.41619881801018155,217.70970777929136,-3.035793838535028e-12,-2.220446049250313e-16,-2.3092638912203256e-14,-1.1102230246251565e-16,0.0,-3.137400408914637e-11,-6.5670004156803685e-12,-3.145939411752785e-11,-1.1365327082235588e-11
equilibrium_sigma_1.35,191.0,142.22103115012817,3.9679663355477683,1.9107818170612605,2.2920000000000003,2.3991352407470217,1.1913798996928489,2.7130421933429982,-0.13820756549618674,1.2815091678290957,-0.6292726492321647,-1.7381119646802268,2.274067835529788,-3.2526055124850988,-2.1493712838031285,0.421042193342998,0.10713524074702141,1.675966335547768,0.015997953208361587,0.019162111783226618,0.0160821665091049,0.004082166509104899,0.007668347851233798,0.016649566969562102,0.0046495669695621016,0.0036009537818237902,0.28509747427001486,0.06721249226178078,0.0940821665091049,0.0440821665091049,0.017772339967896067,0.16197249489045734,0.6742120382098085,0.20519571469829517,0.20160614968915067,0.03535502161431308,0.0025653824559831425,0.23149259170866995,0.7305870042210338,1.0,0.5614784284233936,0.5716377691960353,0.4207129028952178,218.69182403005695,-2.887690087050032e-12,0.0,-2.55351295663786e-14,0.0,0.0,2.6617107823367903e-11,5.303438244119718e-12,2.6373372236099257e-11,9.648982134125017e-12
equilibrium_sigma_1.35,192.0,141.22103115012817,3.9839944935394818,1.930015049759605,2.3040000000000003,2.415248257650308,1.1990523843055079,2.7297280683449676,-0.13457777698466655,1.3260175091917934,-0.6039975405678115,-1.7081646692732653,2.2857401134819746,-3.2153986400550987,-2.1179582907714734,0.42572806834496735,0.11124825765030755,1.6799944935394815,0.016058559411313858,0.01930451874207828,0.01614406630442238,0.0041440663044223815,0.007676718138437871,0.016722427516047134,0.004722427516047133,0.0036588213592203545,0.28528504940734056,0.06766747427592876,0.09414406630442239,0.044144066304422386,0.018094184887342293,0.16313136249695384,0.6737360440706956,0.20527804978844458,0.20219103733085256,0.03566000205524147,0.002618570532459179,0.23155282601925978,0.7301686013930395,0.9999999999999999,0.5607019871270409,0.5710343889375067,0.4253142125931226,219.67361663466056,-2.7429170046389117e-12,0.0,-2.6645352591003757e-14,0.0,0.0,3.757917241276054e-11,7.146949698721983e-12,3.733769890490457e-11,1.3654332005341718e-11
equilibrium_sigma_1.35,193.0,140.22103115012817,4.000083852569181,1.9493911857490316,2.316,2.4314237762790403,1.2067335312878675,2.7464875436670084,-0.130889521455976,1.370816693102777,-0.5785744926462546,-1.6781415841303482,2.2974049237928718,-3.177999043854806,-2.0864415452646563,0.4304875436670086,0.11542377627904044,1.6840838525691808,0.016120360261279776,0.019447919312129414,0.016207174919774366,0.004207174919774365,0.007685674399384671,0.016796773978366986,0.004796773978366985,0.003717892944621326,0.2854762876356799,0.06812446481351378,0.09420717491977437,0.04420717491977437,0.018423254438796315,0.16430751521427037,0.6732529502323609,0.20536144207287466,0.20278664270788574,0.03597028722020617,0.0026731797767986787,0.2316141939804874,0.7297423390225077,1.0,0.5599139648064388,0.5704230131147976,0.4300047019734739,220.6550783053976,-2.601474591301667e-12,-2.220446049250313e-16,-2.930988785010413e-14,-1.1102230246251565e-16,0.0,3.7505103189783284e-12,6.794877160931634e-13,3.737090498168172e-12,1.3669143941741346e-12
equilibrium_sigma_1.35,194.0,139.22103115012817,4.016235622376227,1.9689112214662141,2.328,2.4476630204951038,1.214423932103476,2.763322124521359,-0.12714157936100046,1.415909941891094,-0.55300127957512,-1.6480427385892624,2.309062074347418,-3.1404043141237725,-2.054820361939443,0.4353221245213592,0.11966302049510391,1.6882356223762272,0.016183386090135934,0.019592319125860912,0.0162715225856934,0.0042715225856934,0.007695227672337938,0.0168726451410528,0.0048726451410528,0.0037781997686003876,0.2856712805627073,0.0685834399848263,0.0942715225856934,0.044271522585693404,0.018759729798191467,0.16550127432856815,0.672762624729488,0.2054459066708542,0.20339322583040648,0.036285995752277145,0.0027292554425632325,0.23167672283951596,0.7293080259656436,0.9999999999999999,0.5591141461998592,0.5698035060106817,0.4347863713765278,221.63620155777593,-2.4633628470382973e-12,-2.220446049250313e-16,-3.108624468950438e-14,2.220446049250313e-16,0.0,-3.576182058817601e-11,-6.159801835270429e-12,-3.573548401636373e-11,-1.3082658220642251e-11
equilibrium_sigma_1.35,195.0,138.22103115012817,4.032451043495761,1.9885761589256108,2.34,2.463967244851483,1.2221241894397432,2.7802333555200285,-0.12333269946274994,1.4613005308800284,-0.5272756280455824,-1.6178681947125817,2.320711368168464,-3.1026120104505956,-2.0230940649737144,0.4402333555200286,0.12396724485148303,1.692451043495761,0.01624766817202726,0.019737723706868767,0.016337140468567858,0.004337140468567858,0.0077053893735009905,0.016950081038746845,0.0049500810387468445,0.0038397739898776706,0.2858701226320238,0.06904437415544629,0.09433714046856786,0.04433714046856786,0.019103796487306094,0.16671296823301351,0.6722649326776251,0.20553145889767271,0.20401105463126373,0.036607249531216225,0.00278684439083841,0.2317404405961732,0.7288654654817722,1.0,0.5583023112838809,0.5691757285679575,0.43966126750632845,222.61697870421153,-2.3292479056635784e-12,0.0,-3.3306690738754696e-14,-1.1102230246251565e-16,0.0,-3.7082368425922496e-11,-6.058924195695425e-12,-3.7164608196471605e-11,-1.3626181780135305e-11
equilibrium_sigma_1.35,196.0,137.22103115012817,4.048731388216767,2.008387005607147,2.352,2.480337735544832,1.229834917596168,2.7972228219350215,-0.11946159787570121,1.506991789565707,-0.5013952160414401,-1.5876180485432938,2.3323526033280224,-3.064619661107216,-1.9912619884190432,0.4452228219350216,0.1283377355448323,1.6967313882167674,0.016313238757858797,0.019884138462710428,0.01640406070591454,0.00440406070591454,0.007716171318794318,0.017029122973966082,0.005029122973966082,0.003902648755271798,0.2860729112300441,0.06950723987536415,0.09440406070591455,0.044404060705914544,0.019455644438138384,0.16794293259785073,0.6717597362033272,0.20561811426406781,0.2046404052507905,0.0369341737742138,0.0028459951511949225,0.23180537602364365,0.7284144550509475,0.9999999999999998,0.55747823515944,0.568539538264946,0.4446314843249242,223.59740184749725,-2.19824158875781e-12,-2.220446049250313e-16,-3.6637359812630166e-14,2.220446049250313e-16,0.0,3.022351813264379e-11,4.670375197690646e-12,2.9932844397562164e-11,1.1134628809250646e-11
equilibrium_sigma_1.35,197.0,136.22103115012817,4.065077961585682,2.028344774338248,2.364,2.496775811414525,1.2375567428986831,2.8142921510107923,-0.11552695706846361,1.5529871028401419,-0.47535767149810604,-1.5572924313901413,2.34398557286008,-3.0264247623395955,-1.9593234765406427,0.45029215101079245,0.132775811414525,1.701077961585682,0.016380131109541257,0.020031568677699903,0.01647231644268054,0.0044723164426805385,0.007727585746112622,0.01710981358815644,0.0051098135881564415,0.003966858215243008,0.28627974679600166,0.06997200780666499,0.09447231644268055,0.04447231644268054,0.019815468054644198,0.1691915105446924,0.6712468943725689,0.20570588847541466,0.2052815623338475,0.03726689714011104,0.002906757985042647,0.23187155868501824,0.7279547861898282,1.0000000000000002,0.5566416879350561,0.5678947889845788,0.4496991639440462,224.5774628741889,-2.0725643423702422e-12,0.0,-3.952393967665557e-14,2.220446049250313e-16,0.0,4.416272209040173e-11,6.447006123400101e-12,4.386781216059177e-11,1.635870952587659e-11
equilibrium_sigma_1.35,198.0,135.22103115012817,4.081492102440977,2.048450483167281,2.376,2.513282824973493,1.2452903041353998,2.831443013324392,-0.11152742483471778,1.5992899122475954,-0.44916057091968575,-1.5268915111457058,2.3556100646753846,-2.988024777627673,-1.9272778841481009,0.4554430133243921,0.13728282497349298,1.7054921024409775,0.016448379536733962,0.0201800195056454,0.016541941869543393,0.004541941869543393,0.007739645339036653,0.017192196903881296,0.005192196903881296,0.004032437561640734,0.2864907329380103,0.07043864664904143,0.0945419418695434,0.0445419418695434,0.020183466271405923,0.17045905282463247,0.6707262631175861,0.20579479743062692,0.20593481933864324,0.0376055518371057,0.0029691849514461065,0.23193901895288108,0.727486244258567,0.9999999999999999,0.5557924346074962,0.5672413308769995,0.454866497515716,225.5571534476377,-1.949995720451625e-12,0.0,-4.218847493575595e-14,2.220446049250313e-16,0.0,5.154068144497259e-12,7.089190345865859e-13,5.135159658609112e-12,1.9206945062189007e-12
equilibrium_sigma_1.35,199.0,134.22103115012817,4.097975184469177,2.068705155227387,2.388,2.5298601634620033,1.2530362530106862,2.8486771241909947,-0.10746161323534809,1.6459037172687552,-0.4228014379586318,-1.4964154936387386,2.367225861478606,-2.9494171369219733,-1.8951245769179872,0.4606771241909948,0.14186016346200336,1.7099751844691768,0.016518019437885598,0.020329495962530992,0.016612972263924698,0.004612972263924698,0.007752363252711964,0.017276318389214396,0.005276318389214395,0.004099423080994313,0.2867059765573476,0.07090712306258687,0.0946129722639247,0.0446129722639247,0.020559842608794718,0.17174591799996913,0.6701976951622348,0.20588485722073033,0.20660047885717875,0.0379502737339908,0.0030333299754790963,0.23200778803639802,0.7270086082541322,1.0,0.5549302349400206,0.5665790102154981,0.4601357261227497,226.53646500047685,-1.830535723001958e-12,-2.220446049250313e-16,-4.596323321948148e-14,-2.220446049250313e-16,0.0,-4.130227757026539e-11,-5.337300046370785e-12,-4.12797400428655e-11,-1.5494687130579443e-11
equilibrium_sigma_1.35,200.0,133.22103115012817,4.114528617311525,2.0891098185949724,2.4,2.546509249953443,1.2607952546289278,2.865996245128632,-0.10332809749982763,1.6928320766561658,-0.3962777419388066,-1.4658646240174007,2.3788327406882077,-2.9105992358296,-1.8628629316982794,0.46599624512863214,0.14650924995344328,1.7145286173115255,0.01658908734122226,0.020480002919207933,0.016685444032291476,0.0046854440322914755,0.007765753140328825,0.017362224997707898,0.005362224997707898,0.0041678521611743236,0.28692558797664086,0.07137740158913693,0.09468544403229148,0.04468544403229148,0.02094480522425504,0.17305247263038293,0.6696610399455204,0.20597608412714316,0.2072788529496204,0.03830120247526234,0.0030992489192538594,0.23207789800414524,0.7265216506013386,1.0,0.5540548433376434,0.5659076692448897,0.46550914166133767,227.5153887269952,-1.7172929744901921e-12,-2.220446049250313e-16,-4.8627768478581856e-14,2.220446049250313e-16,0.0,-4.39774466842735e-11,-5.3228602081567544e-12,-4.409437398544824e-11,-1.6617592718537466e-11
equilibrium_sigma_1.35,201.0,132.22103115012817,4.131153847713327,2.109665506141099,2.412,2.5632315445043248,1.2685679880056486,2.8834021853805716,-0.09912541488917004,1.740078609815245,-0.36958689632585395,-1.4352391881655446,2.3904304743595044,-2.8715684347564374,-1.8304923367958397,0.47140218538057166,0.15123154450432486,1.7191538477133275,0.016661620947352532,0.0206315450941045,0.0167593947543846,0.0047593947543846,0.007779829180817866,0.017449965237226195,0.005449965237226195,0.004237763355785518,0.2871496810738927,0.07184944457171571,0.09475939475438461,0.044759394754384604,0.021338566959201808,0.17437909146335756,0.6691161435433839,0.2060684946196221,0.20797026349259315,0.038658481600155975,0.0031669996557110963,0.23214938180689948,0.7260251369372335,1.0,0.5531660087195504,0.5652271460221014,0.47098908771540626,228.4939155752269,-1.6080470288670767e-12,-2.220446049250313e-16,-5.306866057708248e-14,2.220446049250313e-16,0.0,3.441055079766997e-11,3.9033186405301734e-12,3.409635768170105e-11,1.3051361207050416e-11
equilibrium_sigma_1.35,202.0,131.22103115012817,4.147852360728596,2.1303732553768593,2.424,2.580028545361501,1.2763551466114937,2.9008968035024028,-0.09485206351485775,1.7876469982407608,-0.3427262571360985,-1.4045395141513817,2.402018829111375,-2.8323220579936565,-1.7980121922418664,0.4768968035024028,0.1560285453615009,1.7238523607285958,0.01673565917176456,0.02078412704600161,0.01683486322887643,0.00483486322887643,0.0077946061071648,0.017539589232118402,0.005539589232118402,0.004309196419693961,0.28737837342083766,0.07232321207262622,0.09483486322887644,0.044834863228876434,0.021741345381041194,0.17572615762919622,0.6685628485886005,0.20616210535387097,0.20867504254271743,0.03902225866582984,0.0032366421452904763,0.23222227329555062,0.7255188258933291,1.0,0.5522634743884385,0.5645372742483432,0.4765779604177264,229.47203623891932,-1.5023537969227618e-12,-2.220446049250313e-16,-5.617728504603292e-14,2.220446049250313e-16,0.0,5.2101271214022304e-11,5.503056343947321e-12,5.17923481879734e-11,1.9918092349080485e-11
equilibrium_sigma_1.35,203.0,130.22103115012817,4.1646256809643205,2.151234108290421,2.436,2.596901790210736,1.2841574389438388,2.9184820090093053,-0.09050650111893699,1.835540986998213,-0.31569312129220806,-1.3737659737112677,2.4135975660571862,-2.792857392761708,-1.7654219100381359,0.4824820090093054,0.16090179021073592,1.7286256809643206,0.01681124219027655,0.020937753166874632,0.01691188952155135,0.00491188952155135,0.007810099236435431,0.017631148783170403,0.0056311487831704025,0.004382192335672386,0.28761178642894347,0.07279866178936117,0.09491188952155136,0.044911889521551354,0.022153362819717227,0.17709406284022017,0.6680009941889613,0.20625693316875401,0.20939353271494132,0.03939268537470895,0.0033082385155627256,0.23229660724207749,0.725002468867651,1.0000000000000002,0.5513469778970523,0.5638378830927065,0.482278209299115,230.44974114907987,-1.4002132786572474e-12,-4.440892098500626e-16,-5.995204332975845e-14,2.220446049250313e-16,0.0,6.95106125436773e-12,6.809483532599359e-13,6.932721757779703e-12,2.679636026958754e-12
equilibrium_sigma_1.35,204.0,129.22103115012817,4.181475373851749,2.1722491111749105,2.448,2.6138528574549076,1.2919755891216946,2.9361597640804744,-0.08608714381919391,1.8837643862436002,-0.2884847249313103,-1.3429189837704878,2.4251664407405347,-2.753171688221451,-1.732720914385236,0.48815976408047446,0.16585285745490763,1.7334753738517494,0.01688841148983919,0.021092427674806145,0.016990515016958467,0.004990515016958467,0.007826324502448752,0.017724697429777336,0.005724697429777336,0.004456793376572676,0.28785004550593474,0.0732757489676036,0.09499051501695847,0.04499051501695847,0.02257484639815921,0.17848320759385897,0.6674304158438557,0.20635299508306515,0.21012608757545292,0.0397699177060426,0.003381853143909879,0.23237241936951553,0.7244758097805318,0.9999999999999999,0.5504162509121144,0.5631287970069258,0.4880923381269284,231.42702046484882,-1.3025136524902337e-12,-2.220446049250313e-16,-6.417089082333405e-14,0.0,0.0,-4.7888970566845046e-11,-4.333020053870484e-12,-4.7924823831646535e-11,-1.8624581044068833e-11
equilibrium_sigma_1.35,205.0,128.22103115012817,4.198403046979795,2.19341931445106,2.46,2.63088336755688,1.2998103375178482,2.953932085337354,-0.08159236480510446,1.932321072808024,-0.26109824164303586,-1.3119990079977613,2.436725203076333,-2.713262154420554,-1.6999086418811933,0.4939320853373541,0.17088336755687994,1.738403046979795,0.016967209919449527,0.02124815460706152,0.0170707824718302,0.005070782471830199,0.007843298489199381,0.017820290532100103,0.005820290532100102,0.00453304314085301,0.2880932802176673,0.07375442631292058,0.0950707824718302,0.045070782471830204,0.02300602805607699,0.17989400138058176,0.6668509453588647,0.20645030829188776,0.21087307205197553,0.04015411605206836,0.003457552743415009,0.23244974637677362,0.723938584827743,0.9999999999999999,0.5494710190750102,0.5624098355302322,0.49402290572199203,232.40386406421564,-1.2101430968414206e-12,0.0,-6.838973831690964e-14,0.0,0.0,-5.2347286227938383e-11,-4.3539616356724764e-12,-5.256999349723124e-11,-2.0546914863972532e-11
equilibrium_sigma_1.35,206.0,127.22103115012817,4.215410351481441,2.2147457724831803,2.472,2.647994984438197,1.3076624414255111,2.9718010456942165,-0.07702049298713742,1.981214991841708,-0.23353078064147237,-1.2810065583956085,2.4482735972979293,-2.673125961182479,-1.6669845416911182,0.4998010456942166,0.17599498443819694,1.7434103514814407,0.017047681743153353,0.021404937813346517,0.017152736071035853,0.005152736071035852,0.007861038465756587,0.017917985335458297,0.005917985335458297,0.004610986601427669,0.2883416244576844,0.07423464390063392,0.09515273607103586,0.04515273607103586,0.02344714456639268,0.18132686289642302,0.6662624107584691,0.206548890162495,0.21163486286150218,0.040545445358859275,0.0035354064520606693,0.23252862596323806,0.723390522225842,1.0,0.5485110018593965,0.5616808130839449,0.5000725267532192,233.38026153437846,-1.120881165661558e-12,-2.220446049250313e-16,-7.438494264988549e-14,-2.220446049250313e-16,0.0,3.9291087744475206e-11,3.0203339829171227e-12,3.899626108139209e-11,1.548708210286076e-11
equilibrium_sigma_1.35,207.0,126.22103115012817,4.232498983487882,2.2362295433894817,2.484,2.6651894169488877,1.3155326757660728,2.9897687762895373,-0.07236981159284861,2.030450158528715,-0.20577938486076652,-1.2499421969258186,2.459811361910937,-2.6327602369241205,-1.633948075681552,0.5057687762895373,0.18118941694888768,1.748498983487882,0.01712987269315469,0.021562780949316112,0.017236421485519383,0.005236421485519383,0.007879562421954395,0.018017841054707162,0.006017841054707162,0.004690670154516852,0.28859521662278603,0.07471634908453857,0.09523642148551939,0.04523642148551939,0.023898437543615415,0.18278222026048285,0.6656646361967127,0.20664875822978354,0.21241184895707332,0.040944075272108395,0.0036154859253761922,0.23260909684756867,0.7228313419549468,1.0,0.5475359124254764,0.5609415387550332,0.5062438725030448,234.35620216193007,-1.0365042157900461e-12,-2.220446049250313e-16,-7.882583474838611e-14,0.0,0.0,6.172638442047962e-11,4.321213525892986e-12,6.147935632805357e-11,2.456457606769824e-11
equilibrium_sigma_1.35,208.0,125.22103115012817,4.2496706856335225,2.2578716888450687,2.496,2.682468420391311,1.3234218338320918,3.0078374684938245,-0.06763855671517582,2.080030659862563,-0.17784102898250564,-1.2188065371728327,2.471338229654584,-2.5921620674158,-1.600798718521747,0.5118374684938245,0.18646842039131117,1.7536706856335225,0.01721383002646326,0.02172168747034394,0.01732188593346274,0.0053218859334627396,0.007898889106091479,0.01811991893196918,0.006119918931969181,0.004772141666276042,0.28885419979837196,0.07519948640354292,0.09532188593346275,0.045321885933462744,0.0243601534433342,0.18426051123696122,0.6650574418660037,0.20674993019117496,0.2132044319932164,0.041350180287886035,0.0036978654326262892,0.23269119878949426,0.7222607554899935,1.0,0.546545457471236,0.5601918160683613,0.5125396716046419,235.33167492253799,-9.57456336436735e-13,-2.220446049250313e-16,-8.415490526658687e-14,0.0,0.0,9.255263222485155e-12,5.862671459411217e-13,9.251609894844748e-12,3.719828264858727e-12
equilibrium_sigma_1.35,209.0,124.22103115012817,4.266927248595314,2.2796732738772234,2.508,2.6998337980827016,1.3313307280594497,3.0260093759899815,-0.06282491581810046,2.1299606564751867,-0.14971261740203667,-1.1876002460473072,2.482853927471452,-2.5513284944961363,-1.567535957753211,0.5180093759899815,0.19183379808270162,1.758927248595314,0.017299602588247726,0.021881660625561114,0.017409178245933028,0.005409178245933028,0.007919038065875166,0.018224282376522183,0.006224282376522183,0.00485545055051162,0.2891187219573728,0.07568399748525213,0.09540917824593304,0.04540917824593303,0.024832543551958488,0.1857621834613385,0.6644406439042131,0.20685242390092193,0.21401302680973464,0.04176393990842365,0.003782621956633719,0.2327749726223896,0.721678465512553,0.9999999999999999,0.5455393370809031,0.5594314427472595,0.5189627107524464,236.3066684697885,-8.79740724712974e-13,-2.220446049250313e-16,-9.08162434143378e-14,0.0,0.0,-5.5763560435906356e-11,-3.1734545546946435e-12,-5.5950133415194614e-11,-2.2641822444713355e-11
equilibrium_sigma_1.35,210.0,123.22103115012817,4.284270512708904,2.301635366656407,2.52,2.717287402998859,1.339260190846024,3.0442868169464097,-0.057927026182437835,2.1802443845494333,-0.12139098210697385,-1.156324045526492,2.4943581764863807,-2.5102565147040075,-1.5341592938136248,0.5242868169464097,0.19728740299885894,1.764270512708904,0.01738724087555152,0.022042703452294615,0.017498348934956144,0.005498348934956144,0.007940029690291221,0.01833099697590157,0.00633099697590157,0.004940647777562646,0.2893889361665338,0.07616982094854438,0.09549834893495615,0.04549834893495615,0.0253158639659176,0.18728769467177647,0.6638140542996296,0.20695625736385437,0.214838061937286,0.0421855388033873,0.0038698352974272858,0.2328604602795609,0.7210841656196246,1.0,0.5445172445699097,0.5586602104611142,0.5255158353711111,237.2811711238183,-8.08686451136964e-13,-2.220446049250313e-16,-9.658940314238862e-14,-1.1102230246251565e-16,0.0,-6.256466525411675e-11,-3.171993917527871e-12,-6.301558927446216e-11,-2.5669530737126856e-11
equilibrium_sigma_1.35,211.0,122.22103115012817,4.301702369651073,2.323759038282053,2.532,2.7348311394889744,1.347211075413563,3.0626721762816027,-0.05294297329458875,2.230886157810156,-0.09287288047189701,-1.1249787144336247,2.5058506919955232,-2.468943077835455,-1.500668240014975,0.5306721762816027,0.20283113948897435,1.769702369651073,0.01747679710373183,0.02220481877093915,0.017589450264961344,0.005589450264961344,0.007961885253275798,0.01844013065355199,0.006440130653551989,0.005027785965339149,0.2896650008029132,0.0766568923045253,0.09558945026496135,0.04558945026496135,0.02581037555934466,0.18883751294545215,0.6631774807938864,0.20706144872850749,0.21567998012489822,0.04261516697673738,0.003959588179825916,0.23294770482003366,0.720477540023403,1.0,0.543478866326547,0.5578779045594877,0.5322019502414745,238.25517085949426,-7.394085344003543e-13,0.0,-1.0302869668521453e-13,0.0,0.0,4.5004017873440105e-11,2.0571530590096643e-12,4.4799414178342545e-11,1.8538491922126532e-11
equilibrium_sigma_1.35,212.0,121.22103115012817,4.319224764205826,2.3460453625641153,2.544,2.7524669650796976,1.3551842567207624,3.081167908030474,-0.047870789170479267,2.2818903696070887,-0.06415499295702665,-1.0935650902554572,2.5173311834665175,-2.4273850854090826,-1.4670623224679047,0.5371679080304741,0.20846696507969753,1.7752247642058259,0.01756832527333893,0.022368009180361786,0.017682536326983765,0.005682536326983765,0.00798462695839186,0.01855175373766116,0.006551753737661158,0.0051169194548172925,0.2899470797787387,0.07714514385670317,0.09568253632698377,0.04568253632698377,0.026316343939286613,0.19041211694023272,0.662530726782697,0.20716801627961526,0.21653923889137613,0.043053019939473386,0.004051966365120294,0.23303675044736077,0.7198582632480456,1.0000000000000002,0.542423881650044,0.5570843037918073,0.5390240200742324,239.22865529435092,-6.763478666016454e-13,0.0,-1.099120794378905e-13,2.220446049250313e-16,0.0,7.346456082357733e-11,2.9386007516229995e-12,7.341487140433145e-11,3.058259548383013e-11
equilibrium_sigma_1.35,213.0,120.22103115012817,4.336839696095963,2.3684954157995413,2.556,2.7701968923502234,1.3631806324208886,3.099776537808438,-0.04270845062029194,2.3332614950807806,-0.035233920718760636,-1.0620840710009323,2.528799354550917,-2.3855793890541963,-1.4333410799537005,0.543776537808438,0.21419689235022332,1.7808396960959634,0.017661881241283928,0.022532277053862616,0.017777663117051305,0.005777663117051305,0.008008277985882231,0.01866593906552083,0.006665939065520831,0.005208104314480266,0.29023534277894336,0.07763450459933902,0.09577766311705131,0.04577766311705131,0.026834039387320936,0.19201199614122166,0.6618735912145871,0.20727597842989717,0.2174163111003275,0.04349929888832319,0.004147058766953143,0.23312764253117976,0.7192259998135438,0.9999999999999999,0.5413519625853814,0.5562791800121747,0.5459850700316154,240.20161167591513,-6.163958232718869e-13,-2.220446049250313e-16,-1.1657341758564144e-13,2.220446049250313e-16,0.0,1.2217959283189472e-11,4.2202352723563763e-13,1.2258447729118771e-11,5.140740264031329e-12
equilibrium_sigma_1.35,214.0,119.22103115012817,4.3545492218589015,2.391110276543876,2.568,2.788022990858458,1.37120112385555,3.1185006653683063,-0.03745387746063544,2.3850040934030297,-0.006106183140846433,-1.0305366171040773,2.540254903110106,-2.343522788838042,-1.3995040637456733,0.5505006653683062,0.2200229908584581,1.7865492218589014,0.017757522800461667,0.02269762453570287,0.017874888620400382,0.005874888620400382,0.00803286254369619,0.018782762096769545,0.006782762096769545,0.005301398477985941,0.2905299655163648,0.07812490011266798,0.09587488862040039,0.045874888620400386,0.02736373678638372,0.19363765111166537,0.6612058684878381,0.20738535371105632,0.21831168555836414,0.04395421089043382,0.004244957571490006,0.23322042764172313,0.7185804038963529,0.9999999999999999,0.5402627737551842,0.5554622978688266,0.5530881861989031,241.17402686799355,-5.595524044110789e-13,0.0,-1.234568003383174e-13,-1.1102230246251565e-16,0.0,-6.523442896977372e-11,-1.9148814478509024e-12,-6.572114033542853e-11,-2.774672505645448e-11
equilibrium_sigma_1.35,215.0,118.22103115012817,4.372355456818072,2.413891025380905,2.58,2.805947389169981,1.3792466771063756,3.1373429672746553,-0.032104930653308994,2.4371228101266063,0.02323178474570131,-0.9989237533672393,2.5516975212558197,-2.3012120314865676,-1.3655508373625322,0.5573429672746553,0.2259473891699808,1.792355456818072,0.017855309760127197,0.022864053538387812,0.01797427289905728,0.005974272899057279,0.008058405919678775,0.01890230102219448,0.0069023010221944785,0.005396861739725978,0.2908311299971433,0.07861625245761139,0.09597427289905729,0.045974272899057284,0.027905715531729016,0.1952895937494415,0.6605273483451368,0.20749616076402677,0.21922586764073593,0.04441796907460752,0.004345758362106286,0.23331515357655735,0.7179211189867288,0.9999999999999999,0.5391559721878741,0.5546334144766513,0.5603365159857457,242.1458873366702,-5.067057884389214e-13,0.0,-1.3145040611561853e-13,-1.1102230246251565e-16,0.0,-7.511267996473947e-11,-1.835628871127426e-12,-7.599416235182233e-11,-3.2298948238196346e-11
equilibrium_sigma_1.35,216.0,117.22103115012817,4.390260577137969,2.4368387446900934,2.592,2.82397227697851,1.3873182641005488,3.156306199694815,-0.0266594103737261,2.4896223796403203,0.052783634950226865,-0.9672465709470885,2.5631268954066315,-2.2586438085072666,-1.3314809762526199,0.5643061996948151,0.23197227697850975,1.798260577137969,0.017955304029846103,0.023031565740757824,0.018075878183936613,0.006075878183936612,0.008084934535963307,0.019024636879194645,0.007024636879194645,0.005494555888052588,0.2911390247998079,0.0791084800692546,0.09607587818393662,0.04607587818393662,0.028460259424707687,0.19696834754879783,0.6598378157660679,0.20760841832839808,0.22015937994465765,0.04489079282920928,0.004449560248708139,0.23341186938636382,0.7172477775357187,0.9999999999999999,0.5380312071423055,0.5537922790720975,0.5677332684548442,243.11717913573278,-4.583000645652646e-13,-2.220446049250313e-16,-1.3922196728799463e-13,0.0,0.0,5.172172065637248e-11,1.0734260702527365e-12,5.171978123552634e-11,2.2313798378470473e-11
equilibrium_sigma_1.35,217.0,116.22103115012817,4.40826682198332,2.459954518412842,2.604,2.8420999073395596,1.395416883779903,3.1753932013190553,-0.02111505399966429,2.542507627745094,0.08255310933225202,-0.9355062293823102,2.5745427063617656,-2.21581475419438,-1.2972940673986733,0.5713932013190552,0.23809990733955955,1.8042668219833198,0.018057569704388834,0.023200162587029283,0.01817976897079538,0.00617976897079538,0.008112476004653976,0.019149853698330332,0.007149853698330332,0.005594544751907904,0.2914538453660466,0.07960149765013881,0.09617976897079539,0.046179768970795385,0.029027656548075136,0.19867444786778427,0.6591370508572694,0.2077221452309956,0.22111276297273544,0.04537290800709487,0.004556466001868875,0.23351062539220596,0.7165600005988303,1.0,0.5368881199285845,0.5529386326492903,0.5752817145655275,244.0878878917638,-4.1255887595070817e-13,0.0,-1.467714838554457e-13,0.0,0.0,8.787139071930739e-11,1.4398413017424616e-12,8.824568159537804e-11,3.832008495241457e-11
equilibrium_sigma_1.35,218.0,115.22103115012817,4.4263764957631135,2.483239431817714,2.616,2.8603325989979824,1.4035435633260716,3.1946068964066745,-0.015469534026002485,2.5957834743440142,0.11254404252630046,-0.9037039586664628,2.5859446293938166,-2.172721443531228,-1.2629897088434905,0.5786068964066744,0.24433259899798232,1.8103764957631134,0.018162173153896094,0.02336984528682782,0.01828601212168076,0.00628601212168076,0.008141059186330266,0.019278038592140945,0.0072780385921409445,0.005696894256335128,0.2917757943081235,0.08009521606219534,0.09628601212168077,0.046286012121680764,0.02960819912133328,0.20040844220087306,0.6584248287404562,0.20783736037352962,0.22208657584638147,0.045864547137653464,0.004666582191884313,0.2336114732050559,0.7158573974654063,1.0,0.5357263437254149,0.5520722075767001,0.5829851873313614,245.05799878848666,-3.6992631180510216e-13,0.0,-1.5631940186722204e-13,-2.220446049250313e-16,0.0,1.6039121419897384e-11,1.9753990110338293e-13,1.6178974826530634e-11,7.070576762968628e-12
equilibrium_sigma_1.35,219.0,114.22103115012817,4.4445919704320955,2.5066945712656645,2.628,2.8786727387836435,1.4116993594301221,3.213950297951808,-0.009720455914005832,2.6494549362364634,0.14276036497079891,-0.8718410613704579,2.59733233436209,-2.129360390011248,-1.2285675091389194,0.5859502979518081,0.2506727387836434,1.8165919704320954,0.018269183124777544,0.023540614816228808,0.01839467697403354,0.00639467697403354,0.008170714253452126,0.01940928194166247,0.00740928194166247,0.005801672560146187,0.29210508173949556,0.08058954221557413,0.09639467697403355,0.046394676974033544,0.030202183334491022,0.20217089045609254,0.6577009194385901,0.20795408271921367,0.2230813970486043,0.046365949646014704,0.00478001933282422,0.23371446576085658,0.7151395652603045,1.0,0.5345455033944179,0.5511927271937621,0.5908470818940669,246.02749654981943,-3.312905505481467e-13,0.0,-1.6564527527407336e-13,2.220446049250313e-16,0.0,-7.670159646311348e-11,-6.560446630388128e-13,-7.77219053005318e-11,-3.417932083193964e-11
equilibrium_sigma_1.35,220.0,113.22103115012817,4.462915687912267,2.5303210239777014,2.64,2.89712278413862,1.4198853596341796,3.233426510999296,-0.003865355849702823,2.7035271300574233,0.17320610607972187,-0.8399189148096062,2.6087054858481045,-2.085728043321809,-1.1940270866956795,0.5934265109992958,0.25712278413861966,1.8229156879122672,0.018378670841950384,0.023712471920073173,0.018505835454483137,0.006505835454483137,0.008201472755237294,0.019543677509670232,0.007543677509670232,0.005908950091448872,0.2924419256196459,0.08108437895773518,0.09650583545448314,0.04650583545448314,0.030809909158819353,0.20396236523809289,0.6569650877596129,0.2080723312783904,0.2240978252014553,0.04687736208007378,0.004896892031844601,0.2338196573458645,0.7144060885422172,1.0,0.5333452152904777,0.5502999053855123,0.5988708554870066,246.99636542253904,-2.948752353404416e-13,0.0,-1.7497114868092467e-13,-1.1102230246251565e-16,0.0,-9.062538566806388e-11,-4.628693262009875e-13,-9.226179889521013e-11,-4.082161865481826e-11
equilibrium_sigma_1.35,221.0,112.22103115012817,4.481350162620771,2.5541198778055785,2.652,2.915685265763305,1.4281026837400241,3.2530387361104722,0.0020983015854185716,2.7580052753592845,0.20388539755370605,-0.8079389732583011,2.6200637433151375,-2.0418207869002805,-1.1593680690316712,0.6010387361104721,0.26368526576330487,1.8293501626207709,0.018490710115816295,0.02388541711563941,0.018619562198763533,0.006619562198763532,0.008233367685265149,0.019681322598330553,0.007681322598330553,0.006018799645346462,0.29278655211746524,0.08157962496193008,0.09661956219876354,0.04661956219876354,0.0314316801328636,0.20578345213675023,0.6562170931779052,0.2081921250930769,0.22513647987856375,0.047399038345488906,0.005017319143874658,0.23392710362031244,0.7136565388903241,1.0,0.5321250870683774,0.5493934461343642,0.6070600272843201,247.96458915821904,-2.6290081223123707e-13,-2.220446049250313e-16,-1.8474111129762605e-13,0.0,0.0,5.965981528244235e-11,1.6015314074913078e-13,6.003179550684301e-11,2.693216830107481e-11
equilibrium_sigma_1.35,222.0,111.22103115012817,4.499897984128583,2.5780922210068753,2.664,2.9343627904076346,1.4363524852965164,3.272790272994461,0.008173125842702245,2.8128946978555054,0.2348024768486301,-0.7759027702108412,2.6314067612936616,-1.997634935338274,-1.1245900919050276,0.6087902729944608,0.27036279040763445,1.8358979841285827,0.01860537745092246,0.024059450697872402,0.018735934677041065,0.0067359346770410645,0.008266433550752312,0.019822318220175106,0.007822318220175106,0.006131296501621364,0.29313919599103355,0.08207517461639052,0.09673593467704107,0.04673593467704107,0.03206780312202341,0.2076347500218115,0.6554566897132633,0.20831348322040238,0.22619800245573715,0.04793123994907071,0.005141423931876348,0.23403686163149925,0.7128904744875537,1.0,0.5308847174853862,0.5484730430475728,0.6154181781192192,248.93215099471183,-2.3225865675158275e-13,-2.220446049250313e-16,-1.9539925233402755e-13,2.220446049250313e-16,0.0,1.0567610675416006e-10,-1.9081958235744878e-14,1.0684096662938458e-10,4.8206078018253606e-11
equilibrium_sigma_1.35,223.0,110.22103115012817,4.518561819929735,2.6022391420257067,2.676,2.9531580437872957,1.4446359531574047,3.292684524302877,0.01436180292812761,2.868200832821279,0.2659616907955722,-0.7438119206928171,2.6427341895948295,-1.9531667316494188,-1.089692798331006,0.6166845243028769,0.2771580437872956,1.8425618199297347,0.018722752161201853,0.024234572746239923,0.01885503332656454,0.006855033326564539,0.008300706445224626,0.019966769253532135,0.007966769253532135,0.00624651848912805,0.2935001009895895,0.08257091791290228,0.09685503332656455,0.046855033326564544,0.032718588049737665,0.2095168713430289,0.6546836258076225,0.2084364247148346,0.22728305699974338,0.048474236250694705,0.005269334232768768,0.2341489898282504,0.7121074396882862,1.0,0.5296236962001706,0.5475383788594956,0.6239489500687689,249.89903363671746,-2.05613304160579e-13,-2.220446049250313e-16,-2.049471703458039e-13,2.220446049250313e-16,0.0,2.099115672948848e-11,-5.6919746693751e-14,2.1326551635780788e-11,9.67527447048866e-12
equilibrium_sigma_1.35,224.0,109.22103115012817,4.537344418286016,2.6265617292811907,2.688,2.9720737935917443,1.4529543130937612,3.312724999580254,0.02066709800668809,2.923929228639828,0.2973674993586375,-0.7116681236295692,2.654045673554378,-1.9084123444290708,-1.0546758374860676,0.6247249995802537,0.2840737935917441,1.8493444182860155,0.01884291649893817,0.024410783133234977,0.018976941694465073,0.006976941694465073,0.008336224127273244,0.020114784651248385,0.008114784651248385,0.006364546123460713,0.2938695202862578,0.08306674033243215,0.09697694169446508,0.04697694169446508,0.03338434759813136,0.21143044243488832,0.6538976441998922,0.20856096860907122,0.2283923311944271,0.04902830472377335,0.00540118262905611,0.23426354809399222,0.7113069645531783,1.0,0.5283416035686248,0.5465891249079087,0.6326560459079976,250.86521923474254,-1.7985612998927536e-13,0.0,-2.1538326677728037e-13,0.0,0.0,-9.068379727694698e-11,4.441134959787263e-13,-9.259733951827442e-11,-4.2228835012148025e-11
equilibrium_sigma_1.35,225.0,108.22103115012817,4.556248611223559,2.6510610709657585,2.7,2.9911128926623185,1.4613088294959384,3.332915319407837,0.027091858120652734,2.9800855505438237,0.32902447957806524,-0.6794731642648548,2.665340854309005,-1.8633678648364487,-1.0195388634693636,0.6329153194078367,0.2911128926623183,1.8562486112235588,0.01896595578594107,0.02458808153490754,0.019101746587152836,0.007101746587152836,0.008373026101218563,0.02026647757613631,0.00826647757613631,0.00648546267578709,0.2942477169307662,0.08356252273214032,0.09710174658715284,0.04710174658715284,0.03406539687630998,0.21337610382762148,0.6530984817982102,0.20868713389363672,0.22952653731076267,0.04959373122508351,0.00553710662646545,0.2343805977674523,0.7104885643809988,1.0,0.5270380104354936,0.5456249405820335,0.6415432283980192,251.83068936353558,-1.5765166949677223e-13,0.0,-2.2604140781368187e-13,-1.1102230246251565e-16,0.0,-1.0994062604741117e-10,7.402897739261505e-13,-1.1284390089016938e-10,-5.1718072532902504e-11
equilibrium_sigma_1.35,226.0,107.22103115012817,4.575277317665972,2.675738254855054,2.712,3.0102782823264715,1.4697008071588769,3.3532592197418083,0.033639015018517515,3.036675584551281,0.36093732969622705,-0.6472289166337721,2.676619369107762,-1.8180293034096602,-0.9842815339176334,0.6412592197418081,0.29827828232647136,1.8632773176659714,0.01909195855106112,0.024766467443544472,0.01922953822809626,0.007229538228096261,0.00841115370119698,0.02042196565632537,0.008421965656325369,0.0066093543105161245,0.2946349643275644,0.08405814123272218,0.09722953822809627,0.047229538228096266,0.03476205305405088,0.21535451056403487,0.6522858695498093,0.20881493949507976,0.23068641322148928,0.0501708102741377,0.005677248837685527,0.23450020166054428,0.7096517392276326,1.0000000000000002,0.5257124779220966,0.5446454727411739,0.650614319402203,252.79542499959953,-1.3633538742396922e-13,-2.220446049250313e-16,-2.382538610845586e-13,0.0,0.0,6.908965413665591e-11,-5.509516454171859e-13,7.009140490232824e-11,3.252779122442373e-11
equilibrium_sigma_1.35,227.0,106.22103115012817,4.594433546733314,2.7005943681313953,2.724,3.029572995920225,1.4781315931652796,3.37376055646551,0.04031158810855917,3.0937052416204303,0.39311087348903495,-0.6149373460880434,2.687880851660938,-1.772392586683869,-0.9489035084550524,0.6497605564655098,0.3055729959202247,1.870433546733314,0.019221016670485036,0.02494594018278008,0.019360410423254572,0.0073604104232545715,0.00845065017745993,0.020581371149575034,0.008581371149575034,0.006736310189658923,0.29503154673713505,0.0845534671077267,0.09736041042325458,0.047360410423254576,0.03547463495873551,0.21736633252274337,0.6514595323082509,0.20894440425273456,0.23187272346404164,0.05075984534261056,0.005821757172409445,0.23462242406287165,0.7087959734221084,1.0000000000000002,0.5243645572097618,0.5436503551021993,0.6598731988087918,253.759406498089,-1.1901590823981678e-13,-2.220446049250313e-16,-2.4846791291111003e-13,0.0,0.0,1.2784502970153433e-10,-1.1778217290370208e-12,1.3038231952422485e-10,6.077467175347184e-11
equilibrium_sigma_1.35,228.0,105.22103115012817,4.613720401185967,2.725630497223366,2.736,3.049000162478297,1.4866025788572825,3.3944233101554504,0.04711268753204001,3.151180562021771,0.4255500647984052,-0.5826005118794022,2.6991249325293194,-1.7264535536282912,-0.9134044469751601,0.6584233101554502,0.31300016247829676,1.8777204011859667,0.019353225516361913,0.025126498925251636,0.019494460736412207,0.007494460736412207,0.008491560786829524,0.020744821191964746,0.008744821191964746,0.006866422621598645,0.29543775980730974,0.08504836667337184,0.09749446073641221,0.04749446073641221,0.03620346263300532,0.21941225474720916,0.650619188698276,0.2090755468939262,0.23308626035220062,0.051361149153995984,0.005970785033739539,0.23474733074606116,0.7079207350662032,0.9999999999999999,0.5229937893193698,0.5426392075947293,0.6693238032546741,254.72261356858422,-1.0258460747536446e-13,0.0,-2.6068036618198676e-13,2.220446049250313e-16,0.0,2.7440213296037186e-11,-2.768098250616191e-13,2.8136850488413856e-11,1.3169004081658997e-11
equilibrium_sigma_1.35,229.0,104.22103115012817,4.633141080968578,2.7508477276649295,2.748,3.0685630105492514,1.4951152018753746,3.4152515910516286,0.05404551734214502,3.2091077199140687,0.45825999224913927,-0.5502205698109299,2.7103512395570535,-1.6802079519396305,-0.8777840077595974,0.6672515910516283,0.3205630105492512,1.8851410809685776,0.01948868412311411,0.025308142712822543,0.019631790678126072,0.007631790678126072,0.008533932890788954,0.02091244802659986,0.008912448026599861,0.006999787156569681,0.2958539111458366,0.08554270117574105,0.09763179067812608,0.047631790678126076,0.03694885685034361,0.22149297777939062,0.6497645509787614,0.20920838600746222,0.2343278451352962,0.05197504399350743,0.006124491520912906,0.2348749889902951,0.7070254754952845,0.9999999999999999,0.5215997048878083,0.5416116356831453,0.6789701246539809,255.6850252488543,-8.970602038971265e-14,-2.220446049250313e-16,-2.717825964282383e-13,0.0,0.0,-1.0786265283724283e-10,1.1427733759283853e-12,-1.1121806253733268e-10,-5.22498225241641e-11
equilibrium_sigma_1.35,230.0,103.22103115012817,4.652698886948019,2.776247143976253,2.7600000000000002,3.088264872233127,1.5036709483089754,3.4362496442794024,0.061113378827641895,3.267493028185327,0.4912458842090741,-0.5177997749465821,2.721559398350776,-1.6336514341043116,-0.8420418453935689,0.6762496442794022,0.32826487223312695,1.8926988869480188,0.019627495357262728,0.02549087047991833,0.01977250590403456,0.007772505904034558,0.008577816056116978,0.02108438923231759,0.00908438923231759,0.007136502739868433,0.29628032092131684,0.08603632668093383,0.09777250590403457,0.04777250590403456,0.03771113858636749,0.2236092180000686,0.6488953249029347,0.20934294001545833,0.23559832921323703,0.052601862029201356,0.0062830416386949195,0.235005467594838,0.7061096287372658,1.0,0.5201818239399539,0.5405672296526332,0.6888162084852746,256.6466198779216,-7.549516567451064e-14,0.0,-2.828848266744899e-13,0.0,0.0,-1.3417666977488807e-10,1.4389670011105693e-12,-1.3914613211651883e-10,-6.55929980469816e-11
equilibrium_sigma_1.35,231.0,102.22103115012817,4.6723972248281616,2.8018298295694137,2.7720000000000002,3.108109187426362,1.5122713549511346,3.457421855325799,0.0683196739783245,3.3263429435611997,0.524513113991786,-0.4853404843846927,2.732749032808375,-1.5867795532410813,-0.806177608471591,0.6854218553257989,0.336109187426362,1.9003972248281613,0.01976976609579492,0.02567468108015001,0.019916716424786617,0.007916716424786616,0.008623262159903763,0.021260788019006327,0.009260788019006327,0.007276671880607211,0.2967173224993534,0.08652909396688817,0.09791671642478662,0.04791671642478662,0.03849062844297625,0.225761707975308,0.648011209576068,0.20947922714337347,0.23689859540831573,0.0532419456445641,0.006446606513475952,0.23513883688387274,0.7051726109580871,0.9999999999999999,0.5187396556565436,0.5395055638579171,0.6988661518286683,257.6073750679526,-6.483702463810914e-14,-2.220446049250313e-16,-2.9554136915521667e-13,-1.1102230246251565e-16,0.0,8.035309570497695e-11,-8.758480052328821e-13,8.236256468507896e-11,3.925391955927893e-11
equilibrium_sigma_1.35,232.0,101.22103115012817,4.69223960927698,2.8275968666821405,2.7840000000000003,3.128099508313812,1.5209180116752221,3.4787727557952683,0.07566790910972188,3.385664072012527,0.5580672053303863,-0.4528451600930543,2.7439197657006287,-1.5395877586866695,-0.7701909370685155,0.6947727557952681,0.34409950831381186,1.9082396092769796,0.019915607408942076,0.025859573316621247,0.020064536826893402,0.008064536826893402,0.008670325497577454,0.021441793456311586,0.009441793456311586,0.007420400740532074,0.2971652631117982,0.08702084841892328,0.09806453682689341,0.048064536826893406,0.039287646022691886,0.22795119680977305,0.6471118973103562,0.20961726538820666,0.2382295592984178,0.05389564778318597,0.006615363616256995,0.2352751686950663,0.7042138199054908,1.0,0.517272698137452,0.5384261959325964,0.7091241011249158,258.567267675323,-5.46229728115577e-14,0.0,-3.0597746558669314e-13,-1.1102230246251565e-16,0.0,1.5566870709138314e-10,-1.6246483325321748e-12,1.6049282042240876e-10,7.670091124734046e-11
equilibrium_sigma_1.35,233.0,100.22103115012817,4.712229668244894,2.853549336343674,2.7960000000000003,3.1482395040877376,1.529612563923465,3.5003070294475673,0.08316169864321088,3.4454631744646647,0.5919138381209907,-0.42031637181338954,2.755071219309514,-1.4920713913400503,-0.7340814599699138,0.7043070294475671,0.3522395040877373,1.9162296682448936,0.020065134753661965,0.02604554597610067,0.020216086507184323,0.008216086507184323,0.008719062896133098,0.021627560791159794,0.009627560791159794,0.007567799351626547,0.2976245045672252,0.08751142992736236,0.09821608650718433,0.04821608650718433,0.04010250925003923,0.23017845050625219,0.6461970734772468,0.20975707248471703,0.2395921706124875,0.05456333230576429,0.006789496992508857,0.23541453636535553,0.7032326343363714,1.0,0.515780438160811,0.5373286659576906,0.7195942496475671,259.52627377029603,-4.618527782440651e-14,-2.220446049250313e-16,-3.177458296477198e-13,0.0,0.0,3.589050931451787e-11,-3.442593432545493e-13,3.722546229600887e-11,1.7832341506207605e-11
equilibrium_sigma_1.35,234.0,99.22103115012817,4.73237114741706,2.8796883183775774,2.8080000000000003,3.168532965838925,1.5383567152789233,3.5220295185062005,0.09080476902392132,3.505747172792651,0.6260588544150734,-0.38775680004994273,2.7662030161274913,-1.4442256788152061,-0.6978487916684438,0.7140295185062002,0.3605329658389249,1.9243711474170602,0.02021846819010549,0.026232597867090632,0.020371489925762397,0.008371489925762397,0.00876953383708342,0.02181825176084118,0.009818251760841178,0.007718981764881505,0.2980954240174618,0.08800067278306822,0.0983714899257624,0.0483714899257624,0.04093553363638659,0.2324442523297746,0.6452664163578814,0.20989866586946582,0.24098741468658205,0.05524537435939116,0.00696919749871357,0.2355570147430114,0.7022284133988839,1.0,0.5142623509390509,0.5362124955884633,0.730280834693186,260.4843686041838,-3.8191672047105385e-14,-2.220446049250313e-16,-3.297362383136715e-13,2.220446049250313e-16,0.0,-1.2914079181025606e-10,1.0796918914479647e-12,-1.3477197136069208e-10,-6.468707340612223e-11
equilibrium_sigma_1.35,235.0,98.22103115012817,4.7526679149158655,2.906014891444578,2.82,3.1889838117423968,1.5471522301775855,3.5439452302973633,0.0986009628255684,3.566523156179749,0.6605082647351708,-0.3551692391284864,2.7773147796211064,-1.396045730290477,-0.6614925290714873,0.7239452302973635,0.3689838117423969,1.9326679149158656,0.02037573260353305,0.026420727862565333,0.020530876872389685,0.008530876872389685,0.008821800582909604,0.02201403491719489,0.010014034917194891,0.007874066250135314,0.2985784147648172,0.08848840557806659,0.09853087687238969,0.04853087687238969,0.04178703148566586,0.23474940317895682,0.6443195969905693,0.21004206264274247,0.24241631399097444,0.05594216076037467,0.007154663045970412,0.23570268017855966,0.7012004960150953,1.0,0.512717899870099,0.5350771871362218,0.7411881344296597,261.4415265755816,-3.2862601528904634e-14,0.0,-3.4017233474514796e-13,0.0,0.0,-1.6483692535929073e-10,1.1111910003247516e-12,-1.7311996627911164e-10,-8.322129964322134e-11
equilibrium_sigma_1.35,236.0,97.22103115012817,4.773123966234514,2.932530133130433,2.832,3.2095960925216978,1.556000936751524,3.5660593442251933,0.10655424304006278,3.627798387846111,0.6952682547156779,-0.32255660033410916,2.7884061350633083,-1.3475265310671303,-0.6250122479100655,0.7340593442251935,0.3775960925216979,1.9411239662345139,0.020537057937860856,0.02660993494763524,0.02069438274921325,0.008694382749213251,0.008875928309277172,0.022215085939691903,0.010215085939691903,0.008033175415977922,0.29907388711882804,0.08897445110967706,0.09869438274921326,0.048694382749213255,0.04265731103745123,0.23709472196393966,0.6433562790155521,0.2101872795282252,0.24387992972959333,0.056654090390886466,0.007346098850588596,0.23585161050799153,0.7001482002505335,1.0,0.5111465362841604,0.5339222226035679,0.7523204643906348,262.3977211951044,-2.6201263381153694e-14,0.0,-3.4994229736184934e-13,2.220446049250313e-16,0.0,9.388324492820566e-11,-5.639863576156756e-13,9.745611956324396e-11,4.72911588361713e-11
equilibrium_sigma_1.35,237.0,96.22103115012817,4.793743429445247,2.9592351200839007,2.844,3.230373997241882,1.5649047298252525,3.5883772191157473,0.11466869757430187,3.6895803121897734,0.7303451921058728,-0.28992191512513,2.7994767104385807,-1.2986629367896938,-0.5884074988147845,0.7443772191157474,0.38637399724188226,1.9497434294452467,0.020702579436015722,0.026800218272695128,0.020862148869247914,0.008862148869247913,0.00893198524146812,0.022421588043997076,0.010421588043997076,0.008196436502849735,0.29958226930075127,0.08945862629069791,0.09886214886924792,0.04886214886924792,0.043546675544217636,0.23948104599186107,0.6423761185166763,0.21033433283031946,0.24537936351759979,0.057381574610229406,0.007543717691794687,0.2360038850130922,0.6990708226848839,1.0000000000000002,0.5095476991854531,0.5327470626707094,0.7636821735802939,263.35292504902304,-2.220446049250313e-14,0.0,-3.601563491884008e-13,0.0,0.0,1.9088552960511151e-10,-7.28809373962136e-13,1.994315684816783e-10,9.685532237346806e-11
equilibrium_sigma_1.35,238.0,95.22103115012817,4.814530570661849,2.986130928210839,2.856,3.2513218594128728,1.5738655740547334,3.6109044009369486,0.12294854395234456,3.751876562349022,0.7657456341381828,-0.25726833843389363,2.8105261374257955,-1.249449667342391,-0.5516778030479926,0.7549044009369488,0.3953218594128729,1.958530570661849,0.02087243789428178,0.026991577212343378,0.021034322773889384,0.009034322773889384,0.008990042797531593,0.022633732335020085,0.010633732335020084,0.008363981520709274,0.30010400840572543,0.08994074206383852,0.09903432277388939,0.04903432277388939,0.0444554222789455,0.24190923135918632,0.6413787638602454,0.2104832383890142,0.24691575913850616,0.05812503768104604,0.007747740176401152,0.23615958437471396,0.6979676377678389,1.0,0.5079208149893452,0.531551145631239,0.7752776401749796,264.30710976117814,-1.7763568394002505e-14,-2.220446049250313e-16,-3.6992631180510216e-13,2.220446049250313e-16,0.0,4.703717970677701e-11,-5.83630366257637e-14,4.94704312237193e-11,2.4035209586492634e-11
equilibrium_sigma_1.35,239.0,94.22103115012817,4.835489799683146,3.013218632930619,2.868,3.272444163332667,1.582885507171429,3.633646630880383,0.13139813420078061,3.8146949681663003,0.8014763352356811,-0.22459915207632575,2.8215540524644283,-1.1998813004879674,-0.5148226479011798,0.7656466308803833,0.4044441633326672,1.9674897996831464,0.021046779946794977,0.027184011430123823,0.02121105857594586,0.009211058575945858,0.009050175744032034,0.022851718224359274,0.010851718224359274,0.008535947497723129,0.30063957144226017,0.09042060331483906,0.09921105857594587,0.04921105857594586,0.04538384146858894,0.24438015334868168,0.6403638555319674,0.2106340115319961,0.24849030437837424,0.05888491721033461,0.007958395009980015,0.23631879065673825,0.6968378971229471,0.9999999999999999,0.5062652972563833,0.5303338862765802,0.7871112668288861,265.2602459517383,-1.509903313490213e-14,0.0,-3.779199175824033e-13,0.0,0.0,-1.55723236389127e-10,-2.686809108531918e-13,-1.6490140156144584e-10,-8.011323028578321e-11
equilibrium_sigma_1.35,240.0,93.22103115012817,4.856625675962416,3.0404993095002784,2.88,3.2937455508259497,1.5919666434039017,3.6566098538821543,0.14002195998013622,3.87804356465479,0.8375442551545116,-0.1919177682514035,2.8325600979081758,-1.1499522651043508,-0.4778414816823143,0.7766098538821544,0.41374555082594977,1.9766256759624161,0.021225758358380226,0.027377520950182595,0.021392517322199274,0.009392517322199274,0.009112462356799751,0.023075753876611316,0.011075753876611315,0.00871247672895592,0.3011894464309069,0.09089800879348879,0.09939251732219928,0.04939251732219928,0.04633221515058405,0.24689470683453105,0.6393310259705575,0.21078666702411117,0.25010423295038187,0.05966166460689856,0.008175919274942815,0.2364815872614563,0.6956808288567023,1.0,0.5045805464208641,0.5290946747252634,0.7991874755069129,266.21230319472704,-1.1102230246251565e-14,-2.220446049250313e-16,-3.863576125695545e-13,0.0,0.0,-2.03965608291945e-10,-1.0366013603047008e-12,-2.175115053348886e-10,-1.0562016365678328e-10
equilibrium_sigma_1.35,241.0,92.22103115012817,4.877942914881873,3.0679740334137273,2.892,3.315230828362047,1.6011111770663886,3.6798002275931196,0.14882465796185862,3.9419306009809016,0.8739565675671743,-0.1592277331428531,2.8435439232715485,-1.0996568340323705,-0.4407337082775491,0.7878002275931197,0.4232308283620472,1.9859429148818735,0.021409532333395848,0.02757210623622646,0.021578867379312548,0.009578867379312548,0.00917698458949866,0.023306056675664877,0.011306056675664877,0.008893717020619363,0.3017541435736744,0.0913727510405988,0.09957886737931256,0.04957886737931255,0.047300815948185734,0.24945380669486045,0.6382798993982962,0.21094121901399354,0.25175882651143666,0.060455745555606254,0.008400558715242272,0.23664805887234136,0.6944956368568102,1.0,0.5028659495144435,0.5278328751954658,0.8115107018288487,267.1632499736375,-8.43769498715119e-15,0.0,-3.934630399271555e-13,0.0,0.0,1.1023176121893741e-10,7.201426954761558e-13,1.1618617179465218e-10,5.6862441838445577e-11
equilibrium_sigma_1.35,242.0,91.22103115012817,4.899446394386144,3.095643880884198,2.904,3.336904974616536,1.6103213863420234,3.703224131841332,0.15781101548024612,4.0063645500199065,0.9107206691357086,-0.12653273062050108,2.8545051865745266,-1.048989116473256,-0.4034986812398725,0.7992241318413322,0.4329049746165361,1.9954463943861445,0.021598267834959772,0.02776776827857062,0.02177028484278864,0.009770284842788638,0.009243828248312803,0.0235428536576876,0.011542853657687601,0.009079821916557762,0.3023341964932989,0.09184461632406203,0.09977028484278865,0.04977028484278864,0.04828990576100696,0.25205838823298105,0.637210091648009,0.21109768097779963,0.2534554167780562,0.061267640509484314,0.008632568027696207,0.2368182913656832,0.6932815000971363,1.0,0.5011208798839026,0.5265478247182082,0.824085388880103,268.1130536355781,-8.43769498715119e-15,-2.220446049250313e-16,-4.0034642267983145e-13,0.0,0.0,2.358650184886013e-10,2.4563094613849756e-12,2.5038990672521244e-10,1.2239150144754962e-10
equilibrium_sigma_1.35,243.0,90.22103115012817,4.921141161956658,3.1235099294184345,2.916,3.3587731484623156,1.6195996372505181,3.7268881786009858,0.16698597646125268,4.071354118503407,0.947844189084972,-0.09383658605639056,2.865443555791395,-0.9979430499471418,-0.3661356973860474,0.8108881786009858,0.44277314846231564,2.0051411619566584,0.021792137922794358,0.02796450868973344,0.021966953973078886,0.009966953973078885,0.009313083175630898,0.02378638212396922,0.011786382123969218,0.009270951069062505,0.3029301635547845,0.09231338458204112,0.09996695397307889,0.04996695397307889,0.04929973436625677,0.2547094076066815,0.636121209986737,0.2112560656598601,0.25519538774360273,0.06209784520009289,0.008872211159536916,0.23699237170817705,0.6920375719321932,1.0,0.49934469690352334,0.5252388317895933,0.8369159804698442,269.06168034326885,-5.773159728050814e-15,0.0,-4.0456527017340704e-13,0.0,0.0,6.185098613831208e-11,9.077322227213358e-13,6.614537736981951e-11,3.2277420319859473e-11
equilibrium_sigma_1.35,244.0,89.22103115012817,4.943032441833113,3.1515732584899454,2.928,3.3808406972994574,1.6289483877509534,3.7507992224508726,0.17635464760035324,4.136908257733104,0.9853349992431588,-0.06114327028800437,2.8763587104110617,-0.9465123919005642,-0.32864398991347965,0.8227992224508727,0.4528406972994574,2.015032441833113,0.021991323131044876,0.02816232980867748,0.022169067667517438,0.010169067667517438,0.00938484345041744,0.024036890082790308,0.012036890082790307,0.009467270423169083,0.3035426292955074,0.09277882936587681,0.10016906766751744,0.05016906766751744,0.05033053792517678,0.25740784226250824,0.6350128529373623,0.2114163850099154,0.2569801779931402,0.06294687116589157,0.00911976161128117,0.23717038788960107,0.6907629793332262,1.0,0.49753674568411943,0.5239051749617271,0.8500069138478453,270.0090950230686,-3.1086244689504383e-15,0.0,-4.0967229608668276e-13,0.0,0.0,-1.8923794475877997e-10,-3.656377284277923e-12,-2.0391635602301506e-10,-9.929331662439367e-11
equilibrium_sigma_1.35,245.0,88.22103115012817,4.965125642664025,3.1798349503214114,2.94,3.403113165923791,1.6383701920728038,3.7749643716233177,0.18592230487120753,4.203036174996309,1.0232012246748976,-0.028456903703194758,2.887250343113455,-0.8946907107740512,-0.2910227209325431,0.8349643716233177,0.46311316592379104,2.0251256426640247,0.022196011858821627,0.028361234815245096,0.022376827961116237,0.010376827961116237,0.009459207596013295,0.02429463695108325,0.012294636951083248,0.009668952656305407,0.3041722059427765,0.0932407177945136,0.10037682796111624,0.05037682796111624,0.05138253739187663,0.26015469137984754,0.6338846100962033,0.21157865011706756,0.25881128313282153,0.06381524630078951,0.009375502745307426,0.23735242881594437,0.6894568221379588,1.0000000000000002,0.49569635677550206,0.5225461013680242,0.86336261178277,270.9552613113645,-3.1086244689504383e-15,-2.220446049250313e-16,-4.1233683134578314e-13,-2.220446049250313e-16,0.0,-2.5437043790765834e-10,-6.193118934350039e-12,-2.762498910180433e-10,-1.341644278313181e-10
equilibrium_sigma_1.35,246.0,87.22103115012817,4.987426365564397,3.2082960907866247,2.952,3.425596305919886,1.6478677052633197,3.7993909996611066,0.1956944003679406,4.269747345706124,1.0614512549194992,0.0042182395348864254,2.898118161568905,-0.8424713765425051,-0.25327097338991106,0.8473909996611066,0.473596305919886,2.0354263655643967,0.02240640078305743,0.028561227855380907,0.02259044656134262,0.010590446561342618,0.0095362787989196,0.024559894085118827,0.012559894085118827,0.009876177435863553,0.3048195350343716,0.09369881051803432,0.10059044656134263,0.05059044656134262,0.05245593681970812,0.2629509763240018,0.6327360619469193,0.2117428711402317,0.2606902583358364,0.06470351542336918,0.009639728099499133,0.2375385841819254,0.6881181722952063,1.0,0.49382284586291875,0.521160825181549,0.8769874739822094,271.9001414985057,-2.220446049250313e-15,-2.220446049250313e-16,-4.1300296516055823e-13,0.0,0.0,1.3010477070696247e-10,3.420774080664657e-12,1.3965129053161718e-10,6.825609348559691e-11
equilibrium_sigma_1.35,247.0,86.22103115012817,5.0099404126738145,3.236957770445936,2.964,3.4482960856924576,1.6574436880004764,3.8240867577513025,0.20567656953101787,4.337051526361908,1.1000937559159718,0.03687772713152082,2.908961890366141,-0.789847550619717,-0.21538774230361937,0.8600867577513025,0.48429608569245763,2.0459404126738145,0.022622695282037822,0.028762314178427506,0.022810145415723702,0.010810145415723702,0.009616165135205319,0.02483294549326942,0.01283294549326942,0.01008913181221871,0.30548528913855666,0.0941528616960079,0.10081014541572371,0.050810145415723706,0.05355092156165531,0.26579774111100213,0.631566779669592,0.21190905723507386,0.2626187210158615,0.06561224086843008,0.009912741705878945,0.23772894428673746,0.6867460731389535,1.0,0.4919155134556285,0.5197485260034238,0.8908858677904562,272.84369647115193,-1.7763568394002505e-15,0.0,-4.1300296516055823e-13,0.0,0.0,-7.585929800990598e-11,-2.5505465794939397e-12,-8.289298067398754e-11,-4.018610617884111e-11
equilibrium_sigma_1.35,248.0,85.22103115012817,5.0326737960657875,3.2658210857225654,2.976,3.471218700975058,1.6671010115894915,3.84905958770241,0.21587463871008739,4.404958768278384,1.1391376825558184,0.06951696411502706,2.91978127307837,-0.736812175278068,-0.17737192534361335,0.8730595877024099,0.49521870097505793,2.0566737960657875,0.02284510990557527,0.028964500286433152,0.023036157325341027,0.011036157325341026,0.009698979816238927,0.02511408852212682,0.01311408852212682,0.010308010609527685,0.30617017371315464,0.09460261897871697,0.10103615732534103,0.05103615732534103,0.054667656357737425,0.2686960528792077,0.6303763249470217,0.21207721647696084,0.2645983536202026,0.06654200310008636,0.010194858412570765,0.23792359987953154,0.6853395386078114,1.0,0.4899736445709308,0.5183083471820245,0.9050621181900386,273.7858856502969,-1.7763568394002505e-15,-2.220446049250313e-16,-4.11448652926083e-13,2.220446049250313e-16,0.0,9.101193756966275e-11,3.3651380293431288e-12,9.894737112992047e-11,4.8093942023319514e-11
equilibrium_sigma_1.35,249.0,84.22103115012817,5.055632747144169,3.294887140234901,2.988,3.4943705859862493,1.6768426632156186,3.874317735655454,0.22629463313248088,4.473479432207473,1.1785922919725715,0.1021311881194702,2.9305760744730875,-0.6833579624288306,-0.13922231265308468,0.8863177356554539,0.5063705859862493,2.067632747144169,0.023073868871483008,0.029167794097129517,0.02326872660131491,0.01126872660131491,0.009784841448132978,0.025403634626997018,0.013403634626997018,0.010533016845393206,0.30687492909489367,0.09504782349981442,0.10126872660131492,0.051268726601314915,0.05580628330619661,0.2716470023715013,0.6291642497666685,0.21224735577996026,0.26663090655664934,0.06749340134845787,0.010486404208984829,0.23812264197342325,0.6838975524691341,1.0,0.4879965084110941,0.5168393940597981,0.9195204970274128,274.72666692643907,-1.7763568394002505e-15,0.0,-4.0745185003743245e-13,0.0,0.0,1.3432772255628223e-11,5.794253965518692e-13,1.4726754538063602e-11,7.128077642026831e-12
equilibrium_sigma_1.35,250.0,83.22103115012817,5.07882372660146,3.3241570463015884,3.0,3.5177584253270178,1.686671751492585,3.8998697665972872,0.23694278532392676,4.5426242039477795,1.2184671576461912,0.1347154644948665,2.941346082872194,-0.6294773816705339,-0.10093757582978923,0.8998697665972872,0.5177584253270178,2.0788237266014598,0.02330920658237641,0.02937220512198412,0.023508109765377393,0.011508109765377392,0.00987387430331535,0.02570191016459944,0.01370191016459944,0.010764362152748674,0.30760033262235575,0.09548820988449545,0.1015081097653774,0.0515081097653774,0.056966919714504606,0.27465170443037096,0.6279300962173032,0.21241948081182016,0.2687182012637935,0.06846705427157845,0.010787716553736282,0.23832616160522466,0.6824190675694607,1.0,0.48598335803165144,0.5153407321453919,0.9342652114041334,275.66599659237545,-1.3322676295501878e-15,0.0,-4.0323300254385686e-13,0.0,0.0,-1.014216349792818e-10,-5.036270012137578e-12,-1.1215766163030771e-10,-5.40338589843925e-11
equilibrium_sigma_1.35,251.0,82.22103115012817,5.102253434828061,3.3536319266280863,3.012,3.541389166501962,1.696591512243919,3.925724579665343,0.2478255439532666,4.6124041109187015,1.2587721842906152,0.1672646811880818,2.95209111267245,-0.5751626477186258,-0.06251625607771835,0.913724579665343,0.5293891665019621,2.090253434828061,0.023551368193475405,0.02957774465966554,0.023754576306625676,0.011754576306625675,0.009966208614184631,0.026009257265702246,0.014009257265702246,0.011002267301662982,0.30834720092916873,0.09592350626351209,0.10175457630662568,0.05175457630662568,0.058149655823121024,0.27771129850177995,0.6266733962820465,0.21259359590448484,0.27086213341964055,0.06946360064212745,0.011099144703360262,0.23853424961159642,0.6809030050429159,1.0,0.48393343000380734,0.5138113852118794,0.9493003912429961,276.6038292713819,-8.881784197001252e-16,0.0,-3.965716643961059e-13,-1.1102230246251565e-16,0.0,6.330916693664257e-11,3.3792829645662437e-12,6.967019322567936e-11,3.362037384602168e-11
equilibrium_sigma_1.35,252.0,81.22103115012817,5.125928822983662,3.3833129161990683,3.024,3.565270033319126,1.7066053146302496,3.951891424377539,0.25894958320642925,4.682830539888728,1.2995176236896602,0.1997735434263581,2.962811007031255,-0.5204057069740108,-0.023956751374493053,0.9278914243775391,0.541270033319126,2.1019288229836617,0.023800610199664007,0.029784426007309732,0.024008409488798656,0.012008409488798655,0.010061980879454195,0.02632603471219852,0.01432603471219852,0.011246962643429725,0.309116392390299,0.09635343430672251,0.10200840948879866,0.05200840948879866,0.05935455239987513,0.2808269491546692,0.6253936716249896,0.21276970396031933,0.2730646763090094,0.07048370006216284,0.011421050041930567,0.23874699633037028,0.6793482535655363,1.0,0.4818459440663716,0.5122503333170947,0.9646300759183608,277.54011784315423,4.440892098500626e-16,0.0,-3.89910326248355e-13,0.0,0.0,7.011078523300185e-11,4.233599582015302e-12,7.784811337230302e-11,3.736431650191996e-11
equilibrium_sigma_1.35,253.0,80.22103115012817,5.149857104694166,3.4132011643931017,3.036,3.5894085401440066,1.716716667601771,3.978379917816504,0.27032181269619837,4.753915255895434,1.3407140915023321,0.23223656816613625,2.9735056407267364,-0.4651982232546723,0.014742697384988455,0.942379917816504,0.5534085401440065,2.113857104694166,0.024057201058542088,0.02999226469062314,0.024269907217112745,0.012269907217112744,0.010161334189247782,0.026652618976275022,0.014652618976275022,0.011498688734512541,0.3099088097488265,0.09677770927174073,0.10226990721711275,0.05226990721711275,0.060581638199199074,0.2839998466148495,0.6240904333719006,0.2129478063537368,0.2753278843506646,0.07152803370650132,0.011753806409929023,0.23896449125974714,0.6777536686238226,1.0,0.4797201027680508,0.5106565107461389,0.980258199933769,278.47481336622064,0.0,0.0,-3.7903014060702844e-13,-2.220446049250313e-16,0.0,-9.128809166925045e-11,-6.1833732578620015e-12,-1.023002689504171e-10,-4.881508565424131e-11
equilibrium_sigma_1.35,254.0,79.22103115012817,5.174045768283622,3.443297837330408,3.048,3.613812506926054,1.7269292266268463,4.005200062774527,0.28194938789244706,4.825670422355173,1.3823725850247648,0.264648078252379,2.9841749232025565,-0.4095315627759111,0.05358402128386361,0.9572000627745272,0.5658125069260538,2.126045768283622,0.024321421876437016,0.03020127871362801,0.024539382977237616,0.012539382977237615,0.010264418578516642,0.02698940521739246,0.014989405217392459,0.011757696860570377,0.3107254029613261,0.09719604005916103,0.10253938297723762,0.05253938297723762,0.06183090727930406,0.2872312073095223,0.6227631818865703,0.21312790282777383,0.2776538967799649,0.07259730509457647,0.012097800429977008,0.2391868227319905,0.6761180717434561,1.0,0.47755509110262007,0.5090288038776757,0.9961885776528075,279.4078649948088,-4.440892098500626e-16,0.0,-3.6859404417555197e-13,2.220446049250313e-16,0.0,-3.597129191734716e-11,-2.713041596935639e-12,-4.069534639827843e-11,-1.9297952125185702e-11
equilibrium_sigma_1.35,255.0,78.22103115012817,5.198502589771551,3.473604120484569,3.06,3.638490075272968,1.737246800818676,4.032362267013513,0.2938397211928634,4.898108622582598,1.4245045020980287,0.2970021963144984,2.9948188018027753,-0.35339677811293213,0.09256933949475485,0.9723622670135126,0.5784900752729678,2.138502589771551,0.024593567125933025,0.0304114888308865,0.024817166841658668,0.012817166841658668,0.010371391399236873,0.027336808439137883,0.015336808439137883,0.012024249724795766,0.3115671722474505,0.09760812928883701,0.10281716684165867,0.05281716684165867,0.06310231617529964,0.290522274430309,0.6214114065395508,0.21330999138580495,0.2800449415090507,0.07369224089448577,0.01245343182916806,0.2394140775097124,0.6744402497666339,1.0,0.47535007613169294,0.5073660489704381,1.012424886963596,280.3392198926167,1.3322676295501878e-15,0.0,-3.552713678800501e-13,0.0,0.0,1.2172863758652674e-10,9.681398044358858e-12,1.3707931664774797e-10,6.503561751636244e-11
equilibrium_sigma_1.35,256.0,77.22103115012817,5.223235646694943,3.5041212215854807,3.072,3.663449725664103,1.747673360491229,4.059877363724699,0.30600049368784177,4.9712428828399435,1.4671216612544629,0.32929283837912315,3.0054372652047108,-0.29678459105832244,0.1317009767115751,0.9878773637246994,0.5914497256641029,2.1512356466949427,0.024873945395902763,0.03062291884421494,0.025103606549264697,0.013103606549264697,0.010482417712790456,0.02769526465051797,0.01569526465051797,0.012298622087403288,0.3124351713614082,0.09801367339911932,0.1031036065492647,0.0531036065492647,0.06439578092397079,0.2938743185172408,0.6200345854682889,0.21349406817825356,0.2825033391729905,0.07481359176127045,0.012821113756475324,0.2396463402940401,0.6727189541882141,1.0,0.47310420659344865,0.505667029869393,1.0289706518257489,281.26882314336683,-4.440892098500626e-16,-2.220446049250313e-16,-3.412825577697731e-13,0.0,0.0,-4.6109113055470274e-11,-4.041350587513648e-12,-5.243707551505494e-11,-2.4706216239511747e-11
equilibrium_sigma_1.35,257.0,76.22103115012817,5.248253332577709,3.5348503738212034,3.084,3.688700295628485,1.7582130450491613,4.087756633167229,0.3184396675746717,5.045086696867177,1.5102363230459734,0.36151370710999364,3.016030347062478,-0.2396853745537621,0.17098148188901147,1.0037566331672285,0.604700295628485,2.1642533325777094,0.02516288022034531,0.030835595924583882,0.025399068677883295,0.013399068677883295,0.010597670718480216,0.02806523220488799,0.01606523220488799,0.012581101531683458,0.3133305111451009,0.09841236275360415,0.1033990686778833,0.0533990686778833,0.0657111739316187,0.2972886380565255,0.6186321853315975,0.21368012738361378,0.285031507349466,0.0759621332083131,0.013201273091416986,0.23988369324664321,0.6709529004536268,1.0000000000000002,0.47081661250212786,0.5039304756360946,1.0458292237423177,282.19661765477696,-4.440892098500626e-16,0.0,-3.2573943542502093e-13,-1.1102230246251565e-16,0.0,-1.2459122969432634e-10,-1.197051832657614e-11,-1.4313610019467404e-10,-6.694851791000378e-11
equilibrium_sigma_1.35,258.0,75.22103115012817,5.2735643722670185,3.565792839375776,3.096,3.7142509991612744,1.768870171329131,4.116011825650413,0.3311654993457833,5.119654052128105,1.553861212752329,0.3936582846891339,3.0265981298670606,-0.18208913343236216,0.21041364848385308,1.0200118256504132,0.6182509991612744,2.1775643722670184,0.025460710959289493,0.031049550962492015,0.02570393990833835,0.01370393990833835,0.010717332210717394,0.028447193134439885,0.016447193134439885,0.01287198924337929,0.3142543633586011,0.09880388176841585,0.10370393990833836,0.053703939908338355,0.06704832068294748,0.30076656009996117,0.6172036610552382,0.21386816108391943,0.28763196497242255,0.07713866651579414,0.01359435074297773,0.2401262154415338,0.6691407672996943,1.0,0.468486404733026,0.5021550581011563,1.0630037620466537,283.1225440580119,0.0,0.0,-3.077538224260934e-13,2.220446049250313e-16,0.0,1.4264572162359102e-10,1.4316766522304292e-11,1.6316237250180166e-10,7.629333796665971e-11
equilibrium_sigma_1.35,259.0,74.22103115012817,5.2991778382929,3.5969499133442326,3.108,3.740111447588938,1.7796492424763477,4.144655186005664,0.34418655385563435,5.194959457984325,1.5980095446400924,0.42571982533379105,3.0371407490294726,-0.12398548376796603,0.25000053637416275,1.0366551860056643,0.632111447588938,2.1911778382929,0.02576779371794212,0.03126481894996924,0.026018628383469584,0.014018628383469584,0.010841593061993705,0.028841654682310036,0.016841654682310036,0.013171600883321588,0.3152079647983927,0.09918790906811714,0.10401862838346959,0.05401862838346959,0.06840699628840276,0.30430944091253964,0.6157484555659235,0.21405815913468806,0.2903073369553349,0.0783440196798642,0.014000801937272569,0.24037398219427378,0.6672811961885894,0.9999999999999999,0.4661126745885984,0.5003393893379835,1.0804972129217825,284.04654060359326,0.0,-2.220446049250313e-16,-2.8954616482224083e-13,0.0,0.0,2.8753551623017515e-11,3.139169479915438e-12,3.323692362999786e-11,1.5418482463003258e-11
equilibrium_sigma_1.35,260.0,73.22103115012817,5.325103168111717,3.628322928039421,3.12,3.7662916717580925,1.7905549572819073,4.173699479561122,0.3575117192470829,5.27101797579394,1.6426950477545192,0.45769134735471084,3.0476583971996365,-0.06536363096411452,0.2897454954842809,1.0536994795611223,0.6462916717580924,2.205103168111717,0.026084502347525476,0.03148143939572118,0.026343565182966357,0.014343565182966356,0.010970653746932093,0.029249150834687043,0.017249150834687043,0.013480267493370945,0.3161926217665647,0.09956411765661932,0.10434356518296636,0.05434356518296636,0.06978692186183423,0.30791866664241163,0.6142659995161354,0.21425010902867242,0.29306035901307925,0.0795790484021154,0.01442109648945954,0.24062706435856157,0.6653727907498636,1.0,0.4636944933495842,0.49848201906349776,1.0983122871873483,284.9685430507214,0.0,0.0,-2.717825964282383e-13,2.220446049250313e-16,0.0,-1.6176646480681178e-10,-1.9133826467676585e-11,-1.8903159940131253e-10,-8.696843072086846e-11
equilibrium_sigma_1.35,261.0,72.22103115012817,5.351350182303614,3.6599132577219806,3.132,3.7928021456646963,1.801592220020016,4.203158019734122,0.3711502228101904,5.347845251086783,1.6879319933648023,0.4895656247144129,3.0581513288298776,-0.006212346478156994,0.3296521912601595,1.071158019734122,0.6608021456646962,2.219350182303614,0.026411229533018846,0.03169945677647458,0.02667920592451286,0.01467920592451286,0.011104724910751942,0.029670244137136592,0.017670244137136592,0.013798336557790947,0.31720971492276623,0.09993217510438707,0.10467920592451287,0.054679205924512864,0.07118776072392373,0.3115956540153195,0.6127557109988928,0.21444399575317613,0.2958938826881171,0.08084463712164833,0.014855719056672706,0.2408855275810936,0.6634141162405852,0.9999999999999999,0.46123091180973586,0.4965814319686645,1.116451436812334,285.8884845497912,-8.881784197001252e-16,-2.220446049250313e-16,-2.5202062658991053e-13,2.220446049250313e-16,0.0,9.186181676446026e-11,1.1268048993873236e-11,1.0690464485874074e-10,4.913550469276551e-11
equilibrium_sigma_1.35,262.0,71.22103115012817,5.377929104009531,3.691722323815216,3.144,3.8196538118946917,1.8127661509396256,4.2330446974701585,0.385111647947046,5.425457548152964,1.7337352243377477,0.5213351781001485,3.068619864987161,0.05348005718133103,0.3697246322695252,1.0890446974701584,0.6756538118946915,2.2339291040095306,0.026748387934157528,0.031918921029271366,0.0270260324917461,0.0150260324917461,0.011244027973710637,0.030105527417667588,0.018105527417667588,0.01412617300466934,0.31826070452044275,0.10029174376826382,0.10502603249174611,0.055026032491746105,0.0726091144313407,0.3153418510657258,0.6112169952474482,0.21463980164119198,0.29881088060579647,0.08214170009556636,0.015305169370596419,0.24114943140656492,0.6614036991272723,1.0,0.45872095978596367,0.49463604497760877,1.1349168300339505,286.80629552050726,9.969802761133906e-13,0.0,-2.3092638912203256e-13,-2.220446049250313e-16,0.0,1.202703388269999e-10,1.5887319237961606e-11,1.4155134356319543e-10,6.448985095941495e-11
equilibrium_sigma_1.35,263.0,70.22103115012817,5.4048505795927735,3.723751600640446,3.156,3.8468581089083536,1.8240820974050114,4.263374012614193,0.3994059522864748,5.503871787121023,1.780120186480577,0.5529922654455515,3.079064398423308,0.11372575320563044,0.409967200062237,1.1073740126141929,0.6908581089083534,2.2488505795927733,0.02709641140263648,0.03213988808799802,0.02738455490664788,0.01538455490664788,0.011388795781726836,0.030555625962769284,0.018555625962769284,0.01446416052486299,0.31934713608075116,0.10064248103941355,0.10538455490664789,0.055384554906647884,0.07405051862682903,0.31915873790183863,0.6096492443210597,0.214837506215784,0.30181445195484263,0.08347118252668743,0.01576996244534508,0.24141882826574537,0.659340026762222,0.9999999999999999,0.4561636456057681,0.49264420444329593,1.1537103250861707,287.72190352414066,3.271383164360486e-11,0.0,-2.1183055309847987e-13,-2.220446049250313e-16,0.0,-1.4252294830430223e-10,-2.0210187690050674e-11,-1.6970084018574916e-10,-7.661313770890299e-11
equilibrium_sigma_1.35,264.0,69.22103115012817,5.4321257003928,3.756002621686527,3.168,3.874427000057551,1.8355456456135602,4.294161107358363,0.4140434870033918,5.583105583999556,1.8271029623130288,0.5845288716669175,3.0894853989256865,0.17453742886087303,0.45038468127984205,1.1261611073583628,0.706427000057551,2.2641257003927997,0.027455756346583274,0.03236242046573297,0.027755313383573836,0.015755313383573836,0.011539273321733177,0.031021199475844696,0.019021199475844696,0.014812702706645808,0.3204706466168904,0.10098403959106098,0.10575531338357384,0.05575531338357384,0.07551143869317975,0.32304782752257766,0.6080518367694301,0.21503708602818994,0.3049078281883109,0.08483406176757682,0.01625062875243331,0.24169376248420804,0.6572215469957818,1.0,0.45355795555987294,0.49060418326727734,1.172833442583855,288.63523312428964,-4.00741662076598e-11,0.0,-1.9029222642075183e-13,2.220446049250313e-16,0.0,-7.386421682631372e-11,-1.1211455375192969e-11,-8.901068770938991e-11,-3.9809716287364516e-11
equilibrium_sigma_1.35,265.0,68.22103115012817,5.459766025952381,3.788476986501049,3.18,3.902373004849155,1.8471626331078541,4.325421801701985,0.42903501737465666,5.663177292480981,1.8747003059799319,0.6159366980338121,3.099883418918017,0.23592831597033787,0.49098230265986015,1.145421801701985,0.722373004849155,2.2797660259523806,0.027826903120531696,0.032586587893370406,0.028138880527197534,0.016138880527197533,0.011695718487753144,0.03150294456855107,0.019502944568551072,0.01517222459446188,0.321632971294538,0.10131606769732875,0.10613888052719754,0.05613888052719754,0.07699126524296034,0.3270106666119946,0.6064241373064067,0.21523851448534653,0.3080943789318692,0.08623134850079531,0.016747714366863228,0.24197426901628527,0.6550466681160562,0.9999999999999999,0.45090285336996355,0.4885141780252526,1.1922873364421742,289.54620574850566,-2.5211832621607755e-11,0.0,-1.7008616737257398e-13,-1.1102230246251565e-16,0.0,2.0327396016428523e-10,3.174694535035272e-11,2.4403257192773253e-10,1.0895317460735132e-10
equilibrium_sigma_1.35,266.0,67.22103115012817,5.487783608872655,3.821176368270029,3.192,3.930709232698298,1.8589391621645606,4.357172631869247,0.44439174512057233,5.744106051090876,1.9229296828208469,0.6472071503531254,3.110259099378998,0.29791222378152205,0.5317657686788947,1.1651726318692468,0.738709232698298,2.2957836088726546,0.028210357588196455,0.03281246801249936,0.028535863767952065,0.016535863767952064,0.0118584029075955,0.032001597207731436,0.020001597207731436,0.015543174107790492,0.32283595081197597,0.10163820953017028,0.10653586376795207,0.05653586376795207,0.07848930938495471,0.33104883650097117,0.6047654964149715,0.2154417616760536,0.31137761819281784,0.0876640881144336,0.017261781069115835,0.24226037215337035,0.6528137586630802,1.0,0.4481972795443493,0.48637230594167963,1.2120727632888626,290.4547395327016,-1.5236256700745798e-11,-2.220446049250313e-16,-1.5076828674409626e-13,2.220446049250313e-16,0.0,-6.612882116896479e-11,-1.1004884503673651e-11,-8.038155210887687e-11,-3.5539009235474595e-11
equilibrium_sigma_1.35,267.0,66.22103115012817,5.516191021052175,3.854102522089513,3.204,3.9594494189388856,1.8708816139280204,4.389430890848781,0.4601253320283578,5.825911831802847,1.9718093097133336,0.6783313266509468,3.12061317602496,0.3605035738949538,0.5727413024670676,1.1854308908487812,0.7554494189388854,2.312191021052175,0.02860665276975087,0.03304014713436243,0.0289469079842336,0.016946907984233598,0.012027612850560317,0.03251793551317661,0.02051793551317661,0.01592602379307806,0.3240815393461624,0.10195010552289169,0.1069469079842336,0.0569469079842336,0.08000479782059969,0.3351639540703631,0.6030752499762843,0.21564679418359947,0.3147612107362501,0.08913336202062998,0.017793406405721968,0.2425520840475534,0.6505211475260946,1.0,0.4454401507728567,0.48417660191883827,1.2321900504774175,291.36074916462974,-8.782752303204688e-12,-2.220446049250313e-16,-1.3078427230084344e-13,2.220446049250313e-16,0.0,-2.1323537727213626e-10,-3.772278323044276e-11,-2.6254063159592e-10,-1.1492456639117243e-10
equilibrium_sigma_1.35,268.0,65.22103115012817,5.545001381659702,3.8872572940297565,3.216,3.988607963602342,1.882996663498712,4.422214671987076,0.4762479254371761,5.908615493294699,2.021358199264942,0.7093000037422881,3.1309464858056733,0.4237174378039693,0.6139156900139094,1.2062146719870759,0.7726079636023417,2.329001381659702,0.029016350657935855,0.03326972106710859,0.02937269838608194,0.01737269838608194,0.012203650216471709,0.033052782675291326,0.021052782675291325,0.01632127259565408,0.3253718132911574,0.10225139273922705,0.10737269838608195,0.057372698386081944,0.08153686772824169,0.33935767276118617,0.6013527188547572,0.2158535748927561,0.3182489787185549,0.0906402891003895,0.018343183696284626,0.24284940314491366,0.6481671240584121,0.9999999999999999,0.44263035925000516,0.4819250154932057,1.2526390626389399,292.2641457139198,-4.782840790085174e-12,-2.220446049250313e-16,-1.1213252548714081e-13,-1.1102230246251565e-16,0.0,2.3357835110537906e-10,4.232401235038097e-11,2.8658100892364757e-10,1.2517702673020548e-10
equilibrium_sigma_1.35,269.0,64.22103115012817,5.574228387177458,3.9206426310999394,3.228,4.018199973449772,1.8952912961573603,4.455542915757649,0.49277218571494563,5.992238838325397,2.0715962072254577,0.7401036228724038,3.1412599736964806,0.4875695774896569,0.6552963282423685,1.2275429157576485,0.7901999734497722,2.3462283871774576,0.029440044134813798,0.03350129602202445,0.029813963652493884,0.017813963652493884,0.01238683360223413,0.033607010267999726,0.021607010267999726,0.01672944793362774,0.326708980765133,0.10254170529247898,0.10781396365249389,0.05781396365249389,0.08308456145371519,0.34363168365208213,0.5995972084554967,0.21606206278838178,0.3218449085690689,0.09218602721650315,0.018911721986007008,0.24315231233855264,0.6457499384589371,0.9999999999999999,0.439766771953105,0.4796154077744937,1.2734191666976704,293.1648364560093,-2.431388423929093e-12,0.0,-9.547918011776346e-14,-1.1102230246251565e-16,0.0,6.04014269156572e-11,1.1590381432391439e-11,7.509737276478745e-11,3.246799010203638e-11
equilibrium_sigma_1.35,270.0,63.22103115012817,5.603886343346977,3.9542605921424303,3.24,4.048241307149872,1.9077728246470205,4.489435459852829,0.5097113157829951,6.076804675489073,2.1225440833466425,0.7707322741867006,3.151554699803653,0.5520764889400855,0.6968912770836655,1.2494354598528288,0.8082413071498715,2.3638863433469766,0.029878359074807875,0.03373498960427875,0.03027147937279625,0.01827147937279625,0.012577499474816067,0.0341815417170821,0.022181541717082098,0.017151107831736567,0.3280953920387765,0.10282067478805591,0.10827147937279626,0.05827147937279625,0.08464682099421232,0.3479877166043429,0.5978080082539939,0.21627221274491812,0.3255531580875434,0.09377177480575082,0.019499645931958503,0.24346077699673183,0.6432678022655589,1.0,0.4368482298750902,0.47724554837901323,1.2945291954893685,294.0627246845511,-1.13464793116691e-12,0.0,-7.904787935331115e-14,0.0,0.0,-2.706629399773508e-10,-5.4893770085051585e-11,-3.411575327794125e-10,-1.4597368626356744e-10
equilibrium_sigma_1.35,271.0,62.22103115012817,5.633990199153957,3.988113359732692,3.2520000000000002,4.078748623869169,1.9204489076007856,4.5239130928784945,0.527079092873163,6.162336885708559,2.174223525975867,0.8011756798984169,3.1618318467892967,0.6172554488321659,0.7387093159115682,1.2719130928784943,0.8267486238691686,2.381990199153957,0.030331956658132944,0.03397093189699762,0.030746071826966072,0.01874607182696607,0.012776003463902383,0.03477735617707367,0.02277735617707367,0.017586843379380213,0.3295335509908063,0.10308793078840515,0.10874607182696608,0.058746071826966076,0.08622248227172974,0.35242754147984157,0.5959843912958724,0.21648397530626767,0.3293780637445735,0.09539877255574701,0.020107595614199274,0.2437747428648749,0.6407188889651787,0.9999999999999999,0.4338735472085061,0.4748131123724222,1.3159674100272787,294.95770951140327,-4.738431869100168e-13,0.0,-6.505906924303417e-14,0.0,0.0,1.3737118734202802e-10,2.842476948261563e-11,1.7258849557832967e-10,7.366566211197689e-11
equilibrium_sigma_1.35,272.0,61.22103115012817,5.6645555834080845,4.022203253254388,3.2640000000000002,4.109739436078224,1.9333275694291812,4.558997612187469,0.5448899029211831,6.24886049427503,2.226657241020642,0.8314231761298432,3.1720927276098103,0.6831245651596597,0.7807600049866011,1.2949976121874691,0.8457394360782233,2.4005555834080843,0.03080153584263759,0.03420926665146466,0.031238622124632402,0.019238622124632402,0.012982721767235347,0.035395492758993896,0.023395492758993896,0.018037281395155702,0.33102612765040124,0.10334310132641035,0.10923862212463241,0.059238622124632406,0.0878102692030487,0.35695296946255933,0.5941256136540821,0.21669729645666405,0.33332414821184964,0.09706830518144606,0.020736226267997124,0.2440941336448602,0.6381013349056966,1.0,0.43084151046008523,0.4723156772261323,1.3377314603397903,295.8496856575526,-1.7053025658242404e-13,-2.220446049250313e-16,-5.129230373768223e-14,-1.1102230246251565e-16,0.0,2.1663113317083038e-10,4.72222122516186e-11,2.7604173113982e-10,1.165898991933867e-10
equilibrium_sigma_1.35,273.0,60.22103115012817,5.695598843997292,4.056532743242637,3.2760000000000002,4.141232166807518,1.94641722172772,4.59471188616523,0.563158777794083,6.336401748833942,2.279869005591305,0.8614636932336097,3.1823387935742637,0.7497028320092481,0.8230537523087208,1.31871188616523,0.8652321668075174,2.4195988439972917,0.03128783604232574,0.034450152594116934,0.031750070752904695,0.019750070752904695,0.013198052691418504,0.03603705506893817,0.024037055068938173,0.018503087302335075,0.3325759719784991,0.10358581345841823,0.1097500707529047,0.0597500707529047,0.08940878756110104,0.3615658544883736,0.5922309138416273,0.21691211738175664,0.3373961280946525,0.09878170330743777,0.021386207926218065,0.24441884829725755,0.6354132404690866,1.0,0.42775087749278967,0.46975071980665734,1.3598183449990384,296.73854323248986,-5.062616992290714e-14,0.0,-3.9968028886505635e-14,2.220446049250313e-16,0.0,-2.343454111319865e-10,-5.3724864834681085e-11,-3.029879749871789e-10,-1.26627659746692e-10
equilibrium_sigma_1.35,274.0,59.22103115012817,5.727137089630654,4.091104467024153,3.2880000000000003,4.173246211253039,1.9597266861268232,4.6310799211520415,0.5819014354297973,6.424988203451763,2.3338837364276097,0.8912857342935632,3.1925716427374518,0.8170101883406504,0.8656018861364685,1.3430799211520412,0.8852462112530386,2.4391370896306537,0.03179164012167779,0.0346937648603714,0.03228142260202193,0.02028142260202193,0.013422418367878053,0.036703216346190004,0.024703216346190004,0.01898496843510955,0.33418612909703616,0.10381569382940345,0.11028142260202194,0.060281422602021933,0.09101651861413003,0.36626809476872224,0.590299512185736,0.2171283742181855,0.3415989217997478,0.10054034545535746,0.022058224954957108,0.24474875825240583,0.6326526713372795,1.0,0.4246003765049561,0.46711561342962404,1.382224369569016,297.62416749680995,-1.2434497875801753e-14,0.0,-3.019806626980426e-14,2.220446049250313e-16,0.0,-1.5245057993773514e-10,-3.669881759593707e-11,-2.0007469986316195e-10,-8.273908468081626e-11
equilibrium_sigma_1.35,275.0,58.22103115012817,5.759188234843261,4.125921245894791,3.3000000000000003,4.205802003862386,1.9732652190252982,4.668126933752488,0.6011343234583082,6.514648809897666,2.388727564002875,0.920877351770959,3.2027930286138933,0.885067581875087,0.9084167340798985,1.3681269337524875,0.905802003862386,2.459188234843261,0.032313777633903,0.03494029657372846,0.03283375249935911,0.02083375249935911,0.013656266635696194,0.03739522498769077,0.025395224987690767,0.019483677584641867,0.335859856058664,0.10403236928567465,0.11083375249935912,0.060833752499359114,0.09263181255406909,0.37106163445220547,0.5883306101453718,0.21734599779256708,0.34593765756698097,0.10234566015777839,0.02275297547841676,0.24508370425647244,0.6298176601073323,0.9999999999999998,0.42138870491702224,0.464407624983141,1.4049451039164975,298.5064386126574,-8.881784197001252e-16,-2.220446049250313e-16,-2.0872192862952943e-14,0.0,0.0,3.5946159243627207e-10,8.786570776520009e-11,4.703255007676432e-10,1.939959200225605e-10
equilibrium_sigma_1.35,276.0,57.22103115012817,5.791771048646346,4.16098610402029,3.3120000000000003,4.238921091579789,1.9870425384430244,4.705879429096242,0.6208746667039611,6.605414016867234,2.444427912846945,0.9502261221351782,3.2130048692059456,0.9538970387306233,0.9515117095105398,1.3938794290962413,0.9269210915797883,2.479771048646346,0.03285512831225995,0.03518996058800892,0.03340821130889373,0.02140821130889373,0.013900073109128004,0.03811441068979349,0.026114410689793487,0.020000016980326052,0.337600640329981,0.10423546754417644,0.11140821130889374,0.061408211308893734,0.09425288171793536,0.37594846544139976,0.5863233895649954,0.21756491334934755,0.35041768164105264,0.10419912820534136,0.02347117068354255,0.24542349277322123,0.6269062083378948,0.9999999999999999,0.4181145281542621,0.46162391214371423,1.4279753385095466,299.38523138221024,5.398526070621301e-11,-2.220446049250313e-16,-1.509903313490213e-14,-1.1102230246251565e-16,0.0,-9.778742399157991e-11,-2.5222365862553886e-11,-1.3041839136418432e-10,-5.3296995289331406e-11
equilibrium_sigma_1.35,277.0,56.22103115012817,5.8249052065114,4.196302289077294,3.3240000000000003,4.272626213029736,2.001068852858169,4.7443652854650376,0.6411405187550412,6.697315877986367,2.501013588909073,0.9793191178405665,3.223209256384616,1.02352173853818,0.9949014054789225,1.4203652854650373,0.9486262130297356,2.5009052065114,0.03341662602142943,0.035442991405234686,0.034006032719801786,0.022006032719801786,0.014154343493874299,0.038862190852029244,0.026862190852029243,0.020534842484210003,0.3394122203630357,0.10442461785060309,0.11200603271980179,0.06200603271980179,0.09587779356354327,0.38093062938275984,0.5842770118572294,0.2177850402668463,0.3550445664930603,0.10610228507974812,0.02421353397626488,0.24576789230572463,0.6239162886382624,1.0,0.4147764783135508,0.4587615206890752,1.4513090400740936,300.2604149622385,6.004086117172847e-13,0.0,-1.0658141036401503e-14,0.0,0.0,-3.878004445345695e-10,-1.0379395259940694e-10,-5.234187319680395e-10,-2.1143454521921345e-10
equilibrium_sigma_1.35,278.0,55.22103115012817,5.858611346458255,4.231873294908151,3.336,4.3069413848353415,2.0153548924791753,4.783613845603508,0.6619508179485925,6.790388167714054,2.5585148728059037,1.008142877066582,3.2334084655489095,1.0939660961513074,1.038601697568911,1.4476138456035081,0.9709413848353416,2.522611346458255,0.03399926301815767,0.0356996472995145,0.03462854072405911,0.02262854072405911,0.014419616146013427,0.03964007879719844,0.02764007879719844,0.02108906889786155,0.3412986082547246,0.1045994517295847,0.11262854072405912,0.06262854072405911,0.09750446346154294,0.38601021974471383,0.5821906171493009,0.21800629175619127,0.35982411901487343,0.10805672342935305,0.024980799993125725,0.2461166292112909,0.6208458473662303,1.0,0.4113731527710417,0.45581738204365335,1.4749393066762388,301.13185257118505,0.0,0.0,-5.995204332975845e-15,0.0,0.0,4.072709669511454e-10,1.1048736925367564e-10,5.484312726178331e-10,2.2101834251664343e-10
equilibrium_sigma_1.35,279.0,54.22103115012817,5.892911129982094,4.267702886502693,3.348,4.341891996306353,2.029911943406139,4.823656016618874,0.683325448972155,6.884666510141846,2.616963623639153,1.0366833700768523,3.243604965644747,1.1652558512087061,1.0826298562632453,1.4756560166188741,0.9938919963063535,2.5449111299820943,0.03460409469663474,0.03596021266527513,0.03527715797093855,0.023277157970938548,0.014696464915647394,0.040449691245392216,0.028449691245392216,0.021663674982796977,0.34326411506345017,0.10475960371980077,0.11327715797093856,0.06327715797093855,0.09913064722328888,0.3911893842436956,0.5800633232865711,0.21822857455287145,0.3647623887812006,0.11006409588986311,0.025773713438677556,0.2464693831482974,0.617692807523162,1.0,0.40790311255672396,0.4527883108682313,1.4988583224243408,301.9994011679305,-1.7763568394002505e-15,0.0,-4.440892098500626e-15,-1.1102230246251565e-16,0.0,1.3056331016336742e-10,3.6898754884884255e-11,1.785507089402394e-10,7.121641817930957e-11
equilibrium_sigma_1.35,280.0,53.22103115012817,5.92782730780931,4.303795127412626,3.36,4.377504912703888,2.044751884706582,4.864524378090831,0.705285309912207,6.980188517685469,2.6763933902728425,1.064925962598342,3.2538014294581297,1.2374181656103065,1.127004670085238,1.504524378090831,1.0175049127038878,2.5678273078093103,0.035232244791577494,0.03622500062380915,0.03595341502446003,0.023953415024460026,0.014985502315895675,0.041292757839705985,0.029292757839705984,0.022259709688832174,0.3453133788620001,0.10490471218691469,0.11395341502446003,0.06395341502446003,0.10075393343271553,0.3964703273957263,0.577894224784496,0.21845178858897307,0.3698656761330588,0.11212611797986281,0.026593027742917358,0.24682578205473885,0.6144550722224811,1.0,0.4043648806448633,0.4496710029418935,1.5230573121727717,302.86291111834976,8.881784197001252e-16,0.0,-8.881784197001252e-16,0.0,0.0,-4.868507541555545e-10,-1.4332708631048519e-10,-6.767848781397134e-10,-2.6726499485763e-10
equilibrium_sigma_1.35,281.0,52.22103115012817,5.963383790849697,4.340154409823195,3.372,4.413808587870758,2.059887228678698,4.906253299810795,0.727852385626437,7.076993942888619,2.7368395330654236,1.092855375232507,3.2640007442362853,1.3104817296729303,1.1717465802387128,1.5342532998107954,1.041808587870758,2.5913837908496973,0.035884911251963345,0.036494355914512985,0.03665896071974952,0.02465896071974952,0.01528738308465765,0.04217113133808681,0.03017113133808681,0.022878298961970245,0.3474513961204531,0.1050344201289704,0.11465896071974953,0.06465896071974953,0.10237173552228845,0.40185531333431157,0.575682391671203,0.2186758266501755,0.3751405400400673,0.11424457125031649,0.027439503504763773,0.24718539689559657,0.6111305283493231,1.0,0.4007569400660112,0.4464620332551507,1.5475264966388007,303.72222583374503,5.329070518200751e-15,0.0,-1.5543122344752192e-15,0.0,0.0,2.1561966101479868e-10,6.407361446969517e-11,2.9884367203081297e-10,1.1774332550618105e-10
equilibrium_sigma_1.35,282.0,51.22103115012817,5.999605727655044,4.376785487778411,3.384,4.4508331882990975,2.0753311650718933,4.948879070498951,0.7510498284721208,7.175124844895708,2.798339357117297,1.1204556388275226,3.274206022585059,1.3844768789593174,1.2168778286565598,1.5648790704989515,1.0668331882990976,2.6156057276550437,0.036563372687358445,0.03676865811594953,0.037395573713681705,0.025395573713681705,0.015602808152400692,0.04308679894204914,0.031086798942049142,0.023520653273934045,0.3496835567081264,0.1051483760405685,0.11539557371368171,0.06539557371368171,0.10398128362585134,0.4073466689349476,0.573426868204127,0.2189005740166403,0.3805938056989305,0.11642130667711041,0.028313906718836827,0.24754773573643069,0.6077170508676221,1.0,0.397077731813585,0.44315785435867827,1.5722550481157431,304.57718138999775,1.509903313490213e-14,0.0,4.440892098500626e-16,2.220446049250313e-16,0.0,4.218789137477863e-10,1.3028280537730197e-10,5.944894784781773e-10,2.3199521644035048e-10
equilibrium_sigma_1.35,283.0,50.22103115012817,6.036519588898834,4.413693513872535,3.396,4.48861072970252,2.091097609622038,4.99244003868757,0.7749020471878478,7.274625772178236,2.8609322583057013,1.1477100452016162,3.2844206136386,1.4594357227648656,1.262422620827586,1.59644003868757,1.0926107297025203,2.640519588898834,0.03726899552249893,0.03704832523921722,0.0381651754118393,0.0261651754118393,0.015932529088356885,0.044041895006508014,0.03204189500650802,0.024188076155340354,0.3520156830661797,0.10524623481690745,0.11616517541183931,0.0661651754118393,0.10557961619504456,0.41294678727677037,0.571126671448171,0.21912590808615412,0.3862325717272146,0.1186582483266904,0.029217006761172816,0.2479122372115795,0.6042125077005572,0.9999999999999999,0.3933256525245638,0.43975479500066483,1.597231047296362,305.42760612292005,4.3520742565306136e-14,0.0,4.440892098500626e-16,-1.1102230246251565e-16,0.0,-4.1869854805476336e-10,-1.3420766581395682e-10,-6.000203597866793e-10,-2.319912942305713e-10
equilibrium_sigma_1.35,284.0,49.22103115012817,6.074153258848918,4.450884079544538,3.408,4.5271752264027505,2.1072012569677185,5.036976766668202,0.7994348044625585,7.375543962385796,2.924659882841258,1.1746010923515446,3.2946481145184787,1.5353922844642143,1.3084073044837408,1.628976766668202,1.1191752264027506,2.6661532588489183,0.03800324214347699,0.037333817737719946,0.03896984450219656,0.02696984450219656,0.01627735313557375,0.04503871533501069,0.033038715335010696,0.024881973776924582,0.35445407424908043,0.10532765864467081,0.11696984450219655,0.06696984450219655,0.10716357134410362,0.4186581314149434,0.5687807897262325,0.2193516979753031,0.39206421669518154,0.12095739729829307,0.030149574092197668,0.248278263777653,0.6006147648318563,1.0,0.3894990519519879,0.4362490591231269,1.622441441895825,306.2733201914082,1.1368683772161603e-13,0.0,0.0,0.0,0.0,-3.33336178104382e-10,-1.107666458555201e-10,-4.859034841153687e-10,-1.8619633959660042e-10
equilibrium_sigma_1.35,285.0,48.22103115012817,6.112536135676633,4.488363259697419,3.42,4.56656285650324,2.123657639052036,5.082532199738207,0.8246753248338639,7.477929562594426,2.989566302897007,1.2011104237502628,3.304892382033514,1.6123826566055428,1.3548605667442504,1.662532199738207,1.1465628565032402,2.692536135676633,0.03876767997133718,0.037625643000000736,0.039811833286784414,0.027811833286784413,0.01663814887339726,0.04607973323800252,0.03407973323800252,0.025603865798640157,0.3570055554144982,0.10539231793274424,0.1178118332867844,0.0678118332867844,0.10872977794342045,0.4244832385794085,0.5663881808946059,0.21957780409986577,0.3980964049374913,0.12332083600428051,0.031112377670736647,0.24864509424306924,0.5969216920819136,0.9999999999999999,0.3855962301517963,0.43263672521454216,1.6478720074235274,307.1141351140395,2.5135449277513544e-13,0.0,0.0,-1.1102230246251565e-16,0.0,6.986250397633675e-10,2.334057669362011e-10,1.0149016002602984e-09,3.8823959672140695e-10
equilibrium_sigma_1.35,286.0,47.22103115012817,6.151699241893408,4.526137662253658,3.432,4.606812145158156,2.1404831898312096,5.129151852827881,0.8506524143765746,7.581835872793873,3.055698210540214,1.2272187610086762,3.315157544593036,1.6904451729493855,1.4018136521204139,1.6971518528278815,1.1748121451581564,2.7196992418934083,0.03956399156321977,0.03792436039700779,0.04069358607390577,0.028693586073905767,0.017015852596641182,0.047167617536203466,0.03516761753620347,0.0263553975288211,0.35967753355729015,0.10543989228887193,0.11869358607390576,0.06869358607390576,0.11027464645889576,0.43042472487477335,0.5639477704125467,0.2198040777331824,0.4043370914762976,0.125750732837249,0.0321061820590795,0.24901191541604542,0.593131169687626,1.0,0.3816154343339018,0.4289137460398015,1.673507310737897,307.9498532777873,4.9649173661237e-13,0.0,3.774758283725532e-15,0.0,0.0,-1.566906673855506e-10,-5.4143217687041556e-11,-2.315242511596871e-10,-8.783086064001466e-11
equilibrium_sigma_1.35,287.0,46.22103115012817,6.191675344938494,4.564214482840168,3.444,4.647964166430327,2.1576953164178687,5.17688401588915,0.8773965930102001,7.687319613940674,3.1231051311005062,1.2529058285921435,3.3254480143617924,1.7696205978001205,1.449300602970865,1.7328840158891499,1.2039641664303273,2.747675344938494,0.04039398617642516,0.038230586954196275,0.041617759992303986,0.029617759992303986,0.017411475581191566,0.048305253002034476,0.03630525300203448,0.02713835375089957,0.36247806058273935,0.10547007146511078,0.11961775999230399,0.06961775999230399,0.11179435948048909,0.4364852904394034,0.5614584492232229,0.22003036053622593,0.41079452565146723,0.12824934722745157,0.033131744160888474,0.24937781346298007,0.58924109514868,1.0,0.3775548554055997,0.425075948836317,1.699330677334724,308.7802674076514,9.00612917575927e-13,0.0,1.199040866595169e-14,0.0,0.0,-7.838918542057982e-10,-2.798113060697993e-10,-1.1782140124649843e-09,-4.4343806404611996e-10
equilibrium_sigma_1.35,288.0,45.22103115012817,6.23249908997325,4.602601565473314,3.456,4.690062767214023,2.175312477932269,5.225779980984214,0.9049402415219658,7.794441224657308,3.1918396591839935,1.2781502697415013,3.3357684996122927,1.8499523359730354,1.4973585257606257,1.769779980984214,1.2340627672140232,2.77649908997325,0.04125961287052893,0.038545003748447805,0.04258724857228798,0.030587248572287982,0.017826112341171336,0.04949576358548313,0.037495763585483136,0.027954674524099943,0.365415904764509,0.10548255630331141,0.12058724857228799,0.07058724857228799,0.11328486194353135,0.44266772517945113,0.5589190713985144,0.22025648405875126,0.4174772532569223,0.13081903516012056,0.034189809573162505,0.24974176460474773,0.5852493906619691,1.0,0.3734126241297677,0.42111903598288164,1.7253241630416842,309.60515999977275,1.5241141682054149e-12,0.0,2.4868995751603507e-14,0.0,0.0,7.951662522875935e-10,2.845527494188538e-10,1.1903980648431123e-09,4.475060738640124e-10
equilibrium_sigma_1.35,289.0,44.22103115012817,6.274207147269747,4.641307470293202,3.468,4.733154817315398,2.1933542735463374,5.275894294549176,0.9333177657782485,7.90326519142657,3.261957721133368,1.3029295525947395,3.346124017223799,1.9314866673388824,1.5460278870420736,1.8078942945491763,1.2651548173153984,2.806207147269747,0.042162975238644165,0.038868363148231895,0.04360520850802437,0.03160520850802437,0.01826095000762893,0.05074253861536704,0.03874253861536704,0.02880647301584105,0.3685006318424981,0.10547705971056444,0.12160520850802438,0.07160520850802438,0.11474185104686847,0.4489749152205637,0.5563284514890351,0.22048226921080902,0.4243941169621784,0.13346225523826183,0.03528110853735653,0.2501026247304667,0.5811540114939149,1.0,0.3691868068022222,0.41703858613310335,1.7514685309322555,310.42430271944096,2.4300561562995426e-12,4.440892098500626e-16,4.6407322429331543e-14,0.0,0.0,3.0996175071074106e-10,1.1430859037098173e-10,4.718677601434074e-10,1.761165623059835e-10
equilibrium_sigma_1.35,290.0,43.22103115012817,6.31683837516619,4.680341548923294,3.48,4.777290487745785,2.211841540430803,5.327285037601294,0.9625657799331147,8.013860415482435,3.3335188665591415,1.3272198647545226,3.3565199053452353,2.0142730078084514,1.5953528422268834,1.8472850376012944,1.297290487745785,2.8368383751661903,0.043106348273237685,0.039201497020361374,0.0446750901563028,0.032675090156302794,0.018717279062083144,0.05204926287305511,0.040049262873055116,0.029696055954264722,0.37174269744334176,0.1054533075968121,0.12267509015630279,0.07267509015630279,0.1161607658059301,0.4554098500820483,0.5536853615774106,0.22070752569783525,0.43155425450353896,0.13618157532371314,0.036406351427561316,0.2504591183998396,0.576952954848886,1.0,0.36487540044502764,0.4128300558842466,1.7777432346188795,311.23745575419736,3.6841640849161195e-12,0.0,7.349676423018536e-14,2.220446049250313e-16,0.0,-9.962831115650772e-10,-3.781566310090412e-10,-1.542211379434999e-09,-5.717529227844409e-10
equilibrium_sigma_1.35,291.0,42.22103115012817,6.360434000408601,4.71971402832636,3.492,4.822523560580002,2.2307964628130943,5.380014137538199,0.9927233111059128,8.12630062093194,3.4065865926055796,1.3509959945010608,3.366961836217946,2.098364199900656,1.6453816011905131,1.8880141375381987,1.3305235605800023,2.868434000408601,0.04409219781556076,0.039545326055141994,0.04580067240167198,0.03380067240167198,0.019196505668288552,0.05341995088059548,0.04141995088059548,0.030625947065043846,0.3751535527323393,0.10541103973859042,0.12380067240167197,0.07380067240167197,0.11753677619219946,0.46197563062880814,0.5509885280120933,0.22093205141372174,0.4389670941284831,0.13897967981314938,0.037566223719470715,0.2508098274167023,0.5726442690506776,1.0,0.36047632747869857,0.4084887820290741,1.8041264090677522,312.0443671168741,5.345945908175054e-12,0.0,1.0880185641326534e-13,0.0,0.0,3.7213928466561796e-10,1.4119042046623065e-10,5.732802635383116e-10,2.1243174927465525e-10
equilibrium_sigma_1.35,292.0,41.22103115012817,6.405037819925051,4.759436104885013,3.504,4.868911777207848,2.2502426946432994,5.434147717229418,1.0238320295968957,8.240664812105884,3.481228707220871,1.3742311971251242,3.37745582908039,2.1838168395067665,1.6961668369960006,1.9301477172294184,1.364911777207848,2.9010378199250506,0.04512320271148719,0.039900870409074786,0.04698610258043442,0.034986102580434414,0.01970016581643368,0.054858986344719085,0.04285898634471909,0.03159891399651116,0.3787457653952558,0.10535001062634874,0.12498610258043441,0.07498610258043441,0.11886477186940272,0.4686754780422521,0.5482366277226453,0.2211556317915144,0.44664234698185645,0.14185937768986717,0.03876138043240439,0.2511531782070684,0.56822606367066,0.9999999999999999,0.355987429711691,0.4040099843323124,1.8305948699973056,312.8447719030203,7.466027795999253e-12,0.0,1.4921397450962104e-13,-1.1102230246251565e-16,0.0,9.487247029649204e-10,3.695484682153527e-10,1.4852301402634716e-09,5.471268577084132e-10
equilibrium_sigma_1.35,293.0,40.22103115012817,6.45069642693113,4.799520050072448,3.516,4.916517230213281,2.2702054977560246,5.48975648679531,1.0559365083258285,8.357037787028545,3.5575177369560977,1.3968970439779946,3.3880082631448207,2.270691643817595,1.7477661435788818,1.9737564867953097,1.4005172302132811,2.93469642693113,0.04620228023543205,0.04026926188605453,0.04823594236156655,0.03623594236156655,0.020229941619852584,0.056371167382884835,0.04437116738288484,0.032617999239370477,0.38253315867141374,0.10526999025630822,0.12623594236156654,0.07623594236156654,0.12013935046942512,0.47551274392680387,0.5454282840685831,0.2213780391051669,0.4545899958117934,0.14482361144776298,0.039992439990131336,0.25148742809526575,0.5636965204668399,1.0,0.3514064615690414,0.3993887688425713,1.857124123292281,313.63839149609623,1.0079048706757021e-11,0.0,1.9539925233402755e-13,-1.1102230246251565e-16,0.0,-8.723030839319357e-10,-3.483758420630423e-10,-1.3874122753443352e-09,-5.083652700188512e-10
equilibrium_sigma_1.35,294.0,39.22103115012817,6.497459463167943,4.839979328642961,3.528,4.965406802430914,2.2907118968091003,5.546916183110885,1.0890845147660988,8.475510712633984,3.6355313839910224,1.4189632509288632,3.3986258907076774,2.3590538636491027,1.8002425477419963,2.018916183110885,1.4374068024309143,2.969459463167943,0.04733261581664944,0.04065175790450564,0.04955522070482637,0.037555220704826364,0.02078768023089244,0.057961759063474005,0.04596175906347401,0.03368655607127735,0.3865309718328071,0.10517076474298533,0.12755522070482636,0.07755522070482636,0.12135480528069212,0.48249092152000844,0.5425620622349299,0.22159903170958872,0.46282027900637696,0.1478754669254728,0.04125997738446149,0.2518106514340341,0.5590539042560317,1.0,0.34673108258159435,0.39462013184099964,1.8836883860421654,314.4249327071101,1.3182344105189259e-11,0.0,2.446931546273845e-13,2.220446049250313e-16,0.0,-8.423240299704204e-10,-3.4444180146975256e-10,-1.3607125218251248e-09,-4.961958621763074e-10
equilibrium_sigma_1.35,295.0,38.22103115012817,6.545379903519075,4.8808287320093555,3.54,5.015652663744507,2.311790854873517,5.605708066121304,1.1233273418104286,8.596181774279952,3.7153530422705963,1.4403974835938027,3.409315850302061,2.448973750402797,1.8536650852565124,2.065708066121304,1.4756526637445067,3.005379903519075,0.048517697408281144,0.04104975759007729,0.05094949512761831,0.038949495127618305,0.02137541577963524,0.05963655409946256,0.04763655409946256,0.03480829012580955,0.39075604584126755,0.1050521368177435,0.1289494951276183,0.0789494951276183,0.12250511234909191,0.4896136583560988,0.5396364640307727,0.22181835321718898,0.4713436694418851,0.15101818426062932,0.042564516631523296,0.25212072457172136,0.554296574536126,0.9999999999999999,0.34195884890141376,0.3896989643060516,1.9102606206723527,315.2040868539907,1.6761703136580763e-11,0.0,2.9198865547641617e-13,-1.1102230246251565e-16,0.0,1.61838644568979e-09,6.586485315485113e-10,2.5974238801462768e-09,9.477236911914488e-10
equilibrium_sigma_1.35,296.0,37.22103115012817,6.594514378905647,4.922084529428988,3.552,5.06733283589393,2.3334734734232074,5.666219481731899,1.158720184333141,8.719156912439727,3.7970723830107396,1.461165135675691,3.420085679856435,2.5405270875302026,1.9081094514314834,2.1142194817318987,1.5153328358939295,3.0425143789056466,0.04976135526298449,0.04146482039159296,0.052424922837765446,0.04042492283776544,0.021995394898995053,0.06140194353854156,0.04940194353854156,0.03598730772713665,0.39522703890231947,0.10491392619987472,0.13042492283776544,0.08042492283776544,0.12358391693326215,0.4968847706609948,0.5366499219766506,0.22203573160357343,0.4801708473407939,0.15425517015723772,0.043906522474792695,0.25241530928667194,0.5494229980812977,0.9999999999999999,0.33708720365713346,0.384620056808639,1.9368125840208898,315.9755287766386,2.0750512419454026e-11,4.440892098500626e-16,3.383959779057477e-13,-1.1102230246251565e-16,0.0,-2.8593893919293123e-10,-1.1883335288009889e-10,-4.6564563316309204e-10,-1.6923781820388228e-10
equilibrium_sigma_1.35,297.0,36.22103115012817,6.644923541038812,4.963764638666034,3.564,5.120531831874095,2.3557932191512387,5.728544500071401,1.1953225672160723,8.844550656579365,3.880786017913331,1.4812290749972163,3.4309433299728864,2.6337957926176783,1.9636587351989536,2.1645445000714005,1.5565318318740946,3.0809235410388123,0.051067808829890024,0.041898687664850456,0.05398834371437571,0.04198834371437571,0.022650106644626154,0.06326499942144181,0.05126499942144182,0.037228172564685025,0.39996467792235063,0.10475596965836241,0.1319883437143757,0.0819883437143757,0.12458451911598788,0.504308259448025,0.5336007926933852,0.22225087822304002,0.4893126656445808,0.1575900115340263,0.045286391163050506,0.2526918360763632,0.54443176122656,1.0,0.3321134661698232,0.37937810493646773,1.9633148933673665,316.7389157710363,2.5051072327642032e-11,0.0,3.823608096809039e-13,2.220446049250313e-16,0.0,-1.936195821727882e-09,-8.205058021903966e-10,-3.1977332864974173e-09,-1.1583331273323783e-09
equilibrium_sigma_1.35,298.0,35.22103115012817,6.69667247762436,5.0058888198315215,3.576,5.175341384646915,2.3787861830330517,5.7927846430383125,1.2331988344949023,8.972487074552694,3.9665982547211724,1.500549352108016,3.4418971772819633,2.728868604286205,2.020404251301278,2.2167846430383125,1.5993413846469147,3.12067247762436,0.05244172189901429,0.04235330781365674,0.055647377450479284,0.04364737745047928,0.023342317642572767,0.06523357185095335,0.05323357185095336,0.038535972126663154,0.4049920528802402,0.1045781207617449,0.13364737745047928,0.08364737745047927,0.12549985850112821,0.5118883286940588,0.5304873494364033,0.2224634867246717,0.49878010684132496,0.16102649081371578,0.04670444023950258,0.25294748667403416,0.5393215822727475,1.0,0.3270348197749806,0.3739677151045975,1.9897371115085272,317.4938864423434,2.9527491562930663e-11,0.0,4.1588954502458364e-13,0.0,0.0,1.912069620690904e-09,8.038936044618694e-10,3.1329600164164972e-09,1.1364223416465702e-09
equilibrium_sigma_1.35,299.0,34.22103115012817,6.749831188954506,5.048478897122055,3.588,5.231861283892634,2.402491378527825,5.859049718528286,1.2724187117304986,9.103100860651649,4.054621963529594,1.5190828653644037,3.4529560378166284,2.825841872013839,2.0784464886973475,2.2710497185282863,1.643861283892634,3.1618311889545057,0.05388826727723377,0.04283086572198907,0.05741053771953638,0.045410537719536376,0.024075113490052848,0.06731640311397058,0.05531640311397058,0.03991639589973062,0.4103349627864738,0.10438024932395777,0.13541053771953637,0.08541053771953637,0.12632249792679856,0.5196294061171146,0.5273077735615259,0.22267323185916943,0.5085842301626736,0.1645686031976713,0.04816089729981567,0.25317917481795027,0.5340913246845628,1.0,0.3218482979015332,0.36838341051223134,2.016047853324216,318.2400594755246,3.4011904403996596e-11,0.0,4.4275694222051243e-13,0.0,0.0,9.056698446752165e-10,3.8719985551161074e-10,1.5031633021633795e-09,5.439111869232072e-10
equilibrium_sigma_1.35,300.0,33.22103115012817,6.804475134812621,5.091559012324403,3.6,5.290200336339929,2.426951084693623,5.927458778792708,1.313057953350746,9.236538583549972,4.144979571225569,1.5367829737991405,3.464129180529645,2.9248204636890955,2.1378961928912656,2.327458778792708,1.6902003363399287,3.2044751348126206,0.05541320357398789,0.04333381733397792,0.05928736701325312,0.04728736701325312,0.024851947829585816,0.06952326284892507,0.057523262848925075,0.04137582790608718,0.4160223242825852,0.10416224035261919,0.13728736701325311,0.08728736701325311,0.12704460595457726,0.5275361667268563,0.5240601448518208,0.22287976815166807,0.5187361071988247,0.1682205761344191,0.04965588751772613,0.25338352636668954,0.5287400099811651,0.9999999999999999,0.3165507682930062,0.36261963721428725,2.0422149164182755,318.9770323083343,3.82991416358891e-11,4.440892098500626e-16,4.549693954913892e-13,0.0,0.0,-2.598264985109733e-09,-1.127907017783869e-09,-4.365524837457446e-09,-1.5766522878934985e-09
equilibrium_sigma_1.35,301.0,32.22103115012817,6.86068586342904,5.135155915092043,3.612,5.3504774699096656,2.452211241753137,5.998141224681387,1.3551990897192612,9.372960121064398,4.237804205972355,1.5535990476431252,3.4754263410597135,3.025918810270118,2.198875604250646,2.3861412246813867,1.7384774699096655,3.2486858634290403,0.05702296708349931,0.043864930453564537,0.06128859666212066,0.049288596662120654,0.025676700828867936,0.07186510901036058,0.05986510901036059,0.042921456935296476,0.42208665655188077,0.10392399231927124,0.13928859666212065,0.08928859666212065,0.12765793789880464,0.5356135594214577,0.5207424305931865,0.22308272841460466,0.529246743788094,0.1719868912546182,0.05118941971863847,0.2535568595268886,0.5232668294998547,0.9999999999999999,0.3111389151876233,0.3566707702230799,2.068205438643909,319.70437969632553,4.217692861629985e-11,4.440892098500626e-16,4.587441537751147e-13,0.0,0.0,7.745270813597216e-10,3.325313843727251e-10,1.2891161055295086e-09,4.665758300548273e-10
equilibrium_sigma_1.35,302.0,31.22103115012817,6.918551742350768,5.179299298419802,3.624,5.4128230154571835,2.478321911623871,6.071238087205611,1.3989322957934007,9.51254032338798,4.333241024968179,1.5694759455384486,3.4868577356732704,3.1292621203137,2.261519884490361,2.4472380872056108,1.7888230154571834,3.294551742350768,0.05872478130859758,0.04442733317413728,0.06342633761615929,0.05142633761615929,0.026553749084326138,0.07435428000412969,0.062354280004129695,0.04456140815012333,0.4285646594429069,0.10366541476352382,0.14142633761615928,0.09142633761615927,0.128153815301495,0.5438668375319086,0.5173524730285606,0.22328172208465316,0.5401269866608814,0.17587230936350462,0.05276137094637252,0.25369516340878273,0.5176711562813401,1.0,0.30560921885362125,0.35053111915527246,2.0939860859283352,320.42165217067014,4.54090098855886e-11,0.0,4.4875214655348827e-13,2.220446049250313e-16,0.0,2.795804941724267e-09,1.2154415598986112e-09,4.704323902648966e-09,1.7008955043029683e-09
equilibrium_sigma_1.35,303.0,30.22103115012817,6.978168811309267,5.224022187789671,3.636,5.477380200453963,2.5053378162275863,6.1469035214860535,1.4443564053502893,9.65547094918595,4.43144876139628,1.5843534036018316,3.498434075492683,3.23498779749082,2.3259787666017693,2.5109035214860533,1.8413802004539628,3.342168811309267,0.06052678836367083,0.04502457166415629,0.06571430914445031,0.053714309144450315,0.02748804965846685,0.07700472525407065,0.06500472525407065,0.04630490090473671,0.43549790649833425,0.10338642503744966,0.1437143091444503,0.0937143091444503,0.12852310358165567,0.5523015939482803,0.5138879749301323,0.22347633335112393,0.5513874124198235,0.17988189900135929,0.054371469305439804,0.25379407504475243,0.5119525566484484,1.0,0.2999579320546522,0.34419493309282195,2.1195232741399,321.1283743758459,4.778311080144704e-11,0.0,4.285460875053104e-13,2.220446049250313e-16,0.0,-2.422108888455732e-09,-1.064662517868964e-09,-4.117372803813524e-09,-1.4879105968146344e-09
equilibrium_sigma_1.35,304.0,29.22103115012817,7.039641776420181,5.269361391979087,3.648,5.544306887670631,2.5333189660706177,6.225306551197859,1.4915800963741956,9.80196292009209,4.532601528113002,1.5981653167607366,3.5101665813350467,3.3432470926974744,2.3924184658582606,2.5773065511978586,1.8963068876706308,3.391641776420181,0.06243820884198857,0.045660679417868846,0.06816811461458913,0.056168114614589135,0.028485241843954817,0.07983228416108545,0.06783228416108546,0.04816243974747891,0.44293368065027006,0.10308694374027844,0.14616811461458912,0.09616811461458911,0.12875618738429476,0.5609238009798846,0.5103464832271511,0.22366611902350064,0.5630381950825339,0.18402106889119918,0.05601927458209811,0.25384885763692266,0.5061107988897801,1.0,0.2941810533434773,0.3376564046524106,2.14478342867414,321.8240432683026,4.909672668418352e-11,0.0,3.97015753605956e-13,-1.1102230246251565e-16,0.0,-2.854299803456417e-09,-1.2667105489527763e-09,-4.89844756423885e-09,-1.7701470948761067e-09
equilibrium_sigma_1.35,305.0,28.22103115012817,7.103085181427637,5.315358030458112,3.66,5.6137776194910405,2.5623314017289482,6.30663312142734,1.5407232876997745,9.952248969111379,4.636890938653266,1.6108388910157276,3.522066999121049,3.454207049603547,2.4610239101914746,2.6466331214273398,1.9537776194910403,3.4430851814276364,0.06446953599844839,0.046340260821012766,0.07080557594718265,0.05880557594718265,0.029551770949562864,0.08285502506311104,0.07085502506311105,0.050146046504107034,0.45092598771873527,0.10276688876472001,0.14880557594718263,0.09880557594718263,0.12884294345233444,0.5697398563575856,0.5067253701109028,0.22385060610531254,0.5750889498300119,0.1882956052319013,0.05770415649097734,0.25385437769412544,0.5001458605829959,1.0,0.2882742962404176,0.33090967245657005,2.169733286951403,322.5081261757381,4.9188209061412635e-11,0.0,3.588240815588506e-13,0.0,0.0,5.179898163176766e-09,2.2641852837068654e-09,8.787626695760942e-09,3.185656915344337e-09
equilibrium_sigma_1.35,306.0,27.22103115012817,7.168624797687522,5.362058154668273,3.672,5.68598603870177,2.5924480748294796,6.391088530182686,1.5919187952126186,10.106586772751497,4.744528618083224,1.6222936386858708,3.5341476159680476,3.5680528122992836,2.5320013599768285,2.719088530182686,2.0139860387017703,3.4966247976875215,0.06663277260782587,0.04706859267161827,0.07364714185225396,0.061647141852253964,0.030695039806070926,0.08609365892198184,0.07409365892198184,0.052269543473482116,0.4595367934916786,0.10242616769373136,0.15164714185225395,0.10164714185225394,0.12877271068626112,0.578756636779098,0.5030218110414741,0.22402928902341684,0.5875485498490665,0.19271171487087405,0.059425270256747986,0.2538050799406509,0.49405793493172706,1.0,0.28223305335800425,0.3239488211857065,2.1943402498666646,323.18005870413924,4.795897012854766e-11,0.0,3.113065361048939e-13,2.220446049250313e-16,0.0,-6.730719731562473e-10,-2.962778772319652e-10,-1.1512546332914653e-09,-4.176610411688042e-10
equilibrium_sigma_1.35,307.0,26.22103115012817,7.236399274234627,5.409513479882454,3.684,5.7611477557343775,2.6237498951470766,6.478900316294743,1.6453143001701291,10.265262660907467,4.855749181025013,1.632440178863034,3.5464212774699253,3.68499036239137,2.6055814931922505,2.7949003162947426,2.0771477557343774,3.5523992742346264,0.06894172388499946,0.04785174821072192,0.07671638962240318,0.06471638962240318,0.031923595703212494,0.08957204927106943,0.07757204927106943,0.05454890259271039,0.4688375443103126,0.1020646677968477,0.15471638962240317,0.10471638962240316,0.12853425669143956,0.5879815594664068,0.4992327594636129,0.2242016264250879,0.6004249107068431,0.19727607501463382,0.06118152868435854,0.25369496391328833,0.4878474323877193,1.0,0.27605235515750737,0.31676787903269926,2.2185727878675348,323.83924247259836,4.5367265499862697e-11,0.0,2.62234678416462e-13,0.0,0.0,-6.898427010182395e-09,-3.053894817584002e-09,-1.1888699191775487e-08,-4.31823556773514e-09
equilibrium_sigma_1.35,308.0,25.22103115012817,7.3065621125751345,5.457782254101018,3.696,5.839503771929583,2.6563269851897333,6.570321713711309,1.7010747052237027,10.428596043883362,4.970813789782343,1.6411787981681565,3.5589014063129953,3.805249791803538,2.6820230647650423,2.8743217137113084,2.143503771929583,3.6105621125751344,0.07141236135016173,0.048696749802456966,0.08004064639337863,0.06804064639337863,0.03324736262752177,0.0933178443052185,0.0813178443052185,0.05700267826647121,0.47891104967690484,0.1016822431541515,0.15804064639337861,0.10804064639337861,0.1281157403894954,0.597422653584536,0.4953549174721295,0.22436703746548853,0.6137247378911904,0.20199589088749195,0.06297157014968228,0.2535175612090638,0.48151497775376184,0.9999999999999998,0.2697268220983609,0.30936081151282124,2.2424009100718916,324.48504266966734,4.1454839561083645e-11,0.0,2.113864638886298e-13,-2.220446049250313e-16,0.0,6.726525697553498e-09,2.925522921137791e-09,1.1446238054602098e-08,4.173423259756781e-09
equilibrium_sigma_1.35,309.0,24.22103115012817,7.379284053657104,5.506930299637334,3.708,5.921324606870033,2.6902801982582565,6.665635818253725,1.759384978768447,10.596944742988338,5.090014443351004,1.648397714435656,3.571602022346601,3.9290892551604357,2.761617284538638,2.957635818253725,2.2133246068700325,3.6712840536571036,0.07406327665326297,0.049611758474461025,0.08365176440090336,0.07165176440090336,0.03467793191339884,0.09736326603615453,0.08536326603615453,0.05965254781248319,0.4898538315178889,0.10127869842465294,0.16165176440090334,0.11165176440090334,0.12750467025999482,0.6070886442887525,0.49138470129028644,0.22452489749455512,0.6274532334076177,0.20687896333847539,0.06479372199611895,0.25326591050402414,0.47506140416138143,1.0,0.2632506083265358,0.3017215099649665,2.265796707299314,325.1167854182858,3.6339820042030624e-11,0.0,1.6631140908884845e-13,-1.1102230246251565e-16,0.0,3.926099820250606e-09,1.7133601343255478e-09,6.723797379981633e-09,2.456164646669201e-09
equilibrium_sigma_1.35,310.0,23.22103115012817,7.454755975878351,5.557032266893855,3.72,6.006915296557287,2.725722963652159,6.765160641856763,1.8204536071226283,10.770711441087926,5.213679174194071,1.6539709659270794,3.5845377646720955,4.056799763360134,2.844693084754474,3.045160641856763,2.286915296557287,3.734755975878351,0.07691625412710969,0.05060631106951309,0.08758709670030498,0.07558709670030499,0.03622892929620353,0.10174610448832055,0.08974610448832056,0.06252399253003915,0.5017790809100151,0.10085376811192415,0.165587096700305,0.115587096700305,0.12668785734755483,0.6169890512765996,0.4873182007904633,0.22467453299918874,0.6416137542768072,0.21193376811731254,0.06664595805738702,0.2529325333709354,0.468487740454365,1.0,0.2566173356446782,0.2938437737339524,2.288734980496078,325.73375493171415,3.022559980081496e-11,0.0,1.2279066652354231e-13,0.0,0.0,-1.0471408323775577e-08,-4.5799280756764205e-09,-1.8038559757016515e-08,-6.604314747860052e-09
equilibrium_sigma_1.35,311.0,22.22103115012817,7.533192432642181,5.608173151507921,3.732,6.096621479422195,2.7627835420352738,6.869255281506478,1.8845168098569767,10.950351533806717,5.342178382298797,1.657755825838234,3.5977239162672774,4.188711028739907,2.9316234986018914,3.1372552815064774,2.364621479422195,3.801192432642181,0.07999700110128204,0.05169161950503209,0.09189073639506737,0.07989073639506737,0.03791648284811213,0.10651098196312603,0.09451098196312603,0.06564716399370951,0.5148204133183859,0.1004070898662363,0.16989073639506735,0.11989073639506735,0.12565136215776967,0.6271343040987657,0.48315113213128474,0.2248152156257041,0.6562074144624364,0.21716954889522608,0.06852584862068543,0.25250941442542724,0.46179518805866115,1.0,0.24982001625382697,0.2857212848988336,2.3111939694656423,326.3351904560483,2.3385737790704297e-11,0.0,8.348877145181177e-14,0.0,0.0,2.2368623064927817e-09,9.591082372750748e-10,3.801666023650618e-09,1.3980117410938853e-09
equilibrium_sigma_1.35,312.0,21.22103115012817,7.614836023157102,5.660450152378795,3.744,6.190836897310042,2.8016078157856033,6.978327527573929,1.9518437420083155,11.136382792644268,5.475932640265473,1.6595896131569479,3.6111764312194987,4.3251986803612406,3.0228334687165104,3.2343275275739285,2.446836897310042,3.870836023157102,0.08333608487460618,0.05288095240538366,0.09661510625483807,0.08461510625483808,0.0397598251668704,0.11171097519913076,0.09971097519913076,0.06905799597944906,0.5291366856207214,0.09993817068901564,0.17461510625483806,0.12461510625483806,0.12438043489087071,0.6375358795840583,0.4788787813115849,0.2249461551002203,0.6712326245714568,0.2225964279291168,0.07043050167553103,0.2519879806069236,0.4549850897884285,0.9999999999999999,0.2428509606786809,0.2773475723425779,2.3331562041703804,326.9202829881992,1.6148860026987677e-11,0.0,5.46229728115577e-14,2.220446049250313e-16,0.0,1.3375282409411327e-08,5.736584228477337e-09,2.2845844230290346e-08,8.425301595282875e-09
equilibrium_sigma_1.35,313.0,20.22103115012817,7.699962842136284,5.713974967512301,3.7560000000000002,6.290012725400731,2.8423627733108336,7.092843332911146,2.0227429725020665,11.329397366043722,5.615422398531421,1.6592857240529382,3.624911965055298,4.466693252244685,3.1188094971222493,3.3368433329111458,2.534012725400731,3.9439628421362833,0.08697014781264271,0.05419012702047368,0.1018230200444952,0.0898230200444952,0.04178207684007381,0.11740971847640225,0.10540971847640225,0.0727996464688907,0.5449182425590763,0.09944634403499303,0.17982302004449519,0.1298230200444952,0.12285944802803113,0.648206466755596,0.4744959364326089,0.22506649078197052,0.6866845606978518,0.22822553864615866,0.07235649335935224,0.2513590794270268,0.4480588885674624,1.0,0.23570166727375064,0.2687159620471899,2.354609505597999,327.48817175182575,8.887113267519453e-12,0.0,3.108624468950438e-14,-1.1102230246251565e-16,0.0,-1.1260841842331004e-08,-4.826377686395489e-09,-1.9323006819615962e-08,-7.148938427348206e-09
equilibrium_sigma_1.35,314.0,19.22103115012817,7.788889310993959,5.768876645319697,3.7680000000000002,6.394669240087074,2.8852408842023136,7.213338680053024,2.097570606236604,11.530076776048446,5.761200130728749,1.6566286435174913,3.6389479089811827,4.613691439178281,3.220111657112045,3.4453386800530237,2.626669240087074,4.020889310993958,0.09094350760601154,0.05563815007122194,0.10759038675685625,0.09559038675685626,0.04401127829394941,0.12368416547836603,0.11168416547836603,0.07692439228268455,0.5623951113844128,0.09893071427001027,0.18559038675685624,0.13559038675685625,0.12107181991128027,0.6591601629950102,0.46999680712538283,0.22517528147566782,0.7025545472444652,0.23406918397161952,0.07429978351862282,0.250612967205671,0.44101806530408666,1.0,0.22836269079334312,0.2598195119540846,2.375548168224423,328.03794046051473,1.978861519091879e-12,0.0,1.4210854715202004e-14,0.0,0.0,-1.6657534018804654e-08,-7.128056860039589e-09,-2.8705820012686623e-08,-1.0657736075614377e-08
equilibrium_sigma_1.35,315.0,18.22103115012817,7.881980858578812,5.825305174557934,3.7800000000000002,6.505410613437717,2.9304656693806788,7.340434639140068,2.1767405955957946,11.739210902925919,5.913905728367985,1.6513676147595477,3.6533024279131654,4.766770389138701,3.327388741172215,3.560434639140068,2.7254106134377167,4.101980858578812,0.0953102859171384,0.05724806375078567,0.11400980434516558,0.10200980434516559,0.046481766003718415,0.1306282592761221,0.1186282592761221,0.08149614765695645,0.5818478919550472,0.09839008535105011,0.19200980434516557,0.14200980434516558,0.11899992867500986,0.6704127117963922,0.4653749268954819,0.22527149309233385,0.7188293445719592,0.24014102818742192,0.07625561323546264,0.2497393011580506,0.43386405741906486,1.0,0.22082348309641722,0.2506509253334193,2.3959743751724374,328.5686133748318,-4.210853887798294e-12,4.440892098500626e-16,5.773159728050814e-15,-1.1102230246251565e-16,0.0,2.971855393718581e-08,1.2435584381687015e-08,5.0493565856291056e-08,1.8843818547220614e-08
equilibrium_sigma_1.35,316.0,17.22103115012817,7.9796631006747525,5.883436064434805,3.7920000000000003,6.622943926386334,2.978298889393336,7.474856719899778,2.26073800060109,11.95772233281676,6.074286268381955,1.6432085136035584,3.6679945024147345,4.926606097993291,3.441397621278784,3.6828567198997777,2.830943926386334,4.187663100674753,0.10013727684774938,0.059048078713323564,0.12119540421719863,0.10919540421719863,0.049236034229785806,0.13835787672000777,0.12635787672000776,0.08659385886122806,0.603622437021814,0.09782286921715215,0.1991954042171986,0.14919540421719862,0.11662501555989713,0.68198179527792,0.4606230329765877,0.22535398358884667,0.7354903302973919,0.24645633244477444,0.07821837990444862,0.24872713080134173,0.4265981568494353,1.0000000000000002,0.21307219716379355,0.24120243488538695,2.4158999146363875,329.07915114595653,-9.372058684675721e-12,4.440892098500626e-16,4.440892098500626e-16,0.0,0.0,-2.445428054498322e-09,-1.0200992342501713e-09,-4.170768147515602e-09,-1.5627931657102856e-09
equilibrium_sigma_1.35,317.0,16.22103115012817,8.082436374317643,5.943476241537438,3.8040000000000003,6.748103837270887,3.02904991126095,7.617460008343468,2.350136220590287,12.186697897769488,6.24322165623205,1.6318032830834577,3.6830439749036166,5.093997307451593,3.56302826638227,3.8134600083434673,2.9441038372708865,4.278436374317643,0.10550788341935259,0.0610731138299492,0.12928948373970126,0.11728948373970126,0.0523272940644426,0.14701759859292451,0.1350175985929245,0.09231615442306662,0.6281499507263674,0.0972269658850195,0.20728948373970124,0.15728948373970125,0.11392707629243531,0.6938873924675226,0.45573291916796943,0.2254214843693681,0.7525125505969684,0.2530322439047375,0.0801814810085075,0.24756490586289073,0.41922136922386427,1.0,0.20509544704675983,0.23146565204654465,2.4353482833444633,329.5684465624325,-1.3268497411900171e-11,0.0,4.440892098500626e-15,0.0,0.0,-4.841179580827859e-08,-2.0117330766511454e-08,-8.286825339820503e-08,-3.11855377493897e-08
equilibrium_sigma_1.35,318.0,15.22103115012817,8.19089491774566,6.005671755782804,3.8160000000000003,6.881885073833285,3.0830881003255195,7.769262296796454,2.445619716998819,12.427430138693477,6.4217583829106735,1.6167360070399548,3.698471599100034,5.269897024225173,3.6933365651276184,3.953262296796454,3.0658850738332846,4.374894917745658,0.11152761092097384,0.06336692504099918,0.1384717455777281,0.12647174557772808,0.055823052697588235,0.1567901394672333,0.1447901394672333,0.09878782524008756,0.6559749865991761,0.09659960567935286,0.2164717455777281,0.1664717455777281,0.11088474028568994,0.7061522239003954,0.4506952532201709,0.22547257711795782,0.7698636213508626,0.259888154924303,0.08213711676266806,0.24624050340454967,0.4117342249084792,1.0,0.19687800998673502,0.22143136993284276,2.454357308959505,330.03532032498515,-1.5767831484936323e-11,0.0,1.4210854715202004e-14,-1.1102230246251565e-16,0.0,4.838596720513344e-08,1.9630735023645762e-08,8.16554137916814e-08,3.090471435707176e-08
equilibrium_sigma_1.35,319.0,14.22103115012817,8.305752650665363,6.07031803562368,3.8280000000000003,7.025486027986493,3.1408595212694257,7.931488521543091,2.548014509826948,12.681472796826625,6.611154761202945,1.5975042652152274,3.7142990911316653,5.455454868056725,3.833588183621628,4.103488521543091,3.1974860279864927,4.477752650665363,0.11833187233791372,0.06598510723731654,0.14897242295873606,0.13697242295873605,0.059810218138324794,0.16790973308644652,0.1559097330864465,0.10616902689219998,0.6877952210870789,0.09593714119302152,0.22697242295873604,0.17697242295873605,0.10747513776315747,0.7188023156560785,0.4454993451620033,0.2255056646476199,0.7875024617298164,0.2670461576738433,0.0840760398350532,0.2447412648082385,0.404136537682865,1.0,0.18840244851042734,0.21108930012129173,2.4729824855055895,330.47851692895,-1.6848744621711376e-11,0.0,2.4424906541753444e-14,-1.1102230246251565e-16,0.0,3.6851633966605846e-08,1.487343199990665e-08,6.240026625969897e-08,2.3731674195226482e-08
equilibrium_sigma_1.35,320.0,13.22103115012817,8.427878419838938,6.137773764229114,3.84,7.180368250530819,3.202909837063732,8.105631407245973,2.658329818761591,12.950716357404826,6.812942593175712,1.573493722374502,3.730549179983025,5.6520749430852995,3.9853182210926583,4.265631407245973,3.340368250530819,4.587878419838939,0.12609733398195305,0.06899941873937301,0.16109133694306801,0.149091336943068,0.06440254199146436,0.18068155558381704,0.16868155558381703,0.11466863820031037,0.7245192028577818,0.09523476875038346,0.239091336943068,0.189091336943068,0.10367375541233884,0.7318677210057457,0.44013285089060294,0.22551893371217255,0.8053778252773569,0.2745316253092943,0.08598723154480693,0.24305406024762016,0.39642708289827866,1.0000000000000002,0.17964862692615036,0.20042772150311672,2.491301292647672,330.89670095389954,-1.6608936448392342e-11,-4.440892098500626e-16,3.108624468950438e-14,2.220446049250313e-16,0.0,-9.950339763253879e-08,-3.992569197475149e-08,-1.6904485047875006e-07,-6.462079667202136e-08
equilibrium_sigma_1.35,321.0,12.22103115012817,8.558345094249457,6.208480003380826,3.852,7.34833918193371,3.269916305608394,8.29353582496545,2.777816015122573,13.237492846974419,7.029012843593593,1.5439428041622767,3.747245651492512,5.861496417595045,4.150413955860702,4.441535824965449,3.49633918193371,4.706345094249457,0.13505883702564359,0.07250416274880642,0.17522625691165547,0.16322625691165546,0.06975174523923759,0.19551062075073844,0.18351062075073843,0.1245641430736022,0.7673522936716832,0.0944861484701938,0.25322625691165546,0.20322625691165547,0.09945428418390488,0.7453834501806438,0.4345813902776541,0.22551030688833154,0.8234265764995073,0.2823739616588034,0.08785747257336507,0.2411654184809438,0.3886031472868878,1.0,0.17059308837896864,0.18943301309736765,2.509418905881535,331.2884544087605,-1.5260681607287552e-11,-8.881784197001252e-16,3.375077994860476e-14,2.220446049250313e-16,0.0,1.160022330970456e-08,4.536276312916421e-09,1.9429501063594756e-08,7.47460339456385e-09
equilibrium_sigma_1.35,322.0,11.22103115012817,8.69849972967898,6.282987227971724,3.864,7.531670188895702,3.3427336579490894,8.49751908708182,2.9080473067021506,13.544724915109343,7.26173768713762,1.5078924539473988,3.7644133768684966,6.0859086505393245,4.331232592913462,4.63351908708182,3.667670188895702,4.8344997296789805,0.1455353352299008,0.07662587669062727,0.19191632724128319,0.17991632724128317,0.07606463067812567,0.21294598782084506,0.20094598782084505,0.13623205949553352,0.8179282643675247,0.09368288152981163,0.26991632724128317,0.21991632724128318,0.09478846578551417,0.7593907033906782,0.42882804071842145,0.22547737934197712,0.841571673325706,0.29060759286744237,0.08967076914554341,0.23906171696010703,0.3806599210269071,0.9999999999999998,0.1612082287282456,0.17808901304835564,2.527475949256846,331.6522756735932,-1.3109513474773848e-11,0.0,3.597122599785507e-14,-1.1102230246251565e-16,0.0,1.7748310832121916e-07,6.89017249921875e-08,2.9820062769081446e-07,1.1537508738668212e-07
equilibrium_sigma_1.35,323.0,10.22103115012817,8.850066697650343,6.361994611933473,3.876,7.733269759150916,3.4224617638596677,8.720547308238572,3.05104302416575,13.876143880106724,7.514149268173251,1.4641127253488486,3.7820783126689244,6.328120356867964,4.530773639341392,4.844547308238573,3.8572697591509164,4.974066697650343,0.15797097556289313,0.08153853430060791,0.2119107929231244,0.1999107929231244,0.08363028863090986,0.23375064945874158,0.22175064945874157,0.1501960610572617,0.8785175543124981,0.09281377919012393,0.2899107929231244,0.2399107929231244,0.08964594829524854,0.7739385479186435,0.42285264828082386,0.22541733403138328,0.8597197922982747,0.29927331083064174,0.09140757272613281,0.23672944785451108,0.37258966858871434,1.0,0.15146117289450886,0.1663761177432878,2.5456593120035893,331.9865809170737,-1.049116349349788e-11,0.0,3.1530333899354446e-14,2.220446049250313e-16,0.0,-1.633093259789664e-07,-6.289984455509767e-08,-2.752395607819036e-07,-1.0713506468085221e-07
equilibrium_sigma_1.35,324.0,9.22103115012817,9.015303763568813,6.446408780117222,3.888,7.956945164343288,3.5105484163860936,8.966501775600374,3.2094508908189394,14.236618152933213,7.7902093728159905,1.4109921832563668,3.800267443829958,6.591815548081853,4.752938964119752,5.078501775600374,4.068945164343288,5.127303763568813,0.1730027878827896,0.08748830780034962,0.23628199825656673,0.22428199825656672,0.09286505107086178,0.2590163606353002,0.2470163606353002,0.16720606970332952,0.9523696916865658,0.09186380936316364,0.3142819982565667,0.26428199825656673,0.08399417592710905,0.7890862241646351,0.4166308805190443,0.22532682544164373,0.8777584540160839,0.30842011897866445,0.09304367917702122,0.23415569587044566,0.36438050597386873,1.0,0.14131222980969443,0.15427001236888369,2.5642176771378646,332.2897105586359,-7.769784815536696e-12,-4.440892098500626e-16,2.708944180085382e-14,-1.1102230246251565e-16,0.0,-5.8363797711402654e-08,-2.217336991794383e-08,-9.821647331542671e-08,-3.847919309574177e-08
equilibrium_sigma_1.35,325.0,8.22103115012817,9.197247671372361,6.537435105988279,3.9,8.207813410206267,3.6089516696740898,9.240596975143042,3.386834768172088,14.632667295971395,8.095232189983115,1.346364984345723,3.8190086265639813,6.88195610387749,5.002940708247042,5.3405969751430415,4.307813410206267,5.297247671372361,0.19157738907790972,0.09483577676463073,0.2666198612960791,0.2546198612960791,0.10439025251418532,0.29036107848767756,0.27836107848767755,0.18837429209161982,1.0443026099881183,0.0908125440438282,0.3446198612960791,0.2946198612960791,0.07779835315819553,0.804906434771199,0.41013287549582966,0.22520181586434496,0.8955525054187407,0.31810785559784505,0.09454863968226158,0.23132891440409048,0.3560145903158029,1.0,0.1307126887032966,0.14173981270900862,2.583484590876214,332.5599438451933,-5.261568958303542e-12,-4.440892098500626e-16,1.865174681370263e-14,-1.1102230246251565e-16,0.0,4.178428417156432e-08,1.5569200498277702e-08,6.9904580124458e-08,2.7584387496393248e-08
equilibrium_sigma_1.35,326.0,7.221031150128169,9.400119191945544,6.636726348791578,3.912,8.492977754234042,3.7204086610292593,9.550067880499844,3.5881479588996186,15.073305085262145,8.436578736470567,1.2672280632734139,3.8383302633303966,7.205445564260233,5.28797208796588,5.638067880499844,4.580977754234042,5.488119191945544,0.21516353863871346,0.10413195739676151,0.30538562752481474,0.29338562752481473,0.11917442395374009,0.3302876631039453,0.3182876631039453,0.2154224323769327,1.1617746288630748,0.08963180535166805,0.3833856275248147,0.3333856275248147,0.07102154929977678,0.8214902561170436,0.4033212244319254,0.2250373365745918,0.9129397549763121,0.32841108610893227,0.09588340889914598,0.22824008379164326,0.34746542120027846,1.0,0.11960152840158075,0.1287452128856492,2.603914312959275,332.79552547693777,-3.19033688356285e-12,0.0,1.4654943925052066e-14,-2.220446049250313e-16,0.0,1.0105287273631802e-08,3.68866132083312e-09,1.6803847369128988e-08,6.6814779542401226e-09
equilibrium_sigma_1.35,327.0,6.221031150128169,9.63002829311707,6.746637867024479,3.924,8.822703054842158,3.8489055788441378,9.90536296535933,3.82055509701037,15.57149879187289,8.824860924848412,1.1692525643898146,3.858260665298638,7.5722843415981265,5.618372407912228,5.981362965359331,4.898703054842159,5.70602829311707,0.24616686525407,0.11626476284098386,0.3566005471097913,0.34460054710979127,0.13881167861854524,0.3828814808493064,0.3708814808493064,0.2511626103474107,1.3169713548781552,0.0882819223138992,0.43460054710979124,0.38460054710979125,0.06362508707095256,0.838954707945819,0.39614786255114326,0.224827125215643,0.929725258306822,0.3394250777231997,0.09699667069873898,0.22488481936759439,0.33869343221046694,0.9999999999999999,0.1079003456763013,0.11523199114634683,2.626140171404016,332.99471587567626,-1.6822099269120372e-12,0.0,9.769962616701378e-15,-1.1102230246251565e-16,0.0,3.409489260364218e-08,1.2272113839029153e-08,5.6715672103191395e-08,2.272580346129871e-08
equilibrium_sigma_1.35,328.0,5.221031150128169,9.896293862388932,6.870698326882669,3.936,9.212610540800458,4.000561065604584,10.32236902573778,4.094965464819663,16.14688310068693,9.276184773804262,1.045878411666596,3.8788268683542286,7.997730924493475,6.00980229232416,6.38636902573778,5.276610540800458,5.960293862388932,0.2888120018478761,0.13276654904881666,0.42730783499570935,0.41530783499570934,0.166116189813721,0.45528950211704,0.44328950211704,0.3005173049519527,1.5312358636233614,0.08670548555116214,0.5053078349957093,0.4553078349957093,0.05556945560320976,0.8574552261212369,0.38854894601168455,0.22456304411336533,0.9456735931588539,0.3512755741792038,0.0978188381622359,0.22126702351794822,0.3296385641406121,1.0,0.09550499849877125,0.10112442790567562,2.6510758270845174,333.15588047305613,-7.362999099314038e-13,0.0,0.0,-2.220446049250313e-16,0.0,3.221689209853551e-08,1.1392766396944864e-08,5.348349713107936e-08,2.1612251294156337e-08
equilibrium_sigma_1.35,329.0,4.221031150128169,10.214153486713563,7.014561254153955,3.948,9.68817332798271,4.185448552362594,10.826962144360666,4.4291706066622005,16.831295524379637,9.816734270225682,0.8864750356461077,3.900052420726332,8.506737832158063,6.487701005365183,6.878962144360665,5.74017332798271,6.266153486713563,0.35124592819745476,0.15653736131621276,0.5310505761382217,0.5190505761382217,0.20654544476533226,0.561234666482946,0.5492346664829459,0.37294344435334637,1.8456078064794599,0.08481615691407994,0.6090505761382218,0.5590505761382217,0.0468162476474885,0.8772077714106884,0.3804357709279802,0.22423407840397674,0.9604976810400709,0.36413599294222115,0.09825154411209719,0.21740584689162143,0.32020661605406026,1.0,0.08227079315483876,0.08631157733416017,2.680105929844431,333.2776526308472,-2.4513724383723456e-13,0.0,1.7763568394002505e-15,2.220446049250313e-16,0.0,-8.112088872858081e-08,-2.814770461156968e-08,-1.3436352030993248e-07,-5.479403519803583e-08
equilibrium_sigma_1.35,330.0,3.2210311501281694,10.61108884801861,7.18818928987157,3.96,10.295181811015782,4.421871444159868,11.465586646687148,4.855140577451966,17.681605070283673,10.493415780412104,0.6721001526427886,3.921953140415026,9.144302890734272,7.097672719877577,7.505586646687148,6.335181811015782,6.6510888480186106,0.4514142768210055,0.19383594771341503,0.6975639585197303,0.6855639585197303,0.27219427562599036,0.7307973374270915,0.7187973374270915,0.4891813813490131,2.3501938136961527,0.08247657983941716,0.7755639585197304,0.7255639585197303,0.03733217038070346,0.8985323613348645,0.3716768930665316,0.2238244298572676,0.9738411888747894,0.37826099211932557,0.09814750724806669,0.21335018154627453,0.3102413190863332,1.0,0.0679833179056408,0.07061970475582019,2.715488561034831,333.3592417114241,-5.240252676230739e-14,-8.881784197001252e-16,-1.7763568394002505e-15,-2.220446049250313e-16,0.0,-2.7569757865553157e-08,-9.357689928490842e-09,-4.5487348110384573e-08,-1.8740029084085563e-08
equilibrium_sigma_1.35,331.0,2.2210311501281694,11.1446877210251,7.411910047394398,3.972,11.12920509836077,4.748502989373821,12.334990339466689,5.439540298733875,18.815655308022755,11.403745260628357,0.36369066331169453,3.944528468144905,10.004692843966993,7.934773939626186,8.36299033946669,7.157205098360771,7.172687721025101,0.6379104548758663,0.261231099624489,1.0070651094698868,0.9950651094698868,0.3960374991734799,1.0449771386955575,1.0329771386955575,0.7051100655885989,3.2880760893026872,0.07944800927033568,1.0850651094698869,1.0350651094698868,0.027097621114879032,0.9219529950308993,0.3620570846336047,0.22330931223616857,0.9852472320216011,0.3940627655921327,0.09726680634771773,0.20921366665263325,0.2994567614075163,1.0,0.05229149332929744,0.05374793449392106,2.7613655330918867,333.401060338775,-6.217248937900877e-15,0.0,-2.6645352591003757e-15,2.220446049250313e-16,0.0,-9.621082752708787e-08,-3.2007846650916605e-08,-1.5848092238535116e-07,-6.604884567051883e-08
equilibrium_sigma_1.35,332.0,1.2210311501281694,11.972397567633887,7.73957714836645,3.984,12.450213375544447,5.272113545502229,13.697731495858932,6.363462495223446,20.551388273532172,12.811811125165722,-0.14326681122471996,3.967741649903104,11.345579762409749,9.257788190403472,9.713731495858932,8.466213375544447,7.988397567633887,1.1025488140943267,0.4224530778288428,1.774750522205261,1.762750522205261,0.70932666179446,1.8214391850670824,1.8094391850670823,1.2400065132144173,5.614395521834124,0.07524462360835504,1.8527505222052612,1.802750522205261,0.016126896493360177,0.9484936297164216,0.3511557646831439,0.22264306930789626,0.9940911876094732,0.4123344979970938,0.09516417381847579,0.20528457776302325,0.2872167504214071,0.9999999999999999,0.034509268089997526,0.035074917656557965,2.827217821739684,333.406183276222,2.6645352591003757e-15,-8.881784197001252e-16,1.0658141036401503e-14,0.0,0.0,-2.349701833104234e-07,-7.59158960139672e-08,-3.840059570325849e-07,-1.6253758261530749e-07
equilibrium_sigma_1.35,333.0,0.22103115012816943,13.957660361015037,8.45436710726685,3.996,15.67264494383361,6.586969034551428,16.97899319378233,8.610962448464077,24.601901462050964,16.147534354784113,-1.401905244115571,3.9914636744223455,14.581941236000171,12.48355270118842,12.98299319378233,11.67664494383361,9.961660361015037,4.111041282252084,1.4045832611299478,6.693145048169841,6.681145048169841,2.785321617485701,6.7801464028500265,6.768146402850027,4.66380414767476,20.518621358090428,0.06845407576938034,6.771145048169841,6.721145048169841,0.004526051993426169,0.9812411474933692,0.33770502497401983,0.22170021468024959,0.9993723399682177,0.4354136243944451,0.09098578824602721,0.20279341431540177,0.270807173044126,1.0,0.012568431179442625,0.012625575189195855,2.9555234653473286,333.38476605962546,1.3517365005100146e-10,-8.881784197001252e-16,1.5987211554602254e-14,-2.220446049250313e-16,0.0,-3.407672807131945e-05,-1.0618291245156897e-05,-5.450894652536675e-05,-2.3798581330947144e-05
equilibrium_sigma_1.35,333.22103115012817,0.0,15.340417003586229,8.914628883492929,3.998652373801538,17.916455798428817,7.532003307638431,19.2524400090143,10.177337145222847,27.351054479876304,18.436425596383373,-2.2723744551209304,3.996760298369814,16.84422141851235,14.744839428745653,15.253787635212763,13.91780342462728,11.341764629784691,10.196736454970054,3.30761720733173,16.421999999998775,16.409999999998774,6.986026247669761,16.69171884820643,16.67971884820643,11.516944359886903,49.999999999996284,0.06615234414663952,16.499999999998774,16.449999999998774,0.0018902865853931742,0.9907011542443809,0.3338194147936969,0.22140300234076563,0.9998688789817832,0.44219053610497505,0.089975434986547,0.20493472909941632,0.26289929980906157,1.0,0.006230226656264812,0.006242025874040182,3.0228956228956227,333.3789285319062,-1.2797940485143044e-10,1.7763568394002505e-15,1.7763568394002505e-14,0.0,0.0,0.0,-4.440892098500626e-16,0.0,0.0
