scenario,time,time_to_terminal,log_capital,log_capability,log_population,log_consumption,log_shadow_value,log_output,log_wage,log_ai_services,log_human_research,log_production_labor,log_automated_research,log_effective_research,log_output_per_capita,log_consumption_per_capita,log_capital_per_capita,capital_growth,capability_growth,consumption_growth,consumption_per_capita_growth,shadow_growth,output_capital_ratio,capability_growth_to_output_capital,gross_capital_return,net_capital_return,human_research_share,ai_share,automated_research_share,inference_share,research_resource_share,investment_share,consumption_share,resource_share_sum,production_labor_share,aggregate_labor_share,shadow_capability_to_capital,output_growth,output_per_capita_growth,wage_growth
equilibrium_sigma_1.5,0.0,280.29218803681806,0.9200248718261719,0.0,0.0,-0.4428430520911405,-0.7870392129332987,-0.032062534271453835,-0.4880414616817609,-4.379436098541274,-6.9462167682226825,-0.0009627320395343301,-9.160378108391939,-7.480191199054072,-0.032062534271453835,-0.4428430520911405,0.9200248718261719,0.07497265420291713,0.0033968198609507353,0.04935841135525134,0.037358411355251336,0.04761821884964049,0.38593457986439794,0.008801543158284087,0.12735841135525133,0.07735841135525133,0.0009622687617270799,0.054899580254145916,0.1510845629834345,0.012940756049862069,0.00010854827271398318,0.3238182342894165,0.6631324613880076,1.0000000000000002,0.6332172812297222,0.6338271933382047,0.1813975795128006,0.03399772472641663,0.021997724726416628,0.021338058489439427
equilibrium_sigma_1.5,1.0,279.29218803681806,0.9907432700626344,0.0034379105007815406,0.012,-0.3959319498111061,-0.7418396997350479,0.0006273832288480885,-0.4679803549543999,-4.33132207300411,-6.897003380915312,0.011000748237586847,-9.071042507628547,-7.424864106212798,-0.011372616771151912,-0.4079319498111061,0.9787432700626344,0.06672024785527843,0.0034782649157152146,0.0446060987813675,0.0326060987813675,0.04292181503590978,0.3715336326708106,0.009361911304533382,0.1226060987813675,0.07260609878136749,0.0009987526766221035,0.05552817525011664,0.15367561024299098,0.013096799825686858,0.00011487455042964406,0.3141579593110374,0.6726303663128461,1.0,0.6327961225824218,0.6334287612531728,0.17743604243713412,0.03138211027418722,0.01938211027418722,0.01878415496528263
equilibrium_sigma_1.5,2.0,278.29218803681806,1.0539185471032566,0.006955163458993563,0.024,-0.35337802088488723,-0.7009451822299281,0.030701686276920603,-0.4504731517511956,-4.287005159553869,-6.850817045518893,0.022965978882003208,-8.989841765824368,-7.3732568856954455,0.006701686276920603,-0.37737802088488726,1.0299185471032566,0.0598309301083885,0.0035556069950249173,0.040614150662689245,0.028614150662689245,0.038978472257931406,0.3594368201899674,0.009892161279263846,0.11861415066268925,0.06861415066268925,0.001033486702375446,0.05609645272062009,0.15596641793478735,0.013238023669507215,0.0001209004048031644,0.3055639376353856,0.6810771382903039,0.9999999999999999,0.6324153766771844,0.6330696457377321,0.17413776052306015,0.028976190852880473,0.016976190852880473,0.016435232218433765
equilibrium_sigma_1.5,3.0,277.29218803681806,1.1107632608379112,0.010547944597164583,0.036000000000000004,-0.3145022701742386,-0.6636835137328682,0.058579764934609035,-0.43510989051753235,-4.245863016273316,-6.807194244280814,0.03493273999919563,-8.91549244211756,-7.324810598026085,0.02257976493460903,-0.35050227017423863,1.0747632608379112,0.05401836093538337,0.0036294065452792167,0.03722758336777323,0.02522758336777323,0.03563409615355011,0.3491744950538582,0.010394248711434096,0.11522758336777322,0.06522758336777322,0.001066690681404997,0.05661362328050975,0.15799955750895098,0.013366673450687924,0.00012665138992354552,0.2978979347255564,0.688608740433832,0.9999999999999999,0.6320688724020583,0.6327438143325236,0.1713753960696834,0.026947073392100118,0.014947073392100118,0.01445457515783699
equilibrium_sigma_1.5,4.0,276.29218803681806,1.162242851423414,0.014212953068653776,0.048,-0.2787599750379933,-0.6295159905237148,0.08459583306112084,-0.42156400143552164,-4.207400120007219,-6.765760351793591,0.04690084197393555,-8.846966771464881,-7.279071730240452,0.03659583306112084,-0.3267599750379933,1.114242851423414,0.04907017569657618,0.00370013344901448,0.034330524407623374,0.022330524407623373,0.032773586054583054,0.34039552850794963,0.010870100042833161,0.11233052440762338,0.06233052440762338,0.0010985541731448464,0.05708715706301129,0.15981000388090244,0.01348457409990357,0.0001321513627890975,0.29104429229969303,0.6953389822376143,1.0,0.6317516047677824,0.632446381379337,0.16905251226222537,0.02522025322541227,0.01322025322541227,0.012769252435458095
equilibrium_sigma_1.5,5.0,275.29218803681806,1.2091377213936676,0.017947320829626218,0.06,-0.24570774563692402,-0.5980045225246831,0.10902027138543358,-0.40957138564661616,-4.171215910870143,-6.726208408033852,0.05887011963217387,-8.78342959612586,-7.235667342757413,0.04902027138543358,-0.30570774563692404,1.1491377213936675,0.044825555564402444,0.003768186427308104,0.03183455679318021,0.01983455679318021,0.0303091943967627,0.33283199028236427,0.011321587279249487,0.10983455679318022,0.05983455679318021,0.0011292422933419026,0.057523195716631774,0.1614268385279269,0.01359322865716837,0.00013742257814019788,0.28490517237827834,0.7013641763864131,1.0,0.6314594588698567,0.6321733357372943,0.16709463956678505,0.023739398690024727,0.011739398690024726,0.011324143567700284
equilibrium_sigma_1.5,6.0,274.29218803681806,1.252086842169915,0.02174854906689648,0.07200000000000001,-0.2149802195783374,-0.5687884228641291,0.1320746304411703,-0.39891571430012107,-4.136982411128135,-6.688283962259241,0.07084042791277155,-8.724193807656757,-7.194287267152837,0.060074630441170285,-0.2869802195783374,1.1800868421699149,0.04116050343046497,0.003833907185610113,0.029671017368316933,0.017671017368316933,0.028172839182312694,0.326275810207021,0.011750510046017541,0.10767101736831694,0.05767101736831694,0.0011589000433019372,0.05792684692745048,0.16287448674897723,0.013693889183767276,0.000142485767833229,0.27939706401349185,0.7067665610349075,0.9999999999999999,0.631189012558608,0.6319213462341223,0.16544330415020306,0.022461112504336966,0.010461112504336966,0.010076800085704218
equilibrium_sigma_1.5,7.0,273.29218803681806,1.2916193103960392,0.025614456710998115,0.084,-0.18627307755255185,-0.5415675054810236,0.1539424963941075,-0.3894177854752077,-4.104428024813508,-6.651773934642349,0.08281163850158628,-8.668687922388507,-7.154670972799921,0.0699424963941075,-0.27027307755255187,1.207619310396039,0.03797788437832321,0.003897591120423792,0.027785751924918577,0.015785751924918576,0.0263108716467228,0.3205628846209654,0.012158585124514077,0.10578575192491858,0.05578575192491858,0.0011876556765064831,0.058302401618670244,0.16417364517210403,0.01378760914895384,0.00014736023086535922,0.27444813045761224,0.7116169001625686,1.0,0.6309373909154908,0.6316876183011452,0.16405191290124277,0.02135142515587618,0.00935142515587618,0.008994006729578424
equilibrium_sigma_1.5,8.0,272.29218803681806,1.3281775351955023,0.0295431384706043,0.096,-0.15933048049361984,-0.5160895922969918,0.17477748075292265,-0.3809277008409642,-4.0733256322219695,-6.616498313944016,0.09478363721158362,-8.616432132420126,-7.116597745928197,0.07877748075292265,-0.25533048049361984,1.2321775351955022,0.03520053650950708,0.003959495484915361,0.026135465039516033,0.014135465039516033,0.024680436939246014,0.3155620152712607,0.012547440101470176,0.10413546503951604,0.05413546503951604,0.0012156233190512595,0.05865349614270824,0.16534198432804756,0.01387528260754803,0.00015206391787499335,0.26999617313341,0.7159764803411668,0.9999999999999998,0.6307021575843854,0.6314697869827179,0.16288285964379953,0.020383365633130063,0.008383365633130063,0.008049399995131129
equilibrium_sigma_1.5,9.0,271.29218803681806,1.3621346592475827,0.033532929951405985,0.108,-0.13393556954197783,-0.4921410734062789,0.19470922766036763,-0.37331898548494546,-4.043483643886052,-6.582303834199812,0.1067563218743511,-8.56702022200073,-7.079879183057487,0.08670922766036764,-0.2419355695419778,1.2541346592475826,0.03276639488477186,0.004019845787691523,0.02468512045791927,0.01268512045791927,0.023246883769583032,0.31116703169066445,0.012918610836920889,0.10268512045791928,0.052685120457919274,0.0012429050785159287,0.05898323619641076,0.16639469302440685,0.013957674180664405,0.00015661351903880307,0.26598703093665493,0.719898681363642,1.0,0.6304812317484048,0.6312658352609442,0.16190544245648247,0.019535253525312393,0.007535253525312393,0.007221794329287851
equilibrium_sigma_1.5,10.0,270.29218803681806,1.3938078142067367,0.03758237849324458,0.12,-0.10990319308262145,-0.4695396857631574,0.21384798780354744,-0.3664841121823885,-4.014739193366892,-6.549059101935919,0.11872960063777854,-8.520105743130005,-7.044353387858402,0.09384798780354744,-0.22990319308262144,1.2738078142067368,0.03062497865566556,0.004078840845170509,0.02340605750261216,0.011406057502612161,0.02198188866462743,0.307291083341249,0.013273541167613142,0.10140605750261217,0.051406057502612165,0.0012695927465625112,0.05929429251760116,0.16734490413223818,0.014035442242864554,0.00016102454826073928,0.26237330995423297,0.7234302232546418,1.0000000000000002,0.6302728240132072,0.6310740310255413,0.16109434022508634,0.018789453448248172,0.006789453448248172,0.006493961917127505
equilibrium_sigma_1.5,11.0,269.29218803681806,1.4234683047884933,0.04169021875662227,0.132,-0.08707428655356006,-0.4481289369690341,0.23228813455686398,-0.36033106165069045,-3.9869529074995373,-6.516650807144079,0.13070339059607433,-8.475391347273028,-7.009880447121784,0.10028813455686397,-0.21907428655356007,1.2914683047884932,0.028734821492070572,0.004136656780728465,0.022274606178008853,0.010274606178008853,0.02086207769911332,0.3038624429636632,0.01361358363469466,0.10027460617800886,0.05027460617800886,0.0012957691691438454,0.059588975342300905,0.1682040295915164,0.014109156985199297,0.00016531141788143325,0.2591133696028565,0.7266121619940626,0.9999999999999999,0.6300753865206583,0.6308928780610823,0.16042848324070547,0.018131482389997164,0.006131482389997164,0.005851758320251976
equilibrium_sigma_1.5,12.0,268.29218803681806,1.4513496790950053,0.04585535150257784,0.14400000000000002,-0.06531139193177064,-0.42777366345777273,0.25011095258354177,-0.35478059554188457,-3.960004761788244,-6.48498068563897,0.14267761660308462,-8.43262029354854,-6.976338788444017,0.10611095258354175,-0.20931139193177067,1.3073496790950054,0.027061548642858493,0.004193450362736604,0.021271044062569945,0.009271044062569945,0.019867989025341298,0.30082134564415136,0.0139400026742023,0.09927104406256995,0.04927104406256995,0.0013215094332719574,0.05986929444834069,0.16898203405752105,0.014179315009159161,0.00016948752271874403,0.25617048044860624,0.729480717019516,1.0000000000000002,0.6298875727196117,0.6307210765720651,0.15989019332864932,0.017549347708758767,0.005549347708758767,0.005283474209261008
equilibrium_sigma_1.5,13.0,267.29218803681806,1.4776540694915106,0.050076825559680814,0.156,-0.04449511831703525,-0.4083565242108732,0.2673868299743815,-0.34976411323216844,-3.9337908244569832,-6.453963106282375,0.15465221029940207,-8.391569749570719,-6.9436222805418994,0.11138682997438151,-0.20049511831703526,1.3216540694915107,0.02557643037136008,0.0042493616994553176,0.020378807993448315,0.008378807993448315,0.018983289320396255,0.2981175999801464,0.01425397795949756,0.09837880799344832,0.04837880799344832,0.0013468818399736129,0.0601370068509395,0.16968765438705144,0.014246350932236322,0.00017356531405274614,0.2535121387546163,0.7320679449990948,1.0000000000000002,0.6297082054098705,0.6305574918446955,0.15946452932870508,0.01703301088969117,0.005033010889691169,0.004779310647647639
equilibrium_sigma_1.5,14.0,266.29218803681806,1.502557155115322,0.05435382282849935,0.168,-0.024521359173876434,-0.3897752457615415,0.2841769743629241,-0.3452219742465893,-3.908220708904715,-6.423523164988018,0.16662710934960476,-8.352045530303382,-6.911637939734009,0.1161769743629241,-0.19252135917387644,1.3345571551153221,0.0242552870934636,0.0043045163592706865,0.01958389540503868,0.00758389540503868,0.01819417911448271,0.29570877395466266,0.014556606832134932,0.09758389540503869,0.047583895405038684,0.0013719486671555864,0.06039365435746577,0.17032857388708053,0.014310646530640205,0.00017755635532226013,0.25110951596197223,0.7344022811520654,1.0000000000000002,0.6295362515804979,0.6304011295699848,0.15913878783275143,0.016574030498514997,0.004574030498514996,0.00433102948197267
equilibrium_sigma_1.5,15.0,265.29218803681806,1.526212430157207,0.058685643884381994,0.18,-0.005298882523880524,-0.3719402387748296,0.3005348909714115,-0.3411020542682231,-3.8832153820188346,-6.393595025639133,0.17860225664951418,-8.313877550995908,-6.8803039193480275,0.12053489097141151,-0.18529888252388052,1.3462124301572072,0.023077617150297852,0.0043590274014611,0.01887438267583503,0.006874382675835029,0.017488914669351686,0.29355873538131827,0.014848910545274489,0.09687438267583504,0.04687438267583503,0.001396766962215277,0.06064059680033109,0.17091157861623565,0.014372538857431422,0.0001814714091581339,0.24893695312923886,0.7365090366041714,0.9999999999999998,0.6293708001437781,0.6302511140778214,0.1589020943780613,0.016165251041970863,0.004165251041970863,0.003931649008556054
equilibrium_sigma_1.5,16.0,264.29218803681806,1.5487543646390702,0.06307169716066045,0.192,0.013252457878510922,-0.354772829414929,0.31650747644686583,-0.3373586762294772,-3.8587055423732926,-6.364120683963993,0.19057759982215927,-8.276916453241382,-6.8495480171036425,0.12450747644686583,-0.17874754212148908,1.3567543646390703,0.02202594630105642,0.004412996763034496,0.01824006684850988,0.006240066848509879,0.016857452541513114,0.2916365662076057,0.015131836245435149,0.09624006684850989,0.046240066848509884,0.0014213890461758887,0.06087903631699858,0.17144267195510535,0.014432326162282488,0.00018532047585188583,0.24697158946036868,0.738410763901497,1.0,0.6292110456676109,0.630106672389668,0.15874510173573458,0.015800565571627234,0.003800565571627234,0.003575211789704491
equilibrium_sigma_1.5,17.0,263.29218803681806,1.5703012981895392,0.06751148774003052,0.20400000000000001,0.031203372465325202,-0.33820362979356655,0.332136022114666,-0.3339516306888141,-3.8346301348658036,-6.335048821873059,0.20255309061275628,-8.241030500067192,-6.819306278886495,0.12813602211466596,-0.1727966275346748,1.3663012981895393,0.02108528530739029,0.004466516740989354,0.017672162998357034,0.005672162998357034,0.01629114955972478,0.2899156454495668,0.015406263204813284,0.09567216299835704,0.04567216299835704,0.001445863118535799,0.06111004042645618,0.17192718495435513,0.01449027354377383,0.00018911287060629725,0.24519299466284294,0.7401276189227771,1.0000000000000002,0.6290562729142742,0.6299671191377259,0.15865972882890517,0.015474745850343752,0.0034747458503437516,0.0032566184886261007
equilibrium_sigma_1.5,18.0,262.29218803681806,1.5909576166422033,0.07200460881351295,0.216,0.04861637967943999,-0.3221713099393865,0.34745696814755334,-0.330845439252225,-3.8109352342626357,-6.306333940943645,0.21452868448966023,-8.206103236262626,-6.7895219458932905,0.13145696814755334,-0.16738362032056,1.3749576166422033,0.02024271920385047,0.004519671027850794,0.017163075671444684,0.005163075671444684,0.015782536373054306,0.2883729565801354,0.015673005823605486,0.09516307567144469,0.04516307567144469,0.0014702336563221898,0.06133455917551695,0.17236985867919824,0.014546617142066795,0.00019285726458416133,0.2435828936141273,0.7416776319792215,0.9999999999999999,0.6289058453524036,0.6298318453292302,0.15863896519505477,0.015183276528638101,0.003183276528638101,0.002971465857450978
equilibrium_sigma_1.5,19.0,261.29218803681806,1.610815688000176,0.07655073336439108,0.228,0.06554691874513308,-0.3066215000695021,0.3625025751719422,-0.32800869897391216,-3.78757305212384,-6.277935584104467,0.22650434022350693,-8.1720313988648,-6.760144503312436,0.13450257517194217,-0.16245308125486693,1.382815688000176,0.019487065601453385,0.0045725357298018144,0.016706206977797476,0.004706206977797476,0.015325127441769056,0.2869885059933257,0.015932818333526413,0.09470620697779748,0.04470620697779748,0.0014945418348324955,0.061553440769325216,0.17277491995850439,0.014601567972462494,0.0001965617406869712,0.2421249079678104,0.7430769623190401,0.9999999999999999,0.628759194684552,0.6297003081384719,0.15867670403335374,0.014922255867909184,0.002922255867909184,0.0027159495948668455
equilibrium_sigma_1.5,20.0,260.29218803681806,1.6299574635304184,0.08114960693519399,0.24,0.08204427355588226,-0.291505879736502,0.3773014798833717,-0.3254135400624913,-3.764501115790395,-6.249817687287198,0.2384800195306475,-8.138723184224627,-6.7311288866337184,0.1373014798833717,-0.15795572644411773,1.3899574635304184,0.01880860027929325,0.004625180221753042,0.01629580196816096,0.0042958019681609595,0.014913268040438656,0.28574485444897263,0.016186398984059366,0.09429580196816097,0.044295801968160964,0.0015188258840953108,0.06176744458035618,0.1731461448303904,0.014655315118280101,0.00020023384206045608,0.24080433718389446,0.744340113855765,1.0,0.6286158121311612,0.629572022414707,0.15876760712566054,0.014688285438346244,0.0026882854383462433,0.0024867566356825965
equilibrium_sigma_1.5,21.0,259.29218803681806,1.6484557773672763,0.08580104157847732,0.252,0.09815232488618544,-0.27678143656458554,0.39187914604863466,-0.32303518570254697,-3.7416816022249373,-6.221948049962298,0.2504556867915359,-8.106096838179841,-6.7024348332805666,0.13987914604863466,-0.15384767511381456,1.3964557773672763,0.018198838351045854,0.004677667830721006,0.01592682513845061,0.0039268251384506105,0.014542012139197556,0.28462674284378975,0.016434393282883566,0.09392682513845062,0.043926825138450615,0.0015431213704238638,0.061977251710798036,0.17348691037803304,0.014708028323091421,0.00020388060924816608,0.23960797804749878,0.7454801130201616,0.9999999999999999,0.6284752413537652,0.6294465537824466,0.15890699701142735,0.014478401668453433,0.002478401668453433,0.0022809982227076087
equilibrium_sigma_1.5,22.0,258.29218803681806,1.6663755514682157,0.0905049096968555,0.264,0.11391025176663096,-0.2624097756448122,0.40625828322027857,-0.3208515436170761,-3.7190807204205893,-6.194297839822239,0.2624313087354713,-8.074079343868839,-6.6740262724562225,0.14225828322027856,-0.15008974823336907,1.4023755514682157,0.017650344747926594,0.004730056547394222,0.01559485239699173,0.0035948523969917302,0.014207015640349784,0.2836207648393689,0.016677398603283263,0.09359485239699174,0.043594852396991735,0.0015674615115053312,0.06218347504763739,0.17380024435356217,0.014759860466587553,0.000207508630354386,0.23852394864755747,0.7465086822555005,0.9999999999999998,0.6283370717180828,0.6293235121015875,0.159090760730238,0.014290008290776673,0.002290008290776673,0.0020961439366746493
equilibrium_sigma_1.5,23.0,257.29218803681806,1.6837747054144954,0.09526113946073218,0.276,0.12935306167210095,-0.248356597605316,0.420459162630188,-0.31884289782919767,-3.696668245344381,-6.166841217449455,0.27440685423744565,-8.042605429920297,-6.645870864221303,0.144459162630188,-0.14664693832789907,1.4077747054144953,0.017156588871685516,0.004782399513270467,0.01529598854291777,0.0032959885429177695,0.013904454880256729,0.2827151167967205,0.01691596674227058,0.09329598854291778,0.043295988542917774,0.0015918773795064397,0.06238666673198033,0.17408886228436676,0.01481094939981566,0.00021112406900114766,0.23754155643531735,0.7474363700958658,1.0,0.628200933289573,0.6292025465906186,0.1593152773647004,0.014120823021810752,0.002120823021810752,0.0019299696237421171
equilibrium_sigma_1.5,24.0,256.29218803681806,1.7007050536390427,0.10006970975056957,0.28800000000000003,0.1445121165732313,-0.23459118118058736,0.4344999292639001,-0.31699160436959184,-3.67441705837069,-6.139554962818017,0.28638229405859633,-8.011616588369648,-6.617939537465347,0.14649992926390004,-0.14348788342676874,1.4127050536390426,0.016711812479025978,0.004834745585637569,0.015026791292943535,0.003026791292943535,0.013630951637584602,0.28189936755437434,0.01715060813219106,0.09302679129294354,0.04302679129294354,0.0016163981604439958,0.06258732578284477,0.17435520545555355,0.014861419826513103,0.0002147327089115542,0.23665116051088064,0.7482726869536948,1.0,0.6280664917254939,0.6290833408804591,0.15957734940347007,0.01396883432958329,0.0019688343295832904,0.0017805151780968809
equilibrium_sigma_1.5,25.0,255.29218803681806,1.7172129657696813,0.10493064659799256,0.3,0.15941552012596777,-0.2210860024331196,0.4483968312893546,-0.3152818674730039,-3.652302809156066,-6.112418199907883,0.2983576006904457,-7.981060351666338,-6.590206150532584,0.1483968312893546,-0.14058447987403222,1.4172129657696813,0.01631092990678161,0.0048871397024934145,0.014784214224225191,0.0027842142242251906,0.013383516850756616,0.28116428552795514,0.01738179404015203,0.0927842142242252,0.042784214224225195,0.0016410513098938477,0.062785903587149,0.17460146848141,0.014911384654037246,0.00021833997689012227,0.23584407166886975,0.7490262037002029,1.0,0.6279334445966102,0.6289656094338497,0.15987415226159432,0.013832266687638178,0.001832266687638178,0.0016460506116922902
equilibrium_sigma_1.5,26.0,254.29218803681806,1.7333400633376244,0.10984401877929184,0.312,0.17408852934648308,-0.20781633017957643,0.46216446263917643,-0.31369950314620726,-3.630303559148416,-6.085412102667022,0.31033274812617717,-7.950889525771884,-6.562647126049377,0.15016446263917643,-0.13791147065351692,1.4213400633376243,0.015949432035148092,0.00493962335906161,0.014565551070793,0.002565551070792999,0.013159495701604216,0.28050166991149394,0.017609960613140727,0.092565551070793,0.042565551070793003,0.0016658627815136365,0.062982809938628,0.17482962960776566,0.014960946487338925,0.00022195098507691582,0.23511243999351936,0.749704662534065,1.0000000000000002,0.6278015173411191,0.628849093641405,0.16020318314314086,0.01370953720414339,0.0017095372041433902,0.0015250337770204014
equilibrium_sigma_1.5,27.0,253.29218803681806,1.7491236309550764,0.11480993582788976,0.324,0.1885537958417921,-0.19475998891540966,0.4758159056976414,-0.3122317999189631,-3.6083995709452337,-6.0585197230778425,0.32230771179486967,-7.921061739728216,-6.535241239570937,0.15181590569764136,-0.1354462041582079,1.4251236309550763,0.015623323757415972,0.004992234789611735,0.014368400036006958,0.0023684000360069575,0.012956532454801911,0.27990424253335444,0.017835509545793476,0.09236840003600696,0.04236840003600696,0.0016908570928443702,0.0631784163721013,0.17504146774652096,0.015010198446510498,0.00022557053696559628,0.23444919292209745,0.7503150380944265,1.0,0.627670461030692,0.628733559629501,0.16056223026637578,0.013599249901443178,0.0015992499014431776,0.0014161046922201992
equilibrium_sigma_1.5,28.0,252.29218803681806,1.7645972786971023,0.1198285431789687,0.336,0.20283176022759325,-0.1818969716010083,0.4893629624420628,-0.31086729376176686,-3.586572969654788,-6.031725708582481,0.33428246828051883,-7.891538712918464,-6.507969265816405,0.15336296244206277,-0.13316823977240677,1.4285972786971022,0.015329041700098148,0.005045009509569703,0.01419061522233634,0.0021906152223363402,0.012772522601393353,0.2793655006737465,0.01805881362373894,0.09219061522233635,0.042190615222336345,0.0017160576059438374,0.06337306214758588,0.17523859247564724,0.015059225654806697,0.00022920318538945187,0.23384792160286053,0.7508636495569433,0.9999999999999999,0.6275400483611174,0.628618794424529,0.1609493262837308,0.013500179305559884,0.0015001793055598837,0.0013180695053292557
equilibrium_sigma_1.5,29.0,251.29218803681806,1.7797912583920164,0.12490002030724294,0.34800000000000003,0.21694083955893315,-0.16920925561599093,0.5028162643087611,-0.3095956609083046,-3.5648075812160087,-6.005016167380734,0.3462569952575543,-7.86228590600979,-6.480813812535234,0.1548162643087611,-0.13105916044106689,1.4317912583920163,0.015063408955255278,0.005097980473580416,0.014030280648352177,0.0020302806483521764,0.012605587301365944,0.27887963832833995,0.01828021760261425,0.09203028064835218,0.04203028064835218,0.0017414865918556062,0.06356705686572882,0.17542245751510313,0.015108105881766124,0.00023285324087946057,0.23330283037248004,0.7513562105048742,0.9999999999999999,0.6274100718999616,0.6285046042411672,0.16136272565731113,0.013411199947458985,0.0014111999474589847,0.001229831928424019
equilibrium_sigma_1.5,30.0,250.29218803681806,1.794732723261311,0.13002457947432144,0.36,0.23089758088885326,-0.15668065200726433,0.5161853623369808,-0.3084076299049188,-3.543088799325281,-5.97837855806899,0.3582312714505121,-7.833272234691276,-6.453759184373824,0.15618536233698077,-0.12910241911114673,1.4347327232613112,0.014823598136889896,0.0051511781870690184,0.013885688992038785,0.0018856889920387844,0.012454052486707126,0.2784414817940569,0.018500038693512532,0.09188568899203879,0.04188568899203879,0.0017671652709546374,0.06376068259233318,0.1755943717807225,0.015156910064631508,0.00023652477538307817,0.23280869545449137,0.7517978697054942,1.0000000000000002,0.6272803426631367,0.6283908130846068,0.16180088643400117,0.01333131386902403,0.0013313138690240305,0.0011504198933180998
equilibrium_sigma_1.5,31.0,249.29218803681806,1.8094461999151437,0.1352024619334846,0.372,0.24471694399320448,-0.14429652816596306,0.5294788920468092,-0.3072948211216684,-3.521403344394904,-5.951801486441285,0.37020527641197354,-7.804469545497069,-6.426791127520745,0.1574788920468092,-0.12728305600679551,1.4374461999151436,0.014607076348055734,0.005204631120955817,0.013755308777157242,0.001755308777157242,0.012316416558177983,0.27804639023380984,0.018718571086570233,0.09175530877715725,0.041755308777157246,0.001793114034692862,0.06395419820433883,0.1757555212386188,0.015205703391626219,0.00024022166960543928,0.23236078085289114,0.7521932940858773,1.0,0.627150687203093,0.6282772599756337,0.16226243811559346,0.013259653229061752,0.0012596532290617517,0.0010789880281992514
equilibrium_sigma_1.5,32.0,248.29218803681806,1.823953861981552,0.1404339358817595,0.384,0.25841246524240974,-0.13204364710536093,0.5427046687951043,-0.3062496538485203,-3.499739123905876,-5.92527458726349,0.3821789904259027,-7.7758523117729785,-6.399896682222033,0.15870466879510425,-0.12558753475759027,1.439953861981552,0.0144115710649559,0.005258365904421207,0.013637764349311028,0.001637764349311028,0.012191330704929518,0.2776901949979122,0.018936087766659324,0.09163776434931103,0.04163776434931103,0.0018193525421391133,0.06414784179954112,0.17590698125148582,0.015254545899439115,0.00024394763153372107,0.2319547907171882,0.7525467157518388,0.9999999999999998,0.6270209459943074,0.6281637973959796,0.1627461631632491,0.013195423950452034,0.001195423950452034,0.0010147628705602652
equilibrium_sigma_1.5,33.0,247.29218803681806,1.8382756804864702,0.1457192958218748,0.396,0.2719963471050852,-0.11991007969455109,0.5558697399477133,-0.30526529538054786,-3.478085155256687,-5.898788459397039,0.3941523944931665,-7.747397466970583,-6.373064102808294,0.15986973994771325,-0.12400365289491483,1.4422756804864703,0.014235049334475253,0.005312407374348713,0.013531823893012544,0.001531823893012544,0.012077587155650108,0.2773691633121592,0.019152840607483023,0.09153182389301255,0.04153182389301255,0.0018458997344722528,0.0643418319079176,0.17604972303857824,0.015303492769843208,0.00024770619618169664,0.23158684464928528,0.7528619563846899,1.0,0.6268909726216951,0.6280502904861387,0.1632509870886322,0.01313790321094116,0.0011379032109411595,0.0009570403916604742
equilibrium_sigma_1.5,34.0,246.29218803681806,1.8524296826264348,0.1510588605644212,0.40800000000000003,0.2854796135971146,-0.10788505228309915,0.5689804752169866,-0.30433557306519937,-3.4564314335683752,-5.872334553628536,0.4061254702202592,-7.719084116571382,-6.346282716918159,0.16098047521698655,-0.12252038640288543,1.444429682626435,0.014075687777785173,0.005366778784750475,0.013436381568095478,0.0014363815680954774,0.011974101620428546,0.2770799441457439,0.019369062605005986,0.09143638156809548,0.04143638156809548,0.0018727739460854729,0.0645363698461129,0.17618462566225349,0.01535259491575731,0.000251500748625096,0.23125343111835406,0.7531424732172636,1.0,0.6267606322031043,0.6279366155364741,0.16377596136519712,0.013086458443177462,0.001086458443177462,0.000905204420204142
equilibrium_sigma_1.5,35.0,245.29218803681806,1.8664322098207338,0.15645297090859883,0.42,0.2988722658810509,-0.09595879418288679,0.5820426568340682,-0.3034548865401396,-3.434768800227393,-5.845905060307644,0.4180981996919017,-7.69089325020037,-6.319542784149727,0.1620426568340682,-0.12112773411894906,1.4464322098207338,0.013931843635886912,0.005421502037767259,0.013350440184723845,0.0013504401847238452,0.011879896260007291,0.2768195157112844,0.01958497045931453,0.09135044018472385,0.04135044018472385,0.0018999930317667641,0.06473164210742768,0.17631248813345035,0.015401899577670462,0.00025533455123981597,0.2309513600282654,0.7533914058428242,0.9999999999999999,0.6266297997880234,0.6278226584642909,0.16432024643201723,0.013040524782609864,0.0010405247826098633,0.0008587047088227107
equilibrium_sigma_1.5,36.0,244.29218803681806,1.8802980476449296,0.16190198880789372,0.432,0.31218336040593075,-0.08412246111343853,0.5950615247822063,-0.30261816364755395,-3.413088876433014,-5.819492852567112,0.43007056543481725,-7.662807596674668,-6.292835425326943,0.1630615247822063,-0.11981663959406924,1.4482980476449296,0.01380203887761336,0.005476597757611424,0.013273101869957497,0.001273101869957497,0.011794090538392313,0.2765851571816894,0.01980076520886417,0.0912731018699575,0.0412731018699575,0.0019275744028582412,0.06492782148277074,0.17643403529481824,0.01545145060085012,0.00025921074977289536,0.2306777396434967,0.7536115990058804,1.0,0.6264983596065435,0.6277083140852355,0.16488310347467422,0.012999578866162265,0.0009995788661622644,0.0008170314599119377
equilibrium_sigma_1.5,37.0,243.29218803681806,1.8940405343596267,0.16740629689189154,0.444,0.3254210741132503,-0.072368071366133,0.6080418145663927,-0.3018208236203157,-3.391384007381048,-5.793091438815972,0.44204255039237633,-7.63481150286905,-6.266152563345039,0.16404181456639272,-0.11857892588674973,1.4500405343596268,0.013684946991805183,0.0055320853442787305,0.013203560297427218,0.0012035602974272176,0.011715893614471222,0.27637442514371885,0.020016632658401597,0.09120356029742722,0.04120356029742722,0.0019555350525592265,0.06512506799055942,0.17654992273239015,0.015501288664939479,0.00026313237710016816,0.2304299573257839,0.7538056216321765,1.0,0.6263662044463252,0.6275934855059899,0.1654638877577399,0.012963153060937038,0.000963153060937038,0.0007797291264286521
equilibrium_sigma_1.5,38.0,242.29218803681806,1.9076717715262785,0.17296629636361763,0.456,0.33859283192801276,-0.060688380881578685,0.6209878309040804,-0.30105870539469665,-3.369647155154826,-5.766694870631487,0.45401413780473865,-7.606890698233328,-6.239486806878737,0.16498783090408037,-0.11740716807198726,1.4516717715262786,0.013579370526620366,0.0055879831816305955,0.01314108712463976,0.0011410871246397593,0.011644591008767687,0.27618511249890837,0.020232745824243812,0.09114108712463977,0.041141087124639764,0.0019838916755414416,0.06532353087286999,0.17666074682981667,0.015551451783646154,0.0002671023795272942,0.230205639802079,0.7539758060347476,1.0,0.626233234315177,0.6274780828603485,0.1660620349289805,0.012930837585852284,0.0009308375858522837,0.0007463984564328174
equilibrium_sigma_1.5,39.0,241.29218803681806,1.9212027443372761,0.17858240595693659,0.468,0.35170537959033177,-0.04907681191508268,0.6339034897380973,-0.30032802670745007,-3.347871837417415,-5.740297689891003,0.46598531115445563,-7.579032160118351,-6.21283138398544,0.16590348973809727,-0.11629462040966826,1.4532027443372761,0.013484227690528205,0.0056443087330666445,0.01308502398983883,0.0010850239898388299,0.011579536753972004,0.2760152242116328,0.020449265975049653,0.09108502398983884,0.041085023989838834,0.0020126607222133164,0.06552334969294304,0.1767670504172691,0.01560197557826417,0.000271123627829216,0.2300026307311661,0.7541242700627405,1.0,0.6260993557057281,0.6273620226072381,0.16667705347908296,0.012902254783160039,0.0009022547831600385,0.0007166714872556545
equilibrium_sigma_1.5,40.0,240.29218803681806,1.9346433855444787,0.18425506181211082,0.48,0.36476482221990364,-0.03752741533909234,0.6467923404704005,-0.29962536242018534,-3.3260520943178866,-5.713894900414179,0.47795605415490394,-7.551224042066998,-6.186180106861901,0.16679234047040048,-0.11523517778009634,1.4546433855444787,0.013398544690194164,0.00570107856437859,0.013034778005098037,0.0010347780050980367,0.011520148995026278,0.27586296365181223,0.02066634277000793,0.09103477800509804,0.04103477800509804,0.002041858410230696,0.06572465487565464,0.17686932567277358,0.015652893410878315,0.00027519891829211346,0.2298189791443491,0.7542529285264806,1.0000000000000002,0.6259644812333114,0.6272452271756971,0.16730852112686126,0.012877059002347035,0.0008770590023470352,0.0006902114194228537
equilibrium_sigma_1.5,41.0,239.29218803681806,1.9480026949212363,0.18998471640759176,0.492,0.3777766967596071,-0.02603479971690457,0.6596576077427914,-0.29894760386860436,-3.3041824275762477,-5.687481915425861,0.48992635068532747,-7.523455539975519,-6.159527305591686,0.16765760774279137,-0.11422330324039287,1.4560026949212364,0.013321443039285785,0.0057583084530031066,0.01298981409974758,0.0009898140997475803,0.011465902473331447,0.2757267093931745,0.02088411552756757,0.09098981409974759,0.040989814099747585,0.0020715007892850613,0.06592756883130292,0.1769680198244555,0.01570423666548156,0.00027933098650519486,0.22965291675458294,0.7543635155934302,1.0,0.625828528883027,0.6271276242516468,0.1679560773291899,0.012854946238164466,0.0008549462381644661,0.0006667219685304593
equilibrium_sigma_1.5,42.0,238.29218803681806,1.9612888578727916,0.1957718372651422,0.504,0.39074604403978414,-0.014594060710916285,0.6725022329467294,-0.2982919184831244,-3.2822577403163864,-5.661054505403824,0.5018961847190406,-7.495716759182521,-6.132867762253735,0.1685022329467294,-0.11325395596021587,1.4572888578727916,0.013252127178073433,0.005816013505901882,0.01294964753035472,0.0009496475303547199,0.011416321169525498,0.27560499251622644,0.021102714623572938,0.09094964753035473,0.040949647530354724,0.002101603812703312,0.0661322070848115,0.17706354085227538,0.015756035031066228,0.0002835225228907832,0.2295028352011781,0.754457607244865,1.0000000000000002,0.6256914212531762,0.6270091460651466,0.16861941576121597,0.012835643475163916,0.0008356434751639157,0.0006459370063052472
equilibrium_sigma_1.5,43.0,237.29218803681806,1.9745093040983324,0.20161690662838966,0.516,0.40367744438339115,-0.0032007462716039208,0.6853288946931192,-0.29765572985599387,-3.260273306914902,-5.634608772007378,0.5138655402994508,-7.467998648531813,-6.106196678252366,0.16932889469311918,-0.11232255561660887,1.4585093040983323,0.013189878009799774,0.005874208196889424,0.012913840021456326,0.0009138400214563254,0.011370974529833627,0.27549648491350404,0.021322261874715802,0.09091384002145633,0.04091384002145633,0.0021321833613154005,0.06633867880469081,0.17715626024302566,0.01580831663330434,0.0002877761769843769,0.22936727497499332,0.7545366322147177,0.9999999999999997,0.6255530852008571,0.6268897290505182,0.1692982809537116,0.012818896707277316,0.0008188967072773161,0.000627608913727179
equilibrium_sigma_1.5,44.0,236.29218803681806,1.9876707578679884,0.20752042138065124,0.528,0.4165750481223524,0.00814917314591264,0.698140026361284,-0.29703670065567006,-3.2382247468625294,-5.608141125601906,0.5258344015204823,-7.440292943725692,-6.079509646183844,0.170140026361284,-0.11142495187764762,1.4596707578679884,0.0131340473909487,0.005932906395445865,0.012881996472040642,0.0008819964720406422,0.011329474249255421,0.27539998930921405,0.02154287082700104,0.09088199647204065,0.040881996472040646,0.002163255262924373,0.06654708725858514,0.1772465153524817,0.015861108147903268,0.0002920945607057045,0.22924491591051935,0.7546018813808716,0.9999999999999999,0.6254134515367479,0.6267693135529309,0.1699924655273471,0.012804478268474029,0.0008044782684740286,0.0006115156951794765
equilibrium_sigma_1.5,45.0,235.29218803681806,2.000779338289084,0.213482891799041,0.54,0.42944263664322874,0.01945936438194578,0.7109378512300673,-0.2964326984656349,-3.2161079740719662,-5.581648241185209,0.537802752456648,-7.4125920549289255,-6.052802593991764,0.17093785123006722,-0.1105573633567713,1.460779338289084,0.013084047973790286,0.0059921214761026066,0.012853758774769568,0.0008537587747695675,0.011291468195048327,0.27531442052960475,0.021764648086997934,0.09085375877476957,0.04085375877476957,0.002194835362011916,0.06675753078801337,0.17733461427715808,0.015914435045782282,0.00029648026365036256,0.2291345576902203,0.7546545270003471,1.0,0.6252724543720309,0.626647843217854,0.17070180380900168,0.012792187941667255,0.0007921879416672543,0.000597462051406622
equilibrium_sigma_1.5,46.0,234.29218803681806,2.0138406158051074,0.21950484102435797,0.552,0.44228365679580245,0.03073316523599811,0.7237244022446185,-0.2958417765528568,-3.1939191680968153,-5.555127033368203,0.5497705771285141,-7.3848890032863626,-6.026071753407231,0.1717244022446185,-0.1097163432041976,1.4618406158051074,0.013039347332338677,0.006051866368263893,0.012828802267739685,0.0008288022677396846,0.011256636928754265,0.2752387947507263,0.021987693899564,0.09082880226773969,0.04082880226773969,0.0022269395541136263,0.06697010334327315,0.17742083856899865,0.015968321727259358,0.0003009358600277613,0.22903510891126777,0.7546956335014452,1.0,0.625130030760007,0.6265252646535154,0.17142616848254555,0.012781840549614842,0.0007818405496148421,0.0005852673182525081
equilibrium_sigma_1.5,47.0,233.29218803681806,2.02685964172772,0.2255868052121964,0.5640000000000001,0.45510123887496245,0.04197360195391257,0.7365015323292969,-0.2952621638291299,-3.1716547584725086,-5.528574642955569,0.5617378594906753,-7.357177387426274,-5.9993136432079295,0.17250153232929688,-0.1088987611250376,1.4628596417277198,0.012999464746861755,0.006112153568075484,0.012806833815652265,0.0008068338156522643,0.011224691838361722,0.27517222368379474,0.02221210224727866,0.09080683381565227,0.04080683381565227,0.0022595837977264386,0.06718489475320237,0.1775054446224424,0.016022791589271355,0.0003054639102387709,0.22894558143795632,0.7547261630625335,0.9999999999999999,0.6249861205153544,0.6264015272572159,0.1721654691705642,0.01277326630065262,0.000773266300652619,0.0005747657968812325
equilibrium_sigma_1.5,48.0,232.29218803681806,2.0398410066113453,0.23172933294750733,0.5760000000000001,0.46789823220940646,0.05318342403430156,0.7492709348459238,-0.29469224495909435,-3.149311394986917,-5.501988411143346,0.573704583389644,-7.32945131787398,-5.972525036564039,0.1732709348459237,-0.1081017677905936,1.4638410066113452,0.01296396530624594,0.006172995197938797,0.012787588223959707,0.0007875882239597072,0.011195371617592029,0.2751139037089688,0.02243796156688956,0.09078758822395971,0.04078758822395971,0.0022927841562267125,0.06740199129502986,0.17758866651046357,0.01607786716887212,0.0003100669696399258,0.22886507899961617,0.7547469868618719,1.0000000000000002,0.6248406658323299,0.6262765828589247,0.17291964889549052,0.012766315634783032,0.0007663156347830317,0.0005658114601043707
equilibrium_sigma_1.5,49.0,231.29218803681806,2.052788897320199,0.23793298447572955,0.588,0.4806772399759929,0.06436513832321543,0.762034163598863,-0.29413054090892116,-3.126885918904763,-5.475365854415262,0.5856707325191531,-7.301705353045551,-5.945702929203165,0.17403416359886303,-0.10732276002400709,1.464788897320199,0.012932454193404677,0.0062344030687474334,0.012770824758180317,0.000770824758180317,0.011168438844774507,0.27506310532781914,0.022665355505665858,0.09077082475818032,0.04077082475818032,0.0023265568423573055,0.06762147625423469,0.17767071876800655,0.016133570284506023,0.0003147475979616189,0.22879278599869665,0.7547588961188357,1.0,0.6246936109096627,0.6261503853730972,0.17368868055068257,0.012760853889618062,0.0007608538896180621,0.0005582727669887766
equilibrium_sigma_1.5,50.0,230.29218803681806,2.0657071249787573,0.24419833165892055,0.6,0.49344063626781837,0.07552102563799445,0.7747926426251599,-0.2935756994251168,-3.1043753483863084,-5.448704651974604,0.5976362904008229,-7.273934467637286,-5.918844523608756,0.17479264262515992,-0.10655936373218161,1.4657071249787572,0.01290457379596667,0.006296388699735894,0.012756325401233011,0.0007563254012330108,0.011143678280074006,0.2750191678825243,0.022894363139173726,0.09075632540123302,0.040756325401233015,0.0023609182373984885,0.06784343019451873,0.1777517977345246,0.016189922103980882,0.00031950836266545553,0.2287279620554908,0.7547626074778628,1.0,0.6245449017696724,0.6260228906291878,0.17447256546211576,0.01275675563444878,0.0007567556344487796,0.000552027151902057
equilibrium_sigma_1.5,51.0,229.29218803681806,2.078599149695976,0.2505259581145966,0.612,0.5061905812072619,0.08665315542828105,0.7875476748677606,-0.29302648660511704,-3.081776865304205,-5.422002634510388,0.6096012403661283,-7.24613402453307,-5.891947214921397,0.17554767486776057,-0.10580941879273809,1.466599149695976,0.012880001163320762,0.006358963335022343,0.012743893319199319,0.0007438933191993187,0.011120895367930938,0.2749814949066646,0.023125059150546582,0.09074389331919933,0.04074389331919932,0.0023958849090319006,0.06806793120279878,0.17783208274329515,0.016246943206240604,0.00032435184195786564,0.22866993717036763,0.7547587677814338,1.0,0.6243944860941247,0.6258940562180704,0.1752713321874556,0.01275390844129387,0.0007539084412938706,0.0005469646875836953
equilibrium_sigma_1.5,52.0,228.29218803681806,2.0914681299509597,0.2569164584109807,0.624,0.518929051100262,0.09776341532050227,0.8003004595077476,-0.2924817700499494,-3.059087790522684,-5.395257762596957,0.6215655655113855,-7.218299719509303,-5.865008563461648,0.17630045950774764,-0.105070948899738,1.4674681299509595,0.012858443145665963,0.006422138002648225,0.012733349889269961,0.000733349889269961,0.011099913310947975,0.2749495451189999,0.023357514557329723,0.09073334988926997,0.040733349889269965,0.0024314736561130445,0.06829505538363748,0.17791173854731807,0.016304653706664826,0.0003292806342931814,0.228618101981076,0.754747963677966,1.0,0.6242423128929628,0.625763841187759,0.17608503341460857,0.01275221337406407,0.0007522133740640695,0.0005429885611046847
equilibrium_sigma_1.5,53.0,227.29218803681806,2.1043169500895247,0.26337043780984665,0.636,0.53165785524471,0.10885352752629354,0.8130521016158887,-0.2919405094829077,-3.0363055698457275,-5.3684681145160695,0.6335292486719787,-7.190427550294332,-5.83802627931028,0.1770521016158887,-0.10434214475529002,1.4683169500895246,0.012839633647211371,0.006485923541374804,0.012724533029443423,0.0007245330294434228,0.011080571431079572,0.2749228273619498,0.023591797027591885,0.09072453302944343,0.04072453302944343,0.002467701534236606,0.06852487713509141,0.17799091666025343,0.016363073327085753,0.00033429736326193914,0.22857190234145172,0.7547307269682005,1.0,0.6240883323194887,0.6256322058737913,0.1769137444367638,0.012751578848987588,0.0007515788489875878,0.0005400091021474374
equilibrium_sigma_1.5,54.0,226.29218803681806,2.1171482346702453,0.2698885125837121,0.648,0.5443786447372659,0.11992505729900554,0.8258036172057228,-0.29140175184565453,-3.0134277659842503,-5.341631879573783,0.6454922724081664,-7.162513800077541,-5.810998213963705,0.1778036172057228,-0.10362135526273408,1.4691482346702451,0.012823332153854367,0.00655033060746329,0.012717296313631617,0.0007172963136316164,0.011062724309043422,0.2749008979200958,0.02382797094161273,0.09071729631363162,0.04071729631363162,0.002504585869739256,0.06875746930066992,0.17806975604663858,0.0164222214344576,0.0003394046796390334,0.22853083649117414,0.7547075373947293,1.0,0.623932495568551,0.6254991118055137,0.17775756262550307,0.012751920976660114,0.0007519209766601136,0.0005379441127533469
equilibrium_sigma_1.5,55.0,225.29218803681806,2.1299643778620494,0.27647130968376515,0.66,0.5570929304504538,0.13097943047951416,0.8385559435692089,-0.290864621257401,-2.990452043594916,-5.314747345165711,0.657454618973858,-7.1345550044929595,-5.7839223438986505,0.1785559435692089,-0.1029070695495462,1.4699643778620493,0.012809320846038155,0.006615369707946618,0.012711507208230423,0.0007115072082304226,0.011046240049715862,0.27488335517645585,0.024066097795190308,0.09071150720823043,0.04071150720823043,0.00254214429068198,0.06899290347252171,0.17814838456707838,0.01648211711809724,0.0003446052675297912,0.22849444923909262,0.7546788283752801,0.9999999999999997,0.6237747546734104,0.6253645215213911,0.17861660572132554,0.01275316597757975,0.0007531659775797499,0.0005367212178819525
equilibrium_sigma_1.5,56.0,224.29218803681806,2.142767571565915,0.2831194662448201,0.672,0.569802100222918,0.14201795032444517,0.8513099491608823,-0.29032830940989063,-2.9673761552387248,-5.287812884534225,0.6694162702845817,-7.106547920166452,-5.756796754971393,0.17930994916088228,-0.10219789977708205,1.470767571565915,0.01279740184939751,0.006681051234227014,0.01270704539017186,0.00070704539017186,0.011030998625358387,0.2748698345156723,0.024306236608317523,0.09070704539017187,0.040707045390171864,0.0025803947586244954,0.06923125028031546,0.17822692036373275,0.016542779263473036,0.00034990185071812226,0.22846232639550332,0.7546449924903056,1.0,0.6236150623121887,0.6252283983943485,0.17949101015738433,0.0127552504197056,0.0007552504197055991,0.0005362781041235998
equilibrium_sigma_1.5,57.0,223.29218803681806,2.1555598362444433,0.28983362850263117,0.684,0.5825074376450281,0.1530418160603945,0.8640664444086201,-0.2897920650491538,-2.944197926833363,-5.260826943773074,0.6813772078808866,-7.078489490683828,-5.729619625727098,0.18006644440862007,-0.10149256235497195,1.471559836244443,0.012787394246064135,0.0067473855027794126,0.012703800908816544,0.0007038009088165438,0.011016890058902887,0.27486000275398953,0.0245484444268837,0.09070380090881655,0.04070380090881655,0.002619355604940694,0.06947257969636748,0.17830547338335695,0.016604226630318554,0.00035529720019190464,0.22843408868863804,0.7546063874808515,1.0,0.6234533716034337,0.6250907064489672,0.18038092906097491,0.012758105963818045,0.0007581059638180447,0.0005365476462564078
equilibrium_sigma_1.5,58.0,222.29218803681806,2.1683429615924963,0.2966144570326301,0.6960000000000001,0.5952100862164906,0.1640520864085091,0.8768261610885184,-0.2892552141173778,-2.9209152806656236,-5.2337880646761095,0.6933374129843829,-7.050376909723313,-5.702389257479972,0.18082616108851834,-0.10078991378350943,1.4723429615924961,0.012779139655935648,0.006814382640126815,0.012701677678491792,0.0007016776784917918,0.011003817916836144,0.2748535687227024,0.024792774828409785,0.0907016776784918,0.040701677678491796,0.0026590454747268955,0.06971696053240768,0.17838414241052808,0.01666647772499313,0.0003607941186341381,0.2284094034059024,0.7545633247504704,1.0,0.6232896364432867,0.6249514106637364,0.18128653771842643,0.012761675938961103,0.0007616759389611032,0.0005374740653155963
equilibrium_sigma_1.5,59.0,221.29218803681806,2.181118632325516,0.3034626193655691,0.708,0.607911125772397,0.17504975610407536,0.8895897962865423,-0.2887171169185226,-2.897526180691088,-5.20669483360287,0.7052968663591602,-7.022207484252362,-5.675104007949952,0.18158979628654237,-0.10008887422760293,1.473118632325516,0.012772490237012102,0.006882052790321153,0.012700586041845131,0.0007005860418451311,0.010991691917175889,0.27485026073286406,0.02503928055942448,0.09070058604184514,0.040700586041845135,0.002699483464811559,0.0699644616159654,0.1784630213284355,0.01672955110064317,0.000366395473018711,0.2283879595734593,0.754516093852879,1.0,0.6231238107173032,0.624810476266626,0.18220802377280562,0.012765926063711963,0.0007659260637119629,0.0005390233947408507
equilibrium_sigma_1.5,60.0,220.29218803681806,2.193888430441186,0.31037879003450036,0.72,0.6206115738145122,0.1860357570961099,0.9023580132159423,-0.2881771673278961,-2.8740286312447303,-5.179545880702503,0.7172555482992393,-6.993978632170741,-5.647762290229368,0.18235801321594236,-0.09938842618548782,1.4738884304411861,0.012767308457463697,0.006950406112813822,0.012700442627437185,0.0007004426274371846,0.010980427789006559,0.27484982614374903,0.02528801349569963,0.09070044262743719,0.04070044262743719,0.00274068913603786,0.07021515182465243,0.1785421992266934,0.016793465366911745,0.0003721041962790888,0.2283694675674847,0.7544649628693245,1.0,0.6229558482774828,0.6246678687189127,0.18314558731887884,0.01277080050701801,0.0007708005070180095,0.0005411406124123108
equilibrium_sigma_1.5,61.0,219.29218803681806,2.20665370882917,0.3173636618472353,0.732,0.6333123092088866,0.19701088078703313,0.9151313973005784,-0.28763483569369797,-2.850420725864888,-5.152339928575949,0.7292134387535518,-6.9656880167757915,-5.620362636794838,0.18313139730057837,-0.09868769079111339,1.4746537088291698,0.01276347904704224,0.0070194525472813876,0.01270117782069096,0.0007011778206909604,0.010969954735914417,0.27485205400209384,0.0255390216120703,0.09070117782069097,0.040701177820690965,0.0027826823883863447,0.07046909902380613,0.17862175409938913,0.01685823891991352,0.00037792325423736717,0.2283536838570037,0.7544101539688454,1.0,0.6227857036540498,0.6245235543498717,0.18409945222013918,0.012776255368749156,0.0007762553687491562,0.0005437823148136678
equilibrium_sigma_1.5,62.0,218.29218803681806,2.2194157857879215,0.3244179309719939,0.744,0.6460141899761631,0.20797589723680943,0.9279105239534406,-0.2870896026982688,-2.826700568236286,-5.125075715563217,0.7411705171080043,-6.937333337772202,-5.592903599213343,0.18391052395344065,-0.09798581002383688,1.4754157857879215,0.012760890514951162,0.007089202153686265,0.012702724261211405,0.000702724261211405,0.010960203973225988,0.2748567401854891,0.025792353314319543,0.09070272426121141,0.04070272426121141,0.0028254836780693335,0.0707263717916273,0.17870176253369832,0.016923890382973972,0.0003838556982820047,0.22834037277963973,0.7543518811391042,0.9999999999999999,0.6226133308996096,0.6243774993329286,0.18506985000329865,0.012782266029337297,0.0007822660293372967,0.0005469238895545181
equilibrium_sigma_1.5,63.0,217.29218803681806,2.232175860824606,0.33154230472890517,0.756,0.6587180024147945,0.21893150308872475,0.940695929359253,-0.28654098791458893,-2.802866304238665,-5.097752028366129,0.7531267622623177,-6.908912421007754,-5.565383790979674,0.18469592935925294,-0.0972819975852055,1.476175860824606,0.012759443130734058,0.007159664955028459,0.012705021823796785,0.0007050218237967844,0.010951113699626633,0.2748637024963539,0.026048055418024622,0.09070502182379679,0.04070502182379679,0.002869113940629024,0.07098703873021114,0.17878229551591743,0.01699043843212218,0.00038990464436389926,0.22832932308174295,0.754290333841771,1.0,0.6224386840507584,0.6242296700993949,0.18605702746122652,0.012788794727232822,0.0007887947272328215,0.0005505278609542197
equilibrium_sigma_1.5,64.0,216.29218803681806,2.244935022825961,0.33873750192018337,0.768,0.6714244661936131,0.22987832636533728,0.9534881134079063,-0.28598854697636034,-2.7789161170707324,-5.070367698173134,0.765082152608398,-6.8804232089383,-5.537801882655337,0.18548811340790627,-0.09657553380638695,1.476935022825961,0.012759048125057668,0.007230850944764119,0.012708017138773085,0.0007080171387730851,0.010942628627912225,0.2748727792084033,0.02630617322525715,0.09070801713877309,0.04070801713877309,0.002913594612227716,0.071251168579054,0.17886341883854112,0.017057901826143085,0.00039607327642673365,0.2283203462554397,0.7542256786419905,1.0,0.6222617170520337,0.6240800332745815,0.18706124646635855,0.012795810670955587,0.0007958106709555872,0.000554563527623203
equilibrium_sigma_1.5,65.0,215.29218803681806,2.257694281459551,0.3460042509328712,0.78,0.684134253432717,0.24081694554186658,0.9662875507011641,-0.2854318608593425,-2.754848213632297,-5.042921588057659,0.7770366659815839,-6.8518637265887925,-5.510156585454889,0.1862875507011641,-0.09586574656728297,1.477694281459551,0.012759624700010908,0.00730277013850866,0.012711661738539916,0.0007116617385399156,0.010934698140139833,0.27488382345012097,0.026566751170913425,0.09071166173853992,0.04071166173853992,0.0029589476779640455,0.07151883052481306,0.17894519466728515,0.017126299486895334,0.0004023648566787463,0.22831327035655466,0.7541580652998713,1.0,0.6220823835483752,0.6239285554988842,0.18808278167966722,0.012803289291097975,0.0008032892910979743,0.0005590062367546444
equilibrium_sigma_1.5,66.0,214.29218803681806,2.2704545710900788,0.35334329001243797,0.792,0.6968479911440552,0.25174789174647516,0.9790946919901022,-0.28487053450285105,-2.730660821971332,-5.015412591204111,0.7889902796408033,-6.82323207702226,-5.482446648993685,0.1870946919901022,-0.09515200885594488,1.4784545710900787,0.012761099650854105,0.0073754325763911634,0.012715911829890673,0.0007159118298906732,0.010927276063662682,0.27489670251482023,0.026829832838731627,0.09071591182989068,0.04071591182989068,0.0030051956913431403,0.07179009427096529,0.17902768173870914,0.017195650518482628,0.0004087827285903768,0.22830793922480946,0.7540876275281175,0.9999999999999999,0.6219006368384532,0.6237752033920537,0.18912192060528624,0.01281120796866525,0.00081120796866525,0.0005638332151417791
equilibrium_sigma_1.5,67.0,213.29218803681806,2.2832167576423195,0.36075536724255003,0.804,0.7095662654543996,0.26267165279300897,0.9919099666384946,-0.28430419442905897,-2.706352187636548,-4.98783962800428,0.8009429702443805,-6.7945264336748465,-5.454670857545681,0.18790996663849457,-0.09443373454560045,1.4792167576423194,0.012763406709867503,0.007448848331401968,0.012720727892777055,0.0007207278927770545,0.010920320273457164,0.274911296644779,0.02709546105348608,0.09072072789277706,0.04072072789277706,0.003052361798062738,0.07206503013332477,0.17911093570562994,0.01726597423312508,0.00041533032091981426,0.2283042111251105,0.7540144843208447,1.0000000000000002,0.6217164298106723,0.6236199435027301,0.1901789633818676,0.012819546018078998,0.0008195460180789975,0.0005690235475474537
equilibrium_sigma_1.5,68.0,212.29218803681806,2.2959816423489463,0.36824124106044914,0.8160000000000001,0.7222896239801785,0.27358867520323754,1.0047337840262602,-0.28373248740775614,-2.681920570815062,-4.960201644241591,0.8128947138279711,-6.765745035869552,-5.426828027761379,0.18873378402626018,-0.09371037601982157,1.4799816423489462,0.012766486185162518,0.0075230275119723845,0.01272607446604903,0.0007260744660490294,0.010913792481290183,0.2749274983819668,0.02736367790143847,0.09072607446604904,0.040726074466049034,0.003100469757661986,0.0723437091198877,0.17919500932952254,0.01733729017312559,0.0004220111510890216,0.22830195798733366,0.7539387406884516,0.9999999999999998,0.6215297148896751,0.6234627422671034,0.19125422288300276,0.01282828484606463,0.0008282848460646301,0.0005745583314098468
equilibrium_sigma_1.5,69.0,211.29218803681806,2.308749969512661,0.3758016801119047,0.8280000000000001,0.7350185805905414,0.28449936878177157,1.0175665363306239,-0.28315507776623927,-2.6573642423974784,-4.9324976079222385,0.8248454857772131,-6.736886180267164,-5.398917004545636,0.1895665363306238,-0.0929814194094587,1.480749969512661,0.012770284223435555,0.007597980272829719,0.01273191969444485,0.0007319196944448499,0.010907657784710634,0.2749452111952874,0.027634524856055935,0.09073191969444486,0.040731919694444854,0.0031495439704136057,0.07262620303651042,0.1792799528726769,0.017409618139550796,0.0004288288298834514,0.22830106387578153,0.7538604891547842,1.0,0.6213404439655379,0.6233035659534238,0.192348024415004,0.012837408508235337,0.000837408508235337,0.0005804212280637877
equilibrium_sigma_1.5,70.0,210.29218803681806,2.321522433539689,0.3834374629676674,0.84,0.74775361970723,0.2954041108070937,1.030408601042731,-0.28257164495162856,-2.6326814806459438,-4.904726506501077,0.8367952608001831,-6.707948213216781,-5.370936657418119,0.19040860104273094,-0.09224638029276999,1.481522433539689,0.012774752144690718,0.007673716825274887,0.01273823491798353,0.0007382349179835303,0.010901884257334724,0.2749643482363137,0.027908042895364145,0.09073823491798354,0.040738234917983535,0.00319960950438922,0.0729125845812272,0.1793658144540474,0.017482978218123644,0.0004357870661683823,0.2283014236112529,0.7537798111044551,1.0,0.6211485683305777,0.6231423806141786,0.19346070544598107,0.01284690298182567,0.0008469029818256694,0.0005865977501713915
equilibrium_sigma_1.5,71.0,209.29218803681806,2.3342996824829085,0.3911493784200877,0.852,0.7604951985311466,0.30630324797844527,1.0432603422942752,-0.2819818822658965,-2.607870568775143,-4.876887345331845,0.8487440129024225,-6.678929526676084,-5.342885878516587,0.19126034229427524,-0.09150480146885343,1.4822996824829087,0.012779846106662968,0.007750247440823123,0.012744994470320077,0.0007449944703200768,0.010896442748133825,0.2749848317282427,0.028184272536466323,0.09074499447032008,0.04074499447032008,0.0032506921199395612,0.07320292741987754,0.17945264023319418,0.01755739080044285,0.0004428896708353319,0.2283029420644771,0.7536967774642448,1.0,0.6209540386286819,0.6229791520491348,0.19459261568229044,0.01285675557348509,0.00085675557348509,0.0005930746755118399
equilibrium_sigma_1.5,72.0,208.29218803681806,2.3470823215650665,0.3989382258930981,0.864,0.7732437492724077,0.3171970982932661,1.056122112189701,-0.2813854956006049,-2.5829297923562575,-4.848979146110349,0.8606917153608226,-6.6498285541240065,-5.314763580591816,0.1921221121897011,-0.0907562507275923,1.4830823215650666,0.012785526771384975,0.007827582454817442,0.012752175479648305,0.0007521754796483045,0.010891306682801354,0.27500659236257063,0.028463253871738106,0.09075217547964831,0.04075217547964831,0.003302818295285894,0.07349730626741033,0.17954047459465614,0.01763287660676599,0.0004501405609468643,0.22830553344920582,0.7536114493830813,0.9999999999999999,0.620756804800835,0.6228138457651856,0.19574411716129095,0.01286695538529059,0.0008669553852905902,0.0005998405096119819
equilibrium_sigma_1.5,73.0,207.29218803681806,2.3598709194851972,0.406804815003869,0.876,0.7859996829861408,0.3280859548375885,1.0689942530648564,-0.2807822012466725,-2.557857436603606,-4.821000944554197,0.8726383406937673,-6.620643763859989,-5.2865686939055205,0.1929942530648564,-0.09000031701385924,1.4838709194851973,0.012791758714256432,0.007905732276538758,0.01275975750127064,0.0007597575012706394,0.010886451695019533,0.2750295681856686,0.028745026684555273,0.09075975750127065,0.040759757501270644,0.0033560152558165953,0.07379579697373019,0.1796293604690266,0.017709456710075205,0.00045754376486132226,0.22830912010110346,0.7535238794239599,0.9999999999999999,0.6205568160276007,0.6226464269353755,0.19691558400989412,0.012877493298366849,0.0008774932983668486,0.000606885475558816
equilibrium_sigma_1.5,74.0,206.29218803681806,2.372666011910406,0.41474996559414634,0.888,0.7987633917367581,0.33897008776988435,1.0818770987864348,-0.28017172464948725,-2.532651784394261,-4.792951789062576,0.8845838606331486,-6.591373655173998,-5.258300164445911,0.19387709878643478,-0.08923660826324187,1.4846660119104063,0.01279851009877847,0.007984707393899464,0.012767722318633427,0.0007677223186334271,0.010881855426381953,0.2750537039958589,0.029029630497248927,0.09076772231863343,0.04076772231863343,0.0034103110014895416,0.07409847659465554,0.17971933951537897,0.017787152556444034,0.0004651034267642138,0.22831363179797043,0.7534341122188213,0.9999999999999999,0.6203540206815807,0.6224768603666619,0.1981074024877644,0.012888361260390724,0.0008883612603907236,0.0006142008057071768
equilibrium_sigma_1.5,75.0,205.29218803681806,2.385468103523529,0.42277450831626223,0.9,0.8115352499488306,0.3498497452468921,1.0947709755856379,-0.27955379963525817,-2.5073111141561677,-4.764830739772112,0.8965282460965254,-6.562016755855074,-5.229956952707477,0.19477097558563783,-0.08846475005116938,1.4854681035235289,0.012805752484767272,0.008064518374815276,0.012776053833265515,0.0007760538332655144,0.010877497415416715,0.2750789510098955,0.029317104581095953,0.09077605383326552,0.04077605383326552,0.003465734334061027,0.07440542346749744,0.1798104522346069,0.01786598598670874,0.0004728238110116567,0.22831900534079014,0.7533421848614895,1.0,0.6201483662767766,0.6223051104643746,0.19931997121990003,0.012899552378443868,0.0008995523784438679,0.0006217788332761875
equilibrium_sigma_1.5,76.0,204.29218803681806,2.398277672051265,0.43087928450384816,0.912,0.8243156168829716,0.3607251557476128,1.1076762035433225,-0.2789281669829349,-2.4818336978513296,-4.736636867127291,0.9084714671564094,-6.5325716179056075,-5.201538031749116,0.1956762035433225,-0.08768438311702842,1.4862776720512652,0.012813460455021408,0.008145175873346844,0.012784737834174824,0.0007847378341748236,0.010873358864543041,0.27510526616416614,0.02960748802418888,0.09078473783417483,0.04078473783417483,0.0035223148871476166,0.0747167172862496,0.17990273817956398,0.017945979258164647,0.00048070930721863796,0.228325183777246,0.7532481276573706,0.9999999999999999,0.6199397994182126,0.6221311411986148,0.20055370117763813,0.012911061153486725,0.0009110611534867245,0.0006296132331182203
equilibrium_sigma_1.5,77.0,203.29218803681806,2.41109517179606,0.4390651459190455,0.924,0.837104838790726,0.3715965301603066,1.1205930978926113,-0.27829457316902173,-2.4562177994168515,-4.708369250707889,0.9204134930090951,-6.50303681385838,-5.173042385569957,0.19659309789261126,-0.0868951612092741,1.48709517179606,0.012821611291136764,0.008226690635390981,0.012793761795745047,0.0007937617957450467,0.010869422435197663,0.2751326115022577,0.02990081979185326,0.09079376179574505,0.04079376179574505,0.0035800831567104376,0.07503243916794916,0.1799962361401791,0.018027155064120826,0.0004887644354022479,0.2283321157318396,0.7531519647686374,1.0,0.6197282657574741,0.6219549160767537,0.20180901568619472,0.012922883123087647,0.0009228831230876471,0.0006376986667124829
equilibrium_sigma_1.5,78.0,202.29218803681806,2.423921035525917,0.44733295510660426,0.936,0.8499032501414767,0.3824640626785795,1.1335219697894978,-0.2776527696495099,-2.4304616730955484,-4.680026978510409,0.9323542919437885,-6.473410934621876,-5.144469008131262,0.19752196978949776,-0.08609674985852334,1.487921035525917,0.012830184800986646,0.008309073500525887,0.01280311477643379,0.0008031147764337894,0.010865672144139978,0.2751609538679812,0.030197138742702852,0.0908031147764338,0.040803114776433794,0.0036390705312054745,0.0753526717231629,0.18009098424969958,0.018109536554643445,0.0004969938508838071,0.22833975503345505,0.7530537145610177,0.9999999999999999,0.6195137099454807,0.6217763981128523,0.20308635064691719,0.012935014614991358,0.0009350146149913578,0.0006460305302594116
equilibrium_sigma_1.5,79.0,201.29218803681806,2.4367556764418965,0.45568358584005125,0.9480000000000001,0.8627111749118397,0.3933279316811904,1.146463127122594,-0.2770025121085029,-2.4045635615713774,-4.651609146212042,0.9442938313104128,-6.443692587241496,-5.11581690234804,0.19846312712259395,-0.08528882508816038,1.4887556764418965,0.012839163138528134,0.00839233540379614,0.012812787314015674,0.0008127873140156734,0.010862093255720188,0.2751902645879263,0.03049648364691585,0.09081278731401568,0.04081278731401568,0.0036993093230158584,0.07567749913274104,0.1801870200961185,0.01819314735904741,0.0005054023494311949,0.2283480603233707,0.7529533899681506,1.0,0.6192960755810635,0.6215955497935599,0.20438615476693842,0.012947452945882953,0.0009474529458829532,0.0006546051601855618
equilibrium_sigma_1.5,80.0,200.29218803681806,2.449599491341635,0.46411792268379026,0.96,0.8755289284907583,0.4041883016540846,1.1594168756812637,-0.2763435593291388,-2.378521694889883,-4.623114856283665,0.9562320774855233,-6.41388039175439,-5.087085078792608,0.19941687568126376,-0.08447107150924171,1.489599491341635,0.012848530518736925,0.008476487381309511,0.012822771244777813,0.0008227712447778125,0.010858672097123129,0.27522051892356914,0.030798893245541397,0.09082277124477782,0.04082277124477782,0.0037608328017304155,0.07600700720809613,0.18028438088970006,0.018278011604288966,0.0005139948729133274,0.22835699447318625,0.7528509990496116,1.0000000000000002,0.6190753051705755,0.6214123330561329,0.20570888958329575,0.012960196381885392,0.0009601963818853913,0.0006634198011283843
equilibrium_sigma_1.5,81.0,199.29218803681806,2.462452862430825,0.47263686105629965,0.972,0.8883568188208906,0.4150453241356424,1.1723835198863648,-0.27567567250624614,-2.352334289284814,-4.594543217469093,0.9681689958381877,-6.3839729792940325,-5.058272554922414,0.20038351988636482,-0.0836431811791094,1.4904528624308249,0.012858273057424235,0.00856154057262968,0.01283305960575875,0.0008330596057587493,0.010855395957110204,0.2752516957750265,0.03110440627267687,0.09083305960575876,0.040833059605758754,0.0038236752274148095,0.07634128345516984,0.18038310356562792,0.018364153934445297,0.000522776514800792,0.22836652424768586,0.7527465453030681,1.0,0.6188513400850361,0.6212267092638568,0.2070550296682744,0.012973243840939563,0.0009732438409395631,0.0006724722974763564
equilibrium_sigma_1.5,82.0,198.29218803681806,2.4753161585466072,0.48124130787677255,0.984,0.9011951472644714,0.4258991380565019,1.1853633633631429,-0.2749986147341861,-2.3259995453704594,-4.565893344351393,0.9801045506948395,-6.353968990632213,-5.029378354457268,0.20136336336314287,-0.08280485273552862,1.4913161585466073,0.01286837866129241,0.008647506220939235,0.012843646576076694,0.0008436465760766933,0.010852253023585771,0.2752837775032627,0.031413061457414584,0.0908436465760767,0.0408436465760767,0.0038878718848613944,0.07668041715498101,0.18048322486102503,0.01845159953461475,0.0005317525257592466,0.2283766200518201,0.7526400278878059,1.0,0.6186241205061627,0.6210386391708074,0.2084250629593926,0.012986594940286866,0.000986594940286866,0.0006817611419156488
equilibrium_sigma_1.5,83.0,197.29218803681806,2.4881897372589763,0.4899321814240703,0.996,0.9140442098976882,0.43674987090293177,1.1983567097669385,-0.27431215022241484,-2.2995156471329206,-4.5371643568568025,0.9920387053024928,-6.32386707411408,-5.000401506595118,0.20235670976693854,-0.0819557901023118,1.4921897372589763,0.01287883684336448,0.008734395676225267,0.012854527361478164,0.0008545273614781641,0.010849232263645404,0.2753167495802369,0.03172489755723983,0.09085452736147817,0.04085452736147817,0.0039534591194260804,0.07702449942729261,0.18058478143248663,0.018540374150625306,0.0005409283196721918,0.2283872555492284,0.7525314419804742,1.0,0.6183935853837139,0.6208480828988285,0.20981949092417604,0.013000250061449892,0.0010002500614498915,0.0006912855538435125
equilibrium_sigma_1.5,84.0,196.29218803681806,2.5010739466414265,0.49871041109207687,1.008,0.9269042985865353,0.44759763974764677,1.2113638634860426,-0.27361604362649905,-2.272880761260276,-4.508355379908476,1.0039714217910847,-6.293665883973922,-4.971341045418317,0.20336386348604263,-0.08109570141346467,1.4930739466414265,0.012889638571695089,0.00882222039819155,0.012865698097751933,0.0008656980977519331,0.010846323322716584,0.275350600296218,0.032039953385613607,0.09086569809775194,0.04086569809775194,0.004020474373686432,0.07737362328785106,0.1806878099568597,0.018630504107238627,0.0005503094797908109,0.22839840735425807,0.7524207790587124,1.0,0.6181596723971398,0.6206549999192152,0.2112388287496282,0.013014210195442244,0.0010142101954422438,0.0007010453189146837
equilibrium_sigma_1.5,85.0,195.29218803681806,2.51396912635739,0.5075769377908996,1.02,0.9397757017374263,0.4584425515950152,1.224385130157823,-0.2729100595845855,-2.2460930357885864,-4.479465543183304,1.0159026611347561,-6.263364079164921,-4.942196009476264,0.204385130157823,-0.08022429826257371,1.4939691263573898,0.012900776176734033,0.008910991956591926,0.012877155799331443,0.0008771557993314423,0.010843516468743104,0.2753853206040347,0.03235826781560618,0.09087715579933145,0.04087715579933145,0.004088956225102686,0.07772788372346907,0.18079234720190107,0.018722016331119265,0.0005599017649680954,0.228410054823425,0.7523080270804875,0.9999999999999999,0.6179223179052756,0.620459349022886,0.21268360567425793,0.013028476871788763,0.001028476871788763,0.0007110407059864876
equilibrium_sigma_1.5,86.0,194.29218803681806,2.526875608843291,0.5165327144137277,1.032,0.9526587051202086,0.46928470372092174,1.2374208172296202,-0.2721939622145261,-2.2191505985840543,-4.450493980873749,1.0278323831116538,-6.2329603221152485,-4.912965441358095,0.20542081722962013,-0.07934129487979147,1.4948756088432908,0.012912243249172173,0.009000722031380602,0.012888898303190253,0.0008888983031902532,0.010840802530958885,0.2754209039490614,0.0326798797851788,0.09088889830319026,0.04088889830319026,0.004158944425100039,0.0780873777730081,0.1808984301029993,0.01881493837550704,0.0005697111161706515,0.22842217982411273,0.7521931706842097,1.0,0.6176814568920845,0.6202610882873236,0.21415436532351625,0.013043052210784722,0.0010430522107847222,0.0007212725327720992
equilibrium_sigma_1.5,87.0,193.29218803681806,2.5397937208640875,0.5255787053762702,1.044,0.9655535927819412,0.48012418465844847,1.2504712345793925,-0.2714675145190413,-2.192051557120931,-4.421439831541836,1.0397605462625557,-6.202453277392364,-4.8836483873233565,0.20647123457939243,-0.07844640721805884,1.4957937208640875,0.012924034513627392,0.009091422415549222,0.012900924184307029,0.0009009241843070288,0.010838172810685776,0.2754573460130516,0.03300482832328769,0.09090092418430704,0.04090092418430703,0.0042304799392614365,0.07845220457926476,0.1810060958537946,0.018909298437551538,0.0005797436632841547,0.2284347664870261,0.7520761914121382,1.0,0.6174370229318926,0.6200601750636342,0.2156516659153899,0.01305793887512574,0.0010579388751257406,0.0007317421256301526
equilibrium_sigma_1.5,88.0,192.29218803681806,2.552723784492737,0.5347158866992866,1.056,0.9784606476868553,0.49096107461154315,1.2635366949798716,-0.27073047796326577,-2.1647939976834993,-4.392302238052277,1.0516871078482493,-6.171841610791256,-4.854243897073323,0.2075366949798716,-0.0775393523131448,1.4967237844927368,0.012936145751840586,0.009183105015773012,0.012913232709246401,0.0009132327092464011,0.010835619030267762,0.27549464457347395,0.03333315255543522,0.09091323270924641,0.040913232709246405,0.004303604988702625,0.07882246545619917,0.1811153819715382,0.019005125379786547,0.0005900057320509393,0.22844780104266466,0.7519570678454978,0.9999999999999998,0.6171889481443464,0.6198565659538656,0.21717608059039917,0.013073139996320204,0.0010731399963202042,0.0007424512253469406
equilibrium_sigma_1.5,89.0,191.29218803681806,2.565666117956388,0.5439452467063243,1.068,0.9913801523754833,0.5017954454645427,1.2766175145720329,-0.2699826120683474,-2.1373759836372965,-4.363080347483757,1.0636120238051912,-6.1411239884328985,-4.824751023505428,0.20861751457203281,-0.07661984762451679,1.497666117956388,0.012948573730924104,0.00927578185113025,0.012925823802700402,0.0009258238027004019,0.0108331332938073,0.27553279940212244,0.033664891698040066,0.09092582380270041,0.040925823802700406,0.004378363093093051,0.07919826398060605,0.18122632636032487,0.019102448758126313,0.0006005038512826523,0.22846127164357918,0.7518357757470118,0.9999999999999999,0.6169371631329938,0.6196502167727388,0.21872819782755923,0.013088659191154983,0.001088659191154983,0.000753402006642756
equilibrium_sigma_1.5,90.0,190.29218803681806,2.5786210367407922,0.5532677858510291,1.08,1.004312389646746,0.5126273613532447,1.2897140133621816,-0.26922367394998026,-2.1097955549650003,-4.333773311149852,1.0755352486999563,-6.110299075862261,-4.795168822556598,0.20971401336218154,-0.075687610353254,1.4986210367407922,0.012961316118860922,0.009369465054184727,0.012938697992699165,0.0009386979926991647,0.01083070802721936,0.2755718120990884,0.03400008506971574,0.09093869799269917,0.04093869799269917,0.004454799114811178,0.07957970605537151,0.18133896738275027,0.019201298842717766,0.0006112447603573531,0.22847516819398672,0.7517122882029382,1.0000000000000002,0.616681596942901,0.6194410825290291,0.2203086217496096,0.013104500532803876,0.0011045005328038753,0.0007645970676498637
equilibrium_sigma_1.5,91.0,189.29218803681806,2.591588854474595,0.562684516466623,1.092,1.017257643091503,0.5234568791699589,1.3028265156376406,-0.26845341793304767,-2.0820507280409646,-4.304380284691227,1.087456735682295,-6.079365537369771,-4.765496353144502,0.21082651563764054,-0.07474235690849707,1.4995888544745948,0.012974371422797268,0.00946416687193795,0.012951856368420896,0.0009518563684208954,0.01082833593148989,0.2756116859649118,0.0343387720981571,0.0909518563684209,0.0409518563684209,0.004532959304414528,0.07996689996861239,0.18145334392055795,0.019301706637924982,0.0006222354169389126,0.22848948223049784,0.7515865757146383,1.0,0.6164221770210296,0.6192291174103594,0.2219179724544038,0.013120668511891864,0.001120668511891864,0.0007760393795282483
equilibrium_sigma_1.5,92.0,188.29218803681806,2.6045698836450444,0.5721964632053107,1.104,1.0302161976361206,0.5342840486090265,1.3159553503859653,-0.26767159519092376,-2.054139494372257,-4.2749004281423515,1.0993764364363152,-6.048322035336646,-4.7357326770914465,0.21195535038596525,-0.07378380236387949,1.5005698836450443,0.012987738934730542,0.009559899664568427,0.012965300553648564,0.0009653005536485633,0.010826009950422863,0.27565242592014716,0.034680992313623975,0.09096530055364857,0.04096530055364857,0.004612891347895889,0.08035995647991859,0.18156949543188508,0.019403703909552924,0.0006334830049943449,0.2285042067903921,0.7514586062950607,1.0,0.6161588291584545,0.6190142747506759,0.22355688644565655,0.01313716805842513,0.0011371680584251302,0.0007877322920544771
equilibrium_sigma_1.5,93.0,187.29218803681806,2.617564436401712,0.5818046635103802,1.116,1.0431883401502313,0.5451089122089838,1.3291008517544909,-0.2668779533489387,-2.026059819232179,-4.2453329060321305,1.111294301129988,-6.017167229542457,-4.705876859068291,0.21310085175449078,-0.07281165984976878,1.5015644364017118,0.013001418668717638,0.009656675903858906,0.012979032675890699,0.0009790326758906988,0.01082372323331323,0.27569403841179,0.03502678534323338,0.0909790326758907,0.0409790326758907,0.004694644415526618,0.08075898891163462,0.1816874620141042,0.019507323213620142,0.0006449949431369753,0.22851933626005963,0.7513283455831833,1.0,0.6158914774292048,0.6187965069951168,0.22522601706485718,0.01315400450854498,0.0011540045085449806,0.0007996795187539818
equilibrium_sigma_1.5,94.0,186.29218803681806,2.6305728252827913,0.5915101671181335,1.1280000000000001,1.0561743598456972,0.5559315058823815,1.3422633594030553,-0.2660722361534158,-1.9978096419017382,-4.215676887623148,1.1232102783634246,-5.985899776742427,-4.675927966699845,0.2142633594030552,-0.07182564015430293,1.5025728252827912,0.01301541131987749,0.00975450817409646,0.012993055332823224,0.0009930553328232235,0.010821469097194555,0.27573653131158554,0.035376190915645304,0.09099305533282323,0.04099305533282323,0.00477826921183572,0.08116411320269357,0.1818072844572108,0.01961259791565183,0.0006567788932045496,0.22853486630927888,0.7511957568818648,1.0,0.6156200441541952,0.6185757656905823,0.2269260348455256,0.013171183552487253,0.0011711835524872531,0.0008118850933410693
equilibrium_sigma_1.5,95.0,185.29218803681806,2.643595363793444,0.6013140361499382,1.1400000000000001,1.069174548681818,0.5667518590560088,1.3554432188594654,-0.2652541831622566,-1.9693868750278858,-4.185931547122017,1.1351243151151111,-5.954518330258976,-4.645885070648344,0.21544321885946527,-0.07082545131818208,1.503595363793444,0.013029718230290505,0.00985340917105742,0.01300737157243819,0.0010073715724381906,0.010819241001955984,0.2757799138558733,0.035729248853877585,0.0910073715724382,0.041007371572438195,0.004863818027526654,0.0815754479860358,0.18192900429427358,0.019719562216330935,0.0006688427691714555,0.22855079381608182,0.7510608011984159,1.0000000000000002,0.615344449849356,0.6183520014614212,0.22865762795767489,0.01318871129019239,0.0011887112901923895,0.0008243533973376072
equilibrium_sigma_1.5,96.0,184.29218803681806,2.656632367111335,0.6112173458489354,1.1520000000000001,1.0821892019686272,0.5775699944826658,1.36864078198344,-0.2644235293587406,-1.940789402859927,-4.156096063867309,1.1470363566860449,-5.923021539397238,-4.615747244645617,0.21664078198343995,-0.06981079803137291,1.504632367111335,0.013044341332774309,0.009953391698881894,0.013021984871492871,0.001021984871492871,0.010817032521458932,0.27582419658028146,0.03608599906130736,0.09102198487149288,0.041021984871492875,0.004951344793385017,0.08199311469635913,0.1820526638636031,0.019828251185302546,0.0006811947464662549,0.22856711671568164,0.7509234373525496,1.0,0.6150646131534393,0.6181251639657013,0.23042150271024284,0.01320659422541548,0.0012065942254154798,0.0008370891590535612
equilibrium_sigma_1.5,97.0,183.29218803681806,2.6696841526743595,0.621221184359583,1.164,1.0952186187307882,0.5883859285223356,1.3818564073102964,-0.26358000484414945,-1.912015081094617,-4.12616962264939,1.158946346642459,-5.891408049150137,-4.585513565684814,0.21785640731029643,-0.06878138126921174,1.5056841526743596,0.013059283121695534,0.010054468669374265,0.013036899113737323,0.0010368991137373225,0.01081483731693154,0.2758693912537495,0.03644648151677686,0.09103689911373733,0.04103689911373733,0.005040905135484409,0.08241723764034817,0.18217830635950297,0.01993870078550571,0.000693843271551875,0.22858383394804574,0.7507836219948967,1.0,0.6147804507809667,0.6178952018773013,0.2322183839845149,0.01322483917952777,0.0012248391795277695,0.000850097389649862
equilibrium_sigma_1.5,98.0,182.29218803681806,2.682751040621101,0.6313266524613814,1.176,1.108263101971171,0.5991996713937845,1.3950904603424956,-0.26272333457944086,-1.8830617368686735,-4.096151414047431,1.1708542267565496,-5.85967650001876,-4.555183114246234,0.21909046034249569,-0.06773689802882887,1.5067510406211009,0.013074546639685769,0.010156653101242974,0.013052118576803488,0.0010521185768034881,0.010812649119836988,0.27591551083879845,0.03681073626620767,0.0910521185768035,0.04105211857680349,0.005132556432269656,0.0828479440651737,0.18230597587600691,0.020050947897324038,0.0007067970718449704,0.2286009454413623,0.7506413095894686,1.0,0.6144918774763336,0.6176620628700864,0.23404901569780198,0.013243453324773613,0.0012434533247736128,0.0008633834000060236
equilibrium_sigma_1.5,99.0,181.29218803681806,2.6958333543629345,0.6415348640359845,1.188,1.1213229591521563,0.6100112270506011,1.4083433139598436,-0.2618532380441374,-1.8539271674822293,-4.0660406347358995,1.1827599369448827,-5.8278255276366195,-4.5247549744614455,0.22034331395984363,-0.06667704084784365,1.5078333543629345,0.013090135440324849,0.010259958116922218,0.013067647917919208,0.0010676479179192074,0.010810461711090767,0.27596256944824005,0.03717880340596912,0.09106764791791921,0.04106764791791921,0.005226357873827443,0.08328536426125001,0.18243571746325932,0.020165030351952308,0.0007200651660864142,0.2286184520113266,0.7504964524706347,0.9999999999999999,0.6141988059449625,0.6174256935801082,0.2359141613350635,0.01326244425971923,0.0012624442597192302,0.000876952856634694
equilibrium_sigma_1.5,100.0,180.29218803681806,2.708931421226435,0.6518469465268436,1.2,1.1343985027256431,0.6208205930607387,1.421615348861934,-0.26096942886617147,-1.8246091390873507,-4.035836487847379,1.1946634152048494,-5.79585376239217,-4.494228234322027,0.22161534886193412,-0.06560149727435682,1.5089314212264349,0.013106053544506335,0.010364396938997234,0.013083492156162078,0.0010834921561620782,0.010808268896186787,0.27601058229140024,0.03755072306631687,0.09108349215616209,0.04108349215616208,0.005322370522976316,0.08372963166883166,0.18256757718857047,0.02028098696609532,0.0007336568751079571,0.22863635524626968,0.7503490009125271,1.0,0.6139011467818828,0.6171860395660617,0.23781460448044275,0.013281819920189508,0.001281819920189508,0.0008908117152386374
equilibrium_sigma_1.5,101.0,179.29218803681806,2.722045572745649,0.6622640403935173,1.212,1.1474900502587617,0.6316277609324391,1.4349069538002226,-0.26007161461366013,-1.7951053871911085,-4.005538183412223,1.2065645975492258,-5.763759829451991,-4.463601986023065,0.22290695380022263,-0.06450994974123825,1.5100455727456492,0.01312230544871723,0.010469982889444302,0.013099656667447883,0.0010996566674478826,0.01080606449732657,0.27605956565893297,0.03792653539989914,0.09109965666744789,0.04109965666744789,0.005420657378104152,0.08418088294105447,0.18270160217367085,0.020398857565631524,0.0007475818328908152,0.22865465754845024,0.7501989030530275,1.0000000000000002,0.6135988084294934,0.6169430452998683,0.23975114931604027,0.013301588525227781,0.0013015885252277808,0.0009049661751727722
equilibrium_sigma_1.5,102.0,178.29218803681806,2.735176145062565,0.6727872992033906,1.224,1.1605979247447316,0.6424327161166029,1.4482185259123896,-0.2591594965158259,-1.7654136160573393,-3.9751449387644344,1.2184634179381988,-5.731542348608534,-4.432875326245997,0.22421852591238967,-0.06340207525526842,1.5111761450625651,0.01313889611335306,0.010576729386743323,0.013116147178996722,0.0011161471789967216,0.010803842343039712,0.27610953690605067,0.038306280562638344,0.09111614717899673,0.041116147178996726,0.00552128343838747,0.08463925803723468,0.1828378406428493,0.020518683017496393,0.0007618499981166964,0.22867336210424624,0.7500461048801407,1.0,0.6132916971150527,0.6166966541380541,0.24172462118578653,0.013321758716492216,0.0013217587164922155,0.0009194227844421254
equilibrium_sigma_1.5,103.0,177.29218803681806,2.7483234796257645,0.6834178903901781,1.236,1.173722455240206,0.653235437696591,1.461550471233207,-0.2582327690447759,-1.7355314968534774,-3.9446559789855984,1.2303598082091471,-5.699199933887597,-4.402047356427384,0.22555047123320704,-0.06227754475979408,1.5123234796257645,0.013155830909469396,0.010684649940379584,0.013132969752724925,0.001132969752724925,0.010801596243150583,0.27616051440219674,0.03868999868974242,0.09113296975272493,0.04113296975272493,0.005624315771089976,0.08510490035144146,0.18297634199225404,0.020640505271153544,0.0007764716662297459,0.22869247273160143,0.7498905503310153,1.0,0.6129797167645341,0.616446808270327,0.24373586719124513,0.013342339534449299,0.0013423395344492987,0.0009341884225739228
equilibrium_sigma_1.5,104.0,176.29218803681806,2.761487923509963,0.6941569949713842,1.248,1.1868639770631058,0.6640358985465041,1.4749032049812882,-0.2572911196706781,-1.7054566676857834,-3.914070537406401,1.2422536980042302,-5.666731193560205,-4.371117183147349,0.22690320498128824,-0.06113602293689424,1.513487923509963,0.013173115622968898,0.010793758148356812,0.013150130782768214,0.001150130782768214,0.010799319982600235,0.27621251752354004,0.03907772987673131,0.09115013078276822,0.04115013078276822,0.0057298235808811845,0.08557795679558317,0.18311715683369567,0.020764367388565456,0.0007914574818425527,0.22871199390007738,0.7497321812295147,1.0,0.6126627689469591,0.6161934486997033,0.24578575675941652,0.013363340291521641,0.0013633402915216412,0.0009492701994005537
equilibrium_sigma_1.5,105.0,175.29218803681806,2.774669829638425,0.7050058072580696,1.26,1.2000228319262976,0.6748340654730421,1.4882771518162503,-0.25633422864597477,-1.6751867336919934,-3.8833878560935,1.2541450146953124,-5.634134730197896,-4.340083918512756,0.2282771518162503,-0.05997716807370246,1.514669829638425,0.013190756469879938,0.010904067694618297,0.013167636999180589,0.0011676369991805886,0.010797007322287406,0.2762655666641836,0.0394695141572703,0.0911676369991806,0.04116763699918059,0.0058378782816351895,0.08605857788340907,0.18326033703447636,0.020890313574776602,0.0008068184516221654,0.22873193077547688,0.7495709371981244,0.9999999999999999,0.6123407528181158,0.6159365152232036,0.2478751822464089,0.01338477065714938,0.0013847706571493805,0.000964675518890401
equilibrium_sigma_1.5,106.0,174.29218803681806,2.7878695573385475,0.7159655353351485,1.272,1.213199368442043,0.685629898996119,1.501672746295587,-0.2553617686328973,-1.644719265690219,-3.852607186372765,1.2660336833064205,-5.601409140451008,-4.3089466805180985,0.22967274629558698,-0.058800631557957006,1.5158695573385474,0.013208760064549033,0.011015592343458867,0.013185495459490638,0.0011854954594906382,0.010794651983772486,0.2763196832105777,0.03986539147507673,0.09118549545949065,0.04118549545949064,0.00594855357049853,0.08654691785499366,0.1834059357810513,0.021018389219505076,0.0008225659577500241,0.22875228912440126,0.7494067556983436,0.9999999999999999,0.6120135650371542,0.6156759463863006,0.25000505957935065,0.013406640768740763,0.0014066407687407627,0.0009804121678176902
equilibrium_sigma_1.5,107.0,173.29218803681806,2.8010874729457242,0.7270374014870583,1.284,1.2263939426546893,0.6964233531501698,1.5150904333537318,-0.2543734043103394,-1.6140517988791108,-3.821727789417851,1.2779196264338482,-5.568553014850977,-4.277704593462554,0.2310904333537318,-0.05760605734531077,1.5170874729457242,0.013227133384454096,0.011128345933539112,0.013203713537891217,0.0012037135378912163,0.010792247631274163,0.27637488950876127,0.040265401655407394,0.09120371353789122,0.04120371353789122,0.006061925504107371,0.08704313480354647,0.1835540076462585,0.02114864093980165,0.0008387117718822408,0.22877307521257192,0.7492395720757443,1.0000000000000002,0.6116810996816238,0.6154116794367269,0.2521763288983557,0.013428961099892,0.0014289610998920003,0.0009964882105264472
equilibrium_sigma_1.5,108.0,172.29218803681806,2.814323949861506,0.7382226415973823,1.296,1.2396069180150473,0.707214375742183,1.528530668495371,-0.2533687922118444,-1.5831818334953833,-3.790748936793176,1.289802764163168,-5.535564938029312,-4.246356788404728,0.23253066849537096,-0.05639308198495274,1.5183239498615058,0.0132458838111041,0.011242342375400742,0.013222298938153111,0.0012222989381531109,0.010789787883765566,0.27643120890349426,0.040669584378678424,0.09122229893815312,0.041222298938153115,0.0061780725776710115,0.08754739075389256,0.18370460862239008,0.02128111661048399,0.0008552680695552827,0.2287942959189679,0.7490693194009928,1.0,0.6113432481948918,0.6151436503122143,0.2543899552128426,0.013451742404931633,0.0014517424049316323,0.0010129119416302235
equilibrium_sigma_1.5,109.0,171.29218803681806,2.8275793688968704,0.7495225052284701,1.308,1.2528386656758412,0.7180029082932571,1.541993918163595,-0.25234758042707894,-1.552106834199949,-3.759669911021563,1.3016830139834654,-5.502443488688169,-4.214902403590538,0.23399391816359505,-0.05516133432415882,1.5195793688968704,0.013265019130724962,0.011357595646295193,0.013241259696517259,0.0012412596965172586,0.010787266313704913,0.276488665747022,0.0410779791482918,0.09124125969651727,0.04124125969651726,0.00629707580660094,0.08805985177724658,0.18385779617514067,0.021415865404548033,0.0008722474452232899,0.22881595872942714,0.7488959284208014,0.9999999999999999,0.6109998993092447,0.6148717936049156,0.2566469290986373,0.013474995922602595,0.0014749959226025948,0.0010296920490691086
equilibrium_sigma_1.5,110.0,170.29218803681806,2.84085411904988,0.7609382563772954,1.32,1.2660895652262751,0.7287888856607205,1.5554806603405762,-0.25130940811370617,-1.5208242281134956,-3.7284900062847086,1.313560290699409,-5.469187239324569,-4.183340584942542,0.23548066034057613,-0.053910434773724925,1.5208541190498799,0.013284547476155192,0.011474119781696556,0.013260604166194255,0.0012606041661942548,0.01078467642246058,0.2765472853521038,0.04149062525451135,0.09126060416619426,0.04126060416619426,0.006419018810058384,0.08858068814571665,0.18401362932651036,0.02155293784453724,0.000889662927906151,0.22883807156371264,0.748719327663844,1.0,0.6106509389423698,0.6145960424997633,0.2589482673973378,0.013498733335854163,0.0014987333358541625,0.0010468375824002063
equilibrium_sigma_1.5,111.0,169.29218803681806,2.8541485976854872,0.7724711731176307,1.332,1.2793600048025504,0.7395722361721031,1.5689913848353034,-0.25025390526227853,-1.4893314049806925,-3.6972085290408563,1.3254345063397488,-5.43579475637786,-4.151670486557616,0.23699138483530335,-0.05263999519744966,1.5221485976854872,0.013304477354681474,0.011591928870810559,0.013280341027876376,0.0012803410278763756,0.010782011648982553,0.2766070940238678,0.04190756174102432,0.09128034102787638,0.04128034102787638,0.006543987897804816,0.08911007443391976,0.1841721687003092,0.02169238584054732,0.0009075279973623502,0.22886064284822383,0.7485394433138666,1.0,0.6102962501292737,0.6143163287500378,0.2612950139366022,0.01352296661067931,0.0015229666106793098,0.0010643578202956805
equilibrium_sigma_1.5,112.0,168.29218803681806,2.867463210657451,0.7841225472778839,1.344,1.2926503811662096,0.750352881737742,1.5825265935619348,-0.2491806924731148,-1.4576257172980283,-3.6658247986171313,1.3373055700624552,-5.402264600375808,-4.119891271182067,0.23852659356193473,-0.05134961883379052,1.5234632106574508,0.013324817683013482,0.011711037051835972,0.01330047930471926,0.0013004793047192605,0.010779265383628802,0.2766681191052099,0.04232882736800824,0.09130047930471927,0.041300479304719265,0.006672072160128926,0.0896481896245784,0.18433347656635446,0.021834262729801667,0.0009258566009106447,0.2288836816031292,0.7483561990661585,1.0,0.6099357129515324,0.6140325826516546,0.2636882402920284,0.013547708125641988,0.0015477081256419882,0.0010822623736435055
equilibrium_sigma_1.5,113.0,167.29218803681806,2.8807983729282065,0.7958936849139527,1.356,1.3059611002915377,0.7611307375881589,1.5960868010865874,-0.24808938051499152,-1.4257044788612556,-3.634338147948723,1.3491733880575452,-5.368595325791153,-4.088002110751375,0.2400868010865873,-0.050038899708462425,1.5247983729282064,0.01334557775414301,0.011831458503361023,0.013321028356411864,0.0013210283564118637,0.010776430955445393,0.27673038895882385,0.042754460570362175,0.09132102835641187,0.04132102835641187,0.006803363559792518,0.09019521726042296,0.1844976169180019,0.0219786233289984,0.0009446631709379303,0.22890719733555728,0.7481695161645064,1.0,0.6095692044355165,0.6137447329869344,0.2661290465525104,0.013572970811093987,0.001572970811093987,0.001100561299857361
equilibrium_sigma_1.5,114.0,166.29218803681806,2.8941545092098653,0.8077859066745102,1.368,1.3192925779543536,0.7719057120611288,1.6096725351841228,-0.24697956987340008,-1.3935649634623986,-3.602747924374362,1.3610378634469924,-5.334785480933609,-4.056002186980183,0.24167253518412268,-0.04870742204564649,1.5261545092098652,0.013366767204823285,0.011953207435479233,0.013341997872251508,0.0013419978722515082,0.010773501618600599,0.2767939329462167,0.043184499415317164,0.09134199787225152,0.04134199787225151,0.006937957026578872,0.09075134559659398,0.1846646555519096,0.022125523987427072,0.0009639626430593485,0.2289311999375939,0.7479793134319197,1.0,0.609196598450282,0.6134527069690718,0.26861856208823637,0.013598767978729054,0.0015987679787290536,0.0011192649626923235
equilibrium_sigma_1.5,115.0,165.29218803681806,2.907532053888417,0.819800547141378,1.3800000000000001,1.3326452396160475,0.7826777068687042,1.6232843370440455,-0.24585085058960687,-1.3612044056390629,-3.57105349023211,1.3728988961798432,-5.300833608223773,-4.023890691857763,0.2432843370440454,-0.04735476038395259,1.527532053888417,0.013388396082875426,0.012076298085285698,0.013363397897670805,0.0013633978976708046,0.010770470580731748,0.27685878150809334,0.043618981559855906,0.09136339789767081,0.04136339789767081,0.007075950556286554,0.09131676770096907,0.18483466010468827,0.02227502262697381,0.0009837704749672356,0.22895569986109474,0.7477855070369642,1.0,0.6088177656403506,0.613156430223884,0.27115794638864416,0.013625113265291922,0.0016251132652919213,0.00113838398322752
equilibrium_sigma_1.5,116.0,164.29218803681806,2.9209314513815774,0.8319389548819511,1.3920000000000001,1.3460195207545815,0.7934466170297276,1.6369227617147066,-0.24470280190694504,-1.3286200000123745,-3.539254223579003,1.3847563829245892,-5.2667382442053405,-3.99166682819416,0.2449227617147065,-0.04598047924541859,1.5289314513815773,0.013410474855409596,0.01220074470887318,0.013385238842982934,0.001385238842982934,0.01076733100866007,0.2769249661908574,0.04405794420306761,0.09138523884298294,0.04138523884298294,0.007217445312113935,0.09189168159661537,0.18500770011915937,0.022427178793891424,0.0010041026660485269,0.22898070812332225,0.7475880104167377,1.0,0.6084325733302677,0.612855826744003,0.2737483899116782,0.013652020895177808,0.0016520208951778075,0.001157929455394613
equilibrium_sigma_1.5,117.0,163.29218803681806,2.9343531570624415,0.8442024931686538,1.4040000000000001,1.3594158677517336,0.8042123304772346,1.6505883788344011,-0.24353499167881765,-1.295808899209865,-3.507349519154941,1.3966102169596943,-5.232497919325024,-3.95932981032005,0.246588378834401,-0.04458413224826652,1.5303531570624413,0.013433014339926067,0.012326561569206376,0.013407531466679425,0.0014075314666794243,0.01076407600242793,0.27699251959599824,0.044501424035511966,0.09140753146667943,0.04140753146667943,0.00736254572752138,0.0924762904480754,0.18518384714725322,0.022582053722887744,0.001024975777724358,0.22900623609780146,0.7473867344015864,1.0,0.6080408853997894,0.6125508188137363,0.2763911148977724,0.01367950562328013,0.0016795056232801302,0.0011779128990899723
equilibrium_sigma_1.5,118.0,162.29218803681806,2.947797637365827,0.8565925395339165,1.416,1.3728347379572738,0.8149747282324512,1.664281772961267,-0.2423469761087651,-1.2627682141236318,-3.475338789077966,1.4084602880585348,-5.1981111581079436,-3.926878864638113,0.24828177296126697,-0.04316526204272608,1.5317976373658269,0.013456025753014411,0.012453762929269061,0.013430286896784764,0.0014302868967847639,0.010760698617316662,0.2770614754448023,0.04494945718915067,0.09143028689678477,0.04143028689678477,0.007511359614260023,0.0930708026878046,0.18536317480365141,0.02273971038613505,0.0010464069545985544,0.22903229563453498,0.7471815870247314,1.0,0.6076425621991708,0.6122413269768054,0.2790873762688512,0.013707582540374297,0.0017075825403742965,0.0011983460968010284
equilibrium_sigma_1.5,119.0,161.29218803681806,2.961265369874073,0.8691104854075938,1.428,1.3862765997552895,0.825733684538719,1.6780035439151497,-0.2411382994852156,-1.2294950140322514,-3.443221463525001,1.4203064823703322,-5.1635764793078796,-3.894313230155578,0.2500035439151498,-0.04172340024471044,1.5332653698740732,0.013479520762103264,0.012582363044663989,0.013453516655253066,0.0014535166552530655,0.010757191889228641,0.277131868652282,0.045402079182929,0.09145351665525307,0.04145351665525307,0.0076639982739798475,0.09367543215019375,0.18554575882092195,0.022900213545028775,0.001068413946456236,0.2290588991833024,0.7469724733252127,1.0,0.6072374604593701,0.6119272700004549,0.28183846257302314,0.013736267247643763,0.0017362672476437628,0.0012192412358592586
equilibrium_sigma_1.5,120.0,160.29218803681806,2.9747568440643013,0.8817577365536338,1.44,1.3997419332875196,0.8364890666054395,1.6917543074565544,-0.23990849363704658,-1.1959863250370066,-3.410996991694366,1.4321486822992684,-5.128892395780909,-3.861632159192362,0.25175430745655447,-0.040258066712480334,1.5347568440643014,0.013503511446075658,0.012712376151337402,0.013477232652769351,0.001477232652769351,0.010753548823149873,0.2772037353114223,0.045859324864637147,0.09147723265276936,0.041477232652769355,0.007820576611210207,0.09429039825747691,0.1857316771476027,0.023063629816518483,0.0010910151310679962,0.22908605966197806,0.7467592953904355,1.0,0.6068254331674904,0.6116085648046172,0.28464569688733604,0.013765576022575221,0.0017655760225752208,0.001240611046723794
equilibrium_sigma_1.5,121.0,159.29218803681806,2.988272562041014,0.894535713343187,1.452,1.4132312311414281,0.847240734441271,1.7055346959603002,-0.238657077391768,-1.162239128755537,-3.3786648427947368,1.4439867663799308,-5.09405741439072,-3.8288349181134254,0.2535346959603002,-0.038768768858571834,1.536272562041014,0.01352801026221899,0.012843816453291919,0.013501447184442163,0.0015014471844421624,0.010749762383335505,0.2772771126801278,0.04632122835218929,0.09150144718444217,0.04150144718444217,0.007981213249530576,0.09491592620403157,0.18592101004684444,0.023230027739907233,0.0011142295378630924,0.22911379034556714,0.7465419523766625,1.0,0.6064063294432988,0.61128512639331,0.2875104377298177,0.013795525608703008,0.0017955256087030073,0.0012624686263565943
equilibrium_sigma_1.5,122.0,158.29218803681806,3.001813038375635,0.9074458500338509,1.464,1.4267449981741394,0.8579885411763228,1.7193453586739604,-0.2373835563843334,-1.128250363117183,-3.346224506670509,1.4558206091458104,-5.059070036251624,-3.7959207878247163,0.25534535867396047,-0.03725500182586061,1.537813038375635,0.013553030139874328,0.012976698115604377,0.013526172969268495,0.0015261729692684946,0.01074582553767011,0.27735203930081365,0.04678782297154831,0.0915261729692685,0.0415261729692685,0.008146030654151407,0.09555224708592698,0.18611384014293283,0.023399477829993784,0.0011380768726213266,0.22914210510255256,0.7463203401948324,1.0,0.6059799944524288,0.6109568678261046,0.29043408011028854,0.01382613315955794,0.0018261331595579404,0.0012848273877708039
equilibrium_sigma_1.5,123.0,157.29218803681806,3.0153788005298443,0.9204895947753656,1.476,1.4402837519202358,0.8687323330301915,1.733186962279416,-0.2360874226162264,-1.0940169216324436,-3.313675494675337,1.4676500809954405,-5.023928756720238,-3.7628890644215174,0.25718696227941606,-0.035716248079764146,1.5393788005298443,0.01357858449404857,0.013111035252968266,0.013551423164012442,0.0015514231640124422,0.010741731269996613,0.27742855504246194,0.04725914119028429,0.09155142316401245,0.041551423164012447,0.008315155256318216,0.09619959807835048,0.18631025250645605,0.023572052643860024,0.001162577543083455,0.22917101840622545,0.7460943514068311,1.0,0.6055462692875051,0.6106237001575023,0.2934180565526668,0.013857416563199831,0.0018574165631998311,0.0013077013306153074
equilibrium_sigma_1.5,124.0,156.29218803681806,3.0289703899901506,0.9336684102477735,1.488,1.4538480236914848,0.8794719489692286,1.74706019180036,-0.23476815372310278,-1.0595356512147287,-3.2810173409032966,1.4794750480572882,-4.98863206516195,-3.729739060082349,0.2590601918003601,-0.034151976308515186,1.5409703899901506,0.013604687140061383,0.01324684191332918,0.013577211343705604,0.0015772113437056041,0.01073747255159381,0.27750670104153213,0.04773521455017634,0.09157721134370561,0.04157721134370561,0.008488717578410092,0.09685822266056561,0.18651033478468781,0.023747826861345123,0.0011877526854285037,0.22920054507275556,0.7458638753804708,1.0,0.605104990817421,0.6102855323436761,0.2964638380325499,0.013889394366122909,0.0018893943661229089,0.0013311049768531813
equilibrium_sigma_1.5,125.0,155.29218803681806,3.042588362334903,0.9469837731195698,1.5,1.4674383586166304,0.8902072209675269,1.7609657510116619,-0.23342521266252003,-1.0248033525045537,-3.2482496029392953,1.4912953720464015,-4.953178445076784,-3.6964701036346974,0.26096575101166186,-0.03256164138336959,1.5425883623349028,0.013631352364829555,0.013384132068224888,0.013603551534328191,0.001603551534328191,0.010733042377496407,0.2775865198009945,0.04821607359687405,0.0916035515343282,0.041603551534328195,0.008666852366631526,0.09752837077469964,0.1867141772694477,0.023926877348952595,0.0012136241919511695,0.22923070043331975,0.7456287980257765,1.0,0.6046559915809512,0.6099422711975886,0.29957293508629634,0.013922085542883988,0.0019220855428839882,0.0013550531734544125
equilibrium_sigma_1.5,126.0,154.29218803681806,3.0562332873237503,0.9604371736353501,1.512,1.4810553157260093,0.9009379742000593,1.774904362886128,-0.23205804737619395,-0.9898167799520992,-3.2153718626272787,1.503110910116562,-4.9175663741921145,-3.663081541125601,0.26290436288612806,-0.030944684273990664,1.5442332873237503,0.013658594996029491,0.013522919602124204,0.013630458246970838,0.0016304582469708374,0.0107284338040416,0.277668055293851,0.04870174780391336,0.09163045824697084,0.04163045824697084,0.00884969872754302,0.09821029899631939,0.18692187296983584,0.024109283227960975,0.0012402147398277005,0.22926150049439706,0.7453890015378143,1.0,0.604199099672466,0.6095938213374744,0.3027468989659769,0.013955509721597203,0.0019555097215972032,0.001379561278883612
equilibrium_sigma_1.5,127.0,153.29218803681806,3.0699057498342492,0.9740301159776723,1.524,1.4946994688691322,0.9116640268531137,1.7888767704548563,-0.2306660901047528,-0.9545726401421215,-3.1823837272632582,1.5149215147115498,-4.881794324285213,-3.629572736683343,0.26487677045485625,-0.029300531130867835,1.5459057498342492,0.013686430351956783,0.013663218295866116,0.013657946472377898,0.0016579464723778976,0.010723639937799949,0.2777513529465997,0.04919226549543756,0.0916579464723779,0.0416579464723779,0.009037400264815063,0.09890427076214973,0.18713351773888698,0.024295125958959555,0.001267547820836444,0.2292929617671425,0.7451443644530614,1.0,0.6037341385893596,0.6092400850957399,0.30598732269065776,0.013989687378257565,0.0019896873782575646,0.0014046453268465875
equilibrium_sigma_1.5,128.0,152.29218803681806,3.083606350734183,0.9877641184109768,1.536,1.508371407545443,0.9223851900699183,1.8028837376426432,-0.22924875672250078,-0.9190675904889123,-3.149284830763483,1.5267270334117857,-4.845860761020934,-3.5959430733570743,0.26688373764264317,-0.027628592454556955,1.547606350734183,0.01371487420617186,0.013805041810529205,0.01368603167915148,0.0016860316791514791,0.010718653929836404,0.2778364596337924,0.049687653768426224,0.09168603167915149,0.04168603167915148,0.009230105219866669,0.09961055659388342,0.18734921039857044,0.024484489426604607,0.0012956477722484872,0.22932510114098223,0.7448947616601648,1.0000000000000002,0.6032609270820981,0.6088809624317166,0.3092958421197465,0.014024639582174037,0.0020246395821740364,0.001430321807980417
equilibrium_sigma_1.5,129.0,151.29218803681806,3.097335706659983,1.0016407125012938,1.548,1.5220717366834626,0.9331012683572852,1.8169260496192043,-0.22780544648879197,-0.883298240032351,-3.1160748343154,1.5385273087715514,-4.809764144105433,-3.562191953590619,0.2689260496192043,-0.025928263316537414,1.549335706659983,0.013743942911724205,0.01394840367740021,0.013714729867937418,0.001714729867937418,0.010713469038036182,0.2779234238422346,0.05018793840607739,0.09171472986793743,0.04171472986793742,0.009427966621100495,0.10032943426588495,0.18756905280274,0.024677460010621946,0.0013245398091444299,0.2293579361914775,0.744640063988756,0.9999999999999999,0.602779279041857,0.6085163508864079,0.3126741372513716,0.01406038794206721,0.0020603879420672093,0.0014566076186972587
equilibrium_sigma_1.5,130.0,150.29218803681806,3.111094450551491,1.0156614430504372,1.56,1.5358010771682156,0.9438120596372155,1.8310045135267776,-0.22633554148510626,-0.8472611486218058,-3.0827534274122965,1.5503221781547143,-4.773502927194958,-3.5283187999579027,0.27100451352677757,-0.024198922831784486,1.5510944505514908,0.013773653419469983,0.01409331728245326,0.01374405759092446,0.001744057590924459,0.010708078646668395,0.27801229573007413,0.05069314378863534,0.09174405759092447,0.04174405759092446,0.009631142433826637,0.10106118902636307,0.18779314994917787,0.024874126672450224,0.0013542500578326115,0.2293914851931178,0.7443801380765993,1.0,0.6022890033523367,0.6081461455002322,0.31612393343656686,0.014096955001461353,0.002096955001461353,0.0014835203952062725
equilibrium_sigma_1.5,131.0,149.29218803681806,3.124883233071725,1.0298278685955573,1.572,1.549560067227396,0.9545173550398385,1.845119959622127,-0.22483840569837943,-0.8109528246556055,-3.0493203293458198,1.5621114735701318,-4.737075557555029,-3.4943230562181777,0.273119959622127,-0.022439932772604143,1.552883233071725,0.013804023169800492,0.014239795845328342,0.013774031928268225,0.001774031928268225,0.01070247623427462,0.2781031270553583,0.05120329280761311,0.09177403192826823,0.04177403192826823,0.00983979570967069,0.10180611386918237,0.18802161014711755,0.02507458105694057,0.0013848055903451883,0.22942576678434787,0.7441148465683664,1.0,0.6017899037076477,0.6077702386948227,0.3196470024428215,0.014134364140479638,0.002134364140479638,0.0015110784279259715
equilibrium_sigma_1.5,132.0,148.29218803681806,3.138702722652382,1.0441415607648685,1.584,1.5633493624598995,0.9652169392885308,1.859273241807737,-0.22331338462925432,-0.7743697254369568,-3.0157752900018084,1.57389502149561,-4.700480476072766,-3.46020418786591,0.2752732418077368,-0.020650637540100547,1.5547027226523817,0.013835070191883611,0.014387852406386497,0.013804670534638276,0.001804670534638276,0.010696655426973383,0.2781959713170857,0.05171840677012296,0.09180467053463828,0.04180467053463828,0.01005409474642622,0.10256450973428727,0.18825454510639764,0.02527891757639619,0.0014162344606242295,0.22946080020377033,0.7438440477592092,1.0,0.6012817784780274,0.6073885202080912,0.3232451638060343,0.014172639305359835,0.002172639305359835,0.0015393004245385367
equilibrium_sigma_1.5,133.0,147.29218803681806,3.1525536056176766,1.0586041038054268,1.596,1.5771696359667688,0.9759105909867553,1.8734652382328467,-0.22175980484930236,-0.7375082571807523,-2.982118090726461,1.5856726426972556,-4.663716117237516,-3.4259616827266646,0.27746523823284663,-0.01883036403323124,1.5565536056176765,0.013866813193480432,0.01453749981216869,0.01383599168516083,0.0018359916851608295,0.010690610050122253,0.27829088389442674,0.05223850529607603,0.09183599168516084,0.041835991685160834,0.010274213251520847,0.1033366857246873,0.1884920700358902,0.02548723350058971,0.0014485657420764573,0.22949660549322606,0.7435675952641078,0.9999999999999999,0.6007644205644594,0.6070008770188109,0.326920286221434,0.01421180529553645,0.00221180529553645,0.0015682057502284241
equilibrium_sigma_1.5,134.0,146.29218803681806,3.1664365873827194,1.0732170948203175,1.608,1.5910215795368434,0.9865980825745134,1.8876968523988098,-0.22017697312879747,-0.7003647732305975,-2.9483485457508887,1.597444152049399,-4.626780908820933,-3.3915950519437508,0.2796968523988097,-0.016978420463156674,1.5584365873827193,0.013899271494909937,0.014688750694122765,0.013868014269163738,0.0018680142691637376,0.010684334117171804,0.2783879220277689,0.05276360621944503,0.09186801426916374,0.04186801426916374,0.010500330503913045,0.1041229593852735,0.18873430380926737,0.02569962906509974,0.0014818295662976581,0.22953320327070817,0.7432853380978943,0.9999999999999998,0.6002376172118667,0.6066071932267991,0.33067428874600074,0.014251887990604395,0.0022518879906043947,0.0015978146205766208
equilibrium_sigma_1.5,135.0,145.29218803681806,3.1803523935170332,1.0879821437423283,1.62,1.6049059046718828,0.9972791804643104,1.9019690142140555,-0.2185641756081491,-0.6629355727552082,-2.914466503520438,1.6092093583488158,-4.589673271549187,-3.3571038308791317,0.2819690142140554,-0.01509409532811734,1.5603523935170331,0.013932464990515606,0.014841617448370587,0.01390075779176813,0.0019007577917681297,0.010677821828961816,0.2784871448235398,0.05329372548874674,0.09190075779176814,0.041900757791768134,0.010732631520564856,0.10492365697541409,0.18898136912611993,0.02591620757977165,0.0015160571633717449,0.22957061458267916,0.7429971206741776,1.0,0.5997011498264725,0.6062073499384197,0.334509142044533,0.014292914044356841,0.002292914044356841,0.0016281478330160137
equilibrium_sigma_1.5,136.0,144.29218803681806,3.1943017694728897,1.1029008725004872,1.6320000000000001,1.6188233423300749,1.0079536455508789,1.9162826804875235,-0.21692067746276544,-0.6252169014883844,-2.880471847384906,1.6209680641170352,-4.552391619122887,-3.3224875795546924,0.28428268048752336,-0.013176657669925262,1.5623017694728896,0.013966414311561093,0.014996112222007637,0.013934242446710328,0.0019342424467103277,0.010671067657644612,0.2785886134748798,0.053828877049060836,0.09193424244671033,0.04193424244671033,0.010971307233573382,0.10573911368578358,0.1892333925994795,0.026137075523938305,0.0015512809040544467,0.2296088613016085,0.7427027822703988,1.0,0.599154793830525,0.6058012251946102,0.338426869968701,0.014334910836109493,0.002334910836109493,0.0016592267163063612
equilibrium_sigma_1.5,137.0,143.29218803681806,3.2082854812829917,1.1179749148524412,1.6440000000000001,1.632774643626456,1.018621233405226,1.9306388358862745,-0.2152457221755364,-0.5872049508057606,-2.8463644968032735,1.6327200654026637,-4.5149343579667995,-3.2877458834532267,0.28663883588627437,-0.011225356373544049,1.5642854812829916,0.014001140849438418,0.01515224689305087,0.013968489142972239,0.0019684891429722386,0.01066406637471708,0.27869239134234014,0.054369072725915055,0.09196848914297225,0.04196848914297224,0.011216554666074961,0.10656967391383518,0.1894905049053322,0.026362342659388374,0.0015875343433056407,0.2296479661363295,0.7424021568609764,1.0,0.5985983184777304,0.6053886938565967,0.342429550973522,0.014377906951211106,0.0023779069512111055,0.0016910735416062472
equilibrium_sigma_1.5,138.0,142.29218803681806,3.2223043173592187,1.1332059166753872,1.6560000000000001,1.6467605816040667,1.0292816943185685,1.9450384943899457,-0.21353853037955295,-0.5488958554006258,-2.8121444090763847,1.644465151584705,-4.477299886647945,-3.25287835467663,0.28903849438994555,-0.009239418395933452,1.5663043173592186,0.014036666616288412,0.015310033044722476,0.014003519476000918,0.002003519476000918,0.010656813014033338,0.27879854386666947,0.05491432212086528,0.09200351947600093,0.04200351947600092,0.011468577105893326,0.1074156915921774,0.18975284100040338,0.026592122159757394,0.0016248522652301009,0.22968795219717084,0.7420950733778416,1.0,0.5980314866332411,0.6049696274524026,0.3465193192950252,0.014421932056546849,0.0024219320565468487,0.001723711410066442
equilibrium_sigma_1.5,139.0,141.29218803681806,3.236359088526781,1.1485955352204302,1.668,1.66078195126163,1.0399347738413773,1.9594826999993682,-0.2117982993554035,-0.5102856936189104,-2.7778115801925347,1.6562031051610275,-4.439486595715794,-3.2178846324563977,0.29148269999936827,-0.007218048738369953,1.5683590885267809,0.0140730143814045,0.015469481948783814,0.014039355792752346,0.002039355792752346,0.010649302946307847,0.2789071387659162,0.05546463248388628,0.09203935579275235,0.04203935579275235,0.011727584292519853,0.10827753044211938,0.1900205402419087,0.026826530721807646,0.0016632707302569865,0.22972884331648571,0.7417813552314496,0.9999999999999999,0.59745405460378,0.604543894080133,0.3506983665733246,0.014467016583906256,0.0024670165839062556,0.0017571639679159201
equilibrium_sigma_1.5,140.0,140.29218803681806,3.250450628213743,1.1641454385702823,1.68,1.6748395697643508,1.0505802132004287,1.9739725275577582,-0.2100242024437211,-0.4713704873414253,-2.7433660458122917,1.667933701532811,-4.401492867512188,-3.1827643837633497,0.29397252755775827,-0.0051604302356491605,1.5704506282137431,0.014110207787417423,0.015630604546591757,0.014076021253078004,0.002076021253078004,0.01064153194793712,0.2790182462214485,0.05602000857745414,0.09207602125307801,0.04207602125307801,0.011993792606624872,0.1091555642489917,0.19029374652255948,0.0270656886848247,0.0017028271240156236,0.22977066430463855,0.7414608198865211,1.0,0.5968657719531756,0.6041113582958828,0.3549689434961486,0.01451319209426094,0.0025131920942609402,0.001791455714698853
equilibrium_sigma_1.5,141.0,139.29218803681806,3.264579794004748,1.1798573056902346,1.692,1.6889342779982959,1.061217749509121,1.98850908418789,-0.2082153879260058,-0.4321462000920071,-2.7088078829140363,1.6796567087916594,-4.363317075578502,-3.147517304366986,0.2965090841878901,-0.0030657220017040743,1.5725797940047481,0.014148271261731557,0.015793411423093817,0.014113539822481598,0.002113539822481598,0.010633496189039818,0.27913193885600485,0.056580452555238143,0.0921135398224816,0.0421135398224816,0.012267425255407407,0.11005017720303158,0.1905726084899706,0.027309720170239398,0.0017435602077248173,0.22981344064257578,0.74113327897946,1.0,0.5962663812739688,0.6036718809523428,0.35933336113707876,0.014560491544069132,0.0025604915440691316,0.001826612231029645
equilibrium_sigma_1.5,142.0,138.29218803681806,3.2787474689585667,1.1957328261889881,1.704,1.7030669418579198,1.0718471161868388,2.0030935106458965,-0.20637097798166182,-0.39260873571916766,-2.6741372112620203,1.6913718875000294,-4.3249575840378,-3.112143119735857,0.2990935106458965,-0.0009330581420801121,1.5747474689585668,0.01418722997471901,0.015957912782584713,0.014151936279093467,0.002151936279093467,0.010625192239219407,0.2792482917548287,0.057145963838501346,0.09215193627909347,0.04215193627909347,0.01254871246293657,0.11096176423203616,0.19085727975734149,0.027558753221591365,0.0017855101706763343,0.22985719830677928,0.740798538300953,1.0,0.5956556179645357,0.6032253190435769,0.3637939923711377,0.014608948918346298,0.002608948918346298,0.0018626598475963707
equilibrium_sigma_1.5,143.0,137.29218803681806,3.2929545612924884,1.2117736994450874,1.716,1.7172384519626354,1.0824680435822394,2.0177269820245827,-0.20449006823081306,-0.3527539390007195,-2.639354194169024,1.703078990457836,-4.286412747443105,-3.0766415854454983,0.3017269820245827,0.0012384519626353896,1.5769545612924885,0.014227110053793512,0.016124118430764087,0.014191236311417062,0.0021912363114170615,0.010616617178375351,0.2793673827618699,0.05771653895797897,0.09219123631141707,0.042191236311417066,0.012837891672431274,0.11189073128066888,0.19114791902669426,0.027812919932573524,0.0018287186850498365,0.22990196428385518,0.7404563970985214,0.9999999999999999,0.5950332100419519,0.6027715255907116,0.368353273757644,0.014658599191931243,0.002658599191931243,0.0018996255974295106
equilibrium_sigma_1.5,144.0,136.29218803681806,3.3072020053091067,1.2279816343021404,1.728,1.7314497246036198,1.0930802593856725,2.032410709029759,-0.2025717267868028,-0.3125775945778051,-2.6044590398795773,1.7147777624714566,-4.24768091026564,-3.0410124880098093,0.304410709029759,0.003449724603619808,1.5792020053091067,0.01426793861232896,0.01629203775002323,0.014231466554761145,0.0022314665547611447,0.0106077686348868,0.2794892925901853,0.05829217140676734,0.09223146655476115,0.04223146655476115,0.013135207744343857,0.11283749565277437,0.19144469029063263,0.02807235659502839,0.0018732289624424933,0.22994776657353003,0.740106647868999,0.9999999999999999,0.5943988779126411,0.6023103494796244,0.373013707150303,0.014709478915521546,0.0027094789155215453,0.0019375377235923974
equilibrium_sigma_1.5,145.0,135.29218803681806,3.3214907636989617,1.2443583490698624,1.74,1.7457017040367746,1.1036834890772667,2.0471459398556258,-0.20061499278362827,-0.27207542457317113,-2.569452003500964,1.7264679401254843,-4.208760405880678,-3.005255646047143,0.30714593985562577,0.005701704036774613,1.5814907636989617,0.014309743568275315,0.01646167966966931,0.014272654556280275,0.0022726545562802743,0.010598644741846342,0.27961410471600084,0.058872851519379356,0.09227265455628028,0.04227265455628028,0.013440913149809641,0.11380248640776026,0.19174776311877653,0.028337203864749434,0.0019190858123452862,0.22999463361690428,0.7397490767060009,0.9999999999999999,0.5937523341068006,0.601841635256219,0.3777778609502004,0.014761626059699662,0.0027616260596996615,0.001976425532224657
equilibrium_sigma_1.5,146.0,134.29218803681806,3.3358218275712823,1.2609055706883494,1.752,1.7599953625216875,1.1142774566419544,2.0619339611491583,-0.19861887572235348,-0.23124308882101263,-2.5343333879214205,1.7381492515368058,-4.1696495561785865,-2.969370910733981,0.3099339611491583,0.007995362521687532,1.5838218275712823,0.014352553831803033,0.016633052645251514,0.014314828865752673,0.0023148288657526724,0.010589244238693687,0.279741905653796,0.05945856630374253,0.09231482886575268,0.04231482886575268,0.013755268179505179,0.11478614468127386,0.19205731282116542,0.028607606909685203,0.0019663357033594033,0.23004259473174787,0.7393834626552075,0.9999999999999999,0.5930932830635465,0.6013652229794568,0.3826483720133859,0.014815079644339368,0.002815079644339368,0.0020163190481361504
equilibrium_sigma_1.5,147.0,133.29218803681806,3.350196216748704,1.2776250341068216,1.764,1.77433170065894,1.1248618851593126,2.0767760991443045,-0.19658235468735596,-0.1900761845524932,-2.499103544944777,1.749821416106434,-4.130346671131949,-2.9333581664130515,0.3127760991443045,0.010331700658940068,1.5861962167487038,0.014396399456522185,0.016806164634969253,0.014358019118120353,0.002358019118120353,0.010579566561400525,0.27987278520642533,0.06004929926492694,0.09235801911812036,0.04235801911812036,0.01407854115255086,0.11578892403302285,0.1923735206351967,0.028883715568797954,0.0020150268264926574,0.23009168043625763,0.7390095771684516,0.9999999999999999,0.5924214208978746,0.6008809480528201,0.3876279475423113,0.014869880202085017,0.002869880202085017,0.0020572494112832684
equilibrium_sigma_1.5,148.0,132.29218803681806,3.3646149818038773,1.2945184820763171,1.776,1.7887117494559752,1.1354364974132658,2.0916737215533283,-0.19450437689978695,-0.14857024437635147,-2.463762877129253,1.7614841442768128,-4.090850047741289,-2.897217331637145,0.3156737215533283,0.012711749455975196,1.5886149818038773,0.014441311519300074,0.016981023069648705,0.014402256025501013,0.002402256025501013,0.010569611828441964,0.2800068364409122,0.060645030262438206,0.09240225602550102,0.04240225602550102,0.014411008617732438,0.11681129086249803,0.19269657401928558,0.029165684533056003,0.0020652091605539457,0.23014192202731687,0.7386271842790731,1.0,0.5917364351221263,0.600388641001589,0.3927193665109659,0.01492607009394753,0.0029260700939475297,0.0020992491475160246
equilibrium_sigma_1.5,149.0,131.29218803681806,3.37907920571403,1.3115876646580633,1.788,1.8031365719715806,1.1460010167056984,2.1066282393321996,-0.19238385639232392,-0.1067207348963688,-2.428311839368215,1.773137137282044,-4.051157968965326,-2.8609483599854264,0.3186282393321995,0.015136571971580581,1.5910792057140302,0.014487322076115958,0.017157634825173525,0.014447571393101745,0.0024475713931017447,0.010559380854942083,0.28014415573667195,0.061245735360980526,0.09244757139310175,0.04244757139310175,0.014752955559287724,0.11785372481519306,0.19302666693222575,0.02945367352753321,0.0021169345402640596,0.2301933513713287,0.738236040560874,1.0,0.5910380043738206,0.5998881272557693,0.39792548121734056,0.014983693068849835,0.0029836930688498346,0.0021423517581287133
equilibrium_sigma_1.5,150.0,130.29218803681806,3.3935900035079554,1.328834338332092,1.8,1.817607263018696,1.1565551675965078,2.121641107691028,-0.19021967338352952,-0.06452305706639794,-2.3927509397820206,1.7847800868840855,-4.011268703361546,-2.8245512404446673,0.32164110769102794,0.017607263018695862,1.5935900035079553,0.014534464445634387,0.01733600619992371,0.014493998251299219,0.0024939982512992183,0.010548875297688016,0.2802848431857552,0.06185138662112562,0.09249399825129923,0.04249399825129922,0.015104675613963387,0.11891671914023133,0.19336400000810675,0.02974784748392894,0.0021702567270036636,0.23024600157513692,0.7378358942139305,0.9999999999999999,0.5903257981760449,0.5993792269691623,0.4032492194690325,0.01504279424190802,0.0030427942419080194,0.0021865916782345396
equilibrium_sigma_1.5,151.0,129.29218803681806,3.4081485235134137,1.346260265516872,1.812,1.8321249504636012,1.167098676634058,2.1367138278160156,-0.18801067303585484,-0.02197254491784939,-2.3570807412852846,1.796412675114841,-3.971180504169463,-2.7880259982123503,0.32471382781601554,0.020124950463601188,1.5961485235134136,0.01458277324529697,0.01751614288590943,0.014541570906139993,0.002541570906139993,0.010538097705587252,0.2804290027458788,0.06246195191794173,0.09254157090614,0.04254157090614,0.015466471279554053,0.12000078111407018,0.19370878083152868,0.030048376735337987,0.0022252314818575407,0.23029990697439046,0.7374264848084141,1.0,0.5895994766535729,0.5988617547843686,0.4086935863414234,0.015103420814787993,0.003103420814787993,0.002232004908606866
equilibrium_sigma_1.5,152.0,128.29218803681806,3.4227559503356515,1.3638672141921915,1.824,1.8466907982354952,1.1776312734078378,2.151847949320604,-0.1857556635663158,0.02093553690690375,-2.321301863647718,1.8080345740231982,-3.9308916075928186,-2.751372695724039,0.3278479493206039,0.022690798235495135,1.5987559503356514,0.014632284153101277,0.017698049936658217,0.014590324897539565,0.002590324897539565,0.010527051466224846,0.2805767421137563,0.06307739480944849,0.09259032489753957,0.04259032489753957,0.01583865411571994,0.12110643251817163,0.1940612243190675,0.03035543723031113,0.0022819166414975185,0.23035510237301474,0.7370075437551765,0.9999999999999999,0.5888586902128249,0.5983355195521611,0.41426166541932785,0.0151656218819054,0.0031656218819054,0.002278628823422113
equilibrium_sigma_1.5,153.0,127.29218803681806,3.4374135048947645,1.381656956999511,1.836,1.8613060063950664,1.1881526914521225,2.1670450715798264,-0.1834534153890106,0.06420599316205289,-2.2854149845328484,1.8196454454037496,-3.8904002321233424,-2.7145914330379544,0.3310450715798263,0.025306006395066305,1.6014135048947644,0.014683034167437131,0.01788173174256368,0.014640297126684916,0.002640297126684916,0.010515740942858787,0.28072817311116643,0.06369767431743531,0.09264029712668492,0.04264029712668492,0.016221544959834258,0.12223421004339331,0.19442155294524957,0.03066921073116049,0.002340372197025321,0.23041162363787085,0.7365787934339434,1.0,0.5881030792709264,0.5978003241054058,0.4199566209701899,0.01522944799572623,0.0032294479957262305,0.00232650175038962
equilibrium_sigma_1.5,154.0,126.29218803681806,3.452122444881783,1.3996312705368088,1.848,1.8759718116678141,1.198662669061325,2.1823068453120564,-0.18110266006553655,0.10784369862038767,-2.2494208408252367,1.831244940526948,-3.8497045777687853,-2.6776823484146104,0.33430684531205634,0.02797181166781404,1.604122444881783,0.014735061806033872,0.018067192002949137,0.014691525968314405,0.0026915259683144045,0.01050417159166207,0.2808834120251952,0.064322744702804,0.09269152596831441,0.04269152596831441,0.016615474138226,0.12338466572657081,0.19478999700370986,0.03098988502588782,0.002400660375350336,0.23046950811117017,0.7361399464875916,1.0,0.5873322739631975,0.5972559650036163,0.42578170003687,0.015294951760602693,0.0032949517606026928,0.0023756634841907154
equilibrium_sigma_1.5,155.0,125.29218803681806,3.466884067457663,1.4177919348143626,1.86,1.8906894902288316,1.2091609504938097,2.197634975101032,-0.17870208842062918,0.15185360027912087,-2.2133202306104254,1.842832699878173,-3.808802824264163,-2.6406456192029415,0.3376349751010317,0.030689490228831495,1.6068840674576628,0.01478840694137648,0.018254433693945932,0.014744051262942683,0.0027440512629426823,0.010492349943525908,0.2810425795846748,0.06495255530646767,0.09274405126294269,0.04274405126294269,0.01702078166530368,0.1245583674555659,0.19516679500502226,0.03131765416420728,0.0024628457236905957,0.2305287940251648,0.7356907060869373,1.0,0.5865458938047707,0.5967022322185622,0.431740233841636,0.01536218821242219,0.0033621882124221895,0.0024261556117065597
equilibrium_sigma_1.5,156.0,124.29218803681806,3.481699711359753,1.436140732481132,1.872,1.9054603598397255,1.2196472873112398,2.213031221736901,-0.17625034884212343,0.19624071891466488,-2.177114014840223,1.8544083528909503,-3.767693129336952,-2.603481462458444,0.3410312217369007,0.033460359839725395,1.609699711359753,0.014843110756830646,0.01844345903921719,0.014797914347661693,0.002797914347661693,0.010480283629192386,0.2812058010535203,0.06558705037420957,0.0927979143476617,0.0427979143476617,0.017437817444910225,0.12575589946481552,0.19555219405253932,0.031652718696313344,0.0025269951974466907,0.2305895202513601,0.7352307658548799,1.0,0.5857435473585735,0.596138908822427,0.43783563938886455,0.01543121428838412,0.0034312142883841205,0.0024780209986761115
equilibrium_sigma_1.5,157.0,123.29218803681806,3.496570756526247,1.454679447950412,1.8840000000000001,1.920285779563882,1.2301214392326416,2.2284974036778,-0.17374604642327696,0.24101014914413832,-2.140803118440128,1.865971517669584,-3.726373628099168,-2.5661901353076066,0.3444974036777999,0.03628577956388179,1.612570756526247,0.014899216125855819,0.01863426948283002,0.014853158236282367,0.0028531582362823667,0.010467981568437187,0.28137320677661326,0.06622616878238896,0.09285315823628237,0.04285315823628237,0.01786694147836285,0.12697786278930126,0.19594645009261744,0.03199528590561034,0.002593178250628391,0.23065172718232677,0.7347598086614345,1.0,0.5849248319311681,0.5955657707028318,0.44407142190363585,0.015502088870266384,0.0035020888702663837,0.002531303793869122
equilibrium_sigma_1.5,158.0,122.29218803681806,3.5114986259926835,1.4734098667054132,1.8960000000000001,1.9351671518087536,1.2405831753592407,2.2440353994774336,-0.17118774125438518,0.28616706112773316,-2.1043885321092333,1.8775218007233758,-3.6848424314304937,-2.5287719356473515,0.34803539947743345,0.03916715180875352,1.6154986259926833,0.014956767616508257,0.018826865657642595,0.014909827679244626,0.002909827679244626,0.010455454022943119,0.28154493236134737,0.06686984382826451,0.09290982767924463,0.04290982767924463,0.018308524057184552,0.12822487578983402,0.19634982830531947,0.03234557006724665,0.0026614669295869273,0.2307154565763586,0.7342775064268079,1.0000000000000002,0.5840893332208111,0.5949825862141183,0.45045117655741335,0.01557487355318199,0.003574873553181989,0.0025860501067642705
equilibrium_sigma_1.5,159.0,121.29218803681806,3.526484789126134,1.4923337744503646,1.9080000000000001,1.9501059255523083,1.251032275957276,2.259647150784164,-0.16857394620974842,0.3317167028325443,-2.067871314226399,1.8890587967040602,-3.6430976234583903,-2.4912272027233096,0.35164715078416386,0.04210592555230819,1.618484789126134,0.01501581131305496,0.01902124735505558,0.014967969153035214,0.002967969153035214,0.010442712571137075,0.28172111864556126,0.06751800307518506,0.09296796915303522,0.04296796915303522,0.018762945948574996,0.12949757471296597,0.1967626035826824,0.03270379272266933,0.002731935970951124,0.23078075092713443,0.7337835203792451,1.0,0.5832366249423128,0.5943891157943839,0.456978589763379,0.01564963241932671,0.0036496324193267086,0.0026423077650288285
equilibrium_sigma_1.5,160.0,120.29218803681806,3.5415307619339838,1.511452956242126,1.92,1.9651035968541242,1.2614685335274836,2.275334664316087,-0.16590312572432753,0.3776644006998773,-2.031252592244517,1.900582088135505,-3.601137260505672,-2.4535563175534483,0.35533466431608707,0.04510359685412424,1.6215307619339838,0.01507639511098871,0.019217413495659932,0.015027631026995926,0.0030276310269959257,0.010429770276468468,0.28190191220301797,0.06817056807269928,0.09302763102699593,0.04302763102699593,0.01923059858415926,0.130796614205531,0.19718506085930093,0.03307018294804845,0.0028046629018533844,0.23084765407381305,0.7332775000762851,1.0,0.5823662684822941,0.593785111608895,0.4636574414435547,0.015726431923834827,0.003726431923834827,0.0027001261689961753
equilibrium_sigma_1.5,161.0,119.29218803681806,3.5566381092287656,1.530769195609889,1.932,1.9801617111163479,1.2718917543993737,2.2911000146318337,-0.16317369387175606,0.4240155614085963,-1.9945335644427602,1.9120912451523062,-3.558959368998778,-2.415759703403671,0.3591000146318337,0.04816171111634793,1.6246381092287656,0.015138568737890976,0.01941536209903788,0.015088863632655332,0.0030888636326553316,0.010416641746120038,0.282087465553501,0.06882745414065745,0.09308886363265534,0.043088863632655336,0.019711884235475065,0.13212266788261898,0.19761749556161062,0.033444977644655066,0.0028797281442981995,0.23091621107686802,0.7327590831341787,0.9999999999999999,0.5814778125186453,0.5931703171420698,0.4704916067017179,0.015805341283943397,0.003805341283943397,0.0027595566117607495
equilibrium_sigma_1.5,162.0,118.29218803681806,3.571808446500984,1.5502842736392666,1.944,1.9952818650932236,1.282301760317413,2.306945346883974,-0.16038401250080603,0.4707756734957276,-1.9577155016304544,1.923585825241026,-3.5165619434445787,-2.377837826202968,0.36294534688397384,0.05128186509322363,1.627808446500984,0.0152023838359482,0.019615090253856205,0.015151719359557524,0.0031517193595575234,0.010403343216686994,0.2822779374532046,0.06948857013349811,0.09315171935955753,0.04315171935955753,0.020207216182115167,0.13347642890391961,0.19806021405731195,0.03382842183896226,0.00295721512301982,0.23098646824552946,0.7322278947924885,1.0,0.5805707926343738,0.5925444667719509,0.47748505759569126,0.015886432535987094,0.0038864325359870937,0.002820652288245573
equilibrium_sigma_1.5,163.0,117.29218803681806,3.5870434418765984,1.5699999680265564,1.956,2.0104657089991105,1.292698390114598,2.322872879703808,-0.15753238929526492,0.5179503090583213,-1.9207997488726862,1.9350653729864347,-3.4739429442757372,-2.339791194912912,0.3668728797038079,0.05446570899911052,1.6310434418765984,0.015267894048873507,0.019816594088147458,0.015216252756525127,0.0032162527565251266,0.010389892643371895,0.2824734932015913,0.07015381819916482,0.09321625275652513,0.04321625275652513,0.02071701886999894,0.13485861056672963,0.19851353412680722,0.034220768995212064,0.003037210377053898,0.23105847316545955,0.7316835474622745,1.0,0.5796447309202911,0.5919072853195461,0.48464186488268607,0.015969780670384903,0.003969780670384903,0.0028834683735703415
equilibrium_sigma_1.5,164.0,116.29218803681806,3.602344818163697,1.5899180521034426,1.968,2.0257149487205957,1.3030815014770178,2.3388849082247436,-0.15461707575366535,0.5655451255431252,-1.8837877272376344,1.9465294198239511,-3.4311002955574934,-2.301620361847433,0.3708849082247436,0.05771494872059568,1.6343448181636968,0.015335155113502807,0.020019868739872645,0.015282520638696846,0.003282520638696846,0.010376309792837803,0.282674304965748,0.0708230935326735,0.09328252063869685,0.04328252063869685,0.0212417280583675,0.13626994691597408,0.198977785457877,0.034622281340987854,0.0031198036751180426,0.23113227472663123,0.7311256402572629,1.0,0.5786991355662974,0.5912584875714926,0.49196619973113137,0.01605546377403977,0.0040554637740397685,0.002948062105069593
equilibrium_sigma_1.5,165.0,115.29218803681806,3.6177143549931623,1.6100402938324365,1.98,2.041031348138641,1.3134509728031232,2.3549838072518874,-0.15163626508512573,0.6135658676310993,-1.8466809355656841,1.957977483799604,-3.3880318825484737,-2.2633259229386016,0.3749838072518874,0.06103134813864086,1.6377143549931623,0.015404224956355142,0.020224908327865797,0.015350582200702838,0.0033505822007028375,0.010362616339869814,0.28288055212334196,0.07149628412435828,0.09335058220070284,0.04335058220070284,0.021781790953985893,0.1377111933715835,0.19945331016489534,0.03503323020635633,0.0032050881348951003,0.2312079231513855,0.730553758507363,0.9999999999999999,0.577733500441039,0.5905977777744099,0.4994623353918093,0.016143563180611498,0.004143563180611497,0.0030144928681639094
equilibrium_sigma_1.5,166.0,114.29218803681806,3.633153891058466,1.6303684547735164,1.992,2.0564167315671043,1.323806705161598,2.3711720345859666,-0.14858809001733753,0.6620183692244057,-1.80948095226038,1.9694090693389439,-3.3447355491076016,-2.2249085179437866,0.3791720345859666,0.06441673156710426,1.6411538910584662,0.015475163795465777,0.02043170592326958,0.015420499136365305,0.003420499136365305,0.010348835968003296,0.2830924216253494,0.07217327050283719,0.09342049913636531,0.04342049913636531,0.022337666330920627,0.13918312737356658,0.1999404633339826,0.035453896377166755,0.0032931603463118193,0.2312854700226381,0.7299674732538833,1.0,0.5767473046597102,0.5899248490992072,0.5071346488204942,0.016234163629145204,0.004234163629145204,0.003082822286301856
equilibrium_sigma_1.5,167.0,113.29218803681806,3.6486653264599807,1.650904289022505,2.004,2.0718729863143457,1.3341486243518688,2.387452134510178,-0.14547062051252202,0.710908555543984,-1.7721894371012237,1.9808236670264618,-3.3012090949388257,-2.186368830589276,0.3834521345101778,0.06787298631434568,1.6446653264599806,0.015548034247826845,0.020640253521578947,0.015492335765341099,0.0034923357653410987,0.010334994474290555,0.2833101083798215,0.07285392547274543,0.0934923357653411,0.0434923357653411,0.02290982463414049,0.14068654904510072,0.20043961359556223,0.03588457046311845,0.003384120498903843,0.23136496831221234,0.7293663407257654,1.0,0.5757400121397824,0.5892393830735261,0.5149876222436378,0.016327353431562663,0.004327353431562663,0.003153114315190275
equilibrium_sigma_1.5,168.0,112.29218803681806,3.6642506251596187,1.6716495421218467,2.016,2.0874020653750787,1.3444766830714787,2.403826741449092,-0.14228186138695698,0.7602424453465049,-1.7348081330784013,1.9922207533972065,-3.2574502726648835,-2.1477075886450647,0.3878267414490919,0.07140206537507865,1.6482506251596187,0.01562290144278597,0.020850542015419176,0.015566159167146786,0.0035661591671467853,0.010321119878382516,0.28353381565802055,0.07353811384730102,0.09356615916714679,0.04356615916714679,0.023498748065058993,0.1422222818739589,0.20095114372590278,0.03632555328123536,0.0034780725133555616,0.23144647240925897,0.7287499017961502,1.0,0.5747110711444474,0.5885410489803831,0.5230258446578825,0.01642322464957502,0.004423224649575019,0.0032254353415642756
equilibrium_sigma_1.5,169.0,111.29218803681806,3.679911817551918,1.6926059499446107,2.028,2.1030059902600855,1.3547908631947374,2.420298583809328,-0.13901974982939347,0.8100261532701396,-1.6973388682493984,2.0035997907424266,-3.2134567847207673,-2.108925563925117,0.3922985838093278,0.07500599026008548,1.6519118175519178,0.01569983314178648,0.021062561168194577,0.015642039323043165,0.003642039323043165,0.010307242536119528,0.2837637555243732,0.07422569217577704,0.09364203932304317,0.04364203932304317,0.024104930647005335,0.14379117341257278,0.20147545127931124,0.036777156255410705,0.003575124177300797,0.23153003814873516,0.7281176814185534,1.0,0.5736599138135762,0.5878295032209816,0.5312540132534708,0.016521873281589272,0.004521873281589272,0.0032998542867466174
equilibrium_sigma_1.5,170.0,110.29218803681806,3.6956510031580883,1.7137752375526332,2.04,2.11868685397188,1.3650911781672386,2.4368704880122705,-0.13568215281346374,0.860265892319245,-1.6597835576176196,2.0149602269312243,-3.169226280057144,-2.070023572207042,0.39687048801227043,0.07868685397188013,1.6556510031580882,0.015778899864852147,0.02127629958875358,0.01572004926628457,0.0037200492662845704,0.010293395257832877,0.2840001492917714,0.07491650846596944,0.09372004926628458,0.043720049266284575,0.024728878268466554,0.14539409599701814,0.2020129492527706,0.03723970183271393,0.00367538728546649,0.23161572283989648,0.7274691880419232,1.0000000000000002,0.5725859556819978,0.5871043886395475,0.5396769347507445,0.016623399460269805,0.004623399460269805,0.0033764427153080145
equilibrium_sigma_1.5,171.0,109.29218803681806,3.7114703534501507,1.7351591180299049,2.052,2.1344468241350705,1.3753776755211207,2.4535453827298674,-0.13226686439877744,0.9109679764989218,-1.6221442050330004,2.026301495250354,-3.1247563506431657,-2.031002473064645,0.4015453827298674,0.08244682413507043,1.6594703534501507,0.01586017502423788,0.021491744707227076,0.015800265241267382,0.0038002652412673817,0.010279613431565134,0.28424322800384055,0.07561040190177086,0.09380026524126739,0.043800265241267386,0.025371108701798838,0.1470319474851924,0.20256406678492517,0.037713523917178915,0.0037789777842378814,0.2317035852947322,0.7268039130038509,1.0,0.571488595184921,0.5863653338079285,0.5482995266380152,0.016727907662799302,0.0047279076627993015,0.003455274950454168
equilibrium_sigma_1.5,172.0,108.29218803681806,3.7273721148202763,1.7567592912911234,2.064,2.150288146298262,1.3856504395199,2.470326303337869,-0.1287716029125554,0.9621388236132298,-1.5844229051142613,2.037623014264472,-3.080044527752002,-1.9918631696048517,0.406326303337869,0.08628814629826209,1.6633721148202762,0.01594373506435587,0.021708882752233177,0.01588276687169079,0.0038827668716907883,0.010265935150937315,0.28449323294451756,0.07630720255643791,0.0938827668716908,0.04388276687169079,0.026032151594960952,0.1487056520145195,0.2031292498918739,0.03819896832184854,0.0038860159207298613,0.2317936858526837,0.7261213299047379,1.0,0.570367213150272,0.585611952267521,0.557126818295264,0.016835506932615596,0.004835506932615596,0.0035364281946423937
equilibrium_sigma_1.5,173.0,107.29218803681806,3.743358611693018,1.7785774428677472,2.076,2.1662131474086714,1.39590959393452,2.4872163965950986,-0.12519400800949265,1.0137849582353473,-1.546621845191817,2.0489241876992854,-3.03508827802345,-1.9526066081018543,0.41121639659509857,0.09021314740867137,1.6673586116930181,0.01602965960991136,0.02192769872961962,0.015967637338950798,0.0039676373389507975,0.010252401348561448,0.2847504161786388,0.07700673110118733,0.0939676373389508,0.0439676373389508,0.026712548433681163,0.15041616077923065,0.20370896224137158,0.03869639323980327,0.003996626396425342,0.231886086405182,0.7254208939585893,0.9999999999999999,0.5692211722779154,0.5848438417261658,0.5661639519939478,0.016946311109883094,0.004946311109883094,0.003619982652297571
equilibrium_sigma_1.5,174.0,106.29218803681806,3.7594322497759913,1.8006152426770132,2.088,2.18222423945384,1.4061553049474733,2.5042189255576353,-0.12153163760796026,1.0659130148624585,-1.5087433072745542,2.060204404350377,-2.9898849993031424,-1.9132337775254096,0.4162189255576352,0.09422423945383995,1.6714322497759913,0.016118031625793824,0.022148176402858225,0.016054963572240864,0.004054963572240864,0.010239055936113527,0.28501504112800263,0.07770879850832607,0.09405496357224087,0.04405496357224087,0.02741285247119256,0.15216445282737617,0.20430368596703338,0.03920616973497043,0.004110938525410938,0.2319808504285206,0.7247020413110979,0.9999999999999999,0.5680498166056579,0.58406058320736,0.5754161837629554,0.017060439077608125,0.005060439077608125,0.0037060216608633123
equilibrium_sigma_1.5,175.0,105.29218803681806,3.7755955194819886,1.8228743437708699,2.1,2.198323923307678,1.4163877842033956,2.521337274750315,-0.11778196468776603,1.1185297412750586,-1.4707896700386702,2.0714630380205223,-2.9444320162268927,-1.873745708949328,0.4213372747503148,0.09832392330767803,1.6755955194819885,0.016208937584583027,0.022370298275384972,0.016144836449608506,0.004144836449608506,0.010225945949779446,0.28528738318063185,0.07841320575057134,0.09414483644960851,0.04414483644960851,0.028133628622621584,0.15395153587795382,0.20491392252634594,0.03972868225361825,0.004229086397299675,0.23207804301202603,0.7239641883370561,1.0,0.5668524709617708,0.5832617401489042,0.5848888840960054,0.01717801502498073,0.00517801502498073,0.0037946318313736294
equilibrium_sigma_1.5,176.0,104.29218803681806,3.7918509995241307,1.8453563810680993,2.112,2.2145147927846516,1.426607292008649,2.5385749556075967,-0.113942373945213,1.1716420021138094,-1.4327634108385872,2.0826994474886047,-2.898726575541729,-1.8341434748319214,0.4265749556075966,0.10251479278465148,1.6798509995241306,0.01630246764370573,0.02259404557508743,0.01623735101121187,0.0042373510112118686,0.010213121701890256,0.28556773033700567,0.07911974349631042,0.09423735101121188,0.04423735101121187,0.028875453320891878,0.15577844715818379,0.20554019360467435,0.04026432915737887,0.00435120904487581,0.23217773088528076,0.7232067309124646,1.0,0.5656284404040168,0.5824468574481614,0.5945875384863972,0.017299168724492997,0.005299168724492997,0.003885903194700613
equilibrium_sigma_1.5,177.0,103.29218803681806,3.8082013606932814,1.8680629700720914,2.124,2.2307995389136366,1.4368141406857498,2.555935612199301,-0.1100101582983648,1.2252567826903213,-1.394667107740192,2.0939129765134377,-2.8527658411496652,-1.7944281881586428,0.43193561219930077,0.10679953891363647,1.6842013606932813,0.016398715833106342,0.022819398241172014,0.016332606685655733,0.004332606685655733,0.010200636939130238,0.2858563838959265,0.07982819180095699,0.09433260668565574,0.04433260668565574,0.029638914330812414,0.15764625426100926,0.20618304206803084,0.040813523278700706,0.004477450616494009,0.2322799824448928,0.7224290436599127,1.0000000000000002,0.5643770096451237,0.581615460450904,0.6045177477711002,0.01742403582525509,0.005424035825255091,0.003979929355300116
equilibrium_sigma_1.5,178.0,102.29218803681806,3.8246493698286033,1.8909957055768007,2.136,2.2471809544449575,1.447008698089383,2.573423027258107,-0.10598251523461277,1.2793811930497685,-1.3565034415765287,2.105102953876056,-2.806546888858528,-1.7546010014361308,0.4374230272581068,0.11118095444495735,1.6886493698286031,0.01649778025413834,0.023046334913663785,0.01643070753028996,0.00443070753028996,0.01018854900766215,0.28615365918269686,0.08053831979464462,0.09443070753028997,0.044430707530289965,0.030424610517829603,0.15955605602286926,0.2068430329676215,0.041376692499669056,0.004607960553255413,0.23238486778071343,0.7216304791663621,1.0,0.5630974424646775,0.5807670538805816,0.6146852282644728,0.017552758163724924,0.005552758163724924,0.004076807653097592
equilibrium_sigma_1.5,179.0,101.29218803681806,3.841197893992819,1.9141561603636292,2.148,2.263661938605021,1.4571913912910988,2.5910411285267507,-0.10185654299216962,1.3340224723043372,-1.3182751980260825,2.116268693464273,-2.760066700823227,-1.7146631055260504,0.4430411285267506,0.11566193860502105,1.693197893992819,0.01659976329043099,0.02327483292580887,0.016531762486419112,0.0045317624864191115,0.01017691902554108,0.28645988632248215,0.08124988536652294,0.09453176248641912,0.044531762486419116,0.03123315156772427,0.16150898342173367,0.20752075459938638,0.04195428035516427,0.0047428937709698615,0.23249245870137755,0.7208103671724883,0.9999999999999999,0.5617889811074384,0.5799011207047016,0.6250958116604269,0.017685484092977655,0.005685484092977654,0.004176639334030341
equilibrium_sigma_1.5,180.0,100.29218803681806,3.8578499048645356,1.9375458838922885,2.16,2.2802455021139556,1.4673627104401616,2.608793995444062,-0.09762923656655209,1.3891879932580053,-1.2799852697138805,2.1274094944035715,-2.713322159659824,-1.674615728306256,0.44879399544406207,0.12024550211395546,1.6978499048645355,0.016704771831543702,0.02350486829966806,0.016635885650444902,0.004635885650444902,0.01016581206281587,0.28677541106195426,0.08196263484594962,0.09463588565044491,0.044635885650444906,0.032065157653328714,0.1635062004953419,0.20821681962198585,0.04254674666136173,0.004882410846898861,0.23260282875902832,0.7199680137327111,1.0,0.5604508456681209,0.5790171209348741,0.6357554446802928,0.01782236883173871,0.0058223688317387105,0.004279529729819043
equilibrium_sigma_1.5,181.0,99.29218803681806,3.8746084833608396,1.9611664009889942,2.172,2.29693477248272,1.4775232128084554,2.626685866190228,-0.09329748353253153,1.4448852673446146,-1.2416366583356235,2.1385246412386656,-2.6663100422135644,-1.6344601331458022,0.454685866190228,0.12493477248271967,1.7026084833608395,0.01681291751027618,0.023736415745209825,0.016743196562038175,0.0047431965620381746,0.01015529732974485,0.2871005956425399,0.08267630268090179,0.09474319656203818,0.04474319656203818,0.03292125904413107,0.16554890527952335,0.2089318662369241,0.043154568170613396,0.005026678211257588,0.2327160532730586,0.7191027003450704,1.0,0.5590822334627192,0.5781144903569254,0.6466701884419886,0.017963574833353535,0.005963574833353535,0.004385588447018085
equilibrium_sigma_1.5,182.0,98.29218803681806,3.8914768245040596,1.9850192105356397,2.184,2.313732999607181,1.4876735270278454,2.6447211451107693,-0.08885805967251592,1.5011219498836985,-1.203232476803012,2.149613404170291,-2.619027012960963,-1.5941976171776262,0.4607211451107691,0.12973299960718077,1.7074768245040595,0.016924316954199492,0.023969448663250518,0.01685382051032929,0.004853820510329291,0.010145448373746369,0.2874358197282706,0.08339061111419654,0.0948538205103293,0.044853820510329295,0.033802095654491424,0.16763833076552875,0.2096665594345827,0.04377823925304766,0.005175868343446739,0.2328322093518715,0.718213683051634,0.9999999999999999,0.5576823183870957,0.5771926391879967,0.6578462175244926,0.018109272181798364,0.0061092721817983635,0.004494929568794603
equilibrium_sigma_1.5,183.0,97.29218803681806,3.908458242548388,2.0091057841639484,2.196,2.3306435616783086,1.4978143575285734,2.662904410553825,-0.08430762439494233,1.5579058457777684,-1.164775951421443,2.160675039352524,-2.5714696170242917,-1.5538295093617691,0.4669044105538247,0.13464356167830838,1.7124582425483879,0.01703909205434881,0.024203939152502314,0.016967888860413498,0.0049678888604134976,0.010136343284772264,0.28778148139519244,0.0841052698566957,0.0949678888604135,0.0449678888604135,0.034708316525542265,0.16977574588065766,0.21042159231132496,0.04441827260978724,0.0053301599728966444,0.23295137591667403,0.7173001915006422,1.0,0.5562502502599593,0.5762509506533815,0.669289818699007,0.018259639010577366,0.006259639010577366,0.004607671867473462
equilibrium_sigma_1.5,184.0,96.29218803681806,3.9255561763831133,2.0334275649589055,2.208,2.3476699714289864,1.5079464891877126,2.681240423131924,-0.079642715937569,1.615244915553462,-1.1262704240892334,2.171708789255523,-2.5236342727773815,-1.5133571683136386,0.4732404231319238,0.13966997142898618,1.717556176383113,0.01715737024966832,0.02443985802119528,0.017085539400202625,0.0050855394002026245,0.010128064910622254,0.2881379981824322,0.08481997575939772,0.09508553940020263,0.04508553940020263,0.035640579236333056,0.17196245648620195,0.21119768746116133,0.045075200014237905,0.005489738284495503,0.23307363372167314,0.7163614279795935,1.0,0.5547851541542447,0.5752887794831886,0.6810073892960533,0.01841486192337327,0.006414861923373271,0.004723939017253098
equilibrium_sigma_1.5,185.0,95.29218803681806,3.9427741952239335,2.057985966176496,2.22,2.3648158827359356,1.5180707921997496,2.6997341344005714,-0.07485974636043613,1.6731472815103818,-1.0877193544828336,2.1827138830978865,-2.4755172640167675,-1.4727819798503632,0.4797341344005712,0.14481588273593538,1.7227741952239333,0.017279284823113264,0.024677174803994017,0.017206916706405846,0.005206916706405846,0.010120701084960493,0.28850580820122984,0.08553441248843746,0.09520691670640585,0.04520691670640585,0.036599549240542324,0.17419980637948101,0.2119955984439785,0.0457495730718639,0.005654795128697581,0.23319906535880433,0.7153965664406342,1.0,0.5532861297257476,0.5743054503343725,0.6930054351818843,0.01857513649190934,0.0065751364919093384,0.004843859844882115
equilibrium_sigma_1.5,186.0,94.29218803681806,3.9601160046303243,2.0827823699786077,2.232,2.3820850976145285,1.5281882271818918,2.7183906961157427,-0.06995499624780477,1.731621235093396,-1.049126322352917,2.1936895373591128,-2.427114731661643,-1.4321053543313054,0.4863906961157425,0.15008509761452826,1.728116004630324,0.017404975230767616,0.02491585778360814,0.017332172542114214,0.005332172542114214,0.01011434485946644,0.28888537133974007,0.08624825019023256,0.09533217254211422,0.04533217254211422,0.03758589911911634,0.17648917835069802,0.21281611134681247,0.0464419640426058,0.005825529235501776,0.2333277552898199,0.7144047514320725,0.9999999999999999,0.5517522505050323,0.5733002560956053,0.7052905682964694,0.018740667757047857,0.006740667757047857,0.004967568582656234
equilibrium_sigma_1.5,187.0,93.29218803681806,3.977585452861417,2.107818126190317,2.244,2.3994815736311423,1.5382998505302572,2.737215469914667,-0.06492460919512366,1.7906752439526556,-1.010495029756051,2.2046349563720122,-2.3784226649594746,-1.391328723633472,0.4932154699146669,0.15548157363114212,1.733585452861417,0.017534587432577395,0.02515587401907456,0.017461466270753866,0.005461466270753865,0.010109094752863056,0.28927717051743596,0.0869611451677218,0.09546146627075387,0.04546146627075387,0.03860030774958141,0.17883199522015786,0.21366004642878098,0.04715296666525561,0.006002146433119363,0.23345978983331767,0.7133850970683073,1.0,0.5501825632024943,0.5722724561255493,0.71786950372369,0.018911670730079377,0.006911670730079377,0.005095205116699031
equilibrium_sigma_1.5,188.0,92.29218803681806,3.9951865375469575,2.1330945510967556,2.2560000000000002,2.417009431707059,1.5484068200053618,2.7562140375759014,-0.059764586014406706,1.8503179599148492,-0.9718293033661358,2.215549333006963,-2.3294368922081894,-1.3504535378605231,0.5002140375759012,0.16100943170705895,1.7391865375469573,0.017668274260591296,0.025397189379770726,0.01759496530428884,0.005594965304288841,0.010105055011601975,0.28968171304329954,0.08767273954905996,0.09559496530428885,0.045594965304288845,0.03964345938129429,0.18122972091082884,0.21452825986425125,0.04788319703204557,0.006184859870229427,0.23359525718655472,0.7123366859111704,1.0,0.5485760869897446,0.5712212743782917,0.7307490562705562,0.019088370970223645,0.007088370970223645,0.005226915272118271
equilibrium_sigma_1.5,189.0,91.29218803681806,4.0129234127472255,2.1586129262745235,2.2680000000000002,2.4346729643971954,1.5585104005921855,2.7753922118551144,-0.05447077865088712,1.910558227433888,-0.9331330968042213,2.226431849452798,-2.2801530709193036,-1.3094812617019274,0.5073922118551142,0.16667296439719514,1.7449234127472253,0.01780619580639818,0.02563976858642417,0.017732845579221605,0.005732845579221605,0.010102335883190216,0.2900995320582473,0.08838266095953619,0.09573284557922161,0.04573284557922161,0.04071604261289206,0.18368386153335167,0.21542164558921129,0.04863329449602149,0.006373890242019959,0.23373424743333884,0.7112585678286198,1.0000000000000002,0.5469318127726543,0.5701458974278941,0.7439361364929014,0.01927100518150615,0.007271005181506151,0.005362851110909617
equilibrium_sigma_1.5,190.0,90.29218803681806,4.0308003964156995,2.1843744974667545,2.2800000000000002,2.4524766446651984,1.568611970643105,2.7947560479389137,-0.04903888379258747,1.9714050926400022,-0.8944104929968191,2.23728167810209,-2.230566677395374,-1.2684133704238274,0.5147560479389135,0.1724766446651982,1.7508003964156993,0.01794851983264771,0.025883575259575516,0.01787529206410452,0.005875292064104521,0.010101053903087538,0.290531188073044,0.08909052219573751,0.09587529206410453,0.045875292064104525,0.041818749265509186,0.18619596648611955,0.21634113725797868,0.0494039226156459,0.0065694660196651865,0.23387685254487864,0.7101497588198102,1.0,0.5452487024542998,0.5690454723846256,0.7574377461275307,0.019459821849768355,0.007459821849768355,0.00550317124771893
equilibrium_sigma_1.5,191.0,89.29218803681806,4.048821978286334,2.2103804735106096,2.2920000000000003,2.470425135182798,1.5787130283149344,2.814311855554651,-0.04346443615544926,2.0328678130309803,-0.855665706566223,2.2480979825487735,-2.1806729956905757,-1.227251345465107,0.5223118555546509,0.17842513518279768,1.7568219782863337,0.018095422211387643,0.026128571976061537,0.018022499301199764,0.006022499301199764,0.010101332196367697,0.29097727060969625,0.08979592090238973,0.09602249930119977,0.04602249930119977,0.04295227314533506,0.18876762956923537,0.2172877103175138,0.05019577013797321,0.00677182368288725,0.23402316637551998,0.7090092398036196,1.0,0.5435256881886122,0.5679191046980573,0.7712609728845314,0.019655081919680573,0.007655081919680572,0.005648041184355801
equilibrium_sigma_1.5,192.0,88.29218803681806,4.06699282821318,2.2366320253255183,2.3040000000000003,2.488523298188832,1.5888151983153342,2.834066211778275,-0.03774280142387587,2.0949558678530376,-0.8169030862548774,2.258879918706428,-2.130467105916164,-1.1859966696074131,0.5300662117782746,0.18452329818883184,1.7629928282131795,0.01824708739114389,0.0263747203341627,0.018174671984879313,0.006174671984879313,0.010103300795150972,0.29143839995417975,0.0904984392527181,0.09617467198487932,0.04617467198487932,0.04411730868893522,0.191400490111015,0.21826238420740646,0.05100955202176895,0.006981207955215647,0.23417328465251583,0.7078359553704997,1.0000000000000002,0.5417616716256198,0.5667658558421569,0.78541298454897,0.01985705951531358,0.00785705951531358,0.005797633665219459
equilibrium_sigma_1.5,193.0,87.29218803681806,4.0853178049921075,2.2631302849711967,2.316,2.5067762059460392,1.5989202389748793,2.8540259745852783,-0.03186916882501034,2.157678969222401,-0.778127117386263,2.269626636055981,-2.079943871849904,-1.1446508216852926,0.5380259745852785,0.1907762059460394,1.7693178049921077,0.018403708894821458,0.026621981028106926,0.0183320255795797,0.006332025579579698,0.010107096972900104,0.2919152290290294,0.0911976436332464,0.0963320255795797,0.0463320255795797,0.04531454948454839,0.1940962341055327,0.21926622469422827,0.0518460105019655,0.00719787204150042,0.23432730495886217,0.7066288124976718,0.9999999999999999,0.5399555231492931,0.5655847408774918,0.7999010223379085,0.02006604270736556,0.008066042707365561,0.005952129055226463
equilibrium_sigma_1.5,194.0,86.29218803681806,4.103801965696471,2.2898763447851307,2.328,2.525189151836669,1.6090300496622227,2.874198297193006,-0.025838543313422946,2.2210470740423314,-0.7393424243651014,2.2803372790320653,-2.0290979278056556,-1.103215270799768,0.5461982971930062,0.1971891518366693,1.7758019656964712,0.01856548985066281,0.026870313932672415,0.018494786980380783,0.006494786980380782,0.010112865596775406,0.2924084453950933,0.09189308433402486,0.09649478698038079,0.04649478698038079,0.04654468666237596,0.19685659535950217,0.22030034634959528,0.0527059161968547,0.0074220778671715715,0.23448532670805464,0.7053866792279191,1.0,0.5381060811091335,0.5643747258856451,0.8147323934552443,0.020282334330416596,0.008282334330416596,0.006111715741994983
equilibrium_sigma_1.5,195.0,85.29218803681806,4.122450575560989,2.3168712566100496,2.34,2.543767662141149,1.6191466785610356,2.8945906432461115,-0.019645737341020375,2.2850703967746835,-0.7005537732202187,2.291010988557736,-1.9779236647160607,-1.0616914699955176,0.5545906432461116,0.20376766214114905,1.782450575560989,0.01873264355868308,0.02711967819868815,0.018663195219547034,0.0066631952195470336,0.01012075949934384,0.2929187733925668,0.09258429524536699,0.09666319521954704,0.04666319521954704,0.04780840714668857,0.19968335664659553,0.22136591518202833,0.05359006925943389,0.00765409631866798,0.23464745110948654,0.7041083833124117,1.0,0.5362121510467809,0.5631347252709744,0.829914462783222,0.020506252853823792,0.008506252853823792,0.00627659056416241
equilibrium_sigma_1.5,196.0,84.29218803681806,4.141269118450471,2.344116031122667,2.352,2.5625175085475136,1.6292723308287562,2.9152108029006536,-0.013285362185098126,2.349759423129253,-0.6617660741938387,2.3016469037377454,-1.9264152153779306,-1.0200808493583748,0.5632108029006537,0.21051750854751372,1.7892691184504712,0.018905394095188988,0.027370032360293315,0.0188375022226809,0.0068375022226809,0.010130939871064868,0.2934469764323664,0.09327079356226237,0.09683750222268091,0.046837502222680905,0.04910639176240093,0.2025783508670593,0.22246415143346265,0.054499300574316546,0.007894207484382808,0.2348137811229767,0.702792710818324,1.0,0.5342725049190702,0.5618635989249093,0.8454546436457373,0.020738133310204798,0.008738133310204798,0.006446959267928598
equilibrium_sigma_1.5,197.0,83.29218803681806,4.160263307952889,2.3716116372759446,2.364,2.58144472144317,1.6394093771586693,2.936066909866521,-0.006751818805163179,2.415124924739342,-0.6229843843817453,2.3122441637210702,-1.8745664388060677,-0.978384808486136,0.5720669098665212,0.21744472144317006,1.7962633079528887,0.01908397695820345,0.027621334454882265,0.019017973618470692,0.007017973618470692,0.01014357667510106,0.2939938594499112,0.09395207949772914,0.0970179736184707,0.047017973618470696,0.05043931318860127,0.2055434622102647,0.22359633255212188,0.05543447300162271,0.008142700895388759,0.234984421400725,0.7014384047022635,1.0,0.5322858803191226,0.5605601492480964,0.8613603875745326,0.020978328285483405,0.008978328285483405,0.006623036993930409
equilibrium_sigma_1.5,198.0,82.29218803681806,4.179439099138749,2.3993590018680333,2.376,2.6005556040444775,1.6495603627685036,2.9571674594716204,-3.928819723730825e-05,2.4811779748937015,-0.5842139104286397,2.3228019097438706,-1.8223709036372118,-0.9366047082808537,0.5811674594716205,0.2245556040444776,1.8034390991387492,0.019268639756785513,0.02787354215674463,0.019204889606365468,0.007204889606365467,0.010158849086183908,0.2945602715344408,0.09462763600652635,0.09720488960636547,0.04720488960636547,0.05180783375141375,0.2085806273173761,0.2247637963543275,0.05639648266909649,0.008399875765120626,0.2351594782145848,0.700044163351198,0.9999999999999999,0.530250979697358,0.559223118025996,0.8776391730056374,0.021227208977057543,0.009227208977057543,0.006805048797961621
equilibrium_sigma_1.5,199.0,81.29218803681806,4.198802701034213,2.4273590092520263,2.388,2.6198567474254446,1.6597280168401083,2.978521327820636,0.006858278790760064,2.5479299654265164,-0.5454600112891561,2.333319287364866,-1.769821870521838,-0.8947418620105902,0.5905213278206363,0.2318567474254447,1.8108027010342127,0.019459642947980568,0.02812661292543788,0.019398545887144562,0.007398545887144562,0.010176945955184289,0.2951471087489229,0.0952969285203629,0.09739854588714457,0.047398545887144566,0.05321260304816589,0.211691836442444,0.22596794438922987,0.05738626031487937,0.008666041227050041,0.23533905936740454,0.6986086390906662,1.0,0.5281664695835624,0.557851183152612,0.8942984928266805,0.02148516632155606,0.00948516632155606,0.006993230207177792
equilibrium_sigma_1.5,200.0,80.29218803681806,4.218360589861695,2.455612501200685,2.4,2.6393550465175144,1.6699152624440725,3.0001377921147325,0.013947172217118275,2.615392624787364,-0.5067282010451537,2.3437954489045136,-1.716912273425229,-0.8527975255648322,0.6001377921147326,0.2393550465175145,1.8183605898616952,0.01965726062197709,0.02838050417026571,0.019599254660390773,0.007599254660390773,0.01019806630136304,0.2957553171526993,0.09595940469808281,0.09759925466039078,0.04759925466039078,0.05465425539580137,0.21487913460526753,0.22721024552073846,0.05840477267921279,0.008941516569475219,0.23552327407866297,0.697130436672649,0.9999999999999999,0.5260309798144707,0.5564429552012334,0.911345840693992,0.021752612209707367,0.009752612209707367,0.007187827823465165
equilibrium_sigma_1.5,201.0,79.29218803681806,4.238119523134058,2.484120276939255,2.412,2.6590577171896257,1.6801252269987548,3.022026552240051,0.021233934437690394,2.683578037503821,-0.4680241517900292,2.3542295561008575,-1.6636346997290667,-0.8107728868314016,0.610026552240051,0.24705771718962577,1.8261195231340581,0.019861781335176354,0.028635173432254753,0.019807345694069396,0.007807345694069396,0.010222419831897579,0.29638589604263454,0.09661449419352815,0.0978073456940694,0.0478073456940694,0.05613340709550025,0.2181446227391431,0.22849223974596522,0.05945302395180301,0.009226631466369935,0.235712232828808,0.6956081117530191,0.9999999999999999,0.5238431027647741,0.554996973833755,0.9287886960177438,0.02202998077020224,0.01002998077020224,0.0073890999547012726
equilibrium_sigma_1.5,202.0,78.29218803681806,4.258086554547571,2.5128830933804718,2.424,2.678972314361615,1.6903612532182763,3.044197753655137,0.02872537212652082,2.752498664993075,-0.4293536966205269,2.364620782997236,-1.6099813691820128,-0.7686690541756913,0.6201977536551371,0.25497231436161494,1.834086554547571,0.020073509015137214,0.02889057858417233,0.020023167477954205,0.008023167477954205,0.010250227498990367,0.2970399014483461,0.09726160843477209,0.09802316747795421,0.04802316747795421,0.05765065350372709,0.22149045882160703,0.22981554225898432,0.06053205727024959,0.009521726202374967,0.2359060472127267,0.6940401693146487,1.0,0.5216013925895232,0.5535117040499654,0.9466345075699579,0.022317729734475877,0.010317729734475877,0.007597317284592897
equilibrium_sigma_1.5,203.0,77.29218803681806,4.278269049817266,2.541901665567151,2.436,2.6991067513183866,1.7006269106379541,3.0666620117090027,0.03642856900687619,2.8221673679178116,-0.3907228327258947,2.374968319074765,-1.5559441115267778,-0.7264870439076567,0.6306620117090027,0.2631067513183867,1.8422690498172658,0.02029276392849462,0.029146678050660013,0.020247088463625183,0.008247088463625183,0.010281722091520167,0.2977184498897733,0.09790014042277602,0.09824708846362519,0.04824708846362519,0.05920656590257083,0.22491885898876307,0.23118184778429757,0.061642956274244355,0.00982715189088318,0.23610482976288394,0.6924250620719886,1.0,0.5193043644775287,0.5519855322712096,0.9648906755830305,0.022616341916849247,0.010616341916849247,0.007812763609207796
equilibrium_sigma_1.5,204.0,76.29218803681806,4.298674703525508,2.571176667343319,2.448,2.7194693203293694,1.71092600776144,3.0894304374888355,0.04435089934493641,2.892597430184471,-0.35213772457301307,2.38527137264331,-1.501514342697882,-0.6842277666367087,0.6414304374888355,0.27146932032936943,1.8506747035255082,0.02051988371351729,0.029403431050298058,0.020479498398090525,0.008479498398090524,0.01031714886399505,0.29842272241845613,0.0985294645528627,0.09847949839809053,0.04847949839809053,0.060801688162005936,0.22843209862758684,0.2325929352001513,0.06278684671567854,0.010143270683782806,0.23630869372819563,0.690761188872343,1.0,0.5169504939195168,0.5504167622574343,0.9835645322392375,0.0229263267958415,0.0109263267958415,0.008035736624968592
equilibrium_sigma_1.5,205.0,75.29218803681806,4.319311557039241,2.6007087322790223,2.46,2.7400687146521747,1.7212626048571946,3.1125146653006857,0.05250004225681337,2.9638025847086165,-0.31360470720934197,2.395529174506465,-1.4466830395105619,-0.6418920124306755,0.6525146653006857,0.28006871465217476,1.8593115570392413,0.02075522448652692,0.029660797861230208,0.020720809760527252,0.008720809760527252,0.010356766207140301,0.2991539689712947,0.09914893645979442,0.09872080976052726,0.048720809760527256,0.06243653318552659,0.23203251344101627,0.23405067247239594,0.06396489812571518,0.01047045597097854,0.23651775281415782,0.6890468930891486,1.0000000000000002,0.514538215994519,0.548803610856071,1.0026633204502158,0.023248222205802804,0.011248222205802804,0.008266548772559945
equilibrium_sigma_1.5,206.0,74.29218803681806,4.3401880175726015,2.6304984548733,2.472,2.760914052028086,1.731641027447675,3.135926881900441,0.0608839968900563,3.0357970410843063,-0.27513028969787534,2.405740981916125,-1.3914407127327124,-0.5994804346739546,0.6639268819004411,0.28891405202808595,1.8681880175726016,0.02099916202810935,0.02991874011232136,0.02097145931150906,0.00897145931150906,0.010400846363781892,0.299913513065179,0.0997578928890051,0.09897145931150907,0.048971459311509064,0.06411157913113544,0.2357225004802937,0.23555702192226824,0.06517832553970125,0.010809092567752717,0.2367321208787261,0.6872804610138198,0.9999999999999999,0.5120659246782032,0.5471442035823126,1.0221941708151507,0.02358259615077496,0.011582596150774959,0.008505528144787222
equilibrium_sigma_1.5,207.0,73.29218803681806,4.3613128784778015,2.660546392061959,2.484,2.7820148997869314,1.742065880538509,3.1596798576022356,0.06951109854638782,3.108595515306212,-0.23672115869998134,2.4159060828327674,-1.3357773784222506,-0.556993532509325,0.6756798576022356,0.2980148997869314,1.8773128784778015,0.021252093055598567,0.030177221102016306,0.021231909765100983,0.009231909765100983,0.010449676194085052,0.3007027568639424,0.10035565159673762,0.09923190976510099,0.04923190976510099,0.06582726539975971,0.23950451913854998,0.23711404585338475,0.06642839128064883,0.011159576887831051,0.23695191157771023,0.6854601202538099,1.0,0.5095319721771715,0.5454365700313603,1.0421640766413935,0.02393004875088689,0.01193004875088689,0.008753019464266432
equilibrium_sigma_1.5,208.0,72.29218803681806,4.382695340853967,2.6908530650589726,2.496,2.8033813016897553,1.752542063639154,3.183786979402215,0.07839003581858917,3.182213261706064,-0.1983841822241783,2.426023800508133,-1.2796825274021357,-0.5144316317363999,0.6877869794022149,0.3073813016897553,1.8866953408539673,0.021514436588939978,0.03043620614728458,0.021502651595331358,0.009502651595331358,0.010503557994649592,0.30152318665251926,0.10094151128204881,0.09950265159533137,0.04950265159533136,0.06758398838327224,0.24338109209910133,0.23872391256528788,0.06771640680184224,0.011522317099799844,0.23717723795269682,0.6835840381456612,1.0,0.5069346682936021,0.54367863912442,1.0625798669060587,0.024291214332599065,0.012291214332599065,0.009009385137431103
equilibrium_sigma_1.5,209.0,71.29218803681806,4.404345036571003,2.721418961562904,2.508,2.825023806649884,1.7630747866313452,3.2082622862674337,0.08752986882125002,3.2566661072793286,-0.16012641356092727,2.436093498407495,-1.2231450927336476,-0.4717948640263443,0.7002622862674337,0.31702380664988405,1.8963450365710033,0.02178663541771167,0.03069566296528606,0.021784204989829352,0.009784204989829352,0.010562810376466385,0.30237637875705864,0.10151475155388441,0.09978420498982936,0.049784204989829356,0.0693820969644561,0.24735480623138864,0.24038890278312214,0.06904373458893132,0.011897733264290094,0.2374082119535797,0.6816503201931988,1.0,0.5042722798249696,0.5418682341916106,1.083448177032354,0.024666763675315728,0.012666763675315728,0.009275006392074348
equilibrium_sigma_1.5,210.0,70.29218803681806,4.4262720528137365,2.7522445383624663,2.52,2.846953499486428,1.7736695865468368,3.2331205067528463,0.09694004860273786,3.3319704885938326,-0.12195509542623784,2.4461145854892687,-1.166153415036055,-0.42908314429813177,0.7131205067528463,0.3269534994864278,1.9062720528137365,0.022069157677877538,0.03095556209066729,0.022077121964860412,0.010077121964860412,0.010627769207307642,0.30326400595412245,0.10207463293665725,0.10007712196486042,0.050077121964860416,0.07122188776141848,0.2514283134269103,0.2421114165354244,0.07041179012164007,0.012286257449088475,0.2376449438868789,0.6796570085423926,1.0000000000000002,0.50154303000397,0.5400030678965174,1.104775417349495,0.025057406428189433,0.013057406428189432,0.009550284506438356
equilibrium_sigma_1.5,211.0,69.29218803681806,4.448486958260538,2.7833302243784313,2.532,2.869182033879273,1.7843323453218867,3.2583770991238126,0.10663043783412673,3.408143491489468,-0.08387766433941346,2.4560865218601866,-1.1086952054865191,-0.38629614608494806,0.7263770991238125,0.33718203387927304,1.9164869582605384,0.022362498547696036,0.03121587733171785,0.022381988657616793,0.010381988657616793,0.010698788624760942,0.30418784441702057,0.10262039691804066,0.1003819886576168,0.0503819886576168,0.07310360010918718,0.2556043313668854,0.24389398051462402,0.07182204389495433,0.012688333819064807,0.23788754177991425,0.6776020805060665,0.9999999999999999,0.4987450979841867,0.5380807370089453,1.1265677391007178,0.025463893712427854,0.013463893712427854,0.009835642138746437
equilibrium_sigma_1.5,212.0,68.29218803681806,4.471000831020531,2.8146764241824913,2.544,2.891721667711386,1.7950693086024354,3.284048294177702,0.11661133288023073,3.485202893797733,-0.04590175526357987,2.466008824824781,-1.050757506318531,-0.3434332747010779,0.740048294177702,0.34772166771138613,1.9270008310205307,0.022667182073197137,0.03147658626897251,0.022699427813468905,0.010699427813468904,0.010776242126843298,0.30514978125293607,0.10315126604295953,0.10069942781346891,0.05069942781346891,0.07502741077145099,0.2598856442127492,0.24573925595768126,0.07327602349935786,0.013104418697509439,0.2381361106497531,0.6754834471533796,1.0,0.495876618377458,0.5360987170344494,1.148830997859713,0.02588702092610684,0.01388702092610684,0.010131524767123645
equilibrium_sigma_1.5,213.0,67.29218803681806,4.4938252884643495,2.8462835220374405,2.556,2.914585301002902,1.8058871056812875,3.3101511409760263,0.12689348736837402,3.5631672113312596,-0.008035206540909723,2.4758810753483624,-0.9923266486196161,-0.3004936379988447,0.7541511409760262,0.35858530100290187,1.9378252884643494,0.022983763134746496,0.031737670800253734,0.023030101487975678,0.011030101487975678,0.010860523747957252,0.3061518226908354,0.10366644405806373,0.10103010148797568,0.05103010148797568,0.07699342837568696,0.26427510320988745,0.24765004708732466,0.07477531575933417,0.013534980595158232,0.2383907516645703,0.6732989519809373,1.0,0.49293568084937534,0.5340543567115713,1.1715707142123155,0.026327630772157384,0.014327630772157384,0.010438402252664902
equilibrium_sigma_1.5,214.0,66.29218803681806,4.516972519104267,2.878151886506818,2.568,2.937786516670683,1.816792770662079,3.336703555722017,0.13748813738556054,3.6420557474223196,0.029713934844369128,2.4857029249528986,-0.9333882071999894,-0.2574760144773699,0.7687035557220168,0.3697865166706831,1.948972519104267,0.02331282956605979,0.03199911773668361,0.023374713985307043,0.011374713985307042,0.010952049328312473,0.30719610298577893,0.1041651161120522,0.10137471398530705,0.05137471398530705,0.07900168756542357,0.26877562719462933,0.24962931015829004,0.0763215689290825,0.013980500202925832,0.23865156118029815,0.6710463696876935,1.0,0.4899203297795983,0.5319448723901978,1.1947920315526812,0.026786616558094112,0.014786616558094112,0.010756770559098516
equilibrium_sigma_1.5,215.0,65.29218803681806,4.540455316763594,2.910281875688046,2.58,2.961339624459334,1.8277937650045046,3.3637243740922145,0.14840702848657106,3.7218886464738605,0.06733740765887797,2.49547410306368,-0.8739269521834746,-0.21437881843804027,0.7837243740922144,0.3813396244593341,1.9604553167635936,0.023655004426557172,0.032260919455305063,0.02373401505546096,0.01173401505546096,0.011051257881581053,0.30828489410745746,0.10464644902146915,0.10173401505546097,0.05173401505546096,0.0810521428654556,0.27339020300435907,0.25168016316381786,0.0779164949521619,0.014441470344704553,0.2389186296000724,0.6687234051030612,1.0,0.48682856398707935,0.5297673423006873,1.2184996708171922,0.02726492568701322,0.01526492568701322,0.011087153574759645
equilibrium_sigma_1.5,216.0,64.29218803681806,4.5642871170188135,2.942673843134394,2.592,2.9852597081034333,1.8388980014278191,3.3912334070960433,0.15966244453507983,3.802686951082296,0.1048267304396635,2.5051944248253113,-0.8139267973056661,-0.17120006194731438,0.7992334070960432,0.39325970810343325,1.9722871170188134,0.02401094845797344,0.032523074613136436,0.024108803376889913,0.012108803376889913,0.011158613083790354,0.3094206162936058,0.10510959160612508,0.10210880337688992,0.05210880337688992,0.08314466225587845,0.2781218857281965,0.25380589622870303,0.07956187173850177,0.01491839588492674,0.23919204009258802,0.6663276922839836,1.0000000000000002,0.48365833656210827,0.5275187007714065,1.2426978820850807,0.02776356350453213,0.01576356350453213,0.011430105111865041
equilibrium_sigma_1.5,217.0,63.29218803681806,4.588482036159783,2.975328144519641,2.604,3.009562676066307,1.8501138693322312,3.4192515011012787,0.17126723871030114,3.884472664769653,0.14217319484864532,2.514863799429501,-0.7533707445462248,-0.12793731344527234,0.8152515011012786,0.4055626760663067,1.9844820361597826,0.02438136279255819,0.03278558892668299,0.02449993038443845,0.01249993038443845,0.011274604893133488,0.31060584964981347,0.10555367506325611,0.10249993038443846,0.052499930384438454,0.08527902042950775,0.28297379889425783,0.2560099827741346,0.0812595455605137,0.015411793581850297,0.23947186724402653,0.6638567936136094,0.9999999999999999,0.48040755474084723,0.525195732327494,1.2673903928716803,0.028283597456120413,0.016283597456120413,0.011786211099494182
equilibrium_sigma_1.5,218.0,62.29218803681806,4.613054913004169,3.008245145118932,2.616,3.0342653163450244,1.8614502619447268,3.447800602008284,0.1832348667340682,3.9672688186358167,0.17936785869252514,2.524482238942151,-0.6922408246547748,-0.08458765231907976,0.831800602008284,0.4182653163450243,1.997054913004169,0.024766991832215993,0.03304847602858966,0.024908304429356952,0.012908304429356952,0.01139975130556204,0.31184334675562714,0.10597781345159742,0.10290830442935696,0.052908304429356956,0.08745489175838088,0.2879491344444813,0.25829609148862775,0.08301143343103132,0.01592219188757044,0.23975817541108674,0.6613081992703116,1.0,0.47707407992219747,0.5227950658148508,1.292580352904423,0.028826161546477547,0.016826161546477546,0.012156091957927329
equilibrium_sigma_1.5,219.0,61.29218803681806,4.638021353712253,3.0414252281869896,2.628,3.05938535563225,1.8729166052981154,3.476903824194234,0.1955794226261558,4.051099543852997,0.21640153829544495,2.5340498676722856,-0.6305180332676256,-0.041147619238047266,0.8489038241942337,0.43138535563225,2.0100213537122533,0.0251686263866015,0.0333117584065317,0.025334895345386237,0.013334895345386236,0.011534600268019096,0.31313604650117044,0.10638110424762992,0.10333489534538624,0.05333489534538624,0.08967184294490113,0.2930511525780889,0.26066809918754685,0.08481952555280821,0.01645013068440045,0.24005101688706584,0.6586793268757255,1.0,0.4736557277726804,0.5203131685006329,1.3182702752949382,0.029392461276723125,0.017392461276723125,0.012540405227439377
equilibrium_sigma_1.5,220.0,60.29218803681806,4.6633977798699835,3.074868804320296,2.64,3.0849415232601287,1.8845228892086314,3.5065855245617303,0.20831567718894695,4.135990150047126,0.25326480021545406,2.5435669320991607,-0.5681822622219642,0.0023868382486457273,0.8665855245617302,0.4449415232601286,2.0233977798699834,0.025587107079320506,0.03357546843406966,0.025780739457206235,0.013780739457206235,0.011679731766339654,0.31448708926426133,0.10676262899255755,0.10378073945720624,0.05378073945720624,0.09192932535780031,0.2982831814195883,0.26313010462436187,0.08668588780712445,0.01699616095196223,0.24035042982577,0.6559675214151434,1.0000000000000002,0.47015026844887575,0.5177463402109376,1.3444619739530408,0.02998377897457738,0.01798377897457738,0.012939848427296896
equilibrium_sigma_1.5,221.0,59.29218803681806,4.689201480123583,3.1085763219001525,2.652,3.1109536203944477,1.8962797004364882,3.5368713821433886,0.2214591194807496,4.221967210085723,0.28994795222973924,2.5530338113787416,-0.5052122256239887,0.046020425364151324,0.8848713821433885,0.45895362039444754,2.037201480123583,0.02602332804911338,0.03383964950381225,0.02624694508205925,0.014246945082059249,0.011835760107892657,0.31589983358199775,0.10712145403846353,0.10424694508205926,0.05424694508205925,0.09422666704897557,0.303648616493047,0.2656864433279331,0.08861266427383135,0.017560844357916244,0.2406564358932468,0.6531700554750056,1.0,0.46655542694965846,0.5150907075499929,1.3711564971099273,0.03060147960591575,0.01860147960591575,0.013355162190885395
equilibrium_sigma_1.5,222.0,58.29218803681806,4.715450665674208,3.142548278724694,2.664,3.1374425949997367,1.908198258235307,3.567788483773562,0.23502600157071774,4.309058651906674,0.3264410334978556,2.5624510284513877,-0.4415853801758335,0.08975856557801652,0.9037884837735617,0.4734425949997365,2.0514506656742078,0.02647824097887634,0.034104357274583094,0.026734698583802445,0.014734698583802445,0.012003336422203519,0.31737787449637106,0.10745663140098019,0.10473469858380245,0.05473469858380245,0.0965630644469215,0.309150919986973,0.26834170354640074,0.0906020797778218,0.01814475276458643,0.24096903761875438,0.6502841298388374,1.0,0.46286888360872797,0.5123422182483193,1.3983540568354633,0.03124701712741329,0.01924701712741329,0.0137871337118054
equilibrium_sigma_1.5,223.0,57.29218803681806,4.742164529979047,3.1767852349502887,2.676,3.164430623160756,1.920290452521112,3.599365416398215,0.2490333869043604,4.397293858092828,0.3627338037986414,2.5718192617729367,-0.3772778392076481,0.13360747254500052,0.923365416398215,0.48843062316075603,2.066164529979047,0.026952859489495246,0.03436966104590406,0.027245271046626336,0.015245271046626336,0.012183151405829658,0.31892506377765556,0.10776719972647085,0.10524527104662634,0.05524527104662634,0.09893757372227142,0.3147936197932742,0.27110074338450457,0.09265644245597436,0.018748467643117144,0.24128821541333717,0.6473068744875713,1.0,0.4590882747385063,0.5094966356937013,1.4260539544440463,0.03192194144025251,0.01992194144025251,0.014236600537340882
equilibrium_sigma_1.5,224.0,56.29218803681806,4.769363313043186,3.2112878274770695,2.688,3.191941197416816,1.9325688849196412,3.631632366654067,0.2634992026453995,4.486703773949951,0.39881573172897067,2.5811393576909123,-0.3122642797951115,0.17757422923836982,0.9436323666540667,0.503941197416816,2.081363313043186,0.027448263939548564,0.034635645275073304,0.02778002564462643,0.015780025644626428,0.012375938341501767,0.3205455322564437,0.10805218538302383,0.10578002564462644,0.05578002564462643,0.10134910182133745,0.3205803083009387,0.2739687092269031,0.09477814633567264,0.019372579386284658,0.24161392421962755,0.6442353500584153,1.0,0.4552111934383711,0.5065495337076596,1.4542545017029798,0.03262790601347243,0.02062790601347243,0.014704454750608997
equilibrium_sigma_1.5,225.0,55.29218803681806,4.797068370730608,3.2460567859296345,2.7,3.2199992228470022,1.9450469129827876,3.66462122842516,0.2784422964055784,4.577321024946147,0.434675981736782,2.590412343487699,-0.2465178422668027,0.22166687510154773,0.9646212284251598,0.5199992228470021,2.097068370730608,0.02796560667811182,0.03490241125432433,0.028340425794601116,0.016340425794601116,0.012582476425903856,0.3222437145290943,0.10831060368494203,0.10634042579460112,0.05634042579460112,0.10379639716319176,0.3265146409247082,0.27695105554667354,0.0969696739153629,0.020017686510432533,0.24194608975397897,0.6410665498202256,1.0,0.4512351905804455,0.5034962916374395,1.482952937780349,0.033366676258838934,0.021366676258838934,0.015191647590250046
equilibrium_sigma_1.5,226.0,54.29218803681806,4.825302249573275,3.2810929504027433,2.712,3.2486311217378923,1.9577386979018023,3.6983657191717447,0.2938824978258996,4.669180044477567,0.47030339984409064,2.599639441112538,-0.18001002131870064,0.26589450215124105,0.9863657191717445,0.5366311217378921,2.1133022495732745,0.028506117804861827,0.0351700789681485,0.028928044192312354,0.016928044192312353,0.01280359444554682,0.3240243763403405,0.10854146026102507,0.10692804419231236,0.05692804419231236,0.10627803999536418,0.3326003343481742,0.2800535662049198,0.09923359873637355,0.02068439473634796,0.2422846042990376,0.6377974022282408,0.9999999999999998,0.4471577759867232,0.5003320898419055,1.5121453418976718,0.03414013875033506,0.022140138750335058,0.01569919456335489
equilibrium_sigma_1.5,227.0,53.29218803681806,4.8540887676151545,3.3163972911633173,2.724,3.277864947772774,1.970659256087158,3.73290150592583,0.30984068553228816,4.762317213047477,0.5056864978966669,2.608822081624184,-0.1127105478531904,0.3102673610907139,1.00890150592583,0.553864947772774,2.1300887676151543,0.02907111149980031,0.03543878915390035,0.029544572847466276,0.017544572847466276,0.013040174846125352,0.32589264499232207,0.10874375257758663,0.10754457284746628,0.05754457284746628,0.1087924324025122,0.33884116445991586,0.2832823773542145,0.10157258793388732,0.021373315938222923,0.2426293220016156,0.6344247741262741,0.9999999999999999,0.4429764198118563,0.4970519056587788,1.5418265416868544,0.03495031139686677,0.022950311396866773,0.01622818111695401
equilibrium_sigma_1.5,228.0,52.29218803681806,4.88345310190095,3.3519709305249497,2.736,3.3077305108099644,1.9838245150367952,3.7682663419654783,0.3263388600598076,4.8567710100911405,0.5408134361560233,2.617961920366007,-0.044587260538634155,0.35479697863911097,1.032266341965478,0.5717305108099642,2.14745310190095,0.029661992993804467,0.03570870559240789,0.030191834249937356,0.018191834249937356,0.01329315824732702,0.32785404318162836,0.10891647162827749,0.10819183424993736,0.05819183424993736,0.11133778796147482,0.34524096396089715,0.2866440020659756,0.10398940475365817,0.022085066949222753,0.24298005362609607,0.630945474671023,1.0,0.4386885541461989,0.4936505099500967,1.5719900172874388,0.03579935473809348,0.02379935473809348,0.01677976898322653
equilibrium_sigma_1.5,229.0,51.29218803681806,4.913421883468562,3.387815167161428,2.748,3.3382595136778965,1.997251374081884,3.804500215402017,0.3434002234987412,4.952582179998577,0.5756720041020529,2.6270608528853794,0.024394034285428023,0.399496287574486,1.0565002154020169,0.5902595136778963,2.1654218834685617,0.03028026622671169,0.03598001766124948,0.030871793811429994,0.018871793811429994,0.013563548453055758,0.329914526701303,0.10905860381778508,0.10887179381143,0.05887179381143,0.11391212104358162,0.35180361963338336,0.2901453568250612,0.10648691102441075,0.022820268214885746,0.24333656062194434,0.6273562601387591,0.9999999999999999,0.4342915748456331,0.4901224643283867,1.602627801205079,0.03668958444039827,0.02468958444039827,0.017355203224031612
equilibrium_sigma_1.5,230.0,50.29218803681806,4.944023300339357,3.42393150312544,2.7600000000000002,3.369485702073333,2.010957770386569,3.841645510846275,0.36104926650787084,5.0497939137147085,0.6102495991138812,2.6361210316299415,0.09426971531567918,0.44437977089782776,1.0816455108462746,0.6094857020733326,2.184023300339357,0.03092754233609528,0.03625294318420746,0.031586573776143774,0.019586573776143774,0.013852418044716208,0.3320805265943751,0.10916913302925822,0.10958657377614378,0.05958657377614378,0.11651323574482537,0.3585330692327214,0.2937937900007965,0.1090680695636468,0.023579542277554415,0.24369854856001683,0.6236538395987821,1.0,0.42978284361407665,0.48646211918794957,1.6337303742326044,0.03762348506585678,0.025623485065856776,0.01795581998992435
equilibrium_sigma_1.5,231.0,49.29218803681806,4.975287209227324,3.4603216738346596,2.7720000000000002,3.4014450288144307,2.024962750686428,3.8797471855337307,0.3793118634785899,5.148452047507,0.6445332026125117,2.6451448834629363,0.1650785127559104,0.48946362171255137,1.1077471855337304,0.6294450288144304,2.203287209227324,0.031605549143391753,0.03652773161604603,0.032338468813909164,0.020338468813909164,0.014160914646920434,0.33435899640578537,0.10924704287518311,0.11033846881390917,0.06033846881390917,0.11913871441415008,0.36543329796041313,0.29759711241467995,0.11173594649157281,0.024363512072663455,0.2440656600259485,0.6198348814098152,1.0,0.4251596903665232,0.4826636126751271,1.665286557605567,0.03860372547983082,0.02660372547983082,0.018583055265281034
equilibrium_sigma_1.5,232.0,48.29218803681806,5.00724525737504,3.496987681452151,2.7840000000000003,3.434175834822316,2.039286549759221,3.9188529618059365,0.3982153770384329,5.248605281354733,0.6785093535902624,2.6541351279915864,0.23686169085350195,0.5347659212198841,1.1348529618059362,0.6501758348223157,2.2232452573750394,0.03231614166919372,0.03680466761603313,0.033129963515345494,0.021129963515345494,0.014490267936838056,0.33675746519801664,0.10929131918246156,0.1111299635153455,0.0611299635153455,0.12178590579025196,0.3725083345267772,0.3015636301878443,0.11449371344525998,0.02517279903149367,0.24443746665212318,0.615896020871123,0.9999999999999999,0.4204194158670592,0.4787208707295566,1.6972834015920761,0.03963317613503037,0.027633176135030368,0.019238454743945477
equilibrium_sigma_1.5,233.0,47.29218803681806,5.039931015506747,3.533931832059346,2.7960000000000003,3.467719048684673,2.0539506763343645,3.9590135378037914,0.41778877296648087,5.350305419191527,0.7121641190886066,2.6630947967422727,0.30966324820809465,0.5803068370703525,1.1630135378037911,0.6717190486846727,2.243931015506747,0.0330613138652341,0.03708407506548519,0.033963752078740826,0.021963752078740826,0.014841797517591862,0.33928409720830555,0.10930095271372885,0.11196375207874083,0.06196375207874083,0.12445191271874985,0.3797622467697299,0.3057021800018041,0.11734464966765602,0.02600802097246527,0.2448134603085688,0.61183386905131,1.0,0.41555929466428093,0.47462760835292855,1.7297060709449623,0.040714928388792426,0.028714928388792426,0.019923684893790927
equilibrium_sigma_1.5,234.0,46.29218803681806,5.073380123195443,3.5711567770954042,2.8080000000000003,3.502118407134949,2.0689780073604,4.000282818583521,0.43806274682601476,5.453607633702405,0.7454830611984429,2.672027253210284,0.38353013803713876,0.6261088447693797,1.192282818583521,0.6941184071349489,2.265380123195443,0.033843211748497165,0.03736632159591326,0.0348427605193451,0.022842760519345102,0.015216921787000192,0.34194775914953063,0.10927494213984104,0.11284276051934511,0.0628427605193451,0.12713357942332357,0.3871991368058449,0.3100221669201342,0.12029214394773187,0.026869789764792946,0.24519304339653034,0.6076450228909448,1.0,0.4105765783400838,0.47037733227133255,1.76253772769637,0.04185231620338481,0.02985231620338481,0.020640545429729817
equilibrium_sigma_1.5,235.0,45.29218803681806,5.107630448149831,3.6086655596115813,2.82,3.5374206991575328,2.084392891700183,4.042718170210561,0.4590698638259405,5.5585707588038815,0.7784512000996839,2.6809362138135726,0.45851251093836287,0.6721969752631066,1.2227181702105612,0.7174206991575329,2.2876304481498315,0.034664148152750124,0.0376518237063156,0.035770171789374576,0.023770171789374576,0.015617167955526597,0.34475809633143806,0.1092122972802312,0.11377017178937457,0.06377017178937457,0.12982747829870497,0.39482313569167415,0.31453360491888016,0.123339696386695,0.027758708747852398,0.24557551817827958,0.6033260766871731,1.0,0.4054684990865783,0.46596334516957305,1.795759411890096,0.04304894060173936,0.03104894060173936,0.021390983416882614
equilibrium_sigma_1.5,236.0,44.29218803681806,5.142722261161399,3.6464616659746647,2.832,3.573676036851145,2.1002212644908136,4.086380699787,0.48084471365978,5.66525761342673,0.8110529725794646,2.6898257697837242,0.5346639830859428,0.7185990923200043,1.2543806997870002,0.7416760368511452,2.3107222611613993,0.03552661935291555,0.037941052562364616,0.03674945426699066,0.02474945426699066,0.016044183395223302,0.3477256189908808,0.109112042628529,0.11474945426699067,0.06474945426699066,0.13252989618518515,0.4026383975746806,0.31924716026898603,0.1264909199635662,0.028675369888828017,0.24596007507620116,0.5988736350714047,1.0,0.400232273624964,0.46137875168825937,1.8293499209774529,0.04430869731632958,0.032308697316329585,0.022177109262968786
equilibrium_sigma_1.5,237.0,43.29218803681806,5.178698428730459,3.6845490837544213,2.844,3.610938156681412,2.116490773603216,4.13133556484322,0.5034240823518781,5.773735360802872,0.8432721853755814,2.69870041003257,0.6120419332663648,0.765346203900663,1.2873355648432203,0.766938156681412,2.334698428730459,0.0364333238663707,0.038234540587375146,0.03778439415696163,0.02578439415696163,0.016499748535190505,0.35086180047564125,0.10897322118151075,0.11578439415696162,0.06578439415696162,0.13523682007408452,0.4106490933150254,0.3241741979048415,0.12974954187190155,0.02962035066038958,0.24634577987457879,0.5942843275931301,1.0,0.39486510747893294,0.4566164663865094,1.8632856887481635,0.045635808151576196,0.0336358081515762,0.02300121490745166
equilibrium_sigma_1.5,238.0,42.29218803681806,5.215604625722168,3.7229323666499603,2.856,3.64926475534531,2.133230919871429,4.177652316090152,0.5268471434746833,5.88407590815047,0.8750919625815237,2.7075650450399045,0.6907078327180137,0.8124728123904442,1.3216523160901525,0.79326475534531,2.3596046257221683,0.03738718379459366,0.038532888975709306,0.03887913244810317,0.02687913244810317,0.016985791560050013,0.35417918923667624,0.10879489859004714,0.11687913244810316,0.06687913244810316,0.13794392218109805,0.41885940356205975,0.32932683089765746,0.13311940459811608,0.030594210619272227,0.2467315597591426,0.5895548250234691,1.0,0.38936419961341995,0.4516692238845467,1.8975406648314426,0.047034856680808534,0.03503485668080854,0.023865794573936228
equilibrium_sigma_1.5,239.0,41.29218803681806,5.253489570801405,3.7616167074525357,2.868,3.6887178651748003,2.1504732130419395,4.225405278204837,0.5511556714997505,5.996356352478007,0.9064946862168319,2.7164250318172143,0.7707276124035407,0.8600173093788697,1.3574052782048374,0.8207178651748004,2.3854895708014054,0.03839136914114122,0.03883677628453936,0.0400382071972142,0.028038207197214202,0.017504405217852924,0.35769153696125516,0.10857616765125233,0.11803820719721421,0.0680382071972142,0.14064654430895837,0.4272735112727488,0.33471797312894597,0.13660446671081408,0.031597487665655906,0.24711618813255762,0.5846818574909723,1.0,0.38372674744725827,0.44652959141089127,1.9320861959828561,0.048510829021686686,0.03651082902168669,0.024773568524223633
equilibrium_sigma_1.5,240.0,40.29218803681806,5.292405287873308,3.800608020213109,2.88,3.729364274849342,2.168251345728949,4.274673974133526,0.5763942805231306,6.1106594792194695,0.9374619289073094,2.725286200014758,0.8521720731408496,0.9080224216334235,1.394673974133526,0.849364274849342,2.412405287873308,0.03944932563108748,0.039146968290764556,0.04126660206162857,0.02926660206162857,0.018057866105000733,0.3614139456412987,0.10831615316144358,0.11926660206162858,0.06926660206162857,0.1433396814019294,0.4358955936636069,0.3403613952255077,0.14020880332985275,0.03263069396212684,0.24749826814891487,0.5796622345591056,1.0,0.37794995224538336,0.4411899839879366,1.9668909105729668,0.05006916058476918,0.03806916058476918,0.02572751034059184
equilibrium_sigma_1.5,241.0,39.29218803681806,5.332407397333247,3.8399130329877553,2.892,3.771276002198083,2.186601388064736,4.325543599374376,0.6026106921809342,6.227074321605549,0.9679743774268985,2.7341548792556933,0.9351173449761053,0.9565357160670017,1.4335435993743757,0.879276002198083,2.440407397333247,0.04056480666701187,0.03946432933777606,0.04256980218969674,0.03056980218969674,0.01864865687096075,0.365363036938475,0.10801401714980169,0.12056980218969675,0.07056980218969675,0.14601796417138765,0.44472981359317587,0.34627178377004364,0.14393660624368934,0.03369431148966118,0.24787621491733566,0.5744928673493137,0.9999999999999999,0.3720310248925721,0.4356426824969371,2.0019206079123264,0.051715789876087825,0.03971578987608783,0.026730878371711952
equilibrium_sigma_1.5,242.0,38.29218803681806,5.3735554416307,3.87953939278066,2.904,3.814530827091339,2.205562006221407,4.378105553885701,0.6298560372665545,6.345696790118161,0.9980117456184698,2.7430379278023374,1.019645403338965,1.0056101728795883,1.4741055538857015,0.910530827091339,2.4695554416306997,0.041741910192993587,0.03978983544350158,0.043953858809486344,0.03195385880948634,0.01927949187840329,0.36955714790753436,0.1076689645127829,0.12195385880948634,0.07195385880948633,0.14867564064313718,0.4537803103788996,0.35246480373714983,0.14779218364404176,0.034788787216396604,0.24824823633487944,0.5691707928046822,1.0,0.36596719204613726,0.4298798548682538,2.0371381542828524,0.053457220791746085,0.04145722079174609,0.027787252214312108
equilibrium_sigma_1.5,243.0,37.29218803681806,5.41591325088185,3.9194957846810214,2.916,3.8592128943955553,2.2251747087997935,4.432458040957868,0.6581851966095584,6.466630383566897,1.0275526750486808,2.7519427626652693,1.1058446514552254,1.055304837989419,1.5164580409578678,0.9432128943955553,2.4999132508818502,0.04298512133461356,0.040124589502882585,0.045425464127207986,0.03342546412720798,0.019953346950396574,0.3740165579612363,0.10728024909271842,0.12342546412720798,0.07342546412720798,0.15130655646073893,0.4630511900989584,0.35895716406515166,0.15177995946478529,0.035914527862815654,0.24861231235717296,0.5636932003152261,1.0,0.35975570263369777,0.4238935806236794,2.072503387652517,0.05530059500951934,0.04330059500951934,0.028900575172438714
equilibrium_sigma_1.5,244.0,36.29218803681806,5.459549354841915,3.959792067543494,2.928,3.9054133984481254,2.2454841256030194,4.48870674390474,0.6876571876114319,6.5899869951216274,1.0565746213958422,2.7608773912991467,1.1938105798061667,1.1056855677566624,1.5607067439047402,0.9774133984481255,2.531549354841915,0.044299361934506815,0.04046983898822832,0.046992038531181966,0.03499203853118196,0.02067349401160497,0.3787637531247938,0.10684718021287125,0.12499203853118197,0.07499203853118197,0.153904133737666,0.4725465154125955,0.365766686117959,0.1559044723038088,0.03707189424090989,0.2489661725984571,0.5580574608568243,1.0,0.35339383467356095,0.4176758790167523,2.1079730338469984,0.0572537758077023,0.045253775807702304,0.030075203328264077
equilibrium_sigma_1.5,245.0,35.29218803681806,5.504537447536405,4.000439428507328,2.94,3.953231360149549,2.2665383231622007,4.546965592573272,0.7183356032660866,6.715887827237117,1.0850537232396629,2.769850445238358,1.2836465129593233,1.1568258799385724,1.6069655925732724,1.013231360149549,2.5645374475364053,0.04569004877558715,0.040826996620819386,0.048661832581954965,0.03666183258195496,0.021443541661076364,0.3838237350968332,0.10636912959673878,0.12666183258195496,0.07666183258195496,0.15646134805967024,0.4822702947629452,0.3729123744476975,0.16017037383056107,0.03826119508338799,0.2493072731717488,0.5522611579143022,1.0,0.3468789025088267,0.41121874108664336,2.1435006367851352,0.05932544622792735,0.04732544622792735,0.03131596305855999
equilibrium_sigma_1.5,246.0,34.29218803681806,5.550956915353573,4.04145056001938,2.952,4.002774515205156,2.2883891645118237,4.607357636360595,0.7502891137285519,6.844464436470778,1.1129646509210782,2.778871215816945,1.3754644615656848,1.208807930524094,1.6553576363605949,1.0507745152051564,2.5989569153535728,0.04716316188173733,0.041197664638290575,0.05044404672601465,0.03844404672601465,0.022267482805757317,0.3892243840182262,0.10584553879430487,0.12844404672601464,0.07844404672601464,0.1589707034009534,0.4922264711811728,0.38041448945821393,0.1645824267327714,0.039482680373258174,0.24963277192106104,0.5463021209729093,1.0,0.34020826430861417,0.4045141657779913,2.1790365055616014,0.06152522495816726,0.04952522495816726,0.03262821906652902
equilibrium_sigma_1.5,247.0,33.29218803681806,5.59889343947431,4.0828398632579574,2.964,4.054160332631215,2.3110927208164918,4.670016042489607,0.7835920413991446,6.9758599309210965,1.1402804316292205,2.787949692333553,1.4693860976150284,1.2617236382255161,1.706016042489607,1.0901603326312146,2.6348934394743098,0.04872532514292066,0.04158366340571539,0.052348972467554315,0.04034897246755431,0.02314975087082337,0.39499688626531604,0.1052759271063823,0.1303489724675543,0.0803489724675543,0.16142420451551318,0.5024189107309123,0.3882946210884303,0.16914550218013336,0.04073653412303929,0.2499395022486524,0.5401784614481749,1.0,0.3333793298102887,0.39755420035427913,2.2145276819080415,0.06386380308849793,0.05186380308849793,0.034017954639382175
equilibrium_sigma_1.5,248.0,32.29218803681806,5.648439686208889,4.124623682718087,2.976,4.10751718704141,2.3347097442551705,4.735085242537591,0.8183250230073162,7.11023034820756,1.1669722461029397,2.7970966031085154,1.5655438753050994,1.3156759830800695,1.7590852425375907,1.1315171870414096,2.6724396862088886,0.05038390202450306,0.04198706530480206,0.05438815963817455,0.04238815963817455,0.024095286460188586,0.4011762413278016,0.10465990001260912,0.13238815963817455,0.08238815963817454,0.16381332627257167,0.5128513906718655,0.39657576233742625,0.1738645768001002,0.04202286654807549,0.2502239456959248,0.5338886109558996,1.0,0.3263895682498501,0.3903309852989158,2.2499179317298386,0.06635310646913695,0.05435310646913695,0.03549186692436335
equilibrium_sigma_1.5,249.0,31.29218803681806,5.6996961019721635,4.166820577799416,2.988,4.16298571360314,2.3593062137397522,4.802722255427881,0.8545757752478713,7.247746248275067,1.1930091913670908,2.8063234599872895,1.6640823250503696,1.3707805113762774,1.8147222554278808,1.17498571360314,2.7116961019721635,0.05214710979908577,0.042410235074457056,0.056574615582919645,0.04457461558291964,0.02510961681636234,0.4078018654027868,0.10399715811149705,0.13457461558291964,0.08457461558291963,0.16612897929224876,0.5235275874590928,0.4052823810542009,0.17874472917918477,0.043341705570753536,0.25048220340580063,0.5274313618442611,1.0,0.3192365164024078,0.3828368038638092,2.285147764807182,0.06900648952644595,0.05700648952644595,0.03705748065765846
equilibrium_sigma_1.5,250.0,30.29218803681806,5.75277183350263,4.2094516385576695,3.0,4.2207203811007625,2.384953967690334,4.873098221590483,0.8924399843226332,7.388594563157049,1.2183580026219831,2.815642606994014,1.7651595544547918,1.4271670862009878,1.8730982215904826,1.2207203811007625,2.7527718335026297,0.05402415665592766,0.042855878083416635,0.05892304361295305,0.04692304361295305,0.02619895105176813,0.4149183139786456,0.10328750657562509,0.13692304361295304,0.08692304361295304,0.1683614710858936,0.5344510647251854,0.41444048789016386,0.1837911359201143,0.044692987577246567,0.25070996664003947,0.5208059098625997,1.0,0.3119177866341257,0.37506413638796354,2.3201544871391646,0.07183896790976974,0.05983896790976974,0.0387232846599479
equilibrium_sigma_1.5,251.0,29.29218803681806,5.807785798853692,4.252540854451919,3.012,4.280891326843543,2.4117314414484645,4.94640019124742,0.9320223445677671,7.532980755793849,1.2429827257482249,2.8250672740288185,1.8689489980713028,1.484981931823729,1.9344001912474202,1.2688913268435429,2.7957857988536916,0.05602540724181271,0.043327098416782,0.0614501300763372,0.049450130076337195,0.027370294938477917,0.4225761517464763,0.10253086511795395,0.1394501300763372,0.08945013007633719,0.17050046171578295,0.5456252614288322,0.42407769764526476,0.18900906730670972,0.04607654732815608,0.25090248657814096,0.5140118987869934,1.0000000000000002,0.3044310748426824,0.367005719463551,2.354872290819815,0.07486749936992965,0.06286749936992965,0.040498896600079215
equilibrium_sigma_1.5,252.0,28.29218803681806,5.864867940985901,4.2961155470519765,3.024,4.343686507756493,2.4397245312055236,5.022833220330342,0.9734377775227916,7.681131352734197,1.2668443297690923,2.8346116367435803,1.9756414680022236,1.5443900314564503,1.9988332203303418,1.3196865077564928,2.840867940985901,0.05816258376724945,0.04382746918597073,0.06417489203406682,0.05217489203406682,0.028631590117923038,0.43083300616383874,0.10172727845578262,0.1421748920340668,0.0921748920340668,0.1725349127508354,0.5570534803962973,0.43422328039262353,0.19440388265538508,0.04749210689751097,0.25105454368581265,0.5070494667612913,1.0,0.29677416813448076,0.35865460997403603,2.3892323867706384,0.07811132496789552,0.06611132496789553,0.042395263105362124
equilibrium_sigma_1.5,253.0,27.29218803681806,5.924160703915964,4.340206880410831,3.036,4.409314235636722,2.4690276118610637,5.102622841183211,1.0168128707784914,7.8332969320569665,1.2899002458420123,2.8442908840453436,2.0854475705865454,1.6055779523891334,2.0666228411832113,1.3733142356367218,2.8881607039159642,0.0604490119223602,0.04436111817143224,0.06711910103676497,0.05511910103676497,0.02999188402420125,0.4397548516265604,0.1008769272410522,0.14511910103676495,0.09511910103676495,0.17445302798831247,0.5687388775420227,0.44490819770067197,0.199981025479543,0.04893926347669629,0.2511604170228767,0.499919294020884,1.0,0.2889449520468448,0.3500042539587367,2.423163186116642,0.08159238606609431,0.06959238606609432,0.04442490430055579
equilibrium_sigma_1.5,254.0,26.29218803681806,5.98582078190962,4.384850466360081,3.048,4.478006182242383,2.4997447434140296,5.1860179924625305,1.0622875861239032,7.989755668140543,1.3121038160966432,2.854121295004852,2.198600571532001,1.6687571913341575,2.1380179924625304,1.4300061822423826,2.93782078190962,0.0628999235823708,0.04493283284831977,0.07030780313873694,0.058307803138736944,0.03146153871319841,0.44941758526889974,0.0999801394541229,0.14830780313873693,0.09830780313873692,0.17624218408265938,0.5806844520389068,0.4561651178784331,0.20574601851737281,0.050417475851018925,0.25121385384779604,0.49262265178381215,1.0,0.2809414171339324,0.3410485602750543,2.4565905365603258,0.08533583807851342,0.07333583807851342,0.04660221496520922
equilibrium_sigma_1.5,255.0,25.29218803681806,6.050021206132871,4.430087086627324,3.06,4.550020963112606,2.5319911099474894,5.273294517340238,1.1100173007089098,8.150817566557691,1.3334036298214291,2.8641203276946245,2.315359814426798,1.734168156529544,2.213294517340238,1.4900209631126056,2.990021206132871,0.06553283242498256,0.04554819010197022,0.07376996185958742,0.06176996185958743,0.03305248947610125,0.4599089753320831,0.09903740206218323,0.1517699618595874,0.10176996185958741,0.1778888485335664,0.5928930380689729,0.46802840261859024,0.21170445917539985,0.05192604922306652,0.2512080403335478,0.4851614512679858,1.0,0.27276166449378814,0.3317819786378666,2.48943802054106,0.08937068691704386,0.07737068691704387,0.04894383769266741
equilibrium_sigma_1.5,256.0,24.29218803681806,6.116953851342538,4.4759635598083225,3.072,4.625648439541479,2.565894747707345,5.364759366296618,1.160175261509238,8.316829550776445,1.3537427208873665,2.874306722587516,2.436014827093392,1.8020849364136882,2.292759366296618,1.5536484395414787,3.0449538513425383,0.06836800309178936,0.04621371770033922,0.07753925903219511,0.06553925903219511,0.03477856749565643,0.4713310879763487,0.09804937310364346,0.1555392590321951,0.10553925903219509,0.17937848230446546,0.6053672982255418,0.4805340549206744,0.217862014996315,0.053464118132588584,0.25113557350948396,0.4775382933616125,1.0,0.264403910188887,0.3221995822524675,2.521627322923915,0.09373058501790332,0.08173058501790333,0.051469129611097175
equilibrium_sigma_1.5,257.0,23.29218803681806,6.186832470780396,4.522533789616966,3.084,4.705214920349646,2.601598636050283,5.460755687376045,1.2129555599311042,8.48818162474014,1.3730575885302234,2.8847006247343536,2.560890291579982,1.8728210459189187,2.3767556873760447,1.621214920349646,3.102832470780396,0.0714290426721641,0.04693709696145431,0.08165510120159414,0.06965510120159414,0.03665590598768041,0.48380333697452765,0.0970168937960954,0.15965510120159412,0.10965510120159412,0.18069542291146115,0.6181097197517605,0.49371961610236803,0.22422442031750714,0.05503062691162673,0.25098843557285627,0.46975651719801,1.0,0.2558664877663204,0.31229715410056863,2.5530786760622814,0.09845483717729353,0.08645483717729353,0.05420075238904376
equilibrium_sigma_1.5,258.0,22.29218803681806,6.259896403202511,4.569860043108173,3.096,4.789089506221145,2.6392632498979003,5.561669040651205,1.2685767662873255,8.66531439588904,1.3912769972460386,2.8953237290113707,2.6903521130082417,1.946736403974362,2.465669040651205,1.6930895062211446,3.1638964032025108,0.07474365167521312,0.04772741950750251,0.08616389555100643,0.07416389555100643,0.03870345594731616,0.497466350154565,0.09594100081879588,0.16416389555100644,0.11416389555100644,0.18182274359985592,0.6311226144910701,0.5076239964232894,0.23079747424890887,0.05662430734096108,0.2507579691298813,0.4618202492802488,1.0,0.24714784829098302,0.30207127655735144,2.583711393352629,0.10358967609594227,0.09158967609594228,0.05716542012776582
equilibrium_sigma_1.5,259.0,21.29218803681806,6.336415127843664,4.618014517904936,3.108,4.877691871201549,2.679069693709796,5.667935039567929,1.3272864001866358,8.848728320584694,1.408320488909698,2.9061994558023097,2.8248148724705238,2.024245857947373,2.5599350395679292,1.7696918712015486,3.228415127843664,0.07834459000857681,0.048595515514888804,0.0911206839332944,0.0791206839332944,0.04094364803745279,0.512486921009983,0.09482293795736142,0.1691206839332944,0.1191206839332944,0.18274208147917975,0.644408122394231,0.5222872175443608,0.2375870403677084,0.05824365222821533,0.2504348594021519,0.45373444800192436,1.0,0.23824655799586525,0.2915194244028551,2.613444501871963,0.10918989834619319,0.0971898983461932,0.06039485869471273
equilibrium_sigma_1.5,260.0,20.29218803681806,6.416693921969075,4.667081283209814,3.12,4.971501906343738,2.7212235904924538,5.780048837343592,1.389366483676751,9.038995175049235,1.4240965268065229,2.91735316475729,2.9647510773475783,2.1058296937933956,2.6600488373435915,1.8515019063437377,3.2966939219690747,0.08227093004603193,0.04955437797508049,0.09659125737348692,0.08459125737348692,0.04340325064458022,0.5290644162832937,0.09366416725434436,0.17459125737348694,0.12459125737348693,0.18343342695609,0.6579682200179007,0.5377500420051121,0.24459904856285966,0.05988688416664197,0.2500091217157306,0.44550494555476766,0.9999999999999999,0.22916129258800652,0.28064006065514463,2.642197485343034,0.11532104393071574,0.10332104393071574,0.0639270903433522
equilibrium_sigma_1.5,261.0,19.29218803681806,6.501081053704414,4.717158741318373,3.132,5.0710719592312925,2.7659600248398264,5.898577127429361,1.4551405808733402,9.236772598118318,1.4385001839337164,2.9288124118424723,3.11070292886795,2.1920468209483976,2.7665771274293607,1.9390719592312924,3.3690810537044142,0.08656968103546077,0.050619719228423406,0.10265492649958682,0.09065492649958683,0.04611449452575939,0.5474391712108692,0.09246638145468969,0.18065492649958684,0.13065492649958682,0.18387486834449018,0.6718047482944198,0.5540534756002935,0.2518395071807503,0.06155192210050205,0.2494700566153956,0.437138514103352,1.0,0.21989081864273868,0.26943272558791337,2.669891173129048,0.12206200020335345,0.11006200020335345,0.06780794295760906
equilibrium_sigma_1.5,262.0,18.29218803681806,6.589976419291254,4.768362574902957,3.144,5.1770414963586155,2.8135494738732825,6.0241728377502985,1.524982369591969,9.442821703818964,1.451410085993976,2.940607294486772,3.263296408365466,2.283550843241948,2.8801728377502984,2.0330414963586154,3.445976419291254,0.09129804554092814,0.05181069922726403,0.10940819014276362,0.09740819014276363,0.04911657486723476,0.5679036064932231,0.09123150237976574,0.18740819014276364,0.13740819014276362,0.18404225260612064,0.6859193902509177,0.5712380009265455,0.2593144894673314,0.0632363218950369,0.2488063888402411,0.4286427997973906,1.0,0.2104340085318851,0.2578981683843297,2.6964487499716925,0.12950892382803847,0.11750892382803847,0.07209337516444014
equilibrium_sigma_1.5,263.0,17.29218803681806,6.683843585206714,4.820829824878182,3.156,5.2901574396041,2.8643060501857622,6.157594975085438,1.5993273312022205,9.658031213117662,1.462684680120688,2.952770839728552,3.4232609257126803,2.381111445697326,3.0015949750854376,2.1341574396040994,3.5278435852067136,0.0965262740726859,0.05315091979803106,0.11696967708410663,0.10496967708410664,0.05245765665674603,0.5908172032851715,0.08996169966360398,0.19496967708410662,0.14496967708410663,0.18390879568621601,0.7003137657733833,0.5893427273589397,0.267030181713237,0.06493723770172855,0.24800610621685235,0.420026474368182,0.9999999999999999,0.20078977693183314,0.24603840339226385,2.7217969072562087,0.13778028308745105,0.12578028308745104,0.07685244430398175
equilibrium_sigma_1.5,264.0,16.29218803681806,6.783224470102289,4.874723871694353,3.168,5.411299006642748,2.91859758428041,6.299733403925201,1.6786872581999326,9.883447230191166,1.4721571976459773,2.965339535160119,3.5914532972333943,2.4856410209933566,3.1317334039252005,2.243299006642748,3.615224470102289,0.1023417508523826,0.05466976436899685,0.12548689164426266,0.11348689164426266,0.056197641710807295,0.6166269443765535,0.08865938290171739,0.20348689164426267,0.15348689164426266,0.18344455635369897,0.7149894392018804,0.6084040958954252,0.27499288746095424,0.06665134138911125,0.24705659109075936,0.41129918005917515,1.0,0.1909570757347401,0.2338568399985525,2.745867312440157,0.14702350788250484,0.13502350788250483,0.08217119721323285
equilibrium_sigma_1.5,265.0,15.292188036818061,6.888759196711012,4.930241121868331,3.18,5.541511132985529,2.976859222872701,6.451641990850447,1.7636697256286862,10.120313208805225,1.479629077851907,2.9783539926553297,3.768890112296835,2.5982298944664968,3.2716419908504473,2.361511132985529,3.708759196711012,0.1088545937141437,0.05640426399188221,0.13514558898925258,0.12314558898925258,0.06041200901413478,0.6458957242098562,0.08732719830415855,0.21314558898925257,0.16314558898925258,0.18261577525311368,0.7299479892072538,0.6284542690928101,0.2832090662972422,0.06837473605156563,0.24594464363187316,0.402471554019319,1.0,0.18093484723113995,0.2213583792703715,2.7685982578825925,0.15742472387491802,0.145424723874918,0.08815841858785878
equilibrium_sigma_1.5,266.0,14.292188036818061,7.001212570135475,4.987619895431969,3.192,5.68204896712396,3.039611569874621,6.614582851675037,1.8550040953756501,10.370123224585477,1.4848611299942216,2.991859813156457,3.956790903933074,2.7201929744697995,3.4225828516750365,2.4900489671239594,3.8092125701354744,0.11620561974530223,0.05840173355726944,0.14618305680641272,0.1341830568064127,0.06519726984169227,0.6793425963830688,0.0859680135887398,0.22418305680641273,0.17418305680641272,0.18138401415738759,0.7451910872615977,0.649519019654811,0.2916853802418854,0.07010284171529126,0.2446565556616178,0.39355522238120555,1.0,0.17072197153472954,0.2085495207609501,2.7899366658714433,0.16922232101926582,0.1572223210192658,0.09495362519984618
equilibrium_sigma_1.5,267.0,13.292188036818061,7.121510182872777,5.047152492795658,3.204,5.8344384030896395,3.107485421871141,6.790086632888979,1.9535769760283785,10.634694488197292,1.4875614674730948,3.005908724438106,4.156637002717401,2.8531327922848777,3.586086632888979,2.6304384030896393,3.917510182872777,0.12457789546684171,0.06072357951583818,0.1589073424293925,0.1469073424293925,0.07067888186620676,0.7179010376648257,0.08458488890524331,0.2369073424293925,0.1869073424293925,0.17970502316423467,0.7607205984779947,0.6716150000152464,0.30042875614635584,0.07183024657297729,0.24317821859501032,0.3845627786856566,1.0,0.16031719901974356,0.19543847463037842,2.809840532664968,0.1827267350513182,0.1707267350513182,0.10273873855184812
equilibrium_sigma_1.5,268.0,12.292188036818061,7.250788661788467,5.10920191436348,3.216,6.00056013639563,3.1812561973579623,6.980036321777673,2.0604815724793464,10.916268073786284,1.4873687055728013,3.0205601012689347,4.37025343371905,2.9990264723865057,3.764036321777673,2.78456013639563,4.0347886617884665,0.13421389863429306,0.06345093569577069,0.17372577849803514,0.16172577849803513,0.07702301652719903,0.7628053893879853,0.08318102700700464,0.2517257784980351,0.20172577849803514,0.17752722626387496,0.7765387105358401,0.6947462251049712,0.3094464687134941,0.07355051072385796,0.2414952767731383,0.37550774378950963,1.0,0.1497190639409871,0.18203528277401865,2.828281971025669,0.19834993710499838,0.18634993710499836,0.11175550509338694
equilibrium_sigma_1.5,269.0,11.292188036818061,7.39046724708059,5.174225571797236,3.228,6.18276915406299,3.261893000550528,7.186786507098976,2.1770879862151524,11.217652132547862,1.483828025813051,3.0358830331435227,4.59992558143091,3.1603486057580517,3.9587865070989756,2.95476915406299,4.16246724708059,0.14544174147684014,0.06669324149961439,0.19118850990310424,0.17918850990310423,0.08445455550343167,0.815722757282134,0.08175969213097141,0.2691885099031042,0.21918850990310423,0.17478965941296143,0.7926480983540383,0.7188995516438224,0.31874625029842235,0.07525590357036635,0.23959334189476672,0.3664045042364446,1.0,0.13892577410279436,0.1683519549742496,2.8452511042056394,0.21665059619503868,0.20465059619503867,0.12233220085688967
equilibrium_sigma_1.5,270.0,10.292188036818061,7.54235240764507,5.242809777819748,3.24,6.3840689991369555,3.3506303619077222,7.41333751416775,2.3051459741931257,11.542430789706094,1.476356151098677,3.0519592005241307,4.848569682672485,3.340249498778844,4.17333751416775,3.1440689991369553,4.30235240764507,0.15871658083353524,0.0706017230985765,0.21205708863920172,0.2000570886392017,0.0932855187513429,0.8789608746642475,0.08032407941428053,0.2900570886392017,0.24005708863920172,0.17141909912342665,0.8090521209735101,0.744038846442417,0.32833642762584775,0.07693704172639282,0.2374583293178578,0.35726820132990167,1.0,0.12793507894774822,0.1544026404813375,2.860761168008498,0.23840591586108406,0.22640591586108405,0.13492616538256774
equilibrium_sigma_1.5,271.0,9.292188036818061,7.7087960819108545,5.315721663239412,3.2520000000000002,6.608374827274021,3.4490768195254393,7.663598338821144,2.446940316980288,11.895279374965973,1.4641885078238068,3.0688869739610256,5.119990724971942,3.542822738594238,4.411598338821143,3.356374827274021,4.456796081910854,0.17468847117716946,0.07539141044649711,0.2374167913468833,0.22541679134688328,0.10396171902314254,0.955808458626919,0.07887711158656388,0.3154167913468833,0.2654167913468833,0.16732596342987757,0.8257550970762042,0.7700975134490007,0.3382261152643215,0.07858239287621852,0.23507688088463774,0.3481146109748222,0.9999999999999999,0.11674408495894317,0.1402038250643974,2.8748554676215603,0.26473002980389193,0.2527300298038919,0.1501939775291401
equilibrium_sigma_1.5,272.0,8.292188036818061,7.892943247177211,5.393989997410987,3.2640000000000002,6.860924162749516,3.559384941051137,7.942797573775534,2.605533929251406,12.282456572069153,1.446296501181033,3.086787444988552,5.419285942871406,3.773521334344027,4.678797573775534,3.5969241627495157,4.628943247177211,0.19431878710692402,0.0813787188667686,0.2688689285467443,0.2568689285467443,0.11714284903713842,1.0511179652931644,0.07742110928916669,0.3468689285467443,0.2968689285467443,0.16239827084474584,0.8427626187333414,0.7969687422386472,0.3484254462836509,0.08017755782364078,0.23243707668794505,0.33895991920476337,1.0,0.10534904544866128,0.12577462746514254,2.8876172794560033,0.29727881138310597,0.28527881138310596,0.16911299444354144
equilibrium_sigma_1.5,273.0,7.292188036818061,8.099137813169916,5.479036991709051,3.2760000000000002,7.148948967588108,3.684530317426649,8.258155961587356,2.785166305867371,12.712609291053106,1.4212521293856089,3.1058136401150014,5.753506324307921,4.039835973363953,4.982155961587356,3.872948967588108,4.823137813169916,0.2190910226712624,0.08904919229016693,0.30887854357423244,0.29687854357423243,0.13384764578044006,1.1723592229522193,0.07595725827611477,0.3868785435742324,0.3368785435742324,0.1564923940324823,0.8600819589692771,0.8244927345015629,0.35894587702216063,0.0817042190835975,0.22952949693494198,0.3298204069592998,0.9999999999999999,0.09374508749058434,0.11113721657916421,2.8991845157019287,0.33862555435888897,0.32662555435888896,0.1932045750504272
equilibrium_sigma_1.5,274.0,6.292188036818061,8.33362528202344,5.572905213787567,3.2880000000000003,7.482836744409301,3.828795028316856,8.620048682493312,2.9919430793522603,13.198162469459291,1.3869939573987915,3.126165280512056,6.1328016992908925,4.352463328359091,5.332048682493312,4.194836744409301,5.04562528202344,0.25141898444509836,0.09918803294901438,0.36144653271790983,0.3494465327179098,0.15573524775456257,1.3316561597512417,0.07448471756218442,0.4394465327179098,0.3894465327179098,0.1494182224853405,0.8777225646826731,0.8524395861406842,0.3698005669805772,0.08313853358588986,0.22634895820359854,0.32071194122993435,1.0,0.08192588166260903,0.09631746626643096,2.9097726764714555,0.3930013751423296,0.38100137514232957,0.2249745743724012
equilibrium_sigma_1.5,275.0,5.292188036818061,8.605857094363733,5.678676361237075,3.3000000000000003,7.878281397443068,3.9986660677228287,9.044158711872015,3.235115454612173,13.757891895886871,1.3403935933326816,3.148113902506357,6.572546085744614,4.727465168784926,5.744158711872014,4.578281397443067,5.305857094363732,0.29550719032429273,0.11315383878340678,0.43352388074165105,0.42152388074165104,0.18569883962043102,1.550072365883791,0.07299906847825835,0.511523880741651,0.461523880741651,0.14091387276839437,0.8956966489103401,0.8804856347834987,0.3810048488781106,0.08444856517298746,0.22289745816305678,0.31164912778584525,1.0,0.06988324523007215,0.08134602924536806,2.919713031584762,0.46789834516493833,0.4558983451649383,0.2688683856515206
equilibrium_sigma_1.5,276.0,4.292188036818061,8.93114241148694,5.801317434978087,3.3120000000000003,8.360646558677391,4.204663992421832,9.555845372823189,3.5296798506553015,14.42213965020845,1.276376473598884,3.1720491608381893,7.097657758097086,5.190640897873428,6.243845372823189,5.048646558677391,5.61914241148694,0.3593783059806596,0.1335202297788174,0.5383380625250695,0.5263380625250695,0.2292659647998987,1.8676910985608168,0.07148946090801836,0.6163380625250696,0.5663380625250696,0.1305990251711111,0.9140198475417256,0.9081790806998645,0.3925767742931608,0.08558993241495444,0.21918951495571912,0.30264377833616557,1.0,0.05760670214704384,0.06626022263016407,2.929521256266264,0.5780099792320632,0.5660099792320632,0.3336217171885869
equilibrium_sigma_1.5,277.0,3.292188036818061,9.336753087642684,5.94961621768241,3.3240000000000003,8.974988057687646,4.465558073094702,10.200178670336141,3.902358888989347,15.244784187264026,1.1859030533870918,3.198574001560616,7.752542414553383,5.787560121924062,6.876178670336142,5.650988057687647,6.012753087642684,0.4604464761063894,0.16582981923448525,0.704519026515107,0.692519026515107,0.29845191186150166,2.3712697773185063,0.06993291983083003,0.7825190265151071,0.732519026515107,0.11787895965461949,0.9327116533896735,0.9348857233453959,0.40453755622277227,0.08649780372900621,0.21526292832172625,0.29370171172649523,0.9999999999999999,0.04508319222891872,0.05110771670435062,2.940034168243033,0.756898337976315,0.744898337976315,0.4392314179399559
equilibrium_sigma_1.5,278.0,2.292188036818061,9.878821191700268,6.141501570380762,3.336,9.813726738965665,4.820048450361726,11.069642048775819,4.408142686535213,16.336261887762053,1.0503985015399389,3.2287344892441032,8.628605457797978,6.611246819897164,7.733642048775819,6.477726738965664,6.542821191700268,0.6448118241697823,0.2246314856238538,1.0076275778638157,0.9956275778638157,0.4251152461375692,3.2897805389812596,0.06828160205890665,1.0856275778638158,1.0356275778638158,0.10171286357190988,0.951794748250349,0.959692070809288,0.41691132428378624,0.08707054812163484,0.21120309270992998,0.2848150348846489,0.9999999999999999,0.032297518672266136,0.03595455992021948,2.9527260519139085,1.1040349765633746,1.0920349765633746,0.6451099609163988
equilibrium_sigma_1.5,279.0,1.292188036818061,10.706022019842363,6.423947368242117,3.348,11.120663552018984,5.3708598739862765,12.40824862346289,5.192578810822145,17.98757646861701,0.8208295041592568,3.2647436712620976,9.967908708991143,7.906238152654132,9.06024862346289,7.772663552018984,7.358022019842363,1.08679376560215,0.36443612217755916,1.7324292631107285,1.7204292631107285,0.7299477032860248,5.486149282153723,0.06642840058382275,1.8104292631107286,1.7604292631107286,0.07988473499488216,0.9712882426051734,0.9811922684370613,0.4297208259638,0.08713122926199195,0.2072115990901133,0.2759363456840947,0.9999999999999999,0.019236877454533795,0.020907030006101234,2.970663184658848,2.1740515769909177,2.1620515769909177,1.2836070013357728
equilibrium_sigma_1.5,280.0,0.29218803681806094,12.554301484801504,7.02630619775765,3.36,14.096317443490173,6.628041361697162,15.417745202757654,6.975356689206759,21.629756250193292,0.2558038873549737,3.3141020540763466,12.968438848956094,10.875231290924262,12.057745202757655,10.736317443490174,9.194301484801505,3.5234047596899156,1.122790754561787,5.704181845836599,5.6921818458366,2.4189778475169184,17.521763169201815,0.06407978145346285,5.782181845836599,5.7321818458366,0.044860566910394965,0.9911541680135026,0.9967868278397269,0.4429514315290461,0.08635346448226228,0.20394093477823774,0.266754169210454,1.0000000000000002,0.005926707430953227,0.006205070407136277,3.0043044430432486,7.879708628115722,7.8677086281157225,4.706173894132718
equilibrium_sigma_1.5,280.29218803681806,0.0,14.223867539447186,7.551536948304117,3.3635062564418168,16.799906334289766,7.778545778688202,18.13589054487533,8.60002596986302,24.881910332761123,-0.28051146762766166,3.3370112626234754,15.681462055285614,13.583087324553924,14.772384288433514,13.43640007784795,10.86036128300537,10.166582442835917,3.1598412330910266,16.42199999999998,16.40999999999998,7.004899103097528,49.99999999999993,0.06319682466182062,16.49999999999998,16.449999999999978,0.026147080892046367,0.996967523740275,0.9993654422841265,0.44685677015785125,0.08591228117638997,0.20433164885671865,0.2628992998090401,1.0,0.0020317590940157667,0.0020863100106295824,3.022895622895628,10.725744022981033,10.713744022981032,6.414536579499071
