scenario,time,log_capital,log_capability,log_population,log_output,log_wage,log_ai_services,log_inference_compute,log_human_research,log_production_labor,log_automated_research,log_effective_research,human_research_share,ai_share,automated_research_share,inverse_demand_elasticity,inference_share,consumption_share,gross_capital_return,net_capital_return,capital_output_ratio,monopoly_foc_log_error,research_mix_log_error,automation_share_cost_error,capital_growth,capability_growth,output_growth,output_per_capita_growth,wage_growth,production_labor_growth,ai_service_growth,capital_deepening_wage_contribution,ai_substitution_wage_contribution,wage_growth_identity,production_labor_income_share,aggregate_labor_income_share,production_labor_share_growth,aggregate_labor_share_growth,ai_displacement_share_contribution,research_reallocation_share_contribution,production_labor_share_growth_identity,aggregate_labor_share_growth_identity,log_output_per_capita,log_consumption_per_capita,log_capital_per_capita,log_capital_per_production_worker,log_ai_services_per_production_worker,log_human_to_automated_research_ratio,log_automated_research_per_capita,human_research_population_share_growth,human_research_population_share_growth_identity,capital_return_growth,consumption_per_capita_growth,euler_implied_net_return,euler_gap
research_sigma_xl_cd,0.0,0.9200248718261719,0.0,0.0,-0.31801375312119207,-0.8663535846048681,-4.3378447111836085,-4.3378447111836085,-2.623928213307542,-0.07528128642765905,-5.594714461631664,-3.2554201986789835,0.07251743862345619,0.2,0.10866676776023963,0.8660000000000001,0.01795600000000062,0.7435023968125143,0.09568428075301945,0.045684280753019446,3.448842353236651,-3.597122599785507e-14,6.623019386253759e-07,3.2074716230234834e-08,0.01768426020263092,0.022736842105263163,0.01792719975034679,0.005927199750346789,0.005527385741086355,0.012399814009260476,0.040615083716348366,0.0017438672438122463,0.0037808461407497765,0.0055247133845620225,0.5359999999999999,0.5779084398142037,0.0,-0.0003998140092603686,-0.0,-0.00039981400926047614,-0.0,-0.00039981400926047614,-0.31801375312119207,-0.6143970425196614,0.9200248718261719,0.995306158253831,-4.26256342475595,2.970786248324122,-5.594714461631664,-0.005127682328629923,-0.00512757173182592,0.00024293954771587023,0.005927199750346279,0.04592719975034628,-0.00024291899732683392
research_sigma_xl_cd,1.0,0.9377172300788761,0.022687883965973488,0.012000000000000002,-0.3000865533708453,-0.8608261988637818,-4.29722962746726,-4.319917511433234,-2.617055895636172,-0.06288147241839857,-5.576787261881318,-3.247343619160184,0.07214654396257303,0.2,0.10920330551350832,0.8660000000000001,0.01795600000000113,0.7435023968125138,0.09570675403153828,0.045706754031538274,3.448032517028579,-6.411537967210279e-14,5.517051349102076e-07,2.6834367575223617e-08,0.017700157142221243,0.022639140989902364,0.01792174876720981,0.0059217487672098106,0.0055232312073530965,0.012398517559856707,0.04056110296202586,0.0017495410621802968,0.0037737864438906663,0.005523327506070963,0.5359999999999999,0.577677430107432,0.0,-0.00039851755985664816,-0.0,-0.00039851755985670714,-0.0,-0.00039851755985670714,-0.3120865533708453,-0.6084698427693152,0.9257172300788761,1.0005987024972747,-4.2343481550488615,2.959731366245146,-5.5887872618813175,-0.00512516408076813,-0.005124713647496382,0.000221591624988568,0.005921748767210078,0.04592174876721008,-0.00021499473567180433
research_sigma_xl_cd,2.0,0.9554246024820208,0.04527870838965252,0.024000000000000004,-0.28217025558677244,-0.8553071221901619,-4.256722505259557,-4.302001213649209,-2.6101785414690784,-0.050484251307945635,-5.558870964097245,-3.2392578080654397,0.07177790777223692,0.2,0.10974138765315573,0.8660000000000001,0.017956000000000256,0.7435023968125146,0.09572675169051821,0.04572675169051821,3.4473122107692564,-1.544597783009749e-14,-2.385646040714562e-07,-1.1653668557931596e-08,0.017714302900993628,0.022542719126010222,0.017910582849704537,0.005910582849704537,0.005514717265596991,0.012395865584107504,0.04045351528592578,0.001755084314572421,0.0037597250600436482,0.005514809374616069,0.5359999999999999,0.5774480100054316,0.0,-0.00039586558410747985,-0.0,-0.00039586558410750414,-0.0,-0.00039586558410750414,-0.30617025558677247,-0.6025535449852413,0.9314246024820207,1.0059088537899663,-4.206238253951611,2.948692422628167,-5.582870964097245,-0.005119232987669919,-0.005118851681489445,0.00019627994871090904,0.005910582849704971,0.04591058284970497,-0.00018383115918676335
research_sigma_xl_cd,3.0,0.9731452776443846,0.06777374883845438,0.036000000000000004,-0.2642653876714362,-0.8497967643325878,-4.216322596895409,-4.284096345733863,-2.603294361611512,-0.038089741250183565,-5.540966096181909,-3.2311612318535303,0.07141164257811507,0.2,0.11028089725978009,0.8660000000000001,0.017956000000000447,0.7435023968125145,0.09574438548840425,0.045744385488404246,3.4466772993176384,-2.5590640717609858e-14,-2.1090722590599853e-07,-1.034700566893143e-08,0.017726776533601676,0.022447569197731762,0.01789894591951266,0.00589894591951266,0.005505781384202768,0.012393164535309916,0.040346724615095475,0.001760091959436281,0.003745777050691264,0.005505869010127545,0.5359999999999999,0.5772202458882213,0.0,-0.0003931645353099644,-0.0,-0.00039316453530991585,-0.0,-0.00039316453530991585,-0.3002653876714362,-0.5966486770699052,0.9371452776443846,1.0112350188945682,-4.178232855645225,2.937671734570397,-5.576966096181908,-0.005112397293303594,-0.0051126168488928765,0.00017216938591098352,0.005898945919513843,0.045898945919513844,-0.00015456043110959744
research_sigma_xl_cd,4.0,0.9908776244830136,0.0901742657809127,0.04800000000000001,-0.24637236374774713,-0.8442955594217564,-4.176029056029366,-4.266203321810279,-2.5964033360556855,-0.025697922237325803,-5.52307307225822,-3.223053922620418,0.071047732715813,0.2,0.11082180817884511,0.8660000000000001,0.017955999999998563,0.7435023968125164,0.09575977065316398,0.04575977065316397,3.4461235417453095,7.915890165577366e-14,2.0054657445811586e-07,9.880962978381369e-09,0.017737659548937773,0.02235366836560861,0.01788690821985628,0.005886908219856279,0.005496424802240163,0.012390483417616102,0.04024077975462248,0.0017645681233361514,0.003731939709158854,0.0054965078324950055,0.5359999999999999,0.5769941243235328,0.0,-0.0003904834176161609,-0.0,-0.0003904834176161019,-0.0,-0.0003904834176161019,-0.2943723637477471,-0.5907556531462136,0.9428776244830136,1.0165755467203395,-4.15033113379204,2.9266697362025345,-5.57107307225822,-0.005105541667832947,-0.005105941384624047,0.0001492486709185059,0.005886908219856879,0.04588690821985688,-0.00012713756669290727
research_sigma_xl_cd,5.0,1.0086200935285945,0.11248149190803401,0.06000000000000001,-0.22849157123172364,-0.8388039147281074,-4.135841037386164,-4.248322529294198,-2.5895054449471777,-0.01330877441495136,-5.505192279742196,-3.2149359106966253,0.07068616261636403,0.2,0.11136409515828743,0.8660000000000001,0.017955999999999583,0.7435023968125154,0.09577301739311593,0.04577301739311593,3.445646894943921,2.1635471192382738e-14,5.885263556493214e-07,2.912090853179894e-08,0.017747029905141404,0.022260994390979505,0.017874496008909002,0.005874496008909002,0.005486673930689523,0.01238782207821949,0.04013568732184103,0.0017685385828842318,0.0037182139426452858,0.005486752525529518,0.5359999999999999,0.576769631999712,0.0,-0.00038782207821941306,-0.0,-0.0003878220782194894,-0.0,-0.0003878220782194894,-0.28849157123172364,-0.5848748606301915,0.9486200935285944,1.0219288679435459,-4.1225322629712124,2.915686834795018,-5.565192279742195,-0.005098666264065521,-0.005098851852470044,0.00012746610376759837,0.0058744960089087694,0.04587449600890877,-0.0001014786157928424
research_sigma_xl_cd,6.0,1.0263712079609328,0.13469664840675716,0.07200000000000001,-0.21062337172992912,-0.8333222115603773,-4.095757681385684,-4.230454329792441,-2.5826006685838165,-0.0009222780808868236,-5.487324080240402,-3.2068072246799697,0.07032691680589741,0.2,0.11190773383126702,0.8660000000000001,0.017955999999998914,0.7435023968125161,0.09578423164000707,0.04578423164000707,3.4452434847550206,5.956346527113965e-14,5.717233837465585e-07,2.8410187549732235e-08,0.017754962535230512,0.0221695254962812,0.01786173439574426,0.005861734395744261,0.00547655403031605,0.012385180365428218,0.040031453296153874,0.001772028116034757,0.0037046005727172375,0.0054766286887519946,0.5359999999999999,0.5765467557245505,0.0,-0.0003851803654281172,-0.0,-0.0003851803654282178,-0.0,-0.0003851803654282178,-0.28262337172992913,-0.579006661128396,0.9543712079609328,1.0272934860418197,-4.094835403304797,2.9047234116565854,-5.559324080240402,-0.0050917712336928656,-0.005091373664887839,0.0001067718605137491,0.005861734395743445,0.045861734395743446,-7.750275573637638e-05
research_sigma_xl_cd,7.0,1.044129566123686,0.15682092970879016,0.084,-0.19276810244023512,-0.8278508066674753,-4.055778130793856,-4.212599060502646,-2.5756889874145634,0.011461586315905076,-5.4694688109507075,-3.1986678915271485,0.06996997990530236,0.2,0.11245270067282667,0.8660000000000001,0.017956000000000718,0.7435023968125142,0.09579351464764456,0.045793514647644556,3.4449096185042656,-4.1272540940440194e-14,-2.0661125388343748e-07,-1.0310634471211166e-08,0.017761529063185316,0.02207924047186144,0.01784860631599039,0.005848606315990389,0.005466114577749037,0.012382491738241325,0.03992804320191112,0.0017750823172315174,0.0036911038961317524,0.005466186213363269,0.5359999999999999,0.5763254824241301,0.0,-0.00038249173824134175,-0.0,-0.0003824917382413244,-0.0,-0.0003824917382413244,-0.27676810244023514,-0.5731513918387046,0.960129566123686,1.032667979807781,-4.067239717109761,2.893779823536144,-5.553468810950707,-0.005083969443399283,-0.005083622839507685,8.707725280507339e-05,0.005848606315990379,0.04584860631599038,-5.50916683458233e-05
research_sigma_xl_cd,8.0,1.0618938319320654,0.1788555221786026,0.096,-0.17492615909794834,-0.8223899824048793,-4.0159015949818615,-4.1947571171604645,-2.568768607470615,0.023842705395595826,-5.451626867608421,-3.1905163718202947,0.06961546016713215,0.2,0.11299887993565842,0.8660000000000001,0.017955999999998834,0.7435023968125161,0.0958009559406336,0.0458009559406336,3.4446420368132444,6.353251258417458e-14,-1.2148439987313964e-07,-6.088198875597861e-09,0.017766792816091753,0.021990134003837734,0.01783513534457995,0.00583513534457995,0.00545537828962972,0.012379757054950258,0.03982546237404616,0.0017777218011766935,0.0036777245127588504,0.0054554463139355434,0.5359999999999999,0.5761058756374926,0.0,-0.00037975705495035816,-0.0,-0.00037975705495025755,-0.0,-0.00037975705495025755,-0.27092615909794837,-0.5673094484964153,0.9658938319320655,1.0380511265364696,-4.039744300377457,2.8828582601378057,-5.547626867608421,-0.005075260034893558,-0.00507562123467949,6.834252848819666e-05,0.0058351353445804666,0.04583513534458047,-3.4179403946864306e-05
research_sigma_xl_cd,9.0,1.079662739487349,0.20080158376776674,0.108,-0.15709783175107522,-0.8169400500882159,-3.9761272060457635,-4.17692878981353,-2.5618395074843505,0.03622110042580559,-5.433798540261548,-3.1823526904984947,0.06926334066514205,0.2,0.11354624848924229,0.8660000000000001,0.017955999999999937,0.743502396812515,0.0958066485825958,0.045806648582595796,3.4444373629822147,2.609024107869118e-15,5.157883182782541e-07,2.5957946597765513e-08,0.017770819624432443,0.021902185654986667,0.017821425747772568,0.005821425747772568,0.005444316474631117,0.012377109273141458,0.039723794671308044,0.0017799244159260252,0.0036644558433543218,0.005444380259280347,0.5359999999999999,0.5758879212763008,0.0,-0.0003771092731414405,-0.0,-0.00037710927314145784,-0.0,-0.00037710927314145784,-0.2650978317510752,-0.5614811211495436,0.971662739487349,1.0434416390615435,-4.012348306471569,2.8719590327771973,-5.5417985402615475,-0.005067417399221785,-0.005067207201489666,5.060612334012449e-05,0.0058214257477712805,0.04582142574777128,-1.4777165175484941e-05
research_sigma_xl_cd,10.0,1.0974350846072989,0.22266026002556383,0.12,-0.1392833076024032,-0.811501349455617,-3.9364540056392454,-4.159114265664809,-2.5549034422690586,0.04859692394187874,-5.415984016112875,-3.1741784350504796,0.06891348220289185,0.2,0.11409487783328616,0.8660000000000001,0.01795600000000081,0.7435023968125141,0.09581068969920273,0.045810689699202725,3.444292083023655,-4.6407322429331543e-14,-5.41879864535133e-07,-2.7385862549911266e-08,0.01777367819206528,0.021815360062294606,0.017807416974075868,0.005807416974075868,0.005433000528425047,0.0123744164456508,0.03962296729333126,0.001781756376316779,0.0036513058135891805,0.00543306218990596,0.5359999999999999,0.5756715297179279,0.0,-0.0003744164456507826,-0.0,-0.00037441644565079993,-0.0,-0.00037441644565079993,-0.2592833076024032,-0.5556665970008727,0.9774350846072989,1.0488381606654202,-3.9850509295811243,2.8610805738438168,-5.5359840161128755,-0.005058666134915679,-0.005058584082774226,3.3738782010586665e-05,0.00580741697407694,0.04580741697407694,3.2727251257844148e-06
research_sigma_xl_cd,11.0,1.1152097221655348,0.24443268440636043,0.132,-0.12148299780292349,-0.8060740490313658,-3.896881271459101,-4.141313955865462,-2.547956839754182,0.06096993331710719,-5.398183706313396,-3.165990499170481,0.06856611342072616,0.2,0.11464455902447832,0.8660000000000001,0.017955999999998435,0.7435023968125165,0.09581314940591538,0.04581314940591538,3.4442036614613807,8.590350653037149e-14,3.516840347828065e-07,1.7848171746104313e-08,0.017775418116615607,0.021729668403728176,0.017793129176079087,0.005793129176079086,0.005421450442433251,0.012371678733645808,0.039522980825833276,0.001783233996380034,0.00363827448035312,0.005421508476733154,0.5359999999999999,0.5754568388836272,0.0,-0.0003716787336457972,-0.0,-0.0003716787336458076,-0.0,-0.0003716787336458076,-0.2534829978029235,-0.5498662872013897,0.9832097221655348,1.0542397888484276,-3.957851204776208,2.850226866559214,-5.530183706313395,-0.005049006080807272,-0.005049771708787416,1.7711059463479395e-05,0.005793129176079492,0.04579312917607949,2.002022983588897e-05
research_sigma_xl_cd,12.0,1.1329855691175004,0.26611996332510424,0.14400000000000002,-0.10369704925024503,-0.8006584485707505,-3.857408043987579,-4.123528007312683,-2.541001454430673,0.07334028140917036,-5.380397757760718,-3.157790468007608,0.06822109477339316,0.2,0.11519536460021884,0.8660000000000001,0.01795600000000024,0.7435023968125147,0.0958141172769822,0.0458141172769822,3.4441688696669455,-1.432187701766452e-14,9.893760961610099e-07,5.042126387244661e-08,0.017776102760285545,0.021645076186682537,0.01777870292684,0.005778702926840001,0.005409610453437241,0.012369092473402774,0.03942395291270451,0.0017843133946713146,0.003625351298866432,0.005409664693537746,0.5359999999999999,0.5752437590005816,0.0,-0.0003690924734027212,-0.0,-0.00036909247340277326,-0.0,-0.00036909247340277326,-0.24769704925024505,-0.5440803386487137,0.9889855691175004,1.05964528770833,-3.930748325396749,2.8393963033300444,-5.524397757760718,-0.0050411019235696575,-0.005040517980034482,2.6001665544561625e-06,0.005778702926838797,0.0457787029268388,3.541435014340483e-05
research_sigma_xl_cd,13.0,1.150761598958224,0.2877231843779953,0.15600000000000003,-0.08592559194924348,-0.7952548281244913,-3.818033365633692,-4.105756550011687,-2.534039043601321,0.08570811826391274,-5.362626300459716,-3.1495799238728193,0.06787828910716555,0.2,0.11574736940553206,0.8660000000000001,0.017956000000000142,0.7435023968125147,0.09581367916412668,0.04581367916412668,3.444184618301917,-8.382183835919932e-15,-8.162030344927018e-07,-4.176916247600193e-08,0.01777579285207201,0.02156154961961464,0.017763995326807613,0.005763995326807613,0.005397598087622746,0.012366397239184881,0.039325727088825646,0.0017851005522527522,0.003612550199851862,0.005397650752104614,0.5359999999999999,0.5750322020571663,0.0,-0.0003663972391849679,-0.0,-0.0003663972391848812,-0.0,-0.0003663972391848812,-0.2419255919492435,-0.5383088813477122,0.994761598958224,1.0650534806943113,-3.903741483897605,2.828587256858395,-5.518626300459716,-0.005031399391674629,-0.0050312008484378785,-1.179752526439537e-05,0.005763995326806937,0.04576399532680694,4.9683837319743074e-05
research_sigma_xl_cd,14.0,1.1685368356429664,0.30924342684908657,0.16800000000000004,-0.0681690585966298,-0.789863252395505,-3.7787565898099276,-4.088000016659014,-2.5270642532140224,0.09807307588754012,-5.344869767107102,-3.1413541965476783,0.06753804209853333,0.2,0.11630026861599285,0.8660000000000001,0.01795600000000121,0.7435023968125137,0.09581188714582121,0.04581188714582121,3.444249036633163,-6.80566714095221e-14,5.922896226806529e-07,3.043613625020036e-08,0.017774525230762422,0.02147911592285064,0.017749103966299556,0.005749103966299556,0.005385381635885422,0.012363722330414141,0.039228390202464825,0.001785564957114933,0.003599865494854791,0.005385430451969724,0.5359999999999999,0.5748223779619748,0.0,-0.00036372233041409574,-0.0,-0.00036372233041414084,-0.0,-0.00036372233041414084,-0.23616905859662984,-0.5325523479950999,1.0005368356429662,1.0704637597554263,-3.8768296656974677,2.81780551389308,-5.5128697671071025,-0.0050216765343322756,-0.005021659305471288,-2.5421264462865967e-05,0.0057491039662994625,0.04574910396629946,6.278317952174844e-05
research_sigma_xl_cd,15.0,1.1863103535646924,0.33068175685031576,0.18000000000000005,-0.05042738401664437,-0.7844840648527205,-3.7395765852287624,-4.070258342079078,-2.5200823966699857,0.11043556292474102,-5.327128092527117,-3.1331179915333123,0.06719997545742527,0.2,0.11685432855491834,0.8660000000000001,0.01795600000000032,0.7435023968125146,0.09580883622373207,0.045808836223732066,3.4443587147785255,-1.84297022087776e-14,-8.506607573899316e-07,-4.3893844628439815e-08,0.017772367097755454,0.02139771172122135,0.017734046501400036,0.005734046501400036,0.005372976987096323,0.012361069514303734,0.03913193943694693,0.0017857282025390676,0.0035872965696341873,0.005373024772173255,0.5359999999999999,0.5746140500616335,0.0,-0.0003610695143037024,-0.0,-0.0003610695143037336,-0.0,-0.0003610695143037336,-0.23042738401664442,-0.5268106734151132,1.0063103535646922,1.0758747906399513,-3.8500121481535032,2.807045695857131,-5.507128092527116,-0.005011931584328888,-0.00501190747279261,-3.8320596355417846e-05,0.005734046501400913,0.045734046501400914,7.478972233115194e-05
research_sigma_xl_cd,16.0,1.2040812802319505,0.3520392127202535,0.19200000000000006,-0.032700965593829734,-0.7791172984213124,-3.7004927109360337,-4.052531923656288,-2.51308811638268,0.12279521491614759,-5.309401674104302,-3.1248666387791513,0.06686443173514736,0.2,0.11740924319856769,0.8660000000000001,0.01795599999999989,0.7435023968125151,0.09580457203552604,0.04580457203552604,3.444512020549814,4.9960036108132044e-15,5.440665500344721e-07,2.8189258274857742e-08,0.017769350735801145,0.021317364739749812,0.017718798067215186,0.0057187980672151854,0.005360424838091626,0.01235837322912349,0.03903632865777906,0.0017856225772036264,0.003574846027439846,0.005360468604643473,0.5359999999999999,0.5744074261328195,0.0,-0.00035837322912346536,-0.0,-0.00035837322912348965,-0.0,-0.00035837322912348965,-0.2247009655938298,-0.521084254992298,1.0120812802319503,1.081286065315803,-3.8232879258521812,2.7963135577216223,-5.501401674104303,-0.005001276429079438,-0.005002051608968067,-5.055266858595975e-05,0.005718798067215647,0.04571879806721565,8.577396831039447e-05
research_sigma_xl_cd,17.0,1.2218487897844656,0.37331681803148714,0.20400000000000007,-0.014989787882214,-0.7737632151765372,-3.6615039279132042,-4.034820745944692,-2.5060849495281445,0.135152309382988,-5.291690496392686,-3.1166032779849404,0.0665311546847542,0.2,0.11796518579276932,0.8660000000000001,0.01795599999999952,0.7435023968125154,0.09579917533962103,0.04579917533962102,3.444706061718229,2.503552920529728e-14,6.99699019612865e-07,3.640162694884541e-08,0.01776553327104105,0.021238027760150918,0.017703492728241454,0.005703492728241454,0.005347667163101977,0.012355825565139436,0.03894168105478646,0.0017852035429475328,0.0035625046356127007,0.005347708178560234,0.5359999999999999,0.5742023450380769,0.0,-0.00035582556513941155,-0.0,-0.00035582556513943583,-0.0,-0.00035582556513943583,-0.21898978788221407,-0.5153730772806819,1.0178487897844657,1.0866964804014776,-3.796656237296192,2.7856055468645415,-5.495690496392686,-0.004992380001267005,-0.004991841597962499,-6.204054279959625e-05,0.005703492728240778,0.04570349272824078,9.568261138024475e-05
research_sigma_xl_cd,18.0,1.239612098195498,0.39451558937328884,0.21600000000000008,0.002706019862653175,-0.7684219640951084,-3.622609348826461,-4.01712493819975,-2.499072876385214,0.14750686604642646,-5.27399468864782,-3.1083279229560654,0.0662001284052167,0.2,0.11852213917875132,0.8660000000000001,0.01795600000000086,0.7435023968125141,0.09579270904970943,0.04579270904970943,3.44493858951994,-4.9460435747050724e-14,-5.3274005828996e-07,-2.7828916240868473e-08,0.017760959206780155,0.02115968408106642,0.01768798732245025,0.005687987322450249,0.005334815420972028,0.012353171901478222,0.03884784163384691,0.0017845698107496382,0.0035502857441374043,0.005334855554887042,0.5359999999999999,0.5739987938578276,0.0,-0.0003531719014782664,-0.0,-0.0003531719014782213,-0.0,-0.0003531719014782213,-0.2132939801373469,-0.5096772695358165,1.023612098195498,1.0921052321490714,-3.7701162148728873,2.7749218122626056,-5.48999468864782,-0.004981682224498352,-0.0049816435194938065,-7.297188432990598e-05,0.005687987322449517,0.04568798732244952,0.00010472172725991408
research_sigma_xl_cd,19.0,1.2573704649621773,0.4156365266542178,0.2280000000000001,0.020386186762686498,-0.7630935843345932,-3.5838082446455104,-3.999444771299728,-2.492048313977141,0.15985865318594444,-5.256314521747786,-3.1000374659260155,0.06587157183190592,0.2,0.11907989168785806,0.8660000000000001,0.017956000000000652,0.7435023968125143,0.09578521836552514,0.04578521836552514,3.4452079937917963,-3.7636560534792807e-14,6.222890109874868e-07,3.263901467154273e-08,0.017755660515987537,0.02108234698421028,0.017672373860120577,0.005672373860120577,0.005321834898196043,0.012350538961924534,0.038754880993751684,0.001783690112840791,0.0035381818322648374,0.005321871945105628,0.5359999999999999,0.5737969039772635,0.0,-0.00035053896192455136,-0.0,-0.000350538961924534,-0.0,-0.000350538961924534,-0.2076138132373136,-0.5039971026357829,1.0293704649621773,1.0975118117762328,-3.7436668978314547,2.764266207770645,-5.484314521747786,-0.004970963723622379,-0.004971295936271509,-8.328665586695982e-05,0.005672373860120344,0.045672373860120345,0.00011284450540479524
research_sigma_xl_cd,20.0,1.2751231947007482,0.4366806036405301,0.2400000000000001,0.03805076758289433,-0.7577782942987163,-3.5450995868389574,-3.9817801904794874,-2.485014803832459,0.17220794397027553,-5.238649940927578,-3.091735041096234,0.06554523239020327,0.2,0.11963862065518598,0.8660000000000001,0.017956000000001245,0.7435023968125137,0.0957767753742568,0.0457767753742568,3.4455116985354106,-7.049916206369744e-14,1.3168523960160883e-07,6.934888302501108e-09,0.017749688191030927,0.021005970749483356,0.017656704444381555,0.005656704444381554,0.005308714430491468,0.01234799001389017,0.03866283395810988,0.0017825603984564498,0.0035261890885254403,0.00530874948698189,0.5359999999999999,0.5735965170053251,0.0,-0.000347990013890187,-0.0,-0.0003479900138901697,-0.0,-0.0003479900138901697,-0.20194923241710577,-0.4983325218155758,1.035123194700748,1.1029152507304727,-3.717307530809233,2.7536351370951193,-5.478649940927578,-0.004961114905543518,-0.0049607244166013816,-9.298374664937215e-05,0.005656704444381183,0.045656704444381184,0.00012007092987561391
research_sigma_xl_cd,21.0,1.2928696288806607,0.45764878568164646,0.2520000000000001,0.05569959565144961,-0.7524761554736102,-3.5064825767292906,-3.964131362410937,-2.4779705437882282,0.18455463321372478,-5.221001112859023,-3.0834191000410733,0.06522121080963021,0.2,0.1201982121552962,0.8660000000000001,0.017956000000001165,0.7435023968125137,0.09576742743186976,0.04576742743186976,3.445848017947088,-6.550315845288424e-14,-1.586888731530678e-07,-8.390722158746478e-09,0.01774307573013449,0.02093055448528655,0.017640913484728127,0.0056409134847281266,0.005295514563001591,0.012345398921726577,0.03857162660328495,0.0017812333467746118,0.003514314509328821,0.005295547856103432,0.5359999999999999,0.573397691730083,0.0,-0.0003453989217264697,-0.0,-0.00034539892172657724,-0.0,-0.00034539892172657724,-0.1963004043485505,-0.49268369374702053,1.0408696288806607,1.108314995666936,-3.6910372099430155,2.7430305690707946,-5.473001112859023,-0.0049503545572773255,-0.004950115641275055,-0.00010216224540636476,0.005640913484730031,0.04564091348473003,0.00012651394713972947
research_sigma_xl_cd,22.0,1.310609144384642,0.4785420298778049,0.2640000000000001,0.07333259455235058,-0.7471872651727132,-3.4679563336323875,-3.9464983635101927,-2.4709155129470135,0.19689874181372868,-5.203368113958122,-3.0750896541879573,0.06489949003890118,0.2,0.12075864988173338,0.8660000000000001,0.01795599999999836,0.7435023968125166,0.0957572271540731,0.0457572271540731,3.446215077521313,9.08162434143378e-14,-3.46146764584887e-07,-1.8376240418227496e-08,0.01773586035211111,0.020856082736128826,0.0176250516257338,0.0056250516257338005,0.0052822229897957484,0.012342828635938052,0.03848129050454574,0.0017797004663371093,0.00350255389039343,0.005282254356730539,0.5359999999999999,0.573200414597462,0.0,-0.00034282863593793067,-0.0,-0.0003428286359380521,-0.0,-0.0003428286359380521,-0.19066740544764954,-0.48705069484611574,1.0466091443846417,1.1137104025709132,-3.664855075446116,2.7324526010111088,-5.4673681139581225,-0.004939573402636066,-0.004939394353857696,-0.00011080872637730943,0.0056250516257353445,0.045625051625735345,0.00013217552833775376
research_sigma_xl_cd,23.0,1.3283411594822478,0.49936126343939835,0.27600000000000013,0.09094969890291721,-0.7419117094940187,-3.429519995720199,-3.9288812591595974,-2.4638496905935003,0.2092402904856009,-5.185751009607555,-3.06674671419026,0.06458005315314026,0.2,0.12131991798217931,0.8660000000000001,0.01795599999999887,0.7435023968125161,0.09574622425175439,0.04574622425175438,3.4466111074239394,6.250555628639631e-14,-5.16786429649585e-07,-2.7545079980817455e-08,0.017728077220987973,0.020782540494131772,0.017609129957799646,0.005609129957799646,0.0052688509826125385,0.012340278975187108,0.0383918241052108,0.0017779734211142856,0.003490907047423175,0.005268880468537461,0.5359999999999999,0.5730046721868227,0.0,-0.0003402789751871249,-0.0,-0.00034027897518710756,-0.0,-0.00034027897518710756,-0.18505030109708293,-0.48143359049554985,1.0523411594822476,1.119100868996647,-3.6387602862058,2.721901319014055,-5.461751009607555,-0.004928771622957351,-0.004928572007425431,-0.00011894726318832649,0.0056091299577977205,0.04560912995779772,0.0001370942939566619
research_sigma_xl_cd,24.0,1.346065120124043,0.5201074181724699,0.28800000000000014,0.10855085446794988,-0.7366495632074881,-3.391172685421966,-3.911280103594436,-2.456773056192928,0.2215792997641029,-5.168149854042523,-3.058390289880743,0.06426288335314839,0.2,0.12188200107701036,0.8660000000000001,0.01795600000000118,0.7435023968125137,0.09573446685128444,0.04573446685128443,3.4470343947559416,-6.661338147750939e-14,-7.453778292365598e-07,-3.988769964324845e-08,0.017719760379951474,0.020709912940914413,0.017593121305674198,0.005593121305674197,0.005255432531558635,0.012337688774115507,0.03830318912994457,0.0017760836299258692,0.003479377047681094,0.005255460677606964,0.5359999999999999,0.5728104512095431,0.0,-0.0003376887741156631,-0.0,-0.000337688774115507,-0.0,-0.000337688774115507,-0.17944914553205027,-0.4758324349305203,1.0580651201240427,1.1244858203599402,-3.612751985186069,2.7113767978495944,-5.456149854042523,-0.0049170567092831075,-0.004917743757443072,-0.0001266390742772766,0.00559312130567291,0.04559312130567291,0.0001413455456115223
research_sigma_xl_cd,25.0,1.36378050966004,0.5407813990878354,0.30000000000000016,0.1261359415142656,-0.7314008444309015,-3.35291361746031,-3.893695016548145,-2.4496838040120665,0.2339156680338319,-5.150564766996207,-3.0500188328560536,0.06394807813602582,0.2,0.12244478423274807,0.8660000000000001,0.017956000000000732,0.7435023968125142,0.09572199322459536,0.04572199322459536,3.4474835811840148,-4.1300296516055823e-14,8.57309890189839e-07,4.605984901817628e-08,0.017710936901446442,0.020638200134337387,0.01757711122096728,0.005577111220967278,0.005241931097093977,0.01233518012387326,0.038215451814354706,0.00177399973659915,0.003467956406524513,0.005241956143123663,0.5359999999999999,0.5726178083504759,0.0,-0.000335180123873291,-0.0,-0.00033518012387325977,-0.0,-0.00033518012387325977,-0.17386405848573455,-0.470247347884204,1.06378050966004,1.129864841626208,-3.586829285494142,2.7008809629841406,-5.450564766996207,-0.0049062139190954035,-0.004906750973220676,-0.0001338256804791632,0.005577111220968739,0.04557711122096874,0.0001448820036266188
research_sigma_xl_cd,26.0,1.3814868421328164,0.561384099359369,0.31200000000000017,0.14370507690988443,-0.7261657010133001,-3.3147417817932565,-3.8761258811526256,-2.442585484031119,0.24624966001184942,-5.132995631600588,-3.0416354670508685,0.06363539208870633,0.2,0.12300845246126026,0.8660000000000001,0.01795599999999895,0.743502396812516,0.09570886134775342,0.04570886134775341,3.4479565983024427,5.762057497804562e-14,3.287304215504605e-07,1.7731286064415208e-08,0.01770164779604559,0.020567358978876613,0.01756110899970767,0.0055611089997076694,0.005228356452243288,0.01233275254746441,0.038128609757873244,0.00177173543203179,0.0034566448661947835,0.005228380298226573,0.5359999999999999,0.5724265905304035,0.0,-0.00033275254746439886,-0.0,-0.00033275254746440927,-0.0,-0.00033275254746440927,-0.16829492309011573,-0.4646782124885828,1.0694868421328163,1.135237182120967,-3.560991441805106,2.690410147569469,-5.444995631600588,-0.004896243729390903,-0.004895603904778906,-0.00014053879633792177,0.005561108999707437,0.04556110899970744,0.00014775234804597498
research_sigma_xl_cd,27.0,1.3991836607310202,0.5819164006041487,0.3240000000000002,0.16125815951368094,-0.7209441315264149,-3.2766563979445635,-3.858572798548712,-2.4354762914708483,0.2585811731287607,-5.115442548996792,-3.0332386421988162,0.0633249234796075,0.2,0.12357289206221453,0.8660000000000001,0.01795600000000105,0.7435023968125138,0.09569510552802088,0.04569510552802088,3.448452229391934,-5.895284260759581e-14,-4.2233933372770593e-07,-2.2870232596616802e-08,0.017691917331702334,0.02049739017046876,0.01754501073336595,0.005545010733365951,0.00521478723040536,0.012330223502960605,0.03804254642288463,0.0017693589634847707,0.0034454512712698182,0.005214810234754589,0.5359999999999999,0.5722368550588103,0.0,-0.00033022350296058045,-0.0,-0.00033022350296060474,-0.0,-0.00033022350296060474,-0.16274184048631923,-0.45912512988478915,1.0751836607310201,1.1406024876022594,-3.535237571073324,2.6799662575259435,-5.439442548996792,-0.00488446765914885,-0.004884563727444769,-0.00014690659833638264,0.00554501073336558,0.04554501073336558,0.00015009479465529635
research_sigma_xl_cd,28.0,1.4168705373759227,0.6023791707383764,0.3360000000000002,0.17879509837661633,-0.7157361265524894,-3.2386566889474873,-3.8410358596858636,-2.4283544193494166,0.27091010701777063,-5.097905610133856,-3.024826809324099,0.06301676862544014,0.2,0.12413798809087767,0.8660000000000001,0.01795599999999949,0.7435023968125154,0.09568075829177618,0.045680758291776175,3.448969321435277,2.7644553313166398e-14,5.208670135203874e-07,2.8316345962453582e-08,0.01768176851662495,0.02042829448693163,0.017528937403110345,0.005528937403110345,0.005201162813726512,0.01232777458938386,0.03795736804469585,0.00176681799598956,0.003434365523011806,0.005201183519001366,0.5359999999999999,0.5720486579185465,0.0,-0.0003277745893837669,-0.0,-0.0003277745893838606,-0.0,-0.0003277745893838606,-0.15720490162338385,-0.45358819102185166,1.0808705373759224,1.145960430358152,-3.5095667959652577,2.6695511907844396,-5.4339056101338565,-0.004873565132295976,-0.004873388224342679,-0.00015283111351460654,0.005528937403112277,0.04552893740311228,0.00015182088866389637
research_sigma_xl_cd,29.0,1.4345470722777556,0.6227732618874775,0.3480000000000002,0.19631603431990163,-0.7105418058989619,-3.200741661855172,-3.8235149237426493,-2.4212234217354403,0.28323672230752844,-5.0803846741905705,-3.016403087535218,0.0627106855928484,0.2,0.12470392916808383,0.8660000000000001,0.017955999999998213,0.7435023968125167,0.09566587162363799,0.045665871623637985,3.4495060192234805,9.85878045867139e-14,-7.761552409668582e-07,-4.235978798283746e-08,0.01767123812321146,0.02036003004628047,0.01751285998405039,0.005512859984050388,0.005187514159209761,0.0123253458248406,0.03787303117207874,0.0017641444584623842,0.0034233898365299107,0.005187534294992295,0.5359999999999999,0.5718618485894372,0.0,-0.0003253458248405616,-0.0,-0.0003253458248405998,-0.0,-0.0003253458248405998,-0.15168396568009856,-0.4480672550785646,1.0865470722777553,1.151310349970227,-3.4839783841627003,2.6591612524551302,-5.42838467419057,-0.004862642456409549,-0.004862168334369133,-0.00015837813916107224,0.005512859984050211,0.04551285998405021,0.00015301163958777314
research_sigma_xl_cd,30.0,1.4522128915873003,0.6430995131144206,0.3600000000000002,0.2138208183447171,-0.7053610982340699,-3.1629106266033298,-3.8060101397177504,-2.4140797042622357,0.29556079866745183,-5.062879890165755,-3.0079643711171387,0.06240688305868945,0.2,0.1252704994653948,0.8660000000000001,0.017955999999999712,0.7435023968125152,0.09565046728311669,0.04565046728311668,3.450061556136783,1.509903313490213e-14,-4.2737706751339033e-07,-2.341552166051919e-08,0.01766034154350278,0.020292612466161243,0.017496748826921288,0.005496748826921288,0.005173872183713679,0.012322876643207609,0.037789499102487856,0.0017613634170974067,0.0034125274095435526,0.005173890826640959,0.5359999999999999,0.5716765517099581,0.0,-0.00032287664320762577,-0.0,-0.0003228766432076084,-0.0,-0.0003228766432076084,-0.1461791816552831,-0.44256247105375124,1.0922128915873,1.1566520929198485,-3.4584714252707816,2.6488001859035193,-5.422879890165755,-0.0048508065232961695,-0.004850995540506071,-0.00016359271658149266,0.005496748826919862,0.04549674882691986,0.0001537184561968205
research_sigma_xl_cd,31.0,1.4698676423773231,0.663358762438492,0.3720000000000002,0.2313095319737442,-0.7001940615315345,-3.125162663650196,-3.788521426088688,-2.4069250347820326,0.30788247559394366,-5.045391176536728,-2.9995122214653787,0.062105232472116224,0.2,0.1258377875254561,0.8660000000000001,0.017956000000000333,0.7435023968125146,0.09563458706947037,0.045634587069470364,3.45063444212169,-1.9984014443252818e-14,-3.981208207548548e-07,-2.1897172047813385e-08,0.0176491083450709,0.020226014693998977,0.017480685258833478,0.005480685258833478,0.005160198482427991,0.012320486776405487,0.03770683571685374,0.001758445117659586,0.003401770758020065,0.005160215875679651,0.5359999999999999,0.5714926861280997,0.0,-0.00032048677640550416,-0.0,-0.0003204867764054868,-0.0,-0.0003204867764054868,-0.140690468026256,-0.4370737574247249,1.0978676423773228,1.1619851667833796,-3.4330451392441397,2.6384661417546953,-5.417391176536728,-0.004839844949668715,-0.004839711706022504,-0.00016842308623742086,0.005480685258833551,0.04548068525883355,0.00015390181063681257
research_sigma_xl_cd,32.0,1.4875110028637957,0.6835518140304627,0.38400000000000023,0.24878218886238407,-0.6950407012692139,-3.0874969551696223,-3.771048769200085,-2.399759394161573,0.3202017722202628,-5.027918519648089,-2.991046643442783,0.06180571802257023,0.2,0.12640578099423638,0.8660000000000001,0.01795599999999968,0.7435023968125153,0.09561826329468354,0.045618263294683534,3.451223528113884,1.6764367671839864e-14,-6.938643597464988e-07,-3.831080949701082e-08,0.017637561384468106,0.020160224398582696,0.017464602559890158,0.0054646025598901575,0.005146545259410773,0.012318057300479357,0.03762496184075803,0.0017554363477162874,0.003391125208397342,0.005146561556113629,0.5359999999999999,0.5713102395702881,0.0,-0.00031805730047934633,-0.0,-0.00031805730047935674,-0.0,-0.00031805730047935674,-0.13521781113761616,-0.43160110053608414,1.1035110028637956,1.1673092306435329,-3.407698727389885,2.6281591254865155,-5.411918519648089,-0.004827969310848834,-0.0048284879589313885,-0.00017295882457794842,0.0054646025598906744,0.045464602559890675,0.0001536607347928584
research_sigma_xl_cd,33.0,1.5051426663783634,0.7036794810002751,0.39600000000000024,0.2662387370935245,-0.689900971012713,-3.04991273996868,-3.7535922209689554,-2.39258097340373,0.3325185901949024,-5.010461971416948,-2.9825660878356066,0.06150843412038043,0.2,0.12697436461938552,0.8660000000000001,0.01795599999999949,0.7435023968125154,0.09560152054140465,0.04560152054140465,3.45182794301978,2.731148640577885e-14,6.391753446521875e-07,3.542688861712939e-08,0.017625718050740577,0.020095243406299795,0.017448580062628755,0.005448580062628754,0.005132874413785016,0.012315705648843767,0.03754394933795657,0.0017523040926259476,0.0033805846543411154,0.005132888746967063,0.5359999999999999,0.57112926688651,0.0,-0.00031570564884370045,-0.0,-0.00031570564884376637,-0.0,-0.00031570564884376637,-0.12976126290647572,-0.4261445523049435,1.109142666378363,1.172624076183461,-3.382431330163582,2.617880998013218,-5.406461971416948,-0.0048169695220547926,-0.004817168764941277,-0.00017713798811182235,0.005448580062628605,0.045448580062628606,0.00015294047877604383
research_sigma_xl_cd,34.0,1.5227623520975067,0.7237425525811072,0.40800000000000025,0.2836793489876416,-0.6847749524416439,-3.012409056493709,-3.7361516090748164,-2.3853933332056827,0.34483318351795034,-4.993021359522831,-2.9740736660724867,0.06121314449438093,0.2,0.12754373275137065,0.8660000000000001,0.01795599999999989,0.7435023968125151,0.09558440234419924,0.045584402344199235,3.4524461304018064,5.773159728050814e-15,-2.953785869230785e-07,-1.6434323318881283e-08,0.017613609138966008,0.020031031685128257,0.01743258757434024,0.005432587574340241,0.005119214298956787,0.012313373275383455,0.03746375020445636,0.0017490778349822426,0.0033701505084957686,0.005119228343478012,0.5359999999999999,0.5709496216916213,0.0,-0.00031337327538338844,-0.0,-0.00031337327538345436,-0.0,-0.00031337327538345436,-0.12432065101235867,-0.4207039404108269,1.1147623520975065,1.1779291685795563,-3.3572422400116597,2.607628026317148,-5.401021359522831,-0.004805950455085473,-0.0048058410235733325,-0.00018102156462576624,0.005432587574339343,0.04543258757433934,0.00015181476985989123
research_sigma_xl_cd,35.0,1.5403697995379848,0.7437418062604307,0.42000000000000026,0.301103912242205,-0.6796625424147994,-2.9749852395597673,-3.718727045820198,-2.378192874313901,0.3571453367456693,-4.975596796268268,-2.9655662750599605,0.060920053405009854,0.2,0.12811366707452745,0.8660000000000001,0.01795600000000086,0.7435023968125141,0.0955669230669808,0.04556692306698079,3.453077585941635,-4.9182879990894435e-14,4.2031232050376843e-07,2.3474558019653813e-08,0.017601244809756486,0.01996760564244498,0.017416594340866287,0.005416594340866287,0.0051055932705143525,0.012311001070351962,0.037384323203658365,0.0017457804340034928,0.0033598251658630575,0.005105605599866551,0.5359999999999999,0.5707714257380133,0.0,-0.00031100107035197944,-0.0,-0.0003110010703519621,-0.0,-0.0003110010703519621,-0.11889608775779525,-0.41527937715626484,1.1203697995379844,1.1832244627923156,-3.3321305763054365,2.5974039219543665,-5.395596796268268,-0.004794017545370677,-0.004794592200162418,-0.00018465046889019898,0.005416594340865749,0.04541659434086575,0.00015032872611504128
research_sigma_xl_cd,36.0,1.5579647669936727,0.7636780103066508,0.4320000000000003,0.31851253766937415,-0.6745637659006152,-2.9376404100863924,-3.701318420393043,-2.370981368296424,0.36945518565865426,-4.958188170841098,-2.9570454713181253,0.06062903542087667,0.2,0.12868425968104796,0.8660000000000001,0.017956000000000607,0.7435023968125143,0.09554911659177608,0.04554911659177607,3.45372109937857,-3.497202527569243e-14,8.539309970245768e-07,4.787333712785724e-08,0.017588649030266232,0.019904939813948554,0.01740071391050066,0.005400713910500659,0.005091950459317318,0.012308763451183341,0.0373057739172824,0.001742362241097354,0.0033495994024572736,0.005091961643554628,0.5359999999999999,0.5705946002281962,0.0,-0.0003087634511833026,-0.0,-0.0003087634511833408,-0.0,-0.0003087634511833408,-0.11348746233062612,-0.40987075172909543,1.1259647669936723,1.1885095813350184,-3.3070955957450465,2.5872068025446744,-5.390188170841099,-0.004783857398425795,-0.004783187008133977,-0.00018793511976557264,0.005400713910501148,0.04540071391050115,0.00014840268127492423
research_sigma_xl_cd,37.0,1.575547029815261,0.7835519262740375,0.4440000000000003,0.3359053400632063,-0.6694786414961648,-2.9003736917252025,-3.68392561799924,-2.3637605891107527,0.38176286364803597,-4.940795368447266,-2.948512808817586,0.06033996718352481,0.2,0.12925560456696011,0.8660000000000001,0.017956000000000097,0.7435023968125148,0.09553101553004649,0.04553101553004649,3.4543755048454203,-5.88418203051333e-15,-9.204682633878747e-07,-5.17987129577957e-08,0.01757584486888876,0.019843009132073566,0.0173848435129208,0.0053848435129208,0.005078357277384704,0.012306486235536068,0.037227982598664555,0.0017388883490063883,0.003339480512659217,0.005078368861665605,0.5359999999999999,0.5704190678339578,0.0,-0.00030648623553608534,-0.0,-0.000306486235536068,-0.0,-0.000306486235536068,-0.10809465993679396,-0.40447794933526254,1.1315470298152608,1.193784166167225,-3.2821365553732385,2.5770347793365134,-5.384795368447266,-0.004772783173643491,-0.004771871041848608,-0.00019100135596795964,0.005384843512921844,0.045384843512921845,0.00014617201712464195
research_sigma_xl_cd,38.0,1.5931163865236875,0.8033642884782243,0.4560000000000003,0.35328222469521575,-0.6644070513458458,-2.8631844448890633,-3.6665487333672875,-2.356526934643711,0.3940681581297264,-4.923418483815257,-2.9399651864786733,0.06005305036600886,0.2,0.12982748176942796,0.8660000000000001,0.017955999999999073,0.7435023968125158,0.0955126302465088,0.0455126302465088,3.4550404396602015,5.1181281435219717e-14,-9.703325924981243e-07,-5.4810365496260616e-08,0.017562839657321402,0.01978183047458039,0.017368952888033307,0.005368952888033306,0.005064840347376809,0.012304112540656525,0.03715091147443195,0.0017353799484994094,0.003329471057125906,0.005064851005625316,0.5359999999999999,0.5702449486204669,0.0,-0.0003041125406566536,-0.0,-0.00030411254065652524,-0.0,-0.00030411254065652524,-0.10271777530478454,-0.39910106470325174,1.137116386523687,1.199048228393961,-3.25725260301879,2.566891549171546,-5.3794184838152574,-0.004759898079460756,-0.004760727806720311,-0.00019388676928809578,0.005368952888032574,0.045368952888032575,0.0001436773584762227
research_sigma_xl_cd,39.0,1.6106726445344581,0.8231158434467732,0.4680000000000003,0.37064324583927294,-0.6593489608014111,-2.8260718687763386,-3.649187712223112,-2.349280385269674,0.406371088729349,-4.9060574626712,-2.931402607758874,0.05976826854055599,0.2,0.13039987971058611,0.8660000000000001,0.017956000000001197,0.7435023968125137,0.09549398448007763,0.04549398448007763,3.455715056782933,-6.7390537594747e-14,7.389862561879568e-07,4.189894503570102e-08,0.017549650187777682,0.019721392884835716,0.01735318868784924,0.005353188687849241,0.005051316847157539,0.012301871840691703,0.03707469646900807,0.0017317668545383733,0.003319558500194393,0.005051325354732766,0.5359999999999999,0.570072230138427,0.0,-0.00030187184069163653,-0.0,-0.00030187184069170245,-0.0,-0.00030187184069170245,-0.09735675416072737,-0.3937400435591974,1.142672644534458,1.2043015558051091,-3.232442957505688,2.5567770774015255,-5.3740574626712,-0.0047487873389957524,-0.004749445006465836,-0.00019646149992844086,0.005353188687849064,0.045353188687849065,0.00014079579222856659
research_sigma_xl_cd,40.0,1.628215635338181,0.8428073040405264,0.4800000000000003,0.38798860207091423,-0.6543044176515307,-2.789035051951047,-3.631842355991574,-2.3420245093217025,0.4186719018111098,-4.8887121064395584,-2.922828175352249,0.059485391991496286,0.2,0.13097299919475466,0.8660000000000001,0.017955999999999347,0.7435023968125156,0.09547511343216572,0.04547511343216572,3.4563980930429823,3.552713678800501e-14,3.4500234757928183e-07,1.9633922321293795e-08,0.01753630136070687,0.01966165836029888,0.01733751909649603,0.005337519096496029,0.005037813208976449,0.012299705887519552,0.0369992917762072,0.0017280765061518154,0.003309744509084144,0.00503782101523596,0.5359999999999999,0.5699007707439603,0.0,-0.0002997058875194858,-0.0,-0.0002997058875195517,-0.0,-0.0002997058875195517,-0.09201139792908608,-0.3883946873275536,1.1482156353381807,1.2095437335270711,-3.207706953762157,2.546687597117856,-5.368712106439559,-0.004738555526054622,-0.00473810732145687,-0.00019878226421084222,0.005337519096496074,0.045337519096496075,0.0001375943356696427
research_sigma_xl_cd,41.0,1.6457451999452082,0.8624393888062007,0.4920000000000003,0.405318284032265,-0.6492733343834582,-2.7520732852239242,-3.614512674030125,-2.3347574963217834,0.4309705005043881,-4.871382424478208,-2.9142403395970247,0.05920451362566623,0.2,0.13154672504518214,0.8660000000000001,0.0179560000000011,0.7435023968125138,0.09545603152103162,0.045456031521031615,3.457089036089792,-6.217248937900877e-14,-1.5742293957288211e-07,-8.992170480448536e-09,0.017522803375163168,0.019602630366064692,0.017321877452349255,0.0053218774523492544,0.005024377194570162,0.012297500257779093,0.03692462502336502,0.001724350028736745,0.003300034718588514,0.005024384747325259,0.5359999999999999,0.5697306245225017,0.0,-0.000297500257779193,-0.0,-0.00029750025777909236,-0.0,-0.00029750025777909236,-0.08668171596773533,-0.38306500536620525,1.1537451999452077,1.2147746994408202,-3.1830437857283123,2.5366249281564244,-5.363382424478208,-0.00472740971536556,-0.00472687693679107,-0.0002009259228139132,0.005321877452348495,0.045321877452348495,0.00013415406868311913
research_sigma_xl_cd,42.0,1.6632611963142339,0.882012799182498,0.5040000000000003,0.42263235697561274,-0.6442556632623904,-2.715185801904317,-3.597198601086815,-2.3274793287524336,0.443266902326668,-4.85406835153486,-2.9056391013943363,0.058925618798686547,0.2,0.13212104756918022,0.8660000000000001,0.017956000000000413,0.7435023968125145,0.095436758658032,0.045436758658032,3.4577871738336436,-2.4424906541753444e-14,-7.205548016031571e-07,-4.1311241177899305e-08,0.017509170315857622,0.01954429881414424,0.017306268265746078,0.005306268265746077,0.0050110121284038245,0.012295256137342225,0.0368506883041817,0.001720591678910081,0.0032904279103564893,0.00501101958926657,0.5359999999999999,0.5695617803512807,0.0,-0.0002952561373422147,-0.0,-0.0002952561373422251,-0.0,-0.0002952561373422251,-0.08136764302438759,-0.3777509324228566,1.1592611963142336,1.2199942939875659,-3.158452704230985,2.526589022782426,-5.35806835153486,-0.004715348721056278,-0.004715755991061572,-0.00020290205011154472,0.005306268265747427,0.04530626826574743,0.00013049039228456988
research_sigma_xl_cd,43.0,1.6807634953595736,0.9015282288831835,0.5160000000000003,0.43993082056375715,-0.6392513101266506,-2.678371908615561,-3.5799001374987443,-2.320188193763896,0.45556101277907257,-4.836769887946716,-2.897022913312889,0.058648798280776626,0.2,0.1326958499823211,0.8660000000000001,0.017955999999999108,0.7435023968125158,0.09541730724520887,0.04541730724520887,3.458492065301603,4.9182879990894435e-14,6.5711707142313e-07,3.7813028902489165e-08,0.017495410955631785,0.019486667375363774,0.017290764371380912,0.005290764371380912,0.004997678871422662,0.01229308549995825,0.03677754229455177,0.0017167674003722665,0.003280917210475531,0.004997684610847797,0.5359999999999999,0.5693942909097943,0.0,-0.0002930854999581567,-0.0,-0.00029308549995825037,-0.0,-0.00029308549995825037,-0.0760691794362432,-0.3724524688347104,1.1647634953595731,1.225202482580501,-3.133932921394633,2.5165816941828196,-5.352769887946716,-0.004704167918010427,-0.004704593371464411,-0.00020464658425087268,0.005290764371380902,0.0452907643713809,0.00012654287382796864
research_sigma_xl_cd,44.0,1.6982519834411027,0.9209863550288384,0.5280000000000004,0.45721388571837457,-0.634260305519545,-2.6416307173152136,-3.562617072344052,-2.3128876645884544,0.4678530733265845,-4.819486822792098,-2.8883948723837705,0.058373826581163565,0.2,0.1332713371962629,0.8660000000000001,0.017956000000000447,0.7435023968125145,0.09539770835577606,0.045397708355776056,3.4592025918410805,-2.5757174171303632e-14,1.3035210599809943e-07,7.52849144136647e-09,0.017481547274767875,0.01942969919214118,0.01727536879108016,0.005275368791080159,0.004984380860296289,0.012290987930783898,0.036705178085537415,0.0017128845835147127,0.003271501480736971,0.004984386064251684,0.5359999999999999,0.5692280175835623,0.0,-0.0002909879307839147,-0.0,-0.00029098793078389737,-0.0,-0.00029098793078389737,-0.07078611428162579,-0.3671694036800948,1.1702519834411023,1.2303989101145183,-3.1094837906417983,2.5065991582036435,-5.347486822792098,-0.004693867721071721,-0.0046933929295124195,-0.00020617848368771619,0.005275368791080648,0.04527536879108065,0.00012233956469540758
research_sigma_xl_cd,45.0,1.7157265583699859,0.9403878474721397,0.5400000000000004,0.47448155814591747,-0.629282548406058,-2.604961552444486,-3.545349399916626,-2.3055759292060394,0.48014298864064037,-4.802219150364555,-2.8797534301131984,0.05810079515729048,0.2,0.13384739321517594,0.8660000000000001,0.01795599999999834,0.7435023968125166,0.09537797237307762,0.04537797237307761,3.45991838355697,9.08162434143378e-14,-2.924660478242913e-07,-1.695312717986397e-08,0.017467586618139602,0.019373398394579574,0.017260015261018752,0.005260015261018752,0.0049711641064654755,0.012288851154553276,0.036633524444708465,0.0017089827029834876,0.003262186220880795,0.004971168923864283,0.5359999999999999,0.569063013583824,0.0,-0.00028885115455323795,-0.0,-0.0002888511545532761,-0.0,-0.0002888511545532761,-0.0655184418540829,-0.3619017312525491,1.1757265583699854,1.2355835697293456,-3.0851045410851263,2.4966432211585152,-5.342219150364555,-0.004682653056872432,-0.004682312951912199,-0.0002075713571208504,0.005260015261017992,0.04526001526101799,0.0001179571120596204
research_sigma_xl_cd,46.0,1.7331871274810253,0.95973337339616,0.5520000000000004,0.4917339162404121,-0.6243179773066141,-2.5683636684257967,-3.528097041821957,-2.2982529707021992,0.49243077563569104,-4.78496679227006,-2.871098586366309,0.05782968980706225,0.2,0.13442400913490998,0.8660000000000001,0.01795600000000148,0.7435023968125134,0.09535811569575504,0.04535811569575504,3.4606388516828703,-8.359979375427429e-14,-5.498578143914301e-07,-3.198913489654842e-08,0.017453540585666102,0.01931775563218015,0.017244741390543522,0.005244741390543522,0.0049580101715118174,0.012286731219031705,0.03656260853649074,0.0017050470909893514,0.00325296756053951,0.004958014651528861,0.5359999999999999,0.5688992682121747,0.0,-0.0002867312190317217,-0.0,-0.00028673121903170437,-0.0,-0.00028673121903170437,-0.06026608375958831,-0.35664937315805884,1.1811871274810248,1.2407563518453344,-3.0607944440614876,2.486713821567861,-5.3369667922700605,-0.0046714215519640945,-0.004671278952480113,-0.00020879919512258038,0.005244741390543511,0.04524474139054351,0.00011337430521152908
research_sigma_xl_cd,47.0,1.7506336123896997,0.9790235817640368,0.5640000000000004,0.5089710409270045,-0.6193665280630344,-2.5318363353715045,-3.5108599171355412,-2.2909187723099675,0.5047164510787038,-4.767729667583468,-2.862430340820884,0.057560496437167576,0.2,0.1350011762147286,0.8660000000000001,0.01795599999999831,0.7435023968125166,0.09533815358918411,0.04533815358918411,3.461363447649543,9.35918009759007e-14,-5.776650158217933e-07,-3.3728667719890026e-08,0.01743941997562748,0.019262761795530367,0.01722954977033181,0.005229549770331809,0.004944921792950585,0.012284627977381224,0.03649242157473398,0.0017010813594212644,0.003243844342045269,0.0049449257014665335,0.5359999999999999,0.5687367708735532,0.0,-0.00028462797738121326,-0.0,-0.00028462797738122367,-0.0,-0.00028462797738122367,-0.055028959072995876,-0.3514122484714621,1.1866336123896994,1.245917161310996,-3.0365527864502084,2.4768108952735,-5.331729667583468,-0.0046601733531852485,-0.004660293815569361,-0.00020987020529567024,0.005229549770333519,0.04522954977033352,0.00010860381885059028
research_sigma_xl_cd,48.0,1.768065943744305,0.9982591170051021,0.5760000000000004,0.5261930157810757,-0.6144281337207129,-2.4953788252763287,-3.4936379422814308,-2.2835733174085697,0.5170000315904535,-4.750507692729396,-2.8537486929411227,0.05729320106236586,0.2,0.13557888588765563,0.8660000000000001,0.01795599999999901,0.743502396812516,0.09531810069802966,0.04531810069802966,3.4620916445392567,5.417888360170764e-14,-3.089330466998774e-07,-1.810305300109505e-08,0.0174252351472311,0.019208407920573975,0.01721444285229473,0.005214442852294731,0.0049319015682454115,0.01228254128404932,0.036422957090721964,0.0016970889748499874,0.003234815718094134,0.004931904692944121,0.5359999999999999,0.5685755110751669,0.0,-0.0002825412840493091,-0.0,-0.0002825412840493195,-0.0,-0.0002825412840493195,-0.04980698421892471,-0.3461902736173918,1.1920659437443044,1.2510659121538514,-3.012378856866782,2.4669343753208266,-5.326507692729397,-0.004648908606087687,-0.004649360284196092,-0.0002107922949363683,0.0052144428522944986,0.0452144428522945,0.00010365784573516251
research_sigma_xl_cd,49.0,1.7854840637465939,1.0174406102408742,0.5880000000000004,0.543399926631594,-0.6095027249265436,-2.4589904211900606,-3.476431031430935,-2.276216589522143,0.5292815336468024,-4.733300781878879,-2.845053642021221,0.057027789804776005,0.2,0.1361571297406308,0.8660000000000001,0.017955999999998612,0.7435023968125163,0.09529797076872032,0.045297970768720316,3.4628229472050416,7.66053886991358e-14,3.256912015636715e-07,1.9153632291324385e-08,0.01741099582429831,0.01915468524449891,0.01719945639398912,0.005199456393989121,0.0049189312646729655,0.012280525129316155,0.03635424097154849,0.0016930553293441107,0.0032258779228591323,0.004918933252203243,0.5359999999999999,0.5684154784254263,0.0,-0.00028052512931625584,-0.0,-0.0002805251293161552,-0.0,-0.0002805251293161552,-0.044600073368406434,-0.3409833627668731,1.1974840637465936,1.2562025300997914,-2.988271954836863,2.457084192356736,-5.321300781878879,-0.004638526994707348,-0.00463840613535681,-0.00021153943030918776,0.005199456393988361,0.04519945639398836,9.851437473195473e-05
research_sigma_xl_cd,50.0,1.8028879233472637,1.0365686861601604,0.6000000000000004,0.5605919285690539,-0.604590271191367,-2.4226703433332317,-3.459239029493392,-2.2688503713979844,0.5415610818490858,-4.716108779941418,-2.8363467310943604,0.056764146769861426,0.2,0.13673600965333166,0.8660000000000001,0.017956000000000097,0.7435023968125148,0.09527778330183492,0.04527778330183492,3.463556650500334,-6.217248937900877e-15,-5.506517473108374e-07,-3.2499269303487566e-08,0.017396715800967938,0.019101571885466007,0.017184558713763898,0.0051845587137638975,0.004906033977372437,0.01227852473639146,0.036286234068921175,0.0016890030513102376,0.0032170330505589813,0.004906036101869219,0.5359999999999999,0.5682566011082513,0.0,-0.0002785247363913945,-0.0,-0.00027852473639146044,-0.0,-0.00027852473639146044,-0.03940807143094649,-0.3357913608294151,1.2028879233472631,1.2613268414981778,-2.9642314251823176,2.447258408543434,-5.316108779941419,-0.004628129621518484,-0.004627509240980977,-0.00021215708720404014,0.005184558713763221,0.04518455871376322,9.322458807169837e-05
research_sigma_xl_cd,51.0,1.8202774824727916,1.0556439609511301,0.6120000000000004,0.5777690440591218,-0.5996906569717987,-2.3864179530522183,-3.4420619140033484,-2.26147284876518,0.5538385831195853,-4.698931664451351,-2.827626413986177,0.056502361300989186,0.2,0.13731540818679486,0.8660000000000001,0.017955999999999663,0.7435023968125153,0.09525754429307212,0.04525754429307212,3.464292539231459,1.7763568394002505e-14,-9.150698736526408e-07,-5.419954582364106e-08,0.01738239931842174,0.019049072750174374,0.017169718230691633,0.005169718230691633,0.004893232396459113,0.01227648583423252,0.03621889527870992,0.0016849514497824427,0.0032082828655599707,0.004893234315342413,0.5359999999999999,0.5680989310573056,0.0,-0.00027648583423239836,-0.0,-0.0002764858342325198,-0.0,-0.0002764858342325198,-0.03423095594087866,-0.33061424533934664,1.2082774824727913,1.2664388993532063,-2.9402565361718036,2.437458815686171,-5.310931664451351,-0.004616817083247904,-0.004616746562226593,-0.0002126810877301072,0.005169718230692094,0.045169718230692095,8.782606238002394e-05
research_sigma_xl_cd,52.0,1.837652710354511,1.0746670402562364,0.6240000000000004,0.5949313650304372,-0.5948038063984488,-2.350232552775812,-3.4248995930320483,-2.25408400556448,0.5661140535175508,-4.681769343480036,-2.818892689504115,0.05624241982953079,0.2,0.13789531736731714,0.8660000000000001,0.017955999999999393,0.7435023968125155,0.0952372654624522,0.0452372654624522,3.465030189575364,3.3306690738754696e-14,-6.916937893564068e-07,-4.1114352727911196e-08,0.017368054667059138,0.018997179563413718,0.017154970601310826,0.005154970601310826,0.004880507679987545,0.012274462921323281,0.036152253094089204,0.0016808852760928326,0.0031996238831506333,0.0048805091592434655,0.5359999999999999,0.567942458171497,0.0,-0.0002744629213233263,-0.0,-0.0002744629213232812,-0.0,-0.0002744629213232812,-0.029068634969563245,-0.3254519243680309,1.2136527103545105,1.2715386568369602,-2.916346606293363,2.4276853379155554,-5.305769343480036,-0.0046054885557276215,-0.0046060447586642635,-0.00021308406574831185,0.0051549706013114815,0.04515497060131148,8.229486114071788e-05
research_sigma_xl_cd,53.0,1.8550135828417227,1.0936385259367463,0.6360000000000005,0.6120789852617434,-0.5899296416118236,-2.31411344686404,-3.407751972800786,-2.246683825876635,0.5783875089622319,-4.664621723248729,-2.8101455563060354,0.055984308891461936,0.2,0.13847572936261635,0.8660000000000001,0.017955999999998595,0.7435023968125163,0.09521695806612206,0.045216958066122054,3.4657691938744377,7.72715225139109e-14,1.9733599954108172e-07,1.1771111863012607e-08,0.017353689809149045,0.018945884176148432,0.01714035029445543,0.005140350294455431,0.0048678412898486845,0.012272509004606746,0.036086330603490424,0.0016767896654989586,0.0031910520942504124,0.0048678417597493705,0.5359999999999999,0.5677871724468755,0.0,-0.0002725090046067913,-0.0,-0.0002725090046067462,-0.0,-0.0002725090046067462,-0.02392101473825703,-0.32030430413672367,1.2190135828417223,1.2766260738794908,-2.8925009558262715,2.4179378973720937,-5.300621723248729,-0.004595044706330764,-0.004595332285241938,-0.000213339514693614,0.005140350294455559,0.04514035029445556,7.660777166649396e-05
research_sigma_xl_cd,54.0,1.8723600871249264,1.1125590008743165,0.6480000000000005,0.6292120656193481,-0.5850681238187514,-2.278059891568831,-3.3906188924431477,-2.2392740949771417,0.5906590715267643,-4.647488642891124,-2.801386554427475,0.05572791475747703,0.2,0.13905674820068173,0.8660000000000001,0.017955999999999202,0.7435023968125157,0.09519663865754908,0.04519663865754908,3.466508950879129,4.3298697960381105e-14,-1.1653596754257478e-07,-6.975841376766212e-09,0.01733931645412988,0.01889516555651187,0.01712582558563741,0.005125825585637411,0.004855255271541514,0.012270570314095897,0.036021087068946134,0.0016726862262112145,0.0031825692451499313,0.004855255471361146,0.5359999999999999,0.5676330036404029,0.0,-0.0002705703140957749,-0.0,-0.00027057031409589635,-0.0,-0.00027057031409589635,-0.018787934380652405,-0.31517122377911977,1.2243600871249258,1.281701015598162,-2.8687189630955956,2.4082145479139827,-5.295488642891125,-0.004584585630728499,-0.004584684957445618,-0.00021349086849246912,0.005125825585635846,0.04512582558563585,7.081307191323521e-05
research_sigma_xl_cd,55.0,1.8896922145389543,1.131429048903232,0.6600000000000005,0.6463306364330182,-0.5802191310687406,-2.2420712727261476,-3.3735003216293795,-2.231852997138092,0.6029286495904237,-4.630370072077454,-2.792614139599418,0.05547332540285898,0.2,0.13963825534980093,0.8660000000000001,0.017956000000000957,0.743502396812514,0.09517631095766638,0.045176310957666374,3.4672493257989503,-5.46229728115577e-14,3.9598943413210463e-07,2.3786967395800218e-08,0.017324937234080837,0.018845029055775665,0.017111397615462376,0.005111397615462376,0.0048427513814738865,0.01226864623398849,0.035956518064035325,0.0016685760300304746,0.0031741748252262754,0.00484275085525675,0.5359999999999999,0.5674800028581664,0.0,-0.00026864623398847876,-0.0,-0.00026864623398848916,-0.0,-0.00026864623398848916,-0.013669363566982229,-0.310052652965452,1.2296922145389537,1.2867635649485307,-2.844999922316571,2.3985170749393623,-5.2903700720774545,-0.004574111944722459,-0.004574105147485397,-0.00021353961861846071,0.00511139761546206,0.04511139761546206,6.491334220431327e-05
research_sigma_xl_cd,56.0,1.9070099647822827,1.1502492417714383,0.6720000000000005,0.6634348608502728,-0.5753826210558036,-2.2061468554407604,-3.3563960972121984,-2.2244223188665866,0.6151963639947413,-4.6132658476602,-2.7838298503673373,0.05522042815619963,0.2,0.14022035588697332,0.8660000000000001,0.01795599999999965,0.7435023968125153,0.09515599052679209,0.04515599052679209,3.4679897521227034,1.9317880628477724e-14,-1.3013044108944882e-07,-7.844172561499718e-09,0.01731056315591563,0.018795453983329068,0.017097067894494333,0.005097067894494333,0.0048303307702837195,0.012266737124210614,0.03589261529316423,0.001664462590462655,0.0031658676746397843,0.004830330265102439,0.5359999999999999,0.5673281006213546,0.0,-0.00026673712421071416,-0.0,-0.00026673712421061355,-0.0,-0.00026673712421061355,-0.008565139149727674,-0.30494842854819565,1.2350099647822823,1.2918136007875414,-2.8213432194355015,2.3888435287936134,-5.285265847660201,-0.004563623288386998,-0.004563593646073106,-0.00021349526142129538,0.005097067894495738,0.04509706789449574,5.892263229635014e-05
research_sigma_xl_cd,57.0,1.9243133439124902,1.1690201437006895,0.6840000000000005,0.6805247722220069,-0.5705584695281731,-2.170286042139819,-3.339306185840509,-2.216980243714866,0.6274621238388449,-4.596175936288466,-2.7750321435186263,0.054969310317433344,0.2,0.1408029306944435,0.8660000000000001,0.01795599999999885,0.7435023968125161,0.09513567995869189,0.04513567995869189,3.468730135142638,6.328271240363392e-14,3.367048067026701e-07,2.036684582096271e-08,0.017296196054388202,0.01874644592166003,0.017082837268068085,0.005082837268068085,0.00481799489028556,0.012264842377782526,0.0358293721369396,0.0016603467132798734,0.003157646987727047,0.0048179937010069205,0.5359999999999999,0.5671773476267113,0.0,-0.00026484237778245934,-0.0,-0.00026484237778252526,-0.0,-0.00026484237778252526,-0.0034752277779935836,-0.2998585171764605,1.2403133439124896,1.2968512200736453,-2.797748165978664,2.3791956925736,-5.280175936288466,-0.004553120268701916,-0.004553152512503034,-0.00021335878632011696,0.005082837268066881,0.04508283726806688,5.284269062500596e-05
research_sigma_xl_cd,58.0,1.941602364098809,1.1877423115090817,0.6960000000000005,0.697600535386409,-0.5657466312752325,-2.134488111166881,-3.322230422675963,-2.2095285594039904,0.6397260487503064,-4.579100173124063,-2.766222556149727,0.05471986025973636,0.2,0.1413860858689204,0.8660000000000001,0.017956000000001436,0.7435023968125135,0.09511539377006885,0.045115393770068846,3.4694699450831195,-8.038014698286133e-14,-6.564283960841522e-08,-3.984391122591191e-09,0.01728184619818951,0.01869798453523712,0.017068707068701228,0.005068707068701227,0.0048057447185577695,0.012262962350143458,0.03576678259888166,0.0016562316698551971,0.003149511913330919,0.004805743583186116,0.5359999999999999,0.5670276751474729,0.0,-0.000262962350143392,-0.0,-0.0002629623501434579,-0.0,-0.0002629623501434579,0.0016005353864084748,-0.2947827540120619,1.2456023640988083,1.3018763153485025,-2.7742141599171877,2.3695716137200726,-5.275100173124064,-0.004542602530227535,-0.004542782368414312,-0.00021313912948828229,0.0050687070687000235,0.045068707068700024,4.6686701368821304e-05
research_sigma_xl_cd,59.0,1.9588770431899099,1.2064162947609522,0.7080000000000005,0.7146621863594094,-0.5609469800910576,-2.098752476942056,-3.3051687717030083,-2.202065448775321,0.6519880485391318,-4.562038522151063,-2.75739954614727,0.05447216461605717,0.2,0.1419697016938126,0.8660000000000001,0.017956000000000607,0.7435023968125143,0.09509513367479322,0.04509513367479322,3.4702091184658888,-3.4861002973229915e-14,6.963811793880836e-07,4.241458959053368e-08,0.01726751479966121,0.018650075597196825,0.017054677935126605,0.005054677935126605,0.004793581492120169,0.012261096443006436,0.03570484012213648,0.0016521180576960755,0.003141461653003426,0.004793579710699502,0.5359999999999999,0.566879133476119,0.0,-0.00026109644300648105,-0.0,-0.00026109644300643595,-0.0,-0.00026109644300643595,0.00666218635940885,-0.28972110303906046,1.2508770431899094,1.306888994650778,-2.750740525481188,2.359973073375742,-5.270038522151063,-0.004532070671251276,-0.004532485049113733,-0.0002128368645346046,0.005054677935128177,0.04505467793512818,4.045573966503929e-05
research_sigma_xl_cd,60.0,1.9761374044946198,1.225042635883232,0.7200000000000005,0.7317098912566622,-0.5561594682909922,-2.0630784309226082,-3.2881210668058403,-2.194592700746493,0.6642482416363192,-4.54499081725381,-2.748564649178489,0.054226112790986734,0.2,0.14255388526561505,0.8660000000000001,0.017955999999999073,0.7435023968125158,0.09507491323537848,0.045074913235378475,3.4709471591419048,5.0182080713057076e-14,7.631128853269331e-07,4.663850566855032e-08,0.01725321145252845,0.018602699113007725,0.017040782762771267,0.005040782762771267,0.004781486274386848,0.012259296488384419,0.035643567332080295,0.0016479919381675301,0.003133492293055247,0.004781484231222777,0.5359999999999999,0.5667316546259703,0.0,-0.00025929648838446395,-0.0,-0.00025929648838441885,-0.0,-0.00025929648838441885,0.011709891256661664,-0.28467339814180553,1.2561374044946194,1.3118891628583005,-2.7273266725589274,2.350398116507317,-5.2649908172538105,-0.00452242653407664,-0.004522189786002429,-0.00021242868975718254,0.005040782762772006,0.04504078276277201,3.413047260646812e-05
research_sigma_xl_cd,61.0,1.993383478477779,1.2436218638996297,0.7320000000000005,0.7487437518849519,-0.5513840075422839,-2.027465342277895,-3.271087206177525,-2.1871103018434743,0.6765066415159007,-4.527956956625521,-2.7397178612970063,0.05398169335480417,0.2,0.1431386308021311,0.8660000000000001,0.01795599999999954,0.7435023968125154,0.09505473920975142,0.04505473920975142,3.4716838186448484,2.4424906541753444e-14,2.2288503132017468e-07,1.366841989591805e-08,0.017238940937150893,0.018555848243068742,0.017026989790814184,0.005026989790814184,0.004769479838269197,0.012257509952544987,0.03558292450595513,0.001643872224919949,0.0031256055501569582,0.0047694777750769074,0.5359999999999999,0.5665852301535077,0.0,-0.00025750995254503195,-0.0,-0.00025750995254498685,-0.0,-0.00025750995254498685,0.016743751884951363,-0.27963953751351645,1.2613834784777787,1.3168768369618784,-2.703971983793796,2.3408466547820463,-5.259956956625521,-0.004512768978119253,-0.00451196988572421,-0.00021195114633670853,0.005026989790813868,0.04502698979081387,2.774941893755184e-05
research_sigma_xl_cd,62.0,2.0106152988731174,1.2621545053134915,0.7440000000000005,0.7657638708382906,-0.5466205086144538,-1.991912581910698,-3.2540670872241897,-2.1796182387027314,0.6887632615414092,-4.5109368376721815,-2.730859178477769,0.053738894960688746,0.2,0.14372393261255828,0.8660000000000001,0.01795599999999949,0.7435023968125154,0.09503461811429942,0.045034618114299416,3.4724188569170087,2.7755575615628914e-14,-8.350719045147059e-07,-5.138505662638515e-08,0.017224707863030278,0.018509516242345966,0.017013268099733803,0.005013268099733802,0.0047575823937225925,0.01225568570601121,0.03552287504343932,0.0016397773118162924,0.003117803371215366,0.004757580683031658,0.5359999999999999,0.566439851691603,0.0,-0.0002556857060110884,-0.0,-0.00025568570601120985,-0.0,-0.00025568570601120985,0.02176387083829001,-0.2746194185601778,1.2666152988731167,1.3218520373317082,-2.680675843452107,2.33131859896945,-5.254936837672182,-0.004502195458539582,-0.004501896687711383,-0.0002114397632964754,0.005013268099732293,0.045013268099732294,2.1350014567121656e-05
research_sigma_xl_cd,63.0,2.0278329045716634,1.2806410777869206,0.7560000000000006,0.7827702880844195,-0.5418688427548387,-1.9564195921910166,-3.237060669977937,-2.1721146927605535,0.7010180129279231,-4.493930420426053,-2.7219870609776393,0.0534978029242145,0.2,0.14430966971970677,0.8660000000000001,0.017956000000001707,0.7435023968125132,0.09501455001952334,0.04501455001952334,3.473152269122913,-9.547918011776346e-14,-3.7465662527935706e-07,-2.3132123772029445e-08,0.017210512280036866,0.018463709258768394,0.01699965014532817,0.004999650145328171,0.004745775029352306,0.012253875115975865,0.035463445807105365,0.0016356902641401303,0.0031100824726113525,0.004745772736751483,0.5359999999999999,0.5662955687329302,0.0,-0.00025387511597579904,-0.0,-0.00025387511597586496,-0.0,-0.00025387511597586496,0.026770288084418947,-0.26961300131405186,1.2718329045716628,1.3268148916437403,-2.6574376051189397,2.3218157276654994,-5.249930420426053,-0.004491608282461534,-0.004491899913376441,-0.00021086213470869475,0.004999650145327772,0.04499965014532777,1.4899874195568874e-05
research_sigma_xl_cd,64.0,2.0450363373277414,1.2990820966370102,0.7680000000000006,0.7997631711289469,-0.5371289585557492,-1.9209856902964872,-3.2200677869334973,-2.1646014552676545,0.7132710117733609,-4.4769375373815254,-2.7131030416563626,0.05325830866654203,0.2,0.1448959511585036,0.8660000000000001,0.017956000000000128,0.7435023968125148,0.09499454683932942,0.04499454683932942,3.473883617321222,-7.771561172376096e-15,-2.518100745696472e-07,-1.5599775110564096e-08,0.017196362615719274,0.018418407937721953,0.016986167960138188,0.004986167960138187,0.004734038871033963,0.012252129089104224,0.035404661233792156,0.0016315970637829664,0.0031024393073881824,0.004734036371171149,0.5359999999999999,0.5661523147301769,0.0,-0.00025212908910432485,-0.0,-0.00025212908910422424,-0.0,-0.00025212908910422424,0.03176317112894633,-0.26462011826952225,1.2770363373277407,1.3317653255543804,-2.634256702069848,2.312336082113871,-5.244937537381526,-0.004481910217536411,-0.004481909781929739,-0.0002101946555810863,0.004986167960140203,0.044986167960140204,8.378879189217814e-06
research_sigma_xl_cd,65.0,2.0622256449537857,1.317478064334395,0.7800000000000006,0.8167426240046959,-0.5324007650127708,-1.8856102697234323,-3.2030883340578273,-2.1570785131956263,0.7255222711061315,-4.459958084505777,-2.70420711637212,0.05302040109387406,0.2,0.14548277146372865,0.8660000000000001,0.01795599999999871,0.7435023968125162,0.09497461387400993,0.04497461387400993,3.47461270479885,7.105427357601002e-14,-3.755278381589733e-07,-2.3342349081412195e-08,0.01718226261934916,0.018373605914070557,0.016972789979398883,0.004972789979398883,0.004722393942158565,0.012250396037240319,0.035346480181099094,0.0016275159720959174,0.0030948752752770754,0.004722391247372993,0.5359999999999999,0.5660100815467869,0.0,-0.0002503960372403635,-0.0,-0.0002503960372403184,-0.0,-0.0002503960372403184,0.0367426240046953,-0.25964066539377145,1.282225644953785,1.3367033738476541,-2.611132540829564,2.3028795713101506,-5.239958084505777,-0.004472199177603553,-0.004471997904918246,-0.00020947263995027554,0.004972789979399567,0.04497278997939957,1.823894610362975e-06
research_sigma_xl_cd,66.0,2.0794008788984737,1.3358294770404655,0.7920000000000006,0.8337087510877447,-0.527684170671432,-1.850292729934289,-3.186122206974755,-2.1495458536228615,0.7377718038478416,-4.442991957422728,-2.6952992809529746,0.05278406919316839,0.2,0.14607012523840673,0.8660000000000001,0.01795599999999914,0.7435023968125158,0.09495475610683736,0.04495475610683736,3.475339346127159,4.6851411639181606e-14,-6.543554449400801e-07,-4.0810074181107936e-08,0.017168215815947657,0.01832929693404724,0.01695948552576987,0.004959485525769868,0.004710859786710708,0.01224862573905916,0.03528886676856302,0.001623464725373204,0.003087392297953517,0.004710857023326721,0.5359999999999999,0.565868861119596,0.0,-0.0002486257390590385,-0.0,-0.00024862573905915994,-0.0,-0.00024862573905915994,0.04170875108774408,-0.2546745383107231,1.287400878898473,1.3416290750506321,-2.5880645337821306,2.2934461037998664,-5.234991957422729,-0.004461571709671208,-0.004462234047651548,-0.00020873029017778877,0.004959485525768442,0.04495948552576844,-4.729418931086193e-06
research_sigma_xl_cd,67.0,2.0965620933334628,1.3541368268198628,0.8040000000000006,0.8506615950562356,-0.5229790454393494,-1.8150325361863062,-3.1691693630061692,-2.1420016566149687,0.7500195225842499,-4.4260391134542365,-2.68637799820207,0.05254939699453284,0.2,0.14665789019253372,0.8660000000000001,0.01795600000000083,0.7435023968125141,0.09493497240125272,0.044934972401252715,3.47606357965977,-4.773959005888173e-14,9.491481218759645e-07,5.939262692766789e-08,0.017154221401546196,0.01828548745358567,0.01694631710553257,0.004946317105532571,0.004699398564110668,0.012246918541421903,0.0352318794335692,0.0016194099438410169,0.0030799847595477377,0.004699394703388754,0.5359999999999999,0.5657287021610635,0.0,-0.00024691854142183667,-0.0,-0.0002469185414219026,-0.0,-0.0002469185414219026,0.04666159505623502,-0.24972169434223457,1.292562093333462,1.346542570749213,-2.565052058770556,2.284037456839268,-5.230039113454237,-0.0044518348155115905,-0.004452480022688766,-0.00020790429601362515,0.0049463171055309785,0.04494631710553098,-1.1344704278264117e-05
research_sigma_xl_cd,68.0,2.1137093450998807,1.3724006016964112,0.8160000000000006,0.8676013852988098,-0.5182853735432107,-1.7798289710671507,-3.152229572763562,-2.1344495232538847,0.7622656409306854,-4.409099323211663,-2.6774463305452003,0.05231618332088719,0.2,0.14724629459145114,0.8660000000000001,0.017956000000001436,0.7435023968125135,0.09491527909008513,0.04491527909008512,3.4767848039175386,-8.060219158778636e-14,6.360589095422142e-07,3.9933307799389084e-08,0.017140290929510152,0.018242146144291774,0.016933284651762914,0.004933284651762914,0.004688010535919884,0.01224527411584303,0.03517550785351553,0.0016153555485101502,0.0030726513208481146,0.004688006869358265,0.5359999999999999,0.5655894830812441,0.0,-0.0002452741158430749,-0.0,-0.0002452741158430298,-0.0,-0.0002452741158430298,0.0516013852988092,-0.24478190409966116,1.29770934509988,1.3514437041691953,-2.542094611997836,2.2746497999577784,-5.225099323211664,-0.004442988823610161,-0.0044427364200768545,-0.00020700627774723757,0.004933284651764236,0.04493328465176424,-1.8005561679114435e-05
research_sigma_xl_cd,69.0,2.1308426974140686,1.3906212732234793,0.8280000000000006,0.8845281643597614,-0.5136030243675096,-1.7446815204792752,-3.1353027937027544,-2.126887634262189,0.7745100708159359,-4.392172544150711,-2.6685027401133965,0.05208451276187192,0.2,0.147835216650824,0.8660000000000001,0.017955999999998834,0.7435023968125161,0.09489567415709875,0.04489567415709875,3.47750308885196,6.350475700855895e-14,4.4434105506141464e-07,2.7989033174469213e-08,0.017126422973613303,0.01819927976237768,0.01692032603120419,0.004920326031204191,0.00467673412494829,0.012243591906255902,0.03511968188489656,0.0016113342522279426,0.0030653960571378476,0.00467673030936579,0.5359999999999999,0.5654512530032649,0.0,-0.0002435919062558911,-0.0,-0.00024359190625590152,-0.0,-0.00024359190625590152,0.056528164359760824,-0.2398551250387061,1.3028426974140679,1.3563326265981326,-2.519191591295211,2.2652849098885217,-5.220172544150711,-0.00443322694140047,-0.004433142218692388,-0.00020609694240911192,0.004920326031204791,0.04492032603120479,-2.4651874106045024e-05
research_sigma_xl_cd,70.0,2.1479622141718497,1.4087993134038488,0.8400000000000006,0.9014420373612182,-0.5089319052933141,-1.7095896072973575,-3.1183889207012063,-2.1193159771366856,0.7867528247431972,-4.375258671149254,-2.6595472226758705,0.05185437462229472,0.2,0.14842465121502227,0.8660000000000001,0.01795600000000048,0.7435023968125144,0.09487616146060701,0.04487616146060701,3.478218289185502,-2.7755575615628914e-14,4.666134927333587e-07,2.9488751107642486e-08,0.01711262026311365,0.018156882475551816,0.01690747255675379,0.0049074725567537884,0.004665550408113617,0.012241922148640172,0.035064430174073014,0.0016073303777762481,0.0030582160754080005,0.004665546453184248,0.5359999999999999,0.5653140041504466,0.0,-0.00024192214864016126,-0.0,-0.00024192214864017167,-0.0,-0.00024192214864017167,0.06144203736121756,-0.23494125203725158,1.307962214171849,1.3612093894286525,-2.4963424320405547,2.2559426940125684,-5.215258671149255,-0.004423452607219103,-0.004423628259473445,-0.00020514770635986224,0.004907472556752807,0.04490747255675281,-3.13110961457988e-05
research_sigma_xl_cd,71.0,2.1650679619095645,1.4269351884580388,0.8520000000000006,0.918343109473269,-0.5042719235512824,-1.6745526601311291,-3.101487848589168,-2.111734539476627,0.7989939151132163,-4.358357599037204,-2.650579774001046,0.05162575828514904,0.2,0.14901459318155566,0.8660000000000001,0.017956000000000256,0.7435023968125146,0.09485674461004528,0.04485674461004528,3.4789302685499623,-1.532107773982716e-14,7.956455645441451e-07,5.04475992924025e-08,0.017098885351220144,0.01811494855121571,0.016894754488871677,0.004894754488871677,0.00465444073036797,0.012240313758503707,0.035009774142101824,0.0016033286255964245,0.0030511076914021473,0.004654436316998572,0.5359999999999999,0.5651777288160045,0.0,-0.00024031375850364078,-0.0,-0.0002403137585037067,-0.0,-0.0002403137585037067,0.06634310947326838,-0.23004017992520048,1.3130679619095638,1.3660740467963484,-2.4735465752443453,2.2466230595605765,-5.210357599037204,-0.004414570579875043,-0.0044141269718642635,-0.00020413086234846722,0.004894754488871361,0.04489475448887136,-3.8009878826079924e-05
research_sigma_xl_cd,72.0,2.1821600116219835,1.4450293527102838,0.8640000000000007,0.9352315463389616,-0.4996230238325782,-1.639570059013154,-3.0845994117234374,-2.1041451182964357,0.8112334522602046,-4.341469162171511,-2.6416019194453857,0.05139856021490903,0.2,0.14960515643883543,0.8660000000000001,0.01795600000000094,0.743502396812514,0.09483743252440512,0.04483743252440511,3.4796386955654777,-5.306866057708248e-14,-4.2060252836151335e-07,-2.6755255122523636e-08,0.017085224546966427,0.018073459953413577,0.016882110958170715,0.004882110958170715,0.004643442573715961,0.012238668384454754,0.03495564732430667,0.001599363533628852,0.0030440751779401564,0.004643438711569008,0.5359999999999999,0.5650423639684046,0.0,-0.00023866838445479877,-0.0,-0.00023866838445475366,-0.0,-0.00023866838445475366,0.0712315463389609,-0.22515174305950886,1.3181600116219827,1.370926559361779,-2.4508035112733584,2.237324043875075,-5.205469162171512,-0.004404771862127399,-0.004404774189261208,-0.0002031135887957114,0.004882110958171371,0.04488211095817137,-4.467843376625841e-05
research_sigma_xl_cd,73.0,2.1992384344104488,1.4630822611903624,0.8760000000000007,0.9521073313896105,-0.49498503840385044,-1.6046413654825158,-3.067723626672878,-2.096544083200882,0.8234712518821258,-4.324593377120862,-2.6326105949951475,0.05117295632797796,0.2,0.1501960984690764,0.8660000000000001,0.01795599999999933,0.7435023968125156,0.09481821682859638,0.04481821682859638,3.4803438731245446,3.6415315207705135e-14,8.002998317380161e-07,5.1074019902230816e-08,0.017071631926058817,0.01803243605548129,0.016869572187710125,0.004869572187710124,0.004632537456420893,0.012237034731289231,0.03490207754218799,0.0015954170742739633,0.0030371157366604336,0.004632532810934397,0.5359999999999999,0.5649080130828114,0.0,-0.00023703473128933172,-0.0,-0.0002370347312892311,-0.0,-0.0002370347312892311,0.07610733138960979,-0.22027595800885774,1.323238434410448,1.3757671825283229,-2.4281126173646417,2.22804929391998,-5.200593377120862,-0.004394961423496158,-0.004395502725131662,-0.00020205973834869217,0.004869572187711002,0.044869572187711,-5.135535911462291e-05
research_sigma_xl_cd,74.0,2.2163033036285644,1.4810943634193117,0.8880000000000007,0.9689706907143818,-0.4903579489197364,-1.569765903928778,-3.0508602673480896,-2.088935041143428,0.8357075217227831,-4.307730017796091,-2.6236088548508425,0.050948750628078715,0.2,0.15078765261502114,0.8660000000000001,0.01795599999999965,0.7435023968125153,0.09479911194481234,0.04479911194481234,3.481045267513801,1.9095836023552692e-14,6.620007431124009e-07,4.2384836446140994e-08,0.0170581176903348,0.01799184656391676,0.016857198348497193,0.004857198348497193,0.00462168803600993,0.012235510312487263,0.03484911540963087,0.0015914604346896875,0.003030223083017243,0.004621683517706931,0.5359999999999999,0.5647745581228861,0.0,-0.00023551031248719712,-0.0,-0.00023551031248726303,-0.0,-0.00023551031248726303,0.08097069071438112,-0.21541259868408685,1.3283033036285636,1.3805957819057815,-2.405473425651561,2.218794976652663,-5.195730017796092,-0.00438694909913373,-0.004386177723522667,-0.00020091934183760762,0.004857198348496433,0.044857198348496434,-5.808640368409196e-05
research_sigma_xl_cd,75.0,2.2333546971747733,1.4990660953125674,0.9000000000000007,0.9858217280866048,-0.4857416623318306,-1.534943134663254,-3.0340092299758217,-2.0813179813991494,0.8479422725071003,-4.290878980423868,-2.614596692756148,0.05072593395075983,0.2,0.15137981513010024,0.8660000000000001,0.017956000000000447,0.7435023968125145,0.09478012026006,0.044780120260059994,3.4817427862988355,-2.5979218776228663e-14,-7.424513901455043e-07,-4.768913150487997e-08,0.01704468352829326,0.017951686274365965,0.016844868609814267,0.004844868609814267,0.004610968362043055,0.012233900247771212,0.03479663274689193,0.0015875584825722762,0.003023406154882176,0.0046109646374544525,0.5359999999999999,0.5646419924129654,0.0,-0.00023390024777114604,-0.0,-0.00023390024777121196,-0.0,-0.00023390024777121196,0.08582172808660415,-0.21056156131186488,1.3333546971747725,1.3854124246676731,-2.3828854071703542,2.2095609990247183,-5.190878980423868,-0.004377115072052851,-0.004377068114271843,-0.0001998149184789938,0.004844868609813896,0.0448448686098139,-6.474834975390281e-05
research_sigma_xl_cd,76.0,2.2503926932584153,1.5169978916934366,0.9120000000000007,1.0026604279340103,-0.4811360121956503,-1.500172638434994,-3.0171705301284306,-2.0736892712875337,0.8601753222183255,-4.274040280576462,-2.6055710489802446,0.050504680123224524,0.2,0.15197234122831713,0.8660000000000001,0.01795600000000019,0.7435023968125147,0.09476123282098241,0.044761232820982405,3.482436753681935,-1.1324274851176597e-14,5.680851806744158e-07,3.660648190129123e-08,0.017031323106591514,0.017911974655486298,0.016832642965086797,0.004832642965086797,0.004600341340591396,0.0122323016244954,0.03474468641106143,0.0015836770890917176,0.0030166595613998477,0.004600336650491565,0.5359999999999999,0.5645104180919622,0.0,-0.00023230162449539016,-0.0,-0.00023230162449540057,-0.0,-0.00023230162449540057,0.09066042793400964,-0.20572286146445906,1.3383926932584145,1.3902173710400898,-2.3603479606533195,2.2003510092889282,-5.186040280576463,-0.004367269603531954,-0.004368039716095996,-0.00019868014150471736,0.004832642965086509,0.04483264296508651,-7.141014410410457e-05
research_sigma_xl_cd,77.0,2.2674173718128037,1.5348901822044936,0.9240000000000007,1.0194870140167784,-0.4765409796506478,-1.4654537618411312,-3.0003439440456248,-2.0660525206062132,0.8724068757560911,-4.257213694493694,-2.596534973586074,0.05028479566628576,0.2,0.15256546674037438,0.8660000000000001,0.01795600000000086,0.7435023968125141,0.09474246319328146,0.044742463193281456,3.4831266665167466,-4.907185768843192e-14,7.977737377373728e-07,5.157177501713406e-08,0.017018046021210098,0.017872681906141143,0.016820580722861078,0.004820580722861078,0.004589770039143237,0.012230810683717841,0.03469332854713747,0.001579787661372445,0.00300997739369823,0.004589765055070675,0.5359999999999999,0.5643797188400685,0.0,-0.00023081068371788582,-0.0,-0.00023081068371784072,-0.0,-0.00023081068371784072,0.09548701401677773,-0.20089627538169186,1.3434173718128029,1.3950104960567127,-2.337860637597222,2.1911611738874806,-5.181213694493694,-0.004359223801145395,-0.0043589593554253965,-0.00019746529834901994,0.0048205807228618724,0.04482058072286187,-7.811752958041679e-05
research_sigma_xl_cd,78.0,2.284428815507336,1.5527433873420562,0.9360000000000007,1.0363015893797325,-0.4719564721173638,-1.430785981340719,-2.9835293686827753,-2.0584077188898244,0.8846369435857612,-4.24039911913074,-2.587488460372682,0.05006627161370664,0.2,0.1531591880236981,0.8660000000000001,0.01795599999999898,0.743502396812516,0.09472381323847597,0.04472381323847596,3.483812451354703,5.551115123125783e-14,3.919374069738524e-08,2.5417425109086622e-09,0.017004853588932944,0.017833803078649475,0.016808592042720005,0.004808592042720005,0.004579309414232624,0.012229282628487381,0.03464246532040349,0.001575938416947036,0.0030033664807167584,0.004579304897663794,0.5359999999999999,0.5642498881585494,0.0,-0.00022928262848737058,-0.0,-0.00022928262848738099,-0.0,-0.00022928262848738099,0.10030158937973177,-0.19608170001873532,1.3484288155073352,1.399791871921575,-2.31542292492648,2.1819914002409155,-5.176399119130741,-0.0043502614388954974,-0.004350026785745243,-0.00019626154621293912,0.00480859204272141,0.04480859204272141,-8.477880424544865e-05
research_sigma_xl_cd,79.0,2.301427106363814,1.5705579287599758,0.9480000000000007,1.0531041981022184,-0.46738236082218254,-1.3961688312003242,-2.9667267599603,-2.0507530434840042,0.8968654410130659,-4.223596510408254,-2.578429978550828,0.04984918940024125,0.2,0.15375337974936973,0.8660000000000001,0.01795599999999879,0.7435023968125162,0.09470527929400163,0.04470527929400163,3.4844942379141615,6.616929226765933e-14,3.284674372494578e-07,2.1368986247161104e-08,0.01699174321896925,0.01779534547739105,0.016796706183383803,0.0047967061833838025,0.0045689408527817,0.012227765330602103,0.03459211801525841,0.0015721127031611583,0.0029968232597439447,0.0045689359629051025,0.5359999999999999,0.5641209732396728,0.0,-0.00022776533060203663,-0.0,-0.00022776533060210255,-0.0,-0.00022776533060210255,0.10510419810221772,-0.19127909129624904,1.3534271063638132,1.4045616653507482,-2.29303427221339,2.17284346692425,-5.171596510408254,-0.004341288319300363,-0.004341175522179597,-0.00019503703558544638,0.004796706183382016,0.04479670618338202,-9.14268893803874e-05
research_sigma_xl_cd,80.0,2.31841233158089,1.5883342110056549,0.9600000000000007,1.0698950017465,-0.4628185904118004,-1.3616017453102023,-2.949935956315857,-2.043090295528425,0.9090924742469654,-4.206805706763973,-2.56936104802104,0.0496334490998362,0.2,0.1543481592581625,0.8660000000000001,0.01795600000000169,0.7435023968125133,0.0946868683344512,0.044686868334451194,3.48517176462506,-9.50350909079134e-14,-1.864005003682223e-07,-1.2164944912518294e-08,0.016978719844941814,0.01775729208099263,0.0167849230298891,0.004784923029889098,0.004558663912519578,0.01222625911736952,0.0345422816816755,0.001568312040098857,0.002990347023617001,0.004558659063715859,0.5359999999999999,0.5639929135682584,0.0,-0.0002262591173693984,-0.0,-0.00022625911736951984,-0.0,-0.00022625911736951984,0.10989500174649935,-0.18648828765197129,1.3584123315808894,1.4093198573339247,-2.2706942195571678,2.1637154112355477,-5.166805706763974,-0.004332304115052477,-0.004332404795150058,-0.00019379681505271584,0.004784923029888172,0.04478492302988817,-9.805469543697903e-05
research_sigma_xl_cd,81.0,2.335384575440387,1.6060726460634756,0.9720000000000008,1.0866740441619966,-0.4582650329971434,-1.3270842678369732,-2.933156913900449,-2.035417651714109,0.9213179592478049,-4.190026664348476,-2.5602801395138206,0.049419131535518676,0.2,0.1549434004841712,0.8660000000000001,0.017956000000000097,0.7435023968125148,0.09466857646182615,0.04466857646182615,3.485845169891914,-6.8833827526759706e-15,5.298276333220997e-07,3.4686737204747686e-08,0.01696578070952058,0.01771965028866925,0.016773242076062234,0.004773242076062233,0.0045484785848290965,0.012224763491233137,0.03449295511999351,0.0015645356820348565,0.002983937678253889,0.004548473360288746,0.5359999999999999,0.5638657559622743,0.0,-0.00022476349123307093,-0.0,-0.00022476349123313685,-0.0,-0.00022476349123313685,0.11467404416199589,-0.1817092452364727,1.363384575440386,1.414066616192582,-2.248402227084778,2.154609012634367,-5.162026664348477,-0.00432330932370828,-0.00432371509359596,-0.00019253863345834732,0.004773242076063194,0.044773242076063195,-0.00010466561423704696
research_sigma_xl_cd,82.0,2.3523439246638125,1.6237736370936033,0.9840000000000008,1.1034414858986246,-0.4537216332421422,-1.2926158350702153,-2.916389472163819,-2.0277369141758417,0.9335420012294317,-4.173259222611848,-2.5511887715160118,0.04920613765515679,0.2,0.15553922162826403,0.8660000000000001,0.017956000000000142,0.7435023968125147,0.09465041059637717,0.04465041059637717,3.486514193871136,-9.103828801926284e-15,6.251392745681983e-07,4.1055008503931845e-08,0.016952930707888364,0.017682403248525082,0.01676169192731658,0.00476169192731658,0.004538366426900531,0.012223325500416049,0.03444415718376659,0.001560769718465864,0.002977591445568972,0.0045383611640348355,0.5359999999999999,0.5637394405114473,0.0,-0.0002233255004161494,-0.0,-0.0002233255004160488,-0.0,-0.0002233255004160488,0.1194414858986238,-0.1769418034998449,1.3683439246638116,1.4188019234343807,-2.226157836299647,2.145522308436006,-5.157259222611849,-0.004315210571361305,-0.004315040926484482,-0.00019123878057178412,0.00476169192731643,0.04476169192731643,-0.0001112813309392599
research_sigma_xl_cd,83.0,2.369290468752319,1.6414375765763665,0.9960000000000008,1.1201974280166298,-0.4491883001433423,-1.25819595346944,-2.8996335300458065,-2.0200480728568317,0.945764610248637,-4.156503280493842,-2.5420869380042106,0.048994458806057434,0.2,0.156135619170668,0.8660000000000001,0.01795600000000027,0.7435023968125146,0.09463237176078217,0.044632371760782164,3.487178793681674,-1.5987211554602254e-14,1.905378788080725e-07,1.2552376554841871e-08,0.016940170563457563,0.01764554642915754,0.016750242671756177,0.004750242671756177,0.004528345143746171,0.012221897528010006,0.034395852378500624,0.0015570301016976937,0.0029713099499657425,0.004528340051663436,0.5359999999999999,0.5636139609944619,0.0,-0.00022189752801005103,-0.0,-0.00022189752801000592,-0.0,-0.00022189752801000592,0.12419742801662903,-0.17218586138183983,1.3732904687523182,1.423525858503682,-2.203960563718077,2.1364552076370105,-5.152503280493843,-0.004307101800603119,-0.004306447615736165,-0.0001899278917013858,0.004750242671756805,0.044750242671756806,-0.00011787091097464203
research_sigma_xl_cd,84.0,2.386224296651835,1.6590648565071404,1.0080000000000007,1.136941971242137,-0.44466494295464987,-1.223824130313214,-2.8828889868203547,-2.0123511177770483,0.9579857962854517,-4.139758737268336,-2.532974632975011,0.048784086394549585,0.2,0.15673258961959127,0.8660000000000001,0.01795599999999928,0.7435023968125156,0.09461446099831264,0.044614460998312636,3.487838925657308,3.907985046680551e-14,-6.832304597637062e-07,-4.515043103281435e-08,0.016927501014207938,0.017609075347105586,0.016738865195343622,0.004738865195343622,0.004518432022574792,0.01222043317276883,0.03434800811046035,0.0015533323876749058,0.002965095041650663,0.004518427429325568,0.5359999999999999,0.5634893112420367,0.0,-0.00022043317276881913,-0.0,-0.00022043317276882954,-0.0,-0.00022043317276882954,0.12894197124213624,-0.1674413181563313,1.3782242966518343,1.4282385003663833,-2.1818099265986657,2.1274076194912874,-5.147758737268337,-0.004298075738363938,-0.0042979988498059625,-0.00018863581886431613,0.004738865195344499,0.0447388651953445,-0.00012440419703186462
research_sigma_xl_cd,85.0,2.403145498618609,1.6766558624066674,1.0200000000000007,1.153675158407317,-0.44015143609819274,-1.1894999372485193,-2.8661557996551865,-2.0046442243335596,0.9702054765941747,-4.123025550103155,-2.523850330307827,0.04857510003473292,0.2,0.15733000540168385,0.8660000000000001,0.01795599999999906,0.7435023968125158,0.09459667375138539,0.04459667375138539,3.4884947526515657,5.1514348342607263e-14,3.676076287817409e-08,2.436820856210886e-09,0.01691491883623851,0.01757299762394864,0.016727587897631957,0.004727587897631957,0.004508608817791304,0.012218979079840653,0.03430064734851035,0.0015496601196112929,0.002958943548001739,0.004508603667613032,0.5359999999999999,0.5633655373320241,0.0,-0.00021897907984075315,-0.0,-0.00021897907984065254,-0.0,-0.00021897907984065254,0.13367515840731636,-0.16270813099115083,1.3831454986186082,1.4329400220244342,-2.159705413842694,2.1183813257695956,-5.143025550103156,-0.004289039413811757,-0.004289629737950652,-0.00018733093860655303,0.004727587897632335,0.044727587897632336,-0.00013091414624694792
research_sigma_xl_cd,86.0,2.4200541655375134,1.6942109754089247,1.0320000000000007,1.1703971470374008,-0.43564772531906726,-1.1552228356161933,-2.849433811025118,-1.9969291966046716,0.982423754445133,-4.106303561473071,-2.5147155457601977,0.04836740238514662,0.2,0.1579279863650744,0.8660000000000001,0.01795599999999879,0.7435023968125162,0.09457901625438829,0.04457901625438829,3.4891460396712324,6.661338147750939e-14,4.974178176020416e-07,3.307498355753502e-08,0.016902428439572792,0.017537296847994117,0.016716438979996973,0.004716438979996972,0.004498857484934782,0.01221758149506219,0.034253794942269544,0.0015459994916884985,0.002952852601925785,0.004498852093614283,0.5359999999999999,0.5632425805330923,0.0,-0.00021758149506229119,-0.0,-0.00021758149506219057,-0.0,-0.00021758149506219057,0.13839714703740014,-0.15798614236106662,1.3880541655375127,1.4376304110923805,-2.137646590061326,2.1093743648683994,-5.138303561473072,-0.004280900255426046,-0.004281275989872591,-0.00018598945957581936,0.004716438979997101,0.0447164389799971,-0.00013742272560881424
research_sigma_xl_cd,87.0,2.4369503881724244,1.7117305743312208,1.0440000000000007,1.187108036367311,-0.4311537211283232,-1.1209923473639802,-2.832722921695201,-1.989206024844412,0.994640639584299,-4.089592672143161,-2.5055702734728036,0.048160985033159055,0.2,0.15852652907011974,0.8660000000000001,0.017955999999998914,0.7435023968125161,0.09456148923694234,0.04456148923694234,3.4897927545654484,5.972999872483342e-14,7.882296557681912e-07,5.257328272723072e-08,0.016890030340323353,0.01750196874654696,0.016705388930183696,0.004705388930183695,0.0044891953110997584,0.012216193619083937,0.034207415107466166,0.0015423661180090074,0.002946823679443218,0.004489189797452225,0.5359999999999999,0.5631204348339014,0.0,-0.0002161936190838154,-0.0,-0.00021619361908393683,-0.0,-0.00021619361908393683,0.1431080363673103,-0.15327525303115663,1.3929503881724237,1.4423097485881253,-2.1156329869482793,2.100386647298749,-5.133592672143162,-0.004272751388240348,-0.004273001692015822,-0.00018464141013965762,0.004705388930182186,0.04470538893018219,-0.00014389969323985036
research_sigma_xl_cd,88.0,2.453834259634206,1.7292150277633698,1.0560000000000007,1.2038079248977682,-0.42666933469686774,-1.086808005401261,-2.8160230331646305,-1.9814746993811523,1.0068561416833008,-4.072892783612704,-2.496414507668231,0.04795583962368261,0.2,0.15912563007795233,0.8660000000000001,0.01795600000000094,0.743502396812514,0.09454409313730389,0.04454409313730388,3.4904348759340236,-5.3290705182007514e-14,9.980253690144991e-07,6.677021316403575e-08,0.016877724848499878,0.017467009150423502,0.016694465270176817,0.004694465270176817,0.004479604352552569,0.012214860917624248,0.03416152819490814,0.0015387450971889578,0.0029408534151560413,0.004479598512344999,0.5359999999999999,0.5629990942732463,0.0,-0.00021486091762418225,-0.0,-0.00021486091762424817,-0.0,-0.00021486091762424817,0.1478079248977675,-0.14857536450070224,1.3978342596342055,1.4469781179509054,-2.093664147084562,2.0914180842315515,-5.128892783612705,-0.004265501020852325,-0.0042647434349283204,-0.00018325957832306117,0.004694465270176196,0.0446944652701762,-0.00015037213287231316
research_sigma_xl_cd,89.0,2.4707058732646217,1.7466647001806381,1.0680000000000007,1.2204969669076646,-0.42219451242321804,-1.052669290974164,-2.799333991154802,-1.9737370268861165,1.0190703614195475,-4.056203741602808,-2.487249759789915,0.04775187112849314,0.2,0.15972541162600795,0.8660000000000001,0.01795599999999973,0.7435023968125152,0.09452683364460401,0.04452683364460401,3.491072188461459,1.4432899320127035e-14,-7.269421917754926e-07,-4.878262660490407e-08,0.016865515988427254,0.01743240205405679,0.016683611066938386,0.004683611066938386,0.004470119022525476,0.01221349204441291,0.03411607713590625,0.0015351679015247336,0.0029349464022601075,0.004470114303784841,0.5359999999999999,0.5628785016728827,0.0,-0.0002134920444129551,-0.0,-0.00021349204441291,-0.0,-0.00021349204441291,0.1524969669076639,-0.14388632249080424,1.402705873264621,1.4516355118450741,-2.0717396523937115,2.0824667147166913,-5.124203741602808,-0.004257333150899711,-0.004256626978112566,-0.00018190492148886794,0.004683611066940235,0.044683611066940236,-0.00015677742233622532
research_sigma_xl_cd,90.0,2.4875653202094883,1.7640799599014587,1.0800000000000007,1.237175147031645,-0.4177290966518168,-1.0185758511294485,-2.7826558110309074,-1.9659893656829517,1.0312831257721267,-4.039525561478827,-2.478072989048952,0.047549245116827364,0.2,0.1603256193741225,0.8660000000000001,0.017955999999998182,0.7435023968125167,0.09450970061885228,0.044509700618852274,3.4917050613762437,9.992007221626409e-14,-4.143202056994255e-07,-2.788816744203615e-08,0.01685339658737295,0.01739816720185236,0.016672825809471492,0.004672825809471492,0.004460738688504495,0.012212087120966997,0.034071055376872605,0.0015316321239139642,0.002929101746291351,0.0044607338702053155,0.5359999999999999,0.5627587539323705,0.0,-0.0002120871209669306,-0.0,-0.00021208712096699653,-0.0,-0.00021208712096699653,0.15717514703164426,-0.13920814236682177,1.4075653202094875,1.4562821944373616,-2.049858976901575,2.0735361957958753,-5.119525561478828,-0.004248247656865045,-0.004248651567537499,-0.00018057077790145648,0.004672825809470232,0.04467282580947023,-0.000163125190617959
research_sigma_xl_cd,91.0,2.5044126956411805,1.7814611593153362,1.0920000000000007,1.2538426185266076,-0.41327303504620905,-0.9845271802204187,-2.765988339535755,-1.9582335221998466,1.0434945356614815,-4.022858089983865,-2.4688857077783783,0.04734786632213724,0.2,0.16092637518113545,0.8660000000000001,0.017956000000001596,0.7435023968125133,0.09449269948098349,0.044492699480983486,3.4923332893713344,-8.970602038971265e-14,8.087915315257987e-08,5.460518620603594e-09,0.016841370479947604,0.017364288709898843,0.01666216529050979,0.004662165290509789,0.004451427942788633,0.012210737347721157,0.034026511756350075,0.0015281089336347277,0.0029233137707562746,0.004451422704391002,0.5359999999999999,0.5626397937415917,0.0,-0.00021073734772114605,-0.0,-0.00021073734772115646,-0.0,-0.00021073734772115646,0.16184261852660686,-0.13454067087186378,1.4124126956411798,1.460918159979699,-2.0280217158819003,2.0646245677840183,-5.114858089983866,-0.004240060686946823,-0.004240690595067476,-0.00017920518943781438,0.004662165290509196,0.0446621652905092,-0.00016946580952571094
research_sigma_xl_cd,92.0,2.521248092917248,1.7988086528330918,1.1040000000000008,1.2704994776126646,-0.4088262407662395,-0.9505228276167483,-2.74933148044984,-1.9504694870568453,1.055704600467569,-4.006201230897808,-2.459687910425936,0.04714772661598912,0.2,0.16152767565201281,0.8660000000000001,0.017955999999999042,0.7435023968125158,0.09447583043137853,0.044475830431378524,3.4929568598996528,5.240252676230739e-14,8.454960367387798e-07,5.7255497731834026e-08,0.016829437807894823,0.017330762650681158,0.016651628368360094,0.004651628368360094,0.004442186675839177,0.012209441692520917,0.03398244321258548,0.001524598718073389,0.0029175822036886507,0.0044421809217620395,0.5359999999999999,0.5625216153354188,0.0,-0.0002094416925210174,-0.0,-0.0002094416925209168,-0.0,-0.0002094416925209168,0.16649947761266382,-0.12988381178580338,1.4172480929172473,1.465543492449679,-2.0062274280843173,2.055731743840963,-5.110201230897809,-0.004232773273299406,-0.00423274498331826,-0.00017780943953472905,0.004651628368361055,0.044651628368361056,-0.0001757979369825316
research_sigma_xl_cd,93.0,2.5380716061301647,1.8161227890038636,1.1160000000000008,1.2871458752633278,-0.4043886616945307,-0.9165622937952478,-2.7326850827991116,-1.9426990687464454,1.0679134190465234,-3.9895548332471447,-2.4504811056079507,0.046948732582204944,0.2,0.16212964462794804,0.8660000000000001,0.017956000000000222,0.7435023968125147,0.09445909877331457,0.04445909877331457,3.493575571707948,-1.3100631690576847e-14,2.429919021551541e-08,1.6504450861543063e-09,0.016817602322597658,0.01729757338337156,0.016641186440932376,0.004641186440932376,0.004433031507770413,0.012208154933161963,0.03393881631050133,0.0015211176385137794,0.0029119086245634747,0.004433026263077254,0.5359999999999999,0.5624041626346531,0.0,-0.00020815493316195255,-0.0,-0.00020815493316196296,-0.0,-0.00020815493316196296,0.17114587526332703,-0.12523741413514167,1.422071606130164,1.4701581870836413,-1.9844757128417712,2.046855764500699,-5.105554833247146,-0.004225476963810593,-0.00422487657460845,-0.00017641588166528166,0.004641186440932199,0.0446411864409322,-0.00018208766761763223
research_sigma_xl_cd,94.0,2.554883329348463,1.8334039125722132,1.1280000000000008,1.3037818504945293,-0.3999601777506987,-0.8826451949957457,-2.716049107567959,-1.9349204409844665,1.080120910333893,-3.972918858015943,-2.44126377226836,0.04675096223069644,0.2,0.16273215227098448,0.8660000000000001,0.01795599999999933,0.7435023968125156,0.0944424992355526,0.0444424992355526,3.4941896145392617,3.597122599785507e-14,-3.552823679697781e-07,-2.4203683612888938e-08,0.016805860295335887,0.01726472895406222,0.016630811126428502,0.004630811126428502,0.0044239788978220895,0.012206832228606412,0.033895597911698605,0.0015176792620207266,0.0029062946015343534,0.00442397386355508,0.5359999999999999,0.5622874807765792,0.0,-0.0002068322286062907,-0.0,-0.00020683222860641212,-0.0,-0.00020683222860641212,0.17578185049452855,-0.12060143890393898,1.4268833293484622,1.47476241901457,-1.9627661053296386,2.037998417031477,-5.100918858015944,-0.004217262925202192,-0.004217146669215677,-0.00017504916890738464,0.004630811126428408,0.04463081112642841,-0.00018831189087580719
research_sigma_xl_cd,95.0,2.571683357231546,1.8506523625743994,1.1400000000000008,1.3204074975161848,-0.3955407038988865,-0.8487710979718506,-2.69942346054625,-1.9271335945968497,1.0923270835037362,-3.9562932109942874,-2.432035905064927,0.046554407593479535,0.2,0.1633351951940404,0.8660000000000001,0.0179560000000003,0.7435023968125146,0.09442603170703316,0.04442603170703316,3.494798987464179,-1.7541523789077473e-14,-2.0821278212679317e-07,-1.422684772767191e-08,0.01679421164754931,0.017232225635371138,0.016620529771541603,0.004620529771541603,0.004415011108388156,0.012205518663153447,0.03385281262008133,0.0015142686848506346,0.0029007373902283358,0.00441500607507897,0.5359999999999999,0.5621715641341658,0.0,-0.0002055186631533812,-0.0,-0.0002055186631534471,-0.0,-0.0002055186631534471,0.180407497516184,-0.11597579188228485,1.431683357231545,1.4793562737278096,-1.9410981814755868,2.029159616397438,-5.096293210994288,-0.004209039747491206,-0.004209492445234709,-0.0001736818760077058,0.004620529771541815,0.044620529771541816,-0.00019449806450865664
research_sigma_xl_cd,96.0,2.5884717831484654,1.8678684782693147,1.1520000000000008,1.3370229100376125,-0.3911301555339224,-0.814939569755583,-2.6828080480248975,-1.9193385204794489,1.1045319476601998,-3.93967779847286,-2.422797498701722,0.04635906075735804,0.2,0.16393877002394455,0.8660000000000001,0.01795599999999895,0.743502396812516,0.0944096961518404,0.0444096961518404,3.495403686812597,5.795364188543317e-14,5.501131195018161e-07,3.770003240144426e-08,0.016782656353832096,0.017200059733188573,0.016610368949781296,0.004610368949781295,0.0044061107563658775,0.012204258193415418,0.033810482372653494,0.0015108713929375035,0.0028952340400179018,0.0044061054329554055,0.5359999999999999,0.562056407127066,0.0,-0.00020425819341551854,-0.0,-0.00020425819341541793,-0.0,-0.00020425819341541793,0.18502291003761173,-0.11136037936085535,1.4364717831484646,1.4839398354882656,-1.9194715174157828,2.0203392779934113,-5.091677798472861,-0.0042017171483814675,-0.0042018525629504595,-0.0001722874040507999,0.004610368949780702,0.0446103689497807,-0.00020067279794030307
research_sigma_xl_cd,97.0,2.6052487022023043,1.8850525894200945,1.1640000000000008,1.3536282354157474,-0.38672848238615476,-0.7811501332265436,-2.666202722646638,-1.9115370288936127,1.116735599890567,-3.923072473094725,-2.4135500589631538,0.046164829876006896,0.2,0.16454300217106357,0.8660000000000001,0.01795600000000118,0.7435023968125137,0.09439349743489406,0.044393497434894055,3.496003527442244,-6.683542608243442e-14,6.261635565607548e-08,4.303891354417999e-09,0.0167711978554861,0.017168215970753953,0.016600300333066365,0.004600300333066364,0.004397293977137173,0.012203006355929191,0.03376857039191494,0.0015075031948537801,0.0028897855808220903,0.00439728877567587,0.5359999999999999,0.5619419547407997,0.0,-0.00020300635592929162,-0.0,-0.000203006355929191,-0.0,-0.000203006355929191,0.18962823541574658,-0.10675505398272345,1.4412487022023035,1.4885131023117373,-1.8978857331171106,2.0115354442011126,-5.087072473094726,-0.004194385917019927,-0.004194287621207982,-0.00017089752241973566,0.0046003003330667425,0.04460030033306674,-0.000206802898172688
research_sigma_xl_cd,98.0,2.6220142103834454,1.9022050183870407,1.1760000000000008,1.3702235107037453,-0.38233556757964804,-0.7474024289717531,-2.649607447358794,-1.9037272923134887,1.1289379603720582,-3.906477197806727,-2.4042920682094113,0.04597179180073714,0.2,0.16514776022578576,0.8660000000000001,0.01795599999999842,0.7435023968125165,0.09437742992438,0.04437742992438,3.496598712895793,8.681944052568724e-14,3.5352149474476846e-07,2.437070592553603e-08,0.016759832168730837,0.017136702550099542,0.016590323156659204,0.004590323156659203,0.004388560438277511,0.012201762718381692,0.03372707629129379,0.0015041629186152178,0.0028843920187702206,0.004388554937385439,0.5359999999999999,0.5618282514011875,0.0,-0.0002017627183816817,-0.0,-0.0002017627183816921,-0.0,-0.0002017627183816921,0.19422351070374444,-0.10215977869472187,1.4460142103834446,1.4930762500113872,-1.8763403893438113,2.0027499054932383,-5.082477197806728,-0.004187046485719881,-0.004186797719895819,-0.0001695090120716336,0.00459032315665911,0.04459032315665911,-0.00021289323227911133
research_sigma_xl_cd,99.0,2.638768399878505,1.9193260956893552,1.1880000000000008,1.3868088817290658,-0.37795136150959974,-0.713695980643956,-2.633022076333311,-1.8959111218650524,1.1411391253273304,-3.8898918267814064,-2.3950250307430454,0.04577985545412032,0.2,0.16575317039659,0.8660000000000001,0.01795600000000134,0.7435023968125136,0.09436149861586965,0.044361498615869646,3.497189053168565,-7.527312106958561e-14,-4.3491529266859175e-07,-3.006984045095251e-08,0.01674856282728733,0.01710550430949661,0.016580436985581204,0.004580436985581204,0.004379909397989157,0.012200527587592047,0.03368599616819856,0.0015008516290994436,0.0028790527898012726,0.004379904418900717,0.5359999999999999,0.5617152426132087,0.0,-0.00020052758759198097,-0.0,-0.0002005275875920469,-0.0,-0.0002005275875920469,0.19880888172906497,-0.09757440766940523,1.4507683998785044,1.4976292745511748,-1.8548351059712864,1.993980704916354,-5.077891826781407,-0.00417969854766187,-0.00417938181039711,-0.00016812584170612654,0.004580436985580888,0.04458043698558089,-0.00021893836971124264
research_sigma_xl_cd,100.0,2.6555113662143137,1.9364161367522488,1.2000000000000008,1.4033843846749077,-0.3735757487836697,-0.680030436635356,-2.616446573387605,-1.8880866894088124,1.1533390155472423,-3.8733163238355646,-2.385747430631618,0.04558909711485481,0.2,0.1663591004950389,0.8660000000000001,0.0179559999999989,0.7435023968125161,0.09434569784249155,0.04434569784249155,3.4977747533430623,6.017408793468348e-14,-2.7995303453209885e-07,-1.941246927095186e-08,0.016737385822576528,0.01707462950006344,0.016570614010811613,0.004570614010811613,0.004371356770574875,0.012199257240236738,0.033645295886303606,0.0014975824321721307,0.0028737691785729598,0.004371351610745091,0.5359999999999999,0.5616029724510625,0.0,-0.00019925724023672764,-0.0,-0.00019925724023673805,-0.0,-0.00019925724023673805,0.20338438467490683,-0.0929989047235601,1.4555113662143129,1.5021723506670714,-1.8333694521825983,1.9852296344267522,-5.073316323835566,-0.004171432151853116,-0.0041720995303381365,-0.0001667718117649153,0.0045706140108129345,0.044570614010812935,-0.00022491616832138323
research_sigma_xl_cd,101.0,2.672243202795354,1.9534754594404484,1.2120000000000009,1.419950109750689,-0.36920864796845,-0.6464053888713488,-2.5998808483117974,-1.8802539861687586,1.165537639807804,-3.8567505987597834,-2.3764592629632393,0.04539950912723355,0.2,0.16696554714050785,0.8660000000000001,0.01795599999999936,0.7435023968125156,0.09433002723817809,0.04433002723817808,3.4983558222321753,3.397282455352979e-14,8.99841677615143e-07,6.257860418745764e-08,0.016726300895652912,0.017044074716081763,0.016560934290764995,0.0045609342907649945,0.004362852422145735,0.01219808186861926,0.033605055043716914,0.0014943122789211056,0.0028685344054630853,0.004362846684384191,0.5359999999999999,0.5614914355532638,0.0,-0.0001980818686192487,-0.0,-0.0001980818686192591,-0.0,-0.0001980818686192591,0.20795010975068817,-0.08843317964777936,1.4602432027953534,1.5067055629875503,-1.8119430286791527,1.9764966125910248,-5.0687505987597845,-0.004164978128939234,-0.004164770553526476,-0.00016536660488791766,0.004560934290764318,0.04456093429076432,-0.0002309070525862364
research_sigma_xl_cd,102.0,2.688964002779932,1.9705043782580967,1.2240000000000009,1.4365062532564377,-0.36485004393937825,-0.6128203265479222,-2.583324704806019,-1.8724166456666909,1.1777351792844808,-3.840194455254035,-2.3671635369057427,0.04521091921946854,0.2,0.16757276842952515,0.8660000000000001,0.017955999999999903,0.7435023968125151,0.09431449646670134,0.04431449646670134,3.4989318966094443,4.218847493575595e-15,-6.951038598046466e-07,-4.848076656793765e-08,0.01671531488238609,0.017013813526418158,0.016551316634203284,0.004551316634203283,0.004354445113646466,0.012196871520556818,0.033565186252541124,0.0014910863094036598,0.0028633541740858966,0.004354440483489557,0.5359999999999999,0.5613805297834206,0.0,-0.00019687152055675172,-0.0,-0.00019687152055681764,-0.0,-0.00019687152055681764,0.2125062532564368,-0.08387703614203146,1.4649640027799313,1.5112288234954514,-1.790555505832403,1.967777809587344,-5.064194455254036,-0.004157605408154241,-0.004157573593089648,-0.00016399824818280617,0.004551316634203578,0.04455131663420358,-0.00023682016750223994
research_sigma_xl_cd,103.0,2.7056738606216832,1.9875031986771525,1.2360000000000009,1.4530527430190956,-0.36049975774115706,-0.5792750163662665,-2.566778215043419,-1.864569196985067,1.1899313828489175,-3.823647965491377,-2.357855724324926,0.045023567819628886,0.2,0.16818036991155697,0.8660000000000001,0.01795599999999887,0.7435023968125161,0.0942990897471003,0.0442990897471003,3.4995035570865363,6.23945339839338e-14,8.362115484494836e-07,5.849120568446331e-08,0.016704416619786014,0.0169838773521689,0.016541786590881014,0.004541786590881013,0.0043461178741108775,0.012195668716770136,0.03352570894496587,0.0014878868079952398,0.002858225390578228,0.004346112198573468,0.5359999999999999,0.5612703957271722,0.0,-0.00019566871677012543,-0.0,-0.00019566871677013584,-0.0,-0.00019566871677013584,0.21705274301909472,-0.0793305463793722,1.4696738606216824,1.5157424777727657,-1.769206399215184,1.9590787685063098,-5.0596479654913775,-0.004150225143093378,-0.004150449157340742,-0.00016263002890500033,0.004541786590880559,0.04454178659088056,-0.00024269684378026152
research_sigma_xl_cd,104.0,2.7223728704167,2.004472222966234,1.2480000000000009,1.4695898264381997,-0.3561578081911565,-0.5457689086579904,-2.5502411316242246,-1.8567170959528776,1.202126516718021,-3.8071108820722728,-2.348540339161435,0.044837201390905176,0.2,0.16878874156168,0.8660000000000001,0.01795600000000048,0.7435023968125144,0.09428382147344715,0.044283821473447144,3.500070264896262,-2.7977620220553945e-14,-2.47075365056304e-07,-1.733222662614331e-08,0.016693616289798152,0.016954228433566556,0.016532370591935575,0.004532370591935574,0.004337853537947467,0.012194517053988108,0.0334866492505812,0.0014847027478173149,0.002853145714343474,0.004337848462160789,0.5359999999999999,0.5611608835483558,0.0,-0.00019451705398804142,-0.0,-0.00019451705398810734,-0.0,-0.00019451705398810734,0.2215898264381988,-0.07479346296027034,1.4743728704166992,1.520246353698679,-1.7478954253760115,1.9503937861193952,-5.055110882072274,-0.004143747411343712,-0.00414333648395936,-0.00016124569786257759,0.0045323705919345925,0.04453237059193459,-0.0002485491184874497
research_sigma_xl_cd,105.0,2.739061123963623,2.021411755994365,1.260000000000001,1.4861174842029667,-0.3518240506652621,-0.5123017178651041,-2.533713473859469,-1.8488566918077545,1.2143204169568937,-3.7905832243075057,-2.33921436280089,0.04465197713915954,0.2,0.16939761850890633,0.8660000000000001,0.017956000000000288,0.7435023968125146,0.09426868110516516,0.04426868110516516,3.5006324065556345,-1.6431300764452317e-14,1.4356779765023475e-08,1.0100142666669143e-09,0.016682906436326944,0.01692488663379227,0.01652301446069937,0.00452301446069937,0.004329684395876332,0.012193330064823038,0.03344794985312538,0.0014815602025962892,0.0028481190516325135,0.004329679254228802,0.5359999999999999,0.5610520848673758,0.0,-0.00019333006482291637,-0.0,-0.0001933300648230378,-0.0,-0.0001933300648230378,0.22611748420296585,-0.07026580519550302,1.479061123963622,1.5247407070067291,-1.726622134821998,1.9417265324997512,-5.050583224307506,-0.004136351331661237,-0.004136354331053294,-0.00015989197562757407,0.004523014460698749,0.04452301446069875,-0.0002543333555335911
research_sigma_xl_cd,106.0,2.7557387144508545,2.0383220937510327,1.272000000000001,1.5026358553595984,-0.34749843939940384,-0.4788730089517397,-2.5171951027027726,-1.8409897986162,1.2265131768476671,-3.774064853150874,-2.329879294515158,0.044467806608846965,0.2,0.1700071296291083,0.8660000000000001,0.017956000000001436,0.7435023968125135,0.09425367290369267,0.04425367290369267,3.5011898192783453,-8.171241461241152e-14,-2.4107658092020756e-07,-1.7008520647454617e-08,0.016672290073789203,0.01689583738716814,0.01651377040373947,0.004513770403739469,0.004321577009701705,0.012192193394037765,0.03340965604963608,0.0014784319043179748,0.002843139995850174,0.004321571900168149,0.5359999999999999,0.5609439469514399,0.0,-0.00019219339403780955,-0.0,-0.00019219339403776445,-0.0,-0.00019219339403776445,0.23063585535959752,-0.06574743403887284,1.4837387144508536,1.5292255376031874,-1.7053861857994068,1.933075054534674,-5.046064853150875,-0.004129858607915482,-0.00412938361566394,-0.00015851967004973377,0.00451377040374043,0.04451377040374043,-0.00026009750004776094
research_sigma_xl_cd,107.0,2.7724057350780713,2.055203527286235,1.284000000000001,1.5191450250104457,-0.3431808966458587,-0.445482405765832,-2.5006859330520665,-1.8331164090235854,1.2387048037449693,-3.7575556835000268,-2.3205351274623665,0.0442846833942486,0.2,0.1706172726583822,0.8660000000000001,0.017955999999998914,0.7435023968125161,0.09423879604359274,0.04423879604359274,3.501742529131521,6.039613253960852e-14,-9.356277232974719e-07,-6.619895515092011e-08,0.016661766618294965,0.01686707769462566,0.01650458525585785,0.004504585255857851,0.00431356326331811,0.012191021992539741,0.033371715452227835,0.001475345726499224,0.002838212923598204,0.004313558650097428,0.5359999999999999,0.5608364653018415,0.0,-0.00019102199253984153,-0.0,-0.00019102199253974092,-0.0,-0.00019102199253974092,0.23514502501044476,-0.06123826438802216,1.4884057350780704,1.533700931333102,-1.6841872095108013,1.9244392744764414,-5.041555683500028,-0.004122446940565627,-0.004122541270778369,-0.00015718136243711434,0.004504585255859783,0.044504585255859784,-0.0002657892122670466
research_sigma_xl_cd,108.0,2.7890622756463577,2.072056354143937,1.296000000000001,1.5356450258713141,-0.3388713128727676,-0.412129578047284,-2.484185932191221,-1.8252346924973313,1.2508952208327466,-3.7410556826391583,-2.3111803526787345,0.04410268153933477,0.2,0.17122791229135756,0.8660000000000001,0.0179559999999985,0.7435023968125164,0.09422404508461818,0.04422404508461818,3.502290733789263,8.304468224196171e-14,-5.241615541606848e-08,-3.71915992447569e-09,0.016651332221572585,0.016838615926984008,0.016495484467841326,0.004495484467841326,0.004305626254096695,0.012189858213744631,0.03333414767128662,0.0014722864225832247,0.002833334787310626,0.0043056212098938505,0.5359999999999999,0.5607296826223455,0.0,-0.0001898582137446203,-0.0,-0.00018985821374463072,-0.0,-0.00018985821374463072,0.2396450258713132,-0.056738263527153276,1.4930622756463567,1.538167054813611,-1.6630247988800306,1.915820990141827,-5.037055682639159,-0.004115027650513081,-0.004115768040352064,-0.0001558477537312586,0.004495484467840122,0.04449548446784012,-0.00027143938322194555
research_sigma_xl_cd,109.0,2.805708430092143,2.0888808536930314,1.308000000000001,1.5521359939461283,-0.3345696441376653,-0.37881411042325874,-2.46769496411629,-1.8173464643246116,1.2630845201724585,-3.724564714564344,-2.3018164672686563,0.04392171368010997,0.2,0.17183917852344094,0.8660000000000001,0.01795600000000059,0.7435023968125143,0.09420942393153448,0.04420942393153447,3.5028342837530073,-3.375077994860476e-14,5.451519546895156e-07,3.879041338139544e-08,0.0166409896457389,0.01681043777170729,0.01648649333675556,0.004486493336755559,0.004297749273506346,0.012188744063249213,0.03329697410544863,0.0014692410422215973,0.0028285028256547213,0.004297743867876319,0.5359999999999999,0.5606235469096953,0.0,-0.0001887440632491466,-0.0,-0.00018874406324921253,-0.0,-0.00018874406324921253,0.2441359939461274,-0.05224729545234191,1.497708430092142,1.5426239099196843,-1.6418986305957173,1.9072182502397326,-5.032564714564345,-0.004108512406477471,-0.0041090052102571335,-0.00015449630898334288,0.004486493336755326,0.04448649333675533,-0.0002770694052208547
research_sigma_xl_cd,110.0,2.8223442876992295,2.1056773156813,1.320000000000001,1.5686180125448252,-0.3302758143257549,-0.34553562983638675,-2.4512129455176863,-1.8094517173102862,1.275272708959245,-3.708082695965647,-2.292443464557058,0.04374177353650703,0.2,0.17245106908920835,0.8660000000000001,0.017955999999998914,0.7435023968125161,0.09419493196191958,0.04419493196191958,3.5033731977577087,5.950795411990839e-14,9.331914037069566e-07,6.658865464581609e-08,0.016630738450510774,0.016782540313515077,0.0164776107069049,0.004477610706904899,0.004289932079485692,0.012187678627419207,0.033260192611840655,0.001466209741620217,0.0028237168739124736,0.00428992661553269,0.5359999999999999,0.5605180537711827,0.0,-0.0001876786274191411,-0.0,-0.00018767862741920702,-0.0,-0.00018767862741920702,0.2486180125448243,-0.047765276853642624,1.5023442876992286,1.5470715787399845,-1.6208083387956318,1.8986309786553608,-5.028082695965648,-0.004102902122092633,-0.004102253452066485,-0.00015312774360587422,0.004477610706905472,0.04447761070690547,-0.0002826787449858939
research_sigma_xl_cd,111.0,2.8389699401080315,2.1224460175029494,1.332000000000001,1.5850912153599381,-0.32598977997869394,-0.31229372519957743,-2.4347397427025266,-1.8015522685687968,1.287459877427297,-3.6916094931505343,-2.283062837646011,0.04356277539831676,0.2,0.1730637159067868,0.8660000000000001,0.01795599999999976,0.7435023968125152,0.09418057307734527,0.04418057307734527,3.5039073262910527,1.2434497875801753e-14,-7.521880975858153e-07,-5.382382861629509e-08,0.01662058139574589,0.016754909426521573,0.016468784194169084,0.0044687841941690835,0.004282205597296418,0.012186578596872666,0.033223744179865955,0.0014632209236281639,0.0028189801881211003,0.004282201111749264,0.5359999999999999,0.5604131522831746,0.0,-0.00018657859687271072,-0.0,-0.00018657859687266562,-0.0,-0.00018657859687266562,0.25309121535993717,-0.04329207403853097,1.5069699401080305,1.5515100626807345,-1.5997536026268744,1.8900572245817375,-5.023609493150535,-0.0040963727581078135,-0.004095627000423752,-0.00015179720157680598,0.004468784194169156,0.04446878419416916,-0.0002882111168238874
research_sigma_xl_cd,112.0,2.8555854776758554,2.1391872356527055,1.344000000000001,1.6015555809331634,-0.3217114031311621,-0.27908814147665484,-2.41827537712936,-1.7936444628265018,1.2996458661529904,-3.6751451275773093,-2.2736715799324974,0.04338487231423611,0.2,0.17367684862079863,0.8660000000000001,0.01795599999999871,0.7435023968125162,0.09416633668835951,0.04416633668835951,3.504437058989822,7.149836278586008e-14,-5.583239639506132e-07,-4.006343323759154e-08,0.016610510990775762,0.016727564959035664,0.016460013276942798,0.004460013276942797,0.0042745691845935685,0.012185444092349229,0.033187627384167584,0.0014602720764807558,0.002814292561103659,0.004274564637584415,0.5359999999999999,0.5603089314473702,0.0,-0.00018544409234921844,-0.0,-0.00018544409234922885,-0.0,-0.00018544409234922885,0.25755558093316244,-0.03882770846530431,1.5115854776758544,1.555939611522865,-1.5787340076296452,1.8815006647508075,-5.0191451275773105,-0.004088924193783594,-0.00408912509224434,-0.0001504977138329644,0.004460013276942509,0.04446001327694251,-0.00029367658858300144
research_sigma_xl_cd,113.0,2.8721909896472146,2.155901245717373,1.356000000000001,1.6180112419138237,-0.3174406416095068,-0.24591847043124226,-2.4018197161486157,-1.785730116956364,1.3118307656119954,-3.6586894665966487,-2.2642711854707045,0.04320797834135517,0.2,0.17429059875461075,0.8660000000000001,0.017956000000000222,0.7435023968125147,0.09415222682673105,0.04415222682673105,3.5049622417035464,-1.2878587085651816e-14,-3.5039117607382764e-07,-2.521299172220104e-08,0.016600530087555618,0.0167004928175514,0.016451348805626376,0.0044513488056263754,0.004266990482174049,0.012184358323452327,0.03315189031122234,0.001457336682154086,0.0028096492863611817,0.004266985968515268,0.5359999999999999,0.5602053402063473,0.0,-0.00018435832345237158,-0.0,-0.00018435832345232647,-0.0,-0.00018435832345232647,0.26201124191382275,-0.03437204748464595,1.5161909896472137,1.5603602240352192,-1.5577492360432377,1.8729593496402848,-5.01468946659665,-0.004082380568149135,-0.0040826321587217225,-0.00014918128192924207,0.0044513488056247275,0.04445134880562473,-0.0002991219788936808
research_sigma_xl_cd,114.0,2.8887865652064746,2.1725883186637587,1.368000000000001,1.6344582785444162,-0.313177422166814,-0.21278436085421015,-2.385372679517969,-1.7778092239628,1.324014582799895,-3.642242429966056,-2.254861647925555,0.043032087357131175,0.2,0.17490496398406247,0.8660000000000001,0.017956000000001197,0.7435023968125137,0.0941382425944537,0.0441382425944537,3.50548290370828,-6.750155989720952e-14,-5.5142819199716087e-08,-3.978918805547238e-09,0.01659063805086218,0.016673690289928874,0.016442764067670312,0.004442764067670312,0.0042594845420299565,0.012183279525640356,0.033116498862134525,0.0014544283133232023,0.002805051391090218,0.00425947970441342,0.5359999999999999,0.5601023742998057,0.0,-0.00018327952564040073,-0.0,-0.00018327952564035563,-0.0,-0.00018327952564035563,0.2664582785444152,-0.029925010854054857,1.5207865652064736,1.5647719824065796,-1.5367989436541052,1.864433206003256,-5.010242429966057,-0.004075829971430078,-0.004076205016389601,-0.00014787398319186795,0.004442764067670579,0.04444276406767058,-0.00030452147321687745
research_sigma_xl_cd,115.0,2.9053722950678265,2.1892487153063263,1.380000000000001,1.6508967700491644,-0.3089216725254469,-0.17968547270697321,-2.3689341880132995,-1.769881776899224,1.3361973246632761,-3.625803938461308,-2.245442961093838,0.042857193277830705,0.2,0.17551994195077217,0.8660000000000001,0.017955999999999778,0.7435023968125152,0.09412438285468823,0.04412438285468823,3.5059990832499053,1.1546319456101628e-14,3.996987429921717e-07,2.892073863725031e-08,0.016580834076528633,0.01664715474493695,0.016434283668834482,0.0044342836688344815,0.0042520353128225885,0.012182248356011893,0.03308147779538695,0.0014515332877705243,0.002800496744876257,0.0042520300326467815,0.5359999999999999,0.5600000294998666,0.0,-0.00018224835601177158,-0.0,-0.00018224835601189301,-0.0,-0.00018224835601189301,0.27089677004916335,-0.025486519349304793,1.5253722950678255,1.5691749704045503,-1.5158827973702493,1.855922161562084,-5.005803938461309,-0.004070185420843808,-0.0040697869568106955,-0.0001465504076941515,0.004434283668835887,0.04443428366883589,-0.00030990081414766085
research_sigma_xl_cd,116.0,2.9219482653605975,2.205882706916979,1.392000000000001,1.6673268458820851,-0.3046733515411688,-0.14662140526343626,-2.3525041121804153,-1.7619495948044877,1.3483790795119188,-3.609373862628387,-2.2360166142039044,0.042683212121385004,0.2,0.1761356664622018,0.8660000000000001,0.017955999999999122,0.7435023968125158,0.09411065163037204,0.04411065163037203,3.5065106264071404,4.796163466380676e-14,-8.52070885404288e-07,-6.182281830913183e-08,0.01657112101026316,0.01662087232763413,0.016425856587648724,0.004425856587648724,0.004244673398302701,0.012181183189346023,0.03304677719439442,0.001448679480902655,0.0027959895966764843,0.004244669077579139,0.5359999999999999,0.5598982560284561,0.0,-0.00018118318934606803,-0.0,-0.00018118318934602293,-0.0,-0.00018118318934602293,0.2753268458820841,-0.021056443516383083,1.5299482653605965,1.5735691858486787,-1.495000484775355,1.8474242678238995,-5.001373862628388,-0.004063621192978095,-0.004063490208956678,-0.00014526442261443562,0.004425856587648047,0.04442585658764805,-0.0003152049572760149
research_sigma_xl_cd,117.0,2.938514563274556,2.2224905565197632,1.404000000000001,1.6837484832244618,-0.3004323257288415,-0.11359191831818438,-2.336082474837948,-1.7540090192851803,1.3605596910419682,-3.5929522252860107,-2.226579609401543,0.04251029405655623,0.2,0.17675186326670406,0.8660000000000001,0.01795600000000075,0.7435023968125142,0.09409703851437956,0.04409703851437956,3.507017916930198,-4.263256414560601e-14,1.3773070017819578e-07,1.0020641094676819e-08,0.0165614914903697,0.016594862831253214,0.016417506978017915,0.004417506978017915,0.00423738245769445,0.012180124520323465,0.033012412084988396,0.0014458511001152578,0.0027915265336651003,0.0042373776337803586,0.5359999999999999,0.5597971410793005,0.0,-0.0001801245203233992,-0.0,-0.00018012452032346513,-0.0,-0.00018012452032346513,0.2797484832244608,-0.0166348061740087,1.534514563274555,1.5779548722325878,-1.4741516093601525,1.8389432060008304,-4.9969522252860115,-0.004057050467469514,-0.0040572579373709845,-0.00014398451235178578,0.004417506978017599,0.0444175069780176,-0.000320468463638042
research_sigma_xl_cd,118.0,2.9550712775771797,2.239072517130899,1.416000000000001,1.700161859838121,-0.2961985866257799,-0.08059658109345946,-2.3196690982243586,-1.7460636957394267,1.3727393285525658,-3.5765388486723513,-2.2171349307507042,0.042338277539511034,0.2,0.17736880263329433,0.8660000000000001,0.01795599999999949,0.7435023968125154,0.09408355182893875,0.04408355182893875,3.5075206408023463,2.7533531010703882e-14,-4.371310824424768e-07,-3.189070596487653e-08,0.016551951403748752,0.016569101387055446,0.016409259400675946,0.004409259400675946,0.004230146225900455,0.012179113174775491,0.032978403573662884,0.0014430366155611762,0.0027871049134509103,0.0042301415290120865,0.5359999999999999,0.5596965895461214,0.0,-0.00017911317477542488,-0.0,-0.0001791131747754908,-0.0,-0.0001791131747754908,0.2841618598381199,-0.012221429560347885,1.5390712775771787,1.582331949024614,-1.4533359096460252,1.8304751529329246,-4.9925388486723525,-0.004051386092802645,-0.004051033051124964,-0.00014269200307280572,0.004409259400677434,0.044409259400677435,-0.00032570757173868564
research_sigma_xl_cd,119.0,2.9716184945480437,2.25562884486586,1.428000000000001,1.7165670020258137,-0.2919720332770406,-0.04763511117085861,-2.3032639560367185,-1.7381117914707855,1.3849179173915191,-3.5601337064846588,-2.2076810768586306,0.04216723457165876,0.2,0.1779863460330569,0.8660000000000001,0.01795599999999855,0.7435023968125164,0.09407018587821743,0.04407018587821743,3.5080190064386136,8.038014698286133e-14,-5.683526551614193e-07,-4.157704844298671e-08,0.016542496721335315,0.01654359666000897,0.016401063028519736,0.004401063028519735,0.004222995169220645,0.012178067859299091,0.032944702058553155,0.001440261524471954,0.002782728982700044,0.004222990507171998,0.5359999999999999,0.5595966429069709,0.0,-0.00017806785929913582,-0.0,-0.00017806785929909072,-0.0,-0.00017806785929909072,0.28856700202581265,-0.00781628737265383,1.5436184945480427,1.5867005771565246,-1.4325530285623778,1.8220219150138732,-4.98813370648466,-0.004044802013747573,-0.004044927309921554,-0.00014143369281557905,0.004401063028518615,0.044401063028518616,-0.0003308771503011884
research_sigma_xl_cd,120.0,2.9881562992746904,2.272159795190869,1.440000000000001,1.7329639858951604,-0.2877525962873386,-0.014707176976353153,-2.286866972167222,-1.7301532997669218,1.397095464271164,-3.543736722615312,-2.1982180418422153,0.041997159255211275,0.2,0.17860449107036105,0.8660000000000001,0.017956000000001245,0.7435023968125137,0.09405693976668197,0.04405693976668197,3.5085130434670675,-6.972200594645983e-14,-1.865387342370184e-07,-1.368307611659958e-08,0.016533126809655116,0.016518346153990685,0.016392942436842084,0.004392942436842084,0.004215913204171029,0.012177029232671055,0.03291133055055284,0.0014375122004047403,0.002778396376596159,0.004215908577000899,0.5359999999999999,0.5594972970886941,0.0,-0.00017702923267109982,-0.0,-0.00017702923267105472,-0.0,-0.00017702923267105472,0.2929639858951594,-0.0034193035033106556,1.5481562992746893,1.5910608350035265,-1.411802641247517,1.8135834228483902,-4.983736722615313,-0.004038211245844581,-0.004038883971499974,-0.00014018437281303198,0.004392942436840214,0.044392942436840215,-0.0003360026701582433
research_sigma_xl_cd,121.0,3.00468477621081,2.288665621093128,1.452000000000001,1.7493528868994979,-0.2835402068686985,0.01818754993024707,-2.2704780711628807,-1.7221882139624747,1.4092719758568613,-3.5273478216109746,-2.1887458198922487,0.04182804572987967,0.2,0.1792232353387554,0.8660000000000001,0.017956000000001308,0.7435023968125136,0.09404381259781319,0.04404381259781319,3.5090027816213136,-7.37188088351104e-14,7.770986556465687e-07,5.715647996562545e-08,0.016523841034536718,0.01649334740698404,0.016384921358002624,0.004384921358002624,0.004208884379988231,0.012176036978014393,0.032878305724634016,0.0014347753386523673,0.002774104012047029,0.004208879350699396,0.5359999999999999,0.5593985480490227,0.0,-0.00017603697801443774,-0.0,-0.00017603697801439264,-0.0,-0.00017603697801439264,0.2973528868994968,0.0009695975010265978,1.552684776210809,1.5954128003539487,-1.3910844259266142,1.8051596076485,-4.9793478216109754,-0.004032527780286621,-0.004032847401973839,-0.00013891967653409387,0.004384921358003724,0.044384921358003725,-0.0003411087601905352
research_sigma_xl_cd,122.0,3.0212040118243024,2.3051465639242297,1.464000000000001,1.7657338286111657,-0.27933482752736216,0.05104943447291488,-2.254097129451315,-1.714218355327495,1.4214475382271927,-3.510966879899307,-2.1792658956592525,0.04165981202308092,0.2,0.1798427148236447,0.8660000000000001,0.017955999999999472,0.7435023968125154,0.09403080781128864,0.04403080781128864,3.50948808886424,2.842170943040401e-14,4.5270464044122605e-07,3.338680923392623e-08,0.016514641829107363,0.016468586998412766,0.01637697427732354,0.004376974277323541,0.004201923277389108,0.012175050999934434,0.03284559876782145,0.0014320649736270666,0.0027698534008968596,0.004201918374523926,0.5359999999999999,0.5593003473343946,0.0,-0.00017505099993442297,-0.0,-0.00017505099993443338,-0.0,-0.00017505099993443338,0.3017338286111646,0.005350539212696792,1.5572040118243013,1.5997564735971097,-1.3703981037542778,1.796748524571812,-4.974966879899308,-0.0040268380381514035,-0.004026872277454675,-0.00013766755178382106,0.004376974277323531,0.04437697427732353,-0.00034616646603489315
research_sigma_xl_cd,123.0,3.037714089583359,2.321602870074121,1.476000000000001,1.782106835454145,-0.2751363603139203,0.08387874746588997,-2.237724122608231,-1.7062418900387775,1.4336220778567301,-3.4945938730563277,-2.169776771466471,0.04149252908337401,0.2,0.180462789413826,0.8660000000000001,0.017956000000001356,0.7435023968125136,0.09401791980562799,0.044017919805627984,3.5099691705819467,-7.593925488436071e-14,8.455772624316182e-07,6.252872672418697e-08,0.016505525231043774,0.01644407363247868,0.016369100485909782,0.004369100485909782,0.004195029549151075,0.012174070936758707,0.03281321030742934,0.0014293799171140721,0.0027656446756698645,0.004195024592783937,0.5359999999999999,0.5592027357777609,0.0,-0.00017407093675869678,-0.0,-0.0001740709367587072,-0.0,-0.0001740709367587072,0.30610683545414386,0.00972354605567366,1.5617140895833581,1.604092011726629,-1.3497433303908402,1.7883519830175503,-4.970593873056329,-0.004021142381112286,-0.0040209586123923675,-0.00013642474513399228,0.004369100485909161,0.04436910048590916,-0.00035118068028117816
research_sigma_xl_cd,124.0,3.0542150923249785,2.3380347835672164,1.488000000000001,1.7984720295829852,-0.27094476842906,0.11667585508777356,-2.221358928479443,-1.6982606400897196,1.4457956801007101,-3.478228678927487,-2.1602799303220133,0.04132611559109143,0.2,0.181083595852258,0.8660000000000001,0.017956000000000413,0.7435023968125145,0.09400515222935583,0.04400515222935583,3.510445886996265,-2.4424906541753444e-14,8.516720040319115e-08,6.314821082709088e-09,0.016496493821205507,0.016419793955998255,0.01636129936928199,0.0043612993692819894,0.004188202302231936,0.012173097067050054,0.0327811337337528,0.0014267209288712998,0.0027614769133381674,0.004188197842209467,0.5359999999999999,0.5591056653540557,0.0,-0.0001730970670499321,-0.0,-0.00017309706705005354,-0.0,-0.00017309706705005354,0.31047202958298414,0.014088740184515114,1.5662150923249774,1.6084194122242683,-1.3291198250129366,1.7799680388377677,-4.9662286789274885,-0.004015440530606318,-0.004015105235181882,-0.00013519445192351764,0.004361299369283478,0.04436129936928348,-0.00035614713992764696
research_sigma_xl_cd,125.0,3.0707071042562095,2.3544425388031875,1.500000000000001,1.814829434192709,-0.26675995570945643,0.14944101493339557,-2.205001523869792,-1.69027277109999,1.4579682719908302,-3.4618712743177635,-2.1507738764786235,0.04116064197408118,0.2,0.1817049932139993,0.8660000000000001,0.017955999999999108,0.7435023968125158,0.093992499299214,0.04399249929921399,3.5109184505189517,4.884981308350689e-14,1.7498641335933485e-07,1.3009214788750612e-08,0.01648754350868492,0.016395756731805183,0.016353570066601764,0.004353570066601763,0.004181441033440203,0.01217212903316156,0.03274936591025668,0.001424086776922709,0.0027573497415307453,0.004181436518453454,0.5359999999999999,0.5590091765773252,0.0,-0.00017212903316154993,-0.0,-0.00017212903316156034,-0.0,-0.00017212903316156034,0.3148294341927078,0.018446144794240615,1.5707071042562084,1.6127388322653793,-1.3085272570574347,1.7715985032177735,-4.961871274317764,-0.004009732844279856,-0.004009312000278643,-0.0001339734420831573,0.0043535700666023636,0.044353570066602364,-0.0003610707673883731
research_sigma_xl_cd,126.0,3.087190206705905,2.3708263752545737,1.5120000000000011,1.8311791697161888,-0.2625818863621796,0.18217458690828692,-2.188651788346287,-1.6822801057782792,1.4701399381670333,-3.4455215387942837,-2.1412600913496456,0.04099602755893648,0.2,0.18232711897356127,0.8660000000000001,0.017955999999999552,0.7435023968125154,0.09397996464436789,0.04397996464436789,3.5113867221461708,2.353672812205332e-14,-7.565208020032799e-07,-5.6392557956641554e-08,0.016478676860647468,0.01637194871326143,0.016345912115234063,0.004345912115234062,0.004174745004478342,0.01217116711075572,0.03271790414353404,0.0014214782174642765,0.002753262762392294,0.004174740979856571,0.5359999999999999,0.5589132218458462,0.0,-0.0001711671107556545,-0.0,-0.00017116711075572041,-0.0,-0.00017116711075572041,0.31917916971618765,0.02279588031771984,1.5751902067059038,1.6170502685388717,-1.2879653512587463,1.7632414330160044,-4.957521538794285,-0.0040040190464709635,-0.004003577893722621,-0.0001327647454134051,0.004345912115233969,0.04434591211523397,-0.00036594747086608065
research_sigma_xl_cd,127.0,3.1036644823691506,2.387186522859785,1.5240000000000011,1.847521258423177,-0.25841046570049975,0.21487682322046364,-2.1723096996393214,-1.674280809192932,1.4823106062123417,-3.4291794500872954,-2.1317370810786036,0.040832342257989235,0.2,0.18294983141419527,0.8660000000000001,0.017955999999999153,0.7435023968125157,0.09396754253993056,0.04396754253993056,3.511850912348483,4.618527782440651e-14,-7.073190833040144e-07,-5.2864747912551024e-08,0.01646988982747563,0.016348378677930483,0.016338300704879183,0.004338300704879183,0.004168128544213889,0.012170172160665294,0.03268672231655656,0.0014189068300474114,0.0027492177208894293,0.004168124550936841,0.5359999999999999,0.5588178413582091,0.0,-0.00017017216066533836,-0.0,-0.00017017216066529325,-0.0,-0.00017017216066529325,0.3235212584231759,0.027137969024708553,1.5796644823691495,1.621353876156809,-1.267433782991878,1.7548986408943634,-4.953179450087297,-0.00399738460203003,-0.003997956383548596,-0.00013158912259644828,0.00433830070487895,0.04433830070487895,-0.00037075816494839403
research_sigma_xl_cd,128.0,3.120130010562535,2.4035232184779116,1.5360000000000011,1.8638557711259471,-0.2542456292737518,0.24754803154140004,-2.1559751869365114,-1.6662748749823393,1.4944802824883638,-3.4128449373845253,-2.1222048403907348,0.040669580453724596,0.2,0.18357312803081452,0.8660000000000001,0.01795599999999987,0.7435023968125151,0.09395523214268685,0.043955232142686845,3.512311049360608,6.661338147750939e-15,3.8704223515040326e-07,2.9003788926118546e-08,0.016461181812703674,0.016325044382472443,0.01633078350645234,0.00433078350645234,0.004161561325352836,0.012169222181099504,0.03265586591642855,0.001416346678429376,0.002745210260534092,0.004161556938963468,0.5359999999999999,0.5587230312716512,0.0,-0.00016922218109960419,-0.0,-0.00016922218109950357,-0.0,-0.00016922218109950357,0.327855771125946,0.03147248172747774,1.5841300105625338,1.625649728074171,-1.2469322509469638,1.746570062402186,-4.948844937384527,-0.0039916588613808646,-0.0039923391442533325,-0.00013039830625133364,0.004330783506451802,0.0443307835064518,-0.0003755513637649574
research_sigma_xl_cd,129.0,3.1365868725787367,2.419836687679694,1.5480000000000012,1.8801828254360817,-0.2500873430497941,0.28018855505332074,-2.139648132626373,-1.6582641269156937,1.5066490505745407,-3.3965178830743907,-2.1126648483422428,0.04050766243189367,0.2,0.1841971473712451,0.8660000000000001,0.017955999999999937,0.743502396812515,0.09394303682106989,0.043943036821069884,3.5127670039934924,3.1086244689504383e-15,6.532466616526733e-07,4.9081211955792625e-08,0.016452555199062635,0.016301932776706766,0.016323359345687516,0.004323359345687516,0.004155042678583021,0.012168316667104495,0.03262532617569436,0.0014137987155461863,0.002741239274151041,0.004155037989697227,0.5359999999999999,0.558628744611474,0.0,-0.00016831666710437343,-0.0,-0.00016831666710449486,-0.0,-0.00016831666710449486,0.3321828254360806,0.035799536037612156,1.5885868725787355,1.629937822004196,-1.22646049552122,1.738253756158697,-4.944517883074392,-0.003986842329477547,-0.003986726011478526,-0.00012919585337511919,0.004323359345687061,0.04432335934568706,-0.00038032252461717847
research_sigma_xl_cd,130.0,3.15303514937815,2.4361271521378867,1.5600000000000012,1.8965024898173222,-0.24593554391658579,0.31279868389278875,-2.1233284682450977,-1.6502485596412944,1.5188169158225728,-3.3801982186931503,-2.1031170972484734,0.040346583493263095,0.2,0.18482188800161586,0.8660000000000001,0.017956000000000572,0.7435023968125144,0.09393095535686366,0.04393095535686366,3.513218818506209,-3.241851231905457e-14,1.5440623712947854e-07,1.1631634433406646e-08,0.016444009124822148,0.016279041802031182,0.016315979808492864,0.004315979808492864,0.004148601645333927,0.012167378163158937,0.03259505622048098,0.0014112882173488597,0.002737308859681153,0.004148597077030013,0.5359999999999999,0.5585349781289891,0.0,-0.0001673781631588711,-0.0,-0.00016737816315893703,-0.0,-0.00016737816315893703,0.336502489817321,0.040119200418851864,1.5930351493781487,1.634218233555577,-1.206018231929784,1.729949659051856,-4.940198218693151,-0.003981105113208372,-0.00398122348217499,-0.00012802931632928394,0.004315979808493464,0.044315979808493465,-0.00038502445162980764
research_sigma_xl_cd,131.0,3.169474918515071,2.452394840503715,1.5720000000000012,1.9128147850530675,-0.24179013975912622,0.3453786674942827,-2.1070161730094323,-1.6422263371421104,1.5309838069008586,-3.363885923457405,-2.0935600970135333,0.04018641253462147,0.2,0.1854472066481303,0.8660000000000001,0.01795599999999914,0.7435023968125158,0.09391898237468076,0.043918982374680754,3.513666690760093,4.75175454539567e-14,8.899845949095209e-07,6.721898748729416e-08,0.01643553978759045,0.016256380220171746,0.016308668398508974,0.004308668398508974,0.004142223134306677,0.012166445264202297,0.032565081978971344,0.0014088011927180907,0.002733417319779052,0.004142218512497142,0.5359999999999999,0.5584417714021308,0.0,-0.00016644526420239725,-0.0,-0.00016644526420229663,-0.0,-0.00016644526420229663,0.3408147850530663,0.044431495654599085,1.5974749185150696,1.6384911116142122,-1.1856051394065759,1.7216595863152946,-4.935885923457406,-0.0039753622919500575,-0.003975777870104381,-0.000126871389081476,0.004308668398509463,0.044308668398509464,-0.00038968602382871004
research_sigma_xl_cd,132.0,3.1859062569642984,2.4686399792988567,1.5840000000000012,1.9291198266143401,-0.23765109764797243,0.37792884785073144,-2.090711131448125,-1.6341992842251944,1.5431498063509774,-3.3475808818961323,-2.083995324188447,0.040027070781929776,0.2,0.18607324297345673,0.8660000000000001,0.017955999999999743,0.7435023968125152,0.09390712144850175,0.04390712144850174,3.514110483952707,1.3322676295501878e-14,9.855625457966255e-07,7.463170795252161e-08,0.01642714971549683,0.016233935088559144,0.016301447866329477,0.004301447866329477,0.004135891607288,0.012165556259041477,0.03253541600466958,0.0014063258406302667,0.0027295612059141656,0.004135887046544433,0.5359999999999999,0.5583490780688886,0.0,-0.0001655562590414661,-0.0,-0.0001655562590414765,-0.0,-0.0001655562590414765,0.34511982661433893,0.04873653721587079,1.6019062569642972,1.642756450613321,-1.165220958500246,1.713381597670938,-4.931580881896133,-0.003970529251212218,-0.003970335348246524,-0.00012570184916735339,0.004301447866329383,0.044301447866329384,-0.00039432641782764094
research_sigma_xl_cd,133.0,3.2023292455869354,2.48486277678039,1.5960000000000012,1.9454176807857264,-0.23351835654455022,0.41044949950362186,-2.074413277276768,-1.6261673956445348,1.5553149194189415,-3.331283027724746,-2.0744227713458927,0.03986855362015681,0.2,0.18669999547184465,0.8660000000000001,0.017955999999999233,0.7435023968125157,0.09389537116758855,0.04389537116758854,3.5145502477539776,4.218847493575595e-14,5.021786635417413e-07,3.8126181323150377e-08,0.01641883791062644,0.016211704469903984,0.016294293617462374,0.004294293617462374,0.004129621134164041,0.012164672483298333,0.03250603080337344,0.0014038745910182756,0.002725742014890064,0.00412961660590834,0.5359999999999999,0.558256894950142,0.0,-0.0001646724832982116,-0.0,-0.00016467248329833303,-0.0,-0.00016467248329833303,0.3494176807857252,0.05303439138725785,1.6063292455869342,1.647014326167994,-1.1448654199153196,1.7051156320802112,-4.927283027724747,-0.003965690981057257,-0.003964948650865708,-0.00012454429316406668,0.0042942936174628354,0.044294293617462836,-0.00039892244987429354
research_sigma_xl_cd,134.0,3.2187439602295242,2.5010634536707164,1.6080000000000012,1.9617084138492649,-0.22939185537964435,0.4429409094574783,-2.058122544213238,-1.618130666187309,1.567479151317574,-3.3149922946612076,-2.0648424310094717,0.039710856460683584,0.2,0.18732746266691946,0.8660000000000001,0.017955999999999073,0.7435023968125158,0.09388373059282899,0.04388373059282899,3.5149860142562974,5.062616992290714e-14,-4.990978372809707e-07,-3.79903032921014e-08,0.016410603708678806,0.016189686371242688,0.016287181881355473,0.004287181881355472,0.00412342569910884,0.012163756182246632,0.03247690514280677,0.0014014596837226174,0.0027219619607150576,0.0041234216444376755,0.5359999999999999,0.5581652188886325,0.0,-0.0001637561822467326,-0.0,-0.000163756182246632,-0.0,-0.000163756182246632,0.35370841384926366,0.05732512445079646,1.610743960229523,1.6512648089119502,-1.1245382418600958,1.6968616284738987,-4.922992294661209,-0.0039599315618941144,-0.003959669516862208,-0.0001234218273233334,0.004287181881354796,0.0442871818813548,-0.00040345128852580653
research_sigma_xl_cd,135.0,3.235150477578057,2.517242223303239,1.6200000000000012,1.9779920445484374,-0.22527150514633254,0.4754033097892354,-2.0418389135140034,-1.610087258768323,1.5796424317834348,-3.298708663962035,-2.0552528169990074,0.03955404720036931,0.2,0.18795549968386369,0.8660000000000001,0.01795600000000019,0.7435023968125147,0.09387219424459312,0.04387219424459311,3.5154179856513528,-1.1102230246251565e-14,-2.1911400249763346e-08,-1.6721491413740353e-09,0.01640244323352405,0.01616788961458892,0.016280135556039577,0.004280135556039576,0.004117290213764169,0.012162845342275408,0.03244805904206427,0.0013990673041120519,0.002718218635771707,0.004117285939883759,0.5359999999999999,0.5580740888517449,0.0,-0.00016284534227539726,-0.0,-0.00016284534227540767,-0.0,-0.00016284534227540767,0.35799204454843614,0.06160875514996744,1.6151504775780559,1.6555080457946223,-1.1042391219941994,1.688621405193712,-4.918708663962036,-0.003954166681650273,-0.003954444871488761,-0.00012230767748447335,0.0042801355560383725,0.04428013555603837,-0.0004079413114452604
research_sigma_xl_cd,136.0,3.2515488725988786,2.533399300642667,1.6320000000000012,1.994268684961344,-0.221157274952116,0.5078370275416069,-2.02556227310106,-1.6020389995506095,1.591804842002125,-3.2824320235491284,-2.045655402599189,0.03939804829557001,0.2,0.18858424761827972,0.8660000000000001,0.01795600000000086,0.7435023968125141,0.09386076556814987,0.04386076556814987,3.5158460300475127,-4.8405723873656825e-14,5.728183971598355e-08,4.382640028666174e-09,0.016394358922244626,0.016146301466650383,0.016273177353409274,0.004273177353409274,0.004111199703343171,0.012161977650066103,0.03241951238029417,0.0013966858198189128,0.0027145096538505604,0.004111195473669473,0.5359999999999999,0.5579834592767131,0.0,-0.00016197765006598086,-0.0,-0.0001619776500661023,-0.0,-0.0001619776500661023,0.3622686849613428,0.0658853955628732,1.6195488725988774,1.6597440305967537,-1.083967814460518,1.680393023998519,-4.9144320235491294,-0.003949312327961252,-0.003949222053277069,-0.0001211815688353518,0.004273177353409846,0.04427317735340985,-0.0004124117852599765
research_sigma_xl_cd,137.0,3.267939221056933,2.549534893357061,1.6440000000000012,2.010538399255256,-0.2170491057396462,0.5402423345498237,-2.0092925588072372,-1.5939858834242455,1.603966387083567,-3.2661623092552166,-2.036050180592275,0.039242855240048564,0.2,0.18921370492101455,0.8660000000000001,0.01795599999999925,0.7435023968125156,0.0938494434360815,0.04384944343608149,3.516270186777983,4.1300296516055823e-14,-2.024607685946478e-07,-1.552994394193874e-08,0.016386349977338163,0.016124920050188788,0.016266283100625056,0.004266283100625056,0.004105168048998742,0.012161115051626314,0.032391238183418825,0.0013943275254849103,0.002710836499660196,0.004105164025145106,0.5359999999999999,0.557893327073744,0.0,-0.0001611150516263038,-0.0,-0.0001611150516263142,-0.0,-0.0001611150516263142,0.36653839925525467,0.07015510985678713,1.6239392210569317,1.663972833973366,-1.0637240525337432,1.672176425830971,-4.910162309255218,-0.0039444528805026025,-0.003944052997372428,-0.0001200668767131069,0.004266283100625767,0.04426628310062577,-0.00041683966454427596
research_sigma_xl_cd,138.0,3.2843215969405466,2.5656492108083144,1.6560000000000012,2.026801251162594,-0.21294693885411853,0.5726195039084445,-1.99302970689987,-1.5859279053116146,1.6161270721053775,-3.2498994573478783,-2.0264371437954964,0.039088463553404645,0.2,0.18984387003790806,0.8660000000000001,0.017955999999999778,0.7435023968125152,0.09383822684776974,0.04383822684776974,3.5166904904900504,1.1546319456101628e-14,-7.424844206127545e-07,-5.709823719390883e-08,0.01637841569099663,0.016103743491972407,0.016259429263886904,0.004259429263886904,0.004099208880351646,0.012160220383535258,0.03236321193712144,0.0013920044514622522,0.0027072008681805477,0.0040992053196428,0.5359999999999999,0.557803689174242,0.0,-0.00016022038353530332,-0.0,-0.00016022038353525822,-0.0,-0.00016022038353525822,0.3708012511625929,0.07441796176412474,1.6283215969405453,1.668194524835169,-1.043507568196933,1.6639715520362637,-4.905899457347879,-0.003938671828378704,-0.0039389884968163875,-0.00011898642710972407,0.004259429263886838,0.04425942926388684,-0.0004212024161171016
research_sigma_xl_cd,139.0,3.300696074018979,2.581742458703521,1.6680000000000013,2.0430572577830297,-0.2088506879789429,0.6049687584240666,-1.9767737002794545,-1.577863227081003,1.6282868278506375,-3.2336434507274427,-2.0168148099314465,0.038934940151974455,0.2,0.19047459652226104,0.8660000000000001,0.01795599999999941,0.7435023968125155,0.09382711044855295,0.04382711044855295,3.51710713910288,3.197442310920451e-14,4.308761067939315e-07,3.321925831634154e-08,0.016370552275489045,0.016082780628641432,0.016252661237916133,0.004252661237916133,0.0040932932159574165,0.012159368021958716,0.032335475398438174,0.0013896908036650085,0.002703598388448247,0.004093289192113256,0.5359999999999999,0.5577145839478945,0.0,-0.00015936802195881672,-0.0,-0.0001593680219587161,-0.0,-0.0001593680219587161,0.37505725778302845,0.07867396838456081,1.6326960740189775,1.6724092461683413,-1.0233180694265709,1.6557802236464398,-4.901643450727444,-0.003933802144056919,-0.0039339251939987,-0.00011789103757291197,0.0042526612379156226,0.04425266123791562,-0.00042555078936267615
research_sigma_xl_cd,140.0,3.317062725878458,2.597814839129317,1.6800000000000013,2.0593065736384264,-0.2047603524222037,0.6372904547053209,-1.9605243844239963,-1.5697955095997285,1.640445808149295,-3.217394134872046,-2.0071861232413077,0.03878213759575436,0.2,0.19110617213698944,0.8660000000000001,0.01795600000000051,0.7435023968125144,0.09381610179620656,0.043816101796206555,3.5175198466127644,-2.9753977059954195e-14,-4.963845370298259e-07,-3.8366706284209684e-08,0.01636276507696459,0.016062008280976526,0.01624595549859098,0.00424595549859098,0.004087434550547719,0.012158520948043261,0.03230800234210385,0.0013874005625440383,0.002700030506804118,0.0040874310693481564,0.5359999999999999,0.5576259253644436,0.0,-0.00015852094804319483,-0.0,-0.00015852094804326075,-0.0,-0.00015852094804326075,0.3793065736384251,0.08292328423995599,1.637062725878457,1.6766169177291632,-1.003155353443974,1.6475986252723176,-4.897394134872047,-0.003928927172074159,-0.003928913602504459,-0.00011680957837360839,0.004245955498589776,0.04424595549858978,-0.0004298537023832219
research_sigma_xl_cd,141.0,3.3334216252710887,2.6138665523904456,1.6920000000000013,2.0755491687802117,-0.20067581887784747,0.6695847631082743,-1.9442817892821713,-1.5617210814251512,1.652603869746724,-3.201151539730261,-1.9975481273447868,0.03863019395703476,0.2,0.1917383051489632,0.8660000000000001,0.017956000000001228,0.7435023968125137,0.09380519121925548,0.04380519121925548,3.517928972914461,-6.927791673660977e-14,4.037369674136926e-07,3.128451131484411e-08,0.016355047254104804,0.0160414459974387,0.016239311102328235,0.004239311102328235,0.004081632554873926,0.01215767854745431,0.03228079004080742,0.0013851316731946634,0.002696496940109316,0.004081628613303979,0.5359999999999999,0.5575377930852606,0.0,-0.00015767854745424303,-0.0,-0.00015767854745430895,-0.0,-0.00015767854745430895,0.3835491687802104,0.08716587938174036,1.6414216252710874,1.6808177555243646,-0.9830191066384497,1.6394304583051096,-4.893151539730262,-0.0039240475267645625,-0.003923954007419617,-0.00011573615177656871,0.004239311102328891,0.04423931110232889,-0.0004341198830734097
research_sigma_xl_cd,142.0,3.3497728442749715,2.629897797006329,1.7040000000000013,2.091785195843083,-0.19659708731245584,0.7018520347869357,-1.9280457622193934,-1.5536436046532576,1.6647611652442036,-3.1849155126673896,-1.987903762950728,0.03847896292146267,0.2,0.19237128478716328,0.8660000000000001,0.017955999999999552,0.7435023968125154,0.0937943862395372,0.0437943862395372,3.51833423332211,2.398081733190338e-14,-6.834232268992935e-07,-5.308988471064424e-08,0.016347404127637424,0.0160210707254789,0.016232727833292993,0.004232727833292992,0.004075886464700917,0.012156841368592075,0.0322538365176358,0.0013828857104849653,0.002692997349971859,0.004075883060456824,0.5359999999999999,0.5574501017976368,0.0,-0.00015684136859211995,-0.0,-0.00015684136859207484,-0.0,-0.00015684136859207484,0.3877851958430816,0.09140190644461377,1.6457728442749702,1.6850116790307679,-0.9629091304572679,1.631271908014132,-4.888915512667391,-0.003919162659728137,-0.003919045096108843,-0.00011467629434443183,0.004232727833292899,0.0442327278332929,-0.0004383415937556992
research_sigma_xl_cd,143.0,3.366116454158145,2.6459087697591266,1.7160000000000013,2.1080146244467977,-0.19252404594844563,0.7340924361435459,-1.9118163336155807,-1.5455594067446075,1.6769175524839082,-3.168686084063675,-1.9782500774885827,0.03832858154199804,0.2,0.19300481778229955,0.8660000000000001,0.017956000000001308,0.7435023968125136,0.09378367728790284,0.043783677287902834,3.5187359841622112,-7.416289804496046e-14,1.6860972884558123e-07,1.3130816017836722e-08,0.016339828928626537,0.016000901976748853,0.01622620476761849,0.00422620476761849,0.004070195964095635,0.012156008803522855,0.03222713910929942,0.001380660641284215,0.002689531460974059,0.004070192102258274,0.5359999999999999,0.5573629305313581,0.0,-0.00015600880352278912,-0.0,-0.00015600880352285504,-0.0,-0.00015600880352285504,0.39201462444679636,0.09563133504832616,1.650116454158144,1.689198901674237,-0.9428251163403623,1.6231266773190673,-4.884686084063676,-0.00391427317889903,-0.00391418716057278,-0.00011362416100804684,0.004226204767618397,0.0442262047676184,-0.000442527479715564
research_sigma_xl_cd,144.0,3.382452525537298,2.661899665689688,1.7280000000000013,2.12423760537832,-0.18845669538426457,0.7663063130055345,-1.8955933526841533,-1.5374721510110556,1.6890731828512493,-3.1524631031321526,-1.9685900081101175,0.03817890461904691,0.2,0.1936391948273736,0.8660000000000001,0.017955999999999618,0.7435023968125153,0.0937730718495561,0.0437730718495561,3.51913394209195,2.0872192862952943e-14,-8.554598793786283e-07,-6.678706912510712e-08,0.016332326951886217,0.01598091682293567,0.01621974170145335,0.004219741701453349,0.004064560306363596,0.012155181395089754,0.03220069589427932,0.001378458033742833,0.0026860989428914013,0.004064556976634234,0.5359999999999999,0.5572761946832783,0.0,-0.00015518139508974294,-0.0,-0.00015518139508975334,-0.0,-0.00015518139508975334,0.39623760537831854,0.09985431597985056,1.6544525255372966,1.6933793426860486,-0.9227668698457148,1.614990952121097,-4.880463103132154,-0.0039093785414336946,-0.003909378911273843,-0.00011258525043286727,0.004219741701453922,0.04421974170145392,-0.0004466698518978199
research_sigma_xl_cd,145.0,3.3987811282420948,2.67787067814483,1.7400000000000013,2.1404541078497044,-0.18439492533571844,0.7984938279321045,-1.8793768502127255,-1.5293781638274748,1.7012279152740877,-3.136246600660768,-1.9589206060753044,0.0380300681960083,0.2,0.194274121120426,0.8660000000000001,0.01795600000000038,0.7435023968125145,0.09376256045548985,0.043762560455489846,3.519528459940626,-2.2648549702353193e-14,1.69349409162578e-07,1.3254274039420366e-08,0.0163248914993179,0.015961134738513905,0.01621333773004574,0.00421333773004574,0.0040589791883581805,0.01215435854168756,0.03217450427156965,0.0013762758760180124,0.0026826995278041994,0.004058975403822212,0.5359999999999999,0.5571899726583281,0.0,-0.00015435854168754926,-0.0,-0.00015435854168755966,-0.0,-0.00015435854168755966,0.40045410784970303,0.104070818451234,1.6587811282420934,1.697553212968007,-0.9027340873419831,1.6068684368332933,-4.876246600660769,-0.0039044793489373397,-0.003904620646670621,-0.00011155376927216021,0.004213337730045369,0.04421333773004537,-0.0004507772745555236
research_sigma_xl_cd,146.0,3.4151023314725166,2.693821998772702,1.7520000000000013,2.1566642808384113,-0.1803387370075482,0.8306553215486738,-1.8631666772240283,-1.5212811097089303,1.7133818999346244,-3.120036427672061,-1.9492448049543263,0.03788192817726044,0.2,0.19490988881635926,0.8660000000000001,0.017956000000000208,0.7435023968125147,0.09375215055365632,0.04375215055365632,3.5199192557309296,-1.2878587085651816e-14,-5.728644127955818e-07,-4.49469526042634e-08,0.01631752783938506,0.015941532917044757,0.01620699257097824,0.00420699257097824,0.004053451790314355,0.012153540780663885,0.032148560533691306,0.0013741157293779877,0.002679332646905674,0.004053448376283662,0.5359999999999999,0.5571041805550374,0.0,-0.00015354078066381893,-0.0,-0.00015354078066388485,-0.0,-0.00015354078066388485,0.40466428083841,0.1082809914399413,1.6631023314725153,1.7017204315378922,-0.8827265783859506,1.5987553179631309,-4.872036427672063,-0.003899575064062688,-0.0038999110096504704,-0.00011053526840681949,0.004206992570977869,0.04420699257097787,-0.0004548420173215509
research_sigma_xl_cd,147.0,3.4314162046119594,2.7097538140702264,1.7640000000000013,2.172868092991661,-0.17628802175508973,0.8627909489994872,-1.8469628650707393,-1.5131773139556002,1.7255349968354154,-3.1038326155188116,-1.9395596598935259,0.037734619606314294,0.2,0.19554620156991173,0.8660000000000001,0.017956000000000926,0.743502396812514,0.09374183266731745,0.043741832667317446,3.5203066828354492,-5.240252676230739e-14,8.412405847479931e-07,6.616687991956027e-08,0.01631022926852048,0.015922130814736615,0.016200705325181364,0.0042007053251813635,0.0040479778085098506,0.012152727516671513,0.03212286214285087,0.0013719755781101588,0.0026759980399080337,0.004047973618018192,0.5359999999999999,0.5570188961601316,0.0,-0.00015272751667161355,-0.0,-0.00015272751667151294,-0.0,-0.00015272751667151294,0.4088680929916595,0.11248480359318974,1.667416204611958,1.705881207776544,-0.8627440478359283,1.5906553015632114,-4.867832615518813,-0.0038946662821566225,-0.0038952502918383376,-0.00010952394333911541,0.00420070532518238,0.04420070532518238,-0.0004588726578649352
research_sigma_xl_cd,148.0,3.4477228154064767,2.7256663124081255,1.7760000000000014,2.189065691488774,-0.1722427813905285,0.8949010458343756,-1.83076526657375,-1.5050704422732435,1.7376873549679674,-3.0876350170216984,-1.9298681008626186,0.03758799948083732,0.2,0.19618335299356052,0.8660000000000001,0.017955999999998692,0.7435023968125163,0.09373161421175429,0.04373161421175428,3.520690460472373,7.194245199571014e-14,5.951549506555409e-07,4.692660815486249e-08,0.016303001032077005,0.015902905744445302,0.016194498038074823,0.0041944980380748224,0.004042543048818792,0.01215195498925603,0.032097432145480664,0.0013698451941309216,0.0026726939389341005,0.004042539133065022,0.5359999999999999,0.556934036266028,0.0,-0.00015195498925613116,-0.0,-0.00015195498925603054,-0.0,-0.00015195498925603054,0.4130656914887727,0.11668240209030606,1.6717228154064754,1.7100354604385093,-0.8427863091335919,1.582564574748455,-4.8636350170217,-0.0038906704379899626,-0.0038905880595627614,-0.00010850299400218255,0.004194498038075867,0.04419449803807587,-0.0004628838263215848
research_sigma_xl_cd,149.0,3.464022230407956,2.7415596822851223,1.7880000000000014,2.2052570890678105,-0.16820293565745215,0.9269858132904485,-1.8145738689946738,-1.49695865483158,1.7498389068139275,-3.071443619442662,-1.9201686527137167,0.037442133112705035,0.2,0.19682119384448904,0.8660000000000001,0.01795599999999941,0.7435023968125155,0.09372149011118518,0.043721490111185174,3.5210707769211647,3.197442310920451e-14,6.764837303663285e-07,5.347015188950088e-08,0.016295839539595236,0.015883866617739488,0.01618834734685115,0.0041883473468511505,0.004037160722079602,0.012151186624771548,0.03207224120781016,0.001367735461891817,0.0026694213141271734,0.0040371567760189905,0.5359999999999999,0.5568496382802507,0.0,-0.00015118662477148215,-0.0,-0.00015118662477154807,-0.0,-0.00015118662477154807,0.4172570890678091,0.12087379966934148,1.6760222304079548,1.7141833235940287,-0.822853093523479,1.574484964611082,-4.859443619442663,-0.003886670430892414,-0.0038859740973080543,-0.00010749219274408528,0.00418834734685114,0.04418834734685114,-0.000466857235665967
research_sigma_xl_cd,150.0,3.480314518401186,2.7574341001300495,1.8000000000000014,2.2214423861824764,-0.1641684599463693,0.9590455282499959,-1.7983885718800536,-1.4888437831350283,1.7619897282175105,-3.055258322327996,-1.9104627741020486,0.0372969478359429,0.2,0.19745987129308293,0.8660000000000001,0.017955999999998595,0.7435023968125163,0.09371146330301594,0.04371146330301594,3.521447519530725,7.771561172376096e-14,-7.975122180425842e-07,-6.319067705207182e-08,0.016288746868910062,0.015865001428748252,0.016182230908247996,0.004182230908247996,0.004031843663799162,0.012150387244448835,0.03204726455319373,0.001365658676072205,0.002666181559371816,0.004031840235444021,0.5359999999999999,0.5567656597692583,0.0,-0.0001503872444487131,-0.0,-0.00015038724444883453,-0.0,-0.00015038724444883453,0.421442386182475,0.12505909678400834,1.6803145184011845,1.7183247901836753,-0.8029441999675146,1.5664145391929678,-4.855258322327997,-0.003881747765316801,-0.003881456419350327,-0.00010651596066206526,0.0041822309082465425,0.04418223090824654,-0.0004707676052306056
research_sigma_xl_cd,151.0,3.496599744923685,2.7732897495748943,1.8120000000000014,2.2376215508843065,-0.16013924832985382,0.991080342396836,-1.7822094071780583,-1.4807221503622137,1.7741396813028252,-3.039079157626166,-1.9007475279105104,0.03715257671885241,0.2,0.19809908595308387,0.8660000000000001,0.01795600000000156,0.7435023968125134,0.09370152462166709,0.043701524621667084,3.5218210304733124,-8.748557434046234e-14,9.379179743973509e-08,7.449687200455912e-09,0.016281716536558785,0.01584632953730554,0.016176170344406104,0.004176170344406104,0.004026578092878763,0.012149592251527341,0.032022526615423264,0.0013636010140603764,0.002662973204762053,0.00402657421882243,0.5359999999999999,0.556682177300162,0.0,-0.0001495922515273307,-0.0,-0.0001495922515273411,-0.0,-0.0001495922515273411,0.4256215508843051,0.12923826148583456,1.6845997449236838,1.72246006362086,-0.7830593389059892,1.5583570072639523,-4.851079157626168,-0.003876820712340079,-0.003876985841351422,-0.00010554619215268068,0.004176170344405067,0.04417617034440507,-0.0004746457227379833
research_sigma_xl_cd,152.0,3.512877974953432,2.7891268126719964,1.8240000000000014,2.2537947268712886,-0.15611530376061178,1.0230905814808424,-1.766036231191154,-1.4725974245597084,1.7862889127205652,-3.022905981639184,-1.8910258368263047,0.03700887891096175,0.2,0.19873913434486074,0.8660000000000001,0.01795600000000016,0.7435023968125147,0.09369168141473576,0.043691681414735756,3.5221910314451654,-9.769962616701378e-15,-4.6725419533544255e-07,-3.7203223418602605e-08,0.016274753740016606,0.015827828487977327,0.0161701872163853,0.004170187216385301,0.004021349890820258,0.012148837325565043,0.03199804653128957,0.001361552416769016,0.0026597940335670862,0.004021346450336102,0.5359999999999999,0.556599109027965,0.0,-0.00014883732556497664,-0.0,-0.00014883732556504256,-0.0,-0.00014883732556504256,0.42979472687128717,0.13341143747281847,1.6888779749534304,1.7265890622328666,-0.7631983312397228,1.5503085570794755,-4.8469059816391855,-0.003872807266720235,-0.0038725125652552157,-0.00010456652363130536,0.004170187216387317,0.04417018721638732,-0.0004785058016515617
research_sigma_xl_cd,153.0,3.529149273255138,2.8049454682048682,1.8360000000000014,2.269961925317077,-0.1520965485482133,1.055076435459415,-1.7498690327454531,-1.4644677648956541,1.7984373559539553,-3.0067387831933954,-1.8812962297492013,0.03686591878475227,0.2,0.19937986565118274,0.8660000000000001,0.01795599999999858,0.7435023968125164,0.09368192863184027,0.04368192863184027,3.52255771010932,7.771561172376096e-14,-4.956111325782331e-07,-3.9556594583212146e-08,0.016267854906791293,0.015809507210027402,0.01616423689233626,0.004164236892336259,0.0040161854549125575,0.012148051437423701,0.03197377468696838,0.0013595351448913054,0.0026566469154389867,0.004016182060330292,0.5359999999999999,0.5565164917886558,0.0,-0.00014805143742369076,-0.0,-0.00014805143742370117,-0.0,-0.00014805143742370117,0.43396192531707567,0.1375786359186092,1.6931492732551365,1.7307119173011827,-0.7433609204945402,1.5422710182977413,-4.842738783193397,-0.003867871108962806,-0.0038681340174888564,-0.00010361801445503416,0.004164236892336998,0.044164236892337,-0.0004823082604967291
research_sigma_xl_cd,154.0,3.5454137053402404,2.8207458882613197,1.8480000000000014,2.286123200655961,-0.14808293285078666,1.0870381308547792,-1.7337077574065405,-1.456333166777634,1.8105850155954126,-2.9905775078545114,-1.871558700634475,0.03672369225134349,0.2,0.2000212779968835,0.8660000000000001,0.017955999999999108,0.7435023968125158,0.09367226520733543,0.04367226520733543,3.522921104444028,4.929390229335695e-14,5.856285678618178e-08,4.685402343884704e-09,0.016261019283076647,0.01579136422080028,0.01615836246990865,0.004158362469908649,0.004011057455223788,0.012147305014684862,0.03194975269864353,0.0013575257085692892,0.002653527989650461,0.00401105369821975,0.5359999999999999,0.5564343228296819,0.0,-0.00014730501468496193,-0.0,-0.00014730501468486132,-0.0,-0.00014730501468486132,0.43812320065595967,0.14173991125749247,1.697413705340239,1.7348286897448277,-0.7235468847406334,1.5342443410768773,-4.838577507854513,-0.0038638491601199476,-0.0038637524405389263,-0.0001026568131679978,0.0041583624699086386,0.04415836246990864,-0.000486097262573211
research_sigma_xl_cd,155.0,3.5616713345910127,2.83652824866234,1.8600000000000014,2.3022786502568944,-0.14407443363776573,1.1189759408567022,-1.7175523078056378,-1.448195463215894,1.822731965983325,-2.974422058253578,-1.861814703626277,0.03658212802304877,0.2,0.2006635203441719,0.8660000000000001,0.01795599999999855,0.7435023968125164,0.09366269429706137,0.043662694297061364,3.5232810936803647,7.993605777301127e-14,-6.890502945999799e-07,-5.526103727393483e-08,0.016254249101221627,0.015773387662741216,0.01615254181478898,0.0041525418147889785,0.004005978942345001,0.012146562872443978,0.03192595956417654,0.0013555364554966242,0.0026504391566921632,0.004005975612188788,0.5359999999999999,0.5563525605977373,0.0,-0.00014656287244396715,-0.0,-0.00014656287244397756,-0.0,-0.00014656287244397756,0.44227865025689295,0.14589536085842647,1.7016713345910113,1.7389393686076877,-0.7037560251266228,1.526226595037684,-4.83442205825358,-0.003859822930778911,-0.0038594160699010234,-0.00010170728643264793,0.004152541814789329,0.04415254181478933,-0.0004898475177279663
research_sigma_xl_cd,156.0,3.57792222372545,2.852292723760126,1.8720000000000014,2.318428284285539,-0.14007097496609666,1.1508900499831323,-1.7014026737769936,-1.4400528126391918,1.8348781413403006,-2.9582724242249334,-1.8520627706634996,0.03644128977840627,0.2,0.20130644070800824,0.8660000000000001,0.017955999999998532,0.7435023968125164,0.09365321095116816,0.043653210951168156,3.5236378619422424,8.038014698286133e-14,-7.551588989684888e-07,-6.070804545177388e-08,0.016247540859847226,0.015755586461790566,0.01614675280345579,0.004146752803455788,0.0040009627068434694,0.012145790096612319,0.0319023708363283,0.0013535777518675193,0.0026473818191219407,0.00400095957098946,0.5359999999999999,0.556271241507156,0.0,-0.00014579009661225273,-0.0,-0.00014579009661231865,-0.0,-0.00014579009661231865,0.4464282842855376,0.15004499488707113,1.7059222237254488,1.7430440823851496,-0.6839880913571683,1.5182196115857416,-4.830272424224935,-0.0038548736607117995,-0.003855172610231151,-0.00010078805639143762,0.004146752803455639,0.04414675280345564,-0.0004935418522874838
research_sigma_xl_cd,157.0,3.5941664353158838,2.8680394847280746,1.8840000000000015,2.334572155863806,-0.1360725082240788,1.1827806825293588,-1.6852588021987158,-1.4319052105373176,1.8470235461765496,-2.9421285526466665,-1.842302895852212,0.03630117349538446,0.2,0.20195003717431523,0.8660000000000001,0.01795599999999874,0.7435023968125162,0.09364381425828192,0.04364381425828191,3.5239914415469746,6.972200594645983e-14,-9.11512558765537e-08,-7.345251740176195e-09,0.016240893914274218,0.01573795916910405,0.016141037973366856,0.004141037973366856,0.003995981670070425,0.012145056303296431,0.03187902589317104,0.0013516264116226698,0.0026443519250431975,0.003995978336665868,0.5359999999999999,0.5561903628585905,0.0,-0.00014505630329647579,-0.0,-0.00014505630329643068,-0.0,-0.00014505630329643068,0.4505721558638045,0.15418886646533775,1.7101664353158823,1.7471428891393341,-0.6642428636471909,1.510223342109349,-4.826128552646668,-0.003850839082445656,-0.0038509253667739947,-9.985594090736183e-05,0.0041410379733648195,0.04414103797336482,-0.0004972237150829076
research_sigma_xl_cd,158.0,3.6104040317564507,2.88376869959957,1.8960000000000015,2.3507103602322728,-0.1320790116259558,1.2146481017694744,-1.6691205978300958,-1.4237544908040831,1.8591682539468934,-2.9259903482781997,-1.832536530662328,0.03616170869634131,0.2,0.2025944597479791,0.8660000000000001,0.01795600000000148,0.7435023968125134,0.0936345072680716,0.043634507268071596,3.5243417157653654,-8.348877145181177e-14,-5.825902422706974e-07,-4.705871478605239e-08,0.016234310421749207,0.01572049405316076,0.016135375278280684,0.004135375278280683,0.003991048565236799,0.012144326713043885,0.03185590042809716,0.0013496946238727564,0.0026413508778171386,0.003991045501689895,0.5359999999999999,0.5561098836144208,0.0,-0.00014432671304398514,-0.0,-0.00014432671304388453,-0.0,-0.00014432671304388453,0.4547103602322713,0.15832707083380076,1.7144040317564493,1.7512357778095573,-0.6445201521774191,1.5022358574741166,-4.821990348278201,-0.003846800301116282,-0.0038467218521929143,-9.893514346852317e-05,0.004135375278279757,0.04413537527827976,-0.0005008680102081622
research_sigma_xl_cd,159.0,3.6266350747263325,2.899480535027632,1.9080000000000015,2.3668429064203673,-0.1280904110936052,1.246492483385553,-1.652988051642079,-1.41559881113955,1.8713121996026374,-2.909857802090105,-1.8227622101297647,0.03602295837545502,0.2,0.20323955526619808,0.8660000000000001,0.017956000000000097,0.7435023968125148,0.09362528502462958,0.043625285024629576,3.524688869178753,-5.773159728050814e-15,-2.4804910259135227e-07,-2.0083697982453685e-08,0.016227786876608155,0.015703200053762197,0.016129742930355073,0.004129742930355073,0.003986176117154461,0.012143566813200612,0.03183297213091385,0.0013477926209244891,0.0026383803125735734,0.003986172933498062,0.5359999999999999,0.556029839773678,0.0,-0.00014356681320060183,-0.0,-0.00014356681320061224,-0.0,-0.00014356681320061224,0.45884290642036585,0.16245961702189726,1.718635074726331,1.7553228751236951,-0.6248197162170843,1.494258990950555,-4.817857802090106,-0.003841838155061117,-0.0038426093039538485,-9.804394625308188e-05,0.004129742930356034,0.044129742930356035,-0.0005044579057264589
research_sigma_xl_cd,160.0,3.642859624804553,2.915175158000768,1.9200000000000015,2.382969846092983,-0.12410665939164689,1.278314046031302,-1.636861111969466,-1.4074381671142053,1.8834553875732947,-2.8937308624174896,-1.812979928548914,0.035884918576521214,0.2,0.20388532176098031,0.8660000000000001,0.01795600000000005,0.7435023968125148,0.09361614666859001,0.04361614666859001,3.525032932280701,-3.1086244689504383e-15,9.59707543213284e-07,7.788798039864986e-08,0.01622132267096081,0.01568607577211906,0.01612420412955018,0.004124204129550179,0.003981324617656434,0.012142879511893745,0.03181030197407109,0.001345886242492132,0.0026354346099317634,0.003981320852423895,0.5359999999999999,0.5559502286891068,0.0,-0.00014287951189362325,-0.0,-0.00014287951189374468,-0.0,-0.00014287951189374468,0.4629698460929814,0.16658655669451283,1.7228596248045516,1.7594042372312584,-0.6051413415419926,1.4862926953032842,-4.813730862417491,-0.0038387107591024705,-0.0038384451057626896,-9.711854141063181e-05,0.004124204129549891,0.04412420412954989,-0.0005080574609598806
research_sigma_xl_cd,161.0,3.6590777428878454,2.9308527307166523,1.9320000000000015,2.3990913146794677,-0.12012776185829233,1.3101130873336952,-1.620739643382957,-1.399276232657755,1.8955979586264249,-2.877609393831005,-1.8031925890444744,0.035747453875013185,0.2,0.2045320633295249,0.8660000000000001,0.01795600000000048,0.7435023968125144,0.09360709915234743,0.04360709915234742,3.5253736414042534,-2.7533531010703882e-14,-7.79355782132285e-07,-6.340009295335847e-08,0.016214922722727607,0.015669099334568688,0.01611869489726092,0.004118694897260921,0.0039765327814357265,0.012142162115825195,0.031787825485585786,0.001344011000277796,0.0026325188915479187,0.003976529891825715,0.5359999999999999,0.5558709719295089,0.0,-0.000142162115825073,-0.0,-0.00014216211582519442,-0.0,-0.00014216211582519442,0.4670913146794662,0.17070802528099704,1.7270777428878439,1.7634797842614205,-0.5854848712927296,1.4783331611732498,-4.809609393831006,-0.0038346597835887675,-0.003834370665610532,-9.62278254666854e-05,0.004118694897261438,0.04411869489726144,-0.000511595744914016
research_sigma_xl_cd,162.0,3.6752894877627957,2.9465134191774567,1.9440000000000015,2.4152072358875047,-0.11615359382877544,1.3418896970024736,-1.604623722174983,-1.3911074866813828,1.907739711804945,-2.8614934726229677,-1.7933958199949387,0.03561075832341829,0.2,0.20517931993404384,0.8660000000000001,0.017955999999999347,0.7435023968125156,0.09359812980660219,0.04359812980660219,3.525711471819628,3.552713678800501e-14,3.814715867633822e-07,3.110533769445922e-08,0.016208578070016716,0.015652300183589967,0.016113214694966516,0.004113214694966515,0.003971800224773392,0.012141414470193124,0.03176554079180882,0.0013421639879417854,0.002629632927096503,0.003971796915038289,0.5359999999999999,0.5557921810369524,0.0,-0.00014141447019311304,-0.0,-0.00014141447019312345,-0.0,-0.00014141447019312345,0.47120723588750324,0.1748239464890357,1.7312894877627942,1.7675497759578507,-0.5658500148024714,1.4703859859415849,-4.805493472622969,-0.003829685383322401,-0.0038303857545802684,-9.536337505020032e-05,0.004113214694967532,0.04411321469496753,-0.0005150848883653456
research_sigma_xl_cd,163.0,3.691494919086879,2.9621573829104206,1.9560000000000015,2.4313177440694007,-0.11218416140874554,1.373644168917313,-1.5885132139931077,-1.3829356034243998,1.9198807875668111,-2.8453829644410717,-1.783592523660571,0.03547469677914594,0.2,0.20582739600398292,0.8660000000000001,0.01795599999999898,0.743502396812516,0.09358924559968317,0.04358924559968316,3.5260461593155226,5.639932965095795e-14,6.213867336235523e-07,5.078670328728663e-08,0.016202293642020096,0.015635656494716148,0.016107826243783485,0.004107826243783485,0.0039670874160872005,0.012140738827696285,0.03174350673494153,0.001340313088726858,0.0026267708995708623,0.00396708398829772,0.5359999999999999,0.5557137777621043,0.0,-0.000140738827696274,-0.0,-0.0001407388276962844,-0.0,-0.0001407388276962844,0.4753177440693992,0.1789344546709321,1.7354949190868776,1.771614131520068,-0.5462366186494982,1.462447361016672,-4.801382964441073,-0.003826546328553837,-0.003826348588390916,-9.446739823661121e-05,0.004107826243782503,0.044107826243782504,-0.000518580644099341
research_sigma_xl_cd,164.0,3.7076940958213185,2.977784780159694,1.9680000000000015,2.4474228883750717,-0.10821941899660104,1.4053767104723567,-1.5724080696873373,-1.3747605793384905,1.9320211894603376,-2.8292778201354007,-1.7737826916730544,0.03533926609307966,0.2,0.20647629058748143,0.8660000000000001,0.017956000000000766,0.7435023968125142,0.09358044558936249,0.043580445589362485,3.526377737589143,-4.3520742565306136e-14,-1.4008739057658204e-08,-1.1476227190776456e-09,0.016196068772233313,0.015619167003908715,0.01610246597811482,0.004102465978114821,0.003962432828065077,0.012140033150049745,0.031721659319046025,0.0013384917553205776,0.002623937906645501,0.003962429661966079,0.5359999999999999,0.5556357599724986,0.0,-0.0001400331500498453,-0.0,-0.00014003315004974468,-0.0,-0.00014003315004974468,0.4794228883750702,0.18303959897660071,1.739694095821317,1.7756729063609809,-0.526644478987981,1.4545172407969102,-4.7972778201354025,-0.0038224836346183455,-0.003822399678015332,-9.360279411849137e-05,0.004102465978114672,0.04410246597811467,-0.0005220203887521882
research_sigma_xl_cd,165.0,3.7238870758198255,2.993395769592272,1.9800000000000015,2.4635226760256304,-0.10425929575261539,1.437087487555405,-1.5563082820368672,-1.3665805706936365,1.9441608538669106,-2.813178032484842,-1.7639648652559057,0.03520452791528942,0.2,0.20712584820393568,0.8660000000000001,0.01795599999999917,0.7435023968125157,0.0935717250142677,0.043571725014267704,3.5267063843237048,4.529709940470639e-14,4.5347352761737625e-07,3.723578162473373e-08,0.01618990009260081,0.015602840636479503,0.016097154439352,0.004097154439352001,0.003957823192238141,0.01213933124711386,0.03170001865516281,0.0013366877190106932,0.0026211321126785587,0.003957819831689252,0.5359999999999999,0.5555581628527152,0.0,-0.0001393312471139052,-0.0,-0.0001393312471138601,-0.0,-0.0001393312471138601,0.4835226760256288,0.18713938662716145,1.743887075819824,1.7797262219529149,-0.5070733663115057,1.4465974617912056,-4.793178032484843,-0.003818417165972088,-0.003818491945124281,-9.274565324880746e-05,0.004097154439351769,0.04409715443935177,-0.000525429425084066
research_sigma_xl_cd,166.0,3.7400739163734826,3.0089905085913,1.9920000000000015,2.4796171972537757,-0.10030377261212475,1.4687767477826823,-1.5402137608086177,-1.3583974136704347,1.9562998519545653,-2.7970835112566967,-1.7541404885330771,0.03507041386910973,0.2,0.20777622165463527,0.8660000000000001,0.017956000000001037,0.7435023968125138,0.0935630869344644,0.043563086934464396,3.527031982507655,-5.906386491005833e-14,1.355495653498906e-07,1.1156085749641775e-08,0.016183789767723444,0.015586665929426934,0.01609191192820192,0.004091911928201918,0.003953245256984039,0.01213866667121788,0.031678602927914024,0.0013348906218468366,0.002618351458397283,0.0039532420802441195,0.5359999999999999,0.555480946697071,0.0,-0.0001386666712179796,-0.0,-0.00013866667121787898,-0.0,-0.00013866667121787898,0.48761719725377417,0.19123390785530425,1.748073916373481,1.7837740644189173,-0.48752310417188305,1.438686097586262,-4.789083511256698,-0.003815267044602111,-0.0038145785857661603,-9.187783952152584e-05,0.00409191192820163,0.04409191192820163,-0.0005288249937372355
research_sigma_xl_cd,167.0,3.756254674608241,3.0245691515916664,2.0040000000000013,2.495706499882034,-0.09635280523864731,1.500444693411233,-1.5241244581804334,-1.350211104782841,1.9684381872093464,-2.7809942086284383,-1.744309553287178,0.03493692085578411,0.2,0.20842740993136136,0.8660000000000001,0.017955999999999712,0.7435023968125152,0.0935545304568777,0.043554530456877696,3.5273545641074824,1.554312234475219e-14,-9.23444144484975e-07,-7.617742248111625e-08,0.01617773716586618,0.015570641662279004,0.016086696427579872,0.004086696427579872,0.003948724047632135,0.012137972379947737,0.031657367189322994,0.0013331223793530862,0.002615598904456284,0.003948721283809371,0.5359999999999999,0.5554041094135587,0.0,-0.00013797237994778166,-0.0,-0.00013797237994773656,-0.0,-0.00013797237994773656,0.49170649988203285,0.1953232104835647,1.7522546746082397,1.7878164873988946,-0.4679934937981134,1.4307831038455974,-4.78499420862844,-0.003811192964290333,-0.0038107516676843985,-9.104073828630765e-05,0.004086696427581832,0.04408669642758183,-0.0005321659707041362
research_sigma_xl_cd,168.0,3.7724294074556557,3.0401318501149373,2.0160000000000013,2.5117905901089355,-0.09240632451686048,1.5320914821613283,-1.508040367953609,-1.3420197995990155,1.9805757967144608,-2.764910118401537,-1.734470603903275,0.034804109865241226,0.2,0.20907925638522143,0.8660000000000001,0.017955999999998324,0.7435023968125166,0.09354605081339054,0.04354605081339054,3.5276743072596126,9.237055564881302e-14,-7.470436467205133e-07,-6.176748817976474e-08,0.016171738914202538,0.01555477676925996,0.016081507827046204,0.004081507827046204,0.003944259094800118,0.012137248732246086,0.03163631179544579,0.001331381760045629,0.0026128744504687602,0.003944256210514389,0.5359999999999999,0.5553276857873531,0.0,-0.0001372487322460758,-0.0,-0.00013724873224608622,-0.0,-0.00013724873224608622,0.4957905901089341,0.19940730071046792,1.7564294074556543,1.7918536107411949,-0.44848431455313253,1.4228903188025215,-4.780910118401538,-0.003806194566093879,-0.0038070103625540315,-9.023108715633388e-05,0.004081507827045305,0.044081507827045306,-0.0005354570136547679
research_sigma_xl_cd,169.0,3.788598169917165,3.0556787595283863,2.0280000000000014,2.5278695155361266,-0.08846428704904707,1.5637173170021246,-1.4919614425262617,-1.3338234939150286,1.9927126846738386,-2.748831192974346,-1.7246236352122655,0.034671977125956606,0.2,0.2097317588892318,0.8660000000000001,0.01795600000000113,0.7435023968125138,0.09353764729109268,0.043537647291092677,3.527991237293232,-6.394884621840902e-14,7.081487758409111e-07,5.8685822562631884e-08,0.01616579450844069,0.015539069987785035,0.016076407313706298,0.004076407313706298,0.0039398121577775,0.012136595155928798,0.031615497553880156,0.0013296357863289243,0.0026101729213254816,0.003939808707654406,0.5359999999999999,0.5552516733163744,0.0,-0.00013659515592878702,-0.0,-0.00013659515592879742,-0.0,-0.00013659515592879742,0.49986951553612524,0.20348622613765532,1.7605981699171638,1.7958854852433266,-0.428995367671714,1.4150076990593172,-4.776831192974347,-0.0038030334451455428,-0.003803217001848703,-8.93871947343916e-05,0.0040764073137059265,0.04407640731370593,-0.0005387600226132508
research_sigma_xl_cd,170.0,3.804761017382375,3.071210030595252,2.0400000000000014,2.543943404736348,-0.08452670020130548,1.5953224772690886,-1.4758875533261633,-1.3256258664893066,2.0048489870263184,-2.7327573037741244,-1.7147715330838063,0.034540391678024966,0.2,0.21038522797159728,0.8660000000000001,0.017955999999998914,0.7435023968125161,0.09352932671437608,0.04352932671437608,3.5283050952325183,5.906386491005833e-14,-3.799302403795224e-07,-3.155763131368339e-08,0.016159908775955786,0.015523499892778585,0.01607135328925846,0.004071353289258461,0.003935408044494659,0.012135945244763802,0.03159487997597288,0.001327907965293355,0.002607497253982016,0.003935405219275371,0.5359999999999999,0.5551759963646735,0.0,-0.00013594524476362446,-0.0,-0.0001359452447638014,-0.0,-0.0001359452447638014,0.5039434047363467,0.20756011533787977,1.7647610173823738,1.7999120303560567,-0.4095265097572298,1.4071314372848178,-4.772757303774126,-0.003799868659045025,-0.003799462799730858,-8.855548669732538e-05,0.0040713532892592,0.0440713532892592,-0.0005420265748831213
research_sigma_xl_cd,171.0,3.820918004591619,3.086725812901878,2.0520000000000014,2.5600122221146435,-0.08059347096005776,1.6269070769540703,-1.4598187359478079,-1.3174232312331187,2.016984575163366,-2.716688486395829,-1.7049113975619312,0.03440947793336303,0.2,0.21103935022941792,0.8660000000000001,0.017956,0.743502396812515,0.093521080612985,0.043521080612985,3.528616199011081,-8.881784197001252e-16,-1.0356985247206296e-07,-8.622280667225368e-09,0.0161540757251368,0.015508085530825963,0.01606632474433667,0.004066324744336668,0.003931058957478584,0.012135265786858085,0.03157443603446186,0.0013262072796319767,0.0026048488131789056,0.003931056092810883,0.5359999999999999,0.5551007261885796,0.0,-0.00013526578685812973,-0.0,-0.00013526578685808463,-0.0,-0.00013526578685808463,0.5080122221146421,0.21162893271617372,1.7689180045916175,1.8039334294282527,-0.3900774982092958,1.3992652551627103,-4.76868848639583,-0.0037957797453684883,-0.003795793170620499,-8.77509808001331e-05,0.004066324744334854,0.044066324744334855,-0.0005452441313498549
research_sigma_xl_cd,172.0,3.83706918619427,3.102226253175359,2.0640000000000014,2.5760760542250214,-0.07666458228634832,1.6584713493380123,-1.4437549038373465,-1.3092174259800435,2.0291195186000346,-2.700624654285451,-1.6950446671695676,0.03427916903793335,0.2,0.21169428053278297,0.8660000000000001,0.0179560000000015,0.7435023968125134,0.09351291195084604,0.04351291195084604,3.528924435306437,-8.43769498715119e-14,-3.530797363371363e-07,-2.946094151967671e-08,0.01614829745257866,0.015492815644178783,0.01606134191593922,0.00406134191593922,0.003926751714545151,0.012134590201394069,0.03155418396678478,0.0013245233928909155,0.0026022255645623544,0.00392674895745327,0.5359999999999999,0.5550258240427807,0.0,-0.00013459020139428013,-0.0,-0.0001345902013940685,-0.0,-0.0001345902013940685,0.51207605422502,0.21569276482654948,1.7730691861942685,1.8079496675942353,-0.37064816926202226,1.3914072283054075,-4.764624654285452,-0.003791686959250251,-0.003792161513151083,-8.695553663944089e-05,0.00406134191594032,0.04406134191594032,-0.0005484299650942784
research_sigma_xl_cd,173.0,3.8532146162064236,3.117711497003664,2.0760000000000014,2.592134905946522,-0.07273996753096745,1.6900154448876399,-1.427696052116024,-1.3010066051516191,2.0412537555661543,-2.6845658025639505,-1.685169891551426,0.034149524902143284,0.2,0.21234986032002054,0.8660000000000001,0.01795599999999831,0.7435023968125166,0.0935048161132423,0.04350481611324229,3.5292299767783284,9.370282327836321e-14,8.455379492122717e-07,7.071122967716725e-08,0.01614257069396567,0.015477699149074802,0.016056424366164723,0.004056424366164723,0.0039224737041128055,0.012133950662051918,0.03153414302928792,0.0013228446105315388,0.002599625777209624,0.003922470387741163,0.5359999999999999,0.5549513240604806,0.0,-0.00013395066205185158,-0.0,-0.0001339506620519175,-0.0,-0.0001339506620519175,0.5161349059465206,0.21975161654805436,1.7772146162064222,1.8119608606402693,-0.3512383106785144,1.3835591974123314,-4.760565802563952,-0.003788511801326999,-0.003788523042060888,-8.614632780094833e-05,0.0040564243661654065,0.04405642436616541,-0.000551608252923115
research_sigma_xl_cd,174.0,3.869354347681423,3.1331816905016585,2.0880000000000014,2.608188902957351,-0.0688196348781227,1.7215396353965882,-1.4116420551050703,-1.2927944495826975,2.0533874199241384,-2.6685118055531216,-1.6752899487627229,0.034020416490076616,0.2,0.21300640295692896,0.8660000000000001,0.01795600000000054,0.7435023968125144,0.09349679987157446,0.043496799871574454,3.5295325663903165,-3.108624468950438e-14,-3.3059826853865104e-07,-2.7709868011260852e-08,0.016136900239188526,0.015462714808796517,0.01605155165680383,0.0040515516568038305,0.003918236952124787,0.012133314704679155,0.031514292484771556,0.0013211832263880926,0.0025970510225323813,0.003918234248920474,0.5359999999999999,0.5548771518052417,0.0,-0.00013331470467903284,-0.0,-0.00013331470467915427,-0.0,-0.00013331470467915427,0.5201889029573494,0.2238056135588803,1.7813543476814218,1.8159669277572847,-0.33184778452755026,1.375717355970424,-4.756511805553123,-0.0037853330614341374,-0.003784922247445744,-8.5348582384695e-05,0.004051551656802488,0.04405155165680249,-0.0005547517852280345
research_sigma_xl_cd,175.0,3.8854884330678567,3.148636978659488,2.1000000000000014,2.6242380092601296,-0.06490349362671788,1.753044029857183,-1.395592948802305,-1.2845772712744874,2.0655203849755126,-2.652462699250343,-1.665401947078308,0.033891966425633156,0.2,0.2136635920564113,0.8660000000000001,0.0179560000000003,0.7435023968125146,0.09348885493677814,0.043488854936778135,3.5298325155780614,-1.7763568394002505e-14,2.3909972446389816e-08,2.0085746954556782e-09,0.016131280224805644,0.015447881585987084,0.01604670301680411,0.004046703016804109,0.00391405339832962,0.0121326496184746,0.031494607938227004,0.0013195481000892446,0.0025945024148468217,0.0039140505149360665,0.5359999999999999,0.5548033774410602,0.0,-0.00013264961847458956,-0.0,-0.00013264961847459997,-0.0,-0.00013264961847459997,0.5242380092601282,0.22785471986165934,1.7854884330678553,1.8199680480923441,-0.3124763551183296,1.3678854279758554,-4.752462699250344,-0.0037812297760566604,-0.003781403779855131,-8.457720800153501e-05,0.004046703016804598,0.0440467030168046,-0.0005578480800264643
research_sigma_xl_cd,176.0,3.9016169256061466,3.164077500344548,2.1120000000000014,2.640282308990959,-0.060991528081463464,1.7845288512730422,-1.3795486490715057,-1.2763569091348108,2.0776527191610876,-2.6364183995195134,-1.6555073212454907,0.03376410884605508,0.2,0.21432158385424788,0.8660000000000001,0.01795599999999976,0.7435023968125152,0.09348098417894998,0.04348098417894998,3.5301297145982473,1.2434497875801753e-14,1.740932842331233e-08,1.4657595692746384e-09,0.01612571268103942,0.01543318835911582,0.01604191838555158,0.004041918385551579,0.0039098979891190044,0.012132020396432575,0.031475129889907416,0.001317918453920259,0.0025919766721256283,0.003909895126045887,0.5359999999999999,0.5547299628456899,0.0,-0.0001320203964324529,-0.0,-0.00013202039643257432,-0.0,-0.00013202039643257432,0.5282823089909576,0.23189901959248949,1.7896169256061452,1.823964206445059,-0.29312386788804545,1.3600614903847026,-4.748418399519515,-0.003778044300833061,-0.00377787759268643,-8.379429548784068e-05,0.004041918385550902,0.0440419183855509,-0.0005609342066009229
research_sigma_xl_cd,177.0,3.917739875781893,3.1795034016681414,2.1240000000000014,2.656321846031233,-0.05708369764847987,1.8159942896369978,-1.3635091120311436,-1.2681333598761535,2.0897844257683778,-2.6203788624792397,-1.6456060635028311,0.033636840814152906,0.2,0.21498037717206445,0.8660000000000001,0.01795600000000134,0.7435023968125136,0.09347318696215225,0.043473186962152244,3.5304241860675902,-7.593925488436071e-14,-3.0950632079473905e-07,-2.611673483032817e-08,0.01612019715804608,0.015418634021023626,0.016037177170874717,0.004037177170874717,0.0039057827180708493,0.012131394452803868,0.0314558358296706,0.0013163048927299298,0.0025894751445001414,0.003905780037230071,0.5359999999999999,0.5546569060554579,0.0,-0.00013139445280391238,-0.0,-0.00013139445280386727,-0.0,-0.00013139445280386727,0.5323218460312313,0.23593855663276114,1.7937398757818914,1.8279554500135151,-0.2737901361313799,1.3522455026030862,-4.744378862479241,-0.003774855547196143,-0.003774388265266982,-8.301998717136216e-05,0.004037177170874345,0.044037177170874346,-0.0005639902087221024
research_sigma_xl_cd,178.0,3.9338573361697593,3.1949148176621067,2.1360000000000015,2.6723566633327085,-0.053179962645321766,1.8474405229323834,-1.3474742947297234,-1.259906620229203,2.1019155080666954,-2.604344045177764,-1.635698166251732,0.03351015940757359,0.2,0.21563997076719132,0.8660000000000001,0.01795600000000035,0.7435023968125146,0.09346546236868343,0.04346546236868343,3.5307159632751137,-2.042810365310288e-14,-9.171545298780615e-07,-7.756348155418813e-08,0.016114733006670448,0.015404217529669277,0.016032459233108476,0.004032459233108476,0.003901719301222295,0.01213073993188618,0.031436703706859914,0.0013147177146788083,0.00258699914584648,0.003901716860525288,0.5359999999999999,0.5545842051184414,0.0,-0.0001307399318862812,-0.0,-0.00013073993188618058,-0.0,-0.00013073993188618058,0.536356663332707,0.23997337393423818,1.7978573361697578,1.831941828103064,-0.254474985134312,1.3444374249485609,-4.740344045177766,-0.0037707416965317986,-0.0037709793693361145,-8.227377356197219e-05,0.004032459233110242,0.04403245923311024,-0.000566996864426815
research_sigma_xl_cd,179.0,3.9499693565873377,3.210311890615793,2.1480000000000015,2.6883867644974497,-0.04928025904603528,1.8788676970507177,-1.3314441935650754,-1.251674843269217,2.11404590563215,-2.5883139440130227,-1.625782185482886,0.03338412326809928,0.2,0.21630020381079942,0.8660000000000001,0.017955999999998674,0.7435023968125163,0.09345780606144387,0.043457806061443865,3.5310052087360297,7.283063041541027e-14,1.6583928785784963e-07,1.4056075525736844e-08,0.016109317158975137,0.015389947757957987,0.01602780377636215,0.004027803776362148,0.0038976831659263134,0.012130120610435835,0.031417773325185916,0.0013131348610179697,0.0025845454637765104,0.00389768032479448,0.5359999999999999,0.5545118934029926,0.0,-0.00013012061043593537,-0.0,-0.00013012061043583475,-0.0,-0.00013012061043583475,0.5403867644974483,0.24400347509898163,1.8019693565873363,1.8359234509551876,-0.23517820858143246,1.3366391007438057,-4.736313944013024,-0.0037675463207165194,-0.0037675625554904786,-8.151338261298824e-05,0.004027803776363248,0.04402780377636325,-0.0005699977149193833
research_sigma_xl_cd,180.0,3.9660759877066902,3.2256947567598466,2.1600000000000015,2.704412270885433,-0.04538459631346914,1.9102760695827552,-1.3154186871770914,-1.243441712870636,2.126175749287567,-2.5722884376250397,-1.615860987396844,0.03325860618065789,0.2,0.21696139388945365,0.8660000000000001,0.017955999999998692,0.7435023968125163,0.09345022462955774,0.043450224629557735,3.5312916722045316,7.194245199571014e-14,-8.846849819388325e-07,-7.514919808659926e-08,0.016103954275913768,0.015375803758298407,0.016025506387983057,0.004025506387983057,0.003895662732566141,0.012129843655416916,0.03140837253203754,0.001311456504763961,0.0025833228694671635,0.0038947793742311245,0.5359999999999999,0.5544398982259405,0.0,-0.00012984365541712783,-0.0,-0.0001298436554169162,-0.0,-0.0001298436554169162,0.5444122708854313,0.24802898148696467,1.8060759877066888,1.8399002384191232,-0.21589967970481183,1.3288467247544036,-4.732288437625041,-0.0037668696014190317,-0.0037658190771492246,-7.844788793071045e-05,0.004025506387983047,0.04402550638798305,-0.0005752817584253125
research_sigma_xl_substitutes,0.0,0.9200248718261719,0.0,0.0,0.007528849941626503,-0.37594471070254487,-4.934824452515175,-4.934824452515175,-3.27920364902043,-0.038385625338789614,-5.269171858568846,-3.777651917243813,0.037658234040959616,0.02115465307599559,0.16603077850009929,0.49640370897708075,0.0071377812340551305,0.7543206155784598,0.13250185331029696,0.08250185331029695,2.4905312020594588,1.3322676295501878e-15,3.713308791564174e-07,2.570808160795579e-08,0.04372793363973701,0.022736842105263156,0.023365673684177468,0.011365673684177468,0.010292603845457604,0.012359059464104358,0.07877204639487889,0.010351728477958776,0.00023884042870439792,0.010590568906663173,0.6558263824390829,0.6814900959697061,-0.0007140103746153259,-0.0010730698387197424,-0.0007024718491305822,-0.0003590594641043575,-0.0007024718491305822,-0.0010615313132349398,0.007528849941626503,-0.2744089318127093,0.9200248718261719,0.9584104971649615,-4.896438827176386,1.9899682095484161,-5.269171858568846,-0.00921964536988007,-0.00921953400673774,-0.020362259955559542,0.011050807990425182,0.05105080799042518,0.03145104531987177
research_sigma_xl_substitutes,1.0,0.9628379928602412,0.022678070639761835,0.012000000000000002,0.03089452362580397,-0.36565210685708727,-4.8560524061202965,-4.878730476760058,-3.27642329439031,-0.026026565874685256,-5.245806184884668,-3.771439063653618,0.03731263408043382,0.02185330935524569,0.1674608502119257,0.4962849374096083,0.0073752535300893336,0.7540831432824255,0.12994992516683124,0.07994992516683123,2.5394397078439415,-7.212286323721173e-14,2.5996773644898497e-07,1.8122053024871576e-08,0.041922774347934524,0.02262023972308477,0.02307695921630812,0.011076959216308118,0.010011887084721477,0.012346866713471327,0.07808709438416761,0.009760049519372855,0.00024422906050324146,0.010004278579876097,0.6553582827319854,0.6807592017227547,-0.0007182054181152919,-0.0010650721315865752,-0.0007183207661860043,-0.00034686671347132665,-0.0007183207661860043,-0.001065187479657331,0.018894523625803968,-0.26335812382228413,0.9508379928602412,0.9888645587349264,-4.830025840245611,1.9693828904943582,-5.257806184884668,-0.008946689499907734,-0.008946814953134836,-0.018845815131626406,0.0107602325563384,0.0507602325563384,0.029189692610492833
research_sigma_xl_substitutes,2.0,1.0039167703595528,0.045242272329639344,0.024000000000000004,0.05368276837424274,-0.3559209365331019,-4.77865026374684,-4.82389253607648,-3.2730970280202456,-0.01369189191184696,-5.22301794013623,-3.7648404475773756,0.03699039376499323,0.02255966780853989,0.16882191605852598,0.4961648564725482,0.007615456823725239,0.7538429399887897,0.1275946768386713,0.07759467683867129,2.5863147913078444,6.122879980807738e-14,6.22237333214315e-07,4.365650171922475e-08,0.04025674060205241,0.022509039298058288,0.022522311286099855,0.010522311286099855,0.009471935612195309,0.012323573835316518,0.07676656915447522,0.009217945033022843,0.00024714813638787694,0.00946509316941072,0.6548850225682782,0.6800399687897446,-0.0007268018385880315,-0.001050375673904591,-0.0007269062834937557,-0.00032357383531651795,-0.0007269062834937557,-0.0010504801188102736,0.029682768374242736,-0.2528884667000325,0.9799167703595528,1.0176086622713998,-4.764958371834993,1.9499209121159842,-5.24701794013623,-0.008421619646128864,-0.008421559938290763,-0.017734429315952552,0.010201771389417039,0.05020177138941704,0.027392905449254247
research_sigma_xl_substitutes,3.0,1.0433931586343612,0.06769779887916716,0.036000000000000004,0.07593914619800368,-0.34670823563269665,-4.702519267811346,-4.770217066690513,-3.269266533682568,-0.0013794182040522199,-5.2007615623124686,-3.7578873258310748,0.03668943156375239,0.02327411408791684,0.1701186332371393,0.49604340060505414,0.007858526071083578,0.7535998707414313,0.1254163047936,0.0754163047936,2.6312368279633764,-3.519406988061746e-14,1.4055206021268418e-07,9.921449106720104e-09,0.038715823962909554,0.02240281107945418,0.02201093773573143,0.010010937735731428,0.008972850285171724,0.012302281041749937,0.07554000041119657,0.008716469163982674,0.0002502063221949088,0.008966675486177583,0.6544063435610957,0.6793305970092288,-0.0007358064088097416,-0.0010380874505597493,-0.0007359009476320847,-0.00030228104174993657,-0.0007359009476320847,-0.0010381819893820212,0.03993914619800368,-0.24295458104345005,1.0073931586343612,1.0447725768384135,-4.701139849607294,1.9314950286299006,-5.236761562312468,-0.007934604029050663,-0.00793476283461202,-0.016704886227178126,0.009686403962306342,0.04968640396230634,0.025729900831293652
research_sigma_xl_substitutes,4.0,1.081386036116849,0.09004942765002165,0.04800000000000001,0.0977046438457056,-0.33797523596275847,-4.627570262924447,-4.717619690574469,-3.264966236078347,0.010912670171652913,-5.178996064664767,-3.7506050855635342,0.03640801864779824,0.02399702365480762,0.17135504061064327,0.4959205059786827,0.008104593053095502,0.7533538037594194,0.12339755062292221,0.0733975506229222,2.6742832279419617,-4.7531423241764514e-14,9.398484555056541e-07,6.672570124210964e-08,0.037287816337226595,0.022301197657901718,0.021538658018457557,0.009538658018457557,0.008510647468810528,0.01228280042104361,0.07439847447516312,0.008251655252340385,0.0002534005209338744,0.00850505577327426,0.6539219941512788,0.6786295515178891,-0.0007452101286034296,-0.001028010549646935,-0.0007452956498055129,-0.0002828004210436094,-0.0007452956498055129,-0.0010280960708491222,0.04970464384570559,-0.23351565877541983,1.033386036116849,1.0704733659451962,-4.6384829330961,1.9140298285864197,-5.226996064664767,-0.007482969537452311,-0.0074826369191635,-0.015749158318769038,0.009209953650826622,0.04920995365082662,0.024187596972095583
research_sigma_xl_substitutes,5.0,1.118002856598178,0.11230160109525478,0.06000000000000001,0.1190164622349188,-0.3296869406950756,-4.55372231886102,-4.666023919956275,-3.2602324727574725,0.023186182638035,-5.157684246275553,-3.7430208152002202,0.036144428182396694,0.024728761846501433,0.17253522852358366,0.4957961104860948,0.008353786396931977,0.753104610415583,0.12152332991354334,0.07152332991354333,2.7155279585802616,3.674838211509268e-14,-5.246845176110071e-07,-3.745377419317464e-08,0.03596204745259446,0.022203835508626358,0.0211017643084348,0.0091017643084348,0.008081868303555034,0.012264889519437695,0.07333415923215902,0.007820062117941732,0.00025672846256716026,0.008076790580508891,0.653431729562844,0.6779353138257287,-0.0007550064854420224,-0.0010198960048797001,-0.0007550837134328244,-0.00026488951943769504,-0.0007550837134328244,-0.0010199732328705193,0.059016462234918785,-0.2245346737417968,1.058002856598178,1.094816673960143,-4.576908501499055,1.897451773518081,-5.217684246275553,-0.007062190253511513,-0.007061972298675268,-0.014860283144159658,0.008768715455494472,0.04876871545549447,0.022754614458048862
research_sigma_xl_substitutes,6.0,1.1533410642375714,0.13445843013987654,0.07200000000000001,0.1399081724625752,-0.3218114993556484,-4.480901944460129,-4.615360374600005,-3.25509061658537,0.035442449210528304,-5.136792536047897,-3.7351526855223036,0.035897392566495094,0.02546968865725922,0.17366240774107156,0.49567015292826594,0.008606233204271712,0.7528521636082433,0.11978036363457074,0.06978036363457074,2.7550425627924553,4.413136522884997e-15,5.039387835914511e-07,3.61585561770017e-08,0.034729124111143,0.022110460289312687,0.02069703316627701,0.00869703316627701,0.007683458037229224,0.012248385305502301,0.07234016461071802,0.0074186438058614305,0.00026018821465997806,0.007678832020521408,0.6529353085996363,0.6772466992261194,-0.0007651898235455645,-0.0010135751290478723,-0.0007652594548822884,-0.0002483853055023008,-0.0007652594548822884,-0.0010136447603845892,0.06790817246257519,-0.21597822786443088,1.0813410642375714,1.1178986150270431,-4.516344393670657,1.8817019194625275,-5.2087925360478975,-0.006669568185708741,-0.006669882908181438,-0.014032090944865988,0.008359468386252483,0.048359468386252484,0.021420895248318257
research_sigma_xl_substitutes,7.0,1.1874892847681147,0.156523744649822,0.084,0.16041052856747282,-0.31432002462061714,-4.409041989639584,-4.565565734289406,-3.24957160912889,0.0476829532490396,-5.116290179942999,-3.727023566355142,0.03566549411072828,0.026220155609356505,0.17474012106333567,0.4955425735464094,0.008862057987339342,0.7525963388251756,0.1181569586050864,0.0681569586050864,2.7928951785476497,-6.150635556423367e-14,1.0476042788809536e-07,7.55354157000454e-09,0.0335807748988675,0.022020769063154023,0.020321660952833012,0.008321660952833012,0.0073127016364693265,0.012233203812388033,0.07141043410352887,0.007044698458538225,0.0002637781517499545,0.00730847661028818,0.652432495741731,0.676562429071314,-0.0007757555039757114,-0.001008959316363689,-0.0007758180933822191,-0.00023320381238803312,-0.0007758180933822191,-0.0010090219057702523,0.07641052856747281,-0.20781573696929184,1.1034892847681146,1.139806331519075,-4.4567249428886235,1.8667185708141094,-5.200290179942999,-0.006304233626576838,-0.006303742320105641,-0.01325911394603449,0.007979410805353776,0.04797941080535378,0.020177547799732624
research_sigma_xl_substitutes,8.0,1.2205283492266965,0.17850111736999066,0.096,0.18055149436824122,-0.30718609608270975,-4.338081076253071,-4.516582193623062,-3.2436990838385236,0.05990885683530437,-5.0961492141422315,-3.7186504210165072,0.03544762287946933,0.02698051083120355,0.17577130697710816,0.4954133131586954,0.009121384401634259,0.7523370124108807,0.11664274472799195,0.06664274472799195,2.8291515324810983,-3.194666753358888e-14,-4.786741587547994e-07,-3.4674142668222885e-08,0.03250966431253996,0.021934525258963392,0.01997307420107243,0.00797307420107243,0.006967241978138583,0.012219131096062406,0.07053953809732905,0.006695875961437593,0.00026749744337223856,0.006963373404809832,0.6519230577430936,0.6758814484385737,-0.0007867011268713753,-0.0010058322229337946,-0.000786757186388937,-0.00021913109606240544,-0.000786757186388937,-0.0010058882824513424,0.08455149436824122,-0.20001940625372333,1.1245283492266964,1.1606194923913922,-4.397989933088375,1.852450130303708,-5.192149214142232,-0.005961632148566487,-0.005961409755204736,-0.01253659011146753,0.007625970259911685,0.047625970259911686,0.019016774468080262
research_sigma_xl_substitutes,9.0,1.2525321748087381,0.200393879582452,0.108,0.20035667696961768,-0.30038554066434,-4.267962913444926,-4.468356793027378,-3.237494873426023,0.07212121544116441,-5.076344031540855,-3.7100488400815355,0.03524277013103282,0.027751098300996667,0.1767587058548527,0.4952823132888306,0.009384334992576335,0.7520740618199386,0.11522850496906602,0.06522850496906601,2.863874699134481,-2.3897550605056495e-14,-3.4002629512031035e-07,-2.4739475690260804e-08,0.03150927249186958,0.021851512387093316,0.01964906551473257,0.007649065514732569,0.006644944467393776,0.012206096771077538,0.0697226859882325,0.006370047987861374,0.0002713452486215631,0.006641393236482936,0.6514067641383322,0.6752027805241801,-0.0007980242762611889,-0.001004121047338824,-0.0007980742606516563,-0.000206096771077538,-0.0007980742606516563,-0.0010041710317291942,0.09235667696961768,-0.19256379644946847,1.144532174808738,1.1804109593675738,-4.34008412888609,1.838849158114832,-5.184344031540855,-0.005640880462809195,-0.0056408234200549835,-0.011860206977137008,0.007296940375233624,0.047296940375233625,0.01793156459383239
research_sigma_xl_substitutes,10.0,1.2835685198201545,0.22220515587573803,0.12,0.21984962539770636,-0.2938962071479222,-4.198635704276606,-4.420840860152344,-3.230980844764142,0.08432105037745945,-5.056851083112766,-3.7012345376969003,0.0350499586668701,0.028532258516737467,0.17770500172386183,0.4951495160521546,0.009651031428601079,0.7518073653839138,0.11390602428303431,0.06390602428303431,2.897125082515515,-1.1379786002407855e-14,-5.927596671284618e-07,-4.3308784197781947e-08,0.030573788354225584,0.021771518511999207,0.01934764350491336,0.007347643504913359,0.006343917907435798,0.012194001774412627,0.06895558765138698,0.006065329571338276,0.00027532116115051055,0.006340650732488786,0.6508833867937859,0.6745254768781146,-0.0008097238230649062,-0.001003725597477495,-0.0008097681210309134,-0.00019400177441262698,-0.0008097681210309134,-0.0010037698954435403,0.09984962539770637,-0.18542552550325608,1.1635685198201546,1.1992474694426951,-4.282956754654066,1.8258702383486245,-5.1768510831127665,-0.005340170283692824,-0.005340192309958237,-0.011226144849312225,0.006990330216455509,0.04699033021645551,0.0169156940665788
research_sigma_xl_substitutes,11.0,1.3136996438581314,0.24393787091799776,0.132,0.2390519639794444,-0.2876977048494684,-4.130051738142152,-4.37398960906015,-3.2241752139934086,0.09650921898998967,-5.037648744531028,-3.692220328365545,0.034868368272160964,0.029324330269070487,0.17861255208441804,0.495014863854258,0.009921595111917267,0.7515368017005977,0.11266794744235387,0.06266794744235386,2.928960786907415,-6.13398221105399e-15,-2.9597376460799296e-07,-2.1711172554228497e-08,0.02969800902687958,0.021694365430558332,0.019067023710859887,0.007067023710859887,0.0060624727861949,0.012182751416815553,0.0682343964440153,0.005780035011321129,0.0002794250816533923,0.006059460092974521,0.6503526987197228,0.6738487034721065,-0.0008217995078494411,-0.0010045509246649764,-0.0008218384754511539,-0.00018275141681555265,-0.0008218384754511539,-0.0010045898922667064,0.10705196397944439,-0.17858313601655745,1.1816996438581313,1.2171904248681418,-4.226560957132142,1.8134735305376193,-5.1696487445310275,-0.005057688951836781,-0.005057921861529913,-0.010630985316019692,0.006704355393284955,0.046704355393284956,0.015963592049068907
research_sigma_xl_substitutes,12.0,1.34298287691758,0.2655947778823587,0.14400000000000002,0.25798367281942614,-0.2817712615755324,-4.062166911388576,-4.327761689270934,-3.2170962226678155,0.10868655321109055,-5.018717035691046,-3.6830191336584694,0.03469720222963884,0.030127650488933337,0.17948366544249136,0.4948782994168814,0.010196147133194736,0.7512622496793202,0.11150767809438684,0.06150767809438684,2.9594374633168132,-3.602673714908633e-14,-1.269402813974807e-07,-9.347202067910843e-09,0.028877268443004117,0.021619878435863816,0.018805624164345613,0.006805624164345613,0.005799084084171707,0.012172288497308913,0.06755566669985358,0.005512643382079418,0.0002836570804350547,0.005796300462514473,0.6498144741724147,0.6731716469416066,-0.0008342515828650976,-0.001006540080174062,-0.0008342855306913374,-0.0001722884973089124,-0.0008342855306913374,-0.0010065740280002498,0.11398367281942612,-0.17201681471668617,1.1989828769175799,1.2342963237064895,-4.170853464599666,1.8016208130232307,-5.162717035691046,-0.004792539993902167,-0.004792544003997801,-0.010071644278658504,0.006437433782229635,0.046437433782229635,0.015070244312157206
research_sigma_xl_substitutes,13.0,1.3714711211315227,0.2871784642232174,0.15600000000000003,0.2766632123081356,-0.27609953668112497,-3.9949404047424446,-4.282118868965662,-3.209760293981213,0.12085379598460749,-5.000037496202337,-3.6736424688217597,0.0345357488118737,0.030942555314692758,0.18032046711987237,0.4947397655965022,0.010474808643401815,0.7509835881691131,0.11041927882517963,0.060419278825179626,2.988608542920024,-7.210898544940392e-14,-2.8795357320809956e-07,-2.128048937066751e-08,0.028107366649714513,0.021547900740900405,0.018561998982521644,0.006561998982521643,0.005552391889588393,0.012162525807360963,0.06691627699970981,0.005261797477976672,0.00028801756574255036,0.005549815043719222,0.6492684879391557,0.6724935564834725,-0.0008470812855723153,-0.0010096070929331846,-0.0008471104874780893,-0.00016252580736096298,-0.0008471104874780893,-0.0010096362948390524,0.12066321230813559,-0.16570826845209818,1.2154711211315226,1.2506173251469153,-4.115794200727052,1.790277202221124,-5.1560374962023365,-0.004542903269787457,-0.004542784796655142,-0.00954536766719287,0.006188118910400525,0.046188118910400526,0.0142311599147791
research_sigma_xl_substitutes,14.0,1.399213287638325,0.30869136933193775,0.16800000000000004,0.2951076707844694,-0.2706664777963556,-3.928334357389156,-4.237025726721094,-3.2021820292073904,0.13301160482581248,-4.981593037726003,-3.6641004388826732,0.03438337799475406,0.031769380850525074,0.18112490118202115,0.49459920525541073,0.010757701121367171,0.7507006956911477,0.10939739058061612,0.05939739058061612,3.01652533253816,8.992806499463768e-15,-3.638865457844531e-07,-2.698558604352641e-08,0.02738451280895067,0.021478292954142417,0.01833484121099352,0.006334841210993519,0.005321171151552007,0.012153379488436422,0.06631340701588662,0.005026273995769702,0.0002925071920370628,0.005318781187806765,0.6487145148301482,0.6718137406158113,-0.0008602905710050623,-0.0010136700594415016,-0.0008603152706972435,-0.00015337948843642188,-0.0008603152706972435,-0.0010136947591336655,0.12710767078446938,-0.15964057689588512,1.231213287638325,1.2662016828125124,-4.061345962214968,1.7794110085186126,-5.149593037726003,-0.004306955289395509,-0.004307501092110495,-0.009049671597957151,0.005955102916587851,0.04595510291658785,0.013442287664028267
research_sigma_xl_substitutes,15.0,1.4262546822745186,0.3301357944726915,0.18000000000000005,0.31333289473012266,-0.26545719437802096,-3.8623135907106714,-4.192449385183362,-3.194374204560004,0.14516055496148034,-4.96336781378035,-3.6544017353927156,0.03423953855571719,0.03260846370328448,0.1818987321187751,0.4944565611704416,0.01104494656659038,0.7504134502459245,0.10843716349455595,0.05843716349455595,3.043237109541025,-4.551914400963142e-14,8.036518566179041e-07,5.979634501440678e-08,0.02670527626732616,0.021410932645129093,0.01812303018919606,0.00612303018919606,0.005104282942181931,0.012144866207899133,0.06574453809457181,0.00480493531961092,0.00029712650238816903,0.005102061821999089,0.6481523293187993,0.6711315643938203,-0.0008738810391151208,-0.0010187472470143122,-0.000873901477612262,-0.00014486620789913238,-0.000873901477612262,-0.0010187676855113945,0.1333328947301226,-0.15379806261892248,1.2462546822745186,1.2810941273130383,-4.007474145672152,1.7689936092203458,-5.143367813780349,-0.004085633059679017,-0.004085535695167803,-0.008582246078130101,0.005737264390103081,0.04573726439010308,0.01269989910445287
research_sigma_xl_substitutes,16.0,1.4526373436231101,0.3515139220226855,0.19200000000000006,0.33135373116286154,-0.26045791191199175,-3.7968452812000124,-4.148359203222698,-3.1863532953267484,0.15730133724161074,-4.945346977347611,-3.644558127899674,0.0341035670249288,0.03346013965720002,0.18264396836064253,0.494311776258276,0.011336667054897427,0.7501217297576175,0.10753421134414116,0.05753421134414116,3.068790814338172,1.9984014443252818e-14,-5.586155684689231e-07,-4.1696507940836014e-08,0.026066554339144954,0.02134567069956591,0.01792546777384077,0.0059254677738407695,0.004900737443283176,0.012136874163652375,0.06520733423506608,0.004596794457912551,0.0003018766509624312,0.004898671108874982,0.6475817064296758,0.6704463173500396,-0.0008878561669052321,-0.0010247303305576105,-0.0008878725028306801,-0.000136874163652375,-0.0008878725028306801,-0.0010247466664830552,0.13935373116286148,-0.14816604811567896,1.26063734362311,1.2953360063814994,-3.954146618441623,1.7589936820208623,-5.137346977347611,-0.0038761873597852325,-0.003876007112725583,-0.008141086565304184,0.005533503608825763,0.045533503608825764,0.012000707735315398
research_sigma_xl_substitutes,17.0,1.4784003478535528,0.3728278079601798,0.20400000000000007,0.3491838302778042,-0.2556557194914546,-3.731898922240539,-4.104726730200719,-3.1781265792795743,0.1694343032887851,-4.927516878232669,-3.6345739664074923,0.033975127055368017,0.03432474852087512,0.1833618822082193,0.49416479275145125,0.011632986408813242,0.7498254104037017,0.10668452733613433,0.05668452733613433,3.0932320575434384,2.2426505097428162e-14,4.43157737839428e-07,3.317928445878415e-08,0.025465512736121423,0.021282432223685522,0.017741193963067975,0.005741193963067975,0.004709616413267226,0.012129358289465542,0.06469968997239861,0.0044009309673964415,0.0003067587804948641,0.0047076897478913055,0.6470024184910136,0.6697575151650331,-0.000902219260335152,-0.001031577549800683,-0.0009022317073378357,-0.00012935828946554137,-0.0009022317073378357,-0.0010315899968033771,0.14518383027780413,-0.14273105540127096,1.2744003478535526,1.3089660445647677,-3.9013332255293243,1.7493902989530943,-5.131516878232668,-0.0036777095816282745,-0.003678038863466477,-0.0077243187730534485,0.00534285906746948,0.04534285906746948,0.011341668268664847
research_sigma_xl_substitutes,18.0,1.5035800715035763,0.39407941018322934,0.21600000000000008,0.3668361190889975,-0.2510386790854573,-3.667445901255215,-4.061525311438444,-3.169708714490005,0.18156005382054183,-4.909864589421475,-3.624459664875666,0.03385364127561439,0.03520262883287557,0.1840542759702261,0.4940155530984111,0.011934028395254023,0.7495243684172609,0.10588448143270145,0.055884481432701444,3.1166040153839063,4.785061236134425e-14,9.994810823421574e-08,7.505018301268152e-09,0.024899583675717304,0.02122108640466677,0.017569376688466115,0.005569376688466115,0.004530062633158041,0.01212234058319489,0.0642197091985286,0.004216490220532397,0.0003117739361909658,0.004528264156723362,0.6464142386819732,0.6690645085444834,-0.000916973472113114,-0.0010393140553079105,-0.0009169821652675465,-0.00012234058319489025,-0.0009169821652675465,-0.0010393227484624366,0.1508361190889974,-0.13748032998074,1.2875800715035761,1.3220200176830346,-3.849005955075757,1.74015587493147,-5.125864589421475,-0.003491131401668346,-0.0034907485778499676,-0.007330206987251189,0.005164497261680917,0.04516449726168092,0.010719984171020526
research_sigma_xl_substitutes,19.0,1.5282104329753339,0.41527058059219013,0.2280000000000001,0.3843225836547364,-0.24659559422513852,-3.603459503843482,-4.018730084435672,-3.161108842082911,0.19367898445517487,-4.892378124855736,-3.614221209455458,0.03373873004292544,0.03609412273230574,0.18472249959938536,0.49386399913550805,0.012239918406076354,0.7492184784064386,0.10513074911197054,0.05513074911197054,3.1389484312389926,-5.129230373768223e-14,-3.224898990072944e-07,-2.428350640015786e-08,0.024366415488445606,0.021161547220431627,0.01740917458634242,0.005409174586342418,0.004361336500634153,0.012115714261250937,0.06376561374217204,0.004042731404974241,0.00031692382786585555,0.004359655232840097,0.6458169377693551,0.6683667842736211,-0.0009321238244572871,-0.001047838085708186,-0.0009321289054878105,-0.00011571426125093695,-0.0009321289054878105,-0.0010478431667387475,0.15632258365473634,-0.13240206087790912,1.3002104329753337,1.334531448520159,-3.797138488298657,1.7312692827728253,-5.120378124855736,-0.003313698580545976,-0.003313498414925887,-0.006957240902103187,0.004997574566332791,0.04499757456633279,0.010133174545637745
research_sigma_xl_substitutes,20.0,1.5523231024522515,0.4364030833342072,0.2400000000000001,0.40165446826168233,-0.242316006084189,-3.539914673770871,-3.976317757105078,-3.152336111651097,0.2057914823430437,-4.87504624024879,-3.603864649980872,0.03363002157630404,0.036999574567394264,0.18536787411645833,0.49371007232354297,0.01255078299429616,0.7489076138182188,0.10442029157107309,0.05442029157107309,3.160305291576277,2.19824158875781e-14,-3.0038313214575396e-07,-2.267992257887208e-08,0.0238638586140814,0.02110372995925022,0.017259877913290644,0.005259877913290644,0.004202732075740623,0.01210947118873465,0.06333580341505196,0.0038789478503644275,0.00032220992483369563,0.004201157775198123,0.6452102850398458,0.6676638341893516,-0.0009476746488154553,-0.0010571458375501497,-0.0009476762495108696,-0.00010947118873464931,-0.0009476762495108696,-0.001057147438245519,0.16165446826168223,-0.12748518084807442,1.3123231024522513,1.3465316201092077,-3.745706156113915,1.7227101285976931,-5.11504624024879,-0.00314541925315992,-0.0031455862381906015,-0.006603980700790754,0.0048413792814113454,0.044841379281411346,0.009578912289661741
research_sigma_xl_substitutes,21.0,1.5759476947173086,0.4574785890766293,0.2520000000000001,0.4188423394813177,-0.23819013007365727,-3.476787897013378,-3.9342664860900074,-3.143399680589231,0.21789792683264417,-4.857858369029155,-3.5933960944045835,0.03352715134229787,0.03791933080994455,0.1859916940686413,0.4935537137623094,0.012866749857760299,0.7485916469547547,0.10375032578731072,0.05375032578731072,3.1807129037503317,5.162537064506978e-14,1.148016237628724e-08,8.690413111356321e-10,0.02338994442380725,0.0210475512496477,0.017120837341906198,0.005120837341906197,0.004053602669543022,0.012103603874984686,0.06292881661400984,0.003724492381111446,0.0003276338694072734,0.004052126250518719,0.644594048357337,0.6669551547698308,-0.0009636307973784897,-0.0010672346723631931,-0.0009636290276684514,-0.00010360387498468612,-0.0009636290276684514,-0.0010672329026531376,0.1668423394813176,-0.12271930231508643,1.3239476947173086,1.3580497678846644,-3.6946858238460223,1.7144586884399242,-5.109858369029155,-0.002986300910171602,-0.002986367997179846,-0.006269107081901051,0.004695259892891934,0.044695259892891935,0.009055065894418783
research_sigma_xl_substitutes,22.0,1.5991119356472776,0.4784986998970742,0.2640000000000001,0.4358961429454947,-0.23420880074510295,-3.4140570405428514,-3.8925557404399256,-3.13430871347144,0.22999869009301308,-4.840804565564977,-3.582821703937903,0.0334297614804315,0.038853740997273255,0.1865952296798725,0.49339486403046356,0.013187948176368642,0.7482704486361463,0.10311829885657169,0.05311829885657168,3.2002079520241162,2.831068712794149e-15,-1.6620911580389475e-07,-1.2613398187033553e-08,0.02294286706795995,0.020992928860704103,0.01699143718251031,0.00499143718251031,0.003913365558623885,0.012098073637628284,0.06254330312345768,0.0035787818320094497,0.00033319759976837264,0.003911979431777822,0.6439679935318269,0.666240246045802,-0.0009799979862580577,-0.0010780716238862897,-0.0009799929404952137,-9.807363762828411e-05,-0.0009799929404952137,-0.0010780665781234978,0.1718961429454946,-0.11809466106229055,1.3351119356472774,1.3691132455542645,-3.6440557306358645,1.7064958520935374,-5.104804565564978,-0.002835428559637254,-0.00283529393473746,-0.005951429885449638,0.004558598142900855,0.044558598142900856,0.008559700713670827
research_sigma_xl_substitutes,23.0,1.6218418192246629,0.4994649385499394,0.27600000000000013,0.45282521384633834,-0.2303633989564095,-3.3517012907664627,-3.851166229316402,-3.1250705377085053,0.24209407410790074,-4.823875494664134,-3.5721461976227107,0.03333756173328947,0.039803158296576026,0.1871795854404913,0.4932334630895821,0.013514508820995412,0.7479438879915196,0.10252186050743249,0.05252186050743249,3.2188257057242553,7.827072323607354e-15,-2.577696376349081e-07,-1.960897383357363e-08,0.02252096403331033,0.020939795814475394,0.016871111118016008,0.004871111118016008,0.003781486139823889,0.012092842687928637,0.0621780167543895,0.0034412800439759593,0.000338903178985414,0.003780183222961373,0.643331883941294,0.6655186531244873,-0.0009967822902634538,-0.0010896249781921497,-0.000996774055839453,-9.28426879286369e-05,-0.000996774055839453,-0.00108961674376809,0.1768252138463382,-0.11360210602928472,1.3458418192246628,1.3797477451167621,-3.5937953648743637,1.6988049569556285,-5.099875494664134,-0.0026918863159777207,-0.0026918611616317707,-0.005649852915294323,0.00443082498767694,0.04443082498767694,0.008091035519755548
research_sigma_xl_substitutes,24.0,1.6441617432118276,0.5203787659309613,0.28800000000000014,0.46963836518152674,-0.22664582846545517,-3.2897010070340724,-3.8100797729650338,-3.1156924861033954,0.25418437546887035,-4.807062343328946,-3.5613743428535027,0.03325026685815208,0.04076793946283008,0.18774584393718072,0.4930694502913189,0.013846564354796188,0.7476118324577188,0.10195884754471192,0.05195884754471192,3.2365999415135147,1.509903313490213e-14,-2.165178072388585e-07,-1.6509195621683403e-08,0.02212270513888863,0.020888086018645634,0.01675935816212215,0.004759358162122151,0.0036574627626091982,0.012087905841041885,0.061831809319158326,0.0033114837682894256,0.0003447525957589213,0.003656236364048347,0.6426854805599038,0.6647899229009714,-0.0010139895584710956,-0.0011018953995129699,-0.001013978222820357,-8.790584104188467e-05,-0.001013978222820357,-0.0011018840638622417,0.1816383651815266,-0.10923301108693667,1.3561617432118274,1.3899773677429572,-3.5438853825029426,1.6913698572255504,-5.095062343328946,-0.002555679364036223,-0.0025555673630962457,-0.005363346976766478,0.004311436813988129,0.04431143681398813,0.007647410730723787
research_sigma_xl_substitutes,25.0,1.6660946388626803,0.541241563323352,0.30000000000000016,0.48634393017058264,-0.2230484734311911,-3.228037672128146,-3.7692792354514983,-3.1061818964365777,0.2662698857899845,-4.7903567783398895,-3.5505109513864994,0.03316759624348912,0.04174844427333769,0.1882950676108121,0.4929027644735326,0.014184248854621325,0.7472741479578936,0.10142726552265695,0.051427265522656945,3.2535630168032506,4.796163466380676e-14,-4.817715177907189e-07,-3.681699059510102e-08,0.021746679572132457,0.02083773439138223,0.016655696720279584,0.004655696720279583,0.0035408432308351723,0.012083226757397314,0.06150362379143637,0.0031889394288625974,0.00035074819756210644,0.003539687626424704,0.6420285423368637,0.6640536041638024,-0.0010316267320471806,-0.0011148534894444007,-0.0010316123457709014,-8.322675739731375e-05,-0.0010316123457709014,-0.0011148391031682151,0.18634393017058248,-0.10497923240130846,1.36609463886268,1.3998247530726957,-3.4943075579181304,1.6841748819033118,-5.090356778339889,-0.002425890369067485,-0.002425989741390761,-0.005090982851852874,0.004199948918035407,0.04419994891803541,0.007227316604621538
research_sigma_xl_substitutes,26.0,1.6876620763747383,0.5620546729330584,0.31200000000000017,0.5029497586220859,-0.21956414200378482,-3.1666937594511997,-3.728748432384258,-3.0965442668415304,0.278350828983665,-4.773750949888386,-3.539559387655867,0.033089334573643284,0.042745038005516975,0.18882815589026106,0.4927333435390621,0.014527698781268408,0.7469306980312466,0.10092526946696784,0.050925269466967835,3.269746038260584,-6.972200594645983e-14,-1.777316094297987e-08,-1.361176032999012e-09,0.021391582252211577,0.02078869047905551,0.016559702273839683,0.004559702273839682,0.003431200445738719,0.012078801242236759,0.06119248928562637,0.0030732177332916904,0.0003568922985409849,0.0034301100318326755,0.6413608245363035,0.6633092874753813,-0.0010497005858642328,-0.0011285018281010084,-0.0010496832310028968,-7.88012422367583e-05,-0.0010496832310028968,-0.001128484473239655,0.19094975862208574,-0.10083311325086586,1.3756620763747383,1.4093112473910734,-3.4450445884348646,1.677206683046856,-5.085750949888387,-0.002302523525829825,-0.0023026986176377558,-0.004831879978371895,0.004095933745582286,0.04409593374558229,0.006829335721385547
research_sigma_xl_substitutes,27.0,1.7088843761746983,0.5828193613419226,0.3240000000000002,0.519463334718262,-0.21618607253971367,-3.1056526935568933,-3.688472054898816,-3.0867869434882373,0.290427488274458,-4.7572373737922105,-3.528524544371677,0.03301520904660257,0.043758088449448736,0.18934613453975335,0.4925611249635937,0.01487705196827769,0.7465813448442372,0.10045115736576646,0.050451157365766455,3.2851786744317124,-9.181544413650045e-14,-1.3158790146405863e-07,-1.0098988451057167e-08,0.02105620922572919,0.020740890752332552,0.01647098354271087,0.004470983542710871,0.0033281399179111437,0.012074625567918829,0.06089749740952177,0.00296392260707742,0.00036318724254816347,0.0033271098496255834,0.6406820807388692,0.6625565228458139,-0.0010682180568808153,-0.0011428436247996332,-0.0010681977722004808,-7.462556791882832e-05,-0.0010681977722004808,-0.001142823340119309,0.19546333471826183,-0.09678736491014389,1.384884376174698,1.4184568879002404,-3.3960801818313513,1.670450430303973,-5.08123737379221,-0.0021855825619638836,-0.002185296293111417,-0.004585225683018321,0.00399899690959038,0.04399899690959038,0.0064521604561760745
research_sigma_xl_substitutes,28.0,1.7297806958655555,0.6035368528427882,0.3360000000000002,0.5358917257075076,-0.21290786216796254,-3.044898764632156,-3.648435617474944,-3.076915431965458,0.30250008011950263,-4.740808982802965,-3.517409862165957,0.03294501128863568,0.04478796900356273,0.18984986852647984,0.49238604526939433,0.01523244870706721,0.7462259481054477,0.10000334988754615,0.05000334988754615,3.2998894574140296,3.097522238704187e-14,-5.903108657445699e-07,-4.539694509198e-08,0.02073944331979337,0.020694286245215462,0.016389138329389485,0.004389138329389485,0.003231317046683002,0.012070633444683843,0.060617807247665745,0.0028607072587861436,0.0003696359836347494,0.003230343242420893,0.639992060767613,0.6617949012603983,-0.0010871878380226685,-0.0011578212827064727,-0.001087164657749263,-7.063344468384233e-05,-0.001087164657749263,-0.0011577981024331054,0.19989172570750746,-0.0928351194316851,1.3937806958655554,1.427280615746053,-3.347398844751659,1.6638935508375066,-5.076808982802965,-0.002073226418597418,-0.002073495763976519,-0.004350304990403883,0.003908732330122705,0.043908732330122706,0.006094617557423444
research_sigma_xl_substitutes,29.0,1.7503691168928863,0.6242083253279145,0.3480000000000002,0.552241611377041,-0.20972343844634767,-2.984417079061562,-3.6086254043894765,-3.066933396325432,0.3145687551638257,-4.7244590971334315,-3.5062173308097444,0.03287859646392865,0.04583505872720281,0.19034006179910984,0.4922080400163755,0.015594031785722523,0.7458643650267924,0.09958037917453944,0.04958037917453943,3.3139058390367526,9.892087149410145e-14,4.0710285675871205e-07,3.1369455782970235e-08,0.02044024621477321,0.020648842387277908,0.016313853497751496,0.004313853497751496,0.003140382902784372,0.01206685336294172,0.060352652592827294,0.002763219641104391,0.00037624101537659396,0.0031394606564809848,0.639290510652774,0.6610240537696155,-0.0011066172320254586,-0.0011734705949671964,-0.0011065912216958647,-6.685336294172048e-05,-0.0011065912216958647,-0.0011734445846375851,0.20424161137704078,-0.08896990024989848,1.4023691168928862,1.4358003617290607,-3.2989858342253875,1.6575257008079993,-5.072459097133431,-0.0019663802796363594,-0.0019669123078172486,-0.004126392717021712,0.0038248236033391336,0.043824823603339134,0.005755555571200298
research_sigma_xl_substitutes,30.0,1.7706667240695955,0.6448349039695422,0.3600000000000002,0.5685194327030106,-0.2066270963623938,-2.9241934594465016,-3.569028363416044,-3.056848192524731,0.3266337868453861,-4.708181275807462,-3.4949519453828715,0.032815700887703324,0.04689973940749513,0.19081769375339183,0.4920270443007258,0.015961945496395746,0.7454964513161192,0.0991808908420291,0.049180890842029104,3.3272538409199135,-3.497202527569243e-14,4.73745496165634e-07,3.657464225925722e-08,0.02015765985855303,0.020604497558042605,0.016244820642412394,0.004244820642412394,0.003055023603212248,0.012063282670398856,0.06010131241668781,0.002671144472090877,0.00038300508304757675,0.003054149555138454,0.6385771745969782,0.6602435287494622,-0.001126514368801207,-0.0011897970392001356,-0.0011264855383752257,-6.32826703988558e-05,-0.0011264855383752257,-0.0011897682087740815,0.20851943270301043,-0.08518547222500683,1.4106667240695954,1.4440329372242093,-3.2508272462918875,1.651333083282731,-5.068181275807462,-0.0018650467973744256,-0.001865226564012102,-0.0039128392161406345,0.0037469586912493302,0.04374695869124933,0.005433932150779773
research_sigma_xl_substitutes,31.0,1.790689674462895,0.6654176733366625,0.3720000000000002,0.5847312526618658,-0.20361339123992317,-2.864214454228186,-3.529632127564849,-3.046663489920181,0.3386953205046234,-4.691969455848607,-3.4836157590273262,0.032756184667515426,0.04798239984133352,0.1912834398043923,0.4918429920269733,0.016336337134952493,0.7451220596775624,0.09880361890335668,0.048803618903356674,3.3399586337296485,9.814371537686384e-14,7.66636132576437e-07,5.9297030702287756e-08,0.019890788729217096,0.020561218298751408,0.016181733906181772,0.004181733906181772,0.0029749581078599707,0.012059887496727761,0.05986311096792685,0.0025841974067214806,0.0003899312749909479,0.0029741286817124286,0.6378517921063065,0.6594529548757554,-0.00114688830159404,-0.001206775798321763,-0.001146856691149847,-5.988749672776114e-05,-0.001146856691149847,-0.001206744187877608,0.21273125266186554,-0.08147598286739982,1.418689674462895,1.4519943539582716,-3.2029097747328095,1.6453059659284262,-5.063969455848607,-0.001768306167823086,-0.0017681823095381695,-0.0037090548230353237,0.0036748276968097127,0.043674827696809713,0.005128791206546961
research_sigma_xl_substitutes,32.0,1.8104532632164934,0.6859576755966051,0.38400000000000023,0.6008829005153742,-0.20067718014667385,-2.804467237510648,-3.490424913107253,-3.036384804860377,0.3507535618388416,-4.675817807995099,-3.4722123387210786,0.032699849456693186,0.04908343307557003,0.19173810795690271,0.49165581637715305,0.016717356069857494,0.7447410407426575,0.09844738979768483,0.04844738979768483,3.352044179923606,8.304468224196171e-14,2.2602892668643904e-07,1.7514371314364396e-08,0.019638802684170883,0.02051895787007291,0.01612432913888384,0.004124329138883841,0.0028999154481774148,0.012056665743930217,0.05963742745211831,0.00250210519027942,0.0003970226126080442,0.002899127802887464,0.637114099839368,0.6586519184159311,-0.0011677479467762375,-0.0012244136907063607,-0.0011677135664942477,-5.666574393021692e-05,-0.0011677135664942477,-0.0012243793104244646,0.21688290051537396,-0.0778358168313874,1.426453263216493,1.4596997013776518,-3.1552207993494896,1.6394330031347217,-5.059817807995099,-0.0016761604889801163,-0.001675501757470988,-0.003514473545287042,0.003608162491318734,0.043608162491318735,0.004839227306366094
research_sigma_xl_substitutes,33.0,1.8299719825948373,0.7064559155497316,0.39600000000000024,0.6169799109396334,-0.19781356034356834,-2.7449395993239496,-3.4513955148736812,-3.026015810898141,0.36280865199248385,-4.659720797570839,-3.460743793785926,0.03264655927491292,0.05020323864766623,0.1921823484043431,0.4914654494298968,0.017105154539913056,0.7443532422726019,0.09811110714129835,0.04811110714129835,3.3635335449302213,-2.864375403532904e-14,-5.508268863252397e-07,-4.275747064741431e-08,0.019400926173657684,0.020477683720524716,0.01607232131377878,0.004072321313778781,0.0028296642421092033,0.012053553191468919,0.05942367362057088,0.0024246330841222927,0.00040428268831405213,0.002828915772436345,0.6363638301060636,0.6578400440991581,-0.0011891038802006315,-0.0012426570716695118,-0.0011890667303354476,-5.355319146891843e-05,-0.0011890667303354476,-0.001242619921804366,0.2209799109396332,-0.07425965788476235,1.4339719825948372,1.4671633306023535,-3.1077482513164334,1.6337049866726976,-5.055720797570839,-0.0015867666327500363,-0.0015870071704396256,-0.003328604859878903,0.0035466733370656256,0.043546673337065626,0.004564433804232722
research_sigma_xl_substitutes,34.0,1.8492595751924068,0.726913370146879,0.40800000000000025,0.6330275431429317,-0.19501785166245544,-2.685619890269506,-3.412533260416385,-3.015558338125877,0.37486066822177944,-4.643673165367541,-3.449210777477783,0.03259623988782926,0.051342223233763314,0.19261665314213405,0.4912718220502602,0.01749988790399267,0.7439585089085222,0.09779374543721957,0.047793745437219565,3.374448933565484,7.771561172376096e-15,7.071043055528747e-07,5.4982826097615956e-08,0.019176433791124506,0.020437377247910244,0.016025524020407522,0.004025524020407522,0.0027639489393096184,0.01205061040119429,0.0592213302293767,0.0023515217186769717,0.00041171443667769393,0.002763236155354666,0.6356007104333785,0.6570169939795153,-0.0012109646799036144,-0.0012615750810979487,-0.0012109248137579234,-5.061040119428914e-05,-0.0012109248137579234,-0.0012615352149522125,0.2250275431429315,-0.07074247015725615,1.4412595751924067,1.4743989069706274,-3.0604805584912853,1.6281148272416637,-5.051673165367541,-0.001501971385915013,-0.0015023738582117148,-0.0031509097707169836,0.0034901699970132094,0.04349016999701321,0.0043035754402063545
research_sigma_xl_substitutes,35.0,1.868329087931422,0.747330972914739,0.42000000000000026,0.6490309589804485,-0.1922856624649491,-2.626496938865196,-3.3738279117799355,-3.005019753669971,0.38690987279487243,-4.627669749530024,-3.437618413747571,0.0325486380276994,0.052500795926048054,0.19304194301055255,0.49107486469257183,0.01790171302917646,0.7435566837833385,0.09749435954496947,0.04749435954496947,3.3848111987215717,-3.5416114485542494e-14,2.5411770732119976e-07,1.979281463726501e-08,0.018964656971854094,0.020397979363404706,0.015983727055033092,0.003983727055033092,0.002702551172072798,0.012047835786321681,0.05902988490078531,0.002282550991225696,0.0004193211453668237,0.0027018721365925195,0.6348244667295477,0.6561823071243178,-0.0012333400966386132,-0.0012811758829603115,-0.0012332974863730108,-4.783578632168092e-05,-0.0012332974863730108,-0.0012811332726946918,0.22903095898044823,-0.06727931789073593,1.448329087931422,1.4814192151365497,-3.0134068116600687,1.6226499958600527,-5.047669749530024,-0.0014217763352601942,-0.0014213752891125038,-0.0029809299168210013,0.003438437923973525,0.043438437923973526,0.004055921620995946
research_sigma_xl_substitutes,36.0,1.8871929166996904,0.767709623555318,0.4320000000000003,0.6649949972529979,-0.18961274931830985,-2.5675601204679355,-3.3352697440232535,-2.9944018907963974,0.3989563397944228,-4.611705711257475,-3.4259674010915195,0.03250368242122965,0.053679374894021185,0.19345868963138854,0.4908745062680164,0.01831079062491551,0.7431476061875995,0.09721205583639951,0.04721205583639951,3.394640686905798,8.659739592076221e-15,-9.498798947404907e-08,-7.4106033254306425e-09,0.018764963589444322,0.020359472304539983,0.015946695275303513,0.003946695275303513,0.002645287752420622,0.01204516570152439,0.05884885813212137,0.0022175333030135776,0.00042710680190910104,0.002644640104922679,0.6340348188210058,0.6553356403543983,-0.0012562418213584725,-0.0013014075228828526,-0.0012561964762032385,-4.516570152439045e-05,-0.0012561964762032385,-0.001301362177727629,0.23299499725299766,-0.0638655943093091,1.4551929166996902,1.4882365769052677,-2.9665164602623584,1.6173038204610775,-5.043705711257475,-0.001344337777479554,-0.0013438802295377313,-0.0028182683141408094,0.0033912367761609608,0.04339123677616096,0.0038208190602385464
research_sigma_xl_substitutes,37.0,1.90586284680816,0.7880502018160579,0.4440000000000003,0.6809243495310555,-0.18699508696010786,-2.5087992226009534,-3.2968494244170112,-2.9837084292249303,0.4110002041979212,-4.595776358979417,-3.4142599410029963,0.03246124284158551,0.05487838410134644,0.1938675018352186,0.4906706747027711,0.018727284132987944,0.742731112679527,0.09694600336659724,0.04694600336659724,3.4039567237456803,-8.004708007547379e-14,-6.60978176636462e-07,-5.16497962732565e-08,0.018576765857779995,0.020321824920357855,0.015914248215179394,0.003914248215179394,0.002591968215739593,0.012042599039426283,0.05867782296953994,0.0021562750500567253,0.0004350751743531436,0.002591350224409869,0.6332314826520978,0.654476606716871,-0.0012796809600134906,-0.0013222799994397627,-0.0012796328657445402,-4.259903942628249e-05,-0.0012796328657445402,-0.0013222319051708227,0.23692434953105523,-0.06049684433841401,1.4618628468081596,1.4948626426102387,-2.9197994267988747,1.6120679297544864,-5.039776358979417,-0.001269656819948839,-0.001269688216299792,-0.002662517642600601,0.0033483811485760795,0.04334838114857608,0.0035976222180211584
research_sigma_xl_substitutes,38.0,1.9243500947139067,0.8083535586909852,0.4560000000000003,0.6968234936833567,-0.18442881288683066,-2.4502044745288556,-3.258558033219841,-2.972941204436295,0.42304153787327536,-4.579877214827116,-3.402496774298937,0.032421250082186395,0.05609825515067206,0.1942688324735779,0.49046329662438576,0.019151360396379543,0.7423070364161354,0.09669542145726497,0.04669542145726496,3.412777927089807,4.118927421359331e-14,-3.219528776909897e-08,-2.5197393338505236e-09,0.01839951154787829,0.02028501990370468,0.015886238330527214,0.0038862383305272134,0.0025424047462783705,0.012040165568850042,0.05851637738459914,0.0020985841730793227,0.0004432298461090172,0.00254181401918834,0.6324141690490497,0.6536048555249556,-0.001303668015398829,-0.0013438335842488047,-0.0013036171944382862,-4.0165568850041716e-05,-0.0013036171944382862,-0.001343782763288328,0.24082349368335643,-0.057168832012156945,1.4683500947139065,1.5013085568406312,-2.873246012402131,1.6069360103908208,-5.035877214827116,-0.0011986573681614932,-0.0011985711620295277,-0.002513273217351078,0.003309718827190805,0.043309718827190806,0.003385702630074157
research_sigma_xl_substitutes,39.0,1.9426653453461196,0.8286205144863996,0.4680000000000003,0.71269682619211,-0.18191027746755112,-2.391766467831755,-3.220386982318155,-2.9621057439612533,0.4350805353356213,-4.564003882318363,-3.3906816186167275,0.03238351623056235,0.05733942397078208,0.19466342130303735,0.49025229792496705,0.019583188536968027,0.7418752082755469,0.09645958721629574,0.04645958721629574,3.42112183478482,-9.370282327836321e-14,-8.33390439769488e-07,-6.532514029711223e-08,0.018232689307016672,0.020249013238243397,0.015862490489050918,0.0038624904890509175,0.002496442099947427,0.012037833375957263,0.05836412431110771,0.002044302457249605,0.0004515748822771463,0.0024958773395267514,0.631582585939576,0.6527199531359664,-0.0013282150131462278,-0.0013660483891035358,-0.001328161418462195,-3.7833375957262855e-05,-0.001328161418462195,-0.0013659947944194579,0.24469682619210964,-0.0538774066840324,1.4746653453461191,1.5075848100104983,-2.8268470031673765,1.6018981383571096,-5.032003882318363,-0.0011304176616402373,-0.0011303937108439362,-0.0023701988179657546,0.0032750693389820285,0.04327506933898203,0.0031845178773137126
research_sigma_xl_substitutes,40.0,1.9608187856808375,0.8488518614413646,0.4800000000000003,0.7285484746614586,-0.1794359286869358,-2.33347622590664,-3.182328087348005,-2.9512020397595755,0.4471172046251899,-4.548152233849014,-3.378813770658099,0.032348033770973325,0.05860233665638037,0.1950515578579586,0.49003760276841535,0.020022942016722906,0.741435454795792,0.09623781266045667,0.046237812660456665,3.4290056151244417,-3.197442310920451e-14,-8.009688046151098e-08,-6.287863479892408e-09,0.018075812475988592,0.02021380169929377,0.01584286074729646,0.003842860747296461,0.0024539253323017374,0.012035601433816767,0.05822070985417693,0.0019932696439167023,0.0004601143962674336,0.002453384040184136,0.6307364344402251,0.65182158095356,-0.0013533339811779843,-0.0013889354149947408,-0.0013532776360806872,-3.560143381676692e-05,-0.0013532776360806872,-0.0013888790698974541,0.24854847466145824,-0.05061869333419289,1.480818785680837,1.5137015810556476,-2.7805934305318303,1.5969501940894384,-5.028152233849014,-0.001064938727316278,-0.001064989917307014,-0.0022329517286921313,0.003244283401784037,0.04324428340178404,0.0029935292586726267
research_sigma_xl_substitutes,41.0,1.9788201347513361,0.8690483729381029,0.4920000000000003,0.7443825476867029,-0.17700242680294764,-2.2753250481234013,-3.144373421061504,-2.940235621415886,0.45915173820325483,-4.5323181608237695,-3.366896978195328,0.032314616709255874,0.05988744327461128,0.19543396807587307,0.4898191346433161,0.020470796514674493,0.7409876002978404,0.09602946460985196,0.04602946460985195,3.4364452758403106,-6.616929226765933e-14,-7.310104588320598e-07,-5.747187764582051e-08,0.017928433161864474,0.020179341864161218,0.015827216045052495,0.0038272160450524943,0.0024147095512828953,0.012033468990879648,0.05808580566430965,0.0019453381764249927,0.00046885263903286776,0.0024141908154578606,0.6298754130060104,0.650909297466119,-0.0013790375028899515,-0.0014125064937695053,-0.00137897835009667,-3.346899087964747e-05,-0.00137897835009667,-0.0014124473409763175,0.25238254768670254,-0.04738883988046433,1.4868201347513357,1.5196683965480813,-2.734476786326656,1.5920825394078837,-5.0243181608237695,-0.0010022213167375504,-0.0010022030575132963,-0.002101217116811979,0.0032172223741982753,0.043217222374198276,0.0028122422356536766
research_sigma_xl_substitutes,42.0,1.9966786739674474,0.8892107992675093,0.5040000000000003,0.7602029067515635,-0.17460650958437002,-2.217304614578021,-3.10651541384553,-2.9292064823930506,0.4711841426069492,-4.516497801758909,-3.354930569199395,0.03228325893338435,0.06119520471619623,0.19581092753232743,0.48959681519824666,0.02092693234576585,0.7405314644667491,0.09583393858746536,0.04583393858746536,3.443456513047482,5.67323965583455e-14,-1.1661532850482104e-07,-9.181650245659867e-09,0.01779012377529178,0.020145630897103382,0.015815413315485305,0.0038154133154853047,0.0023786697314979732,0.012031404401108031,0.057959095367670965,0.0019003773934806371,0.00047779425664297247,0.0023781716501236096,0.6289992128401485,0.6499827750699722,-0.0014053391828792727,-0.0014367435839872933,-0.0014052772254205075,-3.140440110803097e-05,-0.0014052772254205075,-0.0014366816265285385,0.2562029067515632,-0.04418424858579634,1.492678673967447,1.5254945313604982,-2.6884887571849703,1.5872913193658587,-5.02049780175891,-0.0009413434016263267,-0.0009419261475106418,-0.001974710459806475,0.0031937371603029396,0.04319373716030294,0.0026402014271624183
research_sigma_xl_substitutes,43.0,2.0144032733070008,0.9093398745215124,0.5160000000000003,0.7760133743176735,-0.1722450873399517,-2.1594068573880594,-3.068746731909572,-2.9181183082191384,0.4832145470054709,-4.500687334192799,-3.342916840064018,0.03225383564063633,0.06252608737214939,0.19618300202482802,0.4893705651467346,0.0213915326411457,0.7400668641713692,0.09565067525168272,0.04565067525168272,3.450054054837366,3.6637359812630166e-15,4.3448130981893485e-07,3.4257813114058067e-08,0.01766048865438062,0.02011263928774159,0.01580737821340439,0.003807378213404388,0.0023456585972696786,0.01202946856876938,0.057840307676254366,0.0018582366282517096,0.00048694332986643434,0.002345179958118144,0.6281075214606598,0.6490416026360172,-0.0014322510473653849,-0.0014617196161347823,-0.0014321862643130422,-2.946856876938006e-05,-0.0014321862643130422,-0.0014616548330824222,0.26001337431767313,-0.04100136555985845,1.4984032733070003,1.5311887263015298,-2.6426214043935303,1.5825690259736604,-5.016687334192799,-0.0008841514263477901,-0.0008839389811349692,-0.0018531104409762328,0.0031737480881499636,0.043173748088149964,0.0024769271635327536
research_sigma_xl_substitutes,44.0,2.0320024186272008,0.929436307896339,0.5280000000000004,0.7918176631783723,-0.16991519238983066,-2.101623999225512,-3.031060307121851,-2.906974785245746,0.49524307974448795,-4.4848830453321,-3.3308580972497985,0.032226222797960793,0.06388056507244888,0.19655075250774653,0.4891403039376837,0.021864784058325697,0.7395936127541892,0.09547914999700474,0.04547914999700474,3.456251967160918,-6.983302824892235e-14,-5.415057549029711e-07,-4.2756906487584345e-08,0.0175391567085523,0.020080337858635906,0.015802965950149017,0.003802965950149017,0.002315578836940474,0.012027599289474417,0.057729141243409776,0.0018188139482957018,0.0004963048551989354,0.0023151188034946373,0.6272000214014591,0.6480853647582564,-0.0014597878237340989,-0.0014873871132085603,-0.00145972016234981,-2.759928947441634e-05,-0.00145972016234981,-0.0014873194518242264,0.26381766317837196,-0.03783675240949641,1.5040024186272003,1.5367593388827128,-2.59686707897,1.5779082600863537,-5.0128830453321,-0.0008288002466583233,-0.000828191723731931,-0.0017361907584032832,0.003157103852111931,0.04315710385211193,0.0023220461448928073
research_sigma_xl_substitutes,45.0,2.0494842353821365,0.9495007839996443,0.5400000000000004,0.8076193062179715,-0.16761392966607075,-2.04394857490124,-2.993449358900884,-2.895775908712455,0.5072697455844197,-4.469081402292501,-3.3187537067123727,0.03220041595324864,0.06525912178588804,0.19691443744369108,0.4889059492963991,0.02234687776226739,0.7391115190502475,0.09531886313141362,0.04531886313141362,3.4620639520746033,7.749356711883593e-14,-7.825645429448969e-07,-6.187704992832721e-08,0.017425774470295877,0.020048724372651403,0.01580205998393719,0.0038020599839371887,0.002288330020216972,0.012025765299528784,0.0576253399573019,0.0017820030263531405,0.0005058839933159726,0.0022878870196691133,0.626276388403455,0.647113719335099,-0.0014879646641914324,-0.0015137299637202062,-0.001487894097988155,-2.576529952878423e-05,-0.001487894097988155,-0.0015136593975169392,0.26761930621797114,-0.03468715785563459,1.509484235382136,1.5422144897977168,-2.5512183204856598,1.5733054935800457,-5.009081402292501,-0.0007743674519360422,-0.0007746000564967555,-0.0016237144863586878,0.0031436812105622713,0.04314368121056227,0.002175181920851345
research_sigma_xl_substitutes,46.0,2.066856507010452,0.9695339829977772,0.5520000000000004,0.8234217831462467,-0.16533853234939672,-1.9863733193109083,-2.9559073023086855,-2.884523520149618,0.5192946103435455,-4.453278925364225,-3.306604521181776,0.03217635155053278,0.0666622492530327,0.1972744590697593,0.48866741762698446,0.022838008638423717,0.7386203881740913,0.09516934946883694,0.04516934946883694,3.467502949655635,-5.839773109528323e-14,-7.62966334555415e-08,-6.041062539097197e-09,0.017320012880596425,0.020017783295503987,0.01580461061616345,0.00380461061616345,0.002263787738334494,0.012024027550931793,0.05752869783234715,0.0017476751587893287,0.0005156854243210527,0.0022633605831103814,0.625336293000468,0.6461262793095705,-0.0015167953268971635,-0.001540822877828918,-0.0015167218362383901,-2.4027550931792624e-05,-0.0015167218362383901,-0.0015407493871701827,0.2714217831462463,-0.03154938998837187,1.5148565070104514,1.5475618966669065,-2.5056679296544537,1.568755405214607,-5.005278925364226,-0.0007226994388143115,-0.0007229648605055379,-0.0015154022644329745,0.0031334243875967005,0.0431334243875967,0.0020359250812402377
research_sigma_xl_substitutes,47.0,2.084126698527573,0.9895365673994914,0.5640000000000004,0.8392285274502984,-0.16308635418940176,-1.9288911792365455,-2.918427746636037,-2.8732213075900837,0.5313178006862833,-4.4374721810601745,-3.294412875894774,0.032153907128169526,0.06809044626670413,0.19763136488658756,0.4884246241346603,0.023338375079958444,0.7381200217325565,0.09503017601093042,0.045030176010930414,3.472581172132558,-3.26405569239796e-14,-2.5172115991622945e-07,-1.995811668709102e-08,0.017221565649095993,0.019987486027440052,0.015810516175519262,0.0038105161755192622,0.002241866013880628,0.01202235487382225,0.057438970501447084,0.0017157395558403355,0.0005257143964214184,0.002241453952261754,0.6243794010013082,0.6451226136054602,-0.0015462952878163294,-0.0015686501616385407,-0.0015462188130041718,-2.2354873822249405e-05,-0.0015462188130041718,-0.0015685736868264212,0.275228527450298,-0.028420309080441186,1.5201266985275725,1.5528088978412897,-2.460208979922829,1.5642508734700908,-5.0014721810601745,-0.0006728737028380838,-0.0006732158522419936,-0.001411049473576731,0.0031262248809495463,0.04312622488094955,0.0019039511299808673
research_sigma_xl_substitutes,48.0,2.101301978067327,1.009509171283421,0.5760000000000004,0.8550428154972852,-0.16085480032163546,-1.8714953783080142,-2.8810045495914354,-2.8618692675552944,0.54333932009119,-4.421657893013188,-3.282178165975994,0.032133079432110696,0.06954422210687157,0.19798540007182877,0.48817748224183183,0.023848180232361876,0.737610216580153,0.0949009287220041,0.0449009287220041,3.4773105431526186,2.2426505097428162e-14,6.080021750509701e-07,4.827147140340493e-08,0.01713013989906341,0.019957830791541755,0.015819701580466916,0.003819701580466916,0.0022224745282864167,0.012020746801511717,0.057355951462279786,0.0016860997221920587,0.0005359762621721187,0.0022220759843641774,0.623405371188396,0.6441023636003772,-0.001576480250668838,-0.001597227052180461,-0.0015764007710944669,-2.0746801511716678e-05,-0.0015764007710944669,-0.0015971475726061835,0.2790428154972848,-0.025296940226472775,1.5253019780673265,1.557962657976137,-2.414834698399204,1.5597886254578932,-4.997657893013188,-0.0006248907106953805,-0.0006252474761059175,-0.0013104383185964935,0.003122000684440962,0.04312200068444096,0.0017789280375631392
research_sigma_xl_substitutes,49.0,2.1183892299673177,1.02945242698178,0.5880000000000004,0.8708679306112322,-0.15864140513282893,-1.814179276311986,-2.8436317032937657,-2.8504710890114744,0.5553592942893067,-4.40583277789924,-3.269902740308953,0.03211374687341313,0.0710240930139643,0.19833710543334473,0.4879259041876261,0.024367630801385036,0.7370907660111299,0.09478122632512397,0.04478122632512396,3.4817021555304133,-7.482903185973555e-14,4.6180966073450236e-07,3.671374954050677e-08,0.01704546592635281,0.01992878938951813,0.01583211802080936,0.00383211802080936,0.002205518375221066,0.012019233590036038,0.05727946697361763,0.0016586566709845348,0.0005464763943637692,0.0022051330653483038,0.6224138576806438,0.6430650871112644,-0.001607366055552284,-0.0016265996455883391,-0.0016072835128346156,-1.9233590036037834e-05,-0.0016072835128346156,-0.0016265171028706535,0.28286793061123183,-0.022176307711559262,1.5303892299673172,1.5630299356780109,-2.369538570601293,1.555361688887766,-4.99383277789924,-0.0005796738806671531,-0.000578918729632772,-0.0012133479055434493,0.003120696010676355,0.043120696010676356,0.0016605303144476072
research_sigma_xl_substitutes,50.0,2.135395075043358,1.0493669497484954,0.6000000000000004,0.886707051538904,-0.15644376357119333,-1.756936444360779,-2.8063033941092743,-2.8390286153166286,0.5673777872712621,-4.389993656971568,-3.2575874796033952,0.032095847604894305,0.07253058542312212,0.19868686959106438,0.48766980047806924,0.024896938231852978,0.7365614585806619,0.09467070726472371,0.044670707264723705,3.485766712159812,-6.750155989720952e-14,-9.022998943564176e-07,-7.18277721745153e-08,0.016967287977136786,0.019900347096308408,0.015847644508233838,0.0038476445082338377,0.00219095020416174,0.01201772301241677,0.057209295715968,0.0016333564383576053,0.0005572211081446265,0.002190577546502232,0.6214045077665081,0.6420103749207248,-0.0016389712916552446,-0.0016566943040721427,-0.001638885612190078,-1.772301241676974e-05,-0.001638885612190078,-0.0016566086246068477,0.2867070515389035,-0.019055548205120065,1.5353950750433576,1.5680172877720961,-2.324314231632041,1.5509650416549396,-4.989993656971569,-0.0005344544167824594,-0.0005342559000896425,-0.0011196434689029477,0.003122181685990655,0.043122181685990656,0.0015485255787330496
research_sigma_xl_substitutes,51.0,2.152325887901236,1.0692533314188557,0.6120000000000004,0.9025632196276999,-0.15425950472450545,-1.69976068488005,-2.7690140162989056,-2.8275399978450393,0.5793947403141403,-4.374137488882773,-3.2452303275843994,0.03207943854520544,0.07406423726701826,0.19903477811147977,0.4874090796646069,0.025436319214909832,0.7360220775976051,0.09456902453057135,0.04456902453057135,3.4895146866331563,-4.529709940470639e-14,6.47762752326031e-08,5.163314747980152e-09,0.016895360586531766,0.019872515738284507,0.015866263804678482,0.003866263804678482,0.002178675690426096,0.012016275986242886,0.057145298329125405,0.0016100979180953304,0.0005682159251334092,0.0021783138432287397,0.6203769610310977,0.6409378886410521,-0.0016713121280095,-0.0016875881142523752,-0.0016712233092159095,-1.6275986242885593e-05,-0.0016712233092159095,-0.001687499295458795,0.2905632196276995,-0.015931944339577953,1.5403258879012354,1.5729311475870955,-2.2791554251941903,1.5465974910377334,-4.986137488882773,-0.0004910787500851388,-0.0004910875761737106,-0.0010290967818532837,0.0031264333676178646,0.043126433367617865,0.001442591162953484
research_sigma_xl_substitutes,52.0,2.1691878062091945,1.0891121712451395,0.6240000000000004,0.9184395791482609,-0.15208641219034114,-1.642645847702528,-2.7317580189476676,-2.816010772816799,0.5914103392437479,-4.358261129362211,-3.2328351181159065,0.0320643399027406,0.07562559158192962,0.19938151474859897,0.48714364943107197,0.025985993488576112,0.7354724033239388,0.09447586711102689,0.044475867111026884,3.492955503781596,5.46229728115577e-14,-8.846477170809663e-07,-7.060751508469743e-08,0.01682946375400471,0.0198452544644297,0.015887925319574392,0.0038879253195743917,0.002168626378610705,0.012014892259194165,0.05708732286433604,0.0015888085932874794,0.0005794669688533852,0.0021682755621408646,0.6193308536401071,0.6398471294857304,-0.0017044066817696046,-0.001719298940963676,-0.0017043146142746623,-1.489225919416512e-05,-0.0017043146142746623,-0.0017192068734688275,0.29443957914826047,-0.012802681469884336,1.545187806209194,1.5777774669654465,-2.234056186946276,1.5422503565454124,-4.982261129362212,-0.00044954713289580006,-0.0004493274376470187,-0.0009415384344303168,0.003133392508340549,0.04313339250834055,0.0013424746026863346
research_sigma_xl_substitutes,53.0,2.1859867518548306,1.1089440409583617,0.6360000000000005,0.9343390702668487,-0.14992225196728404,-1.5855860391513779,-2.6945300801097396,-2.804439092110831,0.6034245248325286,-4.342361638243624,-3.220399804231862,0.03205060906811048,0.07721520588564397,0.1997271604588744,0.4868734149994405,0.026546187187165195,0.7349122096253498,0.0943909285695613,0.0443909285695613,3.4960986717786855,-2.7977620220553945e-14,-3.7461422253137755e-07,-2.9938462653422704e-08,0.016769380715322232,0.01981857532411616,0.015912564032549648,0.003912564032549647,0.002160749161488229,0.012013540931170186,0.05703520702327447,0.0015694271287701755,0.0005909807268248132,0.0021604078555949886,0.6182658120566185,0.6387377458457673,-0.0017382739398912606,-0.0017518148710613801,-0.0017381786083082741,-1.3540931170185483e-05,-0.0017381786083082741,-0.0017517195394784596,0.29833907026684825,-0.009665159322896855,1.54998675185483,1.582562227022302,-2.1890105639839064,1.5379225461327928,-4.978361638243624,-0.0004089367909978492,-0.00040893429042681076,-0.0008568166827725848,0.00314298575764857,0.04314298575764857,0.0012479428119127264
research_sigma_xl_substitutes,54.0,2.202728439719567,1.1287495090327468,0.6480000000000005,0.9502647072133602,-0.14776491386736468,-1.5285754336559791,-2.657324942688726,-2.7928286463987946,0.6154374211060882,-4.326436001297112,-3.207926753233749,0.032038126047481116,0.07883364376698397,0.20007224582625524,0.48659828055961274,0.027117129934011,0.7343412668785039,0.09431393218638749,0.04431393218638749,3.4989528307211173,6.461498003318411e-14,-8.896488592480267e-07,-7.119119793674855e-08,0.016714915727004565,0.01979245104642486,0.015940140076298792,0.003940140076298792,0.0021549847090668317,0.01201222182365752,0.056988826900842504,0.0015518889881045246,0.000602763842625531,0.0021546528307300554,0.6171814586761206,0.6376092646665493,-0.0017729335435743565,-0.0017851553672319498,-0.0017728348312515618,-1.222182365752042e-05,-0.0017728348312515618,-0.0017850566549090822,0.30226470721335974,-0.0065167099545871965,1.5547284397195664,1.5872910186134788,-2.1440128547620674,1.5336073548983173,-4.9744360012971125,-0.0003692479029049345,-0.0003698293418348715,-0.0007747756507057724,0.0031551646407847467,0.04315516464078475,0.0011587675456027416
research_sigma_xl_substitutes,55.0,2.219418391285488,1.1485291364209342,0.6600000000000005,0.9662193504194463,-0.14561228254915037,-1.4716083853496928,-2.6201375217706273,-2.7811775879166407,0.6274489684798437,-4.310481358091026,-3.195413925537587,0.03202694856540636,0.08048148379964996,0.20041684813499733,0.4863181477540595,0.0276990580387024,0.7337593387738125,0.09424460785410597,0.04424460785410597,3.501526586124182,1.887379141862766e-14,7.882636376965735e-07,6.315959091840462e-08,0.016665877722981448,0.01976689379216175,0.015970637321081338,0.003970637321081338,0.0021512679113196986,0.012010965229419246,0.056948061611621914,0.0015361211228755267,0.000614822713062884,0.0021509438359384107,0.6160774058542345,0.6364613198075826,-0.00180840418034231,-0.0018193694097616009,-0.0018083020972437765,-1.0965229419245687e-05,-0.0018083020972437765,-0.0018192673266630222,0.3062193504194458,-0.0033548300413273613,1.5594183912854875,1.5919694228056445,-2.0990573538295365,1.5293037701743857,-4.9704813580910265,-0.00033140385017049745,-0.0003318985015580596,-0.0006952404019001102,0.003169904856717337,0.04316990485671734,0.0010747029973886338
research_sigma_xl_substitutes,56.0,2.236061948905698,1.1682834657868941,0.6720000000000005,0.9822059818555229,-0.14346237804472528,-1.4146793104327353,-2.582962776219629,-2.7694914540991356,0.6394593515649267,-4.29449472665495,-3.1828651582969685,0.032016897966677206,0.08215930817503671,0.20076164734649926,0.48603291761024375,0.028292210542300272,0.7331661862702147,0.094182716434766,0.044182716434766,3.5038275863339394,8.260059303211165e-14,9.965391645216926e-08,7.995054618348263e-09,0.016622097544064393,0.01974186361449559,0.01600402528089162,0.00400402528089162,0.0021495479777873805,0.012009770962385369,0.05691279607855737,0.0015220677719540781,0.0006271642513468681,0.0021492320233009463,0.6149532635227254,0.6352933870756307,-0.00184470634071901,-0.0018544773031042572,-0.0018446007392554946,-9.770962385368537e-06,-0.0018446007392554946,-0.001854371701640863,0.3102059818555224,-0.00017690024115252223,1.5640619489056973,1.5966025973407711,-2.054138661997662,1.5250032725558142,-4.96649472665495,-0.00029540481886458636,-0.00029507067468314066,-0.0006180722631727725,0.0031871669647716983,0.0431871669647717,0.0009955494699942988
research_sigma_xl_substitutes,57.0,2.2526642836462765,1.1880130391263783,0.6840000000000005,0.9982274009812295,-0.1413131865935756,-1.357782793192578,-2.5457958323189565,-2.75776839755437,0.6514685104046144,-4.278473307529243,-3.170278413936812,0.03200803232402595,0.08386771662791709,0.20110671904597108,0.48574248817325405,0.028896834194696276,0.7325615626178187,0.09412802011264995,0.04412802011264995,3.505863605811156,-6.572520305780927e-14,1.1997527460394508e-07,9.637782016902463e-09,0.016583406966373948,0.019717372932589218,0.01604023951013167,0.004040239510131671,0.002149798578489015,0.012008577742519122,0.05688291334326101,0.0015096936438720927,0.0006397963705449422,0.002149490014417035,0.6138086298592954,0.6341050859471201,-0.0018818631891235615,-0.0018904409316426452,-0.001881754031014536,-8.577742519121773e-06,-0.001881754031014536,-0.0018903317735336578,0.31422740098122903,0.003019503888216035,1.5686642836462759,1.601195773241662,-2.0092513035971926,1.520704909974873,-4.962473307529243,-0.0002594047403912114,-0.00025935764684635945,-0.0005431674562422772,0.0032068763972046554,0.043206876397204656,0.0009211437154452926
research_sigma_xl_substitutes,58.0,2.26923040799187,1.2077183891218541,0.6960000000000005,1.0142864608757862,-0.13916278088774725,-1.3009134837462133,-2.5086318728680674,-2.746010263579918,0.663476507049965,-4.262414247634686,-3.1576545915596306,0.032000291604608384,0.08560731664739839,0.20145244054297082,0.48544675616994226,0.029513180059256783,0.7319452167532582,0.09408030323859203,0.04408030323859202,3.5076417553959693,7.016609515630989e-14,5.466826102917821e-09,4.397223696273045e-10,0.016549653446000734,0.019693408176961552,0.016079277707704565,0.004079277707704564,0.0021519662834602604,0.012007415969196522,0.05685831716707579,0.00149893836734539,0.000652726101130565,0.0021516644684759553,0.612643097846243,0.6328959528942351,-0.0019198954550477543,-0.0019273114242442657,-0.001919782650384015,-7.415969196521849e-06,-0.001919782650384015,-0.0019271986195805368,0.3182864608757857,0.006236852553256789,1.5732304079918693,1.605753900941905,-1.9643899907961782,1.5164039840547678,-4.958414247634686,-0.0002243268896902073,-0.00022465485921595654,-0.0004703757382961693,0.0032290218267675974,0.0432290218267676,0.0008512814118244241
research_sigma_xl_substitutes,59.0,2.2857651872740274,1.2274000328413808,0.7080000000000005,1.0303859563966387,-0.1370092540266551,-1.2440661588584265,-2.4714661916998075,-2.7342170513337503,0.6754833423430074,-4.246314752113834,-3.1449931219251233,0.03199367502032336,0.08737872795350783,0.20179903771285865,0.48514561624790364,0.030141505159478253,0.7313168916530367,0.09403936052182994,0.04403936052182994,3.5091689072406558,-9.525713551283843e-14,7.759143265673174e-07,6.249065295782508e-08,0.016520691766266943,0.01966996898192208,0.01612114187716407,0.004121141877164069,0.0021560009287436843,0.01200631598921198,0.05683893142751817,0.0014897440064281378,0.0006659608743307586,0.0021557048807588964,0.6114562522711496,0.6316655547513982,-0.001958824959208433,-0.001965140948420402,-0.0019587084539139958,-6.315989211979484e-06,-0.0019587084539139958,-0.0019650244431259753,0.32238595639663814,0.00947754754175123,1.5777651872740268,1.61028184493102,-1.919549501201434,1.512097700780084,-4.954314752113834,-0.00019109459428401365,-0.0001908599803232998,-0.0003995498891028737,0.0032535957674232063,0.04325359576742321,0.0007857647544067328
research_sigma_xl_substitutes,60.0,2.3022733456830986,1.2470584913470657,0.7200000000000005,1.0465287446301144,-0.13485077903025988,-1.187235620891177,-2.4342941122382427,-2.722392452768486,0.6874891390283889,-4.230171963880358,-3.1322963656305123,0.031988063775946866,0.08918257918249224,0.20214704039845097,0.4848389615389763,0.030782071369874077,0.7306763254426408,0.0940050076203082,0.04400500762030819,3.51045128715791,-9.769962616701378e-14,-4.637610948599047e-07,-3.739853546291805e-08,0.016496391528996887,0.01964702908599351,0.01616579970233023,0.00416579970233023,0.0021618765902984283,0.01200524715272766,0.05682466456969126,0.0014820776441688448,0.0006795089112592598,0.0021615865554281046,0.6102476719477301,0.6304133751987993,-0.0019986759593040304,-0.002003923112031736,-0.001998555621350764,-5.24715272766027e-06,-0.001998555621350764,-0.0020038027740784245,0.32652874463011383,0.012744044088103201,1.582273345683098,1.6147842066547096,-1.874724759919566,1.5077795111118721,-4.950171963880359,-0.00015878482969422514,-0.00015795347826662656,-0.0003305918266666569,0.003280555355466591,0.04328055535546659,0.0007244522648416005
research_sigma_xl_substitutes,61.0,2.3187594801499984,1.2666942660607152,0.7320000000000005,1.0627175558012991,-0.13268550084605824,-1.130416829719044,-2.397111095779759,-2.7105346209931387,0.6994938366484628,-4.213983152709173,-3.1195622825484337,0.03198351641296269,0.09101951474529602,0.20249652368327967,0.48452668249329967,0.03143514791981694,0.730023248892698,0.09397706189629204,0.04397706189629204,3.5114951812833857,8.43769498715119e-15,-8.86788529275151e-07,-7.160449486121045e-08,0.016476623541601523,0.019624601379102963,0.016213203998483694,0.004213203998483694,0.0021695808970365604,0.012004148321651642,0.05681542922848282,0.0014759168225834608,0.0006933791773533366,0.0021692959999367973,0.6090169251206516,0.6291390027408486,-0.002039474779795547,-0.002043623101447234,-0.002039350521627461,-4.148321651641779e-06,-0.002039350521627461,-0.0020434988432791027,0.3307175558012986,0.016038658252684412,1.5867594801499978,1.6192656435015356,-1.8299106663675069,1.5034485317160344,-4.945983152709173,-0.00012555138537972965,-0.00012595779558942713,-0.00026341954311782934,0.0033098419664903123,0.04330984196649031,0.0006672199298017253
research_sigma_xl_substitutes,62.0,2.3352280633682567,1.2863078691039496,0.7440000000000005,1.0789551526270817,-0.13051161723618676,-1.0736047624342113,-2.359912631538161,-2.6986435555392454,0.7114974356716922,-4.19774555588339,-3.106790296534139,0.03198003249288242,0.09289019077910973,0.20284771493934162,0.4842086675675513,0.032101010032147756,0.7293573867803672,0.09395535698065574,0.04395535698065574,3.512306382572129,-1.9539925233402755e-14,3.4905932411177787e-07,2.822153546966355e-08,0.016461270119429744,0.019602685736286585,0.01626340737658516,0.004263407376585159,0.00217905263126561,0.012003110896588454,0.0568111925391217,0.0014711925435376258,0.0007075793128775423,0.0021787718564151683,0.6077635721779964,0.6278419790690192,-0.0020812438487311236,-0.0020843547453195943,-0.002081115626110419,-3.110896588453399e-06,-0.002081115626110419,-0.0020842265226988723,0.3349551526270812,0.019363728021083826,1.591228063368256,1.6237306276965646,-1.7851021981059034,1.4991020003441449,-4.941745555883391,-9.416388368510553e-05,-9.46978859460608e-05,-0.0001978627428445845,0.003341498523003722,0.04334149852300372,0.0006138584576520154
research_sigma_xl_substitutes,63.0,2.3516834578383086,1.305899795344692,0.7560000000000006,1.0952443705544694,-0.12832739558352702,-1.0167944446408006,-2.3226942399854926,-2.686722948760509,0.7235000584416397,-4.1814563379560035,-3.093982755128553,0.03197749359587364,0.09479527111103461,0.20320114754789104,0.48388480391112415,0.03277993755830586,0.728678459254209,0.09393974510146791,0.043939745101467906,3.5128900940017926,-3.1086244689504383e-15,1.8121599332232563e-07,1.4670380327208576e-08,0.01645022673294154,0.01958125642148655,0.01631640860318251,0.004316408603182508,0.002190264866474112,0.012002134759537597,0.05681189408350923,0.001467870351223301,0.0007221180582011373,0.0021899884094244383,0.6064871683556068,0.6265217640532965,-0.002124008977170716,-0.002126143736708247,-0.002123876641768051,-2.1347595375968698e-06,-0.002123876641768051,-0.0021260114013056477,0.3392443705544689,0.022721655298691856,1.595683457838308,1.628183399396669,-1.7402945030824402,1.4947333891954946,-4.937456337956004,-6.4622442610629e-05,-6.412112976571585e-05,-0.00013381812975903074,0.0033755126323854745,0.043375512632385475,0.0005642324690824305
research_sigma_xl_substitutes,64.0,2.3681299196402783,1.3254705441088905,0.7680000000000006,1.1115879698334468,-0.12613108750323854,-0.9599809742671929,-2.2854515183760835,-2.6747728004244666,0.7355017051907674,-4.165112738677026,-3.08113907086412,0.03197589950434306,0.09673543641648938,0.2035570522397471,0.4835549758091968,0.03347221831614672,0.7279861784963682,0.09393008271923453,0.04393008271923453,3.5132514573249094,5.573319583618286e-14,-6.53566365027558e-07,-5.2978610581844165e-08,0.016443391846499233,0.01956031364523195,0.01637215293695915,0.00437215293695915,0.0022032248248357034,0.01200112831768968,0.056817450329720964,0.0014659469645071528,0.00073700549963068,0.002202952464137833,0.605187257600952,0.6251778827521736,-0.0021677997944338223,-0.0021689281121234916,-0.002167663234207883,-1.1283176896796643e-06,-0.002167663234207883,-0.0021687915518975626,0.3435879698334462,0.026114753285854775,1.6001299196402776,1.632628214449511,-1.6954826794579603,1.4903399382525593,-4.933112738677027,-3.415763201708444e-05,-3.42967127122569e-05,-7.123890954008338e-05,0.003411816732856815,0.043411816732856816,0.0005182659863777125
research_sigma_xl_substitutes,65.0,2.384571610805374,1.3450205956816055,0.7800000000000006,1.1279886764283877,-0.12392094593385561,-0.9031595439813587,-2.2481801396629644,-2.662791264024543,0.747502315077019,-4.148712032082084,-3.068257189339584,0.031975309119572866,0.09871138088508737,0.20391550831267294,0.4832190652495352,0.03417814698848094,0.7272802498240339,0.09392623311405744,0.04392623311405744,3.5133954493764397,9.214851104388799e-14,4.5937738279988594e-07,3.728627542831653e-08,0.01644066874844767,0.01953987067555102,0.01643068481939114,0.004430684819391139,0.002217890468085182,0.012000152472266712,0.056827831260595096,0.0014653703711397163,0.0007522503527617358,0.0022176207239014522,0.6038633748069914,0.623809888834315,-0.002212641879039301,-0.002212794351306002,-0.0022125010375345176,-1.524722667116396e-07,-0.0022125010375345176,-0.002212653509801229,0.34798867642838716,0.029545288764405486,1.6045716108053734,1.637069295728355,-1.6506618590583777,1.4859207680575413,-4.9287120320820845,-4.615899315441041e-06,-5.096116779224752e-06,-9.983929056531227e-06,0.003450444272607489,0.04345044427260749,0.0004757888414499492
research_sigma_xl_substitutes,66.0,2.40101260173155,1.3645504372118156,0.7920000000000006,1.144449339472229,-0.12169530656706817,-0.8463253117460027,-2.210875748957818,-2.6507820322230975,0.7595020101353008,-4.132251369038244,-3.055339437148652,0.03197560431064039,0.10072380707428503,0.2042770556843921,0.48287695279737153,0.03489802336687288,0.7265603734456421,0.0939280808601416,0.04392808086014159,3.5133263341275787,-9.237055564881302e-14,3.068685625606804e-07,2.494042528056184e-08,0.01644197578995714,0.019519902226739598,0.016492033721426047,0.004492033721426047,0.0022342326436223248,0.011999237631628412,0.05684301851961043,0.00146610359224848,0.0007678621768892439,0.002233965769137724,0.6025150492602289,0.6224172158710521,-0.00225856344617531,-0.0022578010778037394,-0.0022584181673213056,7.623683715880791e-07,-0.0022584181673213056,-0.0022576557989497175,0.35244933947222845,0.03301564183106975,1.6090126017315494,1.6415105915962491,-1.6058273218813035,1.4814693368151461,-4.924251369038244,2.307948953839123e-05,2.3568434181397285e-05,5.0057931468908134e-05,0.0034914125969733034,0.043491412596973304,0.00043666826316828694
research_sigma_xl_substitutes,67.0,2.4174568804439205,1.3840605520855493,0.8040000000000006,1.1609727438712398,-0.11945248064661096,-0.7894735069421378,-2.1735340590276873,-2.638745105045466,0.7715007903402759,-4.115727964639232,-3.042385207291436,0.03197678510126213,0.10277343463116319,0.20464193139714262,0.48252851611270225,0.03563215555426558,0.7258262412582493,0.09393551327807817,0.04393551327807817,3.5130483507669563,-4.196643033083092e-14,-5.185119031914098e-07,-4.2197438099300655e-08,0.016447233264911168,0.01950040891454103,0.016556156366104302,0.004556156366104302,0.0022522667651714845,0.011998292230208596,0.056862950557523495,0.001468150541451849,0.0007838521550748007,0.0022520026965266496,0.6011417987971206,0.6209993619419595,-0.002305597370724166,-0.002303889600932807,-0.0023054475149258844,1.7077697914043288e-06,-0.0023054475149258844,-0.00230373974513448,0.35697274387123923,0.03652811395835209,1.6134568804439198,1.6459560901036445,-1.5609742972824137,1.476982859593766,-4.9197279646392325,5.1697991927390774e-05,5.1622835761332836e-05,0.00010892310119313409,0.003534664277741628,0.04353466427774163,0.0004008490003365381
research_sigma_xl_substitutes,68.0,2.433908359883635,1.403551417933574,0.8160000000000006,1.1775616522044376,-0.1171907730367252,-0.7325994106309557,-2.1361508285645296,-2.6266786362392427,0.783498594595718,-4.099139056306035,-3.029392425126197,0.03197891063063459,0.10486099869728926,0.20501022150462084,0.4821736302214608,0.036380859492134536,0.7250775373203804,0.09394842361883336,0.04394842361883336,3.5125655895927843,2.6867397195928788e-14,4.57180894253284e-07,3.7255904083988156e-08,0.016456365662167044,0.019481404286662746,0.016623108086988303,0.004623108086988303,0.00227195864453833,0.011997377184045865,0.05688761847355389,0.001471466197779989,0.0008002300406746172,0.002271696238454606,0.5997431308728162,0.6195558520977363,-0.0023537722584041076,-0.002351149442449907,-0.002353617766690051,2.622815954134855e-06,-0.002353617766690051,-0.002350994950735916,0.36156165220443703,0.04008497038655301,1.6179083598836344,1.650409765287917,-1.5160980052266737,1.472460420066792,-4.915139056306035,7.939317525673673e-05,7.919079791164282e-05,0.000166742424821259,0.0035802424306952962,0.0435802424306953,0.00036818118813806283
research_sigma_xl_substitutes,69.0,2.450370883761593,1.4230235110313292,0.8280000000000006,1.1942189600452164,-0.1149085633575343,-0.67569826999503,-2.0987217810263594,-2.6145863186949527,0.7954955447083676,-4.082481748465256,-3.0163633884329295,0.03198186298140788,0.10698724250338988,0.20538247539785767,0.48181216877442373,0.037144456398298505,0.7243139404142164,0.09396672504744112,0.04396672504744112,3.5118814647780097,-5.706546346573305e-14,-1.1375721298279018e-07,-9.282617979833319e-09,0.01646931155721082,0.0194628635827767,0.01669290987667238,0.004692909876672379,0.0022932974714971466,0.011996492419071025,0.05691700083960277,0.0014760303155861322,0.0008170066257197094,0.0022930369413058415,0.5983185475227287,0.6180860922353123,-0.0024031199861042074,-0.002399612405175139,-0.0024029606638814984,3.5075809289748794e-06,-0.0024029606638814984,-0.0023994530829525235,0.3662189600452158,0.043688598819742686,1.6223708837615924,1.6548753390532256,-1.4711938147033976,1.4678954297703029,-4.910481748465256,0.00010616496545767795,0.00010631493367808595,0.00022359831946155984,0.003628154427165381,0.04362815442716538,0.00033857062027573687
research_sigma_xl_substitutes,70.0,2.4668482336685753,1.4424773022147617,0.8400000000000006,1.2109474719577824,-0.11260417809373091,-0.6187654089517501,-2.061242711166512,-2.6024663063083273,0.8074915794338601,-4.06575323655269,-3.0032960040895564,0.03198570143143917,0.10915292925997622,0.2057587854439994,0.48144400202580406,0.037923277130021374,0.7235351196824935,0.0939903288826314,0.043990328882631394,3.510999524345544,4.8627768478581856e-14,1.5724445390219444e-07,1.2848609731719307e-08,0.01648600821950713,0.019444800623935412,0.01676556736694068,0.004765567366940681,0.0023162852765828412,0.011995607375575479,0.05695107463881677,0.0014818322784974454,0.0008341935594657378,0.0023160258379631834,0.5968675373958159,0.6165895878588017,-0.0024536747147823057,-0.002449282090357774,-0.0024535104690168764,4.392624424521402e-06,-0.0024535104690168764,-0.002449117844592355,0.37094747195778177,0.04734127924088377,1.6268482336685746,1.6593566542347151,-1.4262569883856102,1.463286930244363,-4.905753236552691,0.0001329364771380792,0.00013299681377499858,0.00027955914743355015,0.0036783913154140035,0.043678391315414004,0.00031193756721738936
research_sigma_xl_substitutes,71.0,2.4833441341100584,1.4619132633923555,0.8520000000000006,1.2277500947790978,-0.11027599280436862,-0.5617961207173965,-2.023709384109752,-2.5903204457406765,0.8194867594595185,-4.048950613731375,-2.9901910874019664,0.031990367224275985,0.11135883291554874,0.20613955509060186,0.48106899840435674,0.038717658969932504,0.7227407378425824,0.0940191622416797,0.04401916224167969,3.509922787353954,-7.30526750203353e-14,-2.3443048635662933e-07,-1.9181810889667972e-08,0.016506404093949434,0.01942720377597195,0.016841127847797677,0.0048411278477976764,0.002340905570674401,0.011994752488804383,0.05698984425927661,0.0014888450296978667,0.0008518021541029258,0.0023406471838007927,0.5953895819465823,0.6150657615248409,-0.0025054697883188926,-0.0025002222771233484,-0.0025053004532438997,5.247511195616977e-06,-0.0025053004532438997,-0.0025000529420482827,0.37575009477909715,0.05104538145057069,1.6313441341100576,1.6638573746505398,-1.381282880176915,1.4586301679906981,-4.900950613731375,0.00015878447122630313,0.00015931670644887472,0.0003347237538482428,0.0037309862178821485,0.04373098621788215,0.0002881760237975414
research_sigma_xl_substitutes,72.0,2.499862258904644,1.4813318655581829,0.8640000000000007,1.2446297276533778,-0.10792236695238211,-0.5047857204331969,-1.9861175859913798,-2.5781487373658747,0.8314810844114688,-4.032070980857094,-2.977047982361934,0.03199586070986663,0.11360574439236013,0.20652503816320272,0.4806870234532988,0.03952794797304074,0.7219304488394742,0.09405315707280897,0.04405315707280896,3.508654151232143,8.704148513061227e-14,-9.072259918863068e-07,-7.433468146578193e-08,0.016530451042702052,0.019410074333614524,0.016919585584300623,0.004919585584300622,0.002367175677510047,0.011993866675287235,0.05703329046759076,0.0014970728412468898,0.0008698453353776947,0.0023669181766245847,0.5938841512571187,0.6135140617194383,-0.0025585432315033962,-0.002552409906790676,-0.0025583686334638084,6.133324712765537e-06,-0.0025583686334638084,-0.002552235308751043,0.3806297276533771,0.05480325167664807,1.6358622589046434,1.6683811744931754,-1.3362668048446658,1.4539222434912196,-4.896070980857095,0.0001855552128848803,0.000185234229280528,0.00038913454159857086,0.0037859172166401778,0.04378591721664018,0.00026723985616878415
research_sigma_xl_substitutes,73.0,2.516406237029111,1.5007335789366645,0.8760000000000007,1.261589265947699,-0.10554164144934852,-0.44772953978221497,-1.9484631187188794,-2.5659493353149068,0.843474492810093,-4.015111442562773,-2.963864564267144,0.032002241386253495,0.11589447207625465,0.20691533818636743,0.4802979397470367,0.04035449925967204,0.7211038975528429,0.09409224994089438,0.044092249940894376,3.507196397230325,1.3100631690576847e-14,4.0753672214677295e-07,3.343866750160629e-08,0.01655810419361395,0.0193934264388245,0.017001013488535,0.005001013488534999,0.002395073377466417,0.01199301090118382,0.05708143016117034,0.0015064807865019423,0.000888334752971125,0.002394815539473067,0.5923507037089093,0.6119339620757024,-0.0026129292098847623,-0.0026059401110685165,-0.0026127492734444855,6.989098816179845e-06,-0.0026127492734444855,-0.0026057601746283057,0.3855892659476984,0.05861721588385105,1.6404062370291101,1.672931744219018,-1.291204032592308,1.4491621072478664,-4.8911114425627735,0.00021140231964067446,0.00021086673360216565,0.00044290929492105113,0.0038432428143844177,0.04384324281438442,0.00024900712650995777
research_sigma_xl_substitutes,74.0,2.5329796591682583,1.5201188688920018,0.8880000000000007,1.2786317546304478,-0.10313222019744928,-0.39062286011085623,-1.9107417290028579,-2.5537259327265933,0.8554671062138365,-3.9980689538800247,-2.950643065645457,0.03200939156846589,0.11822583279792456,0.2073110267718962,0.4799016084243528,0.041197673872194425,0.7202607229403205,0.09413639582022192,0.04413639582022191,3.5055516745109023,7.749356711883593e-14,1.639460855962227e-07,1.3470889265176922e-08,0.016589331696812634,0.019377236254859445,0.017085450681987968,0.005085450681987968,0.0024245996594684516,0.011992185106066755,0.05713427186960557,0.0015170583749461403,0.0009072833363154422,0.0024243417112615826,0.5907886920253905,0.6103248181122999,-0.002668665916452817,-0.002660851022519478,-0.002668480400927772,7.81489393324522e-06,-0.002668480400927772,-0.0026606655069945266,0.3906317546304471,0.062489737305416904,1.6449796591682575,1.677512552954422,-1.2460899663246927,1.4443430211534314,-4.8860689538800255,0.00023632573106668886,0.00023625136305106473,0.0004961189851753339,0.0039029860077408607,0.04390298600774086,0.00023340981248105158
research_sigma_xl_substitutes,75.0,2.549586081470787,1.5394882045997873,0.9000000000000007,1.295760167311675,-0.10069244213041162,-0.33346099604300383,-1.872949200642791,-2.5414766838527734,0.8674588630222265,-3.9809405411987973,-2.937381333808688,0.03201737086764034,0.12060066622202581,0.20771221725385175,0.47949788674225563,0.042057844091331724,0.7194005527211832,0.09418554694021525,0.044185546940215245,3.5037222877674554,4.796163466380676e-14,5.56272753415854e-07,4.5772302448288116e-08,0.016624099760790323,0.019361518235204548,0.017172921179018807,0.005172921179018807,0.002455768224292443,0.01199135873337337,0.057191822344268284,0.0015288045390475947,0.0009267050242531213,0.002455509563300716,0.5891975536312426,0.6086860816493816,-0.002725794221352995,-0.0027171529547264095,-0.0027256030125091804,8.6412666266307e-06,-0.0027256030125091804,-0.0027169617458825497,0.3957601673116743,0.06642318789933277,1.6495860814707863,1.6821272184485605,-1.2009198590652304,1.439463857346024,-4.880940541198798,0.0002612485649164942,0.0002613847304339216,0.0005488214182284845,0.00396515357486299,0.04396515357486299,0.00022039336535225468
research_sigma_xl_substitutes,76.0,2.5662290323261105,1.5588420528209124,0.9120000000000007,1.3129775969884854,-0.09822068374886439,-0.27623921542231966,-1.835081268243232,-2.5292034355967603,0.8794498236805832,-3.963723111521987,-2.924080112470387,0.032026120753783166,0.1230198233521328,0.20811933787467324,0.4790866300301374,0.04293538940615698,0.718523007406358,0.09423967008703488,0.044239670087034874,3.501710051565643,-2.2870594307278225e-14,-1.0838494923781639e-07,-8.931227701847178e-09,0.016662384891048862,0.01934626161730202,0.01726347156741992,0.005263471567419919,0.0024885846348535745,0.011990531705975804,0.0572541001102615,0.0015417115510741092,0.0009466137521950088,0.0024883253032691177,0.587576718354071,0.6070171220029514,-0.0027843552265904847,-0.002774886932566306,-0.0027841580946912025,9.468294024195939e-06,-0.0027841580946912025,-0.0027746898006670065,0.4009775969884847,0.07042004445514288,1.6542290323261097,1.6867792086455273,-1.1556890391029029,1.4345196759252268,-4.875723111521988,0.00028617074406178666,0.0002863022977127698,0.0006010866763710571,0.004029774845912215,0.044029774845912216,0.00020989524112265817
research_sigma_xl_substitutes,77.0,2.582912016748271,1.578180882325712,0.9240000000000007,1.3302871104465148,-0.09571527286070447,-0.21895279582248084,-1.7971336781481928,-2.5169043423646498,0.8914399264341781,-3.9464135980639576,-2.910737219060911,0.032035700982370734,0.12548417643734758,0.20853251263511216,0.4786676900056509,0.04383070023177609,0.7176276965807389,0.09429873247689417,0.04429873247689417,3.49951681567787,8.903988657493755e-14,2.9316545169244534e-07,2.4192994718674754e-08,0.016704163897296967,0.01933148114503634,0.017357152514908547,0.005357152514908547,0.0025230565712535125,0.011989703978577682,0.0573211370551896,0.0015557717731773642,0.0009670241828783751,0.0025227959560557393,0.5859256017869771,0.6053173679872523,-0.002844391965077353,-0.002834095943654996,-0.0028441887731716917,1.0296021422318696e-05,-0.0028441887731716917,-0.002833892751749373,0.4062871104465141,0.0744827375911572,1.6589120167482703,1.691472090314093,-1.110392722256659,1.4295092556993079,-4.8704135980639585,0.0003110922232063551,0.0003110393724015219,0.0006529886176115801,0.004096882463546142,0.04409688246354614,0.0002018500133480275
research_sigma_xl_substitutes,78.0,2.5996385209082793,1.5975051682262662,0.9360000000000007,1.3476919020183025,-0.09317457060635737,-0.16159694131194047,-1.7591021095382067,-2.5045812511503476,0.9034292316377386,-3.92900880649217,-2.897353362048274,0.03204605310815254,0.12799461042745316,0.2089521821530517,0.47824091622733295,0.044744174945191326,0.7167142218673236,0.09436271581717405,0.04436271581717405,3.4971439423105277,4.1300296516055823e-14,-2.683339550557662e-09,-2.2176616099045532e-10,0.016749423839871186,0.019317166374411925,0.01745403678806312,0.005454036788063121,0.0025591835348883762,0.01198890604296915,0.057392970170754454,0.001570970872977672,0.0009879508349760267,0.0025589217079536987,0.5842436110136063,0.6035861653228898,-0.0029059472102055395,-0.0028948532531746785,-0.0029057377499294907,1.1093957030850615e-05,-0.0029057377499294907,-0.00289464379289864,0.41169190201830175,0.07861380938223517,1.6636385209082785,1.6962092892705407,-1.065026172949679,1.4244275553418224,-4.86500880649217,0.00033508981982466324,0.00033566971828636813,0.000704612948191935,0.0041665313799275905,0.04416653137992759,0.00019618443724645634
research_sigma_xl_substitutes,79.0,2.616412019642806,1.616815379536512,0.9480000000000007,1.365195184022641,-0.09059690579092772,-0.10416685548097193,-1.720982235017484,-2.4922341627250004,0.9154177385201164,-3.9115055244878314,-2.883927776551946,0.0320571778527878,0.13055202889595752,0.20937863853700397,0.4778061550876872,0.04567622217329117,0.7157821746392238,0.09443160528260364,0.044431605282603634,3.494592716203599,-2.7755575615628914e-14,-8.666314716965218e-07,-7.173075980415611e-08,0.016798154231808735,0.019303319762740394,0.017554144680917427,0.005554144680917427,0.002596998988641741,0.011988076723864205,0.057469606829282094,0.001587325577621695,0.001009410025534329,0.002596735603156024,0.5825301406397084,0.6018228838636016,-0.0029690689684115368,-0.0029571456922757866,-0.002968853016277439,1.1923276135795274e-05,-0.002968853016277439,-0.002956929740141644,0.41719518402264033,0.08281580035101238,1.6684120196428052,1.7009942811226897,-1.0195845940010884,1.419271361762831,-4.859505524487832,0.0003600097072629094,0.00036014670363394494,0.0007559904491086927,0.004238721859837313,0.044238721859837314,0.0001928834227663198
research_sigma_xl_substitutes,80.0,2.6332359806552916,1.636111983609257,0.9600000000000007,1.3828001913801373,-0.08798057262907388,-0.04665772765337628,-1.6827697112626332,-2.4798612317358217,0.927405385085467,-3.8939005171303354,-2.8704582270683665,0.0320691351973283,0.13315735499720088,0.20981202471484622,0.47736324965047583,0.046627261291586466,0.7148311355209285,0.09450538955347976,0.044505389553479754,3.4918643429669793,-3.552713678800501e-15,-2.766760813788238e-07,-2.2935194576856333e-08,0.016850347065882815,0.019289956568145975,0.01765755705000549,0.00565755705000549,0.002636506798908367,0.011987246522737638,0.05755110026717236,0.0016048231792379084,0.0010314175821749998,0.002636240761412908,0.5807845721518753,0.6000269164577964,-0.0030338037283594854,-0.003021050251097057,-0.0030335811240441175,1.275347726236234e-05,-0.0030335811240441175,-0.003020827646781755,0.4228001913801366,0.0870912531019098,1.6732359806552908,1.7058305955698247,-0.9740631127388433,1.4140392853945136,-4.853900517130336,0.0003849287126789225,0.00038454345218875627,0.0008072099841226754,0.0043135155155058225,0.04431351551550582,0.00019187403797393116
research_sigma_xl_substitutes,81.0,2.6501138674232276,1.655395456839241,0.9720000000000008,1.400510298122652,-0.08532389219311098,0.010935345053372791,-1.6444601117858682,-2.4674643052996426,0.9393922315655917,-3.8761904103878204,-2.856945360848309,0.03208186681146348,0.13581152547227074,0.21025280283213285,0.476912040669714,0.04759772038759336,0.7138606764249216,0.09458407156219995,0.04458407156219994,3.4889595525921813,-3.774758283725532e-14,-9.611049134328198e-08,-7.979408411795674e-09,0.01690600441638565,0.0192770669712376,0.01776435902638529,0.00576435902638529,0.002677713039175633,0.011986445962973657,0.05763751292783165,0.0016234542896259579,0.001053989977468805,0.002677444267094763,0.5790062779335786,0.5981975727907937,-0.003100200024235944,-0.0030866459872095353,-0.0030999705219670742,1.3554037026342752e-05,-0.0030999705219670742,-0.0030864164849407315,0.4285102981226513,0.09144283138202403,1.6781138674232268,1.7107216358576358,-0.9284568865122189,1.4087261050881779,-4.848190410387821,0.00040892368514144906,0.00040893294803402355,0.0008583546099996398,0.004390977449442862,0.04439097744944286,0.00019309411275707927
research_sigma_xl_substitutes,82.0,2.6670491454959993,1.674666278511361,0.9840000000000008,1.418328909432908,-0.08262514655072262,0.06861729820228701,-1.606048980309074,-2.455043384365539,0.9513782770114143,-3.8583717990775646,-2.8433883503090946,0.03209537358325164,0.13851549769505092,0.21070128723114134,0.4764523653918414,0.04858803898713038,0.7128703578253845,0.09466765772813168,0.04466765772813168,3.4858789994329435,-7.838174553853605e-14,-2.952018667290446e-07,-2.4546959437321547e-08,0.016965130824189947,0.01926465397753016,0.017874602325315347,0.005874602325315347,0.0027206473041101464,0.011985644425109132,0.057728886511946687,0.001643230511696669,0.0010771451504533955,0.0027203756621500645,0.5771946165443158,0.5963341849921012,-0.003168310596096069,-0.0031539550212053014,-0.003168073971921752,1.4355574890868167e-05,-0.003168073971921752,-0.0031537183970308837,0.43432890943290714,0.09587320800079552,1.6830491454959984,1.715670868484585,-0.8827609788091273,1.4033284147120257,-4.842371799077565,0.00043291767950348614,0.0004333077170950543,0.0009094715011254001,0.004471137617382298,0.0444711376173823,0.00019652011074938053
research_sigma_xl_substitutes,83.0,2.6840452877973093,1.6939249289227014,0.9960000000000008,1.4362595027732827,-0.07988259758489069,0.12639311807726616,-1.5675318108454352,-2.4425984699406356,0.96336352041581,-3.8404412057371897,-2.829786344463562,0.03210965645502372,0.14127024728263798,0.21115780054592703,0.4759840579619516,0.049598667346877026,0.7118597294656379,0.0947561613639787,0.0447561613639787,3.4826231376385057,3.7969627442180354e-14,-8.761856744587959e-07,-7.297321363841647e-08,0.01702773570631276,0.019252720813474924,0.017988343132721463,0.005988343132721462,0.0027653415720781394,0.011984811214491464,0.05782526799717791,0.0016641650823010278,0.0011009017530906628,0.0027650668353916908,0.5753489343206325,0.594436072389534,-0.003238190346151859,-0.0032230015606434237,-0.003237946332619597,1.5188785508536001e-05,-0.003237946332619597,-0.003222757547111061,0.44025950277328196,0.10038510661678862,1.6880452877973084,1.7206817673814994,-0.8369704023385438,1.3978427357965542,-4.836441205737191,0.0004578336754290646,0.0004576599885651837,0.0009606074264087022,0.004554029631650358,0.04455402963165036,0.0002021317323283381
research_sigma_xl_substitutes,84.0,2.701105779163688,1.7131718916862606,1.0080000000000007,1.4543055956983508,-0.07709446340656634,0.18426783419664283,-1.5289040574896178,-2.430127717014681,0.9753478994403972,-3.8223951128121216,-2.816137019877023,0.032124775728193146,0.14407677139143846,0.2116225171375025,0.47550694886345546,0.05063006783474475,0.7108283289777702,0.09484959922300033,0.04484959922300033,3.4791923498183577,7.682743330406083e-14,5.217186060946233e-08,4.352135540841573e-09,0.017093830913519487,0.01924128345787651,0.018105679421766552,0.0061056794217665515,0.002811808813391492,0.011983976879172797,0.057926735040782884,0.0016862518313344075,0.0011252783250062146,0.0028115301563406223,0.5734685631677362,0.5925025755248488,-0.003309893729202318,-0.003293870608375049,-0.00330964213237122,1.6023120827202836e-05,-0.00330964213237122,-0.0032936190115440173,0.44630559569835015,0.10498126726409623,1.6931057791636872,1.7257578797232906,-0.7910800652437544,1.3922673957974405,-4.8303951128121225,0.00048274854665342204,0.00048206179498356747,0.0010118485082470652,0.00463972924563999,0.04463972924563999,0.0002098699773603399
research_sigma_xl_substitutes,85.0,2.718234120013005,1.7324076602144074,1.0200000000000007,1.4724708616168158,-0.07425897995810771,0.24224658815883193,-1.4901610720555754,-2.417632972847329,0.9873314741741556,-3.804229846893657,-2.8024409237273997,0.03214067320588007,0.14693608172945646,0.21209593436399463,0.47502086610599237,0.05168271253915777,0.7097756842733571,0.09494800215965221,0.04494800215965221,3.4755865578415746,-8.881784197001252e-14,4.97317665049124e-07,4.1553685048434374e-08,0.01716343827134914,0.01923033297964641,0.018226712763391828,0.006226712763391828,0.0028600644022708233,0.011983171995113728,0.058033357587452705,0.0017094878711576861,0.001150293751754935,0.0028597816229126213,0.571552825241264,0.5905329518644429,-0.003383476366007332,-0.0033666483611209386,-0.0033832169169262793,1.6828004886271924e-05,-0.0033832169169262793,-0.0033663889120400074,0.45247086161681516,0.1096645651080686,1.6982341200130044,1.7309026458388495,-0.7450848860153236,1.3865968740463277,-4.824229846893657,0.0005067391948208044,0.0005065839588501812,0.0010632744920426873,0.004728315462813243,0.044728315462813244,0.0002196866968389652
research_sigma_xl_substitutes,86.0,2.73543383489833,1.7516327191712135,1.0320000000000007,1.4907590212251345,-0.07137433460202469,0.30033454937154824,-1.4512981697996654,-2.405114238625039,0.9993142434306247,-3.785941687285338,-2.7886971264396476,0.032157349998036835,0.14984921048298333,0.21257840267035302,0.4745256342178928,0.05275708562380553,0.7087013111887094,0.09505140407498777,0.04505140407498777,3.4718056320310327,-7.127631818093505e-14,3.626438025428058e-07,3.035125845096687e-08,0.0172365817604149,0.01921987333461061,0.018351512957280547,0.006351512957280547,0.0029101473242118536,0.011982365895311153,0.0581452003747574,0.001733891235484236,0.0011759689310682823,0.0029098601665525185,0.5696010289764011,0.5885264810093311,-0.00345899973775754,-0.003441365633068738,-0.0034587321502008305,1.763410468884688e-05,-0.0034587321502008305,-0.0034410980455119836,0.4587590212251338,0.11443789818972272,1.7034338348983293,1.7361195914677054,-0.6989796940590765,1.3808274486602992,-4.817941687285339,0.000530728627244903,0.0005312183088568394,0.0011149311968656483,0.004819833102783694,0.044819833102783695,0.00023157097220407458
research_sigma_xl_substitutes,87.0,2.7527084724907436,1.770847569773504,1.0440000000000007,1.509173887531377,-0.068438685309684,0.35853698890834673,-1.4123105808651573,-2.392571515592839,1.0112962059647779,-3.7675268209790955,-2.774904668780037,0.0321748072693384,0.15281721118812067,0.2130702829926571,0.4740210740980195,0.05385368384204442,0.7076047129704706,0.0951598462278831,0.04515984622788309,3.4678492355876216,-3.086420008457935e-14,-4.820455585807792e-07,-4.0412614615847886e-08,0.01731329056603831,0.019209908650619455,0.018480155249003816,0.006480155249003815,0.0029620990599102948,0.011981527819416249,0.05826234020186499,0.0017594817063852797,0.001202325795567098,0.0029618075019523776,0.5676124685039591,0.5864824275781394,-0.0035365283696772165,-0.0035180561890935103,-0.00353625233990323,1.8472180583751358e-05,-0.00353625233990323,-0.0035177801593194785,0.46517388753137623,0.11930423131363599,1.7087084724907429,1.7414122665259657,-0.6527592170564311,1.3749553053862567,-4.811526820979096,0.0005556397578927452,0.0005559571291832259,0.0011668646829655072,0.004914331282020068,0.04491433128202007,0.0002455149458630221
research_sigma_xl_substitutes,88.0,2.7700616142597076,1.7900527112532378,1.0560000000000007,1.5277193317231421,-0.0654501364822041,0.41685922977527823,-1.3731934814779596,-2.3800029591092535,1.0232772990694572,-3.7489813767873303,-2.76106111684643,0.0321931056659626,0.1558411595758072,0.21357178902553065,0.4735070028721128,0.054973017051241406,0.7064853797612736,0.09527337320889222,0.045273373208892215,3.4637169744841145,-6.439293542825908e-14,-2.7209877861977816e-07,-2.2850704023413826e-08,0.017393596230272493,0.019200455838066233,0.0186127378273393,0.006612737827339298,0.0030159529725325984,0.011980657654049098,0.058384861395850196,0.0017862697301537203,0.0012293864364534299,0.00301565616660715,0.5655864230842091,0.5844000764981094,-0.0036161272007576573,-0.003596784854806634,-0.003615842460157147,1.9342345950901924e-05,-0.003615842460157147,-0.003596500114206245,0.4717193317231414,0.12426656075376286,1.714061614259707,1.7467843151902505,-0.606418069294179,1.3689784176780768,-4.804981376787331,0.0005814724733848031,0.0005808318822741014,0.0012191415970668057,0.005011882092754577,0.04501188209275458,0.0002614911161376368
research_sigma_xl_substitutes,89.0,2.7874968770368724,1.8092486536175296,1.0680000000000007,1.5463993631860555,-0.0624067793646188,0.4753067117000471,-1.3339419419174825,-2.3674085706460692,1.035257521272876,-3.730301345324417,-2.747165450725463,0.03221224656456563,0.1589221497966977,0.21408330333214645,0.47298323453456137,0.056115607022266666,0.7053427897902482,0.09539204036170382,0.045392040361703814,3.4594081303714534,3.441691376337985e-14,7.991366628434804e-07,6.722802037284481e-08,0.017477537901623263,0.01919151952867879,0.018749401055983217,0.006749401055983217,0.0030717234565953433,0.011979816721748526,0.05851287908887526,0.0018142479893586633,0.0012571728323612903,0.0030714208217199534,0.5635221596362124,0.5822786635146315,-0.003697860877639403,-0.0036776775993879185,-0.003697567154003795,2.0183278251473952e-05,-0.003697567154003795,-0.003677383875752321,0.4783993631860548,0.12932799549914514,1.7194968770368717,1.7522393557639964,-0.559950809572829,1.3628927746783477,-4.798301345324417,0.0006063807476273109,0.0006059541427925301,0.0012718631543599535,0.005112600165028014,0.045112600165028015,0.0002794401966757995
research_sigma_xl_substitutes,90.0,2.8050179189650106,1.8284359137295148,1.0800000000000007,1.5652181338351085,-0.059306689569013415,0.5338849879530287,-1.294550925776486,-2.3547901976139993,1.0472369325129542,-3.711482574675364,-2.7332180580283083,0.032232171909156504,0.1620612939336382,0.2146053792231488,0.4724495800312815,0.057281987462494764,0.7041764093500201,0.0955159137118454,0.04551591371184539,3.4549216688179483,-6.8833827526759706e-15,5.811108905184881e-07,4.897309019424867e-08,0.017565162284616714,0.01918309218921374,0.018890235124840227,0.0068902351248402265,0.00312945971862566,0.011978974254730046,0.05864647853856719,0.0018434420498626006,0.0012857093419116827,0.0031291513917742833,0.5614189330644623,0.5801173760570211,-0.003781801151484465,-0.0037607754062146115,-0.0037814980644461254,2.1025745269954293e-05,-0.0037814980644461254,-0.003760472319176171,0.4852181338351078,0.13449176108381888,1.7250179189650099,1.7577809864520564,-0.5133519445599255,1.3566923770613646,-4.791482574675364,0.0006312874871521323,0.0006313156875889063,0.0013250728402235123,0.005216547063566501,0.0452165470635665,0.0002993666482788912
research_sigma_xl_substitutes,91.0,2.822628445710702,1.8476150094050103,1.0920000000000007,1.584179833435736,-0.05614785992736748,0.5925996687771815,-1.2550153406278288,-2.342145995671765,1.0592154697823362,-3.6925208750747363,-2.7192164043551976,0.032252942626452695,0.16525973047817974,0.21513826600436825,0.4719058458187094,0.05847270738336032,0.7029856894291546,0.09564505945112778,0.045645059451127776,3.4502566247932727,-2.930988785010413e-14,7.427357890943398e-07,6.270687072373882e-08,0.017656516201402808,0.01917519154640688,0.019035335792226715,0.007035335792226715,0.0031892136528059445,0.011978099447761181,0.05878575101870709,0.001873877528701737,0.0013150213800982812,0.0031888989088000182,0.5592759805796195,0.5779154545790995,-0.0038680226916595895,-0.00384612213942076,-0.0038677099414655336,2.1900552238818954e-05,-0.0038677099414655336,-0.0038458093892267146,0.49217983343573524,0.13976108962627815,1.7306284457107013,1.7634129759283659,-0.46661580100515465,1.3503748794029713,-4.784520875074737,0.0006571155610426427,0.000656908486614826,0.001378819590823907,0.005323788905244792,0.04532378890524479,0.00032127054588298315
research_sigma_xl_substitutes,92.0,2.840332214452301,1.8667864659526299,1.1040000000000008,1.603288805419562,-0.052928262263401527,0.6514564899904429,-1.215329975962187,-2.3294759664919136,1.0711931314084766,-3.6734119030909103,-2.705159360946658,0.03227456028056927,0.16851861651799757,0.2156823845038376,0.4713518351919404,0.05968832843001555,0.7017700683824993,0.09577955467320141,0.04577955467320141,3.445411717834309,4.884981308350689e-15,9.952597463946944e-07,8.418079586181015e-08,0.01775165418577393,0.019167823164417733,0.019184860015951433,0.007184860015951432,0.0032510075622175227,0.01197725373459746,0.058930831511995185,0.0019055521488882353,0.0013451338344949342,0.0032506859833831697,0.5570925269329415,0.5756720905202797,-0.003956598719136339,-0.003933852453733899,-0.0039562759838086305,2.2746265402540794e-05,-0.0039562759838086305,-0.00393352971840609,0.4992888054195612,0.14513933889430847,1.7363322144523001,1.7691390830438243,-0.4197366414180337,1.3439359365989967,-4.777411903090911,0.0006820190544214455,0.0006828448915163869,0.001433205830177503,0.00543445394600231,0.04543445394600231,0.0003451007271991005
research_sigma_xl_substitutes,93.0,2.8581330380145102,1.8859508226779422,1.1160000000000008,1.6225495534676388,-0.04964584480293244,0.7104613318011719,-1.1754894908767703,-2.316781957562922,1.083169977251531,-3.6541511550428334,-2.6910471972614265,0.03229696688787669,0.17183912866938614,0.21623832925503003,0.4707873481262044,0.060929425455799276,0.7005289713567157,0.09591948771129447,0.04591948771129446,3.4403853468573384,3.6415315207705135e-14,-9.089384007676671e-07,-7.702313836732699e-08,0.01785063872207078,0.01916098049190654,0.019338879751965132,0.007338879751965132,0.003314920654795439,0.011976344643749082,0.05908181197985507,0.0019385170458461607,0.0013760756186421159,0.003314592664488277,0.5548677837915112,0.5733864262128661,-0.004047614453420667,-0.004023959097169683,-0.0040472812313003415,2.3655356250918552e-05,-0.0040472812313003415,-0.004023625875049423,0.5065495534676381,0.15062999751828277,1.7421330380145095,1.7749630607629792,-0.3727086454503592,1.3373691974799113,-4.770151155042834,0.000708766518748849,0.0007090384423742539,0.0014882410298943521,0.005548580456002261,0.04554858045600226,0.00037090725529220075
research_sigma_xl_substitutes,94.0,2.876034793076965,1.9051086187326787,1.1280000000000008,1.6419665649234922,-0.04629842095381065,0.7696201139501531,-1.1354885047825256,-2.304058433454416,1.0951458206959748,-3.6347341435869804,-2.676874385144426,0.03232034297761418,0.17522247739473037,0.21680607172006355,0.47021217884289584,0.06219659212618766,0.6992618046863273,0.09606494049960423,0.04606494049960423,3.435176228536357,6.616929226765933e-14,4.514124960497412e-07,3.832518907787019e-08,0.017953527768146876,0.019154707003785475,0.01949754619087052,0.007497546190870518,0.003380991822351409,0.011975402861425954,0.05923883210175551,0.0019727812192179045,0.0014078745774823843,0.003380655796700289,0.5526009401455305,0.5710577215665772,-0.004141151507093266,-0.004116554368519154,-0.004140807580830542,2.45971385740458e-05,-0.004140807580830542,-0.0041162104422564965,0.5139665649234915,0.156236499806313,1.7480347930769644,1.7808889723809904,-0.3255257067458217,1.3306757101325646,-4.762734143586981,0.0007364349659182423,0.0007355625461677,0.001544018422723642,0.005666287887786031,0.04566628788778603,0.0003986526118181996
research_sigma_xl_substitutes,95.0,2.89404142137336,1.9242604161715036,1.1400000000000008,1.6615446458493799,-0.04288386115822962,0.8289389960046829,-1.0953214201668207,-2.2913090876310855,1.107120782974383,-3.6151560626610926,-2.6626425472863122,0.03234457116814603,0.17866988171982368,0.21738639599214735,0.46962612010763,0.06349043171972717,0.6979679650927878,0.09621602067953684,0.04621602067953684,3.429782251119269,1.3322676295501878e-14,8.35901100559866e-07,7.110573091440031e-08,0.018060397466383035,0.019148984392738166,0.01966105224509518,0.007661052245095178,0.0034492413041157244,0.01197452071813998,0.059402045809821113,0.002008339326920208,0.0014405579507270883,0.003448897277647296,0.5502911792477181,0.5686850534306672,-0.004237290222839363,-0.004211810940979388,-0.004236935149197318,2.5479281860019826e-05,-0.004236935149197318,-0.004211455867337299,0.5215446458493791,0.16196257329385483,1.754041421373359,1.7869206383989769,-0.2781817869697001,1.323846975030007,-4.755156062661094,0.0007622557034916433,0.0007625696368637296,0.0016006547787121433,0.005787738359166017,0.04578773835916602,0.0004282823203708222
research_sigma_xl_substitutes,96.0,2.912156941351731,1.9434067693499277,1.1520000000000008,1.6812886694136826,-0.0393999383455792,0.8884242055697953,-1.0549825637801324,-2.2785339220474325,1.1190948621322547,-3.59541203909679,-2.648350379841432,0.03236965328667517,0.18218258719926667,0.2179797840679451,0.4690289601761247,0.06481156410120252,0.6966468327113124,0.09637283646711711,0.04637283646711711,3.4242013838888887,9.969802761133906e-14,-1.7645424832402057e-07,-1.5039601619637466e-08,0.01817132436562849,0.019143819684091238,0.019829471335672588,0.007829471335672588,0.0035197683804951696,0.01197357479561545,0.059571553168119906,0.002045257358104303,0.0014741588837107922,0.0035194162418150953,0.5479376665764913,0.5662675508655024,-0.00433612815956208,-0.004309702955177519,-0.004335761422678801,2.642520438455101e-05,-0.004335761422678801,-0.00430933621829425,0.5292886694136818,0.16781197652464502,1.7601569413517304,1.7930620792194765,-0.23067065656245944,1.3168781170493573,-4.74741203909679,0.0007899200104592996,0.0007899345746822488,0.0016581469700440998,0.005912967298564137,0.04591296729856414,0.00045986916855297183
research_sigma_xl_substitutes,97.0,2.9303854485781913,1.9625482521893376,1.1640000000000008,1.701203588520725,-0.03584432439723928,0.9480821023409227,-1.0144661498484149,-2.2657292476101674,1.1310679325656139,-3.5754971199897474,-2.633993659882229,0.032395710801720205,0.1857618708067572,0.21858641414522917,0.4684204819628513,0.06616062785460176,0.6952977689579132,0.09653549788202145,0.04653549788202145,3.4184316364463325,-1.9095836023552692e-14,8.067726542382303e-07,6.890095594069834e-08,0.018286386290582823,0.01913924495336389,0.020002993004852643,0.008002993004852643,0.003592610395733997,0.011972626711206802,0.059747524871198054,0.0020835406611940874,0.001508708258166387,0.003592248919360474,0.5455395465594726,0.5638043905442853,-0.004437755897911955,-0.004410382609118746,-0.004437377229901139,2.7373288793198364e-05,-0.004437377229901139,-0.004410003941107941,0.5372035885207243,0.1737885078909831,1.7663854485781905,1.7993175160125774,-0.18298583022469117,1.30976787237958,-4.739497119989748,0.0008175821555429508,0.0008177722133846481,0.0017166067142698194,0.0060421297917012395,0.04604212979170124,0.0004933680903202106
research_sigma_xl_substitutes,98.0,2.9487311244131993,1.981685446139919,1.1760000000000008,1.7212946554233879,-0.032214717554111205,1.0079192553121914,-0.9737661908277275,-2.2528987577363466,1.1430401155546683,-3.5554060530870846,-2.6195738539214157,0.03242262628646801,0.18940901871605034,0.21920712407779175,0.4678004668182715,0.06753827219852956,0.6939201246139853,0.09670413720570918,0.04670413720570918,3.4124703403125713,2.398081733190338e-14,-5.565699316978368e-07,-4.762996747009751e-08,0.018405676813279426,0.019135243256116038,0.020181778031969966,0.008181778031969966,0.00366782994248549,0.01197167628519158,0.05993011679339166,0.0021232201742689893,0.0015442393964877437,0.003667459570756733,0.5430959574602462,0.5612946025968556,-0.004542271804292675,-0.004513948089484132,-0.004541880577905128,2.8323714808421024e-05,-0.004541880577905128,-0.004513556863096707,0.5452946554233871,0.1798962361080475,1.7727311244131985,1.805691008858531,-0.13512086024247694,1.302507295350738,-4.731406053087086,0.0008452419590194715,0.0008461181469989858,0.00177610121869054,0.006175349211078512,0.04617534921107851,0.0005287879946306653
research_sigma_xl_substitutes,99.0,2.967198240718429,2.0008189468351794,1.1880000000000008,1.741567144584665,-0.0285086645122683,1.067942335927706,-0.9328766109074733,-2.2400387636921284,1.155011285135997,-3.5351335639258075,-2.605086635472876,0.032450521545131214,0.19312535501086672,0.2198421283303687,0.46716868964815267,0.06894516810164844,0.6925132287108665,0.09687888192230874,0.04687888192230874,3.4063151168965895,-3.68594044175552e-14,-9.45603304769449e-07,-8.109096300001895e-08,0.018529286112260193,0.019131847493011857,0.020365959191461114,0.008365959191461114,0.0037455149261230725,0.01197066159019966,0.06011947666184658,0.002164346092279976,0.0015807886906909448,0.0037451347829709205,0.5406060121427193,0.5587373299048662,-0.004649782675138436,-0.004620444265338086,-0.004649378502032191,2.9338409800339776e-05,-0.004649378502032191,-0.004620040092231851,0.5535671445846642,0.18613920631314013,1.7791982407184281,1.812186955582432,-0.087068949208291,1.295094800233679,-4.723133563925808,0.0008747448421526638,0.0008749293392149686,0.0018366730792009206,0.006312717731334738,0.04631271773133474,0.0005661641909740014
research_sigma_xl_substitutes,100.0,2.98579116769406,2.0199493583201074,1.2000000000000008,1.7620265738063101,-0.02472368770186506,1.1281582086358846,-0.8917911496842228,-2.2271492680520417,1.1669814387350677,-3.5146741347041623,-2.5905304907158397,0.032479398983838066,0.1969122201884392,0.22049198223710206,0.4665249225679653,0.07038200048126916,0.6910763963312457,0.09705987543285917,0.047059875432859166,3.399963151902831,-5.329070518200751e-15,-9.255640567307211e-07,-7.954079542238368e-08,0.018657315625223797,0.01912906632863518,0.020555731167750224,0.008555731167750224,0.003825724282586873,0.011969613271331392,0.0603157843796025,0.002206941776784494,0.0016183918213917724,0.0038253335981762665,0.5380688124737456,0.5561316336919605,-0.004760393613831959,-0.004730006885163396,-0.004759975945269919,3.0386728668608393e-05,-0.004759975945269919,-0.004729589216601311,0.5620265738063093,0.19252167157071698,1.785791167694059,1.8188097289589922,-0.03882323009918309,1.2875248666521206,-4.714674134704163,0.0009051677757261345,0.0009042826025764776,0.001898415542526427,0.0064543907659600774,0.04645439076596008,0.0006054846668990879
research_sigma_xl_substitutes,101.0,3.004514379102813,2.039077299723418,1.2120000000000009,1.7826786069201654,-0.020857215947094554,1.188573904686911,-0.8505033950365068,-2.214228428140676,1.1789505116786598,-3.494022101590307,-2.5759024145361966,0.032509321085337835,0.2007709828738302,0.22115710049787934,0.4658689329114489,0.07184947294628906,0.6896089238662259,0.09724726729193417,0.04724726729193417,3.3934115496464003,-3.108624468950438e-14,8.247429945651419e-07,7.10295955941298e-08,0.018789871142699296,0.01912692121575287,0.020751314588355663,0.008751314588355662,0.003908509503574131,0.011968593213389833,0.060519237867311726,0.002251021716672123,0.0016570853098754142,0.003908107026547537,0.5354834414745338,0.5534765896403704,-0.004874211871391587,-0.004842805084781465,-0.004873780323162984,3.1406786610167076e-05,-0.004873780323162984,-0.004842373536552817,0.5706786069201646,0.19904798784506028,1.7925143791028122,1.8255638674241532,0.009623393008251213,1.279793673449631,-4.706022101590308,0.0009346652959094648,0.0009342955812073998,0.001961443445656366,0.0066005493485448985,0.0466005493485449,0.0006467179433892675
research_sigma_xl_substitutes,102.0,3.02337245998327,2.0582034016350663,1.2240000000000009,1.8035292029830214,-0.016906668694716798,1.249196684370508,-0.8090067172645583,-2.2012799374602228,1.1909186251618473,-3.473171505527451,-2.5612036262559057,0.03254017050129414,0.20470302444039498,0.22183840576147848,0.46520048584513285,0.07334830227122507,0.6881100945412899,0.09744122711823926,0.047441227118239254,3.3866568572619085,1.1546319456101628e-14,-1.8613465280203911e-07,-1.6065852648239343e-08,0.018927072647995424,0.01912539722535204,0.020952886358943434,0.008952886358943434,0.003993959153673621,0.011967570289014517,0.06073002278020567,0.0022966357784636993,0.001696909655693243,0.003993545434156942,0.5328489736249353,0.5507711611148068,-0.004991356916255352,-0.0049589272052698585,-0.004990910752038951,3.242971098548278e-05,-0.004990910752038951,-0.004958481041053469,0.5795292029830206,0.20572277026780678,1.799372459983269,1.8324538348214225,0.05827805920866069,1.271891568067228,-4.697171505527452,0.0009641599496590381,0.0009649680515961927,0.00202581371094801,0.006751326083170223,0.046751326083170223,0.0006899010350690307
research_sigma_xl_substitutes,103.0,3.042370112421126,2.077328312803708,1.2360000000000009,1.8245843796380523,-0.012869297639747312,1.3100339502473224,-0.7672943625563855,-2.188300108241358,1.2028856522566889,-3.45211632887242,-2.546429558437975,0.0325720699365854,0.20870976620943318,0.22253619649825704,0.4645193397443964,0.07487922908579143,0.6865791677267234,0.09764192119844976,0.04764192119844976,3.3796958923954414,-8.126832540256146e-14,-7.914608797232603e-07,-6.846684966199668e-08,0.019069037767440247,0.019124529174045467,0.02116059751199517,0.009160597511995171,0.0040821881453603215,0.011966451239242892,0.06094831651526389,0.0023438535543051273,0.0017379089205442502,0.004081762474849378,0.5301644566396797,0.5480144206762023,-0.005111958127391902,-0.005078409366634784,-0.0051114968251301475,3.3548760757107915e-05,-0.0051114968251301475,-0.0050779480643730395,0.5885843796380514,0.21255064001140073,1.8063701124211253,1.8394844601644373,0.10714829799063352,1.2638162206310621,-4.688116328872421,0.0009964195009615207,0.0009962212212745285,0.0020915597445549244,0.006906824073569101,0.0469068240735691,0.0007350971248806584
research_sigma_xl_substitutes,104.0,3.061512164777192,2.0964526924544327,1.2480000000000009,1.8458503980070118,-0.008742292403996155,1.3710933174010358,-0.7253593750533969,-2.1752870984582993,1.214851527640333,-3.4308503105034607,-2.5315770071797967,0.03260508248027739,0.21279264982375334,0.22325095619631316,0.46382524952996196,0.07644301076714718,0.6850153860453677,0.09784952971918241,0.04784952971918241,3.372525151087229,-5.3290705182007514e-14,2.104247218692734e-07,1.824487147472631e-08,0.01921589395977369,0.019124340132612466,0.021374714422623953,0.009374714422623952,0.004173249500355136,0.011965328938153608,0.06117435039470687,0.002392686457134627,0.001780124072065563,0.00417281052920019,0.5274289246180852,0.5452053913724767,-0.005236135984115264,-0.005201464922268806,-0.005235659035486951,3.46710618463926e-05,-0.005235659035486951,-0.005200987973640559,0.5978503980070109,0.21953641841494498,1.813512164777191,1.8466606371368588,0.1562417897607027,1.2555632120451614,-4.678850310503462,0.0010286758009463437,0.00102821542191368,0.002158820462850264,0.0070672665019207714,0.04706726650192077,0.0007822632172616376
research_sigma_xl_substitutes,105.0,3.080803577968681,2.115577217062514,1.260000000000001,1.8673338084833002,-0.00452279863903704,1.4323826510367361,-0.6831945660257777,-2.162242756639465,1.226816310132996,-3.4093669000271722,-2.5166455453378234,0.03263915111797321,0.21695313401237895,0.22398351986982676,0.4631179672178956,0.07804042053669741,0.6834179762758175,0.09806425087076112,0.04806425087076112,3.365140681438611,2.7977620220553945e-14,1.2929718606891072e-07,1.1236888669552414e-08,0.01936778141903124,0.019124829228873125,0.021595461666247484,0.009595461666247484,0.004267233924765579,0.01196420321093028,0.06140834912827364,0.002443180808673317,0.0018236006106066122,0.004266781419279929,0.524641400211706,0.5423430158642776,-0.005364024530551625,-0.005328227741481839,-0.005363531207666507,3.579678906972042e-05,-0.005363531207666507,-0.005327734418596786,0.6073338084832993,0.22668517301524227,1.82080357796868,1.8539872678356848,0.20556634090374004,1.2471241433877074,-4.669366900027173,0.0010609286747973456,0.0010609938167163262,0.0022276802472162432,0.007232829649161887,0.04723282964916189,0.0008314212215992309
research_sigma_xl_substitutes,106.0,3.100249453528617,2.134702580963311,1.272000000000001,1.8890413213395068,-0.00020782455446499704,1.493910015657583,-0.640792565305728,-2.1491652411087045,1.2387799340621937,-3.3876593871709657,-2.5016318137634417,0.032674339264696386,0.2211927102036192,0.22473442411243985,0.46239723926538473,0.07967225381209733,0.6817861430004176,0.09828628762662213,0.048286287626622126,3.3575385536345683,-7.904787935331115e-14,8.014088392904739e-08,6.981427380647887e-09,0.019524843722682095,0.019126020778102295,0.02182305755443492,0.009823057554434921,0.004364248054819719,0.011963042814897573,0.061650542593969515,0.0024953942995688924,0.0018683871656936908,0.004363781465262583,0.5218008841635751,0.5394262814933836,-0.005495766684717518,-0.0054588094996150804,-0.005495256369687326,3.69571851024271e-05,-0.005495256369687326,-0.005458299184584899,0.6170413213395058,0.23400207771326875,1.8282494535286162,1.8614695194664235,0.2551300815953894,1.2384941460622612,-4.659659387170967,0.001094100554155375,0.0010945614447954825,0.0022982138317528267,0.007403680580913619,0.04740368058091362,0.000882607045708507
research_sigma_xl_substitutes,107.0,3.1198550416712996,2.153829499030344,1.284000000000001,1.91097992359217,0.004205697470602399,1.5556837362246752,-0.598145762805669,-2.136054555531154,1.2507423957627912,-3.3657207849183024,-2.486533794160629,0.03271065034343656,0.22551289116363607,0.22550439732938024,0.4616628085021819,0.08133932423864564,0.6801190725738693,0.09851585861452097,0.04851585861452097,3.3497144991776877,-4.574118861455645e-14,-7.924840941253564e-07,-6.920453859970976e-08,0.01968723552160284,0.019127927498293118,0.02205773136381972,0.010057731363819721,0.0044644037616652366,0.011961816231796263,0.06190116343578289,0.002549388365636171,0.0019145343170352636,0.0044639226826714345,0.5189063629203639,0.5364541262700782,-0.0056315113703582775,-0.005593327602154585,-0.005630983285397835,3.8183768203737395e-05,-0.005630983285397835,-0.005592799517194097,0.6269799235921691,0.2414925341770695,1.8358550416712986,1.8691126459085083,0.3049413404618839,1.2296662293871483,-4.649720784918303,0.0011291135950775022,0.001128923840489248,0.00237049584221688,0.007579995731742173,0.047579995731742174,0.0009358628827787971
research_sigma_xl_substitutes,108.0,3.139625752027017,2.172958697185203,1.296000000000001,1.9331567840671462,0.008720982968865476,1.6177123425291489,-0.555246354656054,-2.1229070139185495,1.2627035665257862,-3.3435439244433263,-2.4713465387124085,0.0327482087216604,0.22991522129072103,0.22629386938487925,0.4609144123805774,0.08304246805534257,0.6784159287571724,0.09875318797000099,0.048753187970000986,3.341664272147312,3.907985046680551e-14,4.5965006045811663e-07,4.023890243232131e-08,0.019855115362717973,0.019130587337316197,0.02229975954163277,0.010299759541632768,0.00456779576056543,0.01196055438845467,0.062160475209569244,0.0026052051215068902,0.0019620934037417495,0.00456729852524864,0.5159568017352169,0.5334255324079761,-0.005771409392612781,-0.0057319637810674395,-0.0057708629521816155,3.94456115453308e-05,-0.0057708629521816155,-0.005731417340636285,0.6371567840671453,0.2491620691767531,1.8436257520270163,1.876922185501231,0.35500877600336267,1.2206369105247767,-4.639543924443327,0.0011650450500757525,0.0011641680205019093,0.0024446441789147955,0.007761999014026938,0.04776199901402694,0.000991188955974047
research_sigma_xl_substitutes,109.0,3.1595671599456456,2.1920909274287377,1.308000000000001,1.9555794426754356,0.013341288991733258,1.6800046866438136,-0.512086240784924,-2.109724465431003,1.2746635045397006,-3.321121265835037,-2.4560692696295368,0.03278695797327287,0.23440125841835302,0.22710379425253016,0.46015178606887996,0.08478253746923047,0.6766758593432844,0.09899852362952542,0.04899852362952542,3.333383043518242,8.526512829121202e-14,9.615750531377643e-07,8.43914987891381e-08,0.020028658629026225,0.01913400227021212,0.022549448098305724,0.010549448098305724,0.004674512969636946,0.011959319505887023,0.06242875880475951,0.0026628819106359366,0.0020111170141651463,0.004673998924801083,0.5129511568597034,0.5303393715461593,-0.005915615622781645,-0.005874935128668657,-0.005915050041662196,4.06804941129775e-05,-0.005915050041662196,-0.005874369547549219,0.6475794426754347,0.2570165322051234,1.8515671599456447,1.884903655405945,0.4053411821041131,1.2113968004040339,-4.629121265835038,0.0012000497915316544,0.0012004221590318324,0.0025207894692794997,0.007949943350888583,0.047949943350888584,0.0010485802786368362
research_sigma_xl_substitutes,110.0,3.1796850192684363,2.211226952345289,1.320000000000001,1.9782556802637576,0.018070008908139368,1.7425698601386679,-0.46865709220662133,-2.096506914335486,1.2866222055375602,-3.298445028246715,-2.4406996855929473,0.032826902081933965,0.23897258684073222,0.22793499602633216,0.4593746602370755,0.08656040608971263,0.6748979907228023,0.09925212356465604,0.04925212356465604,3.3248658884867823,6.661338147750939e-15,-2.850849398772226e-07,-2.5084715110645917e-08,0.020208047802061424,0.019138187412512418,0.022807031477813933,0.010807031477813932,0.0047847064743336,0.011958017597945902,0.06270627974518361,0.002722509967358122,0.0020616653921094914,0.0047841753594676135,0.5098883668167093,0.5271945300322078,-0.006064307405534486,-0.006022325003480433,-0.0060637217414985034,4.1982402054097784e-05,-0.0060637217414985034,-0.006021739339444406,0.6582556802637567,0.26506195587853026,1.8596850192684353,1.893062813730876,0.45594765460110764,1.2019381139112286,-4.6184450282467155,0.001236894856246673,0.0012376185291467327,0.0025989836757525087,0.008144001570062287,0.04814400157006229,0.0011081219945937512
research_sigma_xl_substitutes,111.0,3.1999852676048817,2.23036757036239,1.332000000000001,2.0011935056310635,0.022910701940400457,1.8054172461341809,-0.4249503242282091,-2.083250675718509,1.2985795397355924,-3.275507202879409,-2.4252325471146814,0.03286816641750422,0.2436308265749325,0.22878800366594368,0.45858275948226146,0.0883769729856023,0.6730814238269126,0.0995142542289778,0.0495142542289778,3.3161078536616966,-1.1546319456101628e-14,-4.857707465166783e-07,-4.285568247497373e-08,0.020393471363292323,0.019143183054944075,0.023072811212158095,0.011072811212158095,0.004898500011101925,0.011956648286325477,0.0629933462086053,0.0027841516153990593,0.0021137991930782296,0.0048979508084772885,0.5067673461947951,0.5239899345651806,-0.006217662914730693,-0.006174311201056104,-0.006217056450230088,4.335171367452276e-05,-0.006217056450230088,-0.006173704736555565,0.6691935056310625,0.27330453534524796,1.8679852676048807,1.9014057278692893,0.5068377063985885,1.1922565271608998,-4.60750720287941,0.0012755798659151996,0.001275811189954245,0.002679339848865772,0.008344414700581448,0.04834441470058145,0.0011698395283963534
research_sigma_xl_substitutes,112.0,3.2204740408113497,2.2495135982738805,1.344000000000001,2.024401302688074,0.027867008930343218,1.8685565525558785,-0.38095704571800204,-2.069955754603656,1.3105355021102112,-3.2522994058223986,-2.4096653404449273,0.03291075566911414,0.24837761221402346,0.22966371304581976,0.457775805923616,0.09023315490827435,0.6712252419042406,0.09978520405228157,0.04978520405228157,3.307103524357173,5.773159728050814e-15,-7.477330183913722e-07,-6.614383091241294e-08,0.0205851333395127,0.019149006018517864,0.02334711889441099,0.01134711889441099,0.005016012417666138,0.011955242440315872,0.06329027048053837,0.0028478639967349536,0.0021675801868869683,0.005015444183621922,0.5035869998166043,0.5207244344497165,-0.006375864036428924,-0.006331106476744841,-0.006375235843785202,4.475755968412834e-05,-0.006375235843785202,-0.006330478284101074,0.6804013026880729,0.28175078527969316,1.8764740408113487,1.9099385387011385,0.5580210504456673,1.1823436512187424,-4.5962994058224,0.0013151820155112848,0.0013150940590787134,0.0027619855548982886,0.008551453811373538,0.04855145381137354,0.0012337502409080284
research_sigma_xl_substitutes,113.0,3.24115768366903,2.268665874251597,1.356000000000001,2.0478877434198854,0.032942726775732734,1.9319977870952576,-0.3366680871563392,-2.056620311687487,1.3224900246162241,-3.228812965090587,-2.3939940199738734,0.032954735464355074,0.2532146058583714,0.23056289347096826,0.4569535170040769,0.09212989177357725,0.6693285050389377,0.10006527411661455,0.050065274116614544,3.297847359268941,-3.907985046680551e-14,-3.098578817972708e-07,-2.7484960057888586e-08,0.02078324670735221,0.019155686311205518,0.023630286047999327,0.011630286047999327,0.0051373806491465945,0.011953799764284456,0.06359738339291998,0.0029137174912123587,0.0022230746445185932,0.005136792135730952,0.5003462140748911,0.5173968917733618,-0.006539105634568332,-0.006492905398852777,-0.006538454836819393,4.620023571554402e-05,-0.006538454836819393,-0.006492254601103849,0.6918877434198845,0.29040744296799503,1.8851576836690291,1.918667659052806,0.6095077624790335,1.1721926534031,-4.584812965090588,0.001355701009401633,0.0013555247497061378,0.0028470393406471173,0.008765385955515903,0.048765385955515904,0.0012998881610986404
research_sigma_xl_substitutes,114.0,3.262042759936243,2.2878252669882917,1.368000000000001,2.0716618747840725,0.03814177022863641,1.9957513193417185,-0.29207394764657324,-2.0432443525848525,1.33444310163878,-3.2050388337264,-2.378215828401605,0.033000111042903325,0.2581434892986436,0.23148652206759784,0.4561156068192306,0.09406814407060538,0.6673902527419096,0.10035478621366004,0.05035478621366003,3.2883334462734504,3.552713678800501e-14,-3.9521362693584194e-07,-3.515435526013633e-08,0.02098803909283102,0.01916324277996884,0.023922660493129966,0.011922660493129966,0.005262748907102877,0.01195231986581613,0.06391502734224341,0.002981787344914914,0.002280351885632841,0.005262139230547755,0.4970438621699087,0.5140061212478187,-0.006707591720210904,-0.0066599115860269675,-0.006706917310684827,4.768013418387021e-05,-0.006706917310684827,-0.006659237176500957,0.7036618747840715,0.29928155719072497,1.894042759936242,1.9275996582974628,0.6613082177029384,1.1617944811415475,-4.573038833726401,0.0013971364551714771,0.0013971626789242124,0.002934621400298945,0.008986492387208861,0.04898649238720886,0.001368293826451171
research_sigma_xl_substitutes,115.0,3.283136067171762,2.3069926646038303,1.380000000000001,2.0957330644061454,0.04346822458993849,2.0598278417797444,-0.24716482282408592,-2.029826038777144,1.3463946643478564,-3.180967644104327,-2.3623264654051184,0.033046948763492706,0.2631659699810453,0.23243545303621443,0.4552617851032223,0.09604889567506,0.6654095011374549,0.1006540763682019,0.05065407636820189,3.2785557416753752,6.128431095930864e-14,-3.6230538724701944e-07,-3.2319311088491176e-08,0.021199748190048204,0.019171707600401922,0.024224592347321217,0.012224592347321216,0.00539228067858466,0.011950770861006155,0.06424356338650516,0.003052162518583876,0.0023394861895583855,0.005391648708142262,0.49367880011269955,0.5105509512394625,-0.006881540807730457,-0.006832311668736657,-0.006880841733995251,4.922913899384554e-05,-0.006880841733995251,-0.006831612595001406,0.7157330644061444,0.30838042774241275,1.9031360671717612,1.9367414028239058,0.713433177431888,1.151141605327183,-4.560967644104328,0.0014404101432328176,0.0014400309901518964,0.003024844157273013,0.009215052396045503,0.049215052396045504,0.0014390239721563877
research_sigma_xl_substitutes,116.0,3.3044446459246566,2.326168996038717,1.392000000000001,2.120111059478715,0.04892633158580573,2.124238446114729,-0.20193054992398807,-2.016363532298387,1.3583446433607924,-3.1565896490317575,-2.3463214929468865,0.03309531549987404,0.26828378011133136,0.233410586467853,0.4543917573810737,0.09807315399909868,0.6633852428134163,0.10096350026529632,0.05096350026529632,3.2685079175432397,4.39648317751562e-14,3.6309253492738947e-07,3.248408741995945e-08,0.021418625600204105,0.019181114044008674,0.024536484028138572,0.012536484028138572,0.005526124641894836,0.011949183792046791,0.06458338237252792,0.0031249157966919136,0.002400553298911331,0.005525469095603245,0.49024986732540793,0.5070301914804137,-0.0070611755941969445,-0.007010359386243725,-0.0070604508791509745,5.0816207953208875e-05,-0.0070604508791509745,-0.007009634671197766,0.7281110594787139,0.317711661982816,1.9124446459246556,1.9461000025638642,0.7658938027539364,1.1402261167333707,-4.548589649031759,0.0014845994414609542,0.0014842347443488994,0.0031178584279344668,0.00945139802297884,0.04945139802297884,0.0015121022423174799
research_sigma_xl_substitutes,117.0,3.325975798027781,2.3453552099878543,1.404000000000001,2.1448060324624225,0.05452047387372816,2.1889946065248003,-0.15636060346305403,-2.002856839894222,1.37029303193195,-3.13189467604805,-2.330197732334353,0.03314521754442658,0.2734986662085765,0.2344130388447667,0.45350522674454197,0.10014194635546263,0.6613164504570523,0.10128343653927069,0.051283436539270685,3.2581832852013166,5.906386491005833e-14,3.670888368834113e-07,3.293953418359585e-08,0.02164493915814196,0.019191484572248018,0.024858740123810064,0.012858740123810063,0.005664449415091921,0.011947558208283304,0.06493488018728666,0.0032001357134533565,0.002463633520827707,0.005663769234281064,0.4867558936402537,0.5034426084173813,-0.007246732500434838,-0.007194290708718076,-0.007245980943610904,5.244179171669597e-05,-0.007245980943610904,-0.007193539151894208,0.7408060324624215,0.32728322378837044,1.9219757980277798,1.955682766095831,0.8187015745928503,1.1290378361538278,-4.535894676048051,0.0015297038992012624,0.001529841293626221,0.003213800965668104,0.009695859971499715,0.049695859971499716,0.0015875765677709694
research_sigma_xl_substitutes,118.0,3.347737097886338,2.364552292429021,1.416000000000001,2.169828539726335,0.06025523041598957,2.254108206489302,-0.1104440859397191,-1.9893041244999845,1.382239759777359,-3.1068721687841374,-2.313950439798092,0.03319672260995932,0.2788124011313969,0.23544381087803662,0.4526018918076626,0.10225632521633365,0.6592020715961813,0.10161428201718888,0.05161428201718887,3.2475749810856103,-7.37188088351104e-14,8.830368480872153e-08,7.947774022243337e-09,0.021878969567714457,0.019202855109112998,0.02519177211819046,0.013191772118190458,0.005807444553040053,0.01194586202696124,0.0652984813427886,0.0032779254884485617,0.0025288132226761787,0.00580673871112474,0.4831956912419641,0.4997869810147808,-0.00743846553818911,-0.007384327565150395,-0.007437685949047585,5.413797303875992e-05,-0.007437685949047585,-0.007383547976008825,0.753828539726334,0.3371033819258154,1.931737097886337,1.965497338108979,0.8718684467119431,1.117568044284153,-4.522872168784138,0.0015766451080159172,0.001576883012110352,0.0033128025504760017,0.009948770883512204,0.049948770883512204,0.0016655111336766684
research_sigma_xl_substitutes,119.0,3.3697364085668893,2.383761265954386,1.428000000000001,2.1951895766988034,0.06613536297980827,2.3195915692103775,-0.06416969674400841,-1.97570354967819,1.3941847559858724,-3.081511131811669,-2.2975747062684424,0.033249898993372676,0.28422677792483464,0.23650395757204895,0.45168144775277813,0.1044173663057077,0.6570410305068072,0.10195645624648354,0.05195645624648354,3.2366758530937236,-9.85878045867139e-14,-1.0871935174350256e-07,-9.815717877392771e-09,0.022121013604498252,0.019215262995885826,0.025536028464488103,0.013536028464488103,0.005955297553315697,0.011944094604408706,0.06567462293831494,0.0033583832700295503,0.002596181340572684,0.0059545646106022344,0.47956805879036074,0.496062072598711,-0.0076366363067637,-0.00758073091117234,-0.007635827472272602,5.590539559129429e-05,-0.007635827472272602,-0.007579922076681307,0.7671895766988024,0.34718076555539484,1.9417364085668882,1.9755516525810168,0.925406813224505,1.105807582133479,-4.50951113181167,0.001625422424232914,0.0016254333578567086,0.003415014859989851,0.010210500045357812,0.05021050004535781,0.001745956201125727
research_sigma_xl_substitutes,120.0,3.3919819004831333,2.4029831791751537,1.440000000000001,2.2209005966553113,0.07216582552262096,2.385457452365932,-0.01752572680922171,-1.9620532796515187,1.4061279489861764,-3.055800111855161,-2.281065447699418,0.033304815606228076,0.2897436058046425,0.23759459107786993,0.45074358701321077,0.10662616751876874,0.6548322292937462,0.1023104021549896,0.052310402154989596,3.2254784757866983,8.526512829121202e-14,6.64364372404691e-08,6.017261078294922e-09,0.02237138458268241,0.01922874716901903,0.02589198367331491,0.013891983673314911,0.006108206413823036,0.011942255263208579,0.06606377795023155,0.0034416126754263647,0.002665832072945886,0.0061074447483722505,0.47587178411088943,0.49226663357107264,-0.007841521996283352,-0.00778377725949192,-0.007840682567487899,5.7744736791421475e-05,-0.007840682567487899,-0.007782937830696477,0.7809005966553102,0.35752438201653103,1.9519819004831322,1.9858539514969569,0.9793295033797556,1.0937468322036425,-4.4958001118551625,0.0016760351704352416,0.0016755708456688383,0.0035205990906325008,0.010481439267975123,0.050481439267975124,0.0018289628870144722
research_sigma_xl_substitutes,121.0,3.4144820641544387,2.4222191325218745,1.452000000000001,2.2469735440454333,0.07835177580745434,2.4517191251108406,0.029499992588966073,-1.9483514793373196,1.4180692665122896,-3.029727164465039,-2.264417391471141,0.03336154200670362,0.29536471419542837,0.23871688495614857,0.4497879985867772,0.10888385106469027,0.6525745457478247,0.10267658885749449,0.05267658885749449,3.213975100575353,-1.6431300764452317e-14,8.199301810840609e-07,7.45034127724864e-08,0.022630414340339883,0.019243348129306784,0.026260153511868722,0.014260153511868722,0.0062663681750593225,0.011940375162580286,0.06646644751958863,0.003527712928660667,0.002737863222247593,0.00626557615090826,0.472105641489063,0.48839939853948683,-0.00805341017422917,-0.007993785336809556,-0.008052538888963508,5.962483741971461e-05,-0.008052538888963508,-0.007992914051543794,0.7949735440454322,0.3681436440913451,1.9624820641544376,1.996412797642149,1.033649858598551,1.0813756851277196,-4.48172716446504,0.0017275608315254765,0.001727417161750077,0.0036297391715288396,0.010762020664447175,0.050762020664447176,0.0019145681930473127
research_sigma_xl_substitutes,122.0,3.4372457339344833,2.4414702537272337,1.464000000000001,2.2734209036790487,0.08469856187273961,2.5183903474051093,0.07692009367787556,-1.9345981579884677,1.430008699311337,-3.0032798048314238,-2.247626459778277,0.033420086819471756,0.30109193981853916,0.23987224808079718,0.4488143702308483,0.11119155881309166,0.6502668379994233,0.10305551506088471,0.05305551506088471,3.202157592488258,-2.398081733190338e-14,3.537759880600788e-07,3.225261488437603e-08,0.022898455648128563,0.019259096144837864,0.026641047354182046,0.014641047354182046,0.006430014872602863,0.011938421796542698,0.06688314022691477,0.003616811171023336,0.0028123800153473082,0.006429191186370644,0.4682684003215787,0.48445906431134383,-0.008272610685036486,-0.008211032481579172,-0.008271705927492084,6.157820345730272e-05,-0.008271705927492084,-0.008210127724034781,0.8094209036790476,0.3790484233454254,1.9732457339344822,2.007237034623146,1.0883816480937722,1.068681646842956,-4.467279804831425,0.0017809205758394508,0.00178101760897632,0.003742591706053483,0.011052664182044397,0.0510526641820444,0.0020028508788403135
research_sigma_xl_substitutes,123.0,3.4602821031395865,2.460737721862826,1.476000000000001,2.3002556387537973,0.09121180555266006,2.58548540556467,0.12474768370184419,-1.9207896381856406,1.441946110105375,-2.976445069756675,-2.2306855690070657,0.03348058239553182,0.30692714572826396,0.24106181734576548,0.4478223852261951,0.11355046048917562,0.6479079363233393,0.10344770197513986,0.05344770197513986,3.190017696858112,-6.350475700855895e-14,6.258639073664085e-07,5.72512147412052e-08,0.02317587719473589,0.019276047502948753,0.027035221384023478,0.015035221384023478,0.006599379265052163,0.011936394500198566,0.06731440940971156,0.0037090292891973175,0.0028894927288865917,0.006598522018083909,0.4643588123620631,0.4804443696671743,-0.008499447618772638,-0.008435842118971082,-0.008498508026137035,6.360549980143418e-05,-0.008498508026137035,-0.008434902526335601,0.8242556387537963,0.3902489724554339,1.9842821031395854,2.0183359930342117,1.1435392954592951,1.0556554315710345,-4.452445069756676,0.0018361137384796944,0.0018364628539191512,0.0038593441892875863,0.01135383466988854,0.05135383466988854,0.0020938673052513165
research_sigma_xl_substitutes,124.0,3.483600747629846,2.480022757183509,1.488000000000001,2.3274913464470957,0.09789732040284393,2.6530191662245324,0.1729964090410232,-1.9069259305115083,1.4538814883117341,-2.949209362063377,-2.2135901948850396,0.03354303859584872,0.31287219537958066,0.24228714464733553,0.4468117267854713,0.11596174376423275,0.6454966530482822,0.10385370781813433,0.053853707818134325,3.1775466368315577,8.08242361927114e-14,-3.4445489083267944e-07,-3.16182192372505e-08,0.023463073847151128,0.019294236398800946,0.027443261588296686,0.015443261588296685,0.0067747072777246675,0.011934292342103192,0.06776083055211624,0.003804497896665819,0.0029693171669355,0.006773815063601319,0.4603756290956809,0.4763539893455864,-0.008734261968468882,-0.008668554310572008,-0.008733285785104412,6.570765789680813e-05,-0.008733285785104412,-0.008667578127207604,0.8394913464470946,0.40175609268520246,1.995600747629845,2.029719259318112,1.1991376779127982,1.0422834315518685,-4.437209362063378,0.00189313938800173,0.0018938470328473504,0.003980187741145558,0.011666024154681987,0.05166602415468199,0.0021876836634523375
research_sigma_xl_substitutes,125.0,3.5072116466628565,2.4993266293155387,1.500000000000001,2.3551421619303907,0.1047612201081094,2.7210070666689026,0.22168043735336385,-1.8930033594096372,1.4658146947895814,-2.9215585465800817,-2.196332786674081,0.03360758950449464,0.31892897317389435,0.24354951637786446,0.44578207456043795,0.1184266230962455,0.6430317737162694,0.10427411675747843,0.054274116757478424,3.164735509268486,6.88338275267597e-14,-7.894257838536589e-07,-7.271920657303532e-08,0.023760458828447323,0.01931372334880325,0.027865772351680862,0.01586577235168086,0.00695627091339901,0.011932082470156091,0.06822301442962453,0.0039033641982361067,0.003051977551901919,0.006955341750138026,0.45631758797349076,0.47218664283540857,-0.008977418968125817,-0.008909501438282008,-0.00897640456441741,6.7917529843909e-05,-0.00897640456441741,-0.008908487034573502,0.8551421619303896,0.41358102076479786,2.0072116466628556,2.041396951873275,1.2551923718793212,1.0285551871704446,-4.421558546580083,0.0019529183466211464,0.0019532305248828423,0.004105313523233539,0.011989737709734855,0.051989737709734855,0.002284379047743569
research_sigma_xl_substitutes,126.0,3.5311252062928036,2.518650663492317,1.5120000000000011,2.3832228911504574,0.11180986222964195,2.7894651950837814,0.2708145315914643,-1.879020093818266,1.4777456532520463,-2.893477817360015,-2.178906926052805,0.033674308419162684,0.3250993668347547,0.24485047272782845,0.4447331076380917,0.12094633313788725,0.6405120636746277,0.1047095513205808,0.05470955132058079,3.151574959858873,-9.281464485866309e-14,-9.688114142036852e-07,-8.95660056954295e-08,0.024068472496296414,0.01933455912510919,0.028303407708439643,0.016303407708439643,0.007144345221383297,0.011929763664164206,0.06870160212536458,0.004005773914603629,0.0031376030854228065,0.007143377000026435,0.4521834242207143,0.46794101425677265,-0.00922929882289214,-0.00915906248705639,-0.009228244368890609,7.02363358357945e-05,-0.009228244368890609,-0.009158008033054815,0.8712228911504563,0.42573556810467217,2.0191252062928022,2.0533795530407573,1.3117195418317351,1.0144577235417491,-4.405477817360016,0.002015449394144442,0.0020147172656730487,0.004234935212143229,0.012325529246931172,0.05232552924693117,0.0023840220736496207
research_sigma_xl_substitutes,127.0,3.5553522868493665,2.5379962309804496,1.5240000000000011,2.41174897734727,0.11904991055087599,2.8584102709196317,0.32041403993918216,-1.8649724606213482,1.4896742221179098,-2.8649517311632025,-2.161304534990873,0.03374333169402276,0.33138527264257966,0.2461914675075346,0.4436645036507615,0.12352213139274633,0.6379362654197686,0.105160667252491,0.055160667252491,3.1380554024792295,5.3734794391857577e-14,6.748311589532818e-07,6.261799251339184e-08,0.02438757870555744,0.019356809123208044,0.028756889900109606,0.016756889900109605,0.007339196707317752,0.011927399259268778,0.06919728162436511,0.004111859217275258,0.0032263272489002053,0.007338186466175464,0.4479718673294716,0.4636158093634141,-0.009490293933523075,-0.009417693192791898,-0.009489197790882958,7.260074073122194e-05,-0.009489197790882958,-0.009416597050151736,0.8877489773472689,0.4382320792586602,2.0313522868493656,2.0656780647314568,1.368736048801722,0.9999792705418542,-4.388951731163203,0.0020788885170812677,0.002078496485474101,0.004369311194552167,0.012674021793853657,0.05267402179385366,0.002486645458637339
research_sigma_xl_substitutes,128.0,3.5799042276593394,2.557364763770066,1.5360000000000011,2.4407366709506766,0.12648825564427746,2.9278597583325117,0.3704949945624456,-1.8508623167841034,1.5016004517705839,-2.835964037559796,-2.143521383217233,0.033814610154898964,0.3377885723621518,0.24757456944388304,0.44257594269843414,0.12615528926586986,0.6353031075466451,0.10562817007294173,0.05562817007294173,3.1241665909020093,-5.0182080713057076e-14,-1.8474819984959368e-07,-1.7207577251987516e-08,0.024718276520243707,0.019380505351861758,0.02922693491326278,0.01722693491326278,0.00754114527549643,0.011924955998704245,0.06971076826038347,0.004221795772108022,0.0033182957945321915,0.0075400915666402136,0.4436816565173582,0.4592096518748739,-0.00976083363906205,-0.009685789637766229,-0.009759693513329977,7.504400129575498e-05,-0.009759693513329977,-0.009684649512034222,0.9047366709506754,0.4510836116923795,2.043904227659338,2.0783037758887555,1.4262593065619278,0.9851017207756925,-4.371964037559797,0.0021441561329818004,0.00214464436226992,0.004508658393019074,0.01303582301689532,0.05303582301689532,0.0025923470560464054
research_sigma_xl_substitutes,129.0,3.604792876654139,2.576757753413987,1.5480000000000012,2.4702028471737956,0.13413220110186885,2.9978318074403987,0.42107405402641174,-1.8366841483553846,1.5135241341153183,-2.806497861336677,-2.1255473942754444,0.03388834434475788,0.34431116886716173,0.24900125110068877,0.4414671012925825,0.12884710718715622,0.6326112896253587,0.10611279424146725,0.05611279424146724,3.1098983148918067,2.1316282072803006e-14,-3.0162741726513786e-07,-2.8202108481867327e-08,0.02506108547553733,0.019405730920509602,0.029714284870405283,0.017714284870405283,0.007750541050255855,0.011922368319308152,0.07024280858174636,0.004335776661555628,0.0034136644224532888,0.007749441084008917,0.4393115168590016,0.4547212677617983,-0.010041375500841165,-0.009963743820149196,-0.010040189477803791,7.763168069184825e-05,-0.010040189477803791,-0.009962557797111943,0.9222028471737944,0.46430372529245084,2.0567928766541375,2.0912687425388206,1.4843076733250804,0.9698137129812923,-4.354497861336678,0.002213094027315732,0.0022132027698935734,0.0046531993948679545,0.013411562058315951,0.05341156205831595,0.0027012321831512906
research_sigma_xl_substitutes,130.0,3.630030621146259,2.596176756079259,1.5600000000000012,2.500165240691487,0.14198933774478917,3.0683453754960044,0.47216861941674537,-1.822436128729472,1.5254451884092002,-2.7765354678189853,-2.107374916224897,0.03396461170107283,0.35095494853125825,0.250473437927825,0.4403376587496861,0.1315988996728091,0.6298594971397058,0.10661532616004488,0.056615326160044874,3.09523979230362,7.949196856316121e-14,-4.022333555120383e-07,-3.7756942072864064e-08,0.025416561849184657,0.019432548052477315,0.030219777830046812,0.018219777830046812,0.007967718047694139,0.011919666851182509,0.0707942246250517,0.004453975349340709,0.0035125939568659043,0.007966569306206614,0.43486018448405694,0.4501493317442477,-0.010332392931170109,-0.010252059782352663,-0.010331158696664426,8.033314881749146e-05,-0.010331158696664426,-0.010250825547846934,0.940165240691486,0.4779067358090114,2.070030621146258,2.104585432737059,1.5429001870868042,0.9540993390895134,-4.336535467818987,0.002284779155869776,0.002284341734658534,0.004803215980862155,0.01380196544035911,0.05380196544035911,0.0028133607196857632
research_sigma_xl_substitutes,131.0,3.655630419151028,2.615623405854196,1.5720000000000012,2.530642402833889,0.15006763719725713,3.139420256690502,0.5237968508363062,-1.808114590043645,1.5373634678176833,-2.7460583056765833,-2.088994556535585,0.034043553458803215,0.3577217970462952,0.2519929925826175,0.43918729450212984,0.1344120023074443,0.6270463945050706,0.10713659811157718,0.057136598111577175,3.080179936797342,5.906386491005833e-14,5.732150052395468e-07,5.402336783477679e-08,0.0257852943737559,0.0194610343768822,0.03074429660322875,0.01874429660322875,0.008193030158325953,0.011916882718815192,0.0713658695534467,0.004576575846130434,0.0036152537285212075,0.008191829574651642,0.4303263959789822,0.44549254525900545,-0.010634383726087715,-0.010551266444902785,-0.010633099201532964,8.311728118480868e-05,-0.010633099201532964,-0.010549981920348155,0.958642402833888,0.49190765617316906,2.083630419151027,2.1182669513333447,1.6020567888728188,0.9379437156329382,-4.318058305676584,0.002358288968815181,0.002358236286576842,0.0049590022294728475,0.014207802995301971,0.05420780299530197,0.0029287951162752027
research_sigma_xl_substitutes,132.0,3.6816058392593805,2.6350993963127998,1.5840000000000012,2.5616538338979447,0.15837539806144108,3.211077114602898,0.575977718290098,-1.7937195507918415,1.5492789538468306,-2.715046874612528,-2.0703992742149437,0.03412518682414285,0.3646135708844724,0.25356224981456915,0.43801569294963966,0.1372877603330177,0.6241706364794972,0.10767750004428438,0.057677500044284374,3.06470711025313,6.972200594645983e-14,-2.968688788129725e-07,-2.8093955106722746e-08,0.026167912572579596,0.019491247326077904,0.03128874612961763,0.019288746129617628,0.008426878413716254,0.011913981888572955,0.07195863811168568,0.004703797125722191,0.0037218264080667468,0.008425623533788939,0.4257089075074034,0.44074956888837985,-0.01094788582732853,-0.010861867715901419,-0.010946548259019844,8.601811142704488e-05,-0.010946548259019844,-0.0108605301475928,0.9776538338979435,0.5063223417996153,2.097605839259379,2.13232688541255,1.6617981607560672,0.9213273238206863,-4.299046874612529,0.0024345431068346635,0.002434989302185119,0.005120833557038032,0.0146298594826684,0.0546298594826684,0.0030476405616159732
research_sigma_xl_substitutes,133.0,3.7079710934277177,2.654606510439805,1.5960000000000012,2.5932198950931244,0.16692139402468964,3.2833375329138734,0.6287310224740685,-1.7792455038299757,1.5611914315948292,-2.683480813417348,-2.0515774951976953,0.034209718663680985,0.3716321294439179,0.2551831430408037,0.43682253799453397,0.1402275424381316,0.6212308543743833,0.1082389687227033,0.0582389687227033,3.048809535920698,6.972200594645983e-14,-3.1917569565109716e-07,-3.033201867452817e-08,0.02656507908547659,0.019523284308565543,0.03185408925657751,0.01985408925657751,0.00866968809098001,0.01191093024082357,0.07257348900196114,0.004835869118735497,0.0038325065012861197,0.008668375620021616,0.42100647327257495,0.4359191445683714,-0.011273470924773876,-0.011184401165597602,-0.011272077944959177,8.90697591764307e-05,-0.011272077944959177,-0.011183008185782746,0.9972198950931233,0.5211673751385059,2.1119710934277167,2.1467796618328885,1.7221461013190442,0.9042353095873723,-4.279480813417349,0.0025144611246128434,0.002514713074617491,0.005289010171100922,0.015068974117521006,0.055068974117521007,0.0031699946051822955
research_sigma_xl_substitutes,134.0,3.73474108141713,2.6741466087951977,1.6080000000000012,2.6253620124110997,0.1757147742434011,3.35622409260682,0.6820774838116224,-1.7646906285426158,1.5731008143284777,-2.651338696099373,-2.0325199338511273,0.03429723197367609,0.3787792947697699,0.2568580951267346,0.43560751988913915,0.14323272434514184,0.6182256724673731,0.10882200713776084,0.05882200713776084,3.032474852097184,-5.0182080713057076e-14,-8.007688880873332e-07,-7.64261965380264e-08,0.026977503398878125,0.019557223144991382,0.03244136150439014,0.020441361504390142,0.008921897739352369,0.01190772553974373,0.07321142982799511,0.00497302669351435,0.003947497559103324,0.008920524252617674,0.4162178725042541,0.4309999787563087,-0.011611738225294044,-0.011519463765037763,-0.011610286938539188,9.227446025627042e-05,-0.011610286938539188,-0.011518012478282918,1.0173620124110985,0.5364602900346573,2.126741081417129,2.1616402670886523,1.7831232782783424,0.886648067556757,-4.259338696099374,0.0025980407863259725,0.0025975660256854043,0.005463858105512018,0.015526059173299023,0.055526059173299024,0.0032959479644618164
research_sigma_xl_substitutes,135.0,3.7619314338572187,2.693721638106729,1.6200000000000012,2.6581026181019047,0.18476518950339438,3.4297603925698636,0.7360387544631348,-1.7500494222573237,1.5850068826743167,-2.6185980904085677,-2.013214094718869,0.034387937771965284,0.38605687126014304,0.25858931753244674,0.4343703318857757,0.14630469737592897,0.6151536994365859,0.10942767608984418,0.05942767608984417,3.015690470563021,7.993605777301127e-14,6.303455855061202e-07,6.042520128701767e-08,0.027405935891935976,0.019593170387109886,0.033051679143560886,0.021051679143560886,0.009183960841721461,0.01190439863838555,0.07387354556895942,0.005115507293671641,0.0040670145463751655,0.009182521840046805,0.41134189625570405,0.4259908428510945,-0.01196331966345382,-0.011867718301839358,-0.011961807489338722,9.56013616144509e-05,-0.011961807489338722,-0.011866206127724271,1.0381026181019035,0.5522194934851039,2.1419314338572173,2.176924551182902,1.844753509895547,0.868548668151244,-4.238598090408569,0.0026843592707097574,0.002683757460117963,0.00564574325162491,0.016002107024385204,0.056002107024385205,0.003425569065458968
research_sigma_xl_substitutes,136.0,3.789558558428126,2.7133336422230356,1.6320000000000012,2.6914653706982214,0.19408269592684402,3.503971183744739,0.7906375415217033,-1.7353219100011963,1.5969096116052488,-2.585235337812251,-1.9936510386067545,0.034481859321564036,0.3934666088122426,0.2603797142100528,0.43311067650191876,0.14944485319138498,0.6120135436211299,0.1100571159263855,0.06005711592638549,2.9984431013141295,9.85878045867139e-14,4.0285229552239343e-07,3.8791072409782856e-08,0.027851183213053757,0.019631201812829006,0.033686215239151496,0.021686215239151495,0.009456373725207134,0.011900947312917354,0.07456099276188732,0.005263577847045013,0.004191288050440625,0.009454865897485638,0.40637737209579744,0.42089045764614036,-0.012328894201027008,-0.012229841513944295,-0.012327317795413606,9.90526870826465e-05,-0.012327317795413606,-0.012228265108330959,1.0594653706982202,0.5684645040834277,2.157558558428125,2.192648946822877,1.9070615721394901,0.8499134278110547,-4.2172353378122525,0.002773414353932857,0.0027734677887372265,0.005835032026097739,0.016498161602265582,0.05649816160226558,0.0035589543241199076
research_sigma_xl_substitutes,137.0,3.8176396902821925,2.7329847714752797,1.6440000000000012,2.7254750485802077,0.20367793695380865,3.5788823780936383,0.8458976066183586,-1.720502593549458,1.6088087773001514,-2.5512256599302647,-1.9738171836212952,0.03457921176402298,0.4010102349431565,0.26223181858931044,0.43182826005966335,0.15265459755741848,0.6088037992550964,0.11071153255664559,0.06071153255664559,2.9807192835231993,7.149836278586008e-14,5.234759767880348e-07,5.063747493538884e-08,0.028314098387154138,0.01967143471899015,0.03434618543305712,0.02234618543305712,0.009739689628045278,0.011897303616434929,0.07527498015884371,0.005417542274337339,0.004320566483271862,0.009738108757609202,0.40132314258808505,0.4156976392867873,-0.012709192188576912,-0.01260649580501183,-0.012707548480211363,0.00010269638356507141,-0.012707548480211363,-0.012604852096646291,1.0814750485802065,0.5852158166896351,2.173639690282191,2.208830912982041,1.970073600793487,0.8307230663808067,-4.195225659930266,0.0028670454377239807,0.0028668061769665625,0.006032087045902981,0.01701530388639949,0.05701530388639949,0.0036962286702460975
research_sigma_xl_substitutes,138.0,3.8461929491999602,2.752677278562853,1.6560000000000012,2.7601577415643357,0.21356207518293457,3.6545211440624263,0.9018438654995733,-1.7055878191257483,1.6207042188381187,-2.5165429669461368,-1.9536997021422338,0.03468014939982133,0.4086894184681234,0.26414852036030706,0.43052279886041905,0.15593533513027655,0.6055230616822384,0.11139221556554728,0.061392215565547276,2.9625050397333728,-7.993605777301127e-15,8.813738103796709e-07,8.565810266647489e-08,0.028795593628874475,0.019713980584344173,0.03503294459078177,0.023032944590781767,0.010034445600663355,0.01189353084042244,0.07601681502046231,0.005577680720189172,0.004455106312707141,0.010032787032896312,0.3961780896263573,0.4104112117657554,-0.013104968149695972,-0.012998498990118512,-0.013103253860903356,0.0001064691595775609,-0.013103253860903356,-0.012996784701325795,1.1041577415643344,0.6024951118562267,2.190192949199959,2.2254887303618416,2.0338169252243077,0.8109551478203885,-4.172542966946138,0.0029634084649341474,0.0029640533894550562,0.0062373509619072925,0.017554761751104375,0.057554761751104376,0.0038374538144428996
research_sigma_xl_substitutes,139.0,3.8752373969919267,2.772413534939423,1.6680000000000013,2.7955409377617713,0.22374682815513536,3.730916008134563,0.9585024731951397,-1.6905757766195897,1.6325958389809963,-2.481159770748701,-1.933286451735626,0.03478476495809485,0.41650576306857817,0.2661330828082463,0.4291940202783417,0.15928846669919572,0.6021699301133192,0.11210054538489463,0.06210054538489462,2.9437858564108916,9.814371537686384e-14,-7.663730650087075e-07,-7.483873720737222e-08,0.02929664541527749,0.019758945614926568,0.03574786277972297,0.023747862779722972,0.010341280361144234,0.01188952672332566,0.07678786919602243,0.005744349168344104,0.004595190721091002,0.010339539889435105,0.39094113874405256,0.40503001253091464,-0.013517055695253133,-0.013406582418578727,-0.013515266826738242,0.00011047327667433951,-0.013515266826738242,-0.013404793550063902,1.12754093776177,0.6203253401918438,2.2072373969919257,2.2426415580109307,2.098320169153567,0.7905839941291115,-4.149159770748702,0.0030652621969582405,0.003065302057434504,0.006451217364445483,0.01811776483759514,0.05811776483759514,0.003982780547299482
research_sigma_xl_substitutes,140.0,3.904793102190601,2.7921960358045586,1.6800000000000013,2.8316534671237816,0.23424463590522304,3.808096882454471,1.0159008466499126,-1.6754572947318318,1.64448327228477,-2.445047241386691,-1.9125592037763928,0.03489340993323312,0.4244608310098489,0.2681882436652747,0.4278416587283257,0.1627153993536079,0.598742997458907,0.11283798393505867,0.06283798393505867,2.924547111635068,2.708944180085382e-14,8.016528578735915e-07,7.866751428053931e-08,0.029818287866053603,0.019806491105906217,0.03649247511852538,0.02449247511852538,0.010660808156953583,0.01188535471158092,0.07758963023324172,0.005917867940975986,0.004741111536100117,0.010658979477076103,0.38561124322340123,0.3995530101983081,-0.013946312249990878,-0.013831666961571676,-0.01394444569441211,0.00011464528841908031,-0.01394444569441211,-0.013829800405993029,1.1516534671237804,0.638730641531417,2.2247931021906,2.260309829905831,2.163613610169701,0.769589946654859,-4.125047241386692,0.0031707627316002185,0.0031708588046182144,0.006674187252471778,0.01870571960025269,0.05870571960025269,0.004132264334805978
research_sigma_xl_substitutes,141.0,3.9348812093966425,2.8120274097222815,1.6920000000000013,2.868525887998822,0.24506844446904252,3.8860952686010464,1.0740678588787649,-1.6602342511563892,1.656366548404158,-2.4081748205116504,-1.891507016361706,0.03500605434535553,0.43255606560718196,0.2703180564068502,0.42646546884677905,0.166217512991283,0.595240883821232,0.11360611488628518,0.06360611488628518,2.904773218680313,0.0,-9.585191009797711e-07,-9.453213783983117e-08,0.03036164122319182,0.019856714682117145,0.03726837591928156,0.02526837591928156,0.010993726319746377,0.011880977597041209,0.07842367173079445,0.0060986189966297025,0.004893185814797729,0.010991804811427431,0.38018743604318805,0.39397908945974974,-0.014393672002494085,-0.014274649599535283,-0.014391722984699205,0.00011902240295879121,-0.014391722984699205,-0.014272700581740414,1.1765258879988207,0.6577367793923492,2.242881209396641,2.2785146609924842,2.2297287201968885,0.7479405693552612,-4.1001748205116515,0.0032808265350294796,0.003280923279788805,0.006906734696089739,0.019320083858443027,0.05932008385844303,0.004286031027842148
research_sigma_xl_substitutes,142.0,3.9655240139840675,2.8319104289968267,1.7040000000000013,2.9061902189623448,0.2562320885447158,3.96494422591606,1.1330337969192334,-1.6448956416617728,1.6682452274788524,-2.3705104895481277,-1.8701087405241492,0.03512312120228338,0.440792869192216,0.2725255251444754,0.4250652122373233,0.1697961936465536,0.5916622031659613,0.11440661027938205,0.06440661027938205,2.884448714931216,-8.126832540256146e-14,6.081633392440722e-07,6.028581772676844e-08,0.030927888239430865,0.019909806284138992,0.03807726741674733,0.02607726741674733,0.011340778563578846,0.011876358798880049,0.07929167375823187,0.006287004715381769,0.005051752318433034,0.011338757033814803,0.3746687776412152,0.38830734353182,-0.014860130054288379,-0.014736488853168472,-0.014858095054214806,0.00012364120111995128,-0.014858095054214806,-0.014734453853094855,1.2021902189623435,0.6773708092483031,2.261524013984066,2.297278786505215,2.2966989984372077,0.7256148478863549,-4.074510489548129,0.003396370700735618,0.0033957102895896367,0.0071493791773164644,0.019962424614232588,0.05996242461423259,0.00444418566514946
research_sigma_xl_substitutes,143.0,3.9967450442375614,2.8518480188134676,1.7160000000000013,2.9446804228323167,0.2677500015962002,4.04467861611751,1.1928305973040425,-1.629441509754918,1.6801192660019182,-2.332020285678156,-1.848350343544606,0.035244650864807874,0.44917250145499116,0.27481501082918613,0.4236406747526515,0.17345278910503356,0.5880056077074813,0.11524128180308964,0.06524128180308963,2.863557180523765,1.2434497875801753e-14,3.623031910038321e-07,3.6102011768957e-08,0.03151831045037033,0.019965893855902188,0.03892101565581019,0.026921015655810187,0.011702721522156456,0.011871560687930605,0.080195456139458,0.00648342742160511,0.005217166554949014,0.011700593976554124,0.36905442402515587,0.38253679998351575,-0.015346733445723015,-0.015218294133653498,-0.015344607514555925,0.00012843931206939566,-0.015344607514555925,-0.01521616820248653,1.2286804228323154,0.6976616286208144,2.28074504423756,2.316625778235643,2.364559350115592,0.7025787759232378,-4.048020285678157,0.003515550250918986,0.0035155726114972745,0.007402705205439855,0.02063448076551805,0.06063448076551805,0.004606801037571585
research_sigma_xl_substitutes,144.0,4.028569148393932,2.8718432752719427,1.7280000000000013,2.984032250273965,0.2796375315890287,4.125335138194976,1.2534918629230334,-1.6138645411599348,1.6919883488547136,-2.2926684582365073,-1.8262114745580673,0.035370945615612465,0.4576961377787788,0.277190407751027,0.4221916565776076,0.17718863359771342,0.5842697632148015,0.11611205965891573,0.06611205965891573,2.842082045305109,6.394884621840902e-14,5.63442182688334e-07,5.64444752049198e-08,0.0321342732240735,0.02002516358462587,0.039801555309065595,0.027801555309065595,0.012080418827939865,0.011866512285093278,0.08113693689611612,0.006688361109863474,0.005389816987149407,0.01207817809701288,0.3633435876882182,0.37666664303419606,-0.015854624196032452,-0.01572113648112583,-0.01585240290338061,0.0001334877149067222,-0.01585240290338061,-0.01571891518847389,1.2560322502739638,0.7186397707793392,2.3005691483939303,2.3365807995392185,2.4333467893402627,0.6788039170765725,-4.020668458236509,0.0036402015551129097,0.0036407176531858647,0.007667282084992094,0.021338053280234193,0.061338053280234194,0.004774006378681535
research_sigma_xl_substitutes,145.0,4.061022593664044,2.8918994645230525,1.7400000000000013,3.024283533450448,0.29191083925207995,4.206952489909742,1.3150530253866899,-1.5981611066446921,1.7038522905721047,-2.2524171750600246,-1.8036733734531643,0.03550218245997422,0.46636480933284125,0.27965627329449894,0.420717982413417,0.1810050209467515,0.5804533758657634,0.11702102204390125,0.06702102204390124,2.820006134249949,-3.108624468950438e-14,-6.698929548853982e-07,-6.747451802846527e-08,0.03277724661631298,0.02008778946570783,0.04072097565353783,0.028720975653537827,0.012474782234995208,0.011861174403723251,0.08211817771548136,0.006902303830154612,0.0055701169721434265,0.012472420802298038,0.35753557774699635,0.37069609826479355,-0.01638501901481948,-0.01624619341854283,-0.016382696976892434,0.00013882559627674887,-0.016382696976892434,-0.016243871380615685,1.2842835334504465,0.7403377351812828,2.3210225936640425,2.357170303091939,2.503100199337638,0.6542560684153325,-3.9924171750600257,0.0037712391009889767,0.003771411183547412,0.007943729037224845,0.022075103429929133,0.062075103429929133,0.00494591861397211
research_sigma_xl_substitutes,146.0,4.094133168534449,2.9120200488844374,1.7520000000000013,3.065474201581041,0.3045870960590191,4.289571493625939,1.3775514447415014,-1.5823220629579569,1.7157106976621601,-2.2112265069294317,-1.7807121607682073,0.03563873884465888,0.4751794273897977,0.2822169161349107,0.4192194973437344,0.18490321428322404,0.5765551825292909,0.1179703931537728,0.0679703931537728,2.797312030399437,-5.81756864903582e-14,2.1927706583824147e-07,2.2209534988881785e-08,0.0334488039580593,0.020153994004668146,0.041681537287114656,0.029681537287114656,0.012886776689869373,0.011855541611969445,0.08314141919795004,0.0071257765742096515,0.00575850902368853,0.012884285597898181,0.3516297836488355,0.36462454249517423,-0.016939218985275728,-0.01679476059724494,-0.016936791246142738,0.0001444583880305557,-0.016936791246142738,-0.016792332858112182,1.3134742015810394,0.7627899776391974,2.3421331685344473,2.3784224708722888,2.5738607959637787,0.6289044439714748,-3.9632265069294332,0.003908657456695774,0.003907983907375911,0.008232733329055358,0.02284776945704281,0.06284776945704282,0.005122623696729993
research_sigma_xl_substitutes,147.0,4.127930296493289,2.932208708181972,1.7640000000000013,3.107646608024677,0.3176843926318187,4.373235328305642,1.4410266201236706,-1.5663437917313006,1.7275633737960436,-2.1690541004857953,-1.7573066479465944,0.03578080180909589,0.48414072574038897,0.28487754697848783,0.4176960766241339,0.18888441952334,0.5725739772891749,0.11896257715832363,0.06896257715832363,2.7739815989427763,-6.705747068735946e-14,6.772056848625141e-07,6.898095505913915e-08,0.03415064588867117,0.020223978045510595,0.0426856892736569,0.0306856892736569,0.013317411079896146,0.011849675848731644,0.08420906353796731,0.007359320113180044,0.005955461499899443,0.013314781613079488,0.3456257137539394,0.35845139196814624,-0.01751860234502911,-0.017368278193760744,-0.01751606323499836,0.00015032415126835577,-0.01751606323499836,-0.017365739083730004,1.3436466080246758,0.7860332740953684,2.3639302964932876,2.400366922697245,2.6456719545095986,0.6027103087544947,-3.933054100485797,0.004050611212501165,0.004050867113864608,0.00853504338498573,0.02365839123618857,0.06365839123618858,0.005304185922135059
research_sigma_xl_substitutes,148.0,4.162445164368798,2.952469338728102,1.7760000000000014,3.1508455801283546,0.3312219182188114,4.457989620701873,1.5055202819737716,-1.5502208405329545,1.7394100493596234,-2.125855128382118,-1.7334329361996625,0.03592862884120618,0.49324926637889616,0.2876435552978013,0.4161476247155877,0.19294978637435384,0.5685086104381611,0.12000015929267015,0.07000015929267014,2.7499963495478217,-1.865174681370263e-14,-2.9252566102755395e-07,-2.996994830084532e-08,0.03488460112781837,0.020297970019187542,0.043735989098578676,0.03173598909857868,0.013767839475797405,0.011843468554715741,0.08532365653719332,0.007603573749123867,0.0061614882986758745,0.013765062047799741,0.3395229915261396,0.3521761994841108,-0.01812468106806564,-0.017968149622781593,-0.018122024407870224,0.0001565314452842588,-0.018122024407870224,-0.017965492962585965,1.3748455801283532,0.8101067601115746,2.386445164368796,2.4230351150091742,2.71857957134225,0.5756342878491634,-3.9018551283821195,0.004199852832059703,0.004200310146983868,0.008851387970760308,0.02450941246223204,0.06450941246223205,0.005490746830438105
research_sigma_xl_substitutes,149.0,4.197710857315782,2.9728060777486487,1.7880000000000014,3.1951185862218345,0.3452200715834135,4.543882641380029,1.5710765636313804,-1.5339440860671811,1.7512503109054751,-2.081582122288638,-1.7090630103877027,0.03608261581257586,0.5025054300596508,0.29052034217321193,0.41457407688985937,0.19710040252453698,0.564357994287978,0.12108592086147896,0.07108592086147895,2.7253374930147047,8.926193117986259e-14,-2.37424163440636e-07,-2.446872987560411e-08,0.03565263708903296,0.020376239465736787,0.04483522508773152,0.032835225087731526,0.014239276021841496,0.011836877864739304,0.08648797482765813,0.007859200544016908,0.006377138869241955,0.014236339413258864,0.33332136186003397,0.34579868288299587,-0.018759071201150612,-0.018595949065889905,-0.018756290791888106,0.00016312213526069666,-0.018756290791888106,-0.01859316865662741,1.4071185862218332,0.8350520990198325,2.4097108573157806,2.4464605464103064,2.7926323304745537,0.5476380362214568,-3.869582122288639,0.004357294124504696,0.004356673044048534,0.00918258799869856,0.025403520847866068,0.06540352084786608,0.005682400013612886
research_sigma_xl_substitutes,150.0,4.2337625068464595,2.9932233354636844,1.8000000000000014,3.2405160303038176,0.3597004702624944,4.63096557035719,1.6377422348935053,-1.517506252283945,1.763083805089102,-2.036184678206655,-1.684168517765014,0.036243100302375056,0.5119093774169832,0.29351392250108643,0.41297540583911285,0.20133727433200177,0.5601211224805132,0.12222286956998163,0.07222286956998163,2.699985699575239,-6.261657858885883e-14,9.496352513238548e-07,9.845983500733624e-08,0.0364568813349815,0.020459063176612884,0.04598645346623931,0.03398645346623931,0.014732972997285376,0.011829999068865948,0.08770503376628058,0.008126871147818132,0.006602994101485738,0.014729865249303871,0.32702071713062125,0.33931867801229,-0.019423481400087983,-0.0192534804689537,-0.01942057088672276,0.00017000093113405182,-0.01942057088672276,-0.019250569955588707,1.4405160303038163,0.8609138018073067,2.433762506846458,2.4706787017573575,2.8678817652680877,0.5186784259227097,-3.8361846782066564,0.004520169356951653,0.004520507471668558,0.00952957213125781,0.026343695909533005,0.06634369590953301,0.005879173660448621
research_sigma_xl_substitutes,151.0,4.270637457400517,3.0137258073941067,1.8120000000000014,3.287091493154313,0.37468601757798425,4.71929270891259,1.7055669015184836,-1.5009037473532778,1.774910309043207,-1.9896092153561593,-1.658721863809047,0.036410293809551034,0.5214610159007668,0.29663115917179217,0.4113516272968697,0.2056613095535281,0.5557970872589868,0.12341426324113831,0.07341426324113831,2.673921079569346,1.9095836023552692e-14,-9.136535972231741e-07,-9.531286127018035e-08,0.03729963835429255,0.020546715542140426,0.04719288607724259,0.035192886077242594,0.015250368673230708,0.011822719788354585,0.08897805301429695,0.008407383126759529,0.006839694735847555,0.015247077862607084,0.32062111934648624,0.33273613996361745,-0.02011979761565741,-0.019942517404011872,-0.020116749223081046,0.00017728021164541488,-0.020116749223081046,-0.01993946901143563,1.4750914931543118,0.8877394908388985,2.458637457400516,2.49572714835731,2.944382399869383,0.4887054680028815,-3.8016092153561605,0.004691227173608592,0.004692148730781179,0.009893247722950041,0.027333070357373368,0.06733307035737338,0.006081192883764942
research_sigma_xl_substitutes,152.0,4.308375446325637,3.0343185009001714,1.8240000000000014,3.334901802458303,0.3902012076089558,4.808921676385784,1.7746031754856122,-1.4841237979367279,1.7867292446658112,-1.9417989060521696,-1.6326870131188498,0.03658474978540957,0.5311600297522352,0.2998784446410091,0.40970279494212003,0.21007332827080083,0.5513850685417141,0.1246636126009736,0.0746636126009736,2.647123672376415,3.019806626980426e-14,-8.934790938219805e-07,-9.37935851763605e-08,0.038183391531821806,0.020639554180927992,0.048458011115871225,0.03645801111587123,0.015793001452198863,0.011814960793564144,0.09031053399384081,0.008701582143625028,0.00708793086940121,0.015789513013026238,0.31412278006600236,0.3260512847352529,-0.020850048870108218,-0.020665009663672462,-0.020846855498238857,0.00018503920643585595,-0.020846855498238857,-0.020661816291803,1.5109018024583014,0.9155799425220534,2.484375446325635,2.5216462016598253,3.022192431719972,0.45767510811544176,-3.7657989060521713,0.0048722956934668105,0.0048720082114735025,0.010274619584049419,0.028375072413209468,0.06837507241320948,0.006288540187764126
research_sigma_xl_substitutes,153.0,4.347018802238326,3.0550067701941033,1.8360000000000014,3.3840075153860556,0.406272020482382,4.899913776900272,1.8449070067061686,-1.4671591559663442,1.7985402306303353,-1.8926931931244169,-1.6060296183486886,0.03676683158114192,0.5410057965617693,0.30326328848520656,0.40802901458449925,0.2145740221191444,0.5468843746933705,0.12597473457619443,0.07597473457619443,2.619572893804378,-5.3734794391857577e-14,-3.38689610579479e-07,-3.5781655360889175e-08,0.0391108408498273,0.02073792758046833,0.049785652144193726,0.03778565214419373,0.01636247792900447,0.011806780050961252,0.09170628530806946,0.009010340063625796,0.007348436232707226,0.016358776296333023,0.30752611630361454,0.31926445889359995,-0.02161639416422778,-0.021423174215189245,-0.02161304774325655,0.0001932199490387483,-0.02161304774325655,-0.0214198277942178,1.5480075153860542,0.9444896356653174,2.5110188022383246,2.5484785716079905,3.1013735462699366,0.4255340371580727,-3.7286931931244185,0.005061525534359568,0.005060696286184788,0.010674811294366426,0.029473498913312135,0.06947349891331214,0.006501235662882292
research_sigma_xl_substitutes,154.0,4.386612666507361,3.0757963365344216,1.8480000000000014,3.4344731067466903,0.42292616346696477,4.9923342470019225,1.9165379104675009,-1.4500007468680087,1.8103428047677337,-1.8422276017637822,-1.5787116350877872,0.036956979949583066,0.550997387115465,0.3067935884539398,0.40633044419037095,0.2191639506209406,0.5422944461915743,0.1273517693207843,0.07735176932078429,2.591247862201022,-3.552713678800501e-15,7.65017255766054e-07,8.134859441621956e-08,0.04008491493208394,0.020842225859529228,0.051179919064792356,0.03917991906479236,0.016960568953438893,0.011798166289095136,0.09316942714315246,0.009334627052186305,0.007622009859869005,0.01695663691205531,0.30083175063263845,0.3123762328051444,-0.02242118382225844,-0.022219350111353564,-0.02241767605843825,0.0002018337109048647,-0.02241767605843825,-0.022215842347533387,1.5864731067466888,0.9745269403486777,2.538612666507359,2.576269861739627,3.181991442234189,0.39222685489577347,-3.690227601763784,0.00525890542483709,0.005258781157914574,0.01109500413270842,0.0306324521009268,0.0706324521009268,0.006719317219857489
research_sigma_xl_substitutes,155.0,4.4272052345369435,3.096693329624741,1.8600000000000014,3.4863673535156403,0.44019315838925976,5.086252631186577,1.9895593015618358,-1.43264134511667,1.8221365632085256,-1.7903333549948321,-1.55069361281687,0.03715557896323368,0.5611335232327682,0.3104780738917012,0.4046073010504294,0.22384351792196636,0.5376148788905486,0.12879922202059288,0.07879922202059288,2.56212727703618,9.85878045867139e-14,-9.015576551973936e-08,-9.650338084199461e-09,0.041108800615226856,0.020952860589555998,0.05264525111921858,0.04064525111921859,0.017589227896570248,0.01178903581147217,0.09470444846484494,0.009675522385239046,0.007909524997522604,0.017585047382761648,0.2940405394340453,0.3053873845137202,-0.023266987411176276,-0.023056023222648325,-0.023263308816242955,0.00021096418852782975,-0.023263308816242955,-0.023052344627715125,1.6263673535156389,1.005754539867171,2.5672052345369423,2.605068671328418,3.264116067978051,0.3576920098781622,-3.6503333549948334,0.005466259017038677,0.005466795326078092,0.011536450503991727,0.031856383608026284,0.07185638360802629,0.006942838412566592
research_sigma_xl_substitutes,156.0,4.468848024050125,3.117704330866532,1.8720000000000014,3.5397636089851274,0.45810461926010526,5.181743143931612,2.06403881306508,-1.4150682288339314,1.833920876390678,-1.736937099525345,-1.5219293598368222,0.037363229417951574,0.5714125795659367,0.3143255664644376,0.40285986147379077,0.22861296923481525,0.5328454275776997,0.13032199066646238,0.08032199066646238,2.532189681207223,-3.730349362740526e-14,-3.07600823035159e-07,-3.3147835420965777e-08,0.042185962594648296,0.021070316395636002,0.054186473632322985,0.04218647363232299,0.018250577208679397,0.011779302780206446,0.09631624048492204,0.01003419773876581,0.008211929839217593,0.018246127577983405,0.2871535716908224,0.2982989851064986,-0.02415659364343714,-0.023935896423643577,-0.02415273482122822,0.00022069721979355375,-0.02415273482122822,-0.023932037601434666,1.667763608985126,1.0382397075647303,2.5968480240501233,2.6349271476594467,3.347822267540934,0.3218688706914137,-3.6089370995253462,0.005685407821710564,0.0056853192149641935,0.012000511037674688,0.033150163967805124,0.07315016396780513,0.007171826698657256
research_sigma_xl_substitutes,157.0,4.511596175672575,3.138836411116945,1.8840000000000015,3.5947403007802863,0.47669431280661856,5.278885112156421,2.140048701039476,-1.3972705294732488,1.8456951687689385,-1.6819604077301862,-1.4923707030315314,0.03758047935563287,0.5818325182269489,0.31834582826422786,0.4010884719014187,0.23347235573445285,0.5279860410780621,0.13192542219715359,0.08192542219715358,2.5014132568538416,3.4638958368304884e-14,8.705772724937333e-08,9.44584005457827e-09,0.04332018313836056,0.021195108238428996,0.05580887234213816,0.043808872342138164,0.018946881940775984,0.011768985532751963,0.09801014562867527,0.010411895209850837,0.008530244930082167,0.018942140139933006,0.2801722127879442,0.29111235462094637,-0.025093004868610214,-0.024861990401362166,-0.02508895567671226,0.000231014467248037,-0.02508895567671226,-0.02485794120946422,1.7107403007802848,1.0720548678027813,2.627596175672574,2.6659010069036366,3.4331899433874824,0.28468987825693737,-3.565960407730188,0.005915416501990345,0.0059151084605861964,0.012488689203777603,0.03451917322709119,0.0745191732270912,0.007406248970062389
research_sigma_xl_substitutes,158.0,4.555508784724408,3.160097177588889,1.8960000000000015,3.6513813536694038,0.49599838314165723,5.377763435188963,2.217666257600074,-1.3792373958299506,1.857458847456182,-1.6253193548410687,-1.4619658469245937,0.03780789272780236,0.5923908610330866,0.32254943152127646,0.3992935536243753,0.2384215160277041,0.5230368807848108,0.13361535984656242,0.08361535984656242,2.4697759327891378,2.4424906541753444e-14,3.084819852894327e-07,3.3703398238937865e-08,0.044515595579031494,0.021327798774017484,0.057518190653456536,0.04551819065345654,0.019680645857985013,0.011758029783371482,0.09979201578769237,0.010809996712567804,0.008865589890776637,0.01967558660334444,0.27309812310783194,0.2838291034022942,-0.026079515012100152,-0.025837544795471512,-0.02607526438463717,0.00024197021662851828,-0.02607526438463717,-0.025833294168008652,1.7553813536694023,1.1072780540189127,2.659508784724406,2.698049937268226,3.520304587732781,0.24608195901111807,-3.5213193548410704,0.006157184446457409,0.006156898937486513,0.013002595074425041,0.0359692848385742,0.07596928483857421,0.007646075007988216
research_sigma_xl_substitutes,159.0,4.60064927011126,3.1814948423837595,1.9080000000000015,3.7097766820871994,0.5160556045225886,5.478469143731806,2.296974301348046,-1.360956160580334,1.8692112283356814,-1.566924026423273,-1.430657722234352,0.038046120395077834,0.6030846648525681,0.32694762909199776,0.39747560697506346,0.24346005849407998,0.517998338318435,0.1353981999987172,0.08539819999871719,2.4372554435961966,-3.952393967665557e-14,6.580756690688361e-07,7.24057179213311e-08,0.045776724531545826,0.021469016484123162,0.059320706502764775,0.04732070650276478,0.020454606235158712,0.01174637892647179,0.10166827315365667,0.011230014049674433,0.009219187625294677,0.02044920167496911,0.26593327454877935,0.27645116900822636,-0.027119721341134162,-0.02686610026760594,-0.027115257721454934,0.0002536210735282103,-0.027115257721454934,-0.026861636647926724,1.8017766820871979,1.1439934374799297,2.692649270111259,2.731438041775579,3.609257915396124,0.20596786584293914,-3.474924026423275,0.0064116087238350605,0.006411494032447354,0.013543981971218949,0.03750695645867874,0.07750695645867875,0.007891243540038444
research_sigma_xl_substitutes,160.0,4.647085790935977,3.203038276091082,1.9200000000000015,3.7700227666749333,0.5369075956119747,5.581099981496276,2.3780617054051945,-1.3424141783822805,1.8809516053091255,-1.5066779418355392,-1.3983847728195737,0.03829583335568802,0.6139104722200003,0.3315526332338037,0.39563521972259996,0.24858733132766592,0.512871065484849,0.13728096020280356,0.08728096020280356,2.403829340299594,7.105427357601002e-15,5.378647607301446e-07,5.960226645562727e-08,0.047108534004843425,0.021619451188144026,0.0612232855492012,0.049223285549201204,0.021271759595041795,0.011733973336567116,0.10364595342185812,0.011673605020531183,0.009592373606462163,0.021265978626993344,0.2586799836125998,0.26898082860056177,-0.02821755261759218,-0.027951525954159395,-0.02821286354841813,0.0002660266634328841,-0.02821286354841813,-0.027946836884985247,1.8500227666749318,1.1822919669362701,2.727085790935975,2.7661341856268513,3.7001483761871508,0.16426376345325866,-3.426677941835541,0.006679583382953602,0.006679766359117614,0.014114751544357776,0.03913929325872023,0.07913929325872024,0.008141666944083324
research_sigma_xl_substitutes,161.0,4.69489171196658,3.224737071329558,1.9320000000000015,3.8322232531856018,0.5585991237126722,5.685761050575522,2.461023979245964,-1.3235969938144267,1.8926791750088157,-1.4444774553248707,-1.3650792066565405,0.03855779502584789,0.6248642760153148,0.3363774962825232,0.3937730730773965,0.25380239836098134,0.5076559984515336,0.1392713510111408,0.0892713510111408,2.369475111745001,-7.327471962526033e-14,2.9212334107242555e-07,3.260500652801923e-08,0.048516478218001674,0.02177987446853919,0.06323346625537507,0.051233466255375074,0.022135395866946017,0.011720750529030322,0.10573282072502277,0.012142590137360547,0.009986613310552362,0.022129203447912908,0.25134093506973904,0.2614207424735387,-0.02937731985939873,-0.02909807038842893,-0.029372392089859888,0.0002792494709696787,-0.029372392089859888,-0.02909314261889021,1.9002232531856003,1.2222720239973701,2.762891711966579,2.8022125369577644,3.793081875566706,0.12088046151044396,-3.3764774553248724,0.006961999613502856,0.006962674521483039,0.014716988037373396,0.040874137514304354,0.08087413751430436,0.00839721349683644
research_sigma_xl_substitutes,162.0,4.744146122992526,3.246601641182912,1.9440000000000015,3.8964896991856834,0.5811783873458667,5.792565622946322,2.5459639817634097,-1.3044901791552748,1.9043931063671862,-1.380211009324789,-1.3306676174012355,0.03883279415524098,0.6359414741164101,0.34143641162386407,0.39188994940021027,0.2591040093422953,0.5023543874702197,0.1413778694068537,0.0913778694068537,2.3341701313261005,2.353672812205332e-14,-8.119511996085294e-07,-9.128670025448926e-08,0.05000656768823644,0.02195113769955555,0.06535952770957798,0.053359527709577984,0.02304915030641308,0.011706607046130357,0.10793744188746812,0.012638987011895008,0.010403520423957032,0.02304250743585204,0.2439192123420052,0.25377396446607575,-0.03060377035703432,-0.030310377403164557,-0.030598589482226567,0.00029339295386964295,-0.030598589482226567,-0.030305196528356924,1.952489699185682,1.2640402419648789,2.8001461229925244,2.83975301662534,3.888172516579136,0.07572083016951425,-3.3242110093247907,0.007260661306384364,0.007261227096751824,0.015352960021341538,0.04272014333461582,0.08272014333461583,0.00865772607223788
research_sigma_xl_substitutes,163.0,4.794934431422608,3.268643290881087,1.9560000000000015,3.9629423086047577,0.6046974243254983,5.901635934350458,2.632992643469371,-1.285075671201658,1.9160923891010764,-1.3137583999057147,-1.2950679026428724,0.03912179027441775,0.6471368338784643,0.346744398873587,0.3899867382406611,0.26449057406201,0.49696782275050494,0.14360989079471045,0.09360989079471045,2.2978918664573955,-1.9095836023552692e-14,-8.394573938197425e-07,-9.507389525653664e-08,0.05158543430252896,0.022134207529293126,0.06761060367937421,0.05561060367937422,0.024017031801295996,0.01169143474460288,0.11026931263651729,0.013165019854115606,0.01084487388420333,0.024009893738318938,0.23641832130142887,0.24604400319260827,-0.03190213713347545,-0.03159357187807843,-0.031896687894715677,0.00030856525539712035,-0.031896687894715677,-0.03158812263931855,2.0069423086047564,1.3077123106666018,2.838934431422607,2.8788420423215317,3.9855435452493815,0.028682728704056748,-3.269758399905716,0.0075773676669661505,0.007576540076782226,0.016025169376845255,0.04468690281363297,0.08468690281363297,0.008922987981077483
research_sigma_xl_substitutes,164.0,4.8473490238509065,3.2908743515572,1.9680000000000015,4.031710906544432,0.6292124509484587,6.013104248219356,2.7222298966621565,-1.2653354438213424,1.927775975856392,-1.2449898019660406,-1.2581909021663233,0.039425776771290486,0.6584444379284663,0.3523178336083448,0.38806444555216074,0.2699601266719178,0.4914982701405971,0.14597779734345773,0.09597779734345772,2.260617751503493,-9.992007221626409e-14,8.43229168268067e-07,9.620821656008971e-08,0.05326042210323796,0.022330155796182072,0.0699968345515436,0.0579968345515436,0.025043407102811055,0.011675270736597132,0.11273899423431555,0.013723099950991474,0.011312623924280231,0.025035723875271705,0.22884222658792755,0.23823481939660687,-0.03327815671213552,-0.03295342744873275,-0.033272423306706565,0.00032472926340286826,-0.033272423306706565,-0.032947694043303694,2.06371090654443,1.3534140475921448,2.8793490238509047,2.919573047994515,4.085328272362965,-0.020345641855301855,-3.2129898019660423,0.007910248458765201,0.00791002034592149,0.016736412448305635,0.046785124608941686,0.0867851246089417,0.009192672734516037
research_sigma_xl_substitutes,165.0,4.901490026354499,3.313308279553088,1.9800000000000015,4.102935977707845,0.6547842385311204,6.127113922819089,2.8138056432660012,-1.2452551742841276,1.9394429305742706,-1.1737647308026276,-1.2199418099299186,0.0397456382173348,0.6698576130602166,0.3581750000958723,0.3861242057797632,0.2755102807353043,0.4859481160772106,0.14849311682383817,0.09849311682383817,2.222325230007051,3.6415315207705135e-14,-3.832317063690027e-07,-4.404973985572269e-08,0.055039685498050536,0.022540152166108683,0.0725293849620976,0.0605293849620976,0.026133217403361497,0.01165792195877935,0.1153581971410298,0.014315981967959492,0.011808951197235882,0.026124933165195374,0.22119539924965484,0.23035084041588358,-0.03473824559995675,-0.03439616755873609,-0.03473220940363495,0.000342078041220651,-0.03473220940363495,-0.0343901313624143,2.1229359777078436,1.4012825598844851,2.9214900263544976,2.9620470957802283,4.1876709922448185,-0.07149044348150002,-3.153764730802629,0.008262925315712932,0.008262950155374607,0.017489699464047062,0.049026629334694816,0.08902662933469482,0.009466487489143353
research_sigma_xl_substitutes,166.0,4.9574661641283235,3.3359597971976997,1.9920000000000015,4.176769676468627,0.6814788857551817,6.243820642501416,2.9078608453037162,-1.2248095931899166,1.9510918197739506,-1.0999310320418454,-1.1802097197864523,0.04008273471223793,0.6813689422619216,0.364334535215361,0.3841672798154734,0.2811382237388026,0.48032017307371233,0.1511686599504365,0.10116865995043649,2.182992163244662,4.929390229335695e-14,7.935498449462841e-07,9.1891036224645e-08,0.05693228641158489,0.02276557824124716,0.075220696304934,0.063220696304934,0.027291919842666768,0.011639264903451907,0.1181400231087375,0.014946697097683885,0.012336272524632777,0.02728296962231666,0.21348280868451253,0.2223970923374475,-0.036289511558815435,-0.03592877646226744,-0.036283154484214056,0.00036073509654809335,-0.036283154484214056,-0.035922419387665966,2.1847696764686253,1.4514673062615344,2.9654661641283218,3.0063743443543727,4.292728822727465,-0.12487856114807117,-3.091931032041847,0.008637182078744976,0.008636856619600466,0.01828840989334911,0.05142464118500256,0.09142464118500257,0.009744018765433925
research_sigma_xl_substitutes,167.0,5.015395743510914,3.3588450664720932,2.0040000000000013,4.253377370317713,0.709368078216454,6.363393969036564,3.004548902564471,-1.2039808101266378,1.9627214603811745,-1.0233233381927596,-1.1388781638493,0.040438183261807564,0.6929701378022332,0.3708177000487472,0.3821950765736204,0.2868406431575342,0.4746177536549807,0.15401873968355762,0.10401873968355761,2.1425964183190196,-3.863576125695545e-14,2.67686582455795e-07,3.1227236574338235e-08,0.058948349413121603,0.02300793197237761,0.07808467114153173,0.06608467114153173,0.02852556876315404,0.011619242950795972,0.1210991705552571,0.01561860513256746,0.012897274488169129,0.028515879620736588,0.20571000767250378,0.2143791093853309,-0.0379398594275816,-0.03755910237837756,-0.03793316025932097,0.00038075704920402867,-0.03793316025932097,-0.037552403210116936,2.2493773703177116,1.5041318422544903,3.0113957435109127,3.0526742831297398,4.40067250865539,-0.18065747193387827,-3.027323338192761,0.009032962128042055,0.009033533615223646,0.01913632172841012,0.053993986803601235,0.09399398680360124,0.010024752879956383
research_sigma_xl_substitutes,168.0,5.075407780683106,3.3819818760317983,2.0160000000000013,4.3329390187516905,0.7385300232814898,6.48601898361193,3.104037107580132,-1.1827436689338326,1.9743303056755426,-0.9437616897587819,-1.0958143532523579,0.0408134469838995,0.7046520491219294,0.37764684492522355,0.38020915164927205,0.2926137171826276,0.46884467962988735,0.15705937091036878,0.10705937091036878,2.101116272701268,1.1102230246251565e-14,-3.494245184310074e-07,-4.106257162073135e-08,0.061099202965200355,0.02326895005681892,0.0811368060299591,0.0691368060299591,0.029841021851781058,0.011597600527510021,0.12425212339619263,0.01633552880443781,0.013494980864985975,0.029830509669423785,0.1978831270883073,0.20630306634937337,-0.03969818365066802,-0.03929578417817803,-0.03969112019113522,0.0004023994724899789,-0.03969112019113522,-0.03928872071864524,2.316939018751689,1.5594552798687369,3.0594077806831046,3.101077475007563,4.511688677936387,-0.2389819791750507,-2.9597616897587833,0.00945477826188501,0.009454762326396984,0.02003760306475874,0.056751220804933444,0.09675122080493345,0.010308150105435343
research_sigma_xl_substitutes,169.0,5.137643304629898,3.4053898446745086,2.0280000000000014,4.415650982377631,0.7690501219200161,6.611898215828949,3.206508371154441,-1.1610712536028678,1.9859166614361945,-0.8610497261328414,-1.0508710871418974,0.04121012692817168,0.7164045795642213,0.38484622348842773,0.37821122147408237,0.2984530600666004,0.46300533674591454,0.16030853982408538,0.11030853982408538,2.058530383734551,-4.440892098500626e-15,2.9955755853627863e-07,3.545856885889265e-08,0.06339756997457305,0.02355060563195173,0.08439456062903217,0.07239456062903217,0.0312458888429612,0.011574264218102925,0.12761750881800893,0.01710169089963514,0.014132765016006837,0.031234455915641977,0.1900089316919717,0.1981757807716614,-0.04157440756796804,-0.041148671786070956,-0.04156695592943188,0.00042573578189707487,-0.04156695592943188,-0.04114122014753481,2.3876509823776297,1.6176342838643571,3.1096433046298966,3.1517266431937037,4.625981554392755,-0.3000215274700264,-2.8890497261328427,0.009902557064782824,0.00990278294310977,0.02099699065445912,0.05971504698876284,0.09971504698876285,0.010593492835322543
research_sigma_xl_substitutes,170.0,5.202256856209322,3.429090706836511,2.0400000000000014,4.501728140009755,0.8010218009674122,6.741254001247948,3.312163294411437,-1.138938554804267,1.9974788341117484,-0.7749725685007176,-1.003887018804871,0.04162981944987361,0.7282166230700368,0.39244263733922724,0.3762031740780938,0.30435367609659736,0.45710472071591757,0.16378653076253444,0.11378653076253444,2.0148176926614916,7.771561172376096e-14,-8.011811722941076e-07,-9.551338392421727e-08,0.06585779898823943,0.02385512469075307,0.0878775775197238,0.07587757751972381,0.03274881812018504,0.011548992190732243,0.13121640676409818,0.017921906243177372,0.01481444609046357,0.032736352333640945,0.18209486254307536,0.190004724936818,-0.04357976720880641,-0.04312875939953853,-0.04357190026606932,0.00045100780926775677,-0.04357190026606932,-0.04312089245680156,2.4617281400097535,1.6788853738462626,3.162256856209321,3.2047780220975737,4.743775167136199,-0.36396598630354937,-2.814972568500719,0.010379871402157681,0.010379941279353724,0.022019778531484374,0.06290652267135277,0.10290652267135278,0.01088000809118167
research_sigma_xl_substitutes,171.0,5.269418242157976,3.4531085852220698,2.0520000000000014,4.591406137417079,0.8345477581603862,6.874331029357146,3.421222444135076,-1.1163115107985524,2.009014645817659,-0.6852945710933938,-0.9546777016636412,0.042074580434681916,0.7400760437849142,0.40046433836849726,0.3741870725565646,0.3103099341794885,0.45114846263302644,0.16751628153238704,0.11751628153238704,1.969957767574962,4.1744385725905886e-14,1.5980316647734583e-07,1.9183782895559887e-08,0.06849611553941129,0.02418510629297183,0.09160810069387892,0.07960810069387893,0.03435957190606842,0.01152156890477729,0.1350727896679067,0.01880160038942922,0.01554434077341947,0.03434594116284869,0.17414905066410746,0.1817981307387498,-0.045726959883033214,-0.045248528787810605,-0.04571864933358668,0.0004784310952227096,-0.04571864933358668,-0.045240218238363966,2.5394061374170773,1.7434473292070627,3.217418242157975,3.2604035963403173,4.865316383539486,-0.43101693970515864,-2.737294571093395,0.010889366756339669,0.010888956881742087,0.023111985154467635,0.06634951639722964,0.10634951639722964,0.011166765135157408
research_sigma_xl_substitutes,172.0,5.339314573084556,3.47747038096953,2.0640000000000014,4.684944341397513,0.869740944779549,7.0113995805837614,3.5339291996142315,-1.0931598212915876,2.020521971921303,-0.5917563671129598,-0.9030406719130626,0.042546409045193696,0.7519695748038673,0.408942805693231,0.37216517228334256,0.3163155012582691,0.4451428955542458,0.1715238669433019,0.1215238669433019,1.9239305053044495,-5.0182080713057076e-14,1.8568022897014202e-08,2.2440252434030583e-09,0.07133096418541597,0.024543499576315495,0.09561144699615065,0.08361144699615065,0.03608922812374904,0.011491800327056767,0.1392140741016119,0.019746924073258537,0.016327354863550008,0.03607427893680855,0.1661803848814089,0.17356495025068316,-0.048030418545344955,-0.04752221887240182,-0.048021631951617676,0.0005081996729432332,-0.048021631951617676,-0.04751343227867444,2.6209443413975113,1.8115844066407218,3.2753145730845543,3.3187926011632527,4.990877608662458,-0.5014034541786279,-2.655756367112961,0.011432756442779635,0.011432990748652574,0.02428048281073468,0.07007119596039202,0.11007119596039203,0.01145267098290989
research_sigma_xl_substitutes,173.0,5.41215266595349,3.5022061970330074,2.0760000000000014,4.78262903140938,0.9067262144078843,7.15275917756037,3.650552980527362,-1.069445997912993,2.0319982464717725,-0.49407167710109245,-0.8487456309505548,0.04304772057126027,0.7638828039846057,0.417911685464084,0.370139923322617,0.32236331859846,0.4390950782140549,0.17583903802790393,0.12583903802790392,1.8767163634484412,8.171241461241152e-14,-3.088085793745421e-07,-3.756062094684154e-08,0.07438338993613007,0.02493374904118378,0.09991648326126645,0.08791648326126646,0.03795050098706132,0.011459312342696482,0.14367166727391245,0.020764945605833085,0.017169106549065078,0.03793405215489816,0.15819852133031415,0.1653149532438044,-0.050506669931508874,-0.049965982274205234,-0.050497372203132586,0.0005406876573035187,-0.050497372203132586,-0.049956684545829064,2.7066290314093786,1.8835897211278467,3.336152665953489,3.380154419481718,5.120760931088597,-0.5753743208119007,-2.570071677101094,0.012015388392501158,0.012015481287143817,0.025533093325136383,0.07410251456785844,0.11410251456785844,0.011736523460045473
research_sigma_xl_substitutes,174.0,5.48816188389327,3.5273498285674734,2.0880000000000014,4.884777307920046,0.9456419467536716,7.298742915131586,3.771393086564113,-1.0451290445065853,2.043440596606696,-0.39192340059042685,-0.791532892809957,0.04358121611508429,0.7758000963204414,0.42740750423035323,0.36811398362552494,0.3284455456858066,0.43301285112670834,0.18049590282544464,0.13049590282544465,1.8282963481954433,-3.597122599785507e-14,-1.6722126239265833e-07,-2.046205749284269e-08,0.07767751982041902,0.02535986306918318,0.10455639062345012,0.09255639062345013,0.03995793629542854,0.01142378498240526,0.14848182725300418,0.021863732496544542,0.0180760392071537,0.03993977170369824,0.1502139354653042,0.15705874664563174,-0.05317466934561621,-0.05259845432802146,-0.05316482119751089,0.0005762150175947396,-0.05316482119751089,-0.05258860617991615,2.796777307920044,1.9597894357764387,3.400161883893269,3.4447212872865745,5.25530231852489,-0.6532056439161584,-2.4799234005904283,0.012640757333479469,0.012640518032593043,0.0268788708030311,0.07847901425595294,0.11847901425595295,0.012016888569491707
research_sigma_xl_substitutes,175.0,5.567597500875388,3.5529394296893733,2.1000000000000014,4.99174181265628,0.9866420869987413,7.449722832066378,3.8967834023770047,-1.0201644832460341,2.054845816436583,-0.2849588958541922,-0.731108760087515,0.044149905902593024,0.7877045500393377,0.437469980131054,0.3660902264933126,0.3345535206467633,0.4269048761657516,0.1855337796932544,0.13553377969325442,1.7786518473649036,1.3766765505351941e-14,1.6979319350518551e-07,2.0892203078659577e-08,0.08124116649368822,0.025826529257182946,0.10956947854626709,0.09756947854626709,0.04212832871262262,0.011384827554189236,0.1536866080395436,0.023052591850034665,0.01905559919439215,0.04210819104442681,0.14223795147364374,0.1488078019262598,-0.05605632227945512,-0.055441149833644565,-0.05604587998350633,0.0006151724458107639,-0.05604587998350633,-0.055430707537695564,2.891741812656279,2.0405477496397526,3.467597500875387,3.5127516844388054,5.394877015629795,-0.7352055873918419,-2.3849588958541936,0.013313240945302729,0.013312821121021848,0.028328312052578866,0.08324165160506736,0.12324165160506736,0.012292128088187054
research_sigma_xl_substitutes,176.0,5.650744745896246,3.579018233124773,2.1120000000000014,5.10391626501258,1.0298986041789169,7.6061161312106735,4.0270978980859,-0.9945025626159798,2.0662102517150744,-0.17278444349789268,-0.6671389478688003,0.04475721748809924,0.7995779413091597,0.448142116602432,0.36407174997744285,0.3406777146521538,0.42078068216036113,0.19099823240445307,0.14099823240445308,1.727764680571495,1.7319479184152442e-14,6.724272993974267e-07,8.314925176167165e-08,0.08510656043571323,0.02633927216704592,0.11500022428113477,0.10300022428113477,0.044481173722457745,0.011341971391718664,0.1593350323999303,0.024342314384518206,0.020116437798327745,0.04445875218284595,0.13428277932286298,0.1405745029234911,-0.05917707916695858,-0.05851905055867723,-0.059165993524493365,0.0006580286082813365,-0.059165993524493365,-0.05850796491621203,2.9919162650125783,2.1262727389865734,3.538744745896244,3.584534494181171,5.539905879495599,-0.8217181191180871,-2.284784443497894,0.014038092607538966,0.014037876836219279,0.02989366384542154,0.08843786329306513,0.12843786329306514,0.012560369111387942
research_sigma_xl_substitutes,177.0,5.737923666723625,3.605635494004188,2.1240000000000014,5.22174226121855,1.0756044344436568,7.768392896866239,4.16275740286205,-0.9680882980309562,2.0775297592200204,-0.054958447291922674,-0.5992418250626086,0.04540703191055871,0.8114006774829821,0.4594705477167539,0.3620618848278931,0.34680769062470845,0.4146507061878065,0.1969423899081443,0.1469423899081443,1.6756169159616423,3.019806626980426e-14,6.013358329060026e-07,7.46730901557413e-08,0.08931128351038152,0.02690463906421478,0.12090063309090926,0.10890063309090926,0.047039248181209414,0.011294659986445632,0.16548467203364092,0.025745485762898843,0.02126867964015458,0.04701416540305342,0.12636154608640202,0.13237217359699058,-0.06256672492325421,-0.061861384909699724,-0.06255494011810171,0.0007053400135543682,-0.06255494011810171,-0.06184960010454735,3.0977422612185483,2.217423476225883,3.6139236667236236,3.6603939075036047,5.690863137646218,-0.9131298507390335,-2.178958447291924,0.014821431531855556,0.014822136728490434,0.03158934958052774,0.09412294251135034,0.13412294251135035,0.012819447396793943
research_sigma_xl_substitutes,178.0,5.829495045913394,3.6328476348618746,2.1360000000000015,5.345717531194398,1.1239771005413357,7.937085475277955,4.30423784041608,-0.9408596995522687,2.0887995716879657,0.06901682268392584,-0.5269791254048695,0.0461038093739779,0.8231517559415333,0.4715056705073215,0.36006420148993934,0.3529320650763783,0.4085263317361366,0.20342861146838823,0.1534286114683882,1.622190691948366,5.773159728050814e-15,-7.37965970332155e-07,-9.194616007457412e-08,0.09389944683627462,0.02753045078126013,0.1273319097383161,0.1153319097383161,0.04982940095954658,0.01124210428523753,0.17220356931432335,0.02727692304184224,0.02252427113819433,0.04980119418003657,0.11848832351917266,0.12421511343012204,-0.06626040449353199,-0.06550250877876951,-0.06624785628880685,0.0007578957147624694,-0.06624785628880685,-0.06548996057404438,3.209717531194397,2.314518624009274,3.693495045913392,3.740695474225428,5.848285903589989,-1.0098765222361945,-2.0669831773160756,0.0156729590826008,0.015673107819222945,0.03343246290204148,0.10036172137307364,0.14036172137307365,0.01306689009531456
research_sigma_xl_substitutes,179.0,5.925867653668316,3.6607196696058053,2.1480000000000015,5.476406080695182,1.17526323636275,8.112800035494885,4.4520803658890795,-0.9127423798657546,2.1000139677904954,0.19970537218470952,-0.44984290395138604,0.04685289965646642,0.8348087375355109,0.48430132850564944,0.3580825146189632,0.3590384781338277,0.4024199186786872,0.21053061489690642,0.1605306148969064,1.567467991111867,6.705747068735946e-14,3.03862588646453e-07,3.794538022683369e-08,0.0989231962362055,0.0282261479527648,0.13436668426504417,0.12236668426504417,0.05288337069161053,0.01118352963886915,0.1795727590337517,0.028954089977120998,0.0238973760009723,0.0528514659780933,0.1106781458512077,0.11611864088063327,-0.07029978393456449,-0.06948331357343362,-0.07028640000285971,0.0008164703611308506,-0.07028640000285971,-0.06946992964172886,3.3284060806951805,2.41814691897203,3.7778676536683147,3.8258536858778207,6.01278606770439,-1.112447752050464,-1.948294627815292,0.016600483679396483,0.016599942881823107,0.03544348802883866,0.10723083861101279,0.1472308386110128,0.0132997762858936
research_sigma_xl_substitutes,180.0,6.027507221275129,3.68932699636792,2.1600000000000015,5.614450899724487,1.2297438419245568,8.296230993345459,4.606903996977539,-0.8836587321934757,2.111166630965704,0.3377501912140142,-0.3672475830105921,0.047660194220522666,0.8463476752320164,0.4979163253867591,0.35612089521055723,0.36511354092421905,0.3963448558882959,0.21833625595039285,0.16833625595039287,1.5114301496265363,6.039613253960852e-14,3.436291764469246e-07,4.295290095823745e-08,0.10444467830154301,0.029003140312268468,0.13804481902930466,0.12604481902930464,0.05448060556180678,0.011152663175208577,0.1834309578505735,0.030786364991690365,0.02478724681254333,0.055573611804233695,0.10294705759454902,0.10809908077956296,-0.07241155029228885,-0.07156421346749742,-0.07290366709571569,0.0008473368247914233,-0.07290366709571569,-0.07205633027092427,3.454450899724485,2.5289803012312997,3.8675072212751274,3.916340590309425,6.185064362379755,-1.2214089234074899,-1.8222498087859873,0.01708364767227888,0.01708360790569108,0.03360014072776164,0.11083338225926953,0.15083338225926954,0.017502873691123327
research_sigma_xl_high,0.0,0.9200248718261719,0.0,0.0,0.026024632870008335,-0.35090771980746643,-5.262131097583554,-5.262131097583554,-3.310782894058187,-0.03716991798396846,-5.250676075640464,-3.800829881517036,0.03648759664616436,0.013532307883442075,0.16952663572949953,0.4428957469866727,0.0050510672042175485,0.7564073296082974,0.13497538324856068,0.08497538324856067,2.4448902611544834,-2.7533531010703882e-14,-6.748451033544711e-07,-4.750483403870298e-08,0.04547763633534051,0.022736842105263163,0.02366305968059179,0.011663059680591791,0.010716261800504445,0.012368094268079069,0.08776526230014436,0.010926148882196274,0.00011676740245444548,0.01104291628465072,0.6609333537180937,0.6859624758513625,-0.0005787036120082356,-0.00094679788008728,-0.0005668320507497355,-0.0003680942680790687,-0.0005668320507497355,-0.0009349263188288043,0.026024632870008335,-0.2531506192527533,0.9200248718261719,0.9571947898101403,-5.224961179599585,1.9398931815822769,-5.250676075640464,-0.009769463715319393,-0.0097694639204171,-0.021814576654748716,0.011380580345282887,0.05138058034528289,0.033594802903277786
research_sigma_xl_high,1.0,0.9645052353561623,0.022676358655058165,0.012000000000000002,0.04968769255060013,-0.340191458006962,-5.174365835283409,-5.197042193938468,-3.3085523577735065,-0.02480182371588939,-5.227013015959872,-3.7949497556749088,0.03613286797047589,0.014103015148894074,0.17104069734248958,0.4428304327107377,0.005264706468148771,0.7561936903443661,0.13219460426629762,0.08219460426629761,2.496319738854364,-2.1822821327788233e-15,-6.746400056378832e-07,-4.78271841020117e-08,0.043510594657017995,0.022616866656886656,0.02334959798413433,0.011349597984134329,0.010410226956311441,0.012355142796637209,0.086934487795852,0.010281299113925661,0.00012037193792089766,0.01040167105184656,0.6605509798502409,0.6853133153937733,-0.0005842282311856184,-0.000939371027822905,-0.000584329795732513,-0.0003551427966372086,-0.000584329795732513,-0.0009394725923697216,0.03768769255060012,-0.2417700389074704,0.9525052353561623,0.9893070590720516,-5.14956401156752,1.9184606581863655,-5.239013015959872,-0.00947056368529653,-0.009470855928488554,-0.020160996672883666,0.011064431033403183,0.05106443103340318,0.03113017323289443
research_sigma_xl_high,2.0,1.0070980419084596,0.045235678773484125,0.024000000000000004,0.072723828838277,-0.33008726589484355,-5.08826212199185,-5.133497800765334,-3.30572402142878,-0.012459632390694041,-5.2039768796721955,-3.788650556305004,0.035802984560852895,0.014684279287935594,0.17247805186306783,0.4427639102592696,0.005482348948617095,0.7559760478638978,0.12963443378198633,0.07963443378198633,2.545619943501894,-3.2404634531246757e-14,-9.035871917362215e-08,-6.448421824289952e-09,0.041699604974496374,0.02250268910512724,0.022748088079187045,0.010748088079187045,0.009822174010808399,0.012330442584546526,0.08533450777649687,0.00969182358868345,0.00012268582721180598,0.009814509415895255,0.6601615328770831,0.6846749391527727,-0.0005954714838321273,-0.0009259140683786915,-0.0005955622680184758,-0.000330442584546526,-0.0005955622680184758,-0.0009260048525650018,0.048723828838276986,-0.23102175718594692,0.9830980419084596,1.0195576742991537,-5.0758024896011555,1.8982528582434153,-5.2279768796721955,-0.00889635642668396,-0.008896259942429752,-0.018951516895309328,0.010457451756481509,0.05045745175648151,0.029176982025504818
research_sigma_xl_high,3.0,1.047951010738219,0.06768351198846574,0.036000000000000004,0.09518386870897422,-0.3205471099853452,-5.003696819730416,-5.071380331718881,-3.3023450706268744,-0.00014093854679633755,-5.181516839801498,-3.781967517844037,0.035495651937821615,0.01527646333621438,0.17384402575624458,0.4426961380848555,0.005704133449163847,0.755754263363351,0.1272718706825937,0.07727187068259371,2.5928745938133866,6.245004513516506e-16,-8.676085141434697e-07,-6.23039654867874e-08,0.040028396973495875,0.022393829306787114,0.022194757231304707,0.010194757231304707,0.009279726836086327,0.012307926399590356,0.08385150351994941,0.00914775528938882,0.00012508009086726826,0.009272835380256089,0.6597647695647363,0.6840454072501532,-0.0006071039956281055,-0.0009150303952183414,-0.0006071849071226617,-0.00030792639959035563,-0.0006071849071226617,-0.0009151113067130173,0.05918386870897421,-0.22085513539450738,1.011951010738219,1.0480919492850154,-5.003555881183619,1.8791717691746235,-5.2175168398014975,-0.008364787833808007,-0.008364696440867948,-0.017833639742191168,0.009898462692253598,0.0498984626922536,0.02737340799034011
research_sigma_xl_high,4.0,1.0871967032711978,0.09002498448347643,0.04800000000000001,0.11711334330088641,-0.3115278122226709,-4.920559114951951,-5.010584099435428,-3.298453597096396,0.01215622040848667,-5.159587365209586,-3.774928540094483,0.03520899824463892,0.01587993147781659,0.175143167931517,0.44262707450864985,0.005930199389142637,0.7555281974233723,0.12508697489298864,0.07508697489298864,2.638164367491608,9.20652443170411e-14,-2.7314459893901244e-07,-1.9730333061795946e-08,0.038482865628373705,0.022289895699779905,0.021684758668703077,0.009684758668703077,0.008778300710336973,0.012287330404655204,0.08247396527800355,0.008644526623827106,0.0001275550801134136,0.00877208170394052,0.6593604459098628,0.6834230882234686,-0.0006191275537109631,-0.0009064579583661914,-0.0006191994180262799,-0.000287330404655204,-0.0006191994180262799,-0.0009065298226814839,0.06911334330088639,-0.21122483180143972,1.0391967032711977,1.0750404828627111,-4.932715335360438,1.86113376811319,-5.207587365209586,-0.00787135337220013,-0.007871842751970868,-0.016798106959670628,0.009382616275392233,0.049382616275392234,0.025704358617596408
research_sigma_xl_high,5.0,1.1249545226643325,0.11226482088334772,0.06000000000000001,0.13855338604638037,-0.30299050856467125,-4.838748889174409,-4.951013710057756,-3.2940877773712747,0.02443372226251407,-5.138147322464092,-3.7675617382248294,0.03494122980150149,0.016495047670047037,0.1763799301365649,0.44255667787776126,0.0061606862950763985,0.7552977105174385,0.1230623968051507,0.0730623968051507,2.6815664944548527,-1.1157741397482823e-14,1.1115102749315042e-07,8.07345756914657e-09,0.0370507383341165,0.022190507031881437,0.021213908569764947,0.009213908569764947,0.008313888921646223,0.012268475079761868,0.08119186028623782,0.008178146873937028,0.00013011126225541004,0.008308258136192438,0.6589483180610683,0.6828064138783302,-0.0006315445683568177,-0.0009000196481187828,-0.0006316080692010199,-0.0002684750797618679,-0.0006316080692010199,-0.0009000831489628878,0.07855338604638036,-0.2020899028437229,1.0649545226643324,1.1005208004018183,-4.8631826114369225,1.8440595450928172,-5.1981473224640915,-0.007413371538890434,-0.007413869273527499,-0.01583682976435155,0.008905727590241108,0.04890572759024111,0.02415666921490959
research_sigma_xl_high,6.0,1.1613323851917199,0.13440740204205945,0.07200000000000001,0.1595411604404163,-0.29490003437937845,-4.758175394379475,-4.892582796421535,-3.289280340174177,0.03669317056801041,-5.117159548070056,-3.759890889636057,0.034690814455355184,0.017122178146296758,0.1775582679640268,0.4424849062788127,0.00639573474514214,0.7550626620673728,0.12118295515482487,0.07118295515482487,2.723155245540826,7.494005416219807e-16,7.223246747400935e-07,5.274101014252075e-08,0.035721276308638486,0.022095336423830346,0.020778520150572452,0.008778520150572452,0.007883002116569032,0.012251159333587534,0.07999639567826167,0.007745138601766815,0.00013274937615713142,0.007877887977923947,0.6585281406419811,0.6821940063384226,-0.0006443587004158202,-0.0008955180340032842,-0.0006444144473647157,-0.0002511593335875334,-0.0006444144473647157,-0.0008955737809522491,0.0875411604404163,-0.1934133766209575,1.0893323851917198,1.1246392146237094,-4.794868564947485,1.827879207895879,-5.189159548070056,-0.006987228727936001,-0.006987484082565613,-0.014942756158066034,0.008464108152434924,0.048464108152434925,0.022718847002389943
research_sigma_xl_high,7.0,1.1964281396604979,0.1564567933642783,0.084,0.18011042634752528,-0.2872245043315332,-4.678756097817885,-4.835212891182164,-3.2840622348271467,0.04893604092968914,-5.096590282162947,-3.751938441240879,0.0344563409921553,0.017761691267793627,0.17868191859368093,0.4424117175549081,0.0066354863213109365,0.754822910491204,0.11943531660058443,0.06943531660058443,2.7630018439486035,-7.283063041541027e-14,6.218602868202083e-07,4.563045241656738e-08,0.034485047936387,0.02200407975388968,0.020375370455163327,0.008375370455163327,0.007482569423318125,0.012235226838623096,0.07887983047898794,0.007342440962262089,0.0001354702778622638,0.007477911240124353,0.6580996668505782,0.6815845774667673,-0.0006575741932221268,-0.000892801031845164,-0.000657622708069242,-0.00023522683862309615,-0.000657622708069242,-0.0008928495466923381,0.09611042634752527,-0.18516168653885307,1.1124281396604978,1.1474920987308088,-4.7276921387475745,1.8125280473358005,-5.180590282162947,-0.00659022024389655,-0.006589768391472923,-0.014109677481223673,0.008054533025583663,0.048054533025583664,0.021380783575000763
research_sigma_xl_high,8.0,1.2303307730478408,0.17841677453799104,0.096,0.20029190135074296,-0.2799348955327422,-4.6004157334214995,-4.778832507959491,-3.27846078066197,0.0611636242452566,-5.076408807159729,-3.743723989627635,0.03423657435825211,0.01841395870003377,0.1797542689543388,0.44233706917099613,0.006880084058472856,0.7545783127540421,0.11780771751290228,0.06780771751290228,2.8011747189980016,-9.159339953157541e-15,-1.81380172659118e-07,-1.3371588974964155e-08,0.03333373197007278,0.021916469569870232,0.020001590623895477,0.008001590623895476,0.007109896581405789,0.012220497628408936,0.077835321905658,0.006967367332749068,0.00013827505825353049,0.007105642391002599,0.6576626476709773,0.6809769662109142,-0.0006711964140807547,-0.0008916940424897324,-0.0006712381468617987,-0.00022049762840893605,-0.0006712381468617987,-0.0008917357752707347,0.10429190135074295,-0.17730431056979018,1.1343307730478407,1.169167148802584,-4.661579357666756,1.797948026497759,-5.172408807159729,-0.006218711355965967,-0.006218202538916102,-0.0133321413461773,0.007674130825777975,0.047674130825777976,0.020133586687124304
research_sigma_xl_high,9.0,1.2631214386755287,0.20029087556212782,0.108,0.22011360759531623,-0.2730047111687216,-4.523085454006569,-4.723376329568697,-3.2724996575390786,0.07337703618650701,-5.056587100915157,-3.735264275521983,0.034030446916550855,0.01907935631905246,0.18077835841958756,0.4422609181101529,0.007129672793212632,0.7543287240193023,0.11628973858913763,0.06628973858913763,2.8377396320918775,7.632783294297951e-14,-3.9577381238942166e-07,-2.9306566562414815e-08,0.03225995809990703,0.021832273816972645,0.01965465605574894,0.0076546560557489395,0.006762591976200605,0.012206832855288115,0.07685680438062015,0.0066175313307242425,0.0001411649153367619,0.006758696246061005,0.6572168312662348,0.6803701308890617,-0.0006852312242602021,-0.0008920640795483936,-0.0006852665793046696,-0.00020683285528811518,-0.0006852665793046696,-0.0008920994345927848,0.11211360759531623,-0.16981342488729712,1.1551214386755286,1.1897444024890218,-4.596462490193076,1.784087443376078,-5.164587100915156,-0.005869979888852406,-0.00587052789665227,-0.012605302044158093,0.007320374191672002,0.047320374191672,0.018969364397465625
research_sigma_xl_high,10.0,1.2948743438735868,0.22208238955945267,0.12,0.23960121346224084,-0.266409711580341,-4.446702124660259,-4.668784514219712,-3.266200740439675,0.08557728995583283,-5.037099495048231,-3.726574679799433,0.033836988502750125,0.019758264139162856,0.18175702121907267,0.4421832208818514,0.0073843991462593395,0.7540739976662556,0.11487212165607212,0.06487212165607212,2.8727596847912515,-1.790234627208065e-14,9.146354271738488e-07,6.801292365410383e-08,0.031257177365076314,0.021751280155021466,0.019332382946737336,0.007332382946737336,0.006438501486727033,0.01219419693725872,0.07593891382200901,0.006290783541179806,0.00014414105581062243,0.006434924596990428,0.6567619630267608,0.6797630991989494,-0.0006996845227515702,-0.0008938814600102651,-0.0006997138631583615,-0.0001941969372587192,-0.0006997138631583615,-0.0008939108004170807,0.11960121346224084,-0.16266356218644618,1.174874343873587,1.2092970539177539,-4.532279414616092,1.7708987546085564,-5.157099495048231,-0.005544061424557878,-0.00554462002671673,-0.011924794418338977,0.006991076545802749,0.04699107654580275,0.017881045110269368
research_sigma_xl_high,11.0,1.3256575081563504,0.24379441675667646,0.132,0.2587783734887909,-0.26012770819526754,-4.371207626362551,-4.615002043119228,-3.2595877803881943,0.09776543006102445,-5.017922335021682,-3.7176722111041114,0.033655197391571634,0.020451066315816127,0.18269317247158434,0.44210393352163435,0.007644411533431685,0.7538139852790833,0.11354662207870558,0.06354662207870558,2.906295176013764,-9.636735853746359e-14,7.214305053349079e-07,5.386068854806858e-08,0.03031955775204366,0.02167326590100117,0.019032784027748384,0.007032784027748384,0.006135726617239046,0.012182494194523774,0.07507683368277496,0.005985230973981563,0.0001472048885551764,0.006132435862536739,0.6562977855684031,0.6791548770137494,-0.0007145632159855642,-0.0008970574105092999,-0.0007145868376464877,-0.00018249419452377388,-0.0007145868376464877,-0.0008970810321702616,0.1267783734887909,-0.15583127179569162,1.1936575081563503,1.227892078095326,-4.468973056423575,1.7583345546334876,-5.149922335021682,-0.005239144294245657,-0.005238669206729708,-0.011286773724295276,0.006684247359733331,0.04668424735973333,0.01686237471897225
research_sigma_xl_high,12.0,1.355533432836853,0.26542984900323796,0.14400000000000002,0.2776667815177376,-0.2541382583458629,-4.296548457294709,-4.561978306297947,-3.252679029028166,0.10994227834488038,-4.999033926992735,-3.7085694942930356,0.033484285859357095,0.02115815296627912,0.18358925236089624,0.4420230113827481,0.007909860859474087,0.7535485359530408,0.11230585563154366,0.06230585563154366,2.9384042189453923,5.140332604014475e-14,-3.5539604370526945e-08,-2.6634133509784164e-09,0.0294418758757784,0.021598056551559514,0.018754037853846467,0.006754037853846467,0.005852593266680889,0.01217156934423605,0.07426622114841486,0.005699201155408976,0.0001503580428331638,0.0058495591982421396,0.6558240375125929,0.6785446195209615,-0.0007298752429295285,-0.0009014445871656507,-0.000729893411811475,-0.00017156934423604928,-0.000729893411811475,-0.0009014627560475243,0.1336667815177376,-0.14929506746697951,1.2115334328368528,1.2455911544919724,-4.40649073563959,1.7463548979645687,-5.143033926992735,-0.004951569083498253,-0.004951148679515311,-0.010687838021931934,0.006398061431580393,0.046398061431580394,0.015907794199963264
research_sigma_xl_high,13.0,1.3845596708850492,0.28699141016248164,0.15600000000000003,0.29628644919648384,-0.24842252166190576,-4.2226751840657215,-4.509666594228203,-3.245490918555191,0.12210856874949655,-4.980414259313989,-3.699277770137233,0.03332355020615677,0.02187992020887672,0.18444750733231777,0.4419404091316507,0.008180900544399341,0.7532774962681156,0.11114319697920962,0.06114319697920961,2.9691425923417483,-9.35918009759007e-14,-1.1937746080548095e-07,-8.97877439065553e-09,0.028619445167911747,0.021525495410634442,0.018494567622940467,0.006494567622940466,0.0055875710517226534,0.012161367956103536,0.07350322010922161,0.00543116547989671,0.00015360216394357597,0.005584767643840286,0.6553404534600525,0.6779315391409532,-0.000745628615114291,-0.0009069965712177885,-0.0007456415725416311,-0.0001613679561035357,-0.0007456415725416311,-0.0009070095286451668,0.1402864491964838,-0.14303514893253083,1.228559670885049,1.2624511021355527,-4.344783752815218,1.7349233407587978,-5.136414259313988,-0.004680436548291089,-0.004680574480504841,-0.01012487754497128,0.00613093817339419,0.04613093817339419,0.015012258805815422
research_sigma_xl_high,14.0,1.4127893297006302,0.3084816712788323,0.16800000000000004,0.31465591676361854,-0.2429631162424176,-4.149542017076266,-4.458023688355098,-3.2380399021247483,0.13426501425708745,-4.9620447917468535,-3.6898083842745937,0.0331723061878775,0.022616770090939917,0.1852701352814999,0.4418560807562591,0.008457686508459242,0.7530007103040557,0.11005268894514245,0.06005268894514244,2.998563716734753,-8.570921750106208e-14,2.403248227089705e-07,1.8137928020633964e-08,0.027848051696068854,0.021455428663289484,0.0182529758087506,0.006252975808750599,0.00533927436979309,0.012151870008393378,0.07278435216321455,0.005179739956932907,0.00015693891513408507,0.0053366788720669925,0.6548467640390702,0.6773148599592373,-0.0007618314305641583,-0.0009137014389574427,-0.0007618393938547822,-0.00015187000839337814,-0.0007618393938547822,-0.0009137094022481603,0.1466559167636185,-0.13703319112019113,1.2447893297006303,1.2785243154435428,-4.283807031333353,1.7240048896221052,-5.130044791746854,-0.00442576671035666,-0.004425572930835581,-0.009595075887318255,0.005881476237669991,0.04588147623766999,0.014171212707472451
research_sigma_xl_high,15.0,1.4402715145084837,0.32990305101336864,0.18000000000000005,0.33279240081398503,-0.23774397292231958,-4.077106479739292,-4.407009530752661,-3.230342451975904,0.1464123087662833,-4.943908307696487,-3.680172776146552,0.033029887288737056,0.023369110647993345,0.1860592904369978,0.44176997955917413,0.008740377206857572,0.7527180196056573,0.10902896062716892,0.05902896062716892,3.0267187552897514,3.524958103184872e-14,-5.069365029974904e-07,-3.8385547074248905e-08,0.02712389624122069,0.021387705308610547,0.018027941476201653,0.006027941476201653,0.0051064851724156035,0.012142963166090676,0.07210644649080056,0.004943707914792905,0.00016037023055043067,0.005104078145343335,0.6543426958658444,0.6766938163488316,-0.0007784931376952908,-0.000921456303786039,-0.0007784962648079161,-0.00014296316609067536,-0.0007784962648079161,-0.0009214594308985915,0.15279240081398499,-0.13127219645719085,1.2602715145084837,1.2938592057422005,-4.223518788505576,1.7135658557205833,-5.123908307696487,-0.004184810881760814,-0.004185028868629554,-0.009095954765019038,0.0056483502168706845,0.045648350216870685,0.013380610410298234
research_sigma_xl_high,16.0,1.4670517141300863,0.35125783506693453,0.19200000000000006,0.35071179971602184,-0.23275014589758639,-4.005329124094665,-4.356586959161599,-3.22240952388827,0.1585509405892688,-4.925988908794451,-3.6703779926452835,0.03289582516681594,0.02413735829104139,0.18681665781340281,0.44168205788446974,0.009029134540137537,0.7524292622723774,0.10806714425895304,0.05806714425895304,3.0536570783183294,-7.682743330406083e-14,6.762985607089433e-07,5.1370346310086745e-08,0.026443535487906275,0.02132221990063953,0.017818328253549065,0.005818328253549065,0.0048880734131902664,0.012134631953262323,0.0714666620749127,0.004721938166432504,0.0001638980025840632,0.004885836169016567,0.6538279699450023,0.6760677773496129,-0.0007956228870964199,-0.000930254840358774,-0.0007956213717672974,-0.00013463195326232288,-0.0007956213717672974,-0.0009302533250296203,0.15871179971602178,-0.12573649068644976,1.2750517141300861,1.3085007735408174,-4.163880064683934,1.7035793849061807,-5.117988908794451,-0.003957584538436976,-0.003957818572831468,-0.00862520723435721,0.005430419419753002,0.045430419419753,0.012636724839200038
research_sigma_xl_high,17.0,1.493172142648029,0.37254818798344136,0.20400000000000007,0.36842905732108316,-0.22796782609593905,-3.934173155589467,-4.306721343572908,-3.214257621052778,0.17068157267280795,-4.90827165118939,-3.6604356437989196,0.0327694820814075,0.024921934633664357,0.18754431249376385,0.441592267480814,0.009324122675879074,0.7521342741366358,0.10716284239852693,0.057162842398526925,3.0794255976597373,8.271161533457416e-14,-3.886771371419684e-08,-2.9611648966199056e-09,0.025803858814359523,0.021258825998724303,0.017623087844060054,0.005623087844060053,0.004683025441798813,0.01212683185821857,0.07086240391270993,0.004513418895526515,0.00016752424555947816,0.004680943141085993,0.6533023037954448,0.6754359914131973,-0.0008132305440426979,-0.0009400624022611603,-0.0008132244930071759,-0.00012683185821857,-0.0008132244930071759,-0.0009400563512257458,0.1644290573210831,-0.12041135761768484,1.2891721426480292,1.3224905699752212,-4.104854728262275,1.6940140301366116,-5.112271651189389,-0.0037431785177581833,-0.003742963039537573,-0.00818077097029947,0.005226630889908407,0.04522663088990841,0.011936211508618517
research_sigma_xl_high,18.0,1.5186720442084995,0.3937761528089,0.21600000000000008,0.38595797540414195,-0.22338409501398876,-3.863604316269245,-4.257380469078145,-3.2058958809237863,0.18280460430570594,-4.890742733106331,-3.6503514473105705,0.0326504748107199,0.02572327084295859,0.18824372100819348,0.4415005590035281,0.009625509698883037,0.7518328871136319,0.10631204450507889,0.05631204450507889,3.1040697367477947,4.3520742565306136e-14,2.453421195092176e-07,1.874512128852146e-08,0.025202029281370428,0.021197436424371968,0.017441246602142774,0.005441246602142773,0.004490431301421932,0.012119488231475045,0.07029132491824619,0.004317238546465476,0.0001712512230935504,0.004488489769559027,0.6527654085352177,0.6747978797089831,-0.0008313270692458519,-0.0009508153007208309,-0.0008313166169589828,-0.00011948823147504492,-0.0008313166169589828,-0.0009508048484340278,0.16995797540414187,-0.11528322890663295,1.3026720442084994,1.3358674399027937,-4.046408920574951,1.6848468521825444,-5.106742733106331,-0.0035397601205755524,-0.003539616000701091,-0.007760782679227654,0.005036005796752008,0.04503600579675201,0.011276038708326878
research_sigma_xl_high,19.0,1.5435879550210234,0.4149436908215343,0.2280000000000001,0.4033115505253687,-0.21898696349309518,-3.7935905057529746,-4.208534196574509,-3.197337141293929,0.19492054913575804,-4.873389157985104,-3.640134177529201,0.032538309132031255,0.02654180519898177,0.18891660310301608,0.4414068822938943,0.009933466709482924,0.751524930103032,0.10551110942352761,0.055511109423527605,3.127632737471854,8.043565813409259e-14,-3.271074631161497e-07,-2.5060868547033266e-08,0.024635471242385312,0.021137936913680367,0.017271958243054747,0.005271958243054747,0.0043094441504026165,0.012112591084134192,0.06975128023434207,0.00413255045222287,0.00017508110056999618,0.004307631552792866,0.6522169905166821,0.6741527821443127,-0.0008499230085179665,-0.0009625140926522169,-0.0008499082551941565,-0.00011259108413419136,-0.0008499082551941565,-0.0009624993393283479,0.17531155052536862,-0.11033934602418083,1.3155879550210234,1.3486674058852655,-3.9885110548887326,1.6760520166911745,-5.101389157985103,-0.00334733933578768,-0.0033469300577504864,-0.007363512999330565,0.004857692882236642,0.04485769288223664,0.010653416541290962
research_sigma_xl_high,20.0,1.567953953714028,0.43605263807910666,0.2400000000000001,0.42050189189025144,-0.21476520671318353,-3.724101755800561,-4.160154393879668,-3.1885905595953616,0.20702978647397433,-4.856198816620221,-3.6297896958839453,0.03243262041962291,0.02737798448287387,0.1895643593644664,0.4413111862202933,0.010248168361858032,0.7512102284506569,0.1047567077589236,0.05475670775892359,3.1501562721828598,6.827871601444713e-14,-5.732139547465209e-07,-4.403135156483273e-08,0.02410182958084474,0.021080243382899887,0.017114411605273883,0.005114411605273882,0.004139312455066435,0.012106069173165951,0.06924028999404186,0.003958600934534,0.00017901626726747556,0.004137617201801475,0.6516567503964744,0.6735001242798103,-0.0008690299770414966,-0.0009750991502074646,-0.0008690110061527944,-0.00010606917316595063,-0.0008690110061527944,-0.000975080179318745,0.18050189189025134,-0.10556784314215967,1.3279539537140277,1.3609241672400536,-3.931131542274535,1.6676082570248596,-5.0961988166202215,-0.00316408005779123,-0.003164213304858988,-0.006987417975570856,0.004690875500177244,0.044690875500177245,0.010065832258746348
research_sigma_xl_high,21.0,1.5918018647600574,0.45710475899492026,0.2520000000000001,0.4375403737359165,-0.2107083385829623,-3.655109925764891,-4.112214684759811,-3.1796653014095115,0.21913268748208994,-4.839160334774556,-3.619323929384031,0.032333051638068155,0.028232264419049833,0.19018836043511222,0.44121341862759766,0.010569793047813069,0.7508886037647019,0.10404579756745841,0.054045797567458406,3.1716802380801927,-8.920642002863133e-14,-6.061332724627277e-08,-4.667733838337185e-09,0.023598952514714805,0.021024272884610156,0.016967924272421442,0.004967924272421442,0.00397931940116944,0.012099945423084235,0.0687565920888491,0.0037946723402380884,0.00018305908807305418,0.003977731428311143,0.6510843828392365,0.672839331695056,-0.0008886594481677668,-0.0009886048712519357,-0.0008886363498691954,-9.99454230842349e-05,-0.0008886363498691954,-0.0009885817729534303,0.18554037373591636,-0.10095759502382634,1.3398018647600574,1.3726691772779673,-3.874242613246981,1.6594950333650447,-5.091160334774556,-0.0029909130363883207,-0.0029907145299174383,-0.006631028242293363,0.004534865829209089,0.04453486582920909,0.009510931738249316
research_sigma_xl_high,22.0,1.615161453983511,0.4781017333030467,0.2640000000000001,0.45443774043509433,-0.20680656791084465,-3.5865885716228627,-4.064690304925909,-3.1705723856681383,0.2312296773201428,-4.822262968075378,-3.60874435075142,0.032239193225874936,0.02910510869015381,0.1907900952199283,0.44111352644990465,0.010898522543948784,0.7505598742685662,0.10337559829159958,0.053375598291599574,3.1922427096300177,-1.2878587085651816e-14,-9.702268963796001e-07,-7.489630532431235e-08,0.023124873158964263,0.020969929674125705,0.016831814540739815,0.004831814540739814,0.003828839380066465,0.012094151072047074,0.06829852515353929,0.003640138288682672,0.00018721216099989012,0.003827350449682562,0.6504995771775969,0.6721697888819579,-0.00090882408862622,-0.0010029751606732418,-0.0009087968980577192,-9.415107204707382e-05,-0.0009087968980577192,-0.001002947970104793,0.1904377404350942,-0.09649811148374149,1.351161453983511,1.3839317766633683,-3.8178182489430057,1.65169058240724,-5.086262968075379,-0.0028259996847888047,-0.0028258642193931156,-0.006293058618224448,0.004388976190263488,0.04438897619026349,0.008986622101336085
research_sigma_xl_high,23.0,1.638060600951482,0.4990451573224639,0.27600000000000013,0.4712040028173961,-0.20305065982282938,-3.5185128754578123,-4.0175580327802765,-3.161317300779089,0.2433209896261841,-4.805496705693076,-3.59805402833245,0.032150820720224765,0.029996991959577182,0.19137059112010293,0.4410114553646262,0.011234543168877429,0.7502238536436375,0.10274354780571386,0.05274354780571386,3.2118805224053957,9.059419880941277e-14,-3.3154411882563295e-07,-2.565287743339084e-08,0.0226777791408955,0.02091716132248444,0.016705475715652063,0.0047054757156520625,0.00368728987248039,0.012088649034852975,0.06786457749891639,0.0034944129349940333,0.00019147815333385505,0.003685891088327888,0.6499020153870833,0.6714910022145266,-0.0009295368083186706,-0.0010181858431716484,-0.0009295055987080347,-8.864903485297435e-05,-0.0009295055987080347,-0.001018154633561009,0.19520400281739597,-0.09217964264329936,1.362060600951482,1.394739611325298,-3.7618338650839966,1.644179404913987,-5.081496705693076,-0.0026684234138774077,-0.002669104029308717,-0.005972303425243436,0.004252593806881866,0.04425259380688187,0.008490953998831992
research_sigma_xl_high,24.0,1.660525450780288,0.5199365613764722,0.28800000000000014,0.48784869186639845,-0.19943198816588387,-3.45085941662503,-3.970795978001502,-3.151909232495893,0.25540697538984874,-4.788852016644074,-3.5872590561614706,0.032067595891408236,0.030908397024862613,0.1919311423754372,0.44090715011826576,0.011578044731196462,0.7498803520813184,0.1021473006486753,0.0521473006486753,3.230628689200507,8.049116928532385e-14,3.910039660937059e-07,3.03211004082371e-08,0.022256011349943025,0.020865888241171398,0.0165884108943187,0.0045884108943187,0.003554105895989118,0.012083495073233252,0.06745338479044927,0.003356930371314225,0.00019585959673784967,0.003552789968052075,0.649291373993342,0.6708023940900096,-0.0009508099250963298,-0.0010343049983296826,-0.0009507747414458725,-8.34950732332522e-05,-0.0009507747414458725,-0.0010342698146791247,0.1998486918663983,-0.08799292386997776,1.3725254507802878,1.4051184753904393,-3.7062663920148786,1.636942784148181,-5.076852016644074,-0.0025200358105559317,-0.002519800897659536,-0.005667600455624325,0.004125215995483905,0.044125215995483906,0.008022084653191396
research_sigma_xl_high,25.0,1.6825805550459436,0.5407774060616667,0.30000000000000016,0.5043808246060335,-0.19594244803085115,-3.383606105876914,-3.9243835119385806,-3.142357372400201,0.2674879797726506,-4.772319883904439,-3.5763655738059383,0.031989185948687875,0.031839816203503506,0.1924730221890484,0.44080055436782123,0.011929221071919259,0.7495291757405956,0.10158469906210006,0.05158469906210006,3.2485207225771933,4.973799150320701e-14,-8.013699115405615e-07,-6.227733159724913e-08,0.021858043450968465,0.020816031924606345,0.016480067589359493,0.0044800675893594925,0.0034288171879155727,0.012078592300261953,0.06706364879840887,0.0032272188797331488,0.00020035950173616233,0.003427578381469311,0.6486673231436526,0.6701033849289912,-0.0009726581011820223,-0.001051250401443965,-0.0009726189404668079,-7.859230026195305e-05,-0.0009726189404668079,-0.001051211240728761,0.20438082460603335,-0.08392921065233155,1.3825805550459433,1.415092575273293,-3.6510940856495644,1.629962511504238,-5.072319883904439,-0.0023780727388007517,-0.002377566786471653,-0.005377975861608972,0.00400628335926026,0.04400628335926026,0.007578415702839798
research_sigma_xl_high,26.0,1.7042489967085215,0.5615690901347931,0.31200000000000017,0.5208088270451174,-0.19257435379005272,-3.316732119028212,-3.878301209163005,-3.1326653779734945,0.27956415999037265,-4.755891881465355,-3.565375315261731,0.031915439865155514,0.03279175416519975,0.19299704374065632,0.44069161035664933,0.012288271154530244,0.7491701256579847,0.10105374305706682,0.05105374305706682,3.265589081778428,9.381384558082573e-14,-6.209006921942262e-07,-4.83523930061569e-08,0.021482460710334397,0.02076755643813146,0.016379973978648876,0.004379973978648876,0.0033109721489979482,0.012073905851330474,0.06669419788928499,0.003104823103471295,0.00020498089384535798,0.003309803997316653,0.6480295247093161,0.6693935131235355,-0.0009950959783204816,-0.0010690018296509451,-0.0009950528827444565,-7.390585133047398e-05,-0.0009950528827444565,-0.0010689587340749305,0.20880882704511727,-0.07998035715145724,1.3922489967085214,1.4246848367181488,-3.596296279018585,1.6232265034918605,-5.067891881465355,-0.0022416153889037727,-0.0022419703193470204,-0.005102486731685521,0.0038953171910766082,0.04389531719107661,0.007158425865990213
research_sigma_xl_high,27.0,1.7255525023695983,0.5823129627893202,0.3240000000000002,0.5371407725633313,-0.18932050373285525,-3.250217710098344,-3.832530672887664,-3.1228406031780085,0.29163579147531155,-4.739559935947141,-3.554293025923168,0.03184609204685267,0.03376472470996352,0.19350429323244342,0.44058025928319305,0.012655397873557902,0.7488029989389571,0.10055259507168658,0.05055259507168658,3.2818645780820908,-8.382183835919932e-14,-9.150902524623916e-08,-7.140466773414289e-09,0.021127963290532972,0.020720398650985985,0.016287754918364317,0.004287754918364316,0.003200124791422232,0.01206949280346753,0.06634396353560823,0.0029892952607315964,0.0002097266044379104,0.0031990218651695066,0.6473776344443244,0.6686722318902765,-0.0010181373234744717,-0.0010876301269420463,-0.0010180903128053907,-6.949280346752948e-05,-0.0010180903128053907,-0.0010875831162729202,0.21314077256333108,-0.07613857627017834,1.401552502369598,1.4339167108942867,-3.541853501573655,1.6167193327691325,-5.063559935947141,-0.0021125140324698144,-0.0021124946644801475,-0.004840208372168656,0.0037919359034621347,0.043791935903462136,0.0067606591682244435
research_sigma_xl_high,28.0,1.7465115489990108,0.6030103105144855,0.3360000000000002,0.5533843368818461,-0.18617410420720826,-3.1840441919569957,-3.7870545024714812,-3.112890406038434,0.3037031455973077,-4.723316371628626,-3.5431234889717356,0.031780880694323284,0.034759251931764865,0.19399583953839963,0.44046644116780914,0.01303080851693486,0.7484275882955801,0.10007955726554461,0.05007955726554461,3.297376697264951,7.327471962526033e-14,-6.596366717293023e-07,-5.1570879733287e-08,0.02079335018893859,0.020674496283190808,0.016202989092626463,0.004202989092626463,0.0030959023545628905,0.012065288765572502,0.06601192292138292,0.002880260269710809,0.0002145998874352602,0.0030948601571460692,0.6467113012057175,0.6679389905763099,-0.0010417979724910986,-0.0011070867380635896,-0.0010417470263847585,-6.528876557250138e-05,-0.0010417470263847585,-0.0011070357919572599,0.21738433688184589,-0.07239648534453297,1.4105115489990108,1.442808403401703,-3.4877473375543033,1.610425965590192,-5.0593163716286265,-0.001988925711966516,-0.0019888156164993183,-0.004590361096312126,0.0036957107454361204,0.04369571074543612,0.00638384652010849
research_sigma_xl_high,29.0,1.7671454554900143,0.6236623716577351,0.3480000000000002,0.5695467507485842,-0.18312869902372947,-3.118193864255578,-3.741856235913313,-3.1028184546019415,0.31576636900645655,-4.707153957761888,-3.531868562254556,0.03171966464567449,0.03577587267399015,0.19447244007182055,0.44035009457175445,0.013414715718270378,0.7480436810942446,0.09963305128146153,0.04963305128146153,3.3121539063152454,-4.8183679268731794e-14,-3.1169995917679216e-07,-2.4414354038437835e-08,0.02047750492186992,0.02062981527119236,0.01612530560966957,0.004125305609669571,0.0029979511769100686,0.012061260313017519,0.06569714680744743,0.0027773607209212927,0.00021960408504008343,0.002996964805961376,0.6460301653084265,0.6671933134653848,-0.0010660941197420115,-0.001127354432759492,-0.0010660392477673958,-6.126031301751864e-05,-0.0010660392477673958,-0.0011272995607849144,0.221546750748584,-0.0687471547793061,1.419145455490014,1.4513790864835578,-3.4339602332620345,1.6043355031599469,-5.055153957761888,-0.0018699301777052035,-0.0018705967441505662,-0.00435219931220035,0.0036062632328724697,0.04360626323287247,0.0060267880485890615
research_sigma_xl_high,30.0,1.7874724683416716,0.644270339273171,0.3600000000000002,0.5856349481011852,-0.18017820185338812,-3.052649898342101,-3.696920237615272,-3.0926302663938445,0.32782566622334275,-4.691065760409288,-3.520531620776292,0.03166224661427443,0.03681513436002347,0.1949349834313936,0.44023115684546393,0.013807336664764787,0.7476510601477502,0.09921161897737149,0.04921161897737149,3.326223313372877,-7.616129948928574e-14,6.734962196830452e-07,5.2847672266098655e-08,0.020179396042299083,0.020586308268621404,0.016054420723717544,0.004054420723717544,0.002905914578372082,0.01205746514159095,0.06539878844595881,0.002680237197233684,0.00022474233599150062,0.0029049795332251847,0.6453338599787842,0.6664346791420858,-0.0010910410037545115,-0.0011485061453454237,-0.0010909822135509743,-5.746514159095037e-05,-0.0010909822135509743,-0.0011484473551419247,0.225634948101185,-0.06518395887878803,1.4274724683416715,1.4596468021183289,-3.380475564565444,1.598435494015443,-5.051065760409288,-0.0017573770825303203,-0.00175740843302662,-0.004124975318581539,0.003523302511352605,0.043523302511352606,0.005688316466018882
research_sigma_xl_high,31.0,1.8075098411162185,0.6648353571190035,0.3720000000000002,0.6016555921960193,-0.1773168698669853,-2.9873962873636604,-3.652231644482664,-3.082333208767002,0.33988129928963845,-4.675045116314453,-3.509117549889523,0.03160837351729481,0.03787759489437078,0.19538449204224428,0.44010956413986646,0.01420889308687777,0.7472495037256371,0.09881391209710079,0.04881391209710079,3.3396107187388875,-5.551115123125783e-15,-2.489989667786574e-07,-1.9572488879626704e-08,0.019898069833262713,0.020543914861954497,0.015989997317845894,0.003989997317845894,0.002819500595139912,0.012053840259371368,0.06511604366943047,0.002588595759384144,0.00023001830047977614,0.0028186140598639203,0.6446220114207715,0.6656625210216891,-0.001116656463334642,-0.0011704967227059715,-0.001116593691649399,-5.384025937136758e-05,-0.001116593691649399,-0.0011704339510207665,0.22965559219601905,-0.061700549756600886,1.4355098411162182,1.46762854182658,-3.327277586653299,1.592711907547451,-5.047045116314453,-0.0016494220697302886,-0.0016490038724339302,-0.003908072515416819,0.0034464831089119075,0.04344648310891191,0.005367428988188878
research_sigma_xl_high,32.0,1.8272739025797657,0.6853585384352712,0.38400000000000023,0.617614942736877,-0.1745392006631083,-2.92241781100324,-3.6077763494385113,-3.071929110533305,0.3519333467420855,-4.659085765773596,-3.4976268279184044,0.031557969888486484,0.03896382732625707,0.19582153046263526,0.4399852508726617,0.014619613050053229,0.7468387837624617,0.09843866802670176,0.048438668026701756,3.352341174613279,3.2862601528904634e-14,-1.6289837301286525e-07,-1.2826248313446698e-08,0.019632633158602017,0.020502616143224753,0.015931741524875143,0.003931741524875142,0.00273842996943513,0.012050353227526511,0.06484816586209052,0.002502152377254917,0.00023543566670423797,0.002737588043959155,0.6438942356914077,0.6648763846167075,-0.0011429583279135014,-0.0011933115554399465,-0.0011428915859429034,-5.035322752651103e-05,-0.0011428915859429034,-0.0011932448134694144,0.23361494273687677,-0.058290992660964214,1.4432739025797656,1.4753405558376802,-3.2743511577453255,1.5871566552402907,-5.043085765773596,-0.0015451439038212111,-0.0015451184139951175,-0.0037008916337268744,0.003375502828733834,0.043375502828733835,0.005063165197967921
research_sigma_xl_high,33.0,1.846780126685726,0.705840945869546,0.39600000000000024,0.6335190752457696,-0.17184000992811505,-2.8576999556394793,-3.5635409015090254,-3.0614234965746445,0.3639820057446915,-4.643181633264703,-3.486062919800642,0.031510845318711594,0.04007441469505208,0.19624694658745268,0.4398581503182329,0.015039729037373833,0.7464186677751411,0.09808472078567487,0.04808472078567487,3.3644383891460907,4.0745185003743245e-14,-2.999786188340181e-07,-2.365842721729905e-08,0.019382261237831613,0.02046236634140112,0.01587942043575391,0.00387942043575391,0.0026624240411070033,0.01204703226436557,0.06459447623357417,0.0024206255612437945,0.0002409980336234101,0.0026616235948672047,0.643150142154315,0.6640757297545202,-0.0011699641302812813,-0.0012169963946468687,-0.001169893367103933,-4.703226436557004e-05,-0.001169893367103933,-0.001216925631469503,0.23751907524576932,-0.05494954409913322,1.4507801266857259,1.4827981209410346,-3.2216819613841707,1.5817581366900586,-5.039181633264703,-0.0014454680408102494,-0.0014454276464600964,-0.003502840802077703,0.0033101205987786653,0.043310120598778666,0.004774600186896204
research_sigma_xl_high,34.0,1.866043187898006,0.7262836169635585,0.40800000000000025,0.6493737836083848,-0.1692143525808943,-2.7932288585360916,-3.51951247549965,-3.0508200466149256,0.3760274112708166,-4.627326924902087,-3.4744278384278906,0.0314668695607331,0.04120995411350151,0.19666142812932846,0.4397281941403437,0.015469479525078461,0.7459889172874364,0.09775098252004354,0.04775098252004353,3.3759251466585973,8.43769498715119e-15,-2.4368707407518286e-07,-1.9249538546484146e-08,0.019146184554882276,0.020423133685219426,0.01583278169340563,0.0038327816934056284,0.0025912431637043487,0.012043845439557499,0.06435433543832114,0.0023437719080571765,0.000246709364364327,0.0025904812724215033,0.642389330743954,0.6632600481643883,-0.0011976930901437532,-0.0012415385297012693,-0.0011976182736132385,-4.384543955749873e-05,-0.0011976182736132385,-0.0012414637131707373,0.24137378360838457,-0.05167075146340688,1.4580431878980056,1.4900157766271893,-3.169256269806908,1.5765068782871619,-5.035326924902088,-0.001349472736712043,-0.001349704634003069,-0.003313402861476647,0.0032500751014876705,0.04325007510148767,0.004500907418555862
research_sigma_xl_high,35.0,1.885077019911112,0.7466875486274076,0.42000000000000026,0.6651846386325808,-0.16665752360070635,-2.728991284762837,-3.4756788333902446,-3.0401224420480686,0.38806969662380647,-4.611516069877892,-3.462723621542641,0.03142591392952461,0.04237105540733137,0.19706565164784443,0.43959531254782763,0.015909108501916944,0.745549288310598,0.0974364405058525,0.047436440505852495,3.386823228422211,6.761258219967203e-14,1.6381596346093374e-07,1.2960363560132748e-08,0.018923686738463313,0.020384886818214477,0.015791610979491444,0.0037916109794914436,0.002524655543753307,0.012040791145006668,0.06412714258405794,0.002271355545840693,0.0002525735881414964,0.0025239291339821893,0.6416113928770879,0.6624288240872913,-0.0012261642907315518,-0.0012669554357382096,-0.001226085379327653,-4.079114500666822e-05,-0.001226085379327653,-0.0012668765243343213,0.24518463863258055,-0.04844939389615788,1.4650770199111118,1.4970073232873056,-3.1170609813866434,1.5713936278298233,-5.031516069877892,-0.0012571595996222484,-0.0012577001080151702,-0.0031320757589718695,0.003195143149623658,0.04319514314962366,0.004241297356228836
research_sigma_xl_high,36.0,1.9038948653387022,0.7670537043713967,0.4320000000000003,0.6809570055673677,-0.16416504149338768,-2.6649745733679757,-3.4320282777393727,-3.02933436581417,0.40010899356082996,-4.595743702943105,-3.450952329581224,0.03138785118679197,0.043558341660782936,0.1974602834775737,0.43945943423215483,0.016358865710556742,0.7450995311019581,0.09714015132205037,0.047140151322050364,3.397153447969681,6.061817714453355e-14,8.373297126773593e-07,6.634569413299651e-08,0.018714100440130235,0.020347594752418516,0.015755730241975963,0.0037557302419759624,0.0024624350633275782,0.01203789779368361,0.06391236590207638,0.002203146873327386,0.00025859475327742916,0.0024617416266048153,0.6408159110872753,0.6615815338187064,-0.0012553973849647737,-0.0012932951786484015,-0.0012553143362982004,-3.789779368361043e-05,-0.0012553143362982004,-0.0012932121299818109,0.24895700556736744,-0.04528046516415957,1.4718948653387018,1.5037858717778723,-3.0650835669288057,1.5664093371289352,-5.027743702943106,-0.0011694538908866292,-0.001169139884679194,-0.0029583701981542726,0.003145137571697154,0.043145137571697155,0.003995013750353209
research_sigma_xl_high,37.0,1.9225093197531749,0.787383030394133,0.4440000000000003,0.6966960991165327,-0.1617326534740512,-2.6011665529586843,-3.3885495833528174,-3.018461349829842,0.4121454922111737,-4.5800046093939395,-3.4391175179914804,0.03135249750547691,0.04477244918792525,0.1978461302799592,0.43932048637071525,0.01681900667323376,0.7446393901392812,0.09686123951070574,0.04686123951070574,3.406935546839933,2.1649348980190553e-14,-4.6419645194362147e-07,-3.683469637638659e-08,0.018516806386560822,0.02031121328321137,0.01572491912061813,0.00372491912061813,0.0024044008008678175,0.012035104182418377,0.06370947955865014,0.002138961727367007,0.0002647773329139572,0.002403739060280964,0.64000245904409,0.6607176061424973,-0.0012854141373318528,-0.0013205183197502468,-0.001285326858805618,-3.510418241837662e-05,-0.001285326858805618,-0.0013204310412239947,0.25269609911653246,-0.04215911875276357,1.4785093197531745,1.510363827542001,-3.013312045169858,1.5615432595640977,-5.0240046093939394,-0.0010845094650424603,-0.0010838824811175048,-0.0027918872659426913,0.0030998278895358056,0.043099827889535806,0.003761411621169934
research_sigma_xl_high,38.0,1.9409323796949174,0.80767643335635,0.4560000000000003,0.712406843808604,-0.15935623989165204,-2.5375556142506754,-3.345232047607025,-3.007503384744255,0.4241792019256667,-4.5642938647018685,-3.4272183371913147,0.03131984412435843,0.04601403098882553,0.19822354138052428,0.4391783942312789,0.01728979404052164,0.7441686027719933,0.09659887725908912,0.04659887725908912,3.4161887732390785,-9.237055564881302e-14,-4.166381377679329e-07,-3.3108353614252906e-08,0.018331219007254457,0.02027573908482723,0.015698991432865406,0.0036989914328654054,0.0023503758073858683,0.01203237924247591,0.06351799479138331,0.0020786171223769203,0.0002711258367362853,0.0023497429591132057,0.6391705992374869,0.6598365780082555,-0.0013162363830035995,-0.001348615625479499,-0.0013161448385256573,-3.2379242475909925e-05,-0.0013161448385256573,-0.0013485240810015672,0.2564068438086037,-0.039080809385087956,1.484932379694917,1.5167531777692507,-2.9617348161763424,1.5567904799576135,-5.020293864701869,-0.0010014037165084755,-0.0010017601819063311,-0.002632227574389051,0.0030590177987881995,0.0430590177987882,0.0035398594603009217
research_sigma_xl_high,39.0,1.959175478919867,0.827934800953741,0.4680000000000003,0.7280940819822636,-0.15703190185927945,-2.4741305633759176,-3.3020653643296587,-2.9964641572628588,0.4362102506961255,-4.548606626528209,-3.415256905782466,0.03128976732962933,0.04728375278135999,0.19859315685830323,0.43903308162613325,0.017771496128228963,0.743686900684286,0.09635229919496878,0.04635229919496878,3.4249312445803226,8.959499808725013e-14,2.487343442325596e-07,1.9793521599531516e-08,0.01815679690029144,0.020241142041938925,0.015677832728400565,0.0036778327284005645,0.0023001657147262156,0.012029781726595135,0.06333748883974133,0.0020219150073197815,0.0002776446185648802,0.002299559625884662,0.6383198856364888,0.6589378991867159,-0.0013478852870792979,-0.0013776670136743385,-0.0013477894105091278,-2.978172659513431e-05,-0.0013477894105091278,-0.0013775711371042621,0.26009408198226325,-0.03604108315518717,1.4911754789198666,1.5229652282237414,-2.9103408140720433,1.5521424692653505,-5.016606626528209,-0.0009219852411783691,-0.0009224987010518666,-0.0024789641718908767,0.0030225830855718228,0.043022583085571824,0.0033297161093969532
research_sigma_xl_high,40.0,1.9772495270607615,0.8481589954300223,0.4800000000000003,0.7437625092654051,-0.1547559084621996,-2.410880636571193,-3.259039632001215,-2.9853473552266117,0.448238765378857,-4.532938199245067,-3.403235357433084,0.03126214447085938,0.048582295011620216,0.19895560981345498,0.4388844706820034,0.018264387721220604,0.7431940090912943,0.09612079066685009,0.046120790666850084,3.433180248628663,7.649436639667329e-14,6.102816092479202e-07,4.863097977092501e-08,0.017993034542117273,0.020207392372900167,0.015661302448639003,0.0036613024486390026,0.0022536083110595018,0.012027310548680559,0.06316754499342703,0.0019686889178341157,0.00028433836171787074,0.0022530272795519865,0.6374498623422143,0.6580210102288495,-0.0013803835888989147,-0.001407694137579435,-0.0013802833093100528,-2.731054868055846e-05,-0.0013802833093100528,-0.0014075938579906112,0.2637625092654048,-0.03303564321394431,1.4972495270607613,1.5290107616819046,-2.85911940195005,1.5475908440184556,-5.012938199245068,-0.000846255125147577,-0.0008459141734800009,-0.00233173209347827,0.002990372696566157,0.04299037269656616,0.003130417970283926
research_sigma_xl_high,41.0,1.99516494420963,0.8683498538727239,0.4920000000000003,0.7594166868795416,-0.15252468523716045,-2.3477954733890636,-3.2161453272617875,-2.974156667513154,0.46026487179348663,-4.517284021630931,-3.3911558392258048,0.031236853868613437,0.04991035314211062,0.1993115270605226,0.4387324818070696,0.018768750226938677,0.7426896465855762,0.09590368409237841,0.04590368409237841,3.4409522754321964,-6.494804694057166e-14,-4.3316899112078033e-07,-3.456395139544988e-08,0.017839459704509703,0.020174460630547217,0.015649233608147073,0.0036492336081470726,0.0022105724095662083,0.012024905183236484,0.06300775825693639,0.0019188029920201622,0.0002912121519037469,0.0022100151439239093,0.6365600633947859,0.6570853422085626,-0.0014137560153443252,-0.001438661198580854,-0.0014136512228337234,-2.490518323648369e-05,-0.0014136512228337234,-0.001438556406070207,0.26741668687954123,-0.030060337762054856,1.5031649442096295,1.5349000724161432,-2.8080603451825503,1.543127354117777,-5.009284021630931,-0.0007723665452790129,-0.0007719112109853439,-0.0021902260963626297,0.0029622082224618207,0.04296220822246182,0.002941475869916589
research_sigma_xl_high,42.0,2.012931693005448,0.8885081885229507,0.5040000000000003,0.7750609764816992,-0.1503347636430672,-2.28486512005732,-3.1733733085802704,-2.9628920883171697,0.47228857574532995,-4.5016397320287735,-3.3790175676333982,0.031213890081484834,0.051268640392006334,0.1996612283874689,0.4385770333773593,0.019284872763003377,0.7421735240495115,0.09570034829866585,0.045700348298665844,3.4482633121681183,8.404388296412435e-14,-3.0038697773626666e-07,-2.4000413295643952e-08,0.01769562591423776,0.02014234437306083,0.015641509043051838,0.0036415090430518375,0.0021709168080141783,0.012022564851034145,0.06285778125184716,0.0018721101508571935,0.0002982711113077997,0.002170381262164993,0.6356500109373557,0.6561303929004725,-0.0014480273840035418,-0.0014705922350377043,-0.0014479180160572804,-2.2564851034145156e-05,-0.0014479180160572804,-0.0014704828670914255,0.2710609764816989,-0.02711122676902067,1.5089316930054477,1.5406431172601183,-2.75715369580265,1.5387476437116039,-5.005639732028774,-0.0007003202808020248,-0.0007003245729765191,-0.0020541168711859237,0.002937961070835965,0.042937961070835966,0.002762387227829878
research_sigma_xl_high,43.0,2.030559305226301,0.9086348047545776,0.5160000000000003,0.7906997049656452,-0.1481828516211321,-2.2220799108853693,-3.1307147156399466,-2.951557308074758,0.4843100014955549,-4.4860010035448274,-3.366822715462317,0.03119313288990388,0.05265788437314102,0.2000053288498238,0.4384180421217405,0.01981305092867708,0.7416453458838379,0.09551020058584506,0.045510200585845054,3.4551283315900307,-2.6645352591003757e-15,-4.245846418893251e-07,-3.396745232309151e-08,0.017561120986466852,0.02011101454198229,0.01563804137952024,0.0036380413795202397,0.0021345001065958824,0.012020318641146138,0.06271729378751556,0.0018284647739558357,0.00030552036877614335,0.002133985142731979,0.6347192174699955,0.6551555723003204,-0.001483222631778247,-0.0015035412729243747,-0.0014831085862919585,-2.031864114613799e-05,-0.0014831085862919585,-0.0015034272274380965,0.2746997049656449,-0.024184415620382926,1.5145593052263004,1.5462493037307459,-2.7063899123809243,1.5344436954700695,-5.0020010035448275,-0.0006310409169594244,-0.0006309588336715251,-0.0019230796069466122,0.002917532423370617,0.04291753242337062,0.002592668162474436
research_sigma_xl_high,44.0,2.048056913587435,0.9287304812586914,0.5280000000000004,0.8063370592407397,-0.14606576342987543,-2.159430532482289,-3.0881610137409803,-2.9401541701510885,0.49632921302762223,-4.470363649269733,-3.354571994243339,0.031174520446923176,0.05407882984275209,0.20034428808050672,0.438255422806885,0.020353587901429056,0.7411048089110859,0.09533269250120624,0.04533269250120624,3.4615617302094406,-9.237055564881302e-14,-4.645535536251799e-07,-3.721224139940915e-08,0.01743555696179934,0.02008045572251352,0.015638714687867927,0.003638714687867927,0.002101210212336918,0.012018136111242583,0.06258596810299721,0.0017877488806837295,0.00031296540636143805,0.0021007142870451676,0.633767184005356,0.654160318221312,-0.0015193683642885092,-0.0015375044755310818,-0.0015192495454438746,-1.8136111242583047e-05,-0.0015192495454438746,-0.0015373856566864577,0.27833705924073937,-0.021276161922279435,1.5200569135874344,1.5517277005598127,-2.6557597455099113,1.5302094791186445,-4.998363649269733,-0.0005636052217650178,-0.0005637057368059091,-0.0017968422739314122,0.0029007941397949932,0.042900794139794994,0.002431898361411243
research_sigma_xl_high,45.0,2.0654332764142014,0.9487959769943054,0.5400000000000004,0.8219771343413811,-0.14398043119645826,-2.096907974679375,-3.0457039516736804,-2.928684518518288,0.5083462737180401,-4.454723574169091,-3.3422661252047323,0.03115799147435016,0.05553223824029448,0.20067856120686525,0.43808908829027743,0.02090679431465469,0.7405516024978602,0.09516731113368507,0.045167311133685065,3.4675772181525306,-7.072120666862247e-14,-2.2355456019695907e-07,-1.7929822543338858e-08,0.017318571021957635,0.02005065271266237,0.015643441724095652,0.0036434417240956522,0.0020709331374191287,0.012016016675171382,0.06246352009914946,0.0017498429344394637,0.0003206118513479415,0.002070454785787405,0.6327934003790026,0.6531440573494182,-0.0015564919115051423,-0.0015725085866764854,-0.0015563682104269014,-1.601667517138125e-05,-0.0015563682104269014,-0.0015723848855982827,0.2819771343413807,-0.01838282734079294,1.525433276414201,1.5570870026961612,-2.605254248397415,1.5260390556508034,-4.994723574169091,-0.0004980137813717089,-0.0004984245507426051,-0.0016751292978619825,0.0028876464615873176,0.04288764646158732,0.002279664672097746
research_sigma_xl_high,46.0,2.0826968002932267,0.9688320402369498,0.5520000000000004,0.837623942688931,-0.14192389715503717,-2.03450349228399,-3.0033355325209397,-2.917150197713832,0.520361246377965,-4.439076765821541,-3.329905837817216,0.03114348522383731,0.0570188885913722,0.20100859945081775,0.4379189494167652,0.021472988657691067,0.7399854081548238,0.09501357696937755,0.04501357696937755,3.473187838263973,9.14823772291129e-14,3.5698518785487465e-07,2.866664847167577e-08,0.017209823972838018,0.020021590467440238,0.01565216306327094,0.0036521630632709405,0.0020435530561395687,0.012013989476448828,0.062349684007394046,0.0017146253838084327,0.00032846532437646515,0.002043090708184898,0.6317973446437806,0.6521062045908276,-0.001594620530682489,-0.0016086100071312226,-0.0015944918659051715,-1.3989476448827282e-05,-0.0015944918659051715,-0.0016084813423539988,0.28562394268893065,-0.0155008689991048,1.5306968002932262,1.5623355539152617,-2.554864738661955,1.5219265681077094,-4.991076765821542,-0.0004351911265785269,-0.00043494304900819694,-0.0015576609095670768,0.0028780175353878557,0.042878017535387856,0.0021355594339896936
research_sigma_xl_high,47.0,2.0998555658326685,0.988839393328098,0.5640000000000004,0.853281460467923,-0.13989332508417912,-1.9722086066645867,-2.961047999992685,-2.905554900771445,0.5323742526709377,-4.423419248042549,-3.3174933367276944,0.03113088391020955,0.058539575496469445,0.20133500230486193,0.4377449152487373,0.022052496567986107,0.7394059002445288,0.09487104506436071,0.04487104506436071,3.4784058695266538,4.696243394164412e-14,-7.197097011690801e-07,-5.7864385172301525e-08,0.017109001074129743,0.01999324100263948,0.01566477084950768,0.0036647708495076807,0.002018991073165638,0.012011994621751232,0.062244207219451786,0.0016820121292849086,0.00033653217486325865,0.0020185443041481673,0.6307784844173654,0.6510461257791891,-0.0016337851545907556,-0.0016457797763420046,-0.001633651334287664,-1.1994621751231643e-05,-0.001633651334287664,-0.0016456459560388957,0.2892814604679226,-0.012626792270017229,1.535855565832668,1.5674813131617307,-2.5045828593355246,1.5178643472711042,-4.987419248042549,-0.0003732898020769593,-0.00037321129682359525,-0.0014442302246220617,0.002871785347197564,0.042871785347197565,0.0019992597171631446
research_sigma_xl_high,48.0,2.11691734305988,1.008818763738125,0.5760000000000004,0.8689534843879464,-0.1378859150087059,-1.9100150778450864,-2.9188338415832114,-2.893896777317986,0.5443852356214675,-4.407747224122526,-3.305026426680714,0.03112024281020248,0.060095117039681324,0.20165791178067255,0.4375668921610143,0.02264565390652451,0.7388127429059904,0.09473928929094333,0.044739289290943327,3.4832433562655676,4.929390229335695e-14,1.9997468170274146e-07,1.6097161298356255e-08,0.017015800895573766,0.019965616048156488,0.015681203425412238,0.0036812034254122376,0.001997155342837814,0.012010031655553421,0.06214687229603344,0.0016519038492067136,0.0003448187428309091,0.0019967225920376227,0.6297362715834135,0.6499632868891202,-0.00167401642702103,-0.0016840480825744408,-0.0016738773923830545,-1.0031655553421198e-05,-0.0016738773923830545,-0.0016839090479364757,0.292953484387946,-0.009757298304709672,1.5409173430598795,1.5725321074384127,-2.4544003134665537,1.5138504468045406,-4.983747224122527,-0.0003123102633919572,-0.00031310726026339067,-0.0013345974701615276,0.0028688742802132072,0.04286887428021321,0.0018704150107301185
research_sigma_xl_high,49.0,2.1338896167732995,1.0287708576973973,0.5880000000000004,0.8846438673187474,-0.1358990143985035,-1.8479148620725199,-2.876685719769917,-2.882179521298229,0.5563943159820446,-4.392056841191725,-3.2925073225894397,0.03111144499270777,0.06168634524480726,0.20197792215838506,0.4373847849330943,0.02325280318571993,0.7382055936267949,0.09461792167588269,0.04461792167588269,3.487711356950194,4.973799150320701e-14,8.74284042273743e-07,7.045978372977046e-08,0.016929948996251457,0.01993868790876509,0.015701444529993225,0.0037014445299932246,0.00197794138974533,0.012008159534964202,0.06205746259470468,0.001624190522224794,0.0003533310383821436,0.0019775215606069375,0.628670148685979,0.6488570284342429,-0.0017153436052837756,-0.001723503140247884,-0.0017151992154472997,-8.159534964202048e-06,-0.0017151992154472997,-0.0017233587504115017,0.29664386731874703,-0.006889043709590814,1.545889616773299,1.5774953007912549,-2.4043091780545645,1.5098773198934965,-4.980056841191725,-0.0002541009020475826,-0.0002544382494974358,-0.0012285044662582317,0.002869254849332009,0.04286925484933201,0.001748666826550678
research_sigma_xl_high,50.0,2.1507796052028807,1.048696360520186,0.6000000000000004,0.9003563734479328,-0.13393003222921523,-1.785900152655677,-2.834596513175863,-2.870404979122081,0.5684015546913959,-4.37634433506254,-3.279936773503911,0.031104431464679914,0.06331411186142677,0.20229547450462793,0.43719849608697003,0.023874295840932477,0.7375841009715824,0.09450657631427008,0.044506576314270074,3.491820494085251,7.616129948928574e-14,8.746695812078542e-07,7.0573587446221e-08,0.016851186545737792,0.01991244237859204,0.01572542837169616,0.0037254283716961593,0.0019612803238287513,0.012006348164457337,0.06197577664657905,0.0015987966658225505,0.00036207589823396405,0.0019608725640565144,0.627579545052844,0.6477267163080912,-0.0017577998834099884,-0.0017641480478673977,-0.0017576499914270106,-6.348164457336408e-06,-0.0017576499914270106,-0.001763998155884347,0.3003563734479324,-0.0040187886060456535,1.5507796052028802,1.5823780505114848,-2.354301707347073,1.505939355940459,-4.9763443350625405,-0.00019773813925350048,-0.00019713227596134322,-0.0011257581740416328,0.0028728461947357398,0.04287284619473574,0.0016337301195343337
research_sigma_xl_high,51.0,2.1675942739982523,1.0685959565282905,0.6120000000000004,0.9160947240621398,-0.131976453750846,-1.7239633087793618,-2.792559265307652,-2.858574997576736,0.5804070123109593,-4.360605984448332,-3.267315530090768,0.031099143586840513,0.0649792887833227,0.2026110086693711,0.437007925839242,0.024510492461639933,0.736947904350875,0.09440491188939235,0.04440491188939234,3.4955808272628657,5.1958437552457326e-14,-3.3744254279710617e-07,-2.7258574203381514e-08,0.016779272106577856,0.01988686537555285,0.015753077732454823,0.003753077732454823,0.0019471188936587558,0.012004537873536447,0.061901632005148755,0.0015756622969036649,0.00037106066885527454,0.0019467229657589395,0.6264638765151738,0.6465717027378047,-0.001801420965259648,-0.0018059588387961123,-0.0018012653827925958,-4.53787353644694e-06,-0.0018012653827925958,-0.0018058032563290428,0.30409472406213933,-0.0011433513201193346,1.5555942739982518,1.587187261687293,-2.304370321090321,1.5020309868715964,-4.972605984448332,-0.0001413742968736642,-0.0001411600548626886,-0.0010261943741230323,0.002879554884706842,0.04287955488470684,0.0015253570046855
research_sigma_xl_high,52.0,2.1843403547367126,1.088470320392939,0.6240000000000004,0.9318625289128425,-0.13003579444189772,-1.6620968886453795,-2.7505672090383184,-2.8466877277158282,0.5924106304384688,-4.34483817959763,-3.2546414126733216,0.03109563797365616,0.06668277103777552,0.20292465875634416,0.4368129717590101,0.02516176400927612,0.7362966328032388,0.09431260299954748,0.04431260299954748,3.4990021429223344,8.393286066166183e-14,4.461855593884678e-07,3.6084416288328924e-08,0.01671397549912984,0.01986196920277427,0.015784378710955616,0.0037843787109556153,0.0019353799791655413,0.01200275799925693,0.06183486347308065,0.0015547017749580605,0.0003802923517811671,0.0019349941267392276,0.6253225434046903,0.6453914007538426,-0.0018462407325331998,-0.0018489987317900636,-0.0018460793775784818,-2.7579992569297385e-06,-0.0018460793775784818,-0.0018488373768354115,0.30786252891284205,0.0017403211633680304,1.560340354736712,1.591929724298244,-2.254507519083848,1.498150451881802,-4.968838179597631,-8.593371216902845e-05,-8.638124737546729e-05,-0.0009295967881742251,0.00288935176442609,0.04288935176442609,0.001423251235121388
research_sigma_xl_high,53.0,2.2010243620468493,1.1083201107518705,0.6360000000000005,0.947663481484051,-0.1281056937925149,-1.6002935818332005,-2.708613692585071,-2.834746865001074,0.6044125283094731,-4.329037227026421,-3.2419166397947365,0.03109379911641647,0.06842546903503635,0.20323701526815421,0.43661352965487915,0.025828488932510833,0.735629907880004,0.09422935656951487,0.04422935656951486,3.5020933179836846,-2.5091040356528538e-14,5.576278703234294e-07,4.5148819377560656e-08,0.016655089410558918,0.01983772700651328,0.015819342959076776,0.003819342959076776,0.001925981567928725,0.012001067548494282,0.06177533714534156,0.00153582721448133,0.0003897780639257602,0.0019256052784070903,0.6241549357465256,0.6441850977703871,-0.0018922938426537694,-0.0018933613911480407,-0.0018921265239114583,-1.0675484942816726e-06,-0.0018921265239114583,-0.00189319407240574,0.31166348148405054,0.004635352208732846,1.5650243620468487,1.5966118337373763,-2.2047061101426735,1.4942903620253474,-4.965037227026421,-3.3264726896353736e-05,-3.2620176780674e-05,-0.0008357464514821417,0.0029022329376222067,0.04290223293762221,0.0013271236318926558
research_sigma_xl_high,54.0,2.2176526052054713,1.128145987852878,0.6480000000000005,0.963501214830996,-0.12618383130604027,-1.5385462143546964,-2.6666922022075745,-2.822754257169621,0.6164127655354573,-4.313199493679477,-3.2291419613627506,0.03109356926666217,0.07020831635323718,0.20354851681311054,0.4364094926840184,0.026511056222986874,0.734947340589528,0.09415489677307602,0.04415489677307602,3.5048628516404987,-4.618527782440651e-14,-8.429146718391678e-07,-6.832520438315726e-08,0.016602418729469617,0.01981412520204494,0.01585789412120253,0.0038578941212025313,0.0019188966611312086,0.011999377267406353,0.061722889562336625,0.0015190036824808775,0.0003995260226487153,0.0019185297051295927,0.622960428043331,0.6429521038185595,-0.0019396201926649426,-0.0019389974600712845,-0.0019394467118869685,6.227325936476735e-07,-0.0019394467118869685,-0.0019388239792933208,0.3155012148309956,0.007544787038612444,1.5696526052054707,1.601239839670014,-2.1549589798901536,1.490445236509856,-4.961199493679477,1.94044280510397e-05,2.0100798940114045e-05,-0.0007445246082670859,0.0029181040480524834,0.042918104048052484,0.0012367927250235347
research_sigma_xl_high,55.0,2.234231206893433,1.1479485897604498,0.6600000000000005,0.9793792697264561,-0.12426790047025249,-1.4768478027085272,-2.6247963924689772,-2.8107080561449718,0.6284112828442858,-4.297321438784016,-3.216315196847287,0.03109500585460795,0.07203227022999217,0.2038592966383098,0.4362007512959009,0.027209865691541518,0.7342485311209734,0.09408895996075113,0.04408895996075113,3.5073190323036654,-3.552713678800501e-14,-8.351139075823966e-07,-6.77697874484906e-08,0.01655577695793506,0.019791176573201303,0.015900018805663163,0.003900018805663163,0.0019140730876099354,0.011997686888493508,0.06167739651504245,0.0015041697229157117,0.00040954428187001433,0.001913714004785726,0.6217383789459052,0.641691788877918,-0.001988258829559608,-0.001985945718053106,-0.001988079038203954,2.313111506491855e-06,-0.001988079038203954,-0.0019857659266974623,0.3193792697264556,0.010471560304837813,1.5742312068934323,1.605819924049147,-2.105259085552813,1.4866133826390446,-4.9573214387840165,7.207348517312973e-05,7.187263044329192e-05,-0.0006557581522718958,0.00293693420987437,0.04293693420987437,0.0011520257508767576
research_sigma_xl_high,56.0,2.2507661109140984,1.1677285629768432,0.6720000000000005,0.9953012524423224,-0.1223556851308204,-1.4151914213246115,-2.582919984301455,-2.7986101101992746,0.6404081393124443,-4.28139945606815,-3.2034370918901605,0.031098051633521254,0.07389830788193244,0.20416979424704224,0.4359871936535122,0.027925326648540878,0.7335330701639741,0.0940313085023532,0.04403130850235319,3.5094694017976105,-5.0182080713057076e-14,-4.412052128088817e-07,-3.5844504198134786e-08,0.01651499600331474,0.019768867808184754,0.01594574738974386,0.003945747389743858,0.0019114431743108562,0.011996055465634925,0.06163876790353784,0.0014912503774343394,0.00041984086902947744,0.0019110912464638168,0.6204881337191053,0.6404034327366334,-0.0020382487497981328,-0.002034304215433075,-0.0020380624710168815,3.944534365075275e-06,-0.0020380624710168815,-0.0020341179366518062,0.3233012524423219,0.013418655458361184,1.5787661109140978,1.610357971601654,-2.055599560637056,1.4827893458688752,-4.9533994560681505,0.00012289414971689006,0.00012286104112214577,-0.000569248613570883,0.002958736431017156,0.04295873643101716,0.001072572071336035
research_sigma_xl_high,57.0,2.2672630992298695,1.1874865408190187,0.6840000000000005,1.0112707645059438,-0.12044501412163078,-1.3535702669014515,-2.5410568077204703,-2.786462267845538,0.6524033937755557,-4.265429944004529,-3.1905083865165267,0.0311026495825488,0.07580742842073236,0.2044804507869398,0.4357687054140717,0.028657858729628484,0.7328005380828865,0.09398172229908167,0.04398172229908166,3.511321051872493,5.81756864903582e-14,-7.688967178509643e-07,-6.253752812823699e-08,0.016479920174157878,0.01974718584909504,0.015995040849984377,0.003995040849984376,0.001910983876213801,0.011994423437657109,0.061606882591015766,0.0014802139230452537,0.00043042474826956507,0.0019106386713148187,0.6192090229581092,0.6390863002064376,-0.002089633536113522,-0.002084056973770676,-0.0020894405255804135,5.576562342891195e-06,-0.0020894405255804135,-0.0020838639632375223,0.3272707645059433,0.016389033166872125,1.5832630992298689,1.6148597054543137,-2.0059736606770073,1.478967676158991,-4.949429944004529,0.00017371420914180646,0.00017307309755677444,-0.0004848793241735011,0.0029834522051453705,0.04298345220514537,0.0009982700939362918
research_sigma_xl_high,58.0,2.2837278024425913,1.2072231523143921,0.6960000000000005,1.0272913341422911,-0.1185337173783928,-1.29197765614258,-2.499200808456972,-2.774262681780991,0.6643969861877586,-4.249409374368181,-3.1775268900498097,0.031108857857497937,0.07776065767194924,0.20479140250421332,0.43554516917754355,0.029407893843475436,0.7320505029690395,0.09393999112843615,0.04393999112843615,3.51288089381251,9.57012247226885e-14,8.410179570539356e-07,6.848067082843023e-08,0.016450400765219406,0.019726143791151205,0.016047941128966015,0.004047941128966014,0.0019126361747663356,0.011992849914557568,0.061581670944901634,0.0014709917807184064,0.00044130456851011393,0.0019122963492285204,0.6179003593597939,0.637739713455771,-0.002142455039642055,-0.0021353049541996127,-0.002142255186942301,7.150085442431814e-06,-0.002142255186942301,-0.0021351051014998693,0.3312913341422906,0.019385559868651925,1.5877278024425907,1.6193308162548328,-1.9563746423303385,1.47514669258719,-4.9454093743681815,0.00022268542481151954,0.00022266877943334304,-0.0004024596362533911,0.0030111049454714656,0.043011104945471466,0.0009288861829646819
research_sigma_xl_high,59.0,2.3001657107959543,1.2269390266257059,0.7080000000000005,1.0433666467638758,-0.1166197417720981,-1.2304069250116483,-2.457345951637354,-2.762016896995915,0.6763890936046708,-4.233334061746596,-3.1644962535959054,0.03111650488116294,0.0797590382932949,0.20510340167934654,0.43531646561754517,0.0301758724804121,0.7312825243321028,0.09390593506327474,0.04390593506327474,3.5141548803879408,-6.217248937900877e-14,-7.356059619212374e-07,-5.996513197104036e-08,0.01642631050130436,0.019705702922916957,0.016104420918962026,0.0041044209189620255,0.0019163854251701418,0.011991275320787143,0.061563031907939436,0.0014635616095706814,0.00045248994453973217,0.0019160515541104136,0.6165614443434924,0.636362831495926,-0.0021967601730047415,-0.0021880354937918456,-0.002196553128833652,8.724679212857717e-06,-0.002196553128833652,-0.0021878284496207943,0.3353666467638753,0.022411243057815056,1.5921657107959537,1.6237766171912835,-1.906796018616319,1.4713171647506815,-4.941334061746597,0.00027165556981034733,0.000271650068621742,-0.0003218895823423329,0.003041646489796379,0.04304164648979638,0.0008642885734783598
research_sigma_xl_high,60.0,2.316582188414657,1.2466347760085221,0.7200000000000005,1.0595001759802152,-0.11470094652805252,-1.168851592326701,-2.4154863683352232,-2.7497193706413703,0.6883795368293328,-4.217200532530257,-3.151411350014068,0.03112576423880957,0.08180364700492113,0.20541628182641514,0.4350824715094368,0.030962250438649173,0.7304961463738657,0.09387936828766674,0.04387936828766674,3.5151493455815386,-3.375077994860476e-14,8.520203347295308e-07,6.953355530248118e-08,0.016407517941660843,0.01968590262233949,0.016164496128035277,0.004164496128035277,0.0019222006243838075,0.0119896994687414,0.06155090149733322,0.0014578800960634165,0.00046399063201812225,0.0019218707280815386,0.6151915565067028,0.6349550166574314,-0.0022525960349100427,-0.002242295503651459,-0.002252381708825837,1.0300531258600892e-05,-0.002252381708825837,-0.002242081177567236,0.33950017598021465,0.025468852848244683,1.5965821884146565,1.6282026515853243,-1.857231129156034,1.467481161888887,-4.937200532530258,0.00032062445653435745,0.0003200948792676621,-0.00024302181362556574,0.003075071933939716,0.04307507193393972,0.0008042963537270229
research_sigma_xl_high,61.0,2.3329824784679367,1.2663110261404118,0.7320000000000005,1.0756956390199464,-0.11277534052333049,-1.1073051220169818,-2.3736161481573936,-2.737375648082846,0.7003684925421536,-4.201005069490526,-3.138275811637664,0.031136464705020205,0.0838955756321702,0.20573080154022544,0.4348430618998739,0.03176749165176401,0.729690905160751,0.09386014122620459,0.04386014122620459,3.5158694168666784,2.0650148258027912e-14,3.2354857126826175e-07,2.643482921449447e-08,0.016393917281022602,0.019666704547390276,0.01622822588734918,0.004228225887349179,0.001930034565768568,0.011988181485240001,0.06154524324703581,0.0014538928126082583,0.00047581630775991277,0.001929709120368171,0.613789964326446,0.6335153940328363,-0.002310009836340665,-0.0022981913215807115,-0.0023097879017471503,1.181851475999876e-05,-0.0023097879017471503,-0.0022979693869871515,0.3436956390199458,0.028561386925694487,1.600982478467936,1.632613985925783,-1.8076736145591354,1.4636294214076795,-4.933005069490526,0.00036774386316973384,0.00036815675581204285,-0.00016569139367342278,0.0031114196863581967,0.0431114196863582,0.0007487215398463906
research_sigma_xl_high,62.0,2.3493717182910907,1.2859683904041606,0.7440000000000005,1.0919566277549135,-0.11084087739651538,-1.0457611058326295,-2.33172949623679,-2.724983882915031,0.7123558997998128,-4.184744080755559,-3.1250874161899196,0.03114866527706408,0.08603594803407964,0.20604710798817388,0.4345981081694331,0.032592074815216886,0.7288663219972981,0.0938481043328438,0.04384810433284379,3.5163203598616612,-1.687538997430238e-14,2.6235050132328297e-08,2.1459181376304315e-09,0.016385402734893903,0.019648122404841192,0.016295581193993214,0.0042955811939932136,0.0019398940760808059,0.011986632121562923,0.061545979303434084,0.0014515943023992233,0.00048797799792273875,0.001939572300321962,0.6123559148171666,0.6320432174377744,-0.00236905499634954,-0.002355687117912425,-0.0023688252326346548,1.3367878437076791e-05,-0.0023688252326346548,-0.002355457354197578,0.347956627754913,0.031691692220961076,1.60537171829109,1.6370158184912778,-1.7581170056324424,1.4597601978405281,-4.92874408075556,0.0004157855639457253,0.0004157930418316018,-8.982154090068917e-05,0.0031506371719049187,0.04315063717190492,0.0006974671609388736
research_sigma_xl_high,63.0,2.3657549472373214,1.3056074808601874,0.7560000000000006,1.1082868014079328,-0.10889555237116888,-0.9842131634101137,-2.289820644270301,-2.7125440769549547,0.7243417567852795,-4.16841390710254,-3.1118453919932625,0.031162367658675028,0.08822591225279434,0.20636550587223687,0.4343474789310691,0.03343649049189603,0.7280219063206189,0.09384312532623358,0.04384312532623358,3.5165069242184486,4.75175454539567e-14,3.0859280020223423e-07,2.5270475600969178e-08,0.016381880731318146,0.019630157095080897,0.01636663189149057,0.004366631891490568,0.0019517393852087062,0.0119851105619731,0.061553081236874974,0.0014509341558838654,0.0005004860904724848,0.0019514202463563502,0.6108886387906277,0.6305376859839085,-0.002429781944308762,-0.0024148925062817683,-0.002429544128507209,1.4889438026900043e-05,-0.002429544128507209,-0.002414654690480309,0.3522868014079322,0.034862661269504325,1.6097549472373207,1.641413190452042,-1.7085549201953931,1.4558698301475852,-4.92441390710254,0.0004629013944925653,0.00046315312107315584,-1.5248839827577965e-05,0.003192772272651384,0.043192772272651385,0.0006503530535821936
research_sigma_xl_high,64.0,2.382137117019165,1.3252289041359777,0.7680000000000006,1.1246898915378947,-0.10693739862609797,-0.9226549433588795,-2.2478838474948573,-2.7000580801260456,0.736326120923759,-4.152010816972577,-3.0985504137430104,0.031177516151299964,0.09046664040083098,0.20668645873717778,0.434091040043016,0.0343012411946246,0.7271571556178903,0.09384508857761976,0.04384508857761976,3.516433358438948,4.440892098500626e-16,-4.772181114720553e-07,-3.91240534969306e-08,0.01638326947789824,0.01961279683879177,0.016441398168688726,0.004441398168688725,0.0019655640248307793,0.011983586880618291,0.06156652561009379,0.0014518952571023836,0.0005133522160775078,0.0019652474731798914,0.6093873509314431,0.6289979445053946,-0.0024922472632396275,-0.00247583414385788,-0.002492001048919942,1.6413119381709224e-05,-0.002492001048919942,-0.002475587929538233,0.3566898915378941,0.038077236766263844,1.6141371170191645,1.6458109960954062,-1.6589810642826386,1.4519527368465317,-4.920010816972578,0.0005100151032744193,0.0005102701190271668,5.812869079048488e-05,0.0032378204194563054,0.043237820419456306,0.0006072681581634556
research_sigma_xl_high,65.0,2.3985230972931237,1.344833280900417,0.7800000000000006,1.1411695977453102,-0.10496442432150732,-0.8610801121899261,-2.205913393090343,-2.687524046748406,0.748308930546516,-4.135531110765163,-3.0852002248007486,0.031194170432131785,0.09275933739999458,0.2070101263225067,0.43382865360866735,0.03518684489389966,0.7262715519186153,0.0938538847083534,0.0438538847083534,3.5161037928846497,7.505107646466058e-14,-2.0143870504973904e-07,-1.6533780622385308e-08,0.016389491603378686,0.019596055701876225,0.01651992415316461,0.004519924153164611,0.0019813550749457343,0.011982060890011803,0.061586296858348655,0.0014544521354110716,0.0005265881936083978,0.0019810403290194695,0.6078512439420036,0.6274231898595544,-0.002556508188207046,-0.0025385690782188663,-0.002556253367031058,1.793910998819717e-05,-0.002556253367031058,-0.002538314257042861,0.36116959774530966,0.041338302108416936,1.618523097293123,1.6502141667466077,-1.6093890427364421,1.4480070640167568,-4.915531110765163,0.0005571265028048167,0.0005572140032731425,0.0001304325497859249,0.003285800857406429,0.04328580085740643,0.0005680838509469696
research_sigma_xl_high,66.0,2.4149176896366136,1.3644212202451602,0.7920000000000006,1.157729739844224,-0.1029746884762065,-0.7994823496421822,-2.1639035698873426,-2.674943827120436,0.7602902427037826,-4.118970968666249,-3.0717954706140933,0.031212275153944296,0.09510523066384087,0.20733698271954568,0.43356017915736045,0.0360938311783424,0.7253645656341725,0.09386942348219705,0.04386942348219705,3.5155217509414727,4.5075054799781356e-14,-6.522190476587753e-07,-5.3595570009834503e-08,0.016400483277285702,0.019579922263556548,0.016602259426902966,0.004602259426902965,0.0019991032105541318,0.011980532341473116,0.06161237823482291,0.0014585838088181534,0.0005402061773908901,0.001998789986209043,0.6062794954552265,0.625812528282774,-0.002622623874875718,-0.002603156216348823,-0.0026223600844217975,1.9467658526884507e-05,-0.0026223600844217975,-0.002602892425894913,0.3657297398442233,0.0446488384810767,1.6229176896366129,1.6546274469328308,-1.5597725923459649,1.4440271415458126,-4.910970968666249,0.0006042353444029036,0.0006040530057947018,0.00020177614961726376,0.003336737564606035,0.043336737564606036,0.0005326859175910151
research_sigma_xl_high,67.0,2.431325632838675,1.3839933370819955,0.8040000000000006,1.1743741165991162,-0.10096621790039906,-0.7378553557202803,-2.121848692802276,-2.6623155760596,0.7722699952294623,-4.102326591911356,-3.0583338652054053,0.031231890459944088,0.09750558095053241,0.2076671985039945,0.43328547240232795,0.037022745595167016,0.7244356512173479,0.09389161998738904,0.04389161998738904,3.514690661896383,-7.327471962526033e-15,1.6323851070865203e-07,1.3429757111937946e-08,0.016416184435523812,0.019564410961045883,0.016688459603841577,0.004688459603841576,0.0020188021208921714,0.011979001052043303,0.06164477518028133,0.001464270516548568,0.0005542189849470803,0.002018489501495648,0.6046712607631433,0.624165117336722,-0.0026906564309060466,-0.0026696574829493114,-0.0026903834220732064,2.0998947956697017e-05,-0.0026903834220732064,-0.0026693844741165094,0.37037411659911557,0.048011777237629005,1.6273256328386743,1.6590556376092127,-1.5101253509497425,1.440011015851756,-4.906326591911356,0.0006513414451096988,0.0006508553620572337,0.0002722751683177649,0.0033906593457484757,0.04339065934574848,0.0005009606416405618
research_sigma_xl_high,68.0,2.4477516123232794,1.4035502479962738,0.8160000000000006,1.191106659051907,-0.09893708423442216,-0.6761927992816196,-2.0797430472778933,-2.6496411442302166,0.7842482448078693,-4.085594049458566,-3.044816019215492,0.031252961345601384,0.09996167378512573,0.20800126041322453,0.4330043862223689,0.037974146489966464,0.7234842503225485,0.09392040809355838,0.04392040809355838,3.513613353034753,-4.884981308350689e-14,3.1994705751436925e-07,2.6353515786281534e-08,0.016436548299403775,0.0195495107455405,0.016778603933971792,0.004778603933971792,0.002040438988929305,0.011977496592842307,0.06168349119003569,0.0014714870631652845,0.0005686394721780623,0.0020401265353433467,0.6030256785639657,0.6224800226502635,-0.002760668352200235,-0.002738164945042615,-0.0027603857872721483,2.2503407157693084e-05,-0.0027603857872721483,-0.002737882380114455,0.37510665905190643,0.051430157172573654,1.6317516123232787,1.66350336751541,-1.4604410440894888,1.435952905228349,-4.901594049458566,0.0006975207017290153,0.0006977259561131814,0.000342055634568017,0.003447618691754334,0.043447618691754335,0.00047278940180404266
research_sigma_xl_high,69.0,2.4642002703175474,1.4230925608299376,0.8280000000000006,1.2079313244670598,-0.09688533992254045,-0.6144883733402089,-2.0375809341701467,-2.636920534656142,0.7962249884151469,-4.068769384043413,-3.031241066900058,0.03127549064520479,0.10247482545190648,0.208339507350543,0.4327167699760596,0.038948607485590064,0.7225097893269249,0.09395572950411417,0.043955729504114166,3.512292456688869,7.482903185973555e-14,-2.47270257380805e-07,-2.039165647449437e-08,0.016461533631623115,0.019535223693787823,0.016872722816836272,0.004872722816836272,0.002064034213682009,0.011975959154873206,0.06172853454639943,0.0014802395773274703,0.0005834820081555943,0.0020637215854830645,0.6013418669472226,0.6207563256015247,-0.002832729448281057,-0.0028086886031543357,-0.0028324369327941486,2.4040845126794413e-05,-0.0028324369327941486,-0.002808396087667354,0.37993132446705913,0.05490701462113767,1.6362002703175467,1.6679752819024005,-1.4107133617553558,1.4318488493872708,-4.896769384043413,0.0007446206538965772,0.0007446543894722539,0.0004111891852131566,0.0035076159716514177,0.04350761597165142,0.0004481135324627475
research_sigma_xl_high,70.0,2.480676209101729,1.4426209004922486,0.8400000000000006,1.2248521046855796,-0.09480901580705814,-0.5527357301888207,-1.9953566306810693,-2.6241519029224234,0.8082001631176157,-4.051848603824893,-3.0176066674294897,0.031299539220867534,0.10504638671107679,0.208682130243768,0.43242246907639903,0.03994671909728783,0.7215116777152271,0.09399753420313284,0.043997534203132835,3.5107303909361645,-5.706546346573305e-14,2.524759059596704e-07,2.0846164572319026e-08,0.01649110505238109,0.019521564771466555,0.016970908400777085,0.004970908400777085,0.0020895809591882086,0.01197441832795998,0.061779952912961233,0.0014905066190589672,0.0005987609099732208,0.002089267529032188,0.5996189209035785,0.6189931203514664,-0.0029069091136288416,-0.00288132744158881,-0.0029066063590933063,2.558167204002107e-05,-0.0029066063590933063,-0.002881024687053285,0.38485210468557896,0.05844538911587649,1.6406762091017284,1.6724760459841135,-1.3609358933064364,1.4276967009024695,-4.891848603824894,0.0007917172171201248,0.0007917464824006674,0.0004798033483959935,0.0035707137795434607,0.04357071377954346,0.0004268204235893733
research_sigma_xl_high,71.0,2.4971840020145626,1.4621358941446059,0.8520000000000006,1.241873141268614,-0.09270617800416403,-0.4909284675142864,-1.9530643616588923,-2.6113371002219017,0.8201738250710668,-4.034827567241859,-3.003913368179835,0.03132505256270816,0.10767773463194232,0.20902963892581042,0.4321213259254555,0.0409690857439961,0.7204893110685189,0.09404579022506668,0.044045790225066675,3.508928993102796,-8.770761894538737e-14,-3.0580081822328964e-07,-2.5279981274994867e-08,0.016525239950184678,0.019508523587719928,0.017073239525543737,0.005073239525543737,0.0021170861617023085,0.011972873845927157,0.06183776931047358,0.0015022808144049822,0.0006144910167466001,0.0021167718311515824,0.5978559177965986,0.6171894084576822,-0.0029832795179142724,-0.002956153363841363,-0.002982966100711652,2.7126154072843606e-05,-0.002982966100711652,-0.0029558399466388086,0.3898731412686133,0.062048442180224594,1.6451840020145618,1.6770101769434957,-1.3111022925853533,1.423490467019957,-4.886827567241859,0.000838810125224132,0.0008390672021391203,0.0005479995753590594,0.003636960361192848,0.04363696036119285,0.0004088298638738261
research_sigma_xl_high,72.0,2.513728202739111,1.4816381629824869,0.8640000000000007,1.258998583736667,-0.09057484348365352,-0.42906019156787356,-1.9106983545503604,-2.598474282671975,0.83214591080947,-4.017702124773805,-2.9901587843331696,0.031352092031198146,0.11037028181773012,0.20938224066524427,0.43181317885863757,0.04201632951491171,0.7194420672976032,0.09410046945353204,0.044100469453532035,3.5068900497139186,-4.3076653355456074e-14,-2.6167792399611756e-07,-2.1659255111661224e-08,0.016563918436326833,0.019496115600775823,0.017179783076099353,0.005179783076099353,0.002146569916660901,0.011971295609403576,0.061902015193216364,0.0015155655328846747,0.0006306881799535884,0.002146253712838263,0.5960519111821208,0.6153442404392395,-0.003061917550034876,-0.0030332131594383305,-0.003061593106570819,2.8704390596424184e-05,-0.003061593106570819,-0.003032888715974395,0.3949985837366664,0.06571930983826219,1.64972820273911,1.6815822919296408,-1.2612061023773435,1.4192278421018303,-4.881702124773806,0.0008868229531535654,0.000886643242777551,0.0006158646397725204,0.003706390054138059,0.04370639005413806,0.0003940793993939748
research_sigma_xl_high,73.0,2.5303133502112716,1.5011283373728188,0.8760000000000007,1.2762327074208126,-0.08841303817084223,-0.3671244371278537,-1.8682527745006725,-2.5855634543155945,0.844116416289874,-4.00046800108966,-2.976341960861711,0.03138066141457915,0.1131254714952843,0.2097403074713524,0.4314978627066508,0.04308908845934554,0.7183693083531694,0.0941615582401846,0.0441615582401846,3.5046148998325357,8.681944052568724e-14,5.361993338226512e-08,4.443733436776398e-09,0.016607130856368196,0.01948434368808342,0.017290649882842457,0.005290649882842457,0.0021780349729281223,0.011969713214337097,0.06197276184201522,0.001530347821870263,0.0006473685561971051,0.0021777163780673683,0.5942059340981595,0.6134566082130287,-0.003142901695577238,-0.003112614909914324,-0.003142565806782065,3.0286785662903687e-05,-0.003142565806782065,-0.0031122790211191615,0.40023270742081196,0.06946122228850071,1.6543133502112708,1.6861969339213976,-1.2112408534177277,1.414904546774065,-4.87646800108966,0.0009348316225401554,0.0009345799369862122,0.0006835190264742608,0.0037790807190339337,0.043779080719033935,0.0003824775211506634
research_sigma_xl_high,74.0,2.5469439759777197,1.5206070591629506,0.8880000000000007,1.293579883502352,-0.08621877353779728,-0.3051146678838431,-1.8257217270467936,-2.572604619426895,0.8560853372381442,-3.9831208250081205,-2.9624619156221916,0.03141076471731607,0.11594478086001885,0.2101042213589049,0.43117520841268675,0.04418801809158558,0.7172703787209294,0.09422905391354613,0.04422905391354613,3.5021045664192965,3.774758283725532e-15,2.4169318391109584e-07,2.005575258645642e-08,0.01665487532058324,0.019473210938595855,0.017405938451752978,0.005405938451752978,0.002211497612276958,0.01196812642904499,0.06205007013896813,0.0015466271342076227,0.0006645491320161733,0.002211176266223796,0.5923169968237874,0.6115254797880537,-0.003226314410430975,-0.003194440839476065,-0.0032259666602726875,3.187357095501067e-05,-0.0032259666602726875,-0.003194093089317677,0.4055798835023513,0.07327747127633005,1.658943975977719,1.6908586387395754,-1.1612000051219873,1.4105162055812257,-4.871120825008121,0.000982835901701229,0.0009829432271990617,0.000751063131169738,0.0038550963539039085,0.04385509635390391,0.0003739575596422226
research_sigma_xl_high,75.0,2.5636246142434715,1.5400749691917586,0.9000000000000007,1.3110445843243186,-0.08399004294628831,-0.24302429684991744,-1.783099266041676,-2.559597782512192,0.868052669147964,-3.965656124186154,-2.9485176378128517,0.03144240616096628,0.11882972014675065,0.21047437490555984,0.4308450431387608,0.04531379124345415,0.7161446055690608,0.09430296435784685,0.04430296435784685,3.499359773546091,-6.52811138479592e-14,-1.61031062040351e-07,-1.3379661656376385e-08,0.01670715740604567,0.019462720752075908,0.017525735992940827,0.005525735992940827,0.002246987552348645,0.011966505003329353,0.0621340050019728,0.0015644152928963847,0.0006822479649844378,0.0022466632578808225,0.590384087501677,0.6095497998849968,-0.003312243437262885,-0.0032787484405921996,-0.003311883325167175,3.349499667064729e-05,-0.003311883325167175,-0.003278388328496528,0.4110445843243179,0.07717141499630853,1.6636246142434707,1.6955719450955076,-1.1110769659978814,1.4060583416739618,-4.865656124186154,0.001031759214755068,0.0010317608882435374,0.0008185785868951578,0.003934487522478519,0.04393448752247852,0.0003684768353683296
research_sigma_xl_high,76.0,2.5803598066163325,1.5595327224003646,0.9120000000000007,1.3286313554882336,-0.08172479843309999,-0.1808466578798975,-1.740379380280262,-2.5465411009973846,0.8800183472448029,-3.948069353022239,-2.934506635589721,0.031475648330437526,0.12178183795549243,0.21085101536635578,0.43050718965620477,0.04646710036789488,0.71499129644462,0.09438330496555115,0.04438330496555115,3.4963810614646977,-8.193445921733655e-14,2.3834620699325626e-07,1.9829553388195365e-08,0.016763988000934427,0.01945288945064944,0.017650154790327388,0.005650154790327388,0.002284527630308175,0.011964848603867984,0.062224643521330114,0.0015837160010319263,0.0007004835673693436,0.00228419956840127,0.58840616856982,0.607528522701069,-0.003400778556151396,-0.0033656271600192578,-0.003400405666841475,3.5151396132016705e-05,-0.003400405666841475,-0.003365254270709458,0.41663135548823294,0.08114644632128709,1.6683598066163317,1.7003414593715296,-1.0608650051247004,1.4015282520248542,-4.860069353022239,0.0010816012283796361,0.0010810995297110375,0.0008861667893929615,0.004017329318106111,0.04401732931810611,0.0003659756474450396
research_sigma_xl_high,77.0,2.597154112952668,1.5789809711529057,0.9240000000000007,1.3463448939049734,-0.07942098768567196,-0.11857500980725721,-1.6975559809601628,-2.5334345800554328,0.8919823663556999,-3.930355814605499,-2.9204278370374395,0.03151049607079832,0.12480271427403052,0.21123455807579172,0.43016146714419423,0.04764865505088138,0.7138097417616336,0.09447010501591342,0.04447010501591342,3.4931685525745073,7.682743330406083e-14,8.423662751777528e-07,7.017521760910306e-08,0.01682538781653721,0.019443720980733454,0.017779350487627577,0.005779350487627576,0.00232412350831962,0.011963216990136749,0.06232208129584743,0.0016045163727121522,0.0007192745157448434,0.0023237908884569955,0.5863821814363994,0.605460543513815,-0.0034920099891710965,-0.0034552269793078627,-0.0034916238628390473,3.678300986325114e-05,-0.0034916238628390473,-0.003454840852975796,0.42234489390497265,0.08520607363252075,1.673154112952667,1.7051717465969678,-1.0105573761629572,1.3969212345500663,-4.8543558146054995,0.001130514353418155,0.0011311034709883365,0.0009539626710903665,0.004103740449801496,0.0441037404498015,0.0003663645661119222
research_sigma_xl_high,78.0,2.6140121160544876,1.5984203803726953,0.9360000000000007,1.3641900564634888,-0.07707655141646075,-0.05620249528820265,-1.6546228756608978,-2.5202800722905483,0.9039447812250764,-3.9125106520469837,-2.9062815839930876,0.031546896191255155,0.12789396269988984,0.21162558831899744,0.42980769093545707,0.048859183117864434,0.7125992136946505,0.09456340811839804,0.04456340811839804,3.4897219396621555,6.017408793468348e-14,-9.398889333489535e-07,-7.840563884253804e-08,0.01689138770091303,0.01943520689695382,0.017913395887128924,0.005913395887128924,0.0023658353396867615,0.011961519651396135,0.06242640012939227,0.0016268564563405752,0.000738642016416939,0.0023654984727575143,0.5843110449910738,0.603344697531649,-0.0035860408960459167,-0.0035475605474420413,-0.0035856408563929095,3.848034860386498e-05,-0.0035856408563929095,-0.0035471605077890445,0.42819005646348807,0.08935392722089008,1.6780121160544867,1.7100673348294113,-0.960147276513279,1.3922305797564354,-4.8485106520469845,0.0011812691020798294,0.0011817252077554012,0.0010220081862158947,0.004193751083848535,0.044193751083848536,0.00036965703454950455
research_sigma_xl_high,79.0,2.6309384305288015,1.6178516214902774,0.9480000000000007,1.3821716856792312,-0.07468931700629844,0.006277790451527321,-1.6115738310387502,-2.507072041851273,0.9159054056584922,-3.8945290228312412,-2.892062387011084,0.031585028830175756,0.13105724497816593,0.21202407649015018,0.4294456708524988,0.05009943658725219,0.7113589602252628,0.0946632549526366,0.044663254952636594,3.4860411272051732,1.4654943925052066e-14,-6.984507594509637e-08,-5.834503796764423e-09,0.01696201642964283,0.019427389768337574,0.018052426808484734,0.006052426808484734,0.002409695843230586,0.011959756183532289,0.06253772124389334,0.0016507458812164792,0.0007586074466816932,0.0024093533278981725,0.5821916458646288,0.6011799313277385,-0.0036829747817218594,-0.003642730965254082,-0.0036825604207849196,4.024381646771172e-05,-0.0036825604207849196,-0.003642316604317208,0.4341716856792305,0.09359357580021782,1.6829384305288007,1.7150330248703094,-0.9096276152069649,1.3874569809799682,-4.842529022831242,0.0012338650702510279,0.0012330351220235618,0.0010904103788419023,0.004287454789782874,0.044287454789782875,0.00037580016285371914
research_sigma_xl_high,80.0,2.6479377074409203,1.6372753895839143,0.9600000000000007,1.4002949100804583,-0.07225715972999958,0.06887294719958403,-1.5684024423843304,-2.493812342150046,0.927864293592141,-3.876405798430014,-2.8777705145532777,0.03162484155232875,0.1342942507466887,0.2124306352119608,0.42907521352565675,0.051370184009630455,0.7100882128028845,0.09476971129481386,0.04476971129481386,3.482125201093219,1.1546319456101628e-14,7.200075216040602e-07,6.023001275501372e-08,0.017037320530874922,0.019420261686142942,0.01819664080670158,0.00619664080670158,0.002455710576988679,0.011958016462786214,0.06265618162302072,0.0016761703424692737,0.0007791918075064815,0.0024553621499757553,0.5800228519997186,0.5989650260437384,-0.003782913766926743,-0.0037409302297129465,-0.0037824845024586502,4.1983537213786254e-05,-0.0037824845024586502,-0.003740500965244864,0.4402949100804575,0.09792883680045583,1.6879377074409194,1.7200734138487794,-0.8589913463925569,1.382593456279968,-4.836405798430015,0.0012855311112236478,0.0012852196527242225,0.0011593202758266585,0.004385008131118806,0.04438500813111881,0.0003847031636950507
research_sigma_xl_high,81.0,2.665014647339233,1.6566923762772077,0.9720000000000008,1.4185649672926344,-0.06977789585232108,0.13159015369756877,-1.525102222579639,-2.4805009796288258,0.9398214385840646,-3.858135741217838,-2.863404744436051,0.031666340388342096,0.1376067087011038,0.21284573534147125,0.4286961211153181,0.052672215115797894,0.708786181696717,0.09488285015873688,0.04488285015873687,3.4779730946943253,7.327471962526033e-14,5.53071922926307e-07,4.633150288424481e-08,0.017117351652439827,0.019413827871910833,0.018346151985322745,0.006346151985322745,0.0025039402665306687,0.01195623992032302,0.06278187669870738,0.0017031668715985467,0.0008004185613947311,0.0025035854329932775,0.5778035051702604,0.5966987715804319,-0.0038859717984691677,-0.0038422117187922877,-0.003885526997061803,4.376007967698062e-05,-0.003885526997061803,-0.0038417669173848226,0.4465649672926336,0.10236359206245543,1.6930146473392322,1.7251932087551685,-0.8082312848864959,1.3776347615890123,-4.8301357412178385,0.0013381140047954432,0.0013382714522614074,0.0012288003328829178,0.004486479193698351,0.04448647919369835,0.00039637096503852137
research_sigma_xl_high,82.0,2.68217400592427,1.6761032807241536,0.9840000000000008,1.4369872140511037,-0.06724927919693824,0.1944367005969988,-1.481666580127155,-2.4671361141404553,0.951776773432787,-3.8397134944593687,-2.8489623650811597,0.03170959019184921,0.14099638894560293,0.21326970594029634,0.4283081910428921,0.05400634203733018,0.7074520547751848,0.09500275228361581,0.045002752283615804,3.473583575924588,1.3322676295501878e-15,4.051125896964436e-07,3.398605546989231e-08,0.01720216690689215,0.019408106569982868,0.01850112143182181,0.0065011214318218095,0.0025544283242667776,0.011954426148364061,0.06291495688008919,0.0017317544503142692,0.0008223120373647116,0.0025540664876789808,0.575532419406446,0.5943799644989536,-0.003992266959190971,-0.003946693107555077,-0.003991806006624815,4.5573851635938994e-05,-0.003991806006624815,-0.003946232154988876,0.452987214051103,0.10690179518785253,1.698174005924269,1.730397232491483,-0.7573400728357882,1.3725773803189134,-4.823713494459369,0.0013916133431883804,0.0013922647832882544,0.0012989545249296602,0.004591981766278952,0.04459198176627895,0.0004107705173368517
research_sigma_xl_high,83.0,2.69942059860974,1.6955088288716156,0.9960000000000008,1.455567210156278,-0.06466903920378753,0.25742006745774715,-1.4380887614138684,-2.453717752942449,0.9637302908807928,-3.8211334983541945,-2.8344420654161757,0.031754597755127366,0.14446510021985526,0.21370305073658924,0.42791121630817214,0.05537339852536871,0.7060849982871462,0.09512951377171149,0.04512951377171148,3.468954974288238,-5.5067062021407764e-14,-7.49808276800934e-07,-6.299667015818855e-08,0.017291834274158938,0.019403103669125548,0.018661700939585968,0.006661700939585968,0.0026072325663873963,0.011952544311650826,0.06305556648446675,0.0017619656876276771,0.0008448979240361483,0.0026068636116638256,0.5732083828526969,0.5920073377304099,-0.004101924061547746,-0.004054468373198505,-0.004101446233185188,4.74556883491746e-05,-0.004101446233185188,-0.0040539905448360135,0.4595672101562772,0.11154755559501334,1.703420598609739,1.7356903077289472,-0.7063102234230456,1.3674157454117455,-4.817133498354195,0.0014469519654596308,0.001447235806811175,0.0013698666654270303,0.0047016178831170985,0.0447016178831171,0.00042789588859438316
research_sigma_xl_high,84.0,2.7167593140003508,1.7149097464691945,1.0080000000000007,1.4743106159302757,-0.062034814064163446,0.3205478335659323,-1.3943619129032623,-2.4402422102095365,0.9756818620560886,-3.802390092580197,-2.819839597942199,0.03180148760656381,0.14801469618177113,0.2141459746823565,0.42750498477030846,0.056774242749012424,0.7046841540635025,0.0952632351814843,0.0452632351814843,3.4640855873866014,7.72715225139109e-14,-1.6257011381526354e-07,-1.3679257421239654e-08,0.017386424886352475,0.019398850765486256,0.01882806970107964,0.006828069701079641,0.0026624043640936512,0.011950593829092193,0.06320386337800427,0.0017938242488958931,0.0008682026926914197,0.002662026941587313,0.5708301535582133,0.5895796639338889,-0.004215071507893742,-0.00416566533698598,-0.00421457617811369,4.9406170907807107e-05,-0.00421457617811369,-0.004165170007205883,0.466310615930275,0.11630503095408673,1.70875931400035,1.7410774519442622,-0.6551340284901563,1.3621478823706603,-4.810390092580198,0.0015041292905177972,0.001503260972892339,0.0014416448147271665,0.004815516081598276,0.044815516081598276,0.00044771909988602226
research_sigma_xl_high,85.0,2.7341951173798487,1.7343067847307865,1.0200000000000007,1.4932233495584373,-0.059344230475600224,0.3838277942137557,-1.350478990517031,-2.426709494361414,0.9876314785389771,-3.783477358952035,-2.805153554565453,0.031850267624015605,0.15164706674399564,0.21459901758352878,0.42708928013929826,0.058209754215955166,0.7032486425965597,0.09540403628622032,0.04540403628622032,3.458973150884011,-1.176836406102666e-14,9.868269736923452e-07,8.316299554556039e-08,0.017486023467590386,0.019395354556606095,0.01900047102965352,0.00700047102965352,0.0027199677366490094,0.01194866517602805,0.06336004093550834,0.001827328236215571,0.000892252873459389,0.00271958110967496,0.5683964652815229,0.5870956178303048,-0.004331838116976405,-0.00428050329300439,-0.0043313246284436375,5.13348239719498e-05,-0.0043313246284436375,-0.004279989804471688,0.4732233495584366,0.12117858775820989,1.714195117379848,1.7465636388408714,-0.6038036843252215,1.3567678645906214,-4.803477358952036,0.0015603747707544358,0.0015605355563555016,0.0015144475620631342,0.004933869706581745,0.044933869706581746,0.0004701665796385743
research_sigma_xl_high,86.0,2.7517330630466605,1.7537007018185675,1.0320000000000007,1.5123115579895827,-0.05659487859086543,0.447267915436949,-1.3064327863816185,-2.4131214606680276,0.9995791924081447,-3.7643891505208895,-2.7903839133975903,0.031900887104228066,0.15536413844573416,0.21506289837442547,0.42666388193343263,0.05968083425556777,0.7017775625569471,0.09555205231346567,0.045552052313465666,3.4536149879587126,-1.7319479184152442e-14,-4.841413161482677e-07,-4.086415592019499e-08,0.017590725673881646,0.01939260967870575,0.019179050774210893,0.007179050774210893,0.0027800135252848968,0.011946666734191369,0.06352425914900012,0.0018625394500977916,0.0009170786060989946,0.002779618056196786,0.5659060272413581,0.5845538124176394,-0.004452370514734683,-0.0043990372489260965,-0.004451837893684442,5.333326580863121e-05,-0.004451837893684442,-0.0043985046278758105,0.480311557989582,0.12617277036725022,1.7197330630466598,1.7521538706385158,-0.5523112769711958,1.351267689852862,-4.79638915052089,0.0016184578108515701,0.0016190237236410991,0.0015883251003292465,0.0050567671045008145,0.045056767104500815,0.0004952852089648505
research_sigma_xl_high,87.0,2.7693783005406525,1.77309227594821,1.0440000000000007,1.531581451106859,-0.05378420342503043,0.5108763125117559,-1.262215963436454,-2.3994725787397106,1.0115248120073599,-3.7451192574036134,-2.7755248263722576,0.03195353129056778,0.15916789470699144,0.21553772214201347,0.42622856316131097,0.061188414401894015,0.7002699824106209,0.09570741766599596,0.04570741766599595,3.4480086083990775,1.887379141862766e-14,-1.449986053447816e-07,-1.225827028772386e-08,0.017700626577816722,0.01939066156039885,0.01936400215111611,0.007364002151116111,0.00284261604622682,0.011944567422266239,0.06369670827455653,0.0018994995213316595,0.0009427108539133212,0.0028422103752449804,0.5633575105463157,0.5819529627512255,-0.004576818682623052,-0.004521386104889502,-0.004576266281132629,5.543257773376123e-05,-0.004576266281132629,-0.004520833703398868,0.48758145110685835,0.13129212196721152,1.7253783005406518,1.7578534885332926,-0.500648499495604,1.3456466786639028,-4.789119257403614,0.0016793010038091971,0.0016787700586624703,0.0016633755732993888,0.0051843434400496435,0.045184343440049644,0.0005230742259463086
research_sigma_xl_high,88.0,2.787136085149414,1.7924822995285934,1.0560000000000007,1.551039562291815,-0.05090964649841179,0.5746613319860621,-1.2178209675425313,-2.385762858660409,1.0234683272526772,-3.7256611462186573,-2.760574713626829,0.032008209613613885,0.16306035092090573,0.21602409193219776,0.4257830931723852,0.06273344692246341,0.6987249498900515,0.09587028996059775,0.04587028996059775,3.4421508491903854,-7.527312106958561e-14,5.77748977326209e-07,4.892311020188167e-08,0.01781583767289807,0.019389518368827054,0.01955560093263431,0.007555600932634309,0.0029078122949824925,0.01194245782599701,0.06387760929894526,0.0019382153494773503,0.0009691801050042902,0.002907395454481641,0.5607495648829931,0.5792916535574778,-0.004705330811654751,-0.004647788637651695,-0.004704757791282965,5.7542174002989804e-05,-0.004704757791282965,-0.004647215617279975,0.49503956229181423,0.1365414572473495,1.7311360851494133,1.7636677578967368,-0.44880699526661516,1.3398982875582481,-4.781661146218658,0.001740133912422781,0.0017399763426693242,0.0017397632597362378,0.0053168184268349294,0.04531681842683493,0.0005534715337628185
research_sigma_xl_high,89.0,2.805011786785263,1.811871581804592,1.0680000000000007,1.5706926529721277,-0.047968578835065445,0.6386315311096464,-1.1732400506949456,-2.371992310914865,1.035409727659354,-3.706008055538345,-2.74553192894323,0.032064931876903936,0.16704356537334394,0.21652263490358506,0.4253272364072729,0.06431690952682931,0.6971414872856856,0.09604084028590418,0.046040840285904175,3.43603824183152,5.595524044110789e-14,1.701409015897326e-07,1.4431400630066094e-08,0.017936479982218242,0.01938918883340373,0.01975404679434123,0.007754046794341229,0.002975696268268213,0.011940276271797279,0.06406717660242633,0.0019787472244389183,0.0009965207979535436,0.0029752680223924617,0.5580808111998595,0.5765684389160763,-0.004838074254275682,-0.004778350526072894,-0.004837479601716233,5.9723728202721454e-05,-0.004837479601716233,-0.004777755873513511,0.502692652972127,0.14192575882088138,1.7370117867852624,1.7696020591259092,-0.3967781965497075,1.3340157446234797,-4.774008055538346,0.0018028022117386744,0.0018026542578048026,0.0018175668121229865,0.005454327793515984,0.045454327793515985,0.0005865124923881901
research_sigma_xl_high,90.0,2.8230108981286905,1.8312609577632666,1.0800000000000007,1.5905476558804974,-0.04495825396187536,0.7027956851909147,-1.1284652725723519,-2.3581572542369313,1.0473488797962718,-3.686153052629975,-2.7303918798380624,0.03212382686556617,0.17111964889492395,0.21703368417077742,0.4248607512931365,0.06593980962395808,0.6955185871885569,0.09621924717199054,0.04621924717199054,3.4296672412134934,-6.283862319378386e-14,8.736568457567984e-07,7.423027267861038e-08,0.018062679792728173,0.019389707317168544,0.019959605078346265,0.007959605078346265,0.00304633530323295,0.011938052699187796,0.06426564996999484,0.0020211269408683245,0.0010247676082967049,0.0030458945491650294,0.5553498352404009,0.5737819058422726,-0.004975217075925631,-0.004913269775113471,-0.004974600040275268,6.19473008122047e-05,-0.004974600040275268,-0.004912652739463064,0.5105476558804967,0.14745011283438147,1.7430108981286898,1.7756620183324188,-0.34455319460535705,1.3279957983930437,-4.766153052629976,0.0018663821669613334,0.0018669344718803653,0.0018969252856180924,0.005597073942076897,0.0455970739420769,0.0006221732299136404
research_sigma_xl_high,91.0,2.8411390472478333,1.8506512761273168,1.0920000000000007,1.6106118631288202,-0.041875908228599545,0.7671628310496361,-1.0834884450776807,-2.3442595465809424,1.0592858330577295,-3.666088845381652,-2.715154217689403,0.032184846378034176,0.17529074397687355,0.21755807810141392,0.4243833926337578,0.06760317644495249,0.6938552203675624,0.09640571367441067,0.04640571367441067,3.4230336296716106,-2.8199664825478976e-14,-9.34468936675259e-07,-7.953572711549839e-08,0.01819458073998466,0.019391071170046535,0.020172501300376844,0.008172501300376844,0.0031198338689790717,0.011935724761310329,0.06447325956902761,0.002065422472962529,0.0010539582077833687,0.0031193806807458977,0.5525552015354946,0.5709305123686107,-0.005116942670087443,-0.005052667431397706,-0.005116301979530918,6.427523868967125e-05,-0.005116301979530918,-0.005052026740841247,0.5186118631288195,0.15311990670503517,1.7491390472478325,1.7818532141901038,-0.2921230020080934,1.3218292988007097,-4.7580888453816526,0.0019327187798650058,0.0019328335624187003,0.001977920560392185,0.005745213638932961,0.04574521363893296,0.0006605000354777055
research_sigma_xl_high,92.0,2.8594020063115604,1.8700434083814645,1.1040000000000008,1.630892658481251,-0.03871858622391722,0.83174220432897,-1.0383012040524946,-2.3302918166772013,1.0712203293188924,-3.6458080500292214,-2.6998113323054787,0.032248239812823466,0.17955905774111536,0.21809588283735554,0.4238949078362946,0.0693080746308801,0.6921503221816349,0.09660044101978123,0.046600441019781225,3.4161334722315058,-2.7977620220553945e-14,6.440917383887523e-07,5.491849924821324e-08,0.018332325165807836,0.019393341069149608,0.020393029428392384,0.008393029428392384,0.0031962696770486687,0.01193332238010747,0.06469028322027981,0.0021116709192811212,0.00108413109811985,0.0031958020174009715,0.5496954313134527,0.5680128457809615,-0.005263437371236135,-0.005196759751343538,-0.005262772320970149,6.667761989253077e-05,-0.005262772320970149,-0.005196094701077618,0.5268926584812503,0.1589405401122474,1.7554020063115596,1.788181676992668,-0.2394781249899225,1.31551623335202,-4.749808050029222,0.002000888298076209,0.0020004900742950464,0.002060704262584548,0.0058989722954280455,0.045898972295428046,0.0007014687243531784
research_sigma_xl_high,93.0,2.877805701575164,1.8894382556275848,1.1160000000000008,1.651397921985605,-0.03548336887450221,0.8965433974901957,-0.9928948581373891,-2.31625776998479,1.0831524778179444,-3.6253027865248675,-2.6843641534769747,0.032313900994667126,0.18392681981917647,0.21864815462377987,0.42339504173180537,0.07105558789837953,0.6904028089141354,0.09680366691041249,0.04680366691041249,3.408961773167131,-4.440892098500626e-16,-1.3802137410756643e-07,-1.178986464012155e-08,0.018476081213856133,0.019396503099641714,0.02062149730913798,0.008621497309137981,0.0032757263731033603,0.011930875073745795,0.06491699854101485,0.0021599180262364117,0.0011153262510441623,0.003275244277280574,0.5467690307211517,0.5650272658490866,-0.005414895862288882,-0.005345770936034611,-0.005414205102156129,6.912492625420555e-05,-0.005414205102156129,-0.0053450801759019236,0.5353979219856042,0.16491785129589126,1.7618057015751634,1.7946532237572197,-0.1866090803277487,1.3090450165400775,-4.7413027865248685,0.002069966565445114,0.0020700445629312607,0.002145416095281849,0.0060585869884055565,0.04605858698840556,0.0007450799220069318
research_sigma_xl_high,94.0,2.896356228128578,1.9088367305475393,1.1280000000000008,1.672135653099527,-0.0321671334777105,0.9615762014109996,-0.9472605291365397,-2.302151883546311,1.095082079466384,-3.604565055410945,-2.6688063468136036,0.03238202210303023,0.188396323024277,0.21921517905384696,0.42288353192055494,0.07284683576376001,0.6886115610487549,0.09701562804883772,0.047015628048837715,3.401513824493079,-3.552713678800501e-15,4.880967658937863e-07,4.177129012128411e-08,0.018626016320574965,0.019400606801395593,0.02085817587628358,0.00885817587628358,0.0033583252078094317,0.011928320471031317,0.06515368476478323,0.002210239630349404,0.001147587423589735,0.0033578270539391386,0.5437744635737344,0.5619722617758498,-0.0055715301974427756,-0.005499850668474138,-0.005570812735872502,7.167952896868293e-05,-0.005570812735872502,-0.005499133206903819,0.5441356530995263,0.1710577140890585,1.7683562281285774,1.8012741486621942,-0.13350587805538439,1.3024131718646341,-4.732565055410946,0.002141798559410102,0.0021415254606647165,0.0022321595557086155,0.006224251537981174,0.046224251537981174,0.000791376510856541
research_sigma_xl_high,95.0,2.91505985759078,1.9282397810746978,1.1400000000000008,1.6931142737381721,-0.028766718458883345,1.0268507670197622,-0.9013890140549357,-2.2879741728659697,1.107009118760007,-3.5835864347723003,-2.653135793041451,0.03245261761881993,0.19296989521357283,0.21979775621579598,0.4223601119922245,0.0746829628022286,0.6867754340102863,0.09723658899342538,0.04723658899342538,3.39378420629618,-2.0650148258027912e-14,4.0817611668408915e-07,3.49983861058778e-08,0.018782317626812456,0.019405664840168937,0.021103425185216573,0.009103425185216573,0.0034441509870204445,0.011925719052724992,0.06540067928150817,0.002262677529448863,0.0011809587995616896,0.0034436363290105527,0.5407101702069061,0.5588461919830662,-0.005733555145471192,-0.005659274198196229,-0.005732809706610146,7.428094727500792e-05,-0.005732809706610146,-0.0056585287593351385,0.5531142737381713,0.1773663543718536,1.7750598575907792,1.808050738830773,-0.08015835174024488,1.2956122619063306,-4.723586434772301,0.0022145374121000927,0.002215123211175684,0.0023211075584041174,0.006396249677674132,0.04639624967767413,0.000840339315751247
research_sigma_xl_high,96.0,2.933923051852533,1.9476483849005517,1.1520000000000008,1.7143425034699602,-0.025278831503669608,1.092377559974016,-0.8552708249265357,-2.273722808722111,1.118933517571834,-3.5623582050405123,-2.6373488412864265,0.03252576258558356,0.19764991452396669,0.22039656075704978,0.42182450978225716,0.07656514526832646,0.6848932515441885,0.09746682913110756,0.04746682913110756,3.3857672701766086,5.795364188543317e-14,-6.835013850459148e-07,-5.87202647062135e-08,0.018945182762708637,0.01941170321071156,0.021357533020779362,0.009357533020779362,0.0035333489177103994,0.011922976740856739,0.0656582827510176,0.0023173279872111268,0.0012154891110024784,0.0035328170982136054,0.5375745572689422,0.5556474131090199,-0.005901207362212224,-0.005824184103068952,-0.005900432577681938,7.702325914326139e-05,-0.005900432577681938,-0.005823409318538676,0.5623425034699594,0.18385021344440677,1.7819230518525322,1.814989534280699,-0.026555957597818036,1.2886353963184014,-4.714358205040513,0.002290950068493336,0.0022908351853585633,0.002412350258070725,0.006574784783616727,0.04657478478361673,0.0008920443474908293
research_sigma_xl_high,97.0,2.9529524789579162,1.9670635357468784,1.1640000000000008,1.7358293397797309,-0.021700020623462546,1.1581673325217974,-0.808896203225081,-2.2593922727289826,1.1308550722417205,-3.5408713687307416,-2.621438879985341,0.032601653444833276,0.20243881125261023,0.22101198042377243,0.42127644715664575,0.07849459241459675,0.6829638043979182,0.0977066395496199,0.0477066395496199,3.377457269241267,6.927791673660977e-14,6.379423866942346e-07,5.4915889113882344e-08,0.019114817635209683,0.019418773848109763,0.02162089493953634,0.009620894939536339,0.00362601713175259,0.011920154222625823,0.06592685844113799,0.002374238926152674,0.0012512271768574375,0.0036254661030101117,0.5343659964607511,0.5523743123642794,-0.006074723585157926,-0.005994877807783738,-0.006073918334259408,7.984577737417745e-05,-0.006073918334259408,-0.00599407255688523,0.57182933977973,0.19051592393908706,1.7889524789579154,1.8220974067161957,0.027312260280076828,1.281479096001759,-4.704871368730743,0.002369189867156951,0.0023688606760311585,0.0025060773043266565,0.006760170428140394,0.046760170428140395,0.0009464691214795054
research_sigma_xl_high,98.0,2.9721550213475427,1.9864862734258268,1.1760000000000008,1.7575842933490329,-0.018026797240164427,1.224231276856292,-0.7622549965695349,-2.244984428987797,1.1427738260170857,-3.51911641516144,-2.605404911986388,0.032680247715421745,0.20733904651756413,0.22164508866829816,0.420715642454101,0.08047253845858535,0.6809858583539296,0.09795634560943876,0.04795634560943876,3.368847601928121,7.394085344003543e-14,-2.5119133217899048e-08,-2.166758161781246e-09,0.019291452394795516,0.019426879525985152,0.02189389147219134,0.00989389147219134,0.0037222827346750087,0.011917249924196294,0.06620677622979165,0.0024334868152977437,0.0012882254198550139,0.003721712235152758,0.5310828388332319,0.5490251156134681,-0.006254358813320093,-0.006171608737516321,-0.006253521455606865,8.275007580370655e-05,-0.006253521455606865,-0.006170771379803159,0.581584293349032,0.19737055430068756,1.796155021347542,1.829381195330457,0.0814574508392063,1.2741319861736429,-4.695116415161441,0.002449255234254988,0.0024493260028413226,0.002602439077395824,0.006952699242118304,0.046952699242118305,0.0010036463673204557
research_sigma_xl_high,99.0,2.9915377958919507,2.0059176556615803,1.1880000000000008,1.7796171227241135,-0.014255455154112529,1.2905808849813807,-0.7153367706801996,-2.2304937622604726,1.1546895720901131,-3.497083585786359,-2.589240106837888,0.032761744769918236,0.21235314189873014,0.22229635298480238,0.420141807093812,0.0825002551099625,0.6789581417025524,0.09821627956381003,0.04821627956381003,3.3599317899799153,1.5987211554602254e-14,4.964052140454811e-07,4.2909433645155204e-08,0.019475322067689593,0.019436074083527575,0.02217690668479788,0.010176906684797881,0.0038222912205050363,0.011914231476505388,0.06649841918560007,0.0024951598950907878,0.0013265397189729765,0.0038216996140637643,0.5277233949278508,0.5455981420030979,-0.006440383987787512,-0.00635461546429289,-0.006439513198897947,8.57685234946122e-05,-0.006439513198897947,-0.0063537446754033345,0.5916171227241127,0.20442132242332367,1.8035377958919498,1.8368482238018375,0.13589131289126755,1.2665898235258863,-4.6850835857863595,0.0025320674750404226,0.0025323242437878084,0.002701584617108288,0.007152662821567901,0.0471526628215679,0.0010636167422421253
research_sigma_xl_high,100.0,3.01110816380977,2.0253587882283854,1.2000000000000008,1.8019381067186286,-0.010382214799154355,1.357228115227492,-0.6681306730008933,-2.2159202940377165,1.1666022889700964,-3.474762601791844,-2.5729417980064024,0.03284616465836492,0.21748365292123853,0.2229667712680437,0.419554648610125,0.08457904147875284,0.6768793553337621,0.09848680672899153,0.04848680672899153,3.3507026063711134,-2.220446049250313e-15,-5.386566284126815e-07,-4.6661831593075576e-08,0.019666685067922504,0.019446374871740273,0.02247036518452661,0.010470365184526608,0.003926185702645135,0.011911096911214392,0.0668022012375411,0.0025593440917136773,0.0013662283798026044,0.003925572471516281,0.5242859525427701,0.5420915819018312,-0.006633082570667137,-0.006544179481881518,-0.006632176600983519,8.890308878560862e-05,-0.006632176600983519,-0.0065432735121979104,0.6019381067186278,0.21167587994382336,1.811108163809769,1.8445058748396734,0.19062582625739566,1.2588423077541275,-4.674762601791845,0.0026176246211753185,0.0026179937792363377,0.002803680116604104,0.007360390651573928,0.04736039065157393,0.0011264160774175982
research_sigma_xl_high,101.0,3.0308737514906685,2.044810801112259,1.2120000000000009,1.8245578530931668,-0.006403083748822258,1.424185287456463,-0.6206255136557963,-2.2012585130181224,1.178511765912542,-3.4521428554173057,-2.5565029101426204,0.03293371041815085,0.2227331912344124,0.22365690014891867,0.4189538681142839,0.0867102336702472,0.6747481631422677,0.09876830523423312,0.04876830523423312,3.341152804205675,-5.684341886080802e-14,-2.4191090841618745e-07,-2.1002039413131612e-08,0.019865808873060387,0.019457837901012347,0.0227746970361834,0.0107746970361834,0.0040341287636737055,0.011907813146225799,0.06711854457089661,0.002626138589855414,0.0014073533636245635,0.004033491953479977,0.5207687618729436,0.5385036863379029,-0.006832755126283785,-0.006740568272509573,-0.006831812444779437,9.218685377420169e-05,-0.006831812444779437,-0.006739625591005235,0.6125578530931659,0.21914210372647153,1.8188737514906677,1.8523619855781266,0.24567352154392097,1.2508843423991833,-4.664142855417307,0.0027068472648781317,0.0027064395088359887,0.0029088881631230135,0.00757621316480539,0.04757621316480539,0.0011920920694277262
research_sigma_xl_high,102.0,3.050842464088036,2.0642748684044334,1.2240000000000009,1.8474875007909954,-0.0023139572718069434,1.4914652043692853,-0.5728096640351481,-2.1865065995079602,1.190417915262548,-3.429213207719477,-2.539919084800954,0.0330244659592156,0.2281044038134097,0.22436767063697066,0.41833916267468757,0.08889519700820243,0.6725631998043125,0.09906118516126582,0.04906118516126581,3.3312744993185706,-4.574118861455645e-14,2.768554556720204e-07,2.409013624693479e-08,0.020072983562919602,0.019470495406322185,0.023090410572394804,0.011090410572394804,0.0041462592201583215,0.011904440902675173,0.0674479226199991,0.0026956190778806618,0.001449978240704081,0.004145597318584743,0.5171700494450154,0.5348326107940623,-0.007039710449561254,-0.006944151352236361,-0.00703872932380622,9.555909732482729e-05,-0.00703872932380622,-0.006943170226481393,0.6234875007909946,0.22682830627343414,1.826842464088035,1.8604245488254878,0.3010472891067373,1.2427066082115168,-4.653213207719478,0.002797888778651725,0.0027978921320781606,0.0030174270094752015,0.007800539062374323,0.047800539062374324,0.0012606460988914894
research_sigma_xl_high,103.0,3.071022505220556,2.0837522012554883,1.2360000000000009,1.8707386742379564,0.001889434691494385,1.559081132696461,-0.5246710685590272,-2.171662735460819,1.2023206477178923,-3.405962034272516,-2.523185814774312,0.033118516721036356,0.23359997923512602,0.22510006681456796,0.4177102245986467,0.09113532922653461,0.6703230675859804,0.09936588281203347,0.04936588281203347,3.3210594085320815,-4.929390229335695e-14,-2.486177612670559e-07,-2.1683202122702028e-08,0.020288517764727745,0.01948438096908032,0.02341797225936948,0.01141797225936948,0.004262769729550198,0.01190091514175562,0.06779081069136572,0.002767908865580802,0.0014941727547819494,0.004262081620362752,0.5134880139124656,0.5310764791679381,-0.007254287388063663,-0.007155202529819271,-0.007253265799912379,9.90848582443811e-05,-0.007253265799912379,-0.0071541809416679975,0.6347386742379555,0.23474318185122017,1.8350225052205553,1.868701857502664,0.3567604849785688,1.2342992988116972,-4.641962034272517,0.0028925914723221258,0.002892432800269084,0.003129454494641734,0.008033725344267273,0.048033725344267274,0.0013321574677661943
research_sigma_xl_high,104.0,3.091422394538874,2.103244057559794,1.2480000000000009,1.8943234453097344,0.006211582187293452,1.6270468257520168,-0.4761972318077772,-2.1567214165633155,1.2142197455460593,-3.382377263200738,-2.5062955937499787,0.03321607224073974,0.2392226587426636,0.22585480109296863,0.41706674016611744,0.09343206567228846,0.6680263311402265,0.09968285589207354,0.04968285589207354,3.3104990526885634,-5.995204332975845e-14,5.941995622205098e-07,5.1946231649502295e-08,0.020512735245988206,0.019499554485805114,0.02375792969391699,0.01175792969391699,0.0043838300503182825,0.01189726529959112,0.06814773552487419,0.0028431050823110385,0.0015400087393446405,0.0043831138216556785,0.5097208186424154,0.5272334427650326,-0.0074768343440076435,-0.007374099643598753,-0.007475770579342918,0.00010273470040888036,-0.007475770579342918,-0.0073730358789340375,0.6463234453097335,0.2428957569619687,1.8434223945388732,1.8772026489928149,0.4128270802059575,1.2256558466374226,-4.630377263200739,0.002990031107696467,0.002990269593280425,0.003245194447928784,0.008276210312113202,0.0482762103121132,0.0014066455799603347
research_sigma_xl_high,105.0,3.1120509883982406,2.122751743369786,1.260000000000001,1.9182545336257903,0.01065709479213095,1.6953766037462095,-0.4273751396235763,-2.141682673245426,1.2261151783170745,-3.358446174884682,-2.489245012409939,0.03331716087172144,0.2449752085536707,0.2266331369288433,0.41640839279885766,0.09578686870845486,0.66567152810406,0.10001260216400443,0.050012602164004424,3.299584180990048,7.505107646466058e-14,-7.255889291624129e-07,-6.35871946763622e-08,0.020745988109411265,0.019516039969645155,0.02411082546686938,0.012110825466869379,0.004509643509243655,0.011893456952443149,0.06851922799947952,0.0029213352817994784,0.0015875630415458824,0.004508898323345361,0.5058666102690406,0.5233015315811479,-0.007707725005182631,-0.007601181957625769,-0.007706616706533412,0.00010654304755685143,-0.007706616706533412,-0.0076000736589765605,0.6582545336257895,0.2512956024754466,1.8520509883982397,1.885935810081166,0.46926142542913496,1.2167635016392562,-4.618446174884683,0.0030911269353532944,0.003091538448382069,0.003364837357458114,0.00852842057258224,0.04852842057258224,0.0014841815914221831
research_sigma_xl_high,106.0,3.1329175033417975,2.1422766041273547,1.272000000000001,1.9425450962434732,0.015230869205780762,1.7640852817509758,-0.37819132237637887,-2.126539162692609,1.2380066594509456,-3.3341556122669993,-2.4720248075397304,0.033422058505540815,0.2508604524399371,0.2274357434495305,0.4157348593318738,0.09820124174703408,0.6632571550654809,0.10035563703054788,0.05035563703054788,3.288305567723607,1.9984014443252818e-14,-2.2882649530764354e-07,-2.010340660607568e-08,0.020988640935800093,0.019533912954689623,0.024477236420202608,0.012477236420202608,0.004640425056345432,0.011889455712699615,0.06890586220417205,0.003002731123623158,0.0016369173749798491,0.0046396484986030075,0.5019234968652421,0.5192788654882823,-0.007947355651157506,-0.007836811363857277,-0.007946200849416746,0.00011054428730038549,-0.007946200849416746,-0.00783565656211636,0.6705450962434722,0.25995259810713317,1.8609175033417966,1.894910843890852,0.5260786223000302,1.2076164495743904,-4.606155612267,0.003196798241996701,0.003196386307511744,0.003488595484402515,0.008790812048254715,0.048790812048254716,0.0015648249822931629
research_sigma_xl_high,107.0,3.1540315349279235,2.161820049176025,1.284000000000001,1.9672090064661956,0.019937944904821814,1.8331883281545536,-0.32863172102147153,-2.111289076761432,1.2498940897424737,-3.309491702044277,-2.454629785322313,0.03353085977865132,0.2568812375307528,0.2282638498649464,0.4150458139270361,0.10067671599553048,0.6607816808169844,0.10071252043411348,0.05071252043411348,3.276653176561968,5.0182080713057076e-14,9.82800412163698e-08,8.656479588697863e-09,0.021241089812029657,0.01955321328156332,0.024857823787748812,0.012857823787748811,0.004776368585132973,0.011885322070820159,0.06930825133573659,0.003087403354599134,0.0016881554806865544,0.004775558835285689,0.4978895708543956,0.5151634440602675,-0.008196133131795569,-0.008081455202615828,-0.008194929517895898,0.00011467792917984124,-0.008194929517895898,-0.008080251588716057,0.6832090064661946,0.268877226571956,1.8700315349279226,1.9041374451854498,0.5832942384120798,1.1982026252828448,-4.593491702044278,0.003305198169452961,0.0033050866174828657,0.0036167339757191552,0.009063926284885865,0.049063926284885866,0.0016485941492276127
research_sigma_xl_high,108.0,3.1754030878469712,2.1813835245448576,1.296000000000001,1.9922607438189708,0.024783606376046707,1.902701784422449,-0.27868174012240865,-2.095928766353703,1.2617773035925859,-3.2844399646915017,-2.4370531324691576,0.03364372339794122,0.26304044578947194,0.22911859197027992,0.4143409267596493,0.10321485588287514,0.6582435409296398,0.10108384393448669,0.051083843934486686,3.2646166504498573,4.574118861455645e-14,-5.722555096454585e-09,-5.053681917388531e-10,0.02150375319018144,0.019573995254379944,0.025253219112064906,0.013253219112064906,0.004917726357664298,0.011880989027175493,0.0697270272941487,0.003175512173791963,0.0017413692359651628,0.0049168814097571255,0.49376290132105377,0.5109532718690905,-0.008454503727225227,-0.008335492754400653,-0.008453248718277493,0.0001190109728245077,-0.008453248718277493,-0.008334237745452985,0.6962607438189699,0.2780804506769049,1.8794030878469703,1.9136257842543853,0.6409244808298631,1.1885111983377987,-4.580439964691503,0.003418167066726152,0.0034177663967363096,0.003749465921883466,0.009348263593780326,0.04934826359378033,0.0017355803407063594
research_sigma_xl_high,109.0,3.197042595345038,2.2009685502068246,1.308000000000001,2.0177154446903254,0.02977339762015041,1.972642382742851,-0.2283261674639736,-2.0804527426279797,1.2736560677968247,-3.258985263820147,-2.41928640755402,0.033760873268601464,0.26934100024704,0.23000101601050013,0.41361986330506095,0.1058172624034249,0.65564113440909,0.101470234955561,0.051470234955560995,3.2521852358430414,-9.059419880941277e-14,8.996200209221428e-07,7.966158999117567e-08,0.021777074891557446,0.019596327569715057,0.025664146754377448,0.013664146754377448,0.005064731012074164,0.011876485244790236,0.07016289209269744,0.0032671945834331795,0.001796654077206431,0.005063848660639611,0.4895415298344831,0.5066463531553603,-0.00872293049751316,-0.008599415742303274,-0.008721621734011805,0.00012351475520976443,-0.008721621734011805,-0.00859810697880204,0.7097154446903244,0.28757375375951666,1.889042595345037,1.9233865275482132,0.6989863149460263,1.1785325211921673,-4.566985263820148,0.003534779922524711,0.00353468473022912,0.003887071862820002,0.00964441676383998,0.04964441676383998,0.001825818191721014
research_sigma_xl_high,110.0,3.218960951243137,2.2205767034711847,1.320000000000001,2.0435890373277257,0.034913068400195035,2.043027568607844,-0.1775491348633409,-2.064859206508654,1.2855302740821664,-3.233111671182747,-2.4013237646854426,0.033882412433009455,0.2757858392875682,0.2309125809002204,0.41288228728153387,0.10848556327898638,0.6529728335335285,0.10187236849924125,0.05187236849924125,3.2393474782365335,-4.1300296516055823e-14,1.8466203566269712e-07,1.6397246144217448e-08,0.022061532392752617,0.019620256264374775,0.02609133629169169,0.014091336291691691,0.005217653374195219,0.011871774554105041,0.07061654994202515,0.0033626200867537003,0.0018541118332934155,0.005216731920047115,0.4852234876773292,0.5022406112068464,-0.00900190836339132,-0.008873682917496295,-0.009000542880065127,0.00012822544589495902,-0.009000542880065127,-0.008872317434170168,0.7235890373277247,0.29736928420458486,1.8989609512431362,1.9334306771609708,0.7574972945256775,1.1682524646740928,-4.553111671182748,0.0036559542416050306,0.003656029543301253,0.004029803898939074,0.009952977275404562,0.04995297727540456,0.0019193912238366848
research_sigma_xl_high,111.0,3.2411695399158953,2.240209619276283,1.332000000000001,2.0698981172737088,0.04020870436854085,2.1138754826269013,-0.12633413664938153,-2.0491408341447697,1.2973996169050348,-3.2068025912367637,-2.3831548801548066,0.034008634383696876,0.28237794147330697,0.2318543328776332,0.412127857809166,0.1112214239921006,0.6502369728204144,0.10229095287153067,0.05229095287153067,3.226091758226691,4.04121180963557e-14,7.490166284984667e-07,6.669913804602245e-08,0.022357626728706517,0.019645867148132407,0.02653558133836098,0.01453558133836098,0.005376768940990706,0.011866853104033903,0.07108876681280751,0.003461955296141963,0.0019138501050765672,0.00537580540121853,0.4808067792128843,0.4977340339953548,-0.009291959293336371,-0.00915881239737032,-0.00929053449066295,0.0001331468959660971,-0.00929053449066295,-0.009157387594696854,0.7378981172737078,0.3074797083103258,1.9091695399158943,1.9437699230108605,0.8164758657218665,1.157661757091994,-4.538802591236765,0.0037816861728814377,0.0037820434563795684,0.004177954609654463,0.010274597165714383,0.050274597165714384,0.002016355705816285
research_sigma_xl_high,112.0,3.263680265490982,2.2598690092315845,1.344000000000001,2.0966602000044476,0.04566660628217645,2.185205102233459,-0.07466390699812564,-2.0332958341628906,1.3092639802902342,-3.180040508506025,-2.3647733955110675,0.03413964929704504,0.28912028935680145,0.23282791023249647,0.4113562335513883,0.11402653357607251,0.6474318632364424,0.10272675396263284,0.052726753962632836,3.212405602926366,5.728750807065808e-14,-5.299049601337202e-07,-4.7325570129430616e-08,0.02266589966773698,0.01967321123515505,0.026997708908993667,0.014997708908993667,0.005542382813660596,0.011861683394573164,0.07158035387795048,0.0035653913701440597,0.0019759839632069163,0.0055413753333509765,0.47628940613094295,0.49312450374870304,-0.009593642700759908,-0.009455326095333116,-0.009592155161198627,0.00013831660542683658,-0.009592155161198627,-0.00945383855577179,0.7526602000044467,0.3179184785360136,1.919680265490981,1.9544162852007478,0.8759411219432247,1.1467446743431342,-4.524040508506026,0.003912891890667014,0.003912943281672476,0.004331809241256687,0.010609954622082307,0.05060995462208231,0.002116799340550528
research_sigma_xl_high,113.0,3.286505588022035,2.279556653973874,1.356000000000001,2.123893535091696,0.05129346999586204,2.2570361903828022,-0.02252046359107185,-2.017315050363436,1.3211229836941811,-3.1528071734187764,-2.3461670438625832,0.03427582271853667,0.29601590457456617,0.2338343806356507,0.4105670686986886,0.11690261997127445,0.6445557768412404,0.10318057427193594,0.05318057427193594,3.198276442329868,5.728750807065808e-14,6.46234617152075e-07,5.7888355248225665e-08,0.022986918874427734,0.019702392146557227,0.0274786144302821,0.0154786144302821,0.005714806952888063,0.011856260680810915,0.07209217501793641,0.0036731172038935505,0.002040634703387965,0.005713751907281515,0.4716693439350406,0.4884099984560821,-0.009907546796583122,-0.009763807477394026,-0.009905993705766824,0.00014373931918908525,-0.009905993705766824,-0.009762254386577738,0.7678935350916951,0.3286996175544904,1.930505588022034,1.965382604327854,0.9359132066886211,1.1354921230553403,-4.508807173418777,0.004049566650049075,0.004049000524505974,0.004491695555854366,0.010959793961199726,0.05095979396119973,0.002220780310736213
research_sigma_xl_high,114.0,3.3096585584452827,2.299274418475163,1.368000000000001,2.151617428865012,0.05709622018795257,2.3293894522693317,0.03011503379416869,-2.001196700862793,1.332976501651856,-3.1250832796454606,-2.327328880329069,0.03441727360808721,0.30306779543054696,0.2348755865051298,0.40976001896739295,0.11985142898377232,0.6416069678287426,0.10365328430577404,0.05365328430577404,3.1836907263498766,-3.241851231905457e-14,6.023461256443596e-07,5.412351924971581e-08,0.023321300119485924,0.01973346672961974,0.027979282189012356,0.015979282189012355,0.005894350238002,0.011850644793413911,0.07262515528155133,0.003785316257603764,0.0021079289799300857,0.00589324523753385,0.4669445770615335,0.48358837031640206,-0.0102342871575965,-0.010084931951010345,-0.010232664951116924,0.00014935520658608883,-0.010232664951116924,-0.010083309744530835,0.7836174288650108,0.3398380664584131,1.9416585584452817,1.9766820567934267,0.9964129506174757,1.1238865787826677,-4.493083279645462,0.004189862933062116,0.004190581713008356,0.004657982069526431,0.011324947926375811,0.05132494792637581,0.0023283363793982284
research_sigma_xl_high,115.0,3.3331528599333313,2.3190242448847154,1.380000000000001,2.179852099469721,0.06308217047186604,2.402286500945905,0.08326225606118953,-1.9849353244973116,1.344824273281009,-3.0968486090407517,-2.308248821880983,0.03456425150605708,0.31027898491730244,0.23595314823842456,0.4089347383927976,0.12287473669221569,0.6385836601202992,0.10414580557755972,0.054145805577559714,3.16863457121412,-2.2648549702353193e-14,-7.913252750846311e-07,-7.132977497548154e-08,0.02366969525453344,0.019766520055247833,0.028500656277862024,0.016500656277862024,0.0060814135191860075,0.011844698786626195,0.07318023508412819,0.003902248834409391,0.00217800686444441,0.006080255698853801,0.4621130801054073,0.4786575189765791,-0.010574543972049766,-0.01041924275867584,-0.010572848856526264,0.00015530121337380479,-0.010572848856526264,-0.01041754764315246,0.7998520994697198,0.351349513407242,1.9531528599333303,1.9883285866523224,1.057462227664896,1.11191328454344,-4.476848609040752,0.00433745849121614,0.004337829239490009,0.004830961023328584,0.01170619294462541,0.05170619294462541,0.002439612632934303
research_sigma_xl_high,116.0,3.3570028497212254,2.3388081601219555,1.392000000000001,2.208618741420736,0.06925904722632459,2.475749922437588,0.1369417623156326,-1.9685217838803604,1.3566658992251084,-3.0680819670897366,-2.2889136430239834,0.034717139374202025,0.31765250563520486,0.2370684676497713,0.40809087991063764,0.12597434812016076,0.6354840486923542,0.10465911512604463,0.05465911512604463,3.153093732949772,-1.199040866595169e-14,-1.3915042185175253e-07,-1.2583860592441098e-08,0.024032795408192184,0.019801665698656643,0.029043831497876038,0.017043831497876038,0.006276362450217898,0.011838448785203792,0.07375846313044421,0.004024134385586169,0.002251013237433938,0.006275147623020108,0.4571728212244127,0.47361539282695353,-0.010929020262454348,-0.010767469047658074,-0.01092724872540747,0.00016155121479620796,-0.01092724872540747,-0.010765697510611263,0.8166187414207349,0.3632504523476639,1.9650028497212244,2.0003369504961173,1.1190840232124797,1.0995601832093762,-4.460081967089738,0.004491425774949986,0.004491106597440241,0.005011036089683854,0.012104460534677869,0.05210446053467787,0.0025546545913667576
research_sigma_xl_high,117.0,3.381223601601631,2.358628298270016,1.404000000000001,2.237939762465473,0.07563489537230184,2.5498034272067933,0.19117512893677713,-1.9519524729474116,1.3685011708514165,-3.0387609460449996,-2.2693139429795814,0.03487613575401849,0.3251913634051209,0.2382235820214829,0.4072280995214139,0.12915208267827458,0.6323063141342403,0.10519426833632999,0.05519426833632998,3.137053046891443,-5.906386491005833e-14,-1.5297025557359234e-07,-1.3879994098520143e-08,0.02441134712899909,0.019838983725368388,0.02960997141761501,0.01760997141761501,0.0064795877127898915,0.01183192046826298,0.07436094869149801,0.004151210798042916,0.0023271018820578233,0.00647831268010074,0.45212178651856894,0.46845985605360235,-0.011298463236562195,-0.011130383704825109,-0.011296611077950602,0.00016807953173702053,-0.011296611077950602,-0.011128531546213582,0.8339397624654719,0.37555843447659776,1.97722360160163,2.0127224307502143,1.1813022563553768,1.086808473097588,-4.442760946045,0.004650836789063861,0.0046507959920352275,0.005198624288615922,0.012520747253304876,0.05252074725330488,0.0026735210830251058
research_sigma_xl_high,118.0,3.4058309590581044,2.378486885975459,1.416000000000001,2.267838684255966,0.08221822265190437,2.624471819820584,0.2459849338451252,-1.9352201103022326,1.3803297401616343,-3.0088620242545066,-2.2494371214519977,0.03504157342283954,0.3328985561129445,0.23942032830705032,0.4063460541337408,0.13240978274444956,0.6290486140680653,0.10575238593007426,0.055752385930074255,3.12049697127593,1.7763568394002505e-14,-5.7556364563282614e-08,-5.240456207866728e-09,0.02480614318265978,0.019878583397441824,0.030200264105008312,0.018200264105008312,0.006691542658362137,0.011825039843465057,0.07498884699345565,0.004283764101934259,0.002406439378310354,0.006690203480244613,0.44695796740432714,0.4631888329010693,-0.011683681603181117,-0.011508721446646275,-0.011681744554904639,0.00017496015653494304,-0.011681744554904639,-0.011506784398369696,0.8518386842559649,0.38829194685427365,1.9898309590581034,2.02550121889647,1.2441420796589497,1.073641913952274,-4.424862024254508,0.004817524889851654,0.004817178788284037,0.005394120922348533,0.012956064396178607,0.05295606439617861,0.0027963215338956474
research_sigma_xl_high,119.0,3.430841585822541,2.3983862614218356,1.428000000000001,2.2983402906754895,0.08901798068902611,2.6997811211937046,0.301394859771869,-1.9183174231677083,1.3921512505383467,-2.978360417834983,-2.229270147772066,0.03521379311871603,0.3407770544730092,0.24066069080155936,0.40544440376586677,0.1357493062194249,0.62570909059309,0.10633466731428746,0.05633466731428746,3.1034093427370903,-4.440892098500626e-16,5.392328796816059e-07,4.927054672587694e-08,0.025218031994594978,0.019920578596930347,0.03081602729233124,0.018816027292331238,0.006912673833303851,0.011817831755331465,0.0756434077093,0.0044220660789569596,0.002489200058538424,0.006911266137495384,0.4416793735030838,0.4578002570443381,-0.012085521703695867,-0.011903353459027433,-0.012083495429798181,0.00018216824466853535,-0.012083495429798181,-0.011901327185129646,0.8703402906754885,0.40147056326895497,2.00284158582254,2.0386903352841945,1.307629870655358,1.0600429946672747,-4.406360417834984,0.004990561247518954,0.004990679625723537,0.005597995297736261,0.013411555952203585,0.053411555952203586,0.002923111362083876
research_sigma_xl_high,120.0,3.4562730247647804,2.4183288729489743,1.440000000000001,2.3294707388406284,0.09604357031851207,2.775758635239184,0.35742976229020984,-1.9012389878071947,1.4039654036722973,-2.947229969669844,-2.208800913276652,0.03539307895130132,0.3488297812730144,0.24194698363965372,0.4045228139209773,0.13917251830392824,0.6222858785085867,0.10694239965527126,0.05694239965527126,3.085773286028317,-5.595524044110789e-14,-2.9431277370761677e-07,-2.6989753876272005e-08,0.025647924068580213,0.01996507584195855,0.03145861736191402,0.01945861736191402,0.007143495904439967,0.011810219368043828,0.07632594539221627,0.004566442551177007,0.0025755729772902487,0.007142015528467256,0.43628404654708036,0.45229205495722785,-0.01250490208943017,-0.012315121457473988,-0.012502781443156552,0.00018978063195617192,-0.012502781443156552,-0.01231300081120038,0.8894707388406273,0.4151150587586808,2.0162730247647795,2.052307621092483,1.3717932315668868,1.0459909818626494,-4.387229969669845,0.005171776374879977,0.005171625553034086,0.005810693293333807,0.013888394320817232,0.05388839432081723,0.0030540053344540255
research_sigma_xl_high,121.0,3.482143758340553,2.4383172926908894,1.452000000000001,2.3612575253993175,0.10330497249790604,2.852433011978137,0.4141157192872478,-1.8839738704179483,1.4157716892744343,-2.915443183111155,-2.188012640508716,0.035579919102788786,0.35705963052429157,0.2432811774325877,0.40358095339555333,0.14268130016021321,0.6187770966523017,0.10757695172883688,0.05757695172883688,3.0675715819854448,2.4868995751603507e-14,8.408765714840172e-07,7.740076549134223e-08,0.026096787636569987,0.020012224565190424,0.0321295357781195,0.0201295357781195,0.00738452085629715,0.01180222648571394,0.07703789571360597,0.004717205179782496,0.0026657571855623887,0.007382962365344884,0.4307700475487246,0.4466622544275252,-0.012942788436108354,-0.01274501492182234,-0.012940568861953348,0.00019777351428605996,-0.012940568861953348,-0.012742795347667289,0.9092575253993165,0.42924735191058944,2.030143758340552,2.0663720690661185,1.4366613227037028,1.0314693126932066,-4.367443183111156,0.005360240401729444,0.0053604940655252,0.006032748141549513,0.014387900417375726,0.05438790041737573,0.0031890513114611538
research_sigma_xl_high,122.0,3.5084732743329297,2.458354234770206,1.464000000000001,2.3937298103968674,0.11081261203110637,2.929834426666396,0.47148019189619017,-1.8665185070037358,1.4275698566437252,-2.882970898113605,-2.166893550652393,0.03577455090264018,0.36546940576451276,0.24466611391793516,0.4026185013402836,0.14627752309102743,0.6151808737214874,0.10823980588926146,0.05823980588926146,3.0487859553038934,-5.062616992290714e-14,-8.016403652000292e-07,-7.407342372811598e-08,0.026565671272601885,0.02006213034997617,0.03283034978892885,0.020830349788928847,0.007636322446930799,0.011793807268285494,0.07778075944691709,0.004874715121424409,0.002759966507440431,0.0076346816288648395,0.42513549813777646,0.44090881290859774,-0.01340022007371261,-0.013194027341998149,-0.013397895667186561,0.00020619273171450583,-0.013397895667186561,-0.013191702935472055,0.9297298103968663,0.4438908595934323,2.044473274332929,2.0809034176892043,1.5022645700226709,1.0164523911098693,-4.346970898113606,0.0055568611623284525,0.00555770489506725,0.006264678516326963,0.014911455428926773,0.054911455428926774,0.003328350460334688
research_sigma_xl_high,123.0,3.53528214325134,2.4784425367764826,1.476000000000001,2.4269182249771752,0.11857761739176764,3.0079945308719713,0.5295519940954887,-1.8488601480932914,1.4393593038110053,-2.849782483533297,-2.1454243557346793,0.03597754993056805,0.3740618640817771,0.24610397040938276,0.4016351422217522,0.14996306764803774,0.6114953291644771,0.10893253396915492,0.05893253396915492,3.029397995032798,4.4853010194856324e-14,-8.465889060893517e-07,-7.853670933033463e-08,0.027055686845067775,0.02011496786442659,0.033562706072303605,0.021562706072303605,0.007899539265227018,0.011784846783424396,0.07855613783257476,0.005039377220342315,0.002858432378322424,0.007897809598664738,0.41937855106520927,0.435029859558773,-0.013878320023652302,-0.013663166807076632,-0.013875885331662258,0.00021515321657560385,-0.013875885331662258,-0.013660732115086654,0.9509182249771742,0.459070262768443,2.0592821432513393,2.095922839440335,1.568635227060966,1.0009223354400059,-4.325782483533298,0.005764384747291684,0.005763627541849569,0.00650701922723583,0.015460513096143047,0.05546051309614305,0.0034720208730118704
research_sigma_xl_high,124.0,3.562592091174654,2.498585202038605,1.488000000000001,2.4608552225414746,0.1266116905615604,3.0869467023315456,0.5883615002929408,-1.8309897375091524,1.451139550210574,-2.815845485968998,-2.123587904634416,0.03618937405945764,0.38283965794817276,0.24759748018904013,0.4006305724792647,0.15373979903314314,0.6077185977793718,0.10965683261001326,0.059656832610013255,3.0093883996597053,-4.884981308350689e-15,7.127705190512756e-07,6.639206179270829e-08,0.027568034508513223,0.020170894075138765,0.034328483962684064,0.022328483962684064,0.008174766029751646,0.011775467892506719,0.07936579815721734,0.005211546983282147,0.0029613940763022453,0.008172941059584393,0.4134974291747242,0.4290235218886588,-0.0143782500404257,-0.014153717932932297,-0.014375699399525469,0.00022453210749328115,-0.014375699399525469,-0.014151167292032188,0.9728552225414735,0.47481188578571837,2.0745920911746527,2.11145254096408,1.6358071521209716,0.9848557484598455,-4.303845485968999,0.005979119320729254,0.005978951903180773,0.0067604494541708415,0.016036776284585386,0.056036776284585386,0.0036200563254278686
research_sigma_xl_high,125.0,3.590426088257106,2.518785396875426,1.500000000000001,2.4955751929025434,0.13492714945127093,3.166726127186406,0.6479407303109799,-1.8129019094518328,1.4629102395960187,-2.781125515607929,-2.1013690985629885,0.03641036072814414,0.39180531170321625,0.24914995546034926,0.39960450321618746,0.15760955699092696,0.603848839821588,0.11041453238542527,0.06041453238542527,2.9887370155956035,4.884981308350689e-14,-5.117538091070628e-07,-4.7867984409588615e-08,0.028104009157127005,0.020230048983381883,0.03512957595311228,0.02312957595311228,0.008462732145139262,0.011765551994828427,0.08021156847631095,0.005391690863558531,0.0030691153563379833,0.008460806219896515,0.40749044115884503,0.42288794373792604,-0.01490129181314459,-0.014666843807973007,-0.014898618234650409,0.0002344480051715732,-0.014898618234650409,-0.014664170229478836,0.9955751929025423,0.49114381533761375,2.0904260882571046,2.127515848661087,1.7038158875903873,0.9682236061560963,-4.28112551560793,0.006203807304886899,0.006204111662833755,0.007025566795985275,0.016641945630686744,0.056641945630686745,0.003772586754738523
research_sigma_xl_high,126.0,3.6188084438408654,2.5390464507156127,1.5120000000000011,2.531114374447699,0.14353715485183893,3.2473698392841674,0.7083233885685547,-1.7945821228993786,1.4746706542002308,-2.7455863340627733,-2.0787452133262736,0.036641195079872395,0.4009612541880919,0.25076408433928177,0.3985566564651406,0.1615741698223557,0.5998842269901592,0.11120758446013708,0.06120758446013708,2.967423504448927,7.061018436615996e-14,1.040546253605612e-07,9.774967280051783e-09,0.028664990987753727,0.020292643922222735,0.03596803274993099,0.02396803274993099,0.008764205956613536,0.01175501285839542,0.08109542847885143,0.005580292782688242,0.0031818782903882932,0.008762171073076535,0.40135595969397836,0.41662146818417767,-0.015448813934922034,-0.015203826793317388,-0.01544601111838978,0.0002449871416045808,-0.01544601111838978,-0.015201023976785199,1.019114374447698,0.5080957770470919,2.1068084438408645,2.1441377896406344,1.7726991850839366,0.9510042111633947,-4.257586334062775,0.006440269816403221,0.006439620836703918,0.007303041762177262,0.01727788352799753,0.05727788352799753,0.003929700932139547
research_sigma_xl_high,127.0,3.6477649035861375,2.5593718924300366,1.5240000000000011,2.5675112584024053,0.152455561364498,3.328916984144109,0.7695450917140723,-1.7760213698190264,1.4864202653128096,-2.709189450108067,-2.0556968345221636,0.03688237922304912,0.4103097412636488,0.25244334484571446,0.39748677405538246,0.1656354207163273,0.5958229760961876,0.11203810193354036,0.062038101933540354,2.945426549583569,-9.325873406851315e-15,7.862055895202502e-07,7.418466296815751e-08,0.02925247474506759,0.020358862441060038,0.036846134677743336,0.024846134677743336,0.009079947587537274,0.011743936017515888,0.0820195319940149,0.005777817780092062,0.0032999782722593334,0.009077796052351397,0.3950924733533553,0.4102224534472047,-0.016022251072690175,-0.015766187090206107,-0.016019312001258904,0.00025606398248411225,-0.016019312001258904,-0.01576324801877479,1.0435112584024042,0.5256995823936088,2.123764903586136,2.161344638273328,1.8424967188312993,0.9331680802890407,-4.2331894501080685,0.00668573136663686,0.006686239502668789,0.007593659932675745,0.017946699454525483,0.057946699454525484,0.00409140247901487
research_sigma_xl_high,128.0,3.677322763552037,2.579765448061387,1.5360000000000011,2.604806643803186,0.16169705002691348,3.4114089032721973,0.8316434552108101,-1.7572106601661048,1.4981585262352626,-2.6718940647072866,-2.0322036466735534,0.03713443175324309,0.41985285012798734,0.2541915064838959,0.3963946182631303,0.16979504471613152,0.5916633520963834,0.11290836208513806,0.06290836208513806,2.9227241800847747,-2.6201263381153694e-14,-9.122174384756931e-07,-8.646827259761736e-08,0.029868071309949146,0.02042889883441727,0.037766215756787735,0.025766215756787735,0.009410868122081584,0.011732160194032115,0.082986141714668,0.005984850668252621,0.003423741426793121,0.009408592095045742,0.3886985904142484,0.40368936561104163,-0.01662318744067398,-0.016355347634706197,-0.016620104013558845,0.00026783980596788506,-0.016620104013558845,-0.01635226420759096,1.0688066438031847,0.5439891759561428,2.1413227635520355,2.1791642373167743,1.9132503770369347,0.9146834045411818,-4.207894064707288,0.006943845374696167,0.006944479512624568,0.00789814444683859,0.018650543336630798,0.0586505433366308,0.00425781874850726
research_sigma_xl_high,129.0,3.7075109906972474,2.6002310563338886,1.5480000000000012,2.643043689915981,0.17127729760866117,3.494889267573445,0.8946582112395562,-1.738133679069634,1.5098845857008738,-2.6336570185944916,-2.0082389135687273,0.03739816353649108,0.4295924878551277,0.25601194459635,0.3952799708343576,0.17405473179601957,0.5874036650164953,0.11382080818226657,0.06382080818226657,2.8992941209093828,-3.907985046680551e-14,-4.820702672603261e-07,-4.590992330744115e-08,0.030513508978214962,0.020503009391127345,0.0387308404167197,0.026730840416719703,0.009757906736584165,0.011719626391417881,0.0839977282987705,0.006201981253643037,0.003553514833811204,0.00975549608745424,0.3821730331370644,0.39702088512642486,-0.017253307288717656,-0.016972933680135527,-0.01725007200879226,0.00028037360858211915,-0.01725007200879226,-0.01696969840021014,1.0950436899159797,0.5630006690668704,2.159510990697246,2.197626404996374,1.985004681872571,0.8955233395248576,-4.181657018594493,0.0072155065183712175,0.007215026943551372,0.00821733143850474,0.01939180989246958,0.05939180989246958,0.0044289982897969885
research_sigma_xl_high,130.0,3.7383603523052273,2.6207729040814347,1.5600000000000012,2.6822683246366252,0.1812128635000818,3.5794043598697383,0.9586314557883036,-1.7187796471293624,1.5215977790180983,-2.5944323838738472,-1.9837789382910047,0.03767420458893922,0.4395303104887196,0.257908902553394,0.39414264224406875,0.17841609061943797,0.583042306193077,0.11477809169640543,0.06477809169640543,2.875113143306727,5.3734794391857577e-14,4.693220123641595e-08,4.491221561320202e-09,0.031190663323199877,0.020581425969582446,0.039742813544051625,0.027742813544051625,0.010122035569198218,0.011706379297966696,0.08505696452702605,0.00642981372832695,0.0036896666294739407,0.010119480357800891,0.3755146919725578,0.3902157603622746,-0.01791439867688671,-0.01762077797485334,-0.01791100305569875,0.0002936207020333044,-0.01791100305569875,-0.017617382353665445,1.122268324636624,0.582772795741082,2.1783603523052264,2.216762573287129,2.05780658085164,0.8756527367444848,-4.154432383873848,0.007498852137322043,0.007498742405655189,0.008552150220851748,0.02017315386387497,0.06017315386387497,0.004604937832530458
research_sigma_xl_high,131.0,3.7699035640917247,2.641395427639613,1.5720000000000012,2.722529317004084,0.1915213687470576,3.665003196627497,1.0236077689878837,-1.69913597479499,1.5332973442968072,-2.5541713915063884,-1.958797502836545,0.03796327724516909,0.449667719801673,0.25988681521787876,0.3929824720671419,0.18288064573568652,0.5785777510768284,0.115783076167501,0.065783076167501,2.8501574748506058,4.75175454539567e-14,-2.6260693353208353e-07,-2.5255652569278197e-08,0.03190155992926638,0.02066440758109624,0.04080507610330497,0.02880507610330497,0.010504372169412801,0.01169228286799795,0.08616669834880542,0.006669061430218583,0.0038326003122890677,0.010501661742507652,0.36872262773287906,0.3832729240075441,-0.018608421065894165,-0.018300703933892104,-0.018604855884898394,0.00030771713200205067,-0.018604855884898394,-0.018297138752896343,1.150529317004083,0.6033469767946203,2.1979035640917237,2.2366062197949175,2.1317058523306898,0.8550354167113985,-4.126171391506389,0.007796607208818251,0.007796331764479369,0.00890351617403859,0.020997364543289432,0.06099736454328943,0.004785711624211562
research_sigma_xl_high,132.0,3.8021754479190344,2.6621033407999843,1.5840000000000012,2.763878476843235,0.2022216078389074,3.751737756567349,1.0896344157673648,-1.6791864327117259,1.5449823447540942,-2.5128222316672373,-1.9332644236958925,0.0382662706490127,0.46000584181221815,0.26195015838642793,0.39179933143704615,0.18744982655715883,0.5740085702553561,0.11683885565889232,0.06683885565889232,2.8244028764148936,-6.217248937900877e-14,5.978208790224926e-07,5.778903056086193e-08,0.03264838744627917,0.020752254592142555,0.04192084567246268,0.02992084567246268,0.010906080727075662,0.01167730525512578,0.08733001590137146,0.006920457123080618,0.003982745501287607,0.010903202624368225,0.3617960859858138,0.3761915330035964,-0.01933745969026124,-0.019014764945386953,-0.019333716025668,0.0003226947448742197,-0.019333716025668,-0.01901102128079378,1.179878476843234,0.6247675248276608,2.218175447919033,2.25719310316494,2.206755411813255,0.8336357989555114,-4.096822231667239,0.008108739886473648,0.008108684218311357,0.009272458226183514,0.021867534378314568,0.06186753437831457,0.004971321280577749
research_sigma_xl_high,133.0,3.8352131081224727,2.6829016498627243,1.5960000000000012,2.8063710083490094,0.21333353020120893,3.83966322843024,1.1567615785675156,-1.6589184950220426,1.5566519548070588,-2.470329700161463,-1.9071508347980295,0.03858396532046259,0.4705454518132735,0.2641041998832893,0.3905931316258143,0.19212493224557128,0.5693334645669437,0.11794879088109447,0.06794879088109447,2.7978243569506094,-9.50350909079134e-14,-1.5127060892794475e-07,-1.4699961525810323e-08,0.03343352314251237,0.0208452603831189,0.04309358519194495,0.03109358519194495,0.011328435416721572,0.011661373777163142,0.08855026480235839,0.007184809290565246,0.0041405677228753554,0.0113253770134406,0.3547345472851067,0.36897090800378435,-0.020103775998060347,-0.019765149775223312,-0.020099843314928915,0.0003386262228368582,-0.020099843314928915,-0.019761217092092057,1.2103710083490082,0.6470820455512495,2.2392131081224713,2.278561153315414,2.283011273623181,0.8114112051394204,-4.0663297001614644,0.008436131162416816,0.008436714358501806,0.00966006204943258,0.02278701635048752,0.06278701635048753,0.005161774530606948
research_sigma_xl_high,134.0,3.869056120086215,2.7037956979416276,1.6080000000000012,2.850065647227125,0.22487847867235056,3.928838286172066,1.2250425882304383,-1.6383141703868922,1.5683050923084205,-2.4266350612833474,-1.8804223087468839,0.038917386659460165,0.48128698670384223,0.26635414040356953,0.38936382263278246,0.1969071346708782,0.5645512621416368,0.11911652093984965,0.06911652093984964,2.7703965612514856,-3.108624468950438e-14,-5.685712909375695e-07,-5.5552151434490327e-08,0.034259541214877134,0.020943776180566438,0.04432700859074634,0.032327008590746345,0.011772843342917505,0.011644337912948277,0.08983105914255995,0.007463017089636524,0.004306573222742079,0.011769590312378602,0.3475377189084256,0.361610660815568,-0.02090982733488056,-0.020554165247828993,-0.02090569525602952,0.0003556620870517231,-0.02090569525602952,-0.020550033168977796,1.2420656472271239,0.6703415575286359,2.261056120086214,2.3007510277777943,2.3605331938636454,0.7883208908964552,-4.034635061283349,0.008781491538436326,0.008781321904911335,0.010067467375869207,0.023759432377001344,0.06375943237700135,0.005357088562848299
research_sigma_xl_high,135.0,3.9037467470509877,2.7247911716114115,1.6200000000000012,2.895025025530502,0.23687921688704394,4.01932534671536,1.2945341751039483,-1.61735551194517,1.5799406306329553,-2.3816756829799703,-1.8530427659826936,0.03926760061531938,0.49223046795010983,0.26870569122390975,0.38811140200126526,0.2017974413205811,0.5596609554919338,0.12034600068081559,0.07034600068081559,2.7420936145209636,4.440892098500626e-14,1.8799644108113966e-07,1.8470926455016468e-08,0.03512923920546142,0.021048175904472728,0.045625188967775454,0.03362518896777546,0.012240771275310425,0.011626189090947814,0.09117631442239893,0.00775600653778949,0.004481300586656862,0.012237307124446352,0.34020558647342636,0.35411066254382334,-0.021758228601517104,-0.02138441769246502,-0.021753886342994484,0.0003738109090521864,-0.021753886342994484,-0.021380075433942297,1.275025025530501,0.6946009103052522,2.2837467470509862,2.3238061164180324,2.4393847160824045,0.7643201710348004,-4.001675682979972,0.00914385876868229,0.009143646417154608,0.010495949762314036,0.024788809667126432,0.06478880966712644,0.005557191013689157
research_sigma_xl_high,136.0,3.939330172106886,2.745894139564163,1.6320000000000012,2.941316025162676,0.2493600212229714,4.111190915016864,1.3652967754527006,-1.5960264528495276,1.5915574704903162,-2.3353846833477965,-1.824975622391813,0.039635644464136116,0.503375447957976,0.27116530704433633,0.38683592095592056,0.20679666778356182,0.554661729028953,0.12164153811190244,0.07164153811190244,2.712889076562162,4.263256414560601e-14,-1.4386823554701778e-07,-1.421667683576544e-08,0.036045664472995884,0.02115884617341065,0.04699250396252386,0.03499250396252386,0.012733856911796293,0.011606801763235808,0.09259030042627003,0.008064824694220825,0.004665339784912251,0.012730164479133076,0.3327384498681561,0.34647105335609296,-0.022651845287491867,-0.022258647050727554,-0.022647280509282778,0.00039319823676419244,-0.022647280509282778,-0.022254082272518586,1.3093160251626748,0.7199191768628888,2.3073301721068846,2.34777270161657,2.519633444526548,0.7393582304982689,-3.967384683347798,0.00952501465386102,0.009524790138931274,0.010946839489527974,0.02587950168486919,0.0658795016848692,0.005762036427033247
research_sigma_xl_high,137.0,3.975854755320327,2.7671111004666913,1.6440000000000012,2.98901003345555,0.26234693071063653,4.2045059475679,1.4373948471012086,-1.5743054826374479,1.603154234159427,-2.2876906750549226,-1.79617826836135,0.040022820196272284,0.5147210030467585,0.27373950736522484,0.385537485206871,0.21190543050580007,0.5495529663067149,0.1230078202470619,0.0730078202470619,2.6827562616522527,-7.549516567451064e-15,6.370263005983645e-07,6.332238122741529e-08,0.03701213247399428,0.021276239844727898,0.04843371721864109,0.036433717218641096,0.013253864648549496,0.011586082423741817,0.09407766071883827,0.008390596516583313,0.004859328040072346,0.013249924556655659,0.3251369279586718,0.338692351025623,-0.02359377014634989,-0.023179852570091697,-0.023588971068312366,0.0004139175762581833,-0.023588971068312366,-0.023175053492054183,1.3450100334555486,0.7463599136749905,2.331854755320326,2.3727005211609002,2.601351713408473,0.7133851924174748,-3.9316906750549236,0.009925819362218258,0.009925987921542104,0.011421584744646815,0.027036294684477435,0.06703629468447744,0.0059715255625844635
research_sigma_xl_high,138.0,4.013372324823468,2.788449004681972,1.6560000000000012,3.038183459599958,0.2758677505200704,4.29934623645454,1.5108972317725682,-1.552174814125091,1.6147296353377998,-2.2385172489105143,-1.76660850739654,0.04043033885351249,0.5262656261773323,0.27643584914724995,0.384216267226372,0.2171240938509998,0.5443343029615151,0.12444997018469758,0.07444997018469758,2.6516679715571114,5.639932965095795e-14,-4.809868832111874e-07,-4.810327725035535e-08,0.03803226713835044,0.021400816506155794,0.049953991056374214,0.03795399105637422,0.013802731259915713,0.011563889970265917,0.09564344682445425,0.008734564465467892,0.005063958450631054,0.013798522916098946,0.3174020304611873,0.3307753916291575,-0.024587369826192473,-0.02415125979645838,-0.024582322575878907,0.0004361100297340832,-0.024582322575878907,-0.024146212546144824,1.382183459599957,0.7739917662318436,2.3573723248234666,2.3986426894856683,2.6846166011167405,0.6863424347854232,-3.8945172489105158,0.01034803914018756,0.010348528536542792,0.011921723918023777,0.028264419485273418,0.06826441948527343,0.006185550699424162
research_sigma_xl_high,139.0,4.051938493295523,2.809915309393206,1.6680000000000013,3.0889180155682983,0.28995239323046795,4.395792841216808,1.5858775318236025,-1.5296094043570727,1.6262820140999588,-2.187782692942174,-1.7362163737943819,0.04085976649539331,0.538007231971437,0.27926188428402837,0.38287250567438,0.2224527668470571,0.5390056299654579,0.12597357676348211,0.07597357676348211,2.6195969700819206,-3.68594044175552e-14,-3.4176640983929474e-07,-3.439446438768812e-08,0.039110021846995593,0.021533122461550463,0.05155893343810947,0.03955893343810947,0.014382582644189568,0.011540036514513186,0.09729317713338492,0.009098095159719195,0.005279987123525895,0.014378082283245091,0.3095351545791372,0.32272147884791086,-0.025636314279406713,-0.025176350793919777,-0.02563100545400921,0.0004599634854868147,-0.02563100545400921,-0.025171041968522396,1.420918015568297,0.8028887526455374,2.3839384932955223,2.4256564791955646,2.7695108271168496,0.6581732885851015,-3.8557826929421752,0.010794347122423442,0.010793768149730334,0.012448911591113873,0.029569606214989774,0.06956960621498978,0.006403970548492337
research_sigma_xl_high,140.0,4.091613015444202,2.831518019080048,1.6800000000000013,3.141301326476177,0.30463291580844953,4.49393259072131,1.662414571641262,-1.5065861198802442,1.6378097083668262,-2.1353993820342954,-1.7049504842181218,0.04131266696439246,0.5499430441645982,0.28222615160107456,0.38150651827894044,0.22789124604953334,0.5335671507629816,0.12758476477824127,0.07758476477824126,2.5865157221050845,2.6201263381153694e-14,6.769585030319547e-07,6.856727730042422e-08,0.0402497291005601,0.02167373223419521,0.05325471207833887,0.041254712078338876,0.01499567918902256,0.011514478537496209,0.09903289662723447,0.009482632685811085,0.005508227735853655,0.01499086042166474,0.3015381604097192,0.31453232980029316,-0.026744554351820105,-0.026259032889316303,-0.026738969591522607,0.0004855214625037914,-0.026738969591522607,-0.026253448129018815,1.4613013264761758,0.8331309786618232,2.4116130154442006,2.4538033070773757,2.8561228823544837,0.6288132621540512,-3.815399382034297,0.01126374611562131,0.011263353700293757,0.013004982977778773,0.030958229474178034,0.07095822947417804,0.006626535304063229
research_sigma_xl_high,141.0,4.132460183658685,2.853265743816179,1.6920000000000013,3.195427439724976,0.31994375160851307,4.593858634471277,1.7405928906550985,-1.48308191212583,1.6493109711749512,-2.0812732687854965,-1.672756379966753,0.04179068078121405,0.5620695408804915,0.2853380763547504,0.38011870809923265,0.23343898340317787,0.528019413409337,0.12929025434734154,0.07929025434734153,2.5523965566147524,-3.552713678800501e-15,4.430642452923905e-07,4.517488555455529e-08,0.041456142514126076,0.021823266568324173,0.05504800801820453,0.043048008018204534,0.015644557653328284,0.011487006251745924,0.10086922314943925,0.00988981496658545,0.005749576918111554,0.015639391884697006,0.2934134076100706,0.3062101377278258,-0.027916444113130323,-0.027403450364876347,-0.027910567563648334,0.0005129937482540765,-0.027910567563648334,-0.027397573815394257,1.5034274397249747,0.8648052115938935,2.4404601836586837,2.4831492124837338,2.9445476632963263,0.5981913566596664,-3.7732732687854975,0.011758887355261649,0.011758892711547966,0.013591865504078454,0.03243723889704042,0.07243723889704043,0.006853015450301113
research_sigma_xl_high,142.0,4.1745492713781385,2.875167759259393,1.7040000000000013,3.251397342512586,0.3359220311151061,4.695671037020189,1.8205032777607957,-1.4590683451697208,1.660783720870318,-2.0253033659978863,-1.6395722736043346,0.0422957637723931,0.5743824151110272,0.28860749271514136,0.37870956804840467,0.23909506018909574,0.5223633366234192,0.13109742192094864,0.08109742192094864,2.517211972322301,9.903189379656396e-14,6.662459304251911e-07,6.839453980944654e-08,0.042734479972684244,0.021982437012018994,0.05694613620879041,0.04494613620879041,0.016331998012434013,0.011457395614909105,0.10280943474948279,0.010321437838065797,0.006005015001037387,0.016326452839103184,0.28516378187561175,0.2977576699450247,-0.029156742581447292,-0.028614138196356387,-0.029150558257463054,0.0005426043850908953,-0.029150558257463054,-0.02860795387237216,1.5473973425125849,0.898005456455904,2.470549271378137,2.5137655505078205,3.0348873161498706,0.5662350208281655,-3.729303365997888,0.012282407821940344,0.012282140183922388,0.014211656236106165,0.034014307634878116,0.07401430763487812,0.007083114286070523
research_sigma_xl_high,143.0,4.217955029680357,2.897234081960323,1.7160000000000013,3.309319712142557,0.3526077476333811,4.799477503970243,1.9022434220099198,-1.4345170964819494,1.6722257624047694,-1.9673809963679156,-1.6053325744458835,0.04282997391109454,0.5868764736684051,0.29204530476044294,0.37727969245794923,0.2448581317752126,0.5166002650373023,0.13301439253591407,0.08301439253591407,2.4809345342903364,6.661338147750939e-14,9.783402812324482e-07,1.0113828619040532e-07,0.04409048888954098,0.02215201512328444,0.05895714074208991,0.04695714074208991,0.017061021116184127,0.011425486323163758,0.10486154336220599,0.010779450846904483,0.0062756095976232934,0.017055060444527776,0.27679276264216857,0.28917825997244406,-0.030470633302741912,-0.02989611962590555,-0.03046412426030726,0.000574513676836242,-0.03046412426030726,-0.02988961058347102,1.5933197121425555,0.9328338268636497,2.5019550296803557,2.545729267275587,3.1272517415654733,0.5328638998859663,-3.6833809963679167,0.012835100886151807,0.012835098509721657,0.014866651852548929,0.035697951701115116,0.07569795170111512,0.007316440834798953
research_sigma_xl_high,144.0,4.262758247999129,2.9194755356827815,1.7280000000000013,3.369311623996766,0.37004407334747436,4.905394123744601,1.985918588061819,-1.4093981433974172,1.6836346935166455,-1.9073890845137065,-1.5699661260793487,0.04339556016747436,0.5995455655215224,0.2956634089183499,0.3758297852792036,0.2507263845255551,0.5107320122869599,0.13505012832720967,0.08505012832720966,2.443537107942993,-8.126832540256146e-14,6.709987907527193e-07,6.986658940277835e-08,0.045530508816717066,0.022332853859966157,0.061089832670109256,0.04908983267010926,0.017834984818719368,0.011391020277140784,0.10703438652492903,0.011266031218060173,0.0065625369765082925,0.017828568194568465,0.26830447110058,0.2804758789824899,-0.03186382757424899,-0.031254847851389655,-0.03185697561411794,0.000608979722859216,-0.03185697561411794,-0.031247995891258724,1.6413116239967647,0.9694013598581342,2.534758247999127,2.579123554482483,3.221759430227955,0.4979909411162893,-3.635389084513708,0.013419569471476711,0.013419863032670523,0.01555932385339219,0.03749756440611057,0.07749756440611058,0.007552563921099091
research_sigma_xl_high,145.0,4.309046381376601,2.94190385265454,1.7400000000000013,3.4314993774827753,0.38827771727081983,5.013546277020101,2.071642424365561,-1.383677957538996,1.695007802959051,-1.8452013310276971,-1.5333944074553,0.0439950585285943,0.6123825156247997,0.29947462597987645,0.37436066765627296,0.2566974941037068,0.5047609027088081,0.1372145350895942,0.08721453508959419,2.404993026318434,-4.1744385725905886e-14,3.912178936360533e-07,4.103671613631121e-08,0.04706154682355232,0.02252591048975726,0.06335392299714426,0.051353922997144266,0.01865759345895457,0.011353717975859157,0.10933776313634125,0.011783583519738744,0.006867091949829343,0.018650675469568088,0.25970371453138413,0.2716552009989291,-0.03334261156233065,-0.032696329538189906,-0.033335397814705556,0.0006462820241408436,-0.033335397814705556,-0.032689115790564716,1.691499377482774,1.0078289556758708,2.5690463813766,2.61403857841755,3.31853847406105,0.4615233734887012,-3.5852013310276982,0.014038395099882806,0.014038736079235128,0.016292376173591944,0.039423572333960155,0.07942357233396016,0.007790962755634033
research_sigma_xl_high,146.0,4.356914262600024,2.96453177731483,1.7520000000000013,3.4960194699910545,0.4073592602653835,5.124069650017283,2.1595378727024532,-1.3573213531976516,1.7063421294683638,-1.780681238519418,-1.4955322254147552,0.04463123390906267,0.6253790310612712,0.303493030940497,0.3728732886674323,0.26276856970747975,0.4986898271050352,0.13951859109102635,0.08951859109102635,2.3652761787473726,3.064215547965432e-14,-1.0959913865349336e-08,-1.1583807801862633e-09,0.048691368615544475,0.022732245707620346,0.0657601238915293,0.0537601238915293,0.019532941873563803,0.01131327450378905,0.11178252363510754,0.01233477105687929,0.007190700280377037,0.01952547133725633,0.25099604918894824,0.26272164016408406,-0.034913907514176445,-0.03422718201796571,-0.034906312040665244,0.0006867254962109499,-0.034906312040665244,-0.0342195865444543,1.7440194699910532,1.0482485045260546,2.6049142626000226,2.6505721331316603,3.4177275205489193,0.4233598853217664,-3.5326812385194195,0.01469413387878915,0.014694240144401696,0.017068755275984823,0.04148755948537375,0.08148755948537376,0.008031031605652598
research_sigma_xl_high,147.0,4.406464911751716,2.9873731658758214,1.7640000000000013,3.563019625265834,0.42734360101794744,5.237111324290316,2.2497381584144946,-1.3302896897814176,1.717634351966629,-1.7136810832446385,-1.456285762156704,0.04530718318849768,0.6385256179829821,0.3077339139816802,0.37136873483083654,0.2689361019406406,0.4925222948718743,0.14197448636535687,0.09197448636535686,2.3243612880611426,-4.75175454539567e-14,1.7868666857268067e-07,1.903314539308809e-08,0.050428597065923494,0.022953050676044136,0.0683202913986487,0.056320291398648706,0.020465568410996005,0.011269357322262197,0.11438074374919704,0.012922549115408228,0.007534937732391205,0.020457486847799432,0.24218783595140195,0.2536814268282279,-0.03658536566539039,-0.035854722987652576,-0.036577367632967026,0.0007306426777378035,-0.036577367632967026,-0.035846724955229226,1.7990196252658326,1.0908040746466183,2.6424649117517145,2.6888305597850866,3.519476972323687,0.38339139346322093,-3.47768108324464,0.01538931429247703,0.015389154576656697,0.017891694332725208,0.04370242756661891,0.08370242756661891,0.008272058798737957
research_sigma_xl_high,148.0,4.457810450480462,3.010443139875876,1.7760000000000014,3.632660052788352,0.4482903970873755,5.352831137515677,2.342387997639801,-1.3025427246126975,1.7288808441128882,-1.6440406557221205,-1.4155530359738042,0.04602628076701493,0.6518114880924865,0.312214154384885,0.36984824080719325,0.27519590444198977,0.48626249237052516,0.14459579900355243,0.09459579900355243,2.2822239807388356,-1.2878587085651816e-14,3.084717268286852e-07,3.3120064912850466e-08,0.05228283691890452,0.023189650746113084,0.07104758287384816,0.05904758287384816,0.02146051701492513,0.011221601204188358,0.11714590138016323,0.013550207785856335,0.007901550666060344,0.02145175845191668,0.23328630297803404,0.24454164540884954,-0.03836546465473467,-0.03758706585892291,-0.03835704206825412,0.0007783987958116419,-0.03835704206825412,-0.03757864327244248,1.8566600527883506,1.1356533596592924,2.6818104504804605,2.728929606367574,3.623950293402789,0.34149793110942306,-3.420040655722122,0.016126432136805535,0.016126548843997904,0.018764745954943637,0.04608257519200665,0.08608257519200666,0.008513223811545782
research_sigma_xl_high,149.0,4.511073152317971,3.0337582236157643,1.7880000000000014,3.7051147910135303,0.4702646350477977,5.4714031270506425,2.437644903434878,-1.2740368255078065,1.7400775543750058,-1.5715859174969422,-1.3732217122877883,0.04679229036087091,0.6652244711866804,0.3169522247269905,0.3683131994086355,0.2815430569789483,0.4799153398335666,0.14739768781342033,0.09739768781342033,2.238841089676537,-7.37188088351104e-14,-5.472771613668215e-08,-5.9240977678953755e-09,0.054264811071539354,0.023443538353529227,0.0739566204295834,0.0619566204295834,0.022523445497771077,0.011169514305170991,0.12009308057018897,0.01422144793290156,0.008292486713496257,0.022513934646397817,0.22429960430492413,0.23531031278569997,-0.04026366062664133,-0.03943317493181242,-0.04025478987134107,0.0008304856948290092,-0.04025478987134107,-0.03942430417651206,1.9171147910135289,1.1829692250306316,2.72307315231797,2.7709955979429655,3.7313255726756367,0.2975490919891357,-3.3595859174969434,0.016909763938959932,0.016909729434041246,0.019691809358044043,0.04864407465176512,0.08864407465176513,0.008753613161655203
research_sigma_xl_high,150.0,4.5663866391434285,3.0573365423116967,1.8000000000000014,3.7805732936475187,0.49333728808291766,5.593017298656055,2.5356807563443584,-1.2447231967347776,1.7512198727232302,-1.4961274148629538,-1.329166792557573,0.047609488625685044,0.6787509391638588,0.3219682194556389,0.3667651702956918,0.2879718526999521,0.4734865441125628,0.15039712700375193,0.10039712700375193,2.194190850412771,5.773159728050814e-15,3.7748156422878765e-07,4.1202995626488104e-08,0.05638652658241197,0.02371640989796606,0.07706373569095182,0.06506373569095182,0.023660657995160927,0.011112602099515034,0.12323920805579025,0.014940395079355991,0.00870991336344667,0.02365030844280266,0.2152368707602146,0.22599644598477184,-0.042290475596275856,-0.04140307769579099,-0.0422811328322654,0.0008873979004849659,-0.0422811328322654,-0.04139373493178043,1.9805732936475173,1.2329415089628226,2.766386639143427,2.815166766420198,3.8417974259328247,0.25140421812817615,-3.296127414862955,0.017742629870511006,0.017742419700629966,0.020677209108539846,0.05140495913984788,0.09140495913984789,0.008992167863904048
research_sigma_xl_high,151.0,4.623897265743231,3.0811980009704034,1.8120000000000014,3.859242262395434,0.5175859510381196,5.717881543162223,2.6366835421918196,-1.2145515657667845,1.7623027585740358,-1.4174584461150386,-1.2832518299260185,0.048482539034589975,0.6923756816701692,0.32728450758248845,0.3652058942088584,0.2944757211506268,0.4669826756618881,0.1536131841151013,0.1036131841151013,2.148253106665202,-1.4654943925052066e-14,3.6561204597163055e-07,4.024828359483479e-08,0.05866147127173832,0.02401016859210891,0.08038722309822588,0.06838722309822588,0.024879224665594446,0.011050315734566496,0.12660335668480016,0.0157116813272667,0.009156255440209817,0.02486793676747652,0.20610829328098665,0.2166101009558659,-0.04445768269806494,-0.04350799843263131,-0.04444784194276612,0.0009496842654335043,-0.04444784194276612,-0.043498157677332616,2.0472422623954323,1.2857791433103274,2.81189726574323,2.8615945071691957,3.9555787845881873,0.2029068803482541,-3.22945844611504,0.01862829577607039,0.01862877376703699,0.02172575182648756,0.054385496239844344,0.09438549623984435,0.009227687875256962
research_sigma_xl_high,152.0,4.683765707156762,3.105364555796775,1.8240000000000014,3.9413477398439705,0.5430957374141065,5.8462240120256554,2.7408594562288804,-1.1834666051826368,1.7733205041923632,-1.335352968666502,-1.2353249459195474,0.04941671235683245,0.7060818440850508,0.33292563379717466,0.36363730006582196,0.3010471796132179,0.460411217199297,0.15706734888383286,0.10706734888383286,2.101009550012003,4.796163466380676e-14,-5.785003689418033e-07,-6.423846476977246e-08,0.06110484635017001,0.024326985183332286,0.08394762858062488,0.07194762858062488,0.02618716092650386,0.010981903082860622,0.13020711419082565,0.0165405712782121,0.00963424884757307,0.02617482012578517,0.19692516446301594,0.2071624517524005,-0.046778564571260506,-0.04576046765412112,-0.04676819828918968,0.001018096917139378,-0.04676819828918968,-0.04575010137205031,2.117347739843969,1.3417125014425113,2.85976570715676,2.9104452029643983,4.072903507833292,0.1518863634838652,-3.1593529686665036,0.019572685248387955,0.01957330672761716,0.02284278223045487,0.057608485524566766,0.09760848552456677,0.009458863359266101
research_sigma_xl_high,153.0,4.746168809029101,3.129860487175896,1.8360000000000014,4.027137519556684,0.5699602728911273,5.978295771543874,2.8484352843679783,-1.1514061952700085,1.784266564739757,-1.2495631889537888,-1.185215893052768,0.05041804182366377,0.7198508433504768,0.33891844612405625,0.36206151459433433,0.30767777300574695,0.453780623806768,0.160783922129354,0.11078392212935399,2.0524440231934893,-2.6645352591003757e-15,-8.773464124089969e-07,-9.828593772187588e-08,0.0637338415062427,0.024669353724374232,0.08776813921596816,0.07576813921596816,0.027593518318479116,0.010906528250930303,0.13407497459323325,0.01743301337425309,0.010146977474764993,0.027579990849018084,0.18769993495518053,0.19766586058106725,-0.049268092646558626,-0.04817462089748892,-0.04925717220759707,0.0010934717490696973,-0.04925717220759707,-0.04816370045852737,2.1911375195566825,1.400996114359461,2.9101688090291002,2.9619022442893446,4.194029206804117,0.09815699368378028,-3.08556318895379,0.02058163811421143,0.020581102579009927,0.024034297709725455,0.06109969693882045,0.10109969693882045,0.009684225190533552
research_sigma_xl_high,154.0,4.811301740830068,3.15471273711136,1.8480000000000014,4.116884018275907,0.5982827740510648,6.114373961212122,2.959661224100762,-1.118303328954214,1.7951335606942238,-1.1598166902345657,-1.1327351940755,0.05149331276565255,0.7336622708119124,0.34529268041093597,0.3604808734515256,0.31435800658952323,0.4471003902229917,0.16479049369241877,0.11479049369241877,2.0025426989492767,-5.1958437552457326e-14,4.925700340940864e-07,5.567657912486368e-08,0.06656797298594638,0.0250401305640458,0.09187506286292901,0.07987506286292902,0.02910849849682917,0.010823406523961299,0.13823486107060567,0.01839570693245508,0.010697920709138225,0.029093627641593303,0.1784462785560187,0.18813391719602077,-0.051943157842138654,-0.05076656436609983,-0.05193165392785549,0.0011765934760387016,-0.05193165392785549,-0.05075506045181678,2.268884018275905,1.4639118953201522,2.963301740830066,3.016168180135844,4.319240400517899,0.04151336128035177,-3.0078166902345673,0.021658184355992427,0.021658065869270673,0.02530708987698263,0.06488839534840118,0.10488839534840119,0.00990209834401759
research_sigma_xl_high,155.0,4.879380518933678,3.179951302275205,1.8600000000000014,4.210887645282542,0.6281772698847856,6.254765493685086,3.0748141914098808,-1.0840898265580237,1.8059133777876797,-1.0658130632279308,-1.077673943549867,0.052649958608909586,0.7474937886120253,0.3520818210123207,0.3588979330810682,0.3210772746351125,0.44038112217740244,0.16911852167568492,0.11911852167568492,1.9512942564199691,1.021405182655144e-14,-6.403729688742033e-07,-7.304101229399507e-08,0.06962949333054498,0.025442571780584445,0.09629829030123371,0.08429829030123372,0.03074384766633964,0.010731345103946466,0.14271873898759457,0.01943638891477751,0.011291061090689912,0.03072745000546742,0.16917916162994304,0.17858146855783114,-0.05482309753094783,-0.053554442634894284,-0.05481097616839766,0.0012686548960535345,-0.05481097616839766,-0.05354232127234412,2.3508876452825405,1.5307729050562633,3.0193805189336764,3.073467141145998,4.448852115897406,-0.01827676333009287,-2.925813063227932,0.022810667918887972,0.022810594968554435,0.026668796970688732,0.06900777996226948,0.10900777996226949,0.010110741713415444
research_sigma_xl_high,156.0,4.95064497391653,3.2056097163858523,1.8720000000000014,4.309480598878374,0.6597704693837441,6.399811439187311,3.1942017228014588,-1.048681993116438,1.8165962509021167,-0.9672201096320983,-1.0197913911880605,0.05389691743669513,0.7613211398535094,0.3593219543110187,0.3573154695500984,0.3278238439231548,0.43363455288936015,0.17380400901976645,0.12380400901976645,1.8986903803954813,9.325873406851315e-14,6.38470701197491e-07,7.349106695420105e-08,0.07294386996667747,0.025880519141390834,0.10107204423052485,0.08907204423052485,0.03251297909610984,0.010629062156677138,0.1475634139503046,0.02056388657730011,0.011930949699600514,0.03249483627690063,0.1599148362981487,0.1690247492534183,-0.05793000297773776,-0.056559065134415,-0.057917231551458837,0.001370937843322862,-0.057917231551458837,-0.05654629370813598,2.4374805988783725,1.6019274552446912,3.0786449739165285,3.1340487230144136,4.583215188285195,-0.08146188348433969,-2.8392201096321,0.024046390037536725,0.024046086038305173,0.02812817426384738,0.07349579594771916,0.11349579594771916,0.010308213072047295
research_sigma_xl_high,157.0,5.025362270414889,3.2317256329690363,1.8840000000000015,4.413031733743591,0.6932032280770053,6.549892321585695,3.3181666886166585,-1.0119970464829502,1.827171502101034,-0.8636689747668811,-0.958821835604836,0.055243916873504384,0.77511799509244,0.36705422342846755,0.35573649611719854,0.3345847577453908,0.4268736390671241,0.1788883946458574,0.12888839464585738,1.8447255935931222,-2.886579864025407e-14,-3.237450574289369e-08,-3.760710354239194e-09,0.0765404155745724,0.026358380189935596,0.10623568947664763,0.09423568947664764,0.03443132050405495,0.010515094957753934,0.15281145101686677,0.021788355803550097,0.012622817800447163,0.03441117360399726,0.1506709432880652,0.1594813158433948,-0.061289274014838746,-0.05980436897259267,-0.06127581456527751,0.001484905042246066,-0.06127581456527751,-0.05979090952303144,2.52903173374359,1.6777644969517016,3.141362270414888,3.198190768313855,4.72272081948466,-0.1483280717160691,-2.7476689747668823,0.025372471056386736,0.02537304846853773,0.029695273902075228,0.07839596453029674,0.11839596453029674,0.010492430115560641
research_sigma_xl_high,158.0,5.103831103571426,3.2583415072352384,1.8960000000000015,4.5219519778316695,0.728633110391854,6.705434341221045,3.4470928339858062,-0.9739370510036645,1.8376264408176246,-0.754748730678803,-0.89445974628797,0.056702495832707596,0.7888559886406648,0.37532362818575643,0.3541642590777906,0.34134583257613144,0.4201125642363835,0.18441958756537583,0.1344195875653758,1.7893977768658478,-1.5987211554602254e-14,-5.163536007657399e-07,-6.053105083836385e-08,0.08045301958694902,0.026881374321996415,0.11183471742531337,0.09983471742531337,0.036516841901387265,0.010387457249703802,0.1585123596343978,0.023121635571290922,0.013372743644707677,0.0364943792159986,0.1414664876107546,0.14997017058328369,-0.0649304182742223,-0.06331787552392598,-0.06491623128498876,0.0016125427502961982,-0.06491623128498876,-0.06330368853469256,2.625951977831668,1.7587193843052846,3.207831103571424,3.2662046627538013,4.86780790040342,-0.21918832032486146,-2.6507487306788047,0.026801229832711382,0.026801033622538842,0.03138169783836435,0.08375835010039834,0.12375835010039835,0.010661237464977463
research_sigma_xl_high,159.0,5.186386734834889,3.2855054649793742,1.9080000000000015,4.636701168594218,0.7662369118797798,6.86691704085449,3.581411575875116,-0.9343945868175274,1.8479464166004416,-0.6399995399162544,-0.8263578769269159,0.05828592800908185,0.8025046567730915,0.38418043421201603,0.3526022448359684,0.3480916079133889,0.41336678889912604,0.1904533129627938,0.14045331296279379,1.7327081102782784,2.9753977059954195e-14,3.6004583936488643e-07,4.259087060809463e-08,0.08472110036862089,0.02745565337279341,0.11792211514657902,0.10592211514657902,0.038790369373628786,0.010244045013211633,0.16472407017970436,0.024577428267285057,0.01418778530686342,0.03876521357414848,0.1323218799620287,0.14051173694610014,-0.06888770075973849,-0.06713174577295022,-0.06887274420807488,0.0017559549867883668,-0.06887274420807488,-0.06711678922128651,2.728701168594217,1.8452811971524983,3.2783867348348874,3.338440318234447,5.018970624254049,-0.29439504690127305,-2.5479995399162556,0.028342006438992984,0.028341376399321452,0.03320101477795813,0.08964099318878316,0.12964099318878317,0.01081231977401062
research_sigma_xl_high,160.0,5.273407090671316,3.3132723200307925,1.9200000000000015,4.7577962081248275,0.8062138491391115,7.034882481580453,3.721610161549661,-0.8932530381256785,1.8581145308440479,-0.518904500385645,-0.7541205183025146,0.06000946146397714,0.8160314135096857,0.39368108926846745,0.35105418267611377,0.3548053156433238,0.40665308116919113,0.19705478212122612,0.14705478212122614,1.6746612106931122,6.261657858885883e-14,7.437257423248411e-07,8.876228391185847e-08,0.08939078647299052,0.028088507601015836,0.1245599470811749,0.11255994708117491,0.04127637577012666,0.010082201759500586,0.171514802285202,0.02617183295545168,0.01507623282103761,0.04124806577648929,0.1232589529485106,0.13112786554264555,-0.07320136955154766,-0.07128357131104834,-0.07318559621862919,0.0019177982404994139,-0.07318559621862919,-0.07126779797812978,2.837796208124826,1.938001370682851,3.3534070906713147,3.4152925598272685,5.176767950736405,-0.3743485377400335,-2.4389045003856467,0.030007403175516423,0.030007195540921586,0.03516916060818438,0.09611145399458243,0.13611145399458244,0.010943328126643698
research_sigma_xl_high,161.0,5.365320190732724,3.3417048902251256,1.9320000000000015,4.885821062756568,0.8487896634200331,7.209946645424894,3.8682417551997688,-0.8503797804664945,1.8681108201194427,-0.39087964575390455,-0.6772907254963836,0.061891044883107135,0.8294015982919497,0.40388843722960693,0.34952403930658804,0.36146888697125756,0.39998950984125736,0.20430082223985466,0.15430082223985464,1.6152651584170872,-5.728750807065808e-14,7.753150290668032e-07,9.33334149966214e-08,0.09451642321257046,0.02878868758260557,0.13182148423189766,0.11982148423189766,0.044003806853534444,0.009898616998673448,0.17896551343537137,0.027923876050586015,0.016047898305171383,0.0439717743557574,0.11430092914439369,0.12184184845581315,-0.07791906037968976,-0.0758176773783632,-0.07790241895714266,0.002101383001326552,-0.07790241895714266,-0.07580103595581611,2.9538210627565666,2.037504105141663,3.433320190732723,3.4972093706132816,5.341835825305452,-0.45950013471259,-2.322879645753906,0.03181318303871228,0.03181387052482877,0.03730506101932719,0.10324892645178019,0.1432489264517802,0.011051895788074445
research_sigma_xl_high,162.0,5.462613296882715,3.3708756211420257,1.9440000000000015,5.021439176588623,0.8942214628461804,7.392813508451196,4.0219378873091705,-0.8056266720482539,1.8779117648413948,-0.25526153192184964,-0.5953399226632303,0.06395173171967891,0.8425785038788917,0.41487295874285945,0.34801601566719353,0.36806295234831576,0.39339544446419916,0.21228262723742425,0.16228262723742426,1.5545313542352035,3.952393967665557e-14,-6.312464906343962e-07,-7.661861389784974e-08,0.10016251849687986,0.029566756032487818,0.1397939149175098,0.1277939149175098,0.04700717517364661,0.009689120041568633,0.18717298949794303,0.02985622149025271,0.017114490664984897,0.046970712155237605,0.10547240240114257,0.1126783799246947,-0.08309761970229457,-0.08078673974386308,-0.08308005177177137,0.0023108799584313673,-0.08308005177177137,-0.08076917181334001,3.077439176588621,2.1444992235864113,3.5186132968827133,3.5847015320413202,5.514901743609801,-0.5503651401264043,-2.1992615319218514,0.03377901719733023,0.03377956457021658,0.03963139642062995,0.11114692086757505,0.15114692086757506,0.011135706369849202
research_sigma_xl_high,163.0,5.565844282421767,3.400868636795924,1.9560000000000015,5.1654088925915875,0.9428040137673264,7.5842926244207804,4.183423987624856,-0.7588217460718341,1.88748906020258,-0.11129181591888493,-0.5076494663817772,0.0662167553518866,0.8555234765386712,0.42671313809084654,0.34653453546279656,0.374566880832583,0.38689151597993193,0.22110932547982962,0.1711093254798296,1.4924743643619127,8.08242361927114e-14,-3.194307436338306e-07,-3.907101780997735e-08,0.10640626653853734,0.030435624260637246,0.14858195005411456,0.13658195005411455,0.05032789961340167,0.009448632453056605,0.1962539647747943,0.03199601924820864,0.018290093084907824,0.050286112333116466,0.09679927071909027,0.10366353355972678,-0.08880541798765651,-0.08625405044071299,-0.0887868596354749,0.0025513675469433957,-0.0887868596354749,-0.08623549208853151,3.2094088925915862,2.2597979468768132,3.609844282421766,3.678355222219187,5.6968035642182,-0.6475299301529491,-2.067291815918886,0.035926530097099674,0.03592615082731121,0.042175683515577225,0.11991683340753534,0.15991683340753535,0.011192492072294252
research_sigma_xl_high,164.0,5.675655916382426,3.431782382530644,1.9680000000000015,5.318603076696852,0.9948772620729838,7.785321438000785,4.35353905547014,-0.7097736118540545,1.896809029747508,0.04190236818637949,-0.41349589122211516,0.06871597240117805,0.8681959881269159,0.439497612230444,0.3450842369143641,0.3809588095082879,0.380499587304227,0.23091272257440223,0.18091272257440222,1.4291113816549061,-7.949196856316121e-14,1.2729308629388925e-07,1.5678655040929357e-08,0.1133409027671514,0.03141115456719885,0.15831258128859993,0.14631258128859992,0.054016178161347295,0.009170874457241407,0.20635058077595891,0.034376109342270304,0.019591816540548066,0.053967925882818374,0.08830868795496634,0.09482465642909954,-0.09512552867001123,-0.09229640312725262,-0.09510590553664114,0.0028291255427585933,-0.09510590553664114,-0.09227677999388255,3.35060307669685,2.384332890401482,3.707655916382424,3.778846886634918,5.888512408253277,-0.751675980040434,-1.926097631813622,0.03827995954024921,0.03828022496590533,0.044971678521448524,0.129692629987602,0.169692629987602,0.011220092586800207
research_sigma_xl_high,165.0,5.792794026823069,3.463733032057649,1.9800000000000015,5.482034055168787,1.050836370090021,7.996993785972698,4.53326075391505,-0.6582618269913356,1.9058308091170628,0.20533334665831493,-0.31202283736189695,0.07148541565143234,0.8805538108904344,0.4533258789769366,0.3436699527536503,0.38721572928409637,0.37424266752841856,0.24185362379563302,0.19185362379563303,1.364461672399215,8.748557434046234e-14,-8.502820558753399e-07,-1.053591006106025e-07,0.12108017612826406,0.032513104313910475,0.16914145346223863,0.15714145346223862,0.05813372904432024,0.008847453701677832,0.21763774988327134,0.03703679840077346,0.021040735967670438,0.0580775343684439,0.08002894670340896,0.08619029582562357,-0.10216027071624034,-0.09900772441791816,-0.10213949498869149,0.003152546298322168,-0.10213949498869149,-0.09898694869036932,3.502034055168786,2.5191832068520172,3.8127940268230676,3.886963217706006,6.091162976855635,-0.8635951736496505,-1.7746666533416866,0.04087382851857235,0.04087399537359815,0.04806127733397457,0.14063707503720901,0.18063707503720902,0.011216548758424011
research_sigma_xl_high,166.0,5.918130904251076,3.4968589801947783,1.9920000000000015,5.656885983621329,1.1111447201616242,8.220596937767327,4.723737957572549,-0.6040259548169098,1.9145039371508636,0.38018527511085676,-0.20220568631379932,0.07456933205038362,0.8925532346065674,0.4683091408398559,0.34229668537280394,0.39331359799088045,0.3681447988216345,0.25413045405935836,0.20413045405935837,1.2985456671120592,9.059419880941277e-14,-2.064169652982173e-07,-2.5698467409629444e-08,0.12976444660084424,0.03376642122658748,0.18126175219563745,0.16926175219563744,0.06275708759587428,0.008467695089633853,0.23033333097152386,0.04002792799869943,0.02266307752033961,0.06269100551903903,0.07198933281359982,0.0777900876930082,-0.11003696951012931,-0.10650466459976338,-0.11001493941912435,0.003532304910366147,-0.11001493941912435,-0.10648263450875821,3.6648859836213274,2.6656070404759,3.9261309042510746,4.003626967100213,6.306093000616464,-0.9842112299277666,-1.6118147248891448,0.0437480066741065,0.04374757700388887,0.05149730559479321,0.152950520710192,0.192950520710192,0.011179933349166365
research_sigma_xl_high,167.0,6.052695913225293,3.531326848828129,2.0040000000000013,5.844557559560062,1.1763505452817695,8.457660447915746,4.9263335990876165,-0.5467658136431228,1.9227661992963305,0.5678568510495898,-0.08281272929451022,0.07802189288650623,0.9041492752652839,0.48457292919408157,0.34096958294186197,0.39922745555379935,0.3622309412587156,0.2679912419793352,0.21799124197933523,1.2313835241878772,-2.220446049250313e-15,9.058379157877994e-09,1.131219451444565e-09,0.13956916236822065,0.03520295156925333,0.194916508242585,0.18291650824258499,0.06798253544661004,0.008017607853717856,0.24471228436571302,0.04341201298978592,0.024491948870477256,0.06790396186026318,0.06421998557225979,0.06965456671560036,-0.1189163649422571,-0.11493397279597506,-0.11889295568192848,0.003982392146282144,-0.11889295568192848,-0.11491056353564634,3.840557559560061,2.8250842482724012,4.048695913225291,4.129929713928962,6.534894248619415,-1.1146226646927127,-1.4361431489504115,0.04695144574434296,0.04695143734936491,0.05534734587436435,0.16688303257442905,0.20688303257442905,0.011108209404906172
research_sigma_xl_high,168.0,6.197716206434315,3.5673396047761616,2.0160000000000013,6.046719000106499,1.2471097910548443,8.710021506498753,5.142681901722591,-0.4861230633282241,1.9305391528582994,0.7700182915960267,0.047657326451682636,0.08191091183754884,0.9152960031051456,0.5022578519167308,0.33969390186685555,0.4049316067396465,0.3565267900728684,0.2837505332624026,0.23375053326240264,1.1629934090549443,-2.0872192862952943e-14,-1.8962700942815047e-07,-2.3702892870680614e-08,0.15071682385888324,0.036864056251502894,0.21041617687371073,0.19841617687371071,0.07393324212832608,0.007478134977650708,0.2611269463627721,0.04726876733080674,0.02656985061675196,0.0738386179475587,0.056751677919552455,0.06181500101819153,-0.12900479976773394,-0.12448293474538463,-0.12897985736287365,0.0045218650223492925,-0.12897985736287365,-0.12445799234052436,4.030719000106497,2.999373105624758,4.181716206434313,4.267177053576015,6.779482353640454,-1.2561413549242508,-1.2459817084039746,0.05054996572716264,0.05054969261705855,0.05969935301482748,0.1827517326665289,0.2227517326665289,0.010998800595873742
research_sigma_xl_high,169.0,6.354671900611948,3.6051478375682193,2.0280000000000014,6.265389913307484,1.3242170295384217,8.97991434064129,5.3747665030730705,-0.4216658821887975,1.937722469251632,0.9886892047970113,0.19105536183402938,0.08632242354082868,0.9259468979547564,0.5215212784289234,0.3384749661229557,0.4103998255353708,0.3510585712771441,0.3018139195851629,0.2518139195851629,1.093388934657415,-4.884981308350689e-15,5.552785873330635e-07,6.928123086336058e-08,0.16349433475606134,0.038804383825367765,0.22816442276990312,0.2161644227699031,0.08076930042700281,0.006823474862238554,0.2800367263238064,0.05170138376496152,0.028952265727900064,0.08065364949286158,0.049615578370313225,0.054303158629099124,-0.14057164748066175,-0.1353951223429002,-0.14054497926165088,0.005176525137761446,-0.14054497926165088,-0.13536845412388943,4.237389913307482,3.190587713605459,4.326671900611947,4.416949431360316,7.042191871389658,-1.4103550869858088,-1.03931079520299,0.054625530221125373,0.05462582191589749,0.06467008801384178,0.20096636819768943,0.24096636819768943,0.01084755138747348
research_sigma_xl_high,170.0,6.525372495831441,3.64506568678325,2.0400000000000014,6.5030478456463054,1.40864839190885,9.270094959146366,5.625029272363117,-0.3528720028859733,1.9441861025827765,1.226347137135833,0.3496916493321245,0.09136690069862015,0.9360552458335669,0.5425395024747329,0.337318121865714,0.4156055883921148,0.3458528084204001,0.3227144912390427,0.27271449123904273,1.0225757099812438,-1.3322676295501878e-15,-7.730165536568023e-07,-9.592763861032694e-08,0.1782787875321281,0.041097541721550813,0.24869671574267294,0.23669671574267293,0.08870335508146554,0.006017157149632801,0.30205267967462834,0.05684633802622346,0.03171319688077568,0.08855953490699914,0.04284298529151016,0.04715102864341044,-0.15397620351157482,-0.14799336066120738,-0.1539475576736684,0.005982842850367199,-0.1539475576736684,-0.1479647148233012,4.4630478456463045,3.401305842020137,4.48537249583144,4.5811863932486645,7.32590885656359,-1.5792191400218063,-0.8136528628641684,0.05928948838742576,0.059290005579741845,0.07041792821054482,0.22206759692114897,0.26206759692114895,0.010646894317893757
research_sigma_xl_high,171.0,6.712065349202606,3.6874939467519514,2.0520000000000014,6.76278334479283,1.5016237397013528,9.584019699990547,5.8965257532385955,-0.279086905413946,1.9497567835508975,1.4860826362823572,0.526501231503534,0.09719005326526722,0.9455746507581134,0.565507668976592,0.3362286788576826,0.4205223745655134,0.34093602224700154,0.3471686378907871,0.2971686378907871,0.9505466910977483,-1.5987211554602254e-14,-4.791060448372519e-07,-5.8860271656691054e-08,0.19557693527368109,0.043845089502749963,0.2727402022127383,0.2607402022127383,0.09802441446133603,0.005006738936995214,0.3280066966708777,0.06288816479110634,0.0349536877106638,0.09784185250177015,0.03646498399206401,0.04039054301954683,-0.16970904881440707,-0.1627157877514025,-0.16967809568283404,0.006993261063004786,-0.16967809568283404,-0.16268483461982924,4.710783344792828,3.634722907447757,4.660065349202605,4.762308565651709,7.634262916439649,-1.7651695416963031,-0.5659173637176442,0.0646915762783038,0.06469137329006625,0.07716326693905723,0.2467865629633499,0.28678656296334987,0.010382074927437257
research_sigma_xl_high,172.0,6.9175941579816085,3.732954571966913,2.0640000000000014,7.048528250071782,1.604697220831522,9.926108352488122,6.193153780521209,-0.1994888503293657,1.954199580456767,1.7718275415613096,0.7252745193547341,0.10398705587478281,0.9544595292888329,0.5906417546970851,0.3352118538702781,0.42512396529130914,0.3363344315212058,0.3761645747950617,0.3261645747950617,0.8772755918863104,-5.3734794391857577e-14,-3.6704007855270504e-07,-4.437222178577116e-08,0.2160878125338005,0.047190825055618446,0.3013098245004744,0.2893098245004744,0.10913635169219948,0.0037144488452141022,0.3590627410204199,0.07008321001723351,0.038815614510403516,0.10889882452763702,0.030512115376481932,0.03405320824496692,-0.1884590239630608,-0.1801734728082749,-0.18842531315729869,0.008285551154785898,-0.18842531315729869,-0.18013976200251278,4.984528250071781,3.8948789679468367,4.8535941579816075,4.963394577524841,7.971908772031354,-1.9713163918906753,-0.2921724584386918,0.07103726378662012,0.07103712111607541,0.0852220119666739,0.27614070152044423,0.3161407015204442,0.010023873274617512
research_sigma_xl_high,173.0,7.145638445413087,3.7821439606641345,2.0760000000000014,7.365402993793778,1.7198964430857517,10.302145182031387,6.520001221367252,-0.11301237784070572,1.9571856812413257,2.088702285283306,0.9510186026481344,0.11202733467789255,0.9626657186311682,0.6181771060688209,0.3342727010899885,0.42938480857376293,0.332073588238752,0.4111085135323117,0.3611085135323117,0.802707774559534,5.595524044110789e-14,-1.9376495519196624e-07,-2.2867575055762757e-08,0.2408061322346275,0.05134502464916369,0.3358693983214547,0.32386939832145467,0.1226230123852523,0.002019800030231167,0.39690357928712494,0.07879948962745079,0.04350503438312811,0.1223045240105789,0.02501396851711728,0.02816975059479291,-0.21122658590597143,-0.20124638593620237,-0.21118948729673848,0.009980199969768833,-0.21118948729673848,-0.20120928732696963,5.289402993793777,4.187004310488645,5.069638445413085,5.188452764171761,8.344959500790061,-2.2017146631240117,0.012702285283304526,0.07862377341890281,0.07862337355095006,0.09506326608682719,0.31159447565923903,0.351594475659239,0.0095140378730727
research_sigma_xl_high,174.0,7.401090337973107,3.836018662833272,2.0880000000000014,7.720267046714691,1.8499432456020266,10.719915511062371,6.883896848229099,-0.018241303491560057,1.9582391805172292,2.443566338204219,1.2105218574736174,0.12169452064135,0.9701510929334064,0.6483660279637161,0.33341604158651017,0.4332803943771336,0.3281780024353813,0.45407816971184345,0.40407816971184346,0.726747115390764,-6.705747068735946e-14,4.326958271683168e-07,4.932462616125122e-08,0.2712016095981467,0.05662713909669848,0.3786160767274862,0.3666160767274862,0.13936317758526573,-0.00027185130216400566,0.4440610304208006,0.08958624209710254,0.04933357019496416,0.1389198122920667,0.01999876773461771,0.02276971760351657,-0.23952475044438426,-0.22725289914222024,-0.2394833504609912,0.012271851302164006,-0.2394833504609912,-0.22721149915882718,5.63226704671469,4.518067919265315,5.313090337973106,5.442851157455878,8.761676330545143,-2.461807641695779,0.35556633820421757,0.08788970112703542,0.08788972155695474,0.1074144671293395,0.35534357926197657,0.39534357926197655,0.008734590449866908
research_sigma_xl_high,175.0,7.690677039740411,3.89594023825977,2.1000000000000014,8.12263514724875,1.9986227982562832,11.190267242872988,7.294327004613217,0.08676702441336515,1.9566419786369977,2.8459344387382783,1.5132905987431893,0.13355619203431146,0.9768761980330056,0.6814719386869593,0.33264639066955604,0.4367876439396342,0.3246707528728807,0.5082892940521347,0.45828929405213475,0.6492365742532289,1.1546319456101628e-14,-2.3462479381564094e-07,-2.5464759301208062e-08,0.3095489725803329,0.06354585312720641,0.43301554290739874,0.42101554290739873,0.16074887744090038,-0.0034943906277949965,0.5045384053092352,0.10330430985868222,0.056797077839575,0.1601013876982572,0.015492947317886228,0.017881075697524926,-0.2757610560942936,-0.2602666654664987,-0.27571397009502435,0.015494390627794997,-0.27571397009502435,-0.26021957946722934,6.022635147248749,4.8976914690125986,5.5906770397404095,5.734035061103413,9.23362526423599,-2.759167414324913,0.7459344387382769,0.09951777825648234,0.09951778802559796,0.12346657032706582,0.4108499160948824,0.4508499160948824,0.007439377957252358
research_sigma_xl_high,176.0,8.024053677235543,3.963935470394982,2.1120000000000014,8.586298132529489,2.1714410004838274,11.728992321680842,7.76505685128586,0.20479425302140464,1.9512503992616392,3.3095974240190165,1.87320175481848,0.14849473929666074,0.9828048715715956,0.7177569407353118,0.3319678869201396,0.43988529411776334,0.3215731026947516,0.579020052380302,0.5290200523803019,0.5699284483212597,2.1316282072803006e-14,4.131575952470712e-07,4.1849130161253356e-08,0.35958184123271086,0.07296088172870317,0.50489400567161,0.49289400567161,0.18913375323997272,-0.008263318055457547,0.585082803830205,0.12138890256509557,0.06673752921009588,0.18812643177519145,0.011520736047030964,0.013529847176181732,-0.32402357048709485,-0.3037602524316374,-0.32396858839852377,0.020263318055457547,-0.32396858839852377,-0.3037052703430662,6.474298132529487,5.33976775145508,5.912053677235541,6.072803277973904,9.777741922419203,-3.104803170997612,1.197597424019015,0.11462628460567514,0.11462649919166457,0.14531216443889916,0.48393356143194,0.52393356143194,0.005086490948361944
research_sigma_xl_high,177.0,8.415877056475685,4.04320201229047,2.1240000000000014,9.13242315859197,2.3768903047362286,12.360432850533398,8.317230838242928,0.34001959362471545,1.9401153425260826,3.8557224500814984,2.311643351836427,0.1679682330619701,0.9879047195114286,0.7574614943922225,0.3313842376559143,0.44255420699686426,0.31890418981565066,0.6756253838789777,0.6256253838789777,0.48843635522597784,-6.838973831690964e-14,-6.637967731037975e-07,-6.097423510542654e-08,0.427917625780179,0.08644244871965666,0.604917543923877,0.592917543923877,0.22886242296706905,-0.015831819398512303,0.6980795982394792,0.14643731690896813,0.08071497250684401,0.22715228941581214,0.008103837927342868,0.009739817936478434,-0.3918869403553198,-0.3640551209568077,-0.3918202548875924,0.027831819398512304,-0.3918202548875924,-0.3639884354890801,7.008423158591969,5.8655585918764785,6.291877056475683,6.475761713949602,10.420317508007315,-3.515702856456783,1.731722450081497,0.13519212927092128,0.13519269798973887,0.17699991814369798,0.585252339902159,0.625252339902159,0.00037304397681869883
research_sigma_xl_high,178.0,8.890170118765027,4.139199318283457,2.1360000000000015,9.796133220377243,2.6291658464179655,13.1251515181598,8.985952199876344,0.4991785115632472,1.9195867604646146,4.51943251186677,2.8641616660397733,0.19459759102132151,0.9921473407524027,0.8007658461246212,0.3308986932250028,0.4447775450811732,0.31668085173134175,0.8165235511898535,0.7665235511898535,0.404152457720439,9.769962616701378e-14,-7.242800394990923e-07,-5.777577827270619e-08,0.5275848662432077,0.10718036227033273,0.663710061785272,0.651710061785272,0.2522755416817368,-0.020528582061468015,0.7647186676264024,0.18087743794054298,0.08916148885880967,0.27003892679935265,0.005261281695890164,0.00653248815404207,-0.4319631021650032,-0.39943452010353564,-0.4328227614505326,0.03252858206146801,-0.4328227614505326,-0.4002941793890646,7.660133220377242,6.510272431259398,6.7541701187650265,6.970583358300413,11.205564757695186,-4.020254000303523,2.383432511866769,0.14715891793853175,0.14715897842179837,0.13612519554206437,0.644713839382919,0.6847138393829191,0.08180971180693442
