scenario,time,time_to_terminal,log_capital,log_capability,log_population,log_consumption,log_shadow_value,log_output,log_service_composite,log_wage,log_ai_price,log_ai_marginal_cost,log_ai_services,log_inference_compute,log_human_research,log_production_labor,log_automated_research,log_effective_research,log_output_per_capita,log_consumption_per_capita,log_capital_per_capita,capital_growth,capability_growth,consumption_growth,consumption_per_capita_growth,shadow_growth,output_growth,output_per_capita_growth,wage_growth,output_capital_ratio,capability_growth_to_output_capital,gross_capital_return,net_capital_return,human_research_share,production_labor_population_share,ai_share,inverse_demand_elasticity,monopoly_soc_margin,automated_research_share,inference_share,research_resource_share,investment_share,consumption_share,resource_share_sum,production_labor_share,aggregate_labor_share,ai_markup,ai_profit_share,shadow_capability_to_output,shadow_capability_to_capital,human_to_automated_research_ratio,singularity_time_estimate,monopoly_foc_log_error,research_compute_foc_log_error,research_human_foc_log_error,labor_market_error,euler_residual,capital_law_residual,capability_law_residual,consumption_euler_path_residual,shadow_costate_residual
equilibrium_sigma_4,0.0,147.5389392038869,0.9200248718261719,0.0,0.0,-0.3421848335079738,-1.3338993742718357,0.10470434177511914,-0.2968714416828621,-0.29620074817212017,0.2877542970041409,0.0,-7.881247411992405,-7.881247411992405,-8.295027663531982,-0.000249786807797097,-10.125507576688657,-8.766099742857609,0.10470434177511914,-0.3421848335079738,0.9200248718261719,0.10930304449737181,0.0019044263111037513,0.0680241653940298,0.05602416539402981,0.09335237504750127,0.04415488270750889,0.032154882707508894,0.03211092674093585,0.4424974708909994,0.004303812872125702,0.1460241653940298,0.09602416539402979,0.00024975561366977016,0.9997502443863302,0.0006770808351632033,0.25005416646681305,0.18756767764320276,0.1773684553535555,0.00034020854737211583,3.606412628347906e-05,0.3600089378513375,0.639614789475007,1.0000000000000002,0.6695463558404406,0.6697136205767308,1.3334296362141544,0.00011343561218723033,0.23725880817536332,0.10498642256421108,6.236879100748122,17.84161403906348,-1.152172801610618e-11,-6.661338147750939e-16,6.106226635438361e-15,0.0,0.0,0.0,0.0,0.0,0.0
equilibrium_sigma_4,1.0,146.5389392038869,1.0214132616560698,0.001956645584216392,0.012,-0.27856458751146596,-1.2450189715077222,0.14624524618929027,-0.28480765695106386,-0.2667012989175581,0.28580479234515366,-0.001956645584216392,-7.743477129895162,-7.745433775479378,-8.185712832616906,0.01172467963524448,-9.957193847264453,-8.646192589222556,0.13424524618929026,-0.29056458751146597,1.0094132616560698,0.0940812794575752,0.002008632630778473,0.05954135547741601,0.047541355477416,0.0847358661804783,0.039127431420982184,0.027127431420982184,0.02708846440435675,0.4167919862952,0.004819268836315449,0.137541355477416,0.087541355477416,0.0002752824675819291,0.9997247175324181,0.0007440219527796901,0.25005952175622237,0.1875743654383185,0.18171372796454235,0.00037384135999629387,4.0938521449015904e-05,0.3456910981861518,0.6538941219324029,1.0,0.6695015052916375,0.6696858580671511,1.3334391581694827,0.00012465334836609846,0.24924783104276488,0.10388449858008438,5.879554622961885,19.941988686191447,-1.3397989315211412e-11,-8.881784197001252e-16,7.549516567451064e-15,0.0,0.0,6.339267073773858e-08,-3.7092010886363713e-11,3.297436445420798e-08,3.3123160075865243e-08
equilibrium_sigma_4,2.0,145.5389392038869,1.109221988559603,0.004016901604867099,0.024,-0.2225457269356158,-1.163866828550578,0.18330064899418674,-0.272750160045496,-0.2416824106326192,0.2837512460341838,-0.004016901604867099,-7.623213824148405,-7.6272307257532725,-8.082052623341067,0.023698246998371475,-9.803495861418726,-8.533346260268488,0.15930064899418675,-0.2465457269356158,1.085221988559603,0.08197724588960158,0.0021117436186711626,0.05273486158891307,0.04073486158891307,0.07780893945130936,0.03512895145635353,0.02312895145635353,0.023094867558637322,0.3961662472391305,0.005330448096948779,0.13073486158891306,0.08073486158891306,0.0003017074787705302,0.9996982925212294,0.0008069202958870003,0.25006455362367097,0.18758064879519654,0.18546354761226871,0.00040544254863792404,4.6003342070265214e-05,0.33313601754149086,0.666412536567801,1.0,0.6694593634017556,0.6696614052559654,1.333448105189127,0.00013519404960636605,0.2610220021101303,0.10340810702281474,5.592594087308597,21.92817193266216,-1.5321985000205096e-11,0.0,1.3100631690576847e-14,0.0,0.0,6.724808108982128e-08,-4.772749079631766e-11,3.533117177989542e-08,3.5531103809161024e-08
equilibrium_sigma_4,3.0,144.5389392038869,1.186130252266476,0.0061799424304419745,0.036000000000000004,-0.17268058323795796,-1.0889830993812089,0.2167548257658327,-0.26069874251060365,-0.2202599363364593,0.28159450931101304,-0.0061799424304419745,-7.5169244227738155,-7.523104365204257,-7.9830227313033735,0.03567080429563866,-9.661621020788706,-8.426300552448833,0.18075482576583268,-0.20868058323795796,1.150130252266476,0.07216920406600184,0.0022142803892908017,0.04717555950143986,0.03517555950143986,0.07214035134624586,0.03188830430461698,0.019888304304616976,0.019858956634838387,0.3793198772770905,0.005837501596767853,0.12517555950143985,0.07517555950143985,0.0003291415254007796,0.9996708584745992,0.0008660160010309283,0.2500692812800825,0.1875865518011845,0.1887216013364044,0.000435132841398485,5.127148303768504e-05,0.3220743530314867,0.6774392426440772,1.0,0.6694197692793091,0.6696401756681983,1.3334565114090293,0.0001450978792922369,0.27265228342426545,0.10342243068781087,5.358040283539935,23.81322272265683,-1.727260695583155e-11,-4.440892098500626e-16,1.6264767310758543e-14,0.0,0.0,5.324882310087098e-08,-4.5458900532757696e-11,2.8238644270150992e-08,2.8433264770422184e-08
equilibrium_sigma_4,4.0,143.5389392038869,1.254137860073311,0.00844541446420244,0.048,-0.12787793354790683,-1.0192663402065159,0.24726787811529125,-0.2486531577744798,-0.20177393240900776,0.27933496415920445,-0.00844541446420244,-7.4219707869771145,-7.430416201441317,-7.887837612863865,0.047642243775295,-9.529463894494285,-8.324085495460325,0.19926787811529123,-0.17587793354790682,1.206137860073311,0.06409892849468216,0.0023166712063068732,0.04256905658844811,0.03056905658844811,0.0674339047793978,0.029221292406622634,0.017221292406622634,0.017196514750655867,0.3653607775407518,0.006340776976391438,0.1205690565884481,0.0705690565884481,0.0003576922375776631,0.9996423077624224,0.0009215752403381457,0.25007372601922706,0.1875921011304525,0.19156821417161635,0.0004630460357493214,5.6756988000567207e-05,0.31229112567222883,0.6871890713040212,0.9999999999999999,0.6693825445889734,0.6696220632030919,1.3334644146717813,0.00015440937527723614,0.2841966633585545,0.10383431389916878,5.163560090586572,25.608419880315033,-1.9238719992098474e-11,4.440892098500626e-16,2.19824158875781e-14,0.0,0.0,3.642321023955564e-08,-3.71517135631938e-11,1.948575547444653e-08,1.964543715204936e-08
equilibrium_sigma_4,5.0,142.5389392038869,1.31477539940547,0.010813357198827925,0.06,-0.08729509328973344,-0.953865316613887,0.2753450754596169,-0.23661314379729592,-0.18571929921670935,0.2769726006386177,-0.010813357198827925,-7.336332585449018,-7.347145942647845,-7.7958812584084844,0.05961245845185228,-9.405398273654296,-8.225937976457494,0.2153450754596169,-0.14729509328973345,1.25477539940547,0.05737403287717473,0.0024192774810914046,0.03870651101725347,0.026706511017253468,0.0634792118635391,0.026998433012570544,0.014998433012570544,0.014978053905490007,0.3536560939916772,0.006840762882904936,0.11670651101725348,0.06670651101725347,0.0003874664636217204,0.9996125335363782,0.0009738751028805111,0.25007791000823043,0.1875973245343557,0.1940669118199254,0.000489321403214258,6.24750457397976e-05,0.30361143127849405,0.6958367722725518,0.9999999999999999,0.66934750368107,0.6696069539195217,1.3334718543759176,0.00016317491571568436,0.2957037900848272,0.10457744737993484,5.000395529702104,27.323577122029555,-2.1211195994075283e-11,-3.3306690738754696e-16,2.706168622523819e-14,0.0,0.0,2.117512289054324e-07,-2.5804193981224244e-10,1.1422959725337911e-07,1.153292706890241e-07
equilibrium_sigma_4,6.0,141.5389392038869,1.3692389926913682,0.013284145615989739,0.07200000000000001,-0.050268126638899104,-0.8921089787220863,0.3013813142608627,-0.22457843780192366,-0.1717013103949936,0.2745070734467232,-0.013284145615989739,-7.258429639462573,-7.271713785078563,-7.706661662669956,0.07158134038385543,-9.288142700272324,-8.131246703018094,0.22938131426086267,-0.1222681266388991,1.297238992691368,0.05171071224209049,0.002522411103404136,0.03543556608530351,0.02343556608530351,0.060122584071604535,0.025126067342562397,0.013126067342562397,0.013109919249632007,0.34374413965243483,0.007338048311033276,0.1134355660853035,0.0634355660853035,0.000418571990436357,0.9995814280095636,0.0010231938546997731,0.25008185550837597,0.18760224986960589,0.19626880149236833,0.0005140987967829464,6.844199125018858e-05,0.2958907527701616,0.7035267064418053,1.0,0.6693144601173511,0.6695947337178291,1.3334788700901867,0.00017144108586590145,0.3072154004269693,0.10560349350774682,4.862151510587072,28.967283447745658,-2.3179725500144244e-11,5.551115123125783e-16,3.352873534367973e-14,0.0,0.0,1.657996163764719e-07,-2.391247811740771e-10,9.013975564575727e-08,9.113373674457526e-08
equilibrium_sigma_4,7.0,140.5389392038869,1.4184800174361734,0.01585844697106768,0.084,-0.01626499802285976,-0.833459416519896,0.32569071929957644,-0.21254878575277733,-0.15940600414388126,0.27193774447995533,-0.01585844697106768,-7.187003659588088,-7.202862106559156,-7.619779775413637,0.08354877938682262,-9.176670200513767,-8.03951453894384,0.24169071929957642,-0.10026499802285976,1.3344800174361733,0.04689864951476291,0.002626346454325659,0.0326423974805314,0.020642397480531403,0.05724904418367786,0.023534782526701825,0.011534782526701825,0.011522707829142442,0.3352799923652467,0.007833293110626699,0.11064239748053141,0.06064239748053141,0.00045111882846620913,0.9995488811715338,0.0010698048098921002,0.2500855843847914,0.18760690448736245,0.1982155993111282,0.0005375155727313381,7.467531916527303e-05,0.289008147581928,0.7103796615261754,1.0,0.6692832307773723,0.6695852933104487,1.333485500681417,0.0001792536498963689,0.31876800786313475,0.10687653524263672,4.744046317818035,30.547092784166022,-2.5141184273325123e-11,-1.1102230246251565e-16,3.960720640350246e-14,0.0,0.0,1.2673201207208384e-07,-2.154069938913039e-10,6.940847607772582e-08,7.027266706732815e-08
equilibrium_sigma_4,8.0,139.5389392038869,1.4632665970572782,0.018537187811786326,0.096,0.0151467845914792,-0.7774793390869679,0.34852693151673786,-0.2005239485256179,-0.14857989050943515,0.26926371540253236,-0.018537187811786326,-7.121037206091226,-7.139574393903012,-7.534907736303249,0.09551466203620558,-9.070145934134473,-7.950332023148889,0.2525269315167379,-0.0808532154085208,1.3672665970572782,0.042778703477884344,0.0027313289136995733,0.030240217027636275,0.018240217027636275,0.05477080166737591,0.022172050479218885,0.010172050479218885,0.0101639053286251,0.32800065765950387,0.008327205601322161,0.10824021702763628,0.05824021702763628,0.0004852202063763563,0.9995147797936237,0.0011139724643420906,0.2500891177971474,0.18761131484837337,0.199941774965573,0.0005597046492497533,8.11937027900018e-05,0.28286133369341454,0.7164977679545457,0.9999999999999999,0.6692536384488907,0.6695785314821218,1.3334917837642566,0.00018665690185944725,0.33039410391374696,0.10836948337053147,4.642431215309899,32.06967457088019,-2.7090708148991283e-11,4.440892098500626e-16,4.723998969780041e-14,0.0,0.0,9.473687521271978e-08,-1.8905071692137954e-10,5.22474130765227e-08,5.297296198913948e-08
equilibrium_sigma_4,9.0,138.5389392038869,1.5042269634160519,0.021321528234380976,0.108,0.04432315644375627,-0.7238089492298692,0.37009741507770677,-0.18850370574565728,-0.1390156412343061,0.2664838531505431,-0.021321528234380976,-7.059696551179276,-7.081018079413657,-7.451773191721503,0.10747887083968288,-8.967882891002564,-7.863358231832273,0.2620974150777068,-0.06367684355624373,1.3962269634160518,0.03922825258184928,0.0028375810868897537,0.028161668434098557,0.016161668434098556,0.05261962522559863,0.02099739261685052,0.008997392616850518,0.008993049357003402,0.3217020255578744,0.008820526019284486,0.10616166843409856,0.05616166843409856,0.0005209933961008338,0.9994790066038992,0.0011559502493999534,0.250092476019952,0.18761550629986698,0.20147611228363219,0.0005807933788958582,8.801702413820964e-05,0.27736304248353905,0.7219681471134268,0.9999999999999999,0.6692255133329019,0.6695743571511762,1.3334977553813363,0.0001936932882021105,0.3421230415274989,0.1100616754494172,4.554472418388285,33.54093683497385,-2.903040655088951e-11,2.220446049250313e-16,-4.440892098500626e-16,0.0,0.0,6.91165222624357e-08,-1.613726734704668e-10,3.8369324037446084e-08,3.895738685116834e-08
equilibrium_sigma_4,10.0,137.5389392038869,1.5418807172611633,0.024212841538666978,0.12,0.07156018392740854,-0.6721491380281316,0.39057377177432606,-0.1764878580923252,-0.1305417734484277,0.26359681015059877,-0.024212841538666978,-7.002290495353019,-7.026503336891686,-7.370147754863024,0.11944128352265038,-8.869309718572326,-7.778306659144168,0.27057377177432607,-0.04843981607259146,1.4218807172611632,0.036151301182950166,0.0029453074452631786,0.026353660187448454,0.014353660187448453,0.05074165660750241,0.019979115753743226,0.007979115753743226,0.007978464376945382,0.31622321268923775,0.009314014047911223,0.10435366018744846,0.05435366018744846,0.0005585604243630624,0.9994414395756369,0.0011959793489348851,0.2500956783479148,0.18761950295855107,0.20284286692888562,0.0006009029552084572,9.516641230455652e-05,0.27243825793273974,0.7268656726997472,0.9999999999999999,0.6691986938362136,0.6695726906424407,1.333503449834749,0.00020040320857791572,0.35398169781807604,0.11193722971722296,4.477934825569898,34.9661276342084,-3.095702166833192e-11,-3.3306690738754696e-16,-2.7755575615628914e-16,0.0,0.0,4.891565042602908e-08,-1.3319969606462312e-10,2.732452994078094e-08,2.7782583435220776e-08
equilibrium_sigma_4,11.0,136.5389392038869,1.5766618293264134,0.027212697936086317,0.132,0.09710642615274069,-0.6222490231661617,0.41009933054362935,-0.1644762285583389,-0.12301505904500099,0.26060104056334943,-0.027212697936086317,-6.948240070528764,-6.975452768464851,-7.289838346897705,0.1314017723841971,-8.773946881800155,-7.694934596460043,0.27809933054362934,-0.034893573847259315,1.4446618293264133,0.033471636356655995,0.003054697854592008,0.02477376906028183,0.012773769060281829,0.04909379827369326,0.01909205442407469,0.007092054424074689,0.00709500336940061,0.31143566381903587,0.00980843946108556,0.10277376906028184,0.05277376906028183,0.0005980487133393279,0.9994019512866607,0.001234288246190405,0.2500987430596952,0.1876233276663787,0.20406264128122129,0.00062014818587442,0.00010266429009584998,0.26802208627319696,0.7312551012508327,0.9999999999999999,0.6691730268750523,0.6695734644239373,1.3335088996213458,0.00020682493907315126,0.3659949821037844,0.11398389020592826,4.411031378993637,36.34991976219642,-3.287016145381294e-11,2.220446049250313e-16,-3.3306690738754696e-16,0.0,0.0,3.3184019164467227e-08,-1.0507538849430231e-10,1.8646205187516918e-08,1.898546565098913e-08
equilibrium_sigma_4,12.0,135.5389392038869,1.608935869726055,0.030322851365026854,0.14400000000000002,0.12117225441942554,-0.5738965438477157,0.428794832797537,-0.15246866300307638,-0.11631483878547003,0.25749481347262115,-0.030322851365026854,-6.8970558498160095,-6.927378701181036,-7.210680588237083,0.14336020369591687,-8.68138868262047,-7.613035007311743,0.284794832797537,-0.022827745580574474,1.4649358697260548,0.031127992354700124,0.0031659303036717587,0.023387683322508297,0.011387683322508297,0.0476411433705698,0.018315975542360086,0.006315975542360085,0.006322452056339856,0.3072354040076009,0.010304575131560797,0.1013876833225083,0.0513876833225083,0.000639591678069763,0.9993604083219302,0.0012710927663428257,0.2501016874213074,0.18762700199569338,0.2051530563353422,0.0006386375148318951,0.00011053442849785642,0.26405808476647125,0.735192743290199,1.0,0.6691483678465502,0.6695766234827599,1.3335141354385736,0.00021299463861779806,0.3781862328165926,0.11619220002951842,4.352315900643713,37.69648219546866,-3.4779484847646813e-11,0.0,-8.326672684688674e-17,0.0,0.0,2.1075311128215812e-08,-7.738294987430505e-11,1.1908396827658985e-08,1.2142029749695471e-08
equilibrium_sigma_4,13.0,134.5389392038869,1.63901312139875,0.033545228726706657,0.156,0.1439369893360214,-0.5269112502117983,0.44676275980370994,-0.1404650302356381,-0.11033869471202301,0.2542762236896179,-0.033545228726706657,-6.84832068096162,-6.881865909688327,-7.132533677518517,0.15531643712450605,-8.591289483755013,-7.53243021754612,0.2907627598037099,-0.012063010663978607,1.48301312139875,0.02907056803136618,0.0032791730461529077,0.02216735056276104,0.010167350562761041,0.046355112420182455,0.017634429401724994,0.005634429401724993,0.005644379612035344,0.30353742594776073,0.010803191849947553,0.10016735056276105,0.050167350562761046,0.0006833292996158713,0.9993166707003841,0.0013065964526890854,0.25010452771621516,0.18763054628756806,0.20612927517974225,0.0006564732118863938,0.00011880200862524884,0.2604969314227971,0.7387277933566911,1.0,0.6691245803766983,0.6695821254615252,1.3335191862378428,0.00021894641141529325,0.39057753304151,0.11855489901244644,4.300605411824017,39.0095408803317,-3.668439857440475e-11,-2.220446049250313e-16,-1.27675647831893e-15,0.0,0.0,1.187367074800827e-08,-5.041954397391746e-11,6.744506335365497e-09,6.886405459760603e-09
equilibrium_sigma_4,14.0,133.5389392038869,1.6671587047361074,0.03688192103337678,0.168,0.1655544440823625,-0.4811386968486153,0.46409067396221126,-0.1284652217920958,-0.10499910889620856,0.25094320066830456,-0.03688192103337678,-6.801676357572989,-6.8385582786063654,-7.055276369284299,0.1672703251646266,-8.503353003889163,-7.452966948954243,0.2960906739622112,-0.0024455559176375097,1.4991587047361075,0.0272584755155761,0.0033945863039939682,0.021089613115327054,0.009089613115327053,0.04521207933598912,0.01703390789697945,0.00503390789697945,0.005047296704197013,0.30027155489493046,0.011305054536989975,0.09908961311532706,0.04908961311532706,0.0007294086874284897,0.9992705913125716,0.001340991163392714,0.2501072792930714,0.18763397971205453,0.20700441613348664,0.0006737516730395428,0.00012749369088419136,0.25729535234401407,0.7419034022920622,1.0,0.6691015359205268,0.6695899406402446,1.333524079309243,0.00022471240643357545,0.4031899654637115,0.12106647784782197,4.254922868524986,40.29243083535326,-3.858974945147864e-11,-4.440892098500626e-16,-3.3306690738754696e-16,0.0,0.0,4.989825257845082e-09,-2.4442014384673527e-11,2.84846608453182e-09,2.912441128544163e-09
equilibrium_sigma_4,15.0,132.5389392038869,1.6936005262235105,0.0403351759146974,0.18,0.18615730190647062,-0.43644601034821956,0.4808538421623536,-0.11646915147970886,-0.10022084027962491,0.24749351608199355,-0.0403351759146974,-6.756813157364335,-6.797148333279033,-6.978803762530232,0.17922171256170027,-8.417323859901929,-7.374512345361512,0.3008538421623536,0.006157301906470625,1.5136005262235106,0.025657838990866044,0.0035123236658286426,0.020135185343954316,0.008135185343954316,0.04419234065780029,0.016503217228625022,0.004503217228625022,0.004520028090287953,0.2973793495271343,0.01181091986183177,0.09813518534395432,0.04813518534395432,0.0007779846511883029,0.9992220153488117,0.0013744578495577305,0.25010995662796465,0.18763732034643296,0.2077898842405271,0.0006905638118279495,0.00013663769433692682,0.2544152413782944,0.7447575571155407,1.0,0.6690791132407963,0.6696000518035343,1.3335288403921077,0.00023032294737572977,0.4160438246322486,0.12372284194391923,4.214454217782403,41.54814162937892,-4.0502295961530876e-11,-2.7755575615628914e-16,-2.220446049250313e-16,0.0,0.0,1.8480522011310452e-07,-1.0648029962097294e-09,1.0601787721678524e-07,1.0857568664979222e-07
equilibrium_sigma_4,16.0,131.5389392038869,1.7185354206299508,0.0439073922368011,0.192,0.2058605142989936,-0.3927184456832893,0.4971172629357908,-0.10447675503297466,-0.09593889764606767,0.2439247892745371,-0.0439073922368011,-6.713461756380968,-6.757369148617769,-6.903024785859364,0.191170435781017,-8.332980997963949,-7.296950859255369,0.3051172629357908,0.013860514298993598,1.5265354206299508,0.024240375773349115,0.0036325330852262595,0.01928788764095387,0.00728788764095387,0.043279342953814505,0.016033009696825307,0.004033009696825306,0.004053244349877527,0.29481178073016323,0.012321533000579315,0.09728788764095388,0.047287887640953874,0.0008292202257143598,0.9991707797742856,0.001407167214163989,0.2501125733771331,0.18764058524147706,0.2084956306969119,0.0007069953907385229,0.00014626386675916297,0.25182296171977,0.7473237790227323,1.0,0.6690571979665101,0.6696124541568872,1.3335334937686478,0.00023580664275134962,0.4291587781108256,0.12652106359083348,4.178516219486078,42.77935416741366,-4.242774881424438e-11,4.440892098500626e-16,-8.881784197001252e-16,0.0,0.0,1.5245133567001745e-07,-1.0088709459857292e-09,8.784741292039433e-08,9.009489265743298e-08
equilibrium_sigma_4,17.0,130.5389392038869,1.7421343568477974,0.04760111393386415,0.20400000000000001,0.22476420223190002,-0.34985644147922157,0.5129373849513811,-0.09248798926625679,-0.09209682159891544,0.24023449354894222,-0.04760111393386415,-6.671386382716376,-6.71898749665024,-6.82786002265787,0.20311632235461588,-8.250132082668149,-7.220181546070192,0.30893738495138107,0.02076420223190001,1.5381343568477974,0.022982281705628146,0.003755357972420392,0.01853403906414724,0.006534039064147238,0.04245906926866312,0.01561541590866522,0.0036154159086652198,0.003639094088569994,0.2925273911034765,0.012837628497811336,0.09653403906414725,0.04653403906414724,0.0008832873172768648,0.9991167126827232,0.001439280838977024,0.25011514246711813,0.18764379053434993,0.20913038020246316,0.0007231275876457683,0.00015640379465935782,0.24948871088728897,0.749631757730406,1.0000000000000002,0.6690356818378853,0.669627155011211,1.3335380624241753,0.0002411905744688377,0.4425540334502859,0.12945917682753277,4.146530912692178,43.9884781015473,-4.437197831386186e-11,4.440892098500626e-16,2.7755575615628914e-17,0.0,0.0,1.2531769183130037e-07,-9.50278974433394e-10,7.251682394848746e-08,7.448015500177707e-08
equilibrium_sigma_4,18.0,129.5389392038869,1.7645463517636695,0.05141902651819444,0.216,0.24295584327245207,-0.3077733993243264,0.528363398855435,-0.08050283168145658,-0.08864539287542567,0.23641995973351992,-0.05141902651819444,-6.630379664592872,-6.681798691111067,-6.753240062343308,0.21505919032247195,-8.168609264906607,-7.144116016991403,0.31236339885543507,0.026955843272452068,1.5485463517636695,0.02186339959329263,0.003880937823652731,0.017862004244654596,0.005862004244654596,0.04171958125401202,0.01524377035211355,0.00324377035211355,0.003270929511967058,0.2904909219534988,0.013359928074702397,0.0958620042446546,0.0458620042446546,0.0009403672548594431,0.9990596327451405,0.0014709518994470952,0.25011767615195574,0.18764695152029853,0.20970180187973253,0.0007390373552137223,0.00016709088638074485,0.24738604259996938,0.751707829158436,1.0,0.6690144622273704,0.6696441736807072,1.3335425681487303,0.0002465004174158315,0.45624844985852353,0.13253603283925713,4.118006563923044,45.17767920528247,-4.63411808926395e-11,1.6653345369377348e-16,1.1102230246251565e-16,0.0,0.0,1.0255281626334045e-07,-8.890821260633397e-10,5.9580785884832954e-08,6.128552126200004e-08
equilibrium_sigma_4,19.0,128.5389392038869,1.7859018048776392,0.0553639533223868,0.228,0.260512146648221,-0.2663937774684145,0.5434383381076144,-0.06852127985374101,-0.0855415318121264,0.23247838003995014,-0.0553639533223868,-6.590258244293022,-6.645622197615409,-6.679104071777275,0.2269988475948462,-8.088265552213976,-7.068676658344982,0.31543833810761446,0.03251214664822097,1.5579018048776392,0.020866554466959356,0.0040094088783325585,0.017261828277736764,0.005261828277736764,0.04105064967155675,0.014912392021781962,0.0029123920217819614,0.002943087077100781,0.2886722069022326,0.013889140632407551,0.09526182827773677,0.04526182827773677,0.0010006514192863075,0.9989993485807137,0.0015023261043904039,0.25012018608835124,0.18765008274671974,0.2102166588221942,0.0007547978931650674,0.0001783604794115289,0.24549143551932043,0.7535754061081029,0.9999999999999999,0.6689934415100584,0.6696635412830876,1.3335470316706957,0.00025176059677650307,0.47026065060000355,0.13575117982798277,4.0925223048960255,46.3489061299648,-4.8347222059152983e-11,-1.1102230246251565e-16,-2.498001805406602e-16,0.0,0.0,8.344947746707909e-08,-8.253302962932252e-10,4.866609227063834e-08,5.013648948781757e-08
equilibrium_sigma_4,20.0,127.53893920388691,1.806315209630238,0.05943885251068521,0.24,0.2775005844264111,-0.22565153291077977,0.5581999740721093,-0.05654335090428253,-0.08274740348639556,0.22840681124367457,-0.05943885251068521,-6.550859212098316,-6.610298064609001,-6.60539861972664,0.2389350913015266,-8.00897184351188,-6.993795164765363,0.3181999740721093,0.03750058442641113,1.566315209630238,0.019977031930506234,0.004140904639651453,0.01672494903774894,0.0047249490377489385,0.04044346297182654,0.014616412238876997,0.0026164122388769966,0.002650715358321065,0.2870453001143907,0.014425962166951547,0.09472494903774895,0.04472494903774894,0.0010643418844249308,0.998935658115575,0.0015335425798753406,0.25012268340639005,0.18765319810159867,0.21068093131194732,0.0007704790923986365,0.00019024995122722877,0.24378393202264456,0.7552553389337294,0.9999999999999999,0.6689725264714834,0.6696853005862812,1.3335514729124875,0.0002569944361178416,0.4846091183811764,0.13910476982389508,4.069716022933557,47.50391344415932,4.7072241937673454e-11,-2.220446049250313e-16,-9.71445146547012e-16,0.0,0.0,6.74204478599838e-08,-7.590847030808368e-10,3.946022199274868e-08,4.071915417347416e-08
equilibrium_sigma_4,21.0,126.53893920388691,1.8258873985042456,0.06364681456659384,0.252,0.2939806649934334,-0.18548882466888383,0.5726815572231723,-0.04456908101974459,-0.08022967670166398,0.22420217689879873,-0.06364681456659384,-6.512037151768175,-6.575683966334769,-6.53207669180132,0.2508677071132379,-7.930614462017095,-6.919411308148476,0.32068155722317226,0.04198066499343339,1.5738873985042456,0.019182162650607612,0.00427555630915138,0.016243966953837265,0.0042439669538372644,0.03989039383132391,0.01435163749397006,0.0023516374939700595,0.002389637932531663,0.28558777864799173,0.01497107589614793,0.09424396695383727,0.04424396695383727,0.0011316520850525827,0.9988683479149474,0.001564734738541982,0.25012517877908336,0.18765631090043933,0.21109992035090305,0.0007861479721208661,0.0002027988373523481,0.2422448291664462,0.7567662240240806,0.9999999999999999,0.6689516277251768,0.6697095058838899,1.3335559105938204,0.00026222430270226183,0.4993122800101581,0.14259748489976512,4.049274665803745,48.64428200070128,4.4637807339320545e-11,-5.551115123125783e-16,-3.885780586188048e-16,0.0,0.0,5.397774770904418e-08,-6.904303101462617e-10,3.170137731489664e-08,3.276968538884484e-08
equilibrium_sigma_4,22.0,125.53893920388691,1.844707415209247,0.06799106017809103,0.264,0.31000499945207394,-0.14585492714502324,0.5869124352452812,-0.03259852503547805,-0.07795890602257616,0.21986127012873968,-0.06799106017809103,-6.473661680552301,-6.541652740730392,-6.459096859826739,0.26279646853252325,-7.853093088684339,-6.845471898049369,0.32291243524528124,0.046004999452073925,1.580707415209247,0.018470988539435018,0.0044134931494611545,0.01581245920122274,0.0038124592012227405,0.03938481053950014,0.014114439250700883,0.002114439250700883,0.0021562432403476883,0.28428017939764466,0.015525152540753326,0.09381245920122275,0.043812459201222745,0.001202807513942927,0.998797192486057,0.0015960311237124222,0.250127682489897,0.18765943397063212,0.21147833519342696,0.0008018691035290497,0.0002160489568389508,0.24085741286823714,0.7581246690713949,1.0,0.6689306591471126,0.6697362229083866,1.333560363132988,0.00026747174935827316,0.5143885824253603,0.14623047849198156,4.0309264136483565,49.77143698736652,4.2148173839962055e-11,1.1102230246251565e-16,-1.1102230246251565e-16,0.0,0.0,4.2715157428513395e-08,-6.194843310200482e-10,2.5169902589244897e-08,2.6066589248197047e-08
equilibrium_sigma_4,23.0,124.53893920388691,1.8628540860959701,0.07247493845440028,0.276,0.32562020024138416,-0.10670531388965826,0.6009185718413017,-0.02063175607517674,-0.07590901305154929,0.21538075510670485,-0.07247493845440028,-6.435615380960987,-6.508090319415387,-6.38642257742846,0.2747211361515938,-7.776319020344007,-6.771929898753369,0.3249185718413017,0.04962020024138414,1.5868540860959701,0.017833992413605032,0.004554842786310726,0.015424828549802712,0.0034248285498027116,0.03892092340406339,0.013901664693283244,0.0019016646932832441,0.0019473953868920368,0.28310554106000824,0.01608885071361165,0.09342482854980272,0.043424828549802716,0.0012780464505188019,0.9987219535494812,0.0016275562356260248,0.2501302044988501,0.1876625797339931,0.21182036777758478,0.0008177050252232167,0.00023004454538994774,0.2396067281467538,0.7593455222826331,1.0,0.6689095373221304,0.6697655287788662,1.3335648482431217,0.00027275765264621983,0.529856561747926,0.15000532859784224,4.014434308355221,50.88666396051043,3.959177430346017e-11,-1.6653345369377348e-16,-8.326672684688674e-16,0.0,0.0,3.32937623442886e-08,-5.464029428567385e-10,1.9681139284272176e-08,2.0423289920357135e-08
equilibrium_sigma_4,24.0,123.53893920388691,1.8803973471000122,0.07710192541813152,0.28800000000000003,0.34086764277931014,-0.0680008806216346,0.6147229848202069,-0.008668865257906187,-0.07405684836639509,0.21075716874691608,-0.07710192541813152,-6.39779205605802,-6.474893981476152,-6.31402157953395,0.28664145687478604,-7.7002136930791885,-6.6987436755125795,0.3267229848202069,0.05286764277931011,1.5923973471000121,0.01726287741260274,0.004699731458555954,0.015076179493145568,0.003076179493145568,0.03849365875601495,0.01371056388477232,0.0017105638847723197,0.0017603613614025626,0.2820490287671078,0.016662817380011595,0.09307617949314557,0.04307617949314557,0.0013576207232573578,0.9986423792767426,0.0016594313334183399,0.25013275450667344,0.18766576028684176,0.21212975635099382,0.0008337166460299273,0.0002448323963871086,0.2384793796547434,0.7604420713028397,1.0000000000000002,0.6688881810066096,0.6697975119892725,1.333569383176713,0.0002781023473603603,0.5457349066893248,0.15392400039603227,3.9995910306098117,51.991123115753936,3.695641015433182e-11,6.245004513516506e-16,1.249000902703301e-16,0.0,0.0,2.5430047300573078e-08,-4.713859823313182e-10,1.5079463875494747e-08,1.5682302859088004e-08
equilibrium_sigma_4,25.0,122.53893920388691,1.8973993705269594,0.08187562272439718,0.3,0.3557841144695602,-0.029707282868586135,0.628346118089554,0.0032900385308318307,-0.07238181949574307,0.2059869220689139,-0.08187562272439718,-6.36009524763484,-6.4419708703592375,-6.241865368022685,0.2985571631033524,-7.624707423826618,-6.625876347995851,0.328346118089554,0.05578411446956022,1.5973993705269594,0.016750385749414176,0.004848284223128859,0.014762216029085791,0.0027622160290857907,0.03809855487878387,0.013538729912720981,0.0015387299127209812,0.001592751235901524,0.281097624330563,0.01724768835978283,0.0927622160290858,0.042762216029085795,0.0014417965079229775,0.998558203492077,0.0016917752170642363,0.25013534201736515,0.18766898747804167,0.21240984012527303,0.0008499636378042449,0.00026046201011003216,0.23746335782232572,0.76142621652976,0.9999999999999999,0.6688665106045669,0.6698322724358591,1.3335739848368573,0.0002835257576287933,0.5620425173885613,0.15798881641069373,3.986214588153153,53.08586201217692,3.422943872788409e-11,-9.71445146547012e-17,1.3877787807814457e-17,0.0,0.0,1.8886152409330892e-08,-3.946804601889786e-10,1.1233366193838523e-08,1.1710357288030604e-08
equilibrium_sigma_4,26.0,121.53893920388691,1.913915526838003,0.08679975656467528,0.312,0.3704023704644477,0.008205631418293738,0.6418061591556337,0.015244828804615813,-0.07086557332926074,0.20106630137520654,-0.08679975656467528,-6.322436971417044,-6.409236727981719,-6.169928769258718,0.3104679718803897,-7.549738332729687,-6.553295233303966,0.32980615915563366,0.058402370464447684,1.601915526838003,0.016290148794387962,0.00500062512039775,0.014479156757710575,0.0024791567577105746,0.037731675491379256,0.013384049377118679,0.0013840493771186783,0.0014424687153069549,0.2802398689627593,0.017844088847551794,0.09247915675771058,0.04247915675771058,0.001530855163607666,0.9984691448363924,0.0017247049914038415,0.2501379763993123,0.18767227298521516,0.2126636064353249,0.0008665048192015488,0.00027698575145645386,0.23654788677908342,0.7623086226502586,1.0,0.6688444476557593,0.6698699214840086,1.3335786698859584,0.000289047525039025,0.5787985605563706,0.16220243276615104,3.974144733098028,54.17182693568871,3.139824511499967e-11,2.914335439641036e-16,1.3877787807814457e-17,0.0,0.0,1.3461915061852014e-08,-3.1658289358083014e-10,8.031397095986659e-09,8.394373890441287e-09
equilibrium_sigma_4,27.0,120.53893920388691,1.9299952095451491,0.09187817671809523,0.324,0.3847516117487243,0.0457643100608197,0.6551193114088018,0.027195361580451577,-0.06949172368631057,0.19599146927993694,-0.09187817671809523,-6.284736632350798,-6.376614809068894,-6.098189551965022,0.3223735839937538,-7.47525141615009,-6.480971364254939,0.33111931140880174,0.06075161174872429,1.605995209545149,0.01587656230424983,0.005156877304302078,0.014223663931479676,0.0022236639314796754,0.0373895373892644,0.013244661180578099,0.0012446611805780987,0.0013076699792446966,0.27946564827721115,0.01845263393226348,0.09222366393147968,0.04222366393147968,0.0016250941084824918,0.9983749058915176,0.0017583368155499241,0.250140666945244,0.1876756283894641,0.21289373160018216,0.000883398532076776,0.0002944590164958554,0.23572329089586247,0.763098851555565,1.0,0.6688219143335815,0.6699105820737196,1.3335834548523584,0.00029468713434167306,0.596022521648506,0.16656782040031784,3.9632399668228584,55.24987306156412,2.8446911493063e-11,-1.249000902703301e-16,1.5265566588595902e-16,-1.1102230246251565e-16,0.0,8.988375568147466e-09,-2.374407120572797e-10,5.378837332134512e-09,5.63815249349231e-09
equilibrium_sigma_4,28.0,119.53893920388691,1.9456825458501477,0.09711485571672483,0.336,0.39885789812681754,0.08299191843613163,0.6683000286653047,0.0391414754250089,-0.0682456165735012,0.19075846562241416,-0.09711485571672483,-6.246920090228368,-6.344034945945093,-6.026628096039213,0.3342736830348564,-7.401197745998662,-6.408879071280809,0.33230002866530467,0.06285789812681752,1.6096825458501476,0.015504681970971629,0.005317163140737389,0.01399278382387243,0.00199278382387243,0.037069049582863896,0.013118922009280887,0.0011189220092808864,0.00118672921961549,0.2787660115874922,0.01907392910081712,0.09199278382387244,0.041992783823872434,0.0017248277370946912,0.9982751722629053,0.001792786641544545,0.2501434229313236,0.18767906524898073,0.21310261646211623,0.0009007030124539946,0.0003129404082074626,0.2349808773241089,0.7638054792552295,0.9999999999999999,0.6687988329501651,0.6699543888626638,1.3335883562354567,0.00030046403738085033,0.6137342546672595,0.1710882503482142,3.953375021682348,56.320773554637924,2.5362253963656656e-11,2.220446049250313e-16,4.996003610813204e-16,0.0,0.0,5.322478338273817e-09,-1.5765272247392215e-10,3.1949601783654025e-09,3.3596450621509177e-09
equilibrium_sigma_4,29.0,118.53893920388691,1.9610170113765684,0.10251388809454415,0.34800000000000003,0.412744506353332,0.11990870525210602,0.6813612180233886,0.051082991446449295,-0.06711412707560077,0.18536320829626174,-0.10251388809454415,-6.208918851555743,-6.311432739650287,-5.95522710460343,0.34616793441126853,-7.32753377556708,-6.33699561836548,0.33336121802338853,0.06474450635333195,1.6130170113765683,0.015170135499604442,0.0054816042769542505,0.013783896340173053,0.001783896340173053,0.036767461834648206,0.013005377294539322,0.0010053772945393218,0.001078209650451356,0.2781330192126456,0.01970857071365306,0.09178389634017306,0.04178389634017306,0.0018303883809786667,0.9981696116190213,0.0018281709465839768,0.25014625367572674,0.18768259517198016,0.21329241740624172,0.0009184767582351922,0.00033249192177053433,0.23431283234220693,0.7644361989777873,0.9999999999999999,0.6687751254657887,0.6700014884054044,1.3335933906099062,0.00030639777597607216,0.6319540300921402,0.17576728239312608,3.9444387321771055,57.385227727539046,2.212807714840892e-11,-1.5265566588595902e-16,-7.632783294297951e-16,0.0,0.0,2.3427419049842912e-09,-7.766895633587456e-11,1.4107806364099806e-09,1.4887095722837529e-09
equilibrium_sigma_4,30.0,117.53893920388691,1.9760339639666784,0.10807948969225767,0.36,0.4264322417934533,0.1565323208489623,0.6943144159771876,0.06301971323609505,-0.06608548293899269,0.1798014940225512,-0.10807948969225767,-6.170669368014644,-6.278748857706901,-5.88397135293053,0.35805598431109603,-7.254220735620965,-6.265300885119236,0.3343144159771876,0.0664322417934533,1.6160339639666783,0.014869048215720757,0.0056503216841606195,0.013594672221798228,0.0015946722217982275,0.03648232092674448,0.012902736630793221,0.0009027366307932209,0.0009808389753174218,0.27755961279332797,0.020357146442511694,0.09159467222179823,0.04159467222179823,0.0019421273142794363,0.9980578726857205,0.0018646074635044116,0.25014916859708036,0.18768622988942052,0.21346507352351932,0.0009367788960042043,0.0003531791397891798,0.23371212966787974,0.7649979122963269,0.9999999999999999,0.668750712999452,0.6700520393670955,1.33359857472958,0.00031250810454375145,0.650702581361452,0.18060875652630365,3.936332226198015,58.44386836199217,1.872418886605942e-11,3.3306690738754696e-16,-9.43689570931383e-16,0.0,0.0,-5.428325150491631e-11,2.0106746129178177e-12,-3.279764133889973e-11,-3.474352056054286e-11
equilibrium_sigma_4,31.0,116.53893920388691,1.9907651088336127,0.11381599699204539,0.372,0.43993971052373165,0.19287809506594647,0.7071699418474164,0.07495142676466297,-0.06514911079169738,0.17406899909336015,-0.11381599699204539,-6.132112425402668,-6.245928422394713,-5.812847468971018,0.3699374586171256,-7.181224107366862,-6.193777088423332,0.33516994184741644,0.06793971052373166,1.6187651088336126,0.014597979813421882,0.0058234356750511895,0.013423036526484432,0.0014230365264844315,0.03621143332464645,0.01280985286511438,0.0008098528651143792,0.0008934885231681733,0.2770395046257104,0.02102023566248736,0.09142303652648444,0.041423036526484436,0.002060415806010908,0.9979395841939891,0.0019022159145496982,0.25015217727316397,0.18768998132800938,0.21362233046808946,0.0009556695494460938,0.0003750714378459679,0.233172449180834,0.7654968098318738,1.0,0.6687255153372517,0.6701062127697486,1.3336039256320238,0.00031881511330220384,0.6700011502621469,0.18561678676728136,3.928967380868305,59.49726828513201,1.5134477004963287e-11,-8.326672684688674e-17,-1.1934897514720433e-15,0.0,0.0,-1.956918771126026e-09,8.083823888060948e-11,-1.1865114186299097e-09,-1.2622844713927606e-09
equilibrium_sigma_4,32.0,115.53893920388691,2.0052389052170976,0.11972786645787918,0.384,0.4532835576002211,0.22895928051290815,0.7199370318812821,0.08687790023826848,-0.06429550165095138,0.16816128011066844,-0.11972786645787918,-6.093192609757256,-6.212920476215135,-5.7418437410793635,0.3818119617687879,-7.108513161193716,-6.1224085381597275,0.3359370318812821,0.06928355760022109,1.6212389052170977,0.014353870328835117,0.006001065897605068,0.013267137324464752,0.0012671373244647517,0.03595283316270675,0.012725704251481673,0.0007257042514816729,0.0008151554412028084,0.27656708280140835,0.021698409792007645,0.09126713732446476,0.041267137324464756,0.0021856462204831676,0.9978143537795169,0.001941118753749663,0.25015528950029997,0.18769386168402508,0.21376576146930573,0.0009752102120560836,0.0003982422007878436,0.23268810473387042,0.7659384428532857,1.0,0.6686994504349877,0.6701641922689234,1.333609460744122,0.00032533935295619054,0.6898715315324443,0.19079575698366788,3.9222654983442555,60.54594628156788,1.1337306093928134e-11,0.0,-1.0547118733938987e-15,-1.1102230246251565e-16,0.0,-3.4407477179920765e-09,1.5822086262690105e-10,-2.0940024766241683e-09,-2.2382348890959136e-09
equilibrium_sigma_4,33.0,114.53893920388691,2.0194809229686923,0.12581967385821066,0.396,0.4664786762662313,0.26478726611842296,0.7326239568059727,0.098798883919857,-0.06351609293776517,0.16207377474442186,-0.12581967385821066,-6.053857839638269,-6.17967751349648,-5.670949949248203,0.39367907557003956,-7.036060551936183,-6.051181422420448,0.3366239568059727,0.07047867626623128,1.6234809229686924,0.01413399379460853,0.00618333130617917,0.013125318752981167,0.0011253187529811672,0.03570475468126354,0.012649379131923766,0.0006493791319237656,0.0007449474162535275,0.2761373295544884,0.02239223257556365,0.09112531875298117,0.04112531875298117,0.002318233167330705,0.9976817668326693,0.001981441923544013,0.2501585153538835,0.1876978834985112,0.21389678588515174,0.0009954641269652232,0.0004227690501544201,0.23225397992397614,0.7663277868989041,0.9999999999999999,0.6686724339112254,0.6702261744584682,1.3336151979898192,0.00033210196180926527,0.7103361169378545,0.19615031841732392,3.916156165438972,61.59037241229312,7.310568816976115e-12,0.0,-1.2212453270876722e-15,0.0,0.0,-4.570582450708072e-09,2.335245798817942e-10,-2.792866668835381e-09,-3.0007253487562835e-09
equilibrium_sigma_4,34.0,113.53893920388691,2.0335141560995926,0.13209611354872902,0.40800000000000003,0.47953839209720583,0.30037176503972973,0.7452381251607749,0.11071410992225272,-0.06280316467758323,0.15580180253267795,-0.13209611354872902,-6.014058955379276,-6.146155068928005,-5.600157216739267,0.4055383579413344,-6.9638419629068835,-5.980083618310572,0.3372381251607749,0.0715383920972058,1.6255141560995927,0.01393591832255181,0.0063703501106644874,0.012996097731113175,0.0009960977311131748,0.03546560840655194,0.012580062747624687,0.0005800627476246871,0.0006820695175324687,0.27574575070034296,0.02310226030495477,0.09099609773111318,0.04099609773111318,0.0024586147024517157,0.9975413852975483,0.002023315631608554,0.2501618652505287,0.18770205973443282,0.21401668562343518,0.0010164966768708421,0.00044873408316202566,0.23186547085554887,0.7666692983844183,1.0,0.6686443785268222,0.6702923692006802,1.3336211559007178,0.0003391247963068888,0.7314179390443785,0.20168538867748984,3.9105762676479023,62.63097280319801,3.0281888108163457e-12,2.220446049250313e-16,-1.27675647831893e-15,-1.1102230246251565e-16,0.0,-5.4020946119170965e-09,3.060793953360563e-10,-3.3155268756163148e-09,-3.5825779010068004e-09
equilibrium_sigma_4,35.0,112.53893920388691,2.0473592991910503,0.1385619976935444,0.42,0.49247462544802206,0.3357209803774345,0.757786174359345,0.12262329197954981,-0.06214974794013817,0.14934056574769983,-0.1385619976935444,-5.973749357616972,-6.112311355310517,-5.529457879476489,0.4173893416139427,-6.891835792169217,-5.909104525050541,0.33778617435934505,0.07247462544802208,1.6273592991910504,0.013757471592467221,0.00656223970425599,0.01287814376369261,0.0008781437636926105,0.03523396049276875,0.012517025839708928,0.0005170258397089282,0.0006258128251723782,0.27538831443543216,0.023829041975543155,0.09087814376369262,0.040878143763692615,0.002607253581025041,0.9973927464189749,0.002066875154182111,0.2501653500123346,0.18770640385641746,0.21412661970754532,0.0010383757872289123,0.0004762241236567762,0.2315184350620508,0.7669669650270635,1.0,0.6686151936466979,0.6703629999789799,1.3336273537325176,0.0003464305660731018,0.7531407148813123,0.207406152003861,3.9054691334890106,63.66813395871225,-1.304512053934559e-15,-1.1102230246251565e-16,-2.3314683517128287e-15,0.0,0.0,-5.983167274126178e-09,3.7518542959913415e-10,-3.6899624189512537e-09,-4.012046410373227e-09
equilibrium_sigma_4,36.0,111.53893920388691,2.061034991640913,0.1452222554036085,0.432,0.50529803504929,0.3708417516104351,0.7702740511283677,0.13452612520427812,-0.061549543877421675,0.14268515034556017,-0.1452222554036085,-5.932884688606506,-6.0781069440101145,-5.4588453709606055,0.4292315327649822,-6.820022875527902,-5.838234916572835,0.33827405112836767,0.07329803504929006,1.6290349916409133,0.013596710909120568,0.006759116570206562,0.012770261364371559,0.0007702613643715585,0.03500851474813779,0.012459614757154291,0.0004596147571542912,0.0005755445614541443,0.2750613980738532,0.024573119374575993,0.09077026136437157,0.04077026136437156,0.002764638563600853,0.9972353614363991,0.0021122616726196334,0.25016898093380957,0.18771092991374355,0.21422763722254207,0.0010611723460849385,0.000505330985445813,0.23120914586511712,0.7672243508033522,1.0,0.6685847846793448,0.6704383042698444,1.3336338115824562,0.0003540429745702157,0.7755288896589199,0.21331806063624553,3.9007837893327717,64.7022066498011,9.992007221626409e-16,-1.1102230246251565e-16,-3.2751579226442118e-15,0.0,0.0,-6.355023762436018e-09,4.401203386114605e-10,-3.940320819628695e-09,-4.313437780567586e-09
equilibrium_sigma_4,37.0,110.53893920388691,2.0745580339580667,0.15208193177147866,0.444,0.5180181451714563,0.40573968423102746,0.7827070827179416,0.14642228583847705,-0.06099685197016602,0.13583052701989828,-0.15208193177147866,-5.89142255084816,-6.043504482619639,-5.388314120791506,0.44106440959165927,-6.748386241544295,-5.767466811214762,0.33870708271794164,0.07401814517145627,1.6305580339580668,0.013451897136567567,0.00696109616778437,0.012671374709287427,0.0006713747092874263,0.03478809694925931,0.01240724286366568,0.00040724286366567927,0.0005306995143339321,0.27476174154329525,0.025335027099060235,0.09067137470928743,0.04067137470928743,0.002931285776060609,0.9970687142239394,0.002159623150325712,0.2501727698520261,0.18771565262728174,0.2143206888432323,0.0010849606441313544,0.0005361517484072393,0.23093425154524003,0.7674446360622215,1.0,0.6685530524892818,0.6705185339303769,1.3336405505074227,0.00036198686658687226,0.7986076806823068,0.2194268371541224,3.89647430832223,65.73350942003297,-2.220446049250313e-16,0.0,-4.773959005888173e-15,0.0,0.0,-6.553171135945113e-09,5.001480471097941e-10,-4.087432772456601e-09,-4.507642419049329e-09
equilibrium_sigma_4,38.0,109.53893920388691,2.0879435796871553,0.15914618678168468,0.456,0.530643458420969,0.44041926469902143,0.7950900400718044,0.15831143100752706,-0.060486506301019816,0.1287715523981312,-0.15914618678168468,-5.849322258452789,-6.008468445234474,-5.317859465157166,0.4528874208233748,-6.676910894571664,-5.696793356448506,0.3390900400718044,0.07464345842096903,1.6319435796871553,0.013321471937630891,0.007168292797527982,0.012580514198495048,0.0005805141984950475,0.03457164111473831,0.012359383013693659,0.00035938301369365863,0.0004907725242864203,0.2744864066621062,0.026115292500995056,0.09058051419849505,0.04058051419849505,0.00310774012400662,0.9968922598759934,0.0022091152576144946,0.2501767292206092,0.18772058748113074,0.21440663711741753,0.0011098188387554141,0.000568789047765757,0.23069073877884183,0.767630653334637,1.0,0.6685198927773982,0.6706039555975263,1.33364759266616,0.00037028838384629706,0.8224031215814938,0.22573847767060348,3.8924992397499913,66.76233174860842,6.661338147750939e-16,1.6653345369377348e-16,-5.717648576819556e-15,0.0,0.0,-6.608194986004734e-09,5.545289947714305e-10,-4.149248448298559e-09,-4.612578957674529e-09
equilibrium_sigma_4,39.0,108.53893920388691,2.1012053060234535,0.16642029407599923,0.468,0.5431815559375516,0.47488396253252113,0.8074271939739683,0.17019319848690842,-0.060013818845183975,0.1215029703778745,-0.16642029407599923,-5.806544617201255,-5.972964911277255,-5.2474775678766115,0.4646999841705435,-6.605583622379445,-5.626208726874615,0.3394271939739683,0.07518155593755155,1.6332053060234535,0.013204037842306574,0.007380819445788467,0.012496804655728423,0.0004968046557284229,0.034358177463018114,0.012315561006559506,0.00031556100655950534,0.00045531193898495914,0.27423274138099524,0.02691443555798538,0.09049680465572843,0.04049680465572843,0.0032945767618672264,0.9967054232381328,0.0022609023528786607,0.25018087218823026,0.18772575081977244,0.2144862656535756,0.001135829446303047,0.0006033513769013274,0.2304758998652767,0.7677849193115189,1.0,0.6684851954235712,0.6706948510942905,1.333654961454963,0.0003789751301256556,0.8469421069576507,0.2322592557819926,3.8888211075059687,67.78893690498646,-1.1102230246251565e-16,1.6653345369377348e-16,-9.048317650695026e-15,-1.1102230246251565e-16,0.0,-6.546430704815198e-09,6.025319028435394e-10,-4.141207593857943e-09,-4.643578271901205e-09
equilibrium_sigma_4,40.0,107.53893920388691,2.1143555657418434,0.1739096395528572,0.48,0.5556391865146838,0.5091363211009143,0.8197223650450398,0.18206720649288285,-0.05957452891325776,0.1140194136392374,-0.1739096395528572,-5.76305172998034,-5.936961369533197,-5.177165350776715,0.4765014847092009,-6.5343928254157015,-5.555708033945025,0.33972236504503983,0.07563918651468382,1.6343555657418434,0.013098340746918458,0.007598787608462251,0.012419454940593384,0.0004194549405933841,0.03414682182374189,0.012275349820511927,0.0002753498205119269,0.000423913842362289,0.27399834830482844,0.027732968667418586,0.09041945494059339,0.04041945494059339,0.0034924026166848446,0.9965075973833152,0.0023151585288838468,0.2501852126823107,0.18773115995160983,0.2145602873421056,0.0011630798669609896,0.0006399534040322016,0.23028730332607822,0.7679096634029285,0.9999999999999999,0.6684488437856477,0.6707915178377944,1.3336626816567572,0.00038807634739118765,0.872252437526952,0.2389957271872454,3.885405968042873,68.81356452600124,4.440892098500626e-16,-2.220446049250313e-16,-1.2212453270876722e-14,0.0,0.0,-6.390532518094072e-09,6.434472416688708e-10,-4.076556314736024e-09,-4.6137124815048836e-09
equilibrium_sigma_4,41.0,106.53893920388691,2.1274055226986683,0.18161971978003702,0.492,0.5680223459579475,0.5431780384736201,0.8319789683419653,0.1939330535095592,-0.05916475800172494,0.10631540535182005,-0.18161971978003702,-5.718806824692997,-5.900426544473034,-5.106920432345046,0.4882912732007426,-6.463328365160975,-5.485287246084847,0.3399789683419653,0.07602234595794755,1.6354055226986683,0.01300325450964579,0.00782230709374871,0.012347748783022465,0.00034774878302246473,0.03393676630815341,0.012238364562322523,0.0002383645623225232,0.0003962169872750998,0.2737810569182499,0.028571396362475236,0.09034774878302247,0.04034774878302247,0.0037018579661871388,0.9962981420338128,0.002372068733872078,0.25018976549870975,0.187736833259838,0.21462935172218126,0.001191662947110526,0.0006787163030799307,0.23012276750928884,0.7680068532405206,0.9999999999999999,0.6684107139483056,0.6708942692433736,1.3336707796008087,0.00039762310458376585,0.8983628658253517,0.2459547349017727,3.8822230198102554,69.83643294304441,9.159339953157541e-16,1.1102230246251565e-16,-1.5987211554602254e-14,0.0,0.0,-6.159960243279361e-09,6.766024407411919e-10,-3.9666187383324836e-09,-4.534079105222855e-09
equilibrium_sigma_4,42.0,105.53893920388691,2.1403652728578804,0.1895561401995214,0.504,0.5803363478209,0.5770100394990842,0.8442000532145042,0.20579031816627416,-0.05878096940814981,0.0983853610986678,-0.1895561401995214,-5.67377410216038,-5.863330242359901,-5.036741073738957,0.5000686643464527,-6.392381429367747,-5.41494311805453,0.3402000532145042,0.07633634782090004,1.6363652728578804,0.012917767360425658,0.0080514858037118,0.012281036679258332,0.000281036679258332,0.033727271073968425,0.012204258017511904,0.00020425801751190395,0.0003718983193623515,0.27357889902805554,0.029430214948288538,0.09028103667925834,0.040281036679258336,0.003923618070319353,0.9960763819296806,0.0024318299780116985,0.2501945463982409,0.18774279032167757,0.21469405159176874,0.0012216775844294287,0.0007197680989816955,0.22998033687522604,0.7680782174413628,1.0,0.668370673914732,0.6710034351180075,1.3336792833346423,0.0004076485008384092,0.9253031425196095,0.25314341499771476,3.8792442573461687,70.85774128394792,4.718447854656915e-16,-6.661338147750939e-16,-2.2093438190040615e-14,0.0,0.0,-5.8713958278611145e-09,7.013790208343362e-10,-3.821031265699437e-09,-4.414047925782594e-09
equilibrium_sigma_4,43.0,104.53893920388691,2.153243952533191,0.19772461310321574,0.516,0.5925858865099823,0.6106325401367196,0.8563883389872,0.21763855918096567,-0.058419932054070645,0.09022359103971311,-0.19772461310321574,-5.627918601877851,-5.825643214981066,-4.966626131348372,0.5118329349768447,-6.32154441226902,-5.3446731285410705,0.3403883389872,0.07658588650998233,1.6372439525331908,0.012840969886444134,0.008286429494383874,0.01221872871300813,0.0002187287130081296,0.0335176570449163,0.012172716737368638,0.0001727167373686382,0.00035066902492886243,0.27339008700911555,0.030309912056568394,0.09021872871300814,0.040218728713008134,0.0041583948549341115,0.9958416051450659,0.0024946526367262086,0.2501995722109381,0.18774905203709857,0.21475492894596568,0.0012532293815156238,0.0007632440276631497,0.22985826067771378,0.7681252659131074,0.9999999999999999,0.6683285827333934,0.6711193620355287,1.3336882228097708,0.00041818788509093586,0.9531040633515923,0.2605692028084334,3.8764441642411036,71.87767137158745,2.7755575615628914e-17,-4.440892098500626e-16,-3.0253577421035516e-14,-1.1102230246251565e-16,0.0,-5.53910200172536e-09,7.172317548903573e-10,-3.6479464952249296e-09,-4.2614772682858515e-09
equilibrium_sigma_4,44.0,103.53893920388691,2.1660498353176107,0.20613095535792073,0.528,0.604775093624047,0.6440451049352921,0.8685462469642227,0.22947731538718072,-0.058078688031563075,0.08182430233766436,-0.20613095535792073,-5.581206083780213,-5.787337039138134,-4.896575015209949,0.52358332217626,-6.250810808085603,-5.274475425092629,0.34054624696422264,0.076775093624047,1.6380498353176107,0.012772044390227041,0.008527241514121642,0.0121602881856862,0.00016028818568620054,0.03330729946575324,0.01214345758671076,0.00014345758671075945,0.00033227102402833,0.2732129945020794,0.03121096611697487,0.09016028818568621,0.040160288185686205,0.004406938645786763,0.9955930613542132,0.0025607618635673486,0.2502048609490854,0.18775564076826895,0.21481248031820444,0.0012864313543717398,0.0008092869108217223,0.2297549737874905,0.7681493079473161,1.0,0.6682842895514098,0.6712424136849693,1.3336976300830548,0.0004292790942183836,0.981797516723809,0.26823983953881725,3.8737994400409037,72.89638943889564,-7.494005416219807e-16,-1.1102230246251565e-16,-4.0467629247586956e-14,0.0,0.0,-5.1752331205190405e-09,7.237098594015112e-10,-3.4542100898343753e-09,-4.0829037095679865e-09
equilibrium_sigma_4,45.0,102.53893920388691,2.17879041898411,0.21478108585766106,0.54,0.6169075882867407,0.6772466984409239,0.8806759291940534,0.24130610586462256,-0.0577545234516616,0.07318160186973977,-0.21478108585766106,-5.533602924421518,-5.748384010279179,-4.826587652656175,0.5353190213436513,-6.180175116372058,-5.204348775618822,0.3406759291940533,0.07690758828674071,1.6387904189841098,0.012710255447134305,0.008774022519908475,0.012105225956613001,0.00010522595661300108,0.033095622190763896,0.012116224715752466,0.00011622471575246582,0.00031647387183086906,0.2730461392624636,0.03213384574346429,0.09010522595661301,0.040105225956613005,0.004670039950363756,0.9953299600496363,0.002630399126585575,0.2502104319301268,0.1877625804910874,0.21486716158972552,0.00132140470273256,0.0008580475455942598,0.2296690794329618,0.7681514683187115,1.0,0.6682376325851875,0.671372971182203,1.3337075395356925,0.0004409627120797752,1.0114165319139212,0.27616337922532647,3.871288756867318,73.914047677891,2.498001805406602e-16,-1.1102230246251565e-16,-5.623279619726418e-14,0.0,0.0,-4.7901049307630394e-09,7.204803472576904e-10,-3.2455174520107377e-09,-3.8837105614808465e-09
equilibrium_sigma_4,46.0,101.53893920388691,2.1914725034807603,0.22368102268116064,0.552,0.6289865221381545,0.710235731223329,0.892779294379774,0.253124430195706,-0.057444942226098694,0.06428949924908967,-0.22368102268116064,-5.485076026189283,-5.708757048870444,-4.756664456656615,0.5470391841910324,-6.109632757921412,-5.134292525771687,0.34077929437977394,0.07698652213815449,1.6394725034807602,0.012654941513962722,0.00902687017129343,0.012053095408268648,5.309540826864759e-05,0.032882092618210845,0.012090786866703063,9.078686670306244e-05,0.00030307197806944686,0.2728881679038444,0.033079009033745145,0.09005309540826865,0.04005309540826865,0.004948531284371954,0.995051468715628,0.0027038238836121107,0.25021630591068894,0.18776989696029858,0.21491939232484433,0.0013582796499464695,0.000909685109092541,0.2295993336583211,0.7681327015826398,0.9999999999999999,0.6681884379979798,0.6715114333336448,1.3337179881120274,0.0004532823520736445,1.0419953278841436,0.28434819599066957,3.8688925421314013,74.9307856384627,-3.885780586188048e-16,0.0,-7.610578833805448e-14,0.0,0.0,-4.392431076846726e-09,7.073536686941218e-10,-3.026551120832721e-09,-3.668277778756668e-09
equilibrium_sigma_4,47.0,100.53893920388691,2.2041022610061747,0.23283687993195054,0.5640000000000001,0.6410146195734376,0.7430101011276141,0.9048580312772802,0.26493176887349634,-0.057147642459603576,0.05514191018027059,-0.23283687993195054,-5.435592738357355,-5.668429618289305,-4.686806298371886,0.5587429166817051,-6.0391800001037454,-5.064306561602381,0.3408580312772801,0.07701461957343758,1.6401022610061746,0.012605507461256257,0.009285878801666822,0.012003487963709515,3.487963709514902e-06,0.03266621719536187,0.012066935036192383,6.693503619238303e-05,0.0002918821606634481,0.2727378423142713,0.034046902779874814,0.09000348796370952,0.04000348796370952,0.005243289038931954,0.994756710961068,0.002781315413523332,0.25022250523308187,0.18777761788984784,0.2149695596826821,0.001397196360948454,0.0009643675776834162,0.2295446313207867,0.7680938047405816,1.0000000000000002,0.6681365186729393,0.6716582168392009,1.3337290155806394,0.0004662849661121783,1.0735693626276221,0.29280299153776507,3.8665927842181116,75.94673149097444,-3.608224830031759e-16,-1.1102230246251565e-16,-1.0258460747536446e-13,0.0,0.0,-3.989529656286961e-09,6.843116212573719e-10,-2.801104299898771e-09,-3.4401170245779156e-09
equilibrium_sigma_4,48.0,99.53893920388691,2.2166852986961003,0.24225486430967302,0.5760000000000001,0.6529942134902097,0.7755672299617691,0.9169136297766494,0.27672758389094954,-0.05686049528109083,0.045732660102165035,-0.24225486430967302,-5.3851207890998145,-5.627375653409487,-4.617014483798835,0.5704292769127716,-5.968813891173742,-4.994391277308926,0.3409136297766493,0.07699421349020963,1.6406852986961002,0.01256141796483877,0.009551139064844684,0.01195602911379958,-4.397088620041942e-05,0.0324475374504863,0.012044480411366187,4.448041136618716e-05,0.00028274144692197467,0.2725940276175745,0.03503796157355323,0.08995602911379959,0.039956029113799585,0.005555235381956223,0.9944447646180438,0.002863174822089889,0.2502290539857672,0.1877857731502769,0.21501802193126512,0.0014383059476248542,0.0010222721603396867,0.22950399358201257,0.768035428310023,1.0000000000000002,0.6680816728691997,0.6718137564189431,1.333740664820343,0.0004800211831753711,1.1061753828065861,0.3015368028506596,3.86437285930769,76.96200315868529,3.3306690738754696e-16,-2.220446049250313e-16,-1.3922196728799463e-13,0.0,0.0,-2.2090007600894523e-10,4.0784335977872566e-11,-1.594509663194188e-10,-1.991754539076851e-10
equilibrium_sigma_4,49.0,98.53893920388691,2.229226716857812,0.25194127094649377,0.588,0.6649272786400712,0.8079040981555632,0.9289474006525886,0.28851131953658304,-0.05658152514496151,0.036055488586964834,-0.25194127094649377,-5.333628226472154,-5.585569497418648,-4.547290732245829,0.5820972729351115,-5.898532199348576,-4.924547545406025,0.34094740065258866,0.0769272786400712,1.6412267168578119,0.012522191376307112,0.009822737567586408,0.011910374768913691,-8.962523108630924e-05,0.03222562635722061,0.01202325250859726,2.325250859725944e-05,0.0002755050543257198,0.2724556811179203,0.036052606894752454,0.0899103747689137,0.039910374768913695,0.0058853401982843,0.9941146598017156,0.0029497272458448515,0.2502359781796676,0.1877943949854337,0.21506511172500592,0.001481771573288822,0.0010835857483179718,0.22947655603939188,0.7679580866390016,1.0000000000000002,0.6680236827452839,0.6719785048522741,1.3337529821344687,0.0004945456814272283,1.1398514745652868,0.310559009875951,3.862217371435504,77.9767093734485,1.27675647831893e-15,-2.220446049250313e-16,-1.8884893648873913e-13,0.0,0.0,-2.557909040828976e-10,4.959682317617897e-11,-1.8914330518482458e-10,-2.395552298195547e-10
equilibrium_sigma_4,50.0,97.53893920388691,2.2417311575988808,0.26190247963127183,0.6,0.6768154586851699,0.8400172724101399,0.9409604923198723,0.300282403451107,-0.056308893315340613,0.026104053374353064,-0.26190247963127183,-5.2810833706961455,-5.542985850327417,-4.477637161185399,0.5937458605421897,-5.828333364629035,-4.8547766946077955,0.34096049231987235,0.07681545868516992,1.6417311575988807,0.012487394740494415,0.010100756459661483,0.01186620824102718,-0.00013379175897281978,0.032000085353276655,0.01200309771243191,3.097712431909122e-06,0.00027004474212333207,0.2723218431546278,0.03709124594139202,0.08986620824102719,0.039866208241027185,0.006234623034970663,0.9937653769650293,0.003041324270731786,0.25024330594165856,0.18780351825009275,0.2151111388544527,0.0015277696646247855,0.0011485053737133877,0.2294615592220903,0.7678621657395717,1.0000000000000002,0.6679623127386096,0.6721529328970729,1.333766017595817,0.0005099175967655108,1.174637112795979,0.3198793435944314,3.860112018697603,78.99095055116872,-4.996003610813204e-16,1.1102230246251565e-16,-2.537969834293108e-13,0.0,0.0,-2.748298533195026e-10,5.549284642913932e-11,-2.087248984761203e-10,-2.6807032288411747e-10
equilibrium_sigma_4,51.0,96.53893920388691,2.254202852795077,0.2721449498171687,0.612,0.688660093400622,0.8719029342901919,0.9529539075575703,0.31204024796297736,-0.056040881575080914,0.015871935649089508,-0.2721449498171687,-5.227454772379913,-5.499599722197082,-4.408056270415874,0.6053739409963316,-5.758216450379168,-4.785080487088775,0.34095390755757027,0.07666009340062196,1.642202852795077,0.01245663883540856,0.010385273020349294,0.011823237311565572,-0.00017676268843442797,0.03177054144085972,0.01198387784395738,-1.6122156042620156e-05,0.0002662471471071015,0.2721916282168654,0.038154270535003205,0.08982323731156558,0.039823237311565576,0.006604155080306182,0.9933958449196938,0.0031383466017635337,0.2502510677281411,0.1878131806720087,0.2151563929659315,0.0015764912492267215,0.001217238685670896,0.22945833876142213,0.7677479313036804,1.0000000000000002,0.6678973077768184,0.6723375290852069,1.3337798254274806,0.0005262009739548457,1.2105732122295767,0.3295078937124894,3.8580434624657127,80.00481965818875,5.551115123125783e-17,1.1102230246251565e-16,-3.4228175849193576e-13,0.0,0.0,-2.799211609033625e-10,5.826139917730622e-11,-2.189577286842992e-10,-2.8517234407221537e-10
equilibrium_sigma_4,52.0,95.53893920388691,2.266645665216139,0.2826752156157051,0.624,0.7004622415366933,0.9035569041231553,0.9649285182051258,0.32378425176686554,-0.05577587821325369,0.005352645361184294,-0.2826752156157051,-5.172711180049734,-5.455386395665439,-4.338550930542055,0.6169803587275812,-5.68818110378193,-4.715461101020902,0.3409285182051258,0.07646224153669334,1.642645665216139,0.012429574005178468,0.010676359210910135,0.011781191756224059,-0.0002188082437759413,0.03153664475800817,0.011965469025598807,-3.453097440119304e-05,0.0002640123952790674,0.2720642174431032,0.03924205583243552,0.08978119175622407,0.03978119175622406,0.00699506113882404,0.9930049388611759,0.003241207004503805,0.2502592965603603,0.1878234231403734,0.21520114590315143,0.0016281434290986148,0.0012900044358293628,0.2294663171507821,0.76761553498429,1.0,0.6678283913069823,0.6725327993563445,1.3337944644224695,0.0005434652639189346,1.2477021773617922,0.33945511648599197,3.855999215271597,81.01840294580448,-2.7755575615628914e-16,-2.220446049250313e-16,-4.605205106145149e-13,0.0,0.0,-2.7298980784240534e-10,5.783340820131322e-11,-2.2058378040812343e-10,-2.913186983311e-10
equilibrium_sigma_4,53.0,94.53893920388691,2.279063126166668,0.29349988024626406,0.636,0.7122227016794315,0.9349746630258708,0.9768850789690493,0.33551380199111774,-0.05551236518593172,-0.005460372876386899,-0.29349988024626406,-5.116821514716513,-5.410321394962777,-4.269124373326638,0.628563899001231,-5.618227520512184,-4.645921115466788,0.3408850789690493,0.07622270167943146,1.643063126166668,0.01240588638035145,0.010974081205707647,0.011739821122788645,-0.00026017887721135544,0.03129806640589068,0.01194776072022119,-5.2239279778810294e-05,0.0002632528228740938,0.2719388518872383,0.0403549589532655,0.08973982112278865,0.03973982112278865,0.007408521603134873,0.9925914783968651,0.0033503535548096864,0.25026802828438477,0.1878342900241832,0.21524565385620997,0.0016829510083165647,0.0013670329748423822,0.22948499615725584,0.7674650198595852,1.0,0.6677552631182774,0.6727392665074753,1.3338099984074243,0.0005617858734059248,1.286067952090355,0.349731842340423,3.853967538639961,82.03178061578568,-1.6653345369377348e-16,-2.220446049250313e-16,-6.178391132038996e-13,0.0,0.0,-2.5593475949658995e-10,5.430755671553822e-11,-2.143017274053305e-10,-2.869532458871227e-10
equilibrium_sigma_4,54.0,93.53893920388691,2.2914584695520395,0.3046256100050022,0.648,0.7239420310203611,0.9661513728909654,0.9888242403511638,0.34722827671491163,-0.055248906487663674,-0.01657373337259127,-0.3046256100050022,-5.059754851374616,-5.364380461379618,-4.199780184072079,0.6401232855652342,-5.548356413861509,-4.576463497808048,0.34082424035116377,0.07594203102036112,1.6434584695520393,0.012385294500286123,0.011278498899937863,0.011698892767516254,-0.0003011072324837459,0.031054496536570584,0.011930654941760821,-6.934505823917927e-05,0.00026389183727104637,0.2718148265682311,0.041493317499760186,0.08969889276751626,0.03969889276751626,0.007845774408167909,0.9921542255918321,0.0034662732327330097,0.25027730185861863,0.18784582952394507,0.21529015931082504,0.0017411582927616932,0.0014485667578946798,0.22951394994866528,0.7672963250006783,1.0,0.6676775969340688,0.6729574694254727,1.3338264967555007,0.0005812447731694231,1.325716068538718,0.36034928324856874,3.8519373510173445,83.0450274128706,4.996003610813204e-16,-6.661338147750939e-16,-8.281153540679043e-13,0.0,0.0,-2.305978932110042e-10,4.797811974099897e-11,-2.007544339099887e-10,-2.724977049561872e-10
equilibrium_sigma_4,55.0,92.53893920388691,2.3038346627503703,0.31605912772990474,0.66,0.7356205622826045,0.9970818945808624,1.0007465608692137,0.35892704800237535,-0.05498413761594534,-0.02799410239819622,-0.31605912772990474,-5.001480407062391,-5.317539534792296,-4.130522295828028,0.6516571782881689,-5.4785689878745805,-4.507091593455668,0.3407465608692136,0.0756205622826045,1.6438346627503702,0.012367546296464263,0.011589665394240457,0.011658190128244338,-0.00034180987175566266,0.030805642676680248,0.011914065615181713,-8.593438481828766e-05,0.00026586285950536137,0.27169148523710407,0.04265744796575499,0.08965819012824434,0.03965819012824434,0.008308116953704325,0.9916918830462956,0.003589495901565301,0.2502871596721252,0.18785809406062962,0.21533489281695412,0.0018030310823642188,0.0015348608573275376,0.2295528188600992,0.767109289200209,1.0,0.6675950377459512,0.6731879620666267,1.3338440349543237,0.0006019311716845325,1.3666936946797723,0.3713190397717326,3.84989814477277,84.05821314940775,-8.881784197001252e-16,0.0,-1.1072254224586686e-12,0.0,0.0,-1.987449579909928e-10,3.9364530732277636e-11,-1.8052769348853026e-10,-2.483519015439306e-10
equilibrium_sigma_4,56.0,91.53893920388691,2.316194434633083,0.32780720573906286,0.672,0.7472584190306384,1.0277608045543718,1.012652518733698,0.3706094855295233,-0.05471675602478676,-0.03972819065272759,-0.32780720573906286,-4.94196753516777,-5.269774740906833,-4.061354985235187,0.6631641708000293,-5.408866914100166,-4.437809117610555,0.34065251873369806,0.07525841903063835,1.644194434633083,0.012352416400808058,0.01190762645661765,0.011617511215743663,-0.00038248878425633723,0.030551228265575325,0.011897918132941498,-0.00010208186705850178,0.0002691084027839352,0.27156821580528384,0.043847644030461555,0.08961751121574367,0.03961751121574367,0.008796907979255291,0.9912030920207447,0.003720598717968214,0.25029764789743747,0.18787114070623678,0.21538007459377395,0.001868858878760668,0.0016261834800981318,0.2296013037310491,0.7669036539100921,0.9999999999999999,0.6675071988589611,0.6734313121422255,1.3338626952356092,0.0006239422622780352,1.4090496803040844,0.3826531076611858,3.8478399113749053,85.0714031665606,-2.7755575615628914e-16,-4.440892098500626e-16,-1.4792611580105586e-12,0.0,0.0,-1.6205768497978834e-10,2.924281997107592e-11,-1.5415871704171913e-10,-2.149032236886672e-10
equilibrium_sigma_4,57.0,90.53893920388691,2.3285403010430876,0.33987665821976487,0.684,0.7588555295739601,1.0581824101307826,1.0245425231401941,0.3822749608895153,-0.054445512475745805,-0.05178274513063208,-0.33987665821976487,-4.881185725710141,-5.221062383929906,-3.992282869829566,0.674642788149873,-5.3392523115974475,-4.368620148860405,0.34054252314019406,0.07485552957396002,1.6445403010430875,0.012339703747704822,0.012232419962255572,0.011576667307831572,-0.0004233326921684287,0.030290991389283185,0.01188214904135343,-0.00011785095864657105,0.0002735792070662768,0.2714444463873684,0.04506417473282593,0.08957666730783158,0.039576667307831576,0.009313569373368656,0.9906864306266313,0.0038602110247173116,0.25030881688197737,0.1878850316608558,0.2154259159860344,0.0019389573340377198,0.001722816487355308,0.22965916075049153,0.7666790654281154,0.9999999999999999,0.6674136586134393,0.6736880994638085,1.3338825672738008,0.0006473840525228786,1.4528346007987172,0.3943638839062212,3.845753073963652,86.08465873577852,1.1102230246251565e-15,-4.440892098500626e-16,-1.9716450694318155e-12,0.0,0.0,-1.22135669633483e-10,1.8678525740001284e-11,-1.2215395535364326e-10,-1.7254223050322537e-10
equilibrium_sigma_4,58.0,89.53893920388691,2.3408745880103283,0.35227433304668104,0.6960000000000001,0.7704116396608235,1.0883407635789335,1.0364169253340254,0.3939228526725627,-0.054169203205789995,-0.06416454035869279,-0.35227433304668104,-4.81910461137172,-5.171378944418401,-3.923310906641532,0.6860914844962334,-5.269727729870807,-4.299529124413893,0.34041692533402534,0.07441163966082343,1.6448745880103282,0.012329229442530919,0.012564075312035754,0.011535481833496099,-0.0004645181665039015,0.030024683693988315,0.011866705880159145,-0.00013329411984085507,0.00027923345746749817,0.27131964191968516,0.0463072825216057,0.0895354818334961,0.0395354818334961,0.009859587897351202,0.9901404121026488,0.004009019783880323,0.2503207215827104,0.18789983478167677,0.21547262078503446,0.0020136709693558256,0.0018250559129121913,0.22972619675276346,0.7664350763649685,1.0,0.6673139567448001,0.6739589138955567,1.3339037489620673,0.00067237228584399,1.4981007981135719,0.40646417210376884,3.8436284266338983,87.09803740355791,1.1102230246251565e-16,4.440892098500626e-16,-2.6235680294917074e-12,0.0,0.0,-8.050660485481309e-11,9.06071224993088e-12,-8.501793366533228e-11,-1.216861160446836e-10
equilibrium_sigma_4,59.0,88.53893920388691,2.353199452959151,0.3650071030083141,0.708,0.781926324146735,1.118229675203573,1.0482760296038938,0.4055525524289163,-0.05388666284118637,-0.07688036897692285,-0.3650071030083141,-4.755693979088386,-5.1207010820967005,-3.8544443919324554,0.697508640848231,-5.200296134434244,-4.230540836785499,0.3402760296038938,0.07392632414673506,1.6451994529591512,0.012320834873096154,0.012902612830740906,0.011493789436780026,-0.0005062105632199741,0.029752069464942518,0.01185154720917403,-0.000148452790825971,0.00028603607538091325,0.27119330132357583,0.04757718117582145,0.08949378943678003,0.03949378943678003,0.010436516801169814,0.9895634831988301,0.004167775615337185,0.250333422049227,0.18791562417005603,0.21552038642588883,0.00209337619575506,0.0019332124768264688,0.2298022649119113,0.7661711464155071,0.9999999999999999,0.667207590337724,0.6742443528543828,1.3339263472749674,0.000699033466520854,1.5449024181908007,0.41896718701193875,3.841457079837281,88.11159328186773,-8.326672684688674e-16,0.0,-3.4842129181811288e-12,0.0,0.0,-3.8643623023748574e-11,2.1369555430750253e-12,-4.3291191811900553e-11,-6.280730796559553e-11
equilibrium_sigma_4,60.0,87.53893920388691,2.365516904139978,0.37808185642201225,0.72,0.793398997813318,1.147842725588189,1.060120104362973,0.4171634716369856,-0.053596757995469924,-0.08993703163543998,-0.37808185642201225,-4.6909237870422045,-5.069005643464217,-3.7856889619177325,0.7088925628774758,-5.13096089473036,-4.161660431753944,0.34012010436297313,0.07339899781331805,1.645516904139978,0.012314380043695478,0.013248043146200775,0.011451435212504281,-0.0005485647874957193,0.029472924858614996,0.011836642762608207,-0.00016335723739179311,0.0002939580612260073,0.27106495518940693,0.04887405358964124,0.08945143521250429,0.039451435212504285,0.011045977306959736,0.9889540226930402,0.004337299513523385,0.2503469839610819,0.1879324808234589,0.21556940507130842,0.0021784846733905465,0.002047612089654802,0.22988726078645333,0.7658866424505012,0.9999999999999999,0.6670940093259393,0.674545018290499,1.3339504792282273,0.0007275060006701208,1.5932954440175866,0.4318865581361134,3.8392304113862457,89.12537728598073,8.326672684688674e-16,0.0,-4.6200820946751264e-12,0.0,0.0,1.8355351960597233e-12,1.198451060613337e-13,2.3028592921470192e-12,3.4122010772463796e-12
equilibrium_sigma_4,61.0,86.53893920388691,2.3778288184989127,0.3915054871192251,0.732,0.8048289255062709,1.1771732771420833,1.0719493934798847,0.4287550498137963,-0.05329838149758004,-0.10334132618020853,-0.3915054871192251,-4.624764186925919,-5.0162696740451445,-3.7170505943292866,0.7202414788231302,-5.061725774149119,-4.0928934074246985,0.33994939347988473,0.07282892550627096,1.6458288184989127,0.012309742114396137,0.013600366550893328,0.011408274108092552,-0.0005917258919074485,0.02918703727762194,0.011821973781023232,-0.00017802621897676854,0.0003029758827155504,0.27093416396391684,0.05019804941507721,0.08940827410809256,0.039408274108092556,0.011689659933130567,0.9883103400668695,0.004518490324245273,0.25036147922593965,0.18795049335990513,0.21561986459083082,0.0022694470498754167,0.0021685963422193675,0.22998111867019688,0.7655808379377085,1.0000000000000002,0.6669726114827557,0.6748615130725315,1.3339762729474218,0.000757941467368916,1.6433377233315398,0.4452363321811972,3.8369400226143684,90.13943732083334,-5.551115123125783e-16,0.0,-6.112443884376262e-12,-1.1102230246251565e-16,0.0,2.9729576439541106e-11,5.761136359638819e-12,4.025595655432479e-11,6.060569407440042e-11
equilibrium_sigma_4,62.0,85.53893920388691,2.3901369581830747,0.40528488378426025,0.744,0.816215231756571,1.206214485089946,1.0837641280283963,0.4403267639223606,-0.052990447203518976,-0.11710003610101971,-0.40528488378426025,-4.557185551374319,-4.962470435158579,-3.648535610699261,0.7315535375152389,-4.992594921908117,-4.0242456142319964,0.3397641280283963,0.07221523175657096,1.6461369581830747,0.012306814130913918,0.013959572347815056,0.01136417048784908,-0.0006358295121509198,0.028894204879550543,0.01180753353535735,-0.00019246646464264952,0.0003130709302912038,0.2708005166298457,0.051549282555085535,0.08936417048784909,0.039364170487849084,0.012369325629219682,0.9876306743707803,0.004712333073489349,0.25037698664587915,0.18796975882343803,0.21567194944775042,0.0023667571233798395,0.002296522974902405,0.230083808208093,0.7652529116936247,1.0,0.666842736840762,0.6751944366912335,1.334003868858815,0.0007905060358580243,1.695088989858671,0.45903097418729144,3.834577699207329,91.15381841641886,2.220446049250313e-16,0.0,5.314415574275699e-12,0.0,0.0,4.448426522973836e-11,1.659316087310181e-11,6.55867738591498e-11,1.0055102583894637e-10
equilibrium_sigma_4,63.0,84.53893920388691,2.402442985865885,0.4194269186319324,0.756,0.8275569100466276,1.2349593080343897,1.0955645386313546,0.4518781392471829,-0.052671885350765946,-0.1312199182160816,-0.4194269186319324,-4.488158506476707,-4.907585425108639,-3.580150679059792,0.7428268065415933,-4.9235728665685645,-3.9557232557189193,0.3395645386313546,0.07155691004662756,1.6464429858658851,0.012305503932413087,0.014325638182761755,0.011318997857912592,-0.0006810021420874078,0.02859423621208777,0.011793327986397983,-0.00020667201360201684,0.00032422896645289967,0.2706636298724624,0.05292782849883467,0.0893189978579126,0.039318997857912596,0.013086806691374577,0.9869131933086254,0.004919908251469918,0.25039359266011757,0.18799038358013273,0.21572584147332077,0.002470956481713561,0.002431766319565014,0.2301953312374169,0.7649019459613045,0.9999999999999999,0.666703661471515,0.6755443801864598,1.334033421017152,0.0008253820467712843,1.7486108767984991,0.47328536714875097,3.832135376988651,92.16856281214815,2.220446049250313e-16,0.0,2.603472992745992e-12,0.0,0.0,4.9490423911779935e-11,3.10675842690733e-11,8.041558564875206e-11,1.2597079282472556e-10
equilibrium_sigma_4,64.0,83.53893920388691,2.414748479065237,0.43393843541178095,0.768,0.8388528318817912,1.2634005182141077,1.1073508685894733,0.4634087619372314,-0.05234163842301098,-0.14570768956838087,-0.43393843541178095,-4.41765396930518,-4.8515924047169605,-3.5119028173153852,0.7540592705929026,-4.854664510973855,-3.8873328899336195,0.3393508685894733,0.07085283188179115,1.6467484790652371,0.012305733228217139,0.014698529365532134,0.01127263875249395,-0.0007273612475060497,0.028286949968603918,0.011779376689613485,-0.00022062331038651475,0.0003364396561345018,0.27052314773483016,0.05433372148966638,0.08927263875249396,0.039272638752493955,0.013844007418913735,0.9861559925810862,0.005142402167805772,0.25041139217342445,0.18801248431525688,0.21578172060208672,0.0025826396748394294,0.0025747177061303905,0.23031571882081575,0.7645269237982145,1.0,0.66655459054757,0.6759119201851456,1.3340650985871965,0.0008627697775904371,1.8039669210696327,0.488014809897267,3.829605110843223,93.18370998934842,-2.220446049250313e-16,0.0,-1.1102230246251565e-16,0.0,0.0,4.751700768967915e-11,4.762881061770585e-11,8.657789589416875e-11,1.392726177440462e-10
equilibrium_sigma_4,65.0,82.53893920388691,2.4270549436188227,0.4488262367291241,0.78,0.8501017558293453,1.291530711575475,1.1191233879909321,0.47491829342794134,-0.051998657494405465,-0.16057001351014932,-0.4488262367291241,-4.345643190404399,-4.794469427133523,-3.443799396602363,0.7652488300121861,-4.785875128403623,-3.819081431283141,0.3391233879909321,0.0701017558293453,1.6470549436188227,0.012307436834383581,0.015078198182932228,0.011224984783249604,-0.0007750152167503958,0.027972174858891398,0.011765713867628591,-0.0002342861323714092,0.00034969607931589763,0.27037874176742305,0.055766951515375925,0.08922498478324961,0.03922498478324961,0.014642904481191373,0.9853570955188087,0.0053811185079638895,0.2504304894806371,0.18803618914341966,0.2158397654821479,0.0027024599852609912,0.0027257858247219558,0.23044502843341058,0.7641267257566066,1.0000000000000002,0.6663946505996642,0.676297611932043,1.3340990874977263,0.0009028894150748144,1.8612225566249532,0.5032350130094011,3.8269790486012485,94.19929665065911,-4.440892098500626e-16,0.0,-7.771561172376096e-16,0.0,0.0,4.081862105265177e-11,6.473743069390636e-11,8.570032877797118e-11,1.4261226227718637e-10
equilibrium_sigma_4,66.0,81.53893920388691,2.439363826473868,0.4640970706763925,0.792,0.8613023366902532,1.3193423177710024,1.1308824090204692,0.48640648699118316,-0.05164189903125738,-0.1758134849531654,-0.4640970706763925,-4.272097801203914,-4.736194871880307,-3.3758481448666693,0.7763932995880161,-4.717210359741632,-3.7509761526780094,0.3388824090204692,0.06930233669025321,1.6473638264738681,0.01231056206511446,0.01546458320692212,0.011175936856262843,-0.0008240631437371575,0.027649749591579835,0.01175238972361825,-0.0002476102763817496,0.0003639942924849038,0.270230111685645,0.05722746110881921,0.08917593685626285,0.03917593685626285,0.015485546950548606,0.9845144530494514,0.00563749123692413,0.2504509992989539,0.188061638844878,0.21590015402978327,0.0028311358684752447,0.002885397032917299,0.2305833412732312,0.7637001258253763,1.0,0.6662228808712608,0.6767019811722327,1.33413559228911,0.000945983260263922,1.920445094886525,0.5189620924773348,3.8242494082116023,95.21535664420304,7.771561172376096e-16,2.220446049250313e-16,1.1102230246251565e-16,0.0,0.0,3.123626184098338e-11,8.089602598904122e-11,7.926781453448939e-11,1.3794742431683105e-10
equilibrium_sigma_4,67.0,80.53893920388691,2.4516765279438753,0.4797576167717403,0.804,0.8724531349741389,1.3468276101948635,1.1426283027008188,0.49787320668558205,-0.05127032213168181,-0.1914446147642952,-0.4797576167717403,-4.196989866321195,-4.676747483092935,-3.308057150382081,0.787490407627916,-4.6486762114578895,-3.683024687798678,0.3386283027008188,0.06845313497413885,1.6476765279438752,0.012315068274818111,0.015857608601694075,0.011125405562720979,-0.0008745944372790214,0.027319522965515423,0.011739472013383434,-0.0002605279866165662,0.00037933290897296246,0.27007698655369994,0.0587151419454285,0.08912540556272099,0.03912540556272098,0.016374055960627947,0.9836259440393721,0.005913099013743529,0.2504730479210995,0.18808898824264192,0.2159630639118562,0.0029694581443450033,0.003053995596217595,0.23073075966221906,0.7632457865972184,1.0,0.6660382236607918,0.6771255147313724,1.3341748381781096,0.0009923181948631602,1.9817036900769773,0.5352125608583373,3.8214084584970145,96.23192082983786,-1.27675647831893e-15,-6.661338147750939e-16,5.551115123125783e-16,-1.1102230246251565e-16,0.0,2.0281300944224867e-11,9.46776997079457e-11,6.868000265725094e-11,1.270806064546104e-10
equilibrium_sigma_4,68.0,79.53893920388691,2.4639944135817493,0.49581447120596883,0.8160000000000001,0.8835526268551169,1.3739787161635881,1.1543615173206891,0.5093184490130028,-0.05088288618828929,-0.20746981328753744,-0.49581447120596883,-4.120291940731007,-4.6161064119369755,-3.2404348650160397,0.7985377953515644,-4.580279054205066,-3.6152350333074605,0.3383615173206891,0.06755262685511687,1.6479944135817493,0.012320926548636403,0.016257183433979156,0.011073311751475433,-0.0009266882485245674,0.02698135406854975,0.011727047841691984,-0.0002729521583080159,0.00039571265875171235,0.2699191265196225,0.06022983122241726,0.08907331175147544,0.03907331175147544,0.017310623946351758,0.9826893760536483,0.006209681300387898,0.250496774504031,0.1881184077366198,0.2160286729546357,0.003118298029841635,0.003232043848187065,0.23088740450597825,0.762762253615993,1.0,0.66583951352874,0.677568649620152,1.3342170733665202,0.001042188441418256,2.045069286906873,0.5520033155940104,3.8184485034556905,97.24901688404434,-1.1657341758564144e-15,2.220446049250313e-16,0.0,0.0,0.0,9.206092485558592e-12,1.0475698433709546e-10,5.529650348723436e-11,1.1169077815398332e-10
equilibrium_sigma_4,69.0,78.53893920388691,2.476318825817509,0.5122741314033658,0.8280000000000001,0.8945992147953421,1.4007876273490252,1.1660825988277344,0.5207423676238154,-0.050478548963061476,-0.22389537297611994,-0.5122741314033658,-4.041977131780931,-4.554251263184297,-3.1729901070877338,0.809533016646397,-4.512025621826304,-3.547615550820176,0.3380825988277343,0.06659921479534203,1.648318825817509,0.012328119541155133,0.01666320099142575,0.011019587293825149,-0.0009804127061748512,0.026635112583309778,0.011715225798347717,-0.0002847742016522832,0.0004131360048509336,0.2697563251328035,0.06177130780241132,0.08901958729382516,0.03901958729382515,0.0182975134194126,0.9817024865805875,0.006529156370051289,0.2505223325096041,0.18815008501278027,0.21609715948520739,0.003278616114227084,0.0034200222548796703,0.23105341278085112,0.7622479488500421,1.0,0.6656254652320656,0.6780317604680172,1.3342625716233434,0.0010959186537072788,2.1106145477190243,0.5693516241645182,3.815361869919611,98.26666903922353,5.551115123125783e-16,-4.440892098500626e-16,-2.220446049250313e-16,0.0,0.0,-9.388653049446916e-13,1.0994274241005186e-10,4.04731716890927e-11,9.335790820963474e-11
equilibrium_sigma_4,70.0,77.53893920388691,2.4886510955092938,0.5291429799071965,0.84,0.9055912390345823,1.4272462105707946,1.177792213491625,0.5321453014530718,-0.05005626506694516,-0.2407274501206036,-0.5291429799071965,-3.962019166035203,-4.4911621459424,-3.1057320636194006,0.8204735382297246,-4.443923010565738,-3.4801749684406484,0.337792213491625,0.0655912390345823,1.648651095509294,0.012336641464658647,0.017075538114477963,0.010964176053049675,-0.0010358239469503254,0.026280679200592932,0.011704138371815276,-0.0002958616281847244,0.0004316067203635754,0.2695884122819687,0.06333928810196139,0.08896417605304968,0.03896417605304968,0.019337055232241405,0.9806629447677586,0.006873641444355448,0.25054989131554845,0.18818422694717432,0.21616870260580173,0.003451472389445197,0.0036184293661246404,0.23122893501616576,0.7617011632282644,1.0,0.6653946602322818,0.6785151450683813,1.334311635173889,0.0011538673782729523,2.178413755787575,0.5872751057159727,3.8121408985243748,99.28489775236153,-4.440892098500626e-16,-2.220446049250313e-16,-2.220446049250313e-16,0.0,0.0,-9.25670130824674e-12,1.0921276383246692e-10,2.5587179944275285e-11,7.357735948287925e-11
equilibrium_sigma_4,71.0,76.53893920388691,2.5009925535586097,0.5464272676063193,0.852,0.9165269901577904,1.4533462190566289,1.1894911731726716,0.543527806713926,-0.04961498483987503,-0.2579720456618344,-0.5464272676063193,-3.880392460928659,-4.426819728534978,-3.0386702917723034,0.8313567402630677,-4.3759786782645005,-3.4129223816477405,0.33749117317267163,0.0645269901577904,1.6489925535586099,0.01234649823000615,0.01749405454780901,0.010907035073559883,-0.0010929649264401174,0.025917946142165804,0.011693944748092377,-0.00030605525190762276,0.00045112950486370096,0.2694152577986663,0.06493342170279863,0.08890703507355989,0.03890703507355989,0.020431646282636093,0.979568353717364,0.007245475215449341,0.25057963801723593,0.18822106172664804,0.21624348240173796,0.003638037461328464,0.0038277816339654168,0.23141413273853115,0.761120048166175,1.0,0.6651455316056488,0.6790190077920424,1.3343645979330856,0.0012164309330225938,2.2485426910145936,0.6057917087710036,3.8087779379480193,100.30371929714079,-1.5543122344752192e-15,-2.220446049250313e-16,-2.220446049250313e-16,0.0,0.0,-1.4968620093425145e-11,1.017498967026409e-10,1.2051292255788049e-11,5.376765005449258e-11
equilibrium_sigma_4,72.0,75.53893920388691,2.5133445427446777,0.5641330963257878,0.864,0.9274047229687609,1.479079304281409,1.2011804635653074,0.5548906932232296,-0.049153653629791516,-0.2756349850808264,-0.5641330963257878,-3.797072201210058,-4.361205297535846,-2.9718147192415088,0.8421799174653669,-4.308200443313539,-3.345867253308671,0.3371804635653074,0.06340472296876087,1.6493445427446778,0.012357707744869342,0.01791859231803653,0.010848136007014723,-0.0011518639929852768,0.025546817795923313,0.011684833974845432,-0.00031516602515456807,0.0004717095780648606,0.2692367757788325,0.06655328666079391,0.08884813600701473,0.03884813600701473,0.021583746611267888,0.9784162533887321,0.007647243038223595,0.2506117794430579,0.18826084121017028,0.21632168008315272,0.0038396050812291725,0.0040486130760191575,0.2316091758433988,0.7605026059993527,0.9999999999999998,0.6648763471643901,0.6795434405975979,1.3344218291245658,0.0012840477543806356,2.3210784737553785,0.6249196846035516,3.8052653423970613,101.3231452726364,-1.887379141862766e-15,0.0,1.1102230246251565e-16,0.0,0.0,-1.738800770034743e-11,8.697856324069164e-11,1.316701955800248e-12,3.527032485517445e-11
equilibrium_sigma_4,73.0,74.53893920388691,2.525708429938288,0.5822664008113779,0.876,0.9382226719166028,1.5044370284992334,1.2128612758233626,0.5662350655876531,-0.048671211471702724,-0.2937218973611735,-0.5822664008113779,-3.7120344201497204,-4.294300820961098,-2.905175643364233,0.8529402807719604,-4.240596483120086,-3.279019412574041,0.33686127582336256,0.0622226719166028,1.649708429938288,0.01237030037573058,0.018348975145160443,0.010787466795405438,-0.0012125332045945618,0.02516721146762222,0.011677028558532143,-0.0003229714414678571,0.0004933522784744682,0.2690529296830468,0.06819838448433228,0.08878746679540545,0.03878746679540544,0.022795875845232967,0.977204124154767,0.008081805109677908,0.2506465444087742,0.1883038435568654,0.21640347806027707,0.0040576061528558235,0.0042814747587248325,0.23181423985683727,0.759846679231582,0.9999999999999999,0.6645851905765157,0.6800884013371811,1.3344837373319614,0.0013572032706283743,2.3960993719293975,0.6446775558293127,3.801595472334045,102.3431820207249,-1.2212453270876722e-15,4.440892098500626e-16,0.0,0.0,0.0,-1.5904593614335383e-11,6.460127918717085e-11,-5.138866762677274e-12,1.9341660217886414e-11
equilibrium_sigma_4,74.0,73.53893920388691,2.5380856188628225,0.600832930145801,0.888,0.9489790683431744,1.5294108780877669,1.2245350420156422,0.5775623698371803,-0.04816659316996008,-0.3122381930236875,-0.600832930145801,-3.6252560854791254,-4.226089015624926,-2.8387637286744143,0.8636349595855276,-4.173175331826782,-3.212389052388913,0.3365350420156422,0.06097906834317435,1.6500856188628226,0.01238431958167787,0.018785007895923984,0.010725033633949076,-0.0012749663660509246,0.024779058254750016,0.011670788544471122,-0.0003292114555288779,0.0005160626626032894,0.2688637382846942,0.06986813475022405,0.08872503363394908,0.03872503363394908,0.024070608942904345,0.9759293910570956,0.008552327986932446,0.2506841862389546,0.1883503761490439,0.21648905995162615,0.00429362438540337,0.004526934072357096,0.23202950304745232,0.7591499384947873,1.0,0.6642699402487552,0.6806536890227675,1.3345507750339511,0.0014364353658413683,2.473684565931207,0.6650840797334153,3.797760698454297,103.36382994325263,-9.992007221626409e-16,2.220446049250313e-16,3.3306690738754696e-16,0.0,0.0,-9.981321325014392e-12,3.4634451556714296e-11,-5.838180633377377e-12,7.1369403442655965e-12
equilibrium_sigma_4,75.0,72.53893920388691,2.5504775635789287,0.6198382286429566,0.9,0.9596721598439745,1.5539922778303903,1.2362034749059505,0.5888744461565733,-0.04763872878864939,-0.3311890412374474,-0.6198382286429566,-3.5367151900210283,-4.156553418663985,-2.7725900026113512,0.8742610046633396,-4.105945877001097,-3.1459867253302667,0.3362034749059505,0.05967215984397445,1.6504775635789288,0.012399822729654807,0.01922647608810326,0.010660863239689393,-0.0013391367603106073,0.024382304049562563,0.011666416088740306,-0.0003335839112596946,0.0005398450853011383,0.26866928254451333,0.07156186932131998,0.0886608632396894,0.0386608632396894,0.025410571198793683,0.9745894288012064,0.009062319832349452,0.25072498558658796,0.18840077884068954,0.21657861052416397,0.0045494137814117335,0.004785573766281496,0.23225514334455544,0.7584098691077513,1.0,0.6639282457123258,0.6812389156826693,1.334623443680254,0.0015223405062623988,2.553913865138805,0.6861582058273278,3.793753408928988,104.38508270885382,-1.1102230246251565e-16,0.0,3.3306690738754696e-16,0.0,0.0,8.378124582986146e-13,-2.557943440395505e-12,6.502368088412425e-13,-3.132563652918918e-13
equilibrium_sigma_4,76.0,71.53893920388691,2.5628857828797993,0.6392876162760106,0.912,0.9703002320625054,1.5781726062695114,1.2478686126015626,0.60017358843467,-0.04708654455624395,-0.3505793460165516,-0.6392876162760106,-3.446390846956453,-4.085678463232464,-2.706665849062564,0.8848153916818756,-4.0389173549874995,-3.0798233374541177,0.33586861260156253,0.05830023206250534,1.6508857828797994,0.01241688210243612,0.0196731454555806,0.010595005454994234,-0.001404994545005766,0.023976910679942332,0.011664260628485579,-0.0003357393715144215,0.0005647027895294698,0.26846971349998255,0.07327882612569585,0.08859500545499424,0.03859500545499424,0.02681843247222104,0.973181567527779,0.009615669813498052,0.25076925358507984,0.1884554275639139,0.2166723155642628,0.004826918166003196,0.005057990709197467,0.23249133501399658,0.7576237561108029,1.0000000000000002,0.6635575012249563,0.6818434743997711,1.3347022993717417,0.0016155806090404987,2.6368673690200257,0.707919027098259,3.7895660199366668,105.40692633807818,2.220446049250313e-16,2.220446049250313e-16,1.1102230246251565e-16,0.0,0.0,1.6905008642931207e-11,-4.6233940287354613e-11,1.564436427625715e-11,-2.1364021662861887e-12
equilibrium_sigma_4,77.0,70.53893920388691,2.575311875796074,0.6591861687053806,0.924,0.980861633269064,1.6019432122739046,1.2595328686681584,0.6114626114260507,-0.04650896419142436,-0.37041372151754315,-0.6591861687053806,-3.3542633896602503,-4.013449558365631,-2.641002999390136,0.8952950255148381,-3.9720993445854313,-3.013910139805127,0.33553286866815835,0.056861633269063905,1.651311875796074,0.012435586112174997,0.020124761584952546,0.010527536218679572,-0.0014724637813204287,0.023562857198521556,0.011664724665072512,-0.000335275334927488,0.0005906374822561844,0.26826526126872596,0.07501814245264214,0.08852753621867958,0.038527536218679576,0.028296900610615,0.971703099389385,0.010216692126827881,0.2508173353701462,0.18851473832769464,0.21677036167811495,0.005128292982957455,0.005344794335046363,0.23273824503737064,0.7567886676446255,0.9999999999999999,0.6631548162750253,0.6824665030828343,1.3347879592142784,0.001716890742017225,2.7226250649560386,0.7303857243872137,3.7851909895062317,106.42933815418803,-2.220446049250313e-15,2.220446049250313e-16,5.551115123125783e-16,0.0,0.0,3.843080194354531e-11,-9.524747310307724e-11,4.025519848016579e-11,2.338105403731916e-12
equilibrium_sigma_4,78.0,69.53893920388691,2.5877575384230194,0.6795386969839265,0.936,0.9913548021095256,1.62529543297441,1.271199088367378,0.622744926399674,-0.0459049106570778,-0.39069646645894895,-0.6795386969839265,-3.2603144760186136,-3.93985317300254,-2.5756135205554815,0.9056967452534602,-3.9055017586820844,-2.948258717207386,0.335199088367378,0.05535480210952559,1.6517575384230194,0.012456040733923493,0.020581049635364397,0.010458560941303076,-0.0015414390586969244,0.023140141332513024,0.011668270230025257,-0.00033172976997474304,0.0006176488975828676,0.268056245276676,0.07677884771579015,0.08845856094130308,0.03845856094130308,0.029848714047553654,0.9701512859524464,0.010870175156256278,0.25086961401250046,0.18857917164461924,0.21687293602020283,0.005455929602073863,0.005646604730847772,0.23299602913358386,0.7559014365334945,1.0,0.6627169826453082,0.6831068434802781,1.3348811084225403,0.0018270877526178429,2.8112663539309843,0.7535775033073905,3.7806208346894805,107.45228558562476,-1.1102230246251565e-15,0.0,-3.3306690738754696e-16,-1.1102230246251565e-16,0.0,6.542733542447277e-11,-1.48028860003091e-10,7.526244558131445e-11,1.3524376063500654e-11
equilibrium_sigma_4,79.0,68.53893920388691,2.6002245822977668,0.7003497270288339,0.9480000000000001,1.001778298948262,1.6482206132358288,1.2828706117351465,0.6340246262341543,-0.04527330834889476,-0.41143153769176344,-0.7003497270288339,-3.1645271971197286,-3.8648769241485628,-2.51050979991966,0.9160173299883608,-3.8391348334298967,-2.882880973917091,0.33487061173514643,0.053778298948261916,1.6522245822977668,0.012478371175020604,0.021041714154248287,0.010388218325262912,-0.0016117816747370887,0.022708781108926424,0.01167542610702732,-0.00032457389297268005,0.0006457343604271415,0.26784308583413,0.07855985562860117,0.08838821832526292,0.038388218325262916,0.031476633567571785,0.9685233664324282,0.011581436320429763,0.2509265149056344,0.188649237422138,0.21698022594849814,0.005812482400851681,0.005964050317970949,0.2332648273538494,0.7549586399273279,1.0,0.662240437665312,0.6837629949029372,1.334982508256878,0.00194707993383626,2.9028694941763944,0.7775135230939656,3.7758481520703704,108.47572480473913,-2.55351295663786e-15,0.0,2.220446049250313e-16,0.0,0.0,9.763330942325066e-11,-2.025730520827107e-10,1.2095320058025383e-10,3.1510193759798355e-11
equilibrium_sigma_4,80.0,67.53893920388691,2.612714954571044,0.7216234789628487,0.96,1.012130841272116,1.6707101268487694,1.2945513442843277,0.6453065810087808,-0.044613085723483104,-0.4326225229579834,-0.7216234789628487,-3.0668861901820006,-3.788509669144849,-2.4457045262545343,0.9262535053595609,-3.7730091145139486,-2.817789115675572,0.33455134428432776,0.05213084127211598,1.652714954571044,0.012502723797683857,0.02150643900267085,0.01031668467471488,-0.0016833153252851195,0.022268816672350727,0.011686795878818046,-0.0003132041211819543,0.0006748883507601278,0.2676263171961057,0.08035995573227503,0.08831668467471489,0.038316684674714885,0.03318343324470116,0.9668165667552988,0.01235638320378863,0.25098851065630307,0.1887255003547085,0.21709241860526204,0.006200898900868699,0.006297765073268371,0.23354475917211237,0.7539565768537505,1.0,0.6617212232534615,0.6844330620794411,1.3350930048833065,0.0020778778456696824,2.9975109517092613,0.8022128167609435,3.7708656416002357,109.49959918595711,-2.7755575615628914e-15,-2.220446049250313e-16,-5.551115123125783e-16,0.0,0.0,1.3441198327968085e-10,-2.564384017633703e-10,1.76916868308008e-10,5.597201868656754e-11
equilibrium_sigma_4,81.0,66.53893920388691,2.6252307602358154,0.7433638464417811,0.972,1.0224113436696982,1.6927553996437623,1.3062458361833713,0.6565965452321676,-0.04392317836837667,-0.4542726128841865,-0.7433638464417811,-2.9673777555511744,-3.7107416019929556,-2.381210666454274,0.9364019508651487,-3.7071354400034755,-2.752995627654319,0.33424583618337134,0.05041134366969824,1.6532307602358154,0.012529268313478892,0.021974887405067044,0.010244178744982964,-0.0017558212550170364,0.02182031231528779,0.011703066840063059,-0.0002969331599369414,0.0007051020550763454,0.26740660225752416,0.08217780421107282,0.08824417874498297,0.03824417874498297,0.03497189058009997,0.9650281094199,0.013201581604805532,0.25105612652838444,0.18880858585182453,0.2172097004227145,0.006624453254246665,0.006648385231130817,0.23383591798253545,0.7528912435320871,1.0,0.6611549403247802,0.6851146965265242,1.3352135392531455,0.0022206064209730403,3.095264645468503,0.8276942019325724,3.765666133721389,110.52383756514672,-4.107825191113079e-15,-2.220446049250313e-16,-6.661338147750939e-16,0.0,0.0,1.7462499501963435e-10,-3.067576019588625e-10,2.4178794209850363e-10,8.606935650301573e-11
equilibrium_sigma_4,82.0,65.53893920388691,2.6377742866945777,0.7655743761005036,0.984,1.0326189629523699,1.7143479347514745,1.3179593708323867,0.6679012779450388,-0.04320253251243744,-0.47638457226829045,-0.7655743761005036,-2.8659899775573123,-3.631564353657816,-2.317041437386609,0.9464593078988391,-3.641524919223931,-2.6885132477321254,0.3339593708323867,0.04861896295236989,1.6537742866945777,0.012558200269581835,0.022446702139246457,0.010170967186066797,-0.0018290328139332034,0.02136335874416057,0.011725019887220967,-0.0002749801127790337,0.0007363629278556161,0.2671847490486873,0.08401191392535712,0.0881709671860668,0.0381709671860668,0.036844775886421155,0.9631552241135788,0.014124331167264297,0.25112994649338116,0.18889918653379317,0.21733225655343963,0.007086783386772908,0.007016545401931076,0.2341383649041371,0.751758306307159,1.0,0.6605366981179328,0.6858050307787563,1.3353451581051308,0.0023765184952941696,3.1962010734462516,0.8539761817178816,3.760242619704918,111.5483522806173,-6.328271240363392e-15,-2.220446049250313e-16,-2.220446049250313e-16,0.0,0.0,2.164734971138449e-10,-3.502643522446114e-10,3.1292697599827335e-10,1.2031532714562587e-10
equilibrium_sigma_4,83.0,64.53893920388691,2.6503480309675145,0.7882582472661412,0.996,1.042753149040458,1.7354793402576998,1.329698063827988,0.6792286770279228,-0.04245010896971613,-0.498960710731037,-0.7882582472661412,-2.762712848972571,-3.550971096238712,-2.2532102722687135,0.9564221884617077,-3.5761889070205934,-2.624354934487709,0.33369806382798806,0.04675314904045802,1.6543480309675145,0.012589743847832888,0.022921505883704764,0.010097370640015708,-0.0019026293599842918,0.02089807560761889,0.01175354042426413,-0.00024645957573586966,0.0007686542757845416,0.2669617292121688,0.08586064358868388,0.08809737064001572,0.03809737064001571,0.038804840993241885,0.9611951590067581,0.015132749283720145,0.2512106199426976,0.18899806932167332,0.21746027022627434,0.007591932109662043,0.007402874036602871,0.23445212177993296,0.7505530720738022,1.0,0.6598610579799075,0.6865006047905698,1.335489026197816,0.0025470099104304535,3.300386304846339,0.8810768350099387,3.7545882850796395,112.57303697499076,-6.661338147750939e-15,-4.440892098500626e-16,-5.551115123125783e-16,0.0,0.0,2.5730560911096934e-10,-3.833375838979691e-10,3.8603031361772455e-10,1.564184406999125e-10
equilibrium_sigma_4,84.0,63.53893920388691,2.66295472986519,0.8114182521047641,1.008,1.0528137023006723,1.7561413595303446,1.3414689733763039,0.6905879291355091,-0.04166488750239816,-0.5220028528194876,-0.8114182521047641,-2.6575383987482644,-3.4689566508530287,-2.1897307808936963,0.9662871844629395,-3.511138972710941,-2.560533829229245,0.3334689733763039,0.044813702300672276,1.65495472986519,0.012624154998500656,0.023398901740449417,0.010023770557295204,-0.001976229442704796,0.020424614317657394,0.011789630358638448,-0.0002103696413615526,0.0008019548297655277,0.26673869865847033,0.08772218601249587,0.08802377055729521,0.03802377055729521,0.040854807379415145,0.9591451926205848,0.016235863969818156,0.2512988691175855,0.18910608313926644,0.21759392202964115,0.00814439250908753,0.007807988161395234,0.2347771632442581,0.7492704560852591,1.0,0.6591219711402218,0.6871972838015932,1.3356464398836916,0.002733636350690634,3.4078808219101187,0.9090136956194633,3.748696545965799,113.59776413623226,-9.325873406851315e-15,2.220446049250313e-16,-2.220446049250313e-16,0.0,0.0,2.9338376172916014e-10,-4.0206753551541574e-10,4.5465411817324775e-10,1.9108894327990456e-10
equilibrium_sigma_4,85.0,62.53893920388691,2.675597393471744,0.8350567763866932,1.02,1.062800838088556,1.7763259045282394,1.35328022327698,0.7019896767631412,-0.04084587157865638,-0.5455123076686572,-0.8350567763866932,-2.550460822631778,-3.3855175990184714,-2.126616702970326,0.9760508774877821,-3.446386862940088,-2.497063211314804,0.33328022327698004,0.04280083808855606,1.6555973934717438,0.012661724931378696,0.023878473952750504,0.009950616802741875,-0.002049383197258125,0.019943161198358674,0.011834421265177753,-0.00016557873482224775,0.0008362383874249701,0.2665170206143693,0.08959455534099232,0.08795061680274188,0.03795061680274188,0.04299735387510637,0.9570026461248936,0.017443716398125433,0.25139549731185,0.18922416723255847,0.21773338912589926,0.008749157908298827,0.00823248730135127,0.23511340771757178,0.747904947072778,0.9999999999999998,0.6583127100132559,0.6878901669487577,1.3358188421377455,0.0029381320784452117,3.518738193670844,0.9378036196991412,3.742561088046556,114.62238235554283,-1.2545520178264269e-14,2.220446049250313e-16,-6.661338147750939e-16,0.0,0.0,3.1960941705710955e-10,-4.023461910862558e-10,5.096411261756861e-10,2.198019752319702e-10
equilibrium_sigma_4,86.0,61.53893920388691,2.6882793423074385,0.859175781075564,1.032,1.0727152593231404,1.796025092438766,1.36514113965631,0.7134462040221722,-0.03999209348844546,-0.5694898383502371,-0.859175781075564,-2.4414766161652315,-3.3006523972407953,-2.0638818537711616,0.9857098488671651,-3.3819444575605027,-2.4339564459448,0.33314113965631,0.04071525932314035,1.6562793423074385,0.012702783987297392,0.024359788838445404,0.009878436127182928,-0.002121563872817072,0.01945394100178894,0.01188918871686262,-0.00011081128313738045,0.000871473457841887,0.2662982912944937,0.09147557320037934,0.08787843612718294,0.03787843612718293,0.04523510411902432,0.9547648958809757,0.018767473743206045,0.25150139789945647,0.189353360094426,0.2178788444024341,0.009411776667371563,0.008676946506060506,0.2354607071735045,0.7464505696530633,1.0,0.6574257925920518,0.6885734859213015,1.3360078391511248,0.0031624307405764863,3.6330035625904107,0.9674626409846347,3.736175907808513,115.64671327976404,-1.532107773982716e-14,-2.220446049250313e-16,-1.5543122344752192e-15,0.0,0.0,3.2919971089395705e-10,-3.799868232567949e-10,5.384338495895147e-10,2.3650907968186807e-10
equilibrium_sigma_4,87.0,60.53893920388691,2.7010042485626,0.8837767849675237,1.044,1.0825582379997378,1.8152312860333246,1.3770624026702558,0.724971642753131,-0.03910261976387974,-0.5939356310648685,-0.8837767849675237,-2.3305847094438,-3.2143614944113237,-2.001540061213161,0.9952606898318086,-3.3178237175533716,-2.3712269235294596,0.3330624026702558,0.03855823799973779,1.6570042485626,0.012747705913320764,0.02484239596064619,0.009807841586153006,-0.0021921584138469945,0.018957220835706928,0.01195536789788676,-4.4632102113240785e-05,0.0009076230061966228,0.2660843684428879,0.09336285369194222,0.08780784158615301,0.03780784158615301,0.047570614005402634,0.9524293859945974,0.020219552916640814,0.25161756423333126,0.1894948089584062,0.2180304555679566,0.01013841203545224,0.009141908387096203,0.23581883550889188,0.7449008440685597,1.0,0.6564528995458506,0.6892404929950097,1.3362152185941467,0.0034086884186971048,3.750711923875553,0.9980058134756357,3.7295353555558135,116.67054823663378,-2.0761170560490427e-14,-2.220446049250313e-16,-1.9984014443252818e-15,0.0,0.0,3.133119059334222e-10,-3.30875681020526e-10,5.242593303922405e-10,2.3328716389214854e-10
equilibrium_sigma_4,88.0,59.53893920388691,2.7137761818182193,0.9088608486293853,1.056,1.0923317066308083,1.833937138177072,1.389056214422359,0.7365822006303682,-0.03817655683003984,-0.6188492643679719,-0.9088608486293853,-2.2177866028546864,-3.1266474514840716,-1.9396050934207496,1.0047000114731504,-3.254036623893281,-2.308887989651218,0.333056214422359,0.0363317066308082,1.6577761818182193,0.012796912564769974,0.025325829558909916,0.009739542992185872,-0.0022604570078141283,0.01845331455326573,0.012034570435748293,3.4570435748292744e-05,0.0009446442639227115,0.2658774030066239,0.09525378716851303,0.08773954299218588,0.037739542992185876,0.050006359411048876,0.9499936405889511,0.021813755650270272,0.25174510045202164,0.18964977979330522,0.21818838420601777,0.01093590719371457,0.009627874073762836,0.2361874753350344,0.7432487433974881,1.0,0.6553847837143189,0.6898833378589895,1.336442969640525,0.003679309091966511,3.871886176371987,1.0294470413110308,3.7226341795454676,117.69364451292708,-2.731148640577885e-14,-2.220446049250313e-16,-2.4424906541753444e-15,0.0,0.0,2.606118654213674e-10,-2.5116128621327505e-10,4.4516731446953006e-10,1.9991252056539288e-10
equilibrium_sigma_4,89.0,58.53893920388691,2.726599659691434,0.9344285599082359,1.068,1.102038360693615,1.8521356409824388,1.4011364843404048,0.7482964128988531,-0.037213056785865395,-0.644229678660134,-0.9344285599082359,-2.1030865028193064,-3.0375150627275422,-1.8780905757455106,1.0140244541631807,-3.1905951061296944,-2.2469528645546895,0.33313648434040477,0.03403836069361499,1.658599659691434,0.012850879056771722,0.025809610265107995,0.009674358491671302,-0.0023256415083286984,0.017942587660754104,0.012128602462357918,0.0001286024623579178,0.0009824886498810415,0.26567987421718575,0.09714552275047139,0.08767435849167131,0.037674358491671306,0.05254472455557929,0.9474552754444208,0.02356541520443525,0.2518852332163548,0.18981966768853803,0.21835278480221115,0.011811855516883716,0.010135292992977827,0.2365662029988501,0.7414866484912884,1.0,0.6542111718130283,0.6904929327731688,1.3366933048244005,0.003976972670087901,3.9965349234332885,1.061798895762346,3.715467570398492,118.71572126854105,-3.3639757646142243e-14,0.0,-3.219646771412954e-15,0.0,0.0,1.567837248916959e-10,-1.3748464866569776e-10,2.7290566854965004e-10,1.2334578844419575e-10
equilibrium_sigma_4,90.0,57.53893920388691,2.739479703866465,0.9604800213097706,1.08,1.1116817732563,1.8698201801550356,1.4133190332206427,0.7601354193204616,-0.03621132318213238,-0.6700751462229317,-0.9604800213097706,-1.9864914563119904,-2.9469714776217613,-1.8170098961406111,1.0232306960043744,-3.1275109593173305,-2.185434551006444,0.3333190332206426,0.03168177325629995,1.6594797038664648,0.012910139387257394,0.026293247129351563,0.009613227360965738,-0.002386772639034262,0.017425462805555146,0.012239483879739055,0.00023948387973905458,0.0010211018669492589,0.26549462836656285,0.09903494956232799,0.08761322736096575,0.03761322736096574,0.055187991418031504,0.9448120085819685,0.025491554719107107,0.2520393243775286,0.1900060074662741,0.2185238037671494,0.012774675928548834,0.010664551381100616,0.23695447163774136,0.7396063010526092,0.9999999999999999,0.6529206583381981,0.6910588057809949,1.3369686837716848,0.004304665733252926,4.124650002236401,1.095072419485896,3.708031204705595,119.73645507433265,-4.418687638008123e-14,0.0,-3.552713678800501e-15,0.0,0.0,-1.5788160709351295e-11,1.2595684911742566e-11,-2.922072826760935e-11,-1.3213662802824544e-11
equilibrium_sigma_4,91.0,56.53893920388691,2.7524219019932628,0.9870148395683044,1.092,1.1212665230505199,1.8869845951460522,1.425621817069397,0.7721232677785379,-0.03517061662296017,-0.6963832421417766,-0.9870148395683044,-1.8680114826158187,-2.855026322184123,-1.7563760977139955,1.0323154597884756,-3.064795747772373,-2.1243457292747445,0.333621817069397,0.0292665230505198,1.6604219019932627,0.012975292552187337,0.026776239982358282,0.009557224118990022,-0.002442775881009978,0.016902425912769994,0.01236946867821942,0.0003694686782194194,0.0010604241729161856,0.26532492157269705,0.10091867670644648,0.08755722411899003,0.037557224118990026,0.057938330710473857,0.9420616692895262,0.027611056870567027,0.25220888454964535,0.19021048428841247,0.21870157848430022,0.013833693020723816,0.011215959441313985,0.23735159207399437,0.7375987554639679,1.0,0.65150059189672,0.6915689419654041,1.3372718388044709,0.004665715082556091,4.256203720893075,1.1292769184433766,3.700321286458851,120.75547506846546,-5.784261958297066e-14,-2.220446049250313e-16,-5.10702591327572e-15,0.0,0.0,-2.2528648738195933e-10,1.6217915205229971e-10,-4.2391104689010195e-10,-1.922612312410532e-10
equilibrium_sigma_4,92.0,55.53893920388691,2.765432474303129,1.0140321189798538,1.104,1.1307983338756133,1.9036232442339398,1.4380651712598183,0.7842872458802772,-0.03409026052706654,-0.7231508177468755,-1.0140321189798538,-1.747659697738957,-2.7616918167188107,-1.6962017575733563,1.0412755178613682,-3.0024606954399493,-2.063698638491093,0.33406517125981816,0.026798333875613256,1.6614324743031288,0.01304700982795158,0.027258082142487042,0.009507574157491518,-0.0024924258425084826,0.01637403315448313,0.012521066402593206,0.0005210664025932059,0.0011003911215556883,0.2651744671439137,0.10279301184639968,0.08750757415749152,0.03750757415749152,0.06079779497213461,0.9392022050278654,0.02994484408030006,0.252395587526424,0.19043494394721364,0.2188862363247409,0.014999221368729053,0.011789737059205234,0.23775671355920983,0.7354543280128559,1.0,0.6499369544661989,0.6920096130384573,1.3376058023671304,0.005063824165071987,4.391145785264017,1.1644197437586281,3.692334588726536,121.77235770069178,-7.505107646466058e-14,2.220446049250313e-16,-5.995204332975845e-15,0.0,0.0,1.0803994487246227e-09,-6.981026208496832e-10,2.0190748083875887e-09,9.201618703102987e-10
equilibrium_sigma_4,93.0,54.53893920388691,2.778518355671507,1.0415304515113233,1.116,1.1402842473996935,1.9197310845769326,1.4506720787822394,0.796658240911406,-0.03296964332222618,-0.7503739697486047,-1.0415304515113233,-1.6254524447357417,-2.666982896247065,-1.6364988488865477,1.0501076940383034,-2.940516552343464,-2.003504939686991,0.33467207878223926,0.02428424739969337,1.6625183556715069,0.013126039372771223,0.027738263605478885,0.009465670354360918,-0.0025343296456390822,0.015840918163396674,0.012697063106470452,0.0006970631064704517,0.0011409335964884804,0.2650474859223058,0.10465393968539617,0.08746567035436092,0.03746567035436092,0.06376831456640474,0.9362316854335953,0.03251606751721434,0.25260128540137716,0.19068140238717496,0.21907789426567104,0.01628265293433415,0.01238599808438838,0.23816879135113003,0.7331625576301475,1.0,0.6482142347634663,0.6923651964024911,1.337973936089703,0.005503112302199457,4.529399895436626,1.2005060550222324,3.684068468011484,122.786621297035,-9.614531393253856e-14,0.0,-8.215650382226158e-15,0.0,0.0,1.7741207201243947e-09,-1.0246950683800993e-09,3.3638534822216792e-09,1.5362936339746724e-09
equilibrium_sigma_4,94.0,53.53893920388691,2.791687267468326,1.0695079225802666,1.1280000000000001,1.149732780099463,1.9353037451150015,1.4634684553423953,0.809271129966937,-0.03180822552289575,-0.7780480240816774,-1.0695079225802666,-1.5014093883294233,-2.5709173109096897,-1.5772785883486264,1.0588088619150124,-2.8789734562068845,-1.9437755663951362,0.3354684553423952,0.02173278009946289,1.663687267468326,0.013213217670311597,0.02821627448005265,0.009433092378754247,-0.002566907621245753,0.015303801281983125,0.012900544944516312,0.000900544944516312,0.0011819802503421073,0.2649487647841038,0.10649709766733569,0.08743309237875425,0.03743309237875425,0.06685169714821232,0.9331483028517877,0.035350303498133416,0.2528280242798507,0.19095205399104132,0.21927665766828155,0.01769654659169705,0.013004732991002868,0.23858657247117773,0.7307121479461224,1.0,0.6463152966562505,0.6926179843879597,1.3383799613683887,0.005988156752052335,4.670860016118095,1.2375385917499482,3.675520913750992,123.79771993023691,-1.2390088954816747e-13,0.0,-9.547918011776346e-15,0.0,0.0,2.5948571243106233e-09,-1.3312091845518736e-09,4.988194577879024e-09,2.282973270498201e-09
equilibrium_sigma_4,95.0,52.53893920388691,2.8049478155173317,1.0979621082105757,1.1400000000000001,1.159154132856594,1.9503376236019345,1.476483462112201,0.8221651984947485,-0.030605539252831493,-0.8061675105821864,-1.0979621082105757,-1.375553620831598,-2.4735157290421736,-1.51855126400319,1.0673759383305435,-2.8178407593213253,-1.8845205523180466,0.3364834621122008,0.019154132856593842,1.6649478155173316,0.013309475360703635,0.028691609039796437,0.009411626580884729,-0.0025883734191152717,0.01476349862561504,0.013134919395474398,0.0011349193954743979,0.0012234584689796435,0.2648837169117719,0.1083177530665394,0.08741162658088474,0.03741162658088473,0.07004963169179322,0.9299503683082068,0.03847575305270213,0.2530780602442162,0.19124927783602486,0.2194826203414961,0.019254717349474523,0.013645790114608413,0.23900855854341135,0.7280909339925057,1.0,0.6442212454546895,0.6927479867841506,1.3388279909501737,0.0065240371958358995,4.815386296222806,1.2755174205095074,3.6666905410999315,124.80503739883936,-1.574296248918472e-13,-2.220446049250313e-16,-1.2656542480726785e-14,0.0,0.0,3.5522533733955974e-09,-1.606430575368245e-09,6.918988241719215e-09,3.174080508844268e-09
equilibrium_sigma_4,96.0,51.53893920388691,2.818309587320846,1.1268900826140111,1.1520000000000001,1.1685604054415448,1.964829986229765,1.4897498375011868,0.8353845875900114,-0.02936118883411254,-0.8347261478930468,-1.1268900826140111,-1.2479117373180026,-2.3748018199320136,-1.4603260440462438,1.0758058709258227,-2.757126838526947,-1.825748840460565,0.3377498375011867,0.01656040544154469,1.6663095873208458,0.013415846680158633,0.02916377017157921,0.009403288222851892,-0.002596711777148108,0.0142209328177542,0.013403936937050887,0.0014039369370508863,0.0012652969150206417,0.26485844916015727,0.11011077903708547,0.0874032882228519,0.037403288222851896,0.07336369794981695,0.9266363020501831,0.04192344105447356,0.2533538752843579,0.19157564113143347,0.21969586441923564,0.020972323114709257,0.014308855380088603,0.23943297592070284,0.7252858455844993,0.9999999999999999,0.6419112944935027,0.6927327291983637,1.3393225611137405,0.007116382391788027,4.96280066380437,1.3144396873062243,3.6575765909314373,125.8078808281664,-1.9695356456850277e-13,0.0,-1.532107773982716e-14,0.0,0.0,4.654737404546916e-09,-1.8385177408264397e-09,9.181298268531868e-09,4.2235335801638074e-09
equilibrium_sigma_4,97.0,50.53893920388691,2.8317832603252735,1.1562884292447828,1.164,1.177965837248128,1.9787790799292444,1.5033042503504976,0.8489787678256081,-0.028074848033402988,-0.8637168322513953,-1.1562884292447828,-1.1185138891941524,-2.274802318438935,-1.402610764688138,1.0840956184134376,-2.696838877567429,-1.7674680698661245,0.3393042503504977,0.013965837248128166,1.6677832603252736,0.013533478900045012,0.0296322743445198,0.009410345435680596,-0.002589654564319404,0.01367714477842683,0.013711711157604611,0.001711711157604611,0.0013074286253633716,0.26487983465357756,0.11187063138752823,0.0874103454356806,0.0374103454356806,0.07679538247279839,0.9232046175272016,0.04572740883387253,0.2536581927067098,0.1919338987543882,0.2199164608066097,0.022865945557786344,0.014993430688378655,0.23985774146656774,0.7222828822872672,1.0,0.6393626360813054,0.6925470518050858,1.339868663697659,0.00777141836090825,5.112882109515459,1.3542993677716897,3.6481789047407354,126.80547424164706,-2.438049762076844e-13,0.0,-1.887379141862766e-14,0.0,0.0,5.909053846925305e-09,-2.0152425631025928e-09,1.1797080610997934e-08,5.444829184741984e-09
equilibrium_sigma_4,98.0,49.53893920388691,2.845380719931327,1.186153257086688,1.176,1.187387072928617,1.9921842570868302,1.5171876722274193,0.8630030367911664,-0.026746253783360707,-0.8931316326587049,-1.186153257086688,-0.9873938069539041,-2.173547064040592,-1.3454116958053521,1.0922421220242806,-2.6369826201845665,-1.709684338598264,0.3411876722274194,0.01138707292861696,1.669380719931327,0.013663642381161495,0.030096657110446054,0.00943534507086461,-0.0025646549291353897,0.013133306785038587,0.014062736681808019,0.002062736681808019,0.001349794978011687,0.26495559112383216,0.11359132669285622,0.08743534507086462,0.037435345070864615,0.08034610239584394,0.9196538976041561,0.04992489288289986,0.25399399143063195,0.19232698762497985,0.2201444702291455,0.024953660945450457,0.015698811150203315,0.2402804262824824,0.7190671016218638,1.0,0.6365503217684569,0.6921629141427784,1.340471777053677,0.00849601728609245,5.2653616987597935,1.395087021375686,3.6384978735673856,127.79695221909515,-2.986499936241671e-13,-2.220446049250313e-16,-2.2870594307278225e-14,0.0,0.0,7.319765352870045e-09,-2.1242914025054738e-09,1.4783661001979698e-08,6.850429412966208e-09
equilibrium_sigma_4,99.0,48.53893920388691,2.859115187877049,1.216480222716844,1.188,1.1968434548432358,2.005046113998951,1.5314457662018985,0.8775190361230931,-0.0253751954002035,-0.9229617939211321,-1.216480222716844,-0.8545887840020596,-2.0710690067189037,-1.288733283158069,1.100242266393789,-2.5775620907709786,-1.6524019412997033,0.3434457662018986,0.008843454843235898,1.6711151878770492,0.01380774127041269,0.03055647916059224,0.009481140482165383,-0.0025188595178346172,0.012590736901995631,0.014461904047635699,0.0024619040476356983,0.001392350761353356,0.26509436509747086,0.11526642276744405,0.08748114048216539,0.03748114048216539,0.08401723831494798,0.915982761685052,0.05455648033439044,0.25436451842675123,0.19275801443955298,0.22037994505666073,0.027255095816349866,0.01642406146352913,0.24069821796080665,0.7156226247593144,1.0,0.6334471581759583,0.6915492132304565,1.3411378947387216,0.009297746007691728,5.419917373067713,1.4367895548941376,3.6285343543538002,128.78135384354974,-3.601563491884008e-13,0.0,-2.7533531010703882e-14,0.0,0.0,8.88873298750259e-09,-2.1536317729164978e-09,1.815198075530433e-08,8.450978280019616e-09
equilibrium_sigma_4,100.0,47.53893920388691,2.8730013616542425,1.2472645587136655,1.2,1.206357344264753,2.0173666444792184,1.5461292884939415,0.8925952823105098,-0.023961498134588144,-0.9531977492902575,-1.2472645587136655,-0.7201396119196364,-1.9674041706333019,-1.2325778660912066,1.1080928279372482,-2.5185792791728945,-1.5956230797165183,0.34612928849394153,0.006357344264753095,1.6730013616542425,0.01396732487882997,0.03101133296089504,0.009550921255707258,-0.0024490787442927424,0.012050914872114727,0.014914510404473447,0.0029145104044734464,0.0014350704902188482,0.2653058219869917,0.11688900276909704,0.08755092125570726,0.03755092125570726,0.08781017768538549,0.9121898223146145,0.05966622983086507,0.25477329838646917,0.19323023506666642,0.22062293210649359,0.029791461328574916,0.01716799185253196,0.24110788221589188,0.7119326646030013,1.0,0.6300236260133203,0.6906716240427696,1.3418735504705057,0.01018491265810468,5.576168627707996,1.4793900013121453,3.618289546046326,129.75761718974277,-4.2721381987576024e-13,0.0,-3.197442310920451e-14,2.220446049250313e-16,0.0,1.0614596776190033e-08,-2.0919480210601638e-09,2.1904630741198527e-08,1.025432986440089e-08
equilibrium_sigma_4,101.0,46.53893920388691,2.8870555656664876,1.2785011089976297,1.212,1.2159544732885883,2.029149410124715,1.5612944983024761,0.908307703929157,-0.022504999689677563,-0.983829144689921,-1.2785011089976297,-0.584090455942784,-1.8625915649404137,-1.1769453698257493,1.1157904085358035,-2.4600337860176262,-1.5393475446677327,0.34929449830247616,0.003954473288588334,1.6750555656664876,0.014144099798342968,0.03146084998528616,0.009648244890243053,-0.002351755109756947,0.011515499557544481,0.015426264966533765,0.0034262649665337645,0.0014779561718913925,0.26560074209164564,0.11845166447023923,0.08764824489024306,0.03764824489024306,0.09172637028221746,0.9082736297177826,0.06530174420991287,0.255224139536793,0.19374702371928,0.2208734766676162,0.03258555903158589,0.017929134128224652,0.24150572507139315,0.7079795817687964,1.0,0.6262478313793584,0.6894924732912759,1.3426858375586472,0.011166609589055736,5.733671183787075,1.5228673213233312,3.6077648165467497,130.72457466317925,-4.96713781217295e-13,4.440892098500626e-16,-3.708144902248023e-14,0.0,0.0,1.2492265912683598e-08,-1.9291474806504283e-09,2.6033715832401993e-08,1.2264378708784496e-08
equilibrium_sigma_4,102.0,45.53893920388691,2.901295914907197,1.3101843717111397,1.224,1.2256643293945877,2.040399728832124,1.5770035700140077,0.924740176260646,-0.021005518120336353,-1.0148448767723957,-1.3101843717111397,-0.4464886577612279,-1.7566730294723676,-1.121832971681837,1.1233313521100983,-2.401922424735042,-1.4835723680697668,0.35300357001400773,0.0016643293945877158,1.6772959149071969,0.014339942842232084,0.031904708562958434,0.009777070418357521,-0.002222929581642479,0.010986348011647573,0.016003288159094353,0.004003288159094353,0.0015210468296000812,0.2659911224798713,0.11994651650591386,0.08777707041835753,0.037777070418357525,0.09576739736750882,0.9042326026324912,0.07151417923597767,0.2557211343388782,0.19431182987556656,0.22113162802728953,0.03566174977431476,0.018705718593181656,0.24188755715747984,0.7037449744750238,1.0,0.6220854999118949,0.6879706594307905,1.3435824206981364,0.012252750313790271,5.891911808784942,1.5671962355711153,3.5969614703643256,131.68094955686493,-5.668798763736049e-13,0.0,-4.241051954068098e-14,0.0,0.0,1.4512441047498381e-08,-1.6569364214014115e-09,3.05186134575558e-08,1.4479694875405014e-08
equilibrium_sigma_4,103.0,44.53893920388691,2.9157424920397075,1.3423085502578924,1.236,1.2355205745957403,2.0511248832328604,1.593325000922515,0.9419850426110621,-0.019462809295116568,-1.046233147290363,-1.3423085502578924,-0.307384451106576,-1.6496930013644684,-1.0672347408483984,1.1307116413919995,-2.3442387762511743,-1.4282914437859273,0.35732500092251507,-0.0004794254042597146,1.6797424920397075,0.014556914933650564,0.03234264235192533,0.009941793958301408,-0.0020582060416985924,0.01046553625745992,0.01665210334067524,0.004652103340675239,0.0015644298945183266,0.2664902847221255,0.12136518367132827,0.08794179395830141,0.03794179395830141,0.09993505631211254,0.9000649436878875,0.0783581705648124,0.256268653645185,0.19492812086430206,0.22139744682465787,0.03904587655371032,0.019495652691319715,0.2422486620889962,0.6992098086659737,0.9999999999999999,0.6175000257215756,0.6860616337210708,1.3445715376937935,0.013454097724713981,6.050303478790463,1.6123470967181368,3.585880445541298,132.62535424933435,-6.31050767196939e-13,4.440892098500626e-16,-4.75175454539567e-14,2.220446049250313e-16,0.0,1.6661171289844567e-08,-1.269461501196556e-09,3.5323708702864054e-08,1.6891978262337237e-08
equilibrium_sigma_4,104.0,43.53893920388691,2.9304175389117515,1.3748676131327515,1.248,1.2455615011049372,2.0613343507901423,1.6103340066817085,0.9601436102101948,-0.017876511864321376,-1.0779815364787206,-1.3748676131327515,-0.1668305741137701,-1.5416981872465216,-1.0131412516115905,1.1379267719081954,-2.286972692152786,-1.3734951162510025,0.36233400668170845,-0.0024384988950627573,1.6824175389117515,0.014797276121359879,0.03277444944768437,0.010147286201803656,-0.0018527137981963447,0.009955381845350641,0.017379620423918496,0.005379620423918496,0.0016082548248697037,0.2671129884903141,0.1226988235687117,0.08814728620180366,0.03814728620180366,0.10423146252594206,0.8957685374740579,0.08589165945608872,0.2568713327564871,0.19559930810191126,0.22167101460005875,0.042765131460717046,0.02029650249155731,0.24258377133805875,0.694354594709667,1.0,0.6124525881644205,0.6837174588554441,1.3456619883991476,0.014782280374862386,6.2081811170705175,1.6582858112698426,3.5745219271813196,133.55629051780542,-6.858957846134217e-13,-4.440892098500626e-16,-5.284661597215745e-14,0.0,0.0,1.8919436994488392e-08,-7.640099247696597e-10,4.0396196006320384e-08,1.9484359150417907e-08
equilibrium_sigma_4,105.0,42.53893920388691,2.945345663750992,1.4078553631803992,1.26,1.2558305254741782,2.071040057374558,1.6281128961027724,0.9793266075596195,-0.016246077440426276,-1.1100770982846666,-1.4078553631803992,-0.02488176125400421,-1.4327371244344034,-0.9595391702535936,1.144971599848595,-2.2301097419470075,-1.3191697360010541,0.3681128961027724,-0.004169474525821837,1.685345663750992,0.01506350197580554,0.03320000213300564,0.010398931884166775,-0.0016010681158332256,0.009458468265984243,0.018193110936648438,0.0061931109366484376,0.0016527491186746346,0.26787555116414175,0.12393815706108324,0.08839893188416678,0.03839893188416678,0.10865917066714229,0.8913408293328577,0.09417559672856662,0.2575340477382853,0.196328655216383,0.22195244595360353,0.04684785665031059,0.021105478280553383,0.24288704845608564,0.6891596166130504,1.0,0.6069023501918602,0.6808869628984783,1.3468631079351916,0.01624979315782904,6.364798184598071,1.704973821747737,3.562884863763714,134.47215247748133,-7.254197242900773e-13,-4.440892098500626e-16,-5.728750807065808e-14,-1.1102230246251565e-16,0.0,2.1262724067550032e-08,-1.4175841056562888e-10,4.5664036066317415e-08,2.2229587741742773e-08
equilibrium_sigma_4,106.0,41.53893920388691,2.9605540655881057,1.4412655169262967,1.272,1.2663767232418564,2.0802566562171028,1.6467514167843804,0.9996545897616501,-0.014570683469678825,-1.1425064803342673,-1.4412655169262967,0.11840590306473753,-1.3228596138615591,-0.9064108161015374,1.151840160085946,-2.1736305998534666,-1.2652971813889045,0.3747514167843804,-0.005623276758143669,1.6885540655881057,0.015358301716252895,0.03361925727360197,0.010702671359695944,-0.0012973286403040567,0.008977671309755821,0.01910017471407066,0.007100174714070661,0.0016982369488438565,0.26879597381726045,0.12507351503879982,0.08870267135969595,0.03870267135969595,0.11322131723994809,0.8867786827600519,0.10327350440732608,0.25826188035258607,0.19711916677101796,0.22224190377045355,0.051323269628925874,0.021919425709320463,0.24315208590395926,0.6836052187577943,1.0,0.6008067520470914,0.6775160067866225,1.3481847211447158,0.017869978323982585,6.519324435342848,1.7523681602286425,3.5509663714469992,135.37123267428933,-7.454037387333301e-13,0.0,-6.195044477408373e-14,0.0,0.0,2.3660503665687282e-08,5.914414374919019e-10,5.103411721517348e-08,2.5088153759317278e-08
equilibrium_sigma_4,107.0,40.53893920388691,2.976072777864986,1.4750917946286297,1.284,1.2772554063046377,2.0890018342447423,1.6663470636236148,1.021258278997268,-0.012849126062956406,-1.175256071444064,-1.4750917946286297,0.2629757871540094,-1.2121160074746204,-0.8537336974008822,1.1585254501091413,-2.117510366339374,-1.2118543458467088,0.3823470636236148,-0.006744593695362289,1.692072777864986,0.01568463854565645,0.03403226736577695,0.011065044530258368,-0.0009349554697416322,0.008516187497372752,0.020108699202436853,0.008108699202436852,0.001745160633781495,0.2698940743341163,0.12609490389791436,0.08906504453025837,0.03906504453025837,0.11792178687183404,0.8820782131281659,0.11325087579988881,0.2590600700639911,0.19797345705825795,0.22253961801208016,0.05622110430688369,0.02273482407138902,0.2433719180671671,0.6776721535545603,1.0,0.5941219132140745,0.673547883137375,1.3496370752830447,0.019656982479041796,6.670845178042385,1.8004215843539526,3.5387610108183614,136.25173184471424,-7.409628466348295e-13,0.0,-6.59472476627343e-14,0.0,0.0,2.6075483623017037e-08,1.4242516749307654e-09,5.6390603559927643e-08,2.8006372800731816e-08
equilibrium_sigma_4,108.0,39.53893920388691,2.9919349337390577,1.5093280217082667,1.296,1.2885287455656795,2.09729664795585,1.6870053437274382,1.0442788292441032,-0.011079689863545461,-1.208312179243928,-1.5093280217082667,0.40877168802825503,-1.1005563336800117,-0.8014800227568448,1.165019174986285,-2.0617178192965198,-1.1588125900178166,0.3910053437274381,-0.007471254434320507,1.6959349337390577,0.016045752829302484,0.03443919224743668,0.011493237561035617,-0.0005067624389643831,0.008077564766906391,0.021226813392560828,0.009226813392560828,0.0017941051322356572,0.2711916289728352,0.12699209182037988,0.08949323756103562,0.03949323756103562,0.12276540480889482,0.8772345951911051,0.12417439770834753,0.2599339518166678,0.19889359950936503,0.22284590861216075,0.061571161384410426,0.023547793362312528,0.24353905420848435,0.6713419910447926,0.9999999999999999,0.5868031535354071,0.6689238622737766,1.3512307481933898,0.0216256850801824,6.81836240147369,1.849082806582783,3.5262599200802214,137.11177280361318,-7.107647803650252e-13,0.0,-6.88338275267597e-14,0.0,0.0,2.846239592624311e-08,2.3390189576866227e-09,6.159332417883523e-08,3.0914435827228415e-08
equilibrium_sigma_4,109.0,38.53893920388691,3.008177056326197,1.5439682422300314,1.308,1.3002664419690464,2.1051658912237925,1.708839993838717,1.068868007837421,-0.009259991856313654,-1.2416612400448785,-1.5439682422300314,0.5557389958972174,-0.988229246332814,-0.7496161887729291,1.1713114476225193,-2.0062145892981427,-1.1061371578597976,0.40083999383871705,-0.007733558030953658,1.7001770563261969,0.016445188951173986,0.03484031149473561,0.011995133079449015,-4.8669205509853375e-06,0.007665735701003684,0.02246283956508499,0.01046283956508499,0.0018458256878517432,0.27271252448317884,0.12775471739247016,0.08999513307944902,0.03999513307944902,0.12775815851927244,0.8722418414807276,0.13611098343218078,0.26088887867457444,0.19988095867577596,0.22316121305349065,0.06740276486485225,0.024354111754928683,0.24364553508165845,0.6645975882985606,1.0,0.5788056411004389,0.6635838979219936,1.352976529707837,0.02379159403470886,6.96079811602792,1.898296826639729,3.5134497884914477,137.94941882064495,-6.574740751830177e-13,0.0,-6.927791673660977e-14,0.0,0.0,3.0765990012560085e-08,3.3109246802554004e-09,6.64758760277745e-08,3.3724352840706906e-08
equilibrium_sigma_4,110.0,37.53893920388691,3.0248393780757534,1.5790068451393682,1.32,1.3125464498938808,2.1126384977700416,1.7319731502884812,1.0951882918260933,-0.007386795852007744,-1.2752900624487216,-1.5790068451393682,0.7038260593456267,-0.8751807857937415,-0.6981022441577298,1.1773904374383344,-1.9509542526743309,-1.0537865553515509,0.41197315028848114,-0.0074535501061192555,1.7048393780757534,0.01688682692371081,0.035236037544988816,0.012579364904649414,0.0005793649046494133,0.007285053726272318,0.023825247468245436,0.011825247468245436,0.001901278861016209,0.27448292395348306,0.12837242126931112,0.09057936490464942,0.04057936490464942,0.13290745179298782,0.8670925482070122,0.1491266123138585,0.2619301289851087,0.20093600846377205,0.22348611924128278,0.07374412587534585,0.02514924499509334,0.24368301663474776,0.6574236124948131,1.0,0.5700851697497148,0.6574674997825157,1.3548852747834759,0.026170704374939333,7.097000234755155,1.948005375734151,3.500311653948947,138.76269669233375,-5.844214001626824e-13,0.0,-6.88338275267597e-14,0.0,0.0,3.2917753817890416e-08,4.307096498901153e-09,7.08428573338582e-08,3.632760105145433e-08
equilibrium_sigma_4,111.0,36.53893920388691,3.04196619468792,1.614438704012138,1.332,1.325455758146994,2.119747981580274,1.7565354767992112,1.123412884406265,-0.005455794180881712,-1.3091861053610068,-1.614438704012138,0.8529857592971741,-0.7614529447149638,-0.6468913299152061,1.183241959056236,-1.8958813350895545,-1.001711889648657,0.4245354767992111,-0.006544241853006172,1.7099661946879199,0.017374920117645867,0.035626929614413064,0.013255378808488948,0.0012553788084889474,0.006940332928697916,0.02532261697996141,0.01332261697996141,0.0019616571345082434,0.276531450934815,0.12883500048177585,0.09125537880848895,0.04125537880848895,0.13822239542915382,0.8617776045708462,0.16328498080413203,0.26306279846433056,0.20205814227932115,0.2238214043345756,0.08062162046046373,0.02592838895543436,0.2436428836209583,0.6498071069631436,1.0,0.5605990628612315,0.6505147730549373,1.3569677279361794,0.02877931667830473,7.225751256946963,1.9981474791776073,3.4868195087670495,139.5496245082081,-4.96269692007445e-13,0.0,-6.861178292183467e-14,0.0,0.0,3.483072372537088e-08,5.2856385795996275e-09,7.446532922748827e-08,3.859211486403197e-08
equilibrium_sigma_4,112.0,35.53893920388691,3.0596062605186973,1.650259331162672,1.344,1.3390912355668165,2.1265329193185005,1.7826662622048328,1.153725666020392,-0.003461352847657917,-1.3433377900689931,-1.650259331162672,1.0031772949092235,-0.6470820362534486,-0.5959290942389448,1.1888489905034456,-1.8409302167468398,-0.949856165354333,0.43866626220483274,-0.0049087644331835545,1.7156062605186972,0.017914140825001715,0.03601370851897194,0.014033501375186296,0.0020335013751862953,0.00663689241865739,0.026963616632791343,0.014963616632791343,0.00202842745933296,0.27888939810662516,0.12913258361009175,0.0920335013751863,0.0420335013751863,0.143714139576882,0.856285860423118,0.17864598108929272,0.2642916784871434,0.20324548284138805,0.2241680802614653,0.08805899437782362,0.026686526165316454,0.2435163949797645,0.6417380844770955,1.0,0.5503071926701738,0.6426676161606238,1.3592343198501144,0.03163381295200249,7.345779923592801,2.048660141514527,3.472938697735745,140.30824385041905,-4.030109579389318e-13,0.0,-6.572520305780927e-14,0.0,0.0,3.639154731033267e-08,6.19450139793809e-09,7.707321631779396e-08,4.035801217175394e-08
equilibrium_sigma_4,113.0,34.53893920388691,3.0778132343298443,1.6864650470890663,1.356,1.3535605506521757,2.1330374799106075,1.8105135082081276,1.1863211057899685,-0.001396215953026081,-1.3777348449488909,-1.6864650470890663,1.1543681791332658,-0.5320968679558005,-0.545153079380208,1.1941911076293685,-1.7860239280988324,-0.8981535329491435,0.4545135082081275,-0.002439449347824363,1.7218132343298442,0.018509635777847103,0.03639727256036133,0.014925019714551298,0.0029250197145512975,0.00638060656133883,0.028757006680368846,0.016757006680368846,0.002103374285855608,0.28159096883197365,0.12925582347805945,0.0929250197145513,0.0429250197145513,0.1493962541263004,0.8506037458736996,0.19526403562812758,0.2656211228502502,0.20449470146712317,0.22452744674117794,0.09607651476567962,0.02741849656261267,0.24329486155760574,0.633210127114102,0.9999999999999999,0.5391730961291544,0.6338710577571481,1.3616949385593176,0.034750389105165855,7.455775886508246,2.099479155275924,3.4586240920307088,141.0366558687819,-3.1086244689504383e-13,-4.440892098500626e-16,-6.23945339839338e-14,0.0,0.0,3.744872234881513e-08,6.970070277889651e-09,7.834292095609818e-08,4.143113761442829e-08
equilibrium_sigma_4,114.0,33.53893920388691,3.096646186598698,1.7230531664303186,1.368,1.3689831777813437,2.1393120080196724,1.840234036417802,1.221404171403331,0.0007488355397411439,-1.4123686802737536,-1.7230531664303186,1.3065364364313266,-0.41651672999899203,-0.4944920760682441,1.1992438176569102,-1.7310728218013245,-0.8465284823066416,0.47223403641780193,0.0009831777813436027,1.728646186598698,0.019167094228849227,0.036778714709256144,0.015942275600134136,0.003942275600134135,0.006177962877902694,0.030711676226591322,0.018711676226591322,0.002188648027257045,0.2846735624246489,0.12919610235668164,0.09394227560013414,0.04394227560013414,0.15528516532808068,0.8447148346719193,0.21318632856778819,0.26705490628542305,0.20580085838708148,0.224901152788798,0.10469009529244912,0.028119082004418365,0.24296985515526145,0.6242209675478709,0.9999999999999999,0.5271651598595819,0.6240747033456904,1.3643586792180535,0.03814474484796894,7.554407275385265,2.150540031090609,3.4438180209812046,141.73306035747052,-2.2737367544323206e-13,0.0,-5.773159728050814e-14,0.0,0.0,3.779565676750862e-08,7.535291210447603e-09,7.787793897262585e-08,4.157311370850403e-08
equilibrium_sigma_4,115.0,32.53893920388691,3.1161701824872035,1.7600222018847387,1.3800000000000001,1.3854915066232276,2.1454136702357887,1.871993653730021,1.259190288819767,0.0029853767740022352,-1.4472327896380004,-1.7600222018847387,1.4596729908878814,-0.3003492109968573,-0.4438654390854264,1.2039777697194332,-1.6759731023499733,-0.7948949715903693,0.4919936537300209,0.0054915066232275045,1.7361701824872033,0.019892831773431166,0.03715934140660547,0.017098778557899118,0.0050987785578991175,0.006036130034727468,0.03283672448728403,0.02083672448728403,0.002286820374175491,0.2881781168421185,0.12894574304878123,0.09509877855789912,0.04509877855789912,0.1614006591687692,0.8385993408312308,0.23245098674363412,0.2685960789394907,0.20715727684815427,0.22529126791643123,0.11391042731633257,0.028783103268423697,0.24253344611771027,0.6147730232975334,1.0,0.514257838881765,0.6132342512599949,1.3672335780615974,0.04183173380190229,7.64034086782416,2.201779043321444,3.4284479404133346,142.3957966531658,-1.5787371410169726e-13,-4.440892098500626e-16,-5.218048215738236e-14,0.0,0.0,3.714681343428006e-08,7.797087912819745e-09,7.517971906817467e-08,4.048611875612229e-08
equilibrium_sigma_4,116.0,31.538939203886912,3.1364569580828556,1.7973720879127562,1.3920000000000001,1.4032320764077926,2.1514071755837416,1.9059674252072658,1.2999054164774977,0.005327791573020768,-1.4823231738510916,-1.7973720879127562,1.6137842306760324,-0.18358785723672377,-0.3931823554423426,1.2083578134591464,-1.6206051891088404,-0.7431554786784099,0.5139674252072657,0.011232076407792446,1.7444569580828555,0.020693893782742473,0.03754069341337883,0.018409343537737634,0.006409343537737634,0.005963039089615228,0.03514159619633084,0.023141596196330837,0.002400948632130806,0.2921495258719322,0.1284982178264267,0.09640934353773764,0.04640934353773764,0.1677664650826542,0.8322335349173458,0.2530852724498718,0.27024682179598974,0.20855546414428708,0.22570036460615936,0.12374215389105031,0.029405527434984872,0.24197846486915786,0.604873853804807,1.0,0.5004328674585858,0.6013130286900623,1.3703263375446872,0.04582497865036375,7.712264379456942,2.2531343818573366,3.412423810493409,143.02338490995794,-1.0325074129013956e-13,0.0,-4.618527782440651e-14,0.0,0.0,3.5104702745397676e-08,7.642739857649516e-09,6.960537319439242e-08,3.779004526579394e-08
equilibrium_sigma_4,117.0,30.538939203886912,3.157585711800298,1.835104426542199,1.4040000000000001,1.4223669629815836,2.1573655855624714,1.9423401135360434,1.3437863114058883,0.0077937951431541475,-1.5176387829409779,-1.835104426542199,1.7688947355655171,-0.06620969097668183,-0.3423410544131269,1.212341867708551,-1.5648318809393436,-0.6911999586160277,0.5383401135360433,0.018366962981583468,1.7535857118002978,0.021578183160466613,0.03792456927235447,0.01989026008653138,0.007890260086531379,0.005967482076641668,0.03763628090958093,0.025636280909580932,0.002534652262520254,0.2966371517773678,0.12784834618698612,0.09789026008653139,0.04789026008653138,0.17441093750657524,0.8255890624934248,0.2751038560314362,0.2720083084825149,0.20998509206468016,0.22613161416395086,0.1341831254018648,0.029981582740909837,0.2412987811256612,0.5945365107315643,1.0000000000000002,0.48568041645893767,0.5882834917799141,1.373642050660572,0.050136458139197454,7.768910211080929,2.304547397429156,3.3956351468304993,143.61456611754483,-6.328271240363392e-14,0.0,-3.885780586188048e-14,0.0,0.0,3.1114737723825225e-08,6.934795467039567e-09,6.03080150679558e-08,3.298898678099488e-08
equilibrium_sigma_4,118.0,29.538939203886912,3.1796440380524547,1.873222758235255,1.416,1.4430753542281884,2.1633712335466937,1.9813068536050968,1.3910810761907266,0.010405041260803438,-1.5531819722926052,-1.873222758235255,1.925050158893725,0.051827400658470024,-0.29122794669098995,1.2158795491596524,-1.5084962809818943,-0.6389046864963449,0.5653068536050969,0.02707535422818852,1.7636440380524547,0.02255461819268094,0.03831305210553473,0.02155950145591986,0.009559501455919859,0.006059233116548501,0.04033158544025639,0.02833158544025639,0.00269220619242283,0.3016954589573329,0.12699247193824395,0.09955950145591987,0.04955950145591986,0.18136785779024464,0.8186321422097553,0.2985072374419129,0.273880578995353,0.21143404744272584,0.2265888988312817,0.14522377461940764,0.030506877329099156,0.24048959319252444,0.5837797548589688,1.0,0.47000015091391834,0.5741286307733221,1.3771839329354114,0.05477607446667396,7.809079835690816,2.355963925063194,3.3779476951330376,144.168339146316,-3.6415315207705135e-14,0.0,-3.175237850427948e-14,0.0,0.0,2.4403877273149188e-08,5.5039749910501534e-09,4.6154343312510004e-08,2.5423087771266062e-08
equilibrium_sigma_4,119.0,28.538939203886912,3.202729036716514,1.9117328615926354,1.428,1.4655553587476704,2.169516779217699,2.0230741396638092,1.4420500858915817,0.013187833672181126,-1.5889589700389932,-1.9117328615926354,2.082320265011562,0.17058740341892675,-0.23971667838940425,1.2189104946464266,-1.45141942785754,-0.5861309606738381,0.5950741396638093,0.037555358747670464,1.774729036716514,0.023633327613256983,0.03870854066178634,0.02343698390080525,0.011436983900805251,0.006249198584610944,0.04323948802564814,0.031239488025648143,0.002878657177074473,0.30738479969940985,0.12592861032698832,0.10143698390080526,0.051436983900805255,0.18867738532401138,0.8113226146759887,0.3232803815087088,0.2758624305206967,0.21288856053432803,0.2270769441116822,0.15684664471646206,0.03097751787254431,0.23954771896743973,0.5726281184435539,1.0,0.45340214438916504,0.5588432223970937,1.3809530704490838,0.059751210894372825,7.831667898273533,2.407335668223108,3.3591996609905252,144.68399314676358,-1.9317880628477724e-14,0.0,-2.55351295663786e-14,0.0,0.0,1.3897296230469536e-08,3.1393689522984936e-09,2.5612335176339318e-08,1.4200528117985778e-08
equilibrium_sigma_4,120.0,27.538939203886912,3.2269486329265002,1.9506430870725464,1.44,1.4900261025409678,2.1759064294353476,2.067861207229343,1.4969674005426838,0.016173966826483976,-1.624980355175586,-1.9506430870725464,2.240802131866763,0.2901590447942164,-0.18766708360534423,1.2213622883380453,-1.393397566764863,-0.5327236360087939,0.6278612072293432,0.05002610254096784,1.7869486329265003,0.02482589171231779,0.03911378575886982,0.025544888993588193,0.013544888993588192,0.006549604957803604,0.0463735828293288,0.0343735828293288,0.003099971858100403,0.3137723908896612,0.12465655645472094,0.1035448889935882,0.0535448889935882,0.19638719503069235,0.8036128049693076,0.3493916205594753,0.277951329644758,0.214333414956007,0.2276014764125811,0.1690260958890173,0.03139022394126722,0.23847187925030183,0.5611118009194136,0.9999999999999999,0.43590761422515145,0.5424348785007229,1.3849481912458876,0.06506628988583113,7.83568507119053,2.4586216390458775,3.339197414854869,145.16113373300325,-9.547918011776346e-15,0.0,-1.9984014443252818e-14,0.0,0.0,-4.778068982136396e-10,-1.1481174344574185e-10,-8.905480311516278e-10,-4.946658681628802e-10
equilibrium_sigma_4,121.0,26.538939203886912,3.2524231927423872,1.989964729010437,1.452,1.5167301916597107,2.18265737604422,2.115901923983385,1.556122791609548,0.019401743167386742,-1.6612615456539883,-1.989964729010437,2.4006235875959456,0.41065885858550866,-0.13492402682466165,1.2231478767900072,-1.3341989573023638,-0.47850945326376093,0.663901923983385,0.06473019165971072,1.8004231927423873,0.02614564089518366,0.03953193354071269,0.02790806280159098,0.015908062801590978,0.006974232503973131,0.04974962533266236,0.037749625332662365,0.0033632280438400386,0.32093352364118477,0.12317795003837247,0.10590806280159099,0.05590806280159098,0.20455384716800024,0.7954461528319998,0.3767918690585939,0.28014334952468756,0.21575223862997184,0.22816941527100917,0.18172820896719172,0.031742433998985985,0.2372629696993488,0.5492663873344735,1.0,0.4175494477307421,0.5249248440565775,1.389165466957494,0.07072234330206617,7.82027860430271,2.509789568334635,3.3177104796700956,145.59970214182326,-5.10702591327572e-15,0.0,-1.3988810110276972e-14,0.0,0.0,-5.451351370311386e-09,-1.2816101166435168e-09,-9.864756674721198e-09,-5.5140295524003236e-09
equilibrium_sigma_4,122.0,25.538939203886912,3.279287432372367,2.0297124470484635,1.464,1.54593661207337,2.1899014872394256,2.167447258975191,1.6198244870034482,0.02291719830227379,-1.6978233059946852,-2.0297124470484635,2.5619468827442606,0.5322344356957971,-0.08131611416920559,1.2241623100359857,-1.2735601343771252,-0.4232951241176893,0.7034472589751912,0.08193661207337,1.815287432372367,0.027608026082280773,0.03996657725325735,0.03055451411728235,0.018554514117282348,0.007538711877220352,0.053386189213799895,0.0413861892137999,0.003676865723001299,0.3289530730826738,0.12149628784046285,0.10855451411728236,0.05855451411728235,0.2132444509747712,0.7867555490252288,0.40541416060002056,0.28243313284800164,0.21712786945676477,0.2287891070565508,0.19491088531094558,0.03203239984183975,0.2359243078503663,0.5371324069968484,1.0,0.3983725123979862,0.5063485257797803,1.393598347104527,0.07671660229106814,7.78474987217646,2.560817393632399,3.294465766488665,145.99998581838685,-1.3322676295501878e-15,0.0,-1.021405182655144e-14,0.0,0.0,-1.0921451860934628e-08,-2.4968339271125295e-09,-1.9194945022338317e-08,-1.0799787531282079e-08
equilibrium_sigma_4,123.0,24.538939203886912,3.3076927668072984,2.0699047431317816,1.476,1.5779441916129928,2.197787338197166,2.2227684857810326,1.688402795126305,0.02677562309824011,-1.7346922789092516,-2.0699047431317816,2.724972757257321,0.6550680141255394,-0.02665427666472686,1.2242785937069158,-1.211181447280707,-0.3668651268439247,0.7467684857810326,0.10194419161299284,1.8316927668072984,0.029231079630441303,0.04042181972235433,0.03351603290514891,0.021516032905148908,0.00826089602899428,0.05730545290738576,0.04530545290738576,0.004051019020234747,0.33792737243984516,0.11961688522154228,0.11151603290514892,0.06151603290514891,0.22253869627278033,0.7774613037272197,0.43517351566739926,0.2848138812533919,0.2184427859145152,0.22947061779446207,0.20852413862649397,0.03225926684251596,0.23446185805663114,0.5247547364743589,1.0,0.37843374450284245,0.48675573007762185,1.398237429094037,0.08304211687066351,7.728568018346161,2.6116946831623395,3.269140710183064,146.36262088477108,0.0,0.0,-6.8833827526759706e-15,0.0,0.0,-1.6912128430329743e-08,-3.74016707188618e-09,-2.888737497125371e-08,-1.6367290007687774e-08
equilibrium_sigma_4,124.0,23.538939203886912,3.33781016861644,2.1105645077529047,1.488,1.6130857526113394,2.206482659392225,2.2821612431071903,1.7622147574086047,0.031043468699332832,-1.7719015567154015,-2.1105645077529047,2.8899450109396496,0.7793805031867449,0.029269772295704932,1.2233423537602743,-1.1467217071180837,-0.3089791644943752,0.7941612431071903,0.12508575261133936,1.84981016861644,0.031035991618431014,0.040902349105725745,0.03682896138608482,0.024828961386084817,0.009161330501025373,0.06153413925735762,0.049534139257357626,0.004497959534832674,0.34796654965480245,0.11754678473060876,0.11482896138608481,0.06482896138608481,0.23253134921652635,0.7674686507834736,0.46596711207852043,0.28727736896628164,0.21967958799847598,0.2302261031405036,0.22251055508417697,0.032423138811542934,0.23288443012359133,0.5121818759806888,1.0,0.35780203490739126,0.46621061921177837,1.4030703620981146,0.0896874100084317,7.65137923724423,2.662424033284269,3.2413550880299646,146.68858629293817,0.0,-4.440892098500626e-16,-3.774758283725532e-15,0.0,0.0,-2.3421471821022388e-08,-4.9880344646369146e-09,-3.8912202550422936e-08,-2.22151179292418e-08
equilibrium_sigma_4,125.0,22.538939203886912,3.3698336740306636,2.151719649858771,1.5,1.6517331279572303,2.216177315251016,2.3459506255224825,1.8416500195408412,0.03580076745586935,-1.8094913106279666,-2.151719649858771,3.057155769854369,0.9054361199955978,0.08668517833312817,1.2211649019985875,-1.0797917035675848,-0.24936923544728337,0.8459506255224825,0.15173312795723026,1.8698336740306636,0.033047834629569395,0.04141353107870529,0.040535157691618855,0.028535157691618854,0.01026384916088327,0.06610464312828412,0.05410464312828413,0.0050326931766431215,0.35919744755036015,0.11529461403786571,0.11853515769161886,0.06853515769161886,0.24333533155616616,0.7566646684438338,0.49767471420682174,0.2898139771365458,0.2208215113756023,0.23107028317712633,0.2368058893947068,0.03252512767692671,0.23120385513854727,0.49946512778981916,1.0,0.33655794148142937,0.4447914056481569,1.408081781119857,0.09663616912386377,7.55301136165407,2.7130224024250125,3.2106611507536402,146.97919039441967,0.0,0.0,-2.4424906541753444e-15,0.0,0.0,-3.040826225542137e-08,-6.2114378224231714e-09,-4.9182451701546004e-08,-2.8311136877554044e-08
equilibrium_sigma_4,126.0,21.538939203886912,3.4039847060851955,2.1934038287187407,1.512,1.6943032585101405,2.227086955864557,2.4144975158503708,1.927138153495905,0.041144251439854784,-1.8475095019820547,-2.1934038287187407,3.2269516947170835,1.0335478659983428,0.14584362733517886,1.2175141255090085,-1.0099462865975601,-0.18773626769710383,0.9024975158503707,0.1823032585101405,1.8919847060851955,0.035296481739193336,0.04196152126387264,0.04468320505436931,0.03268320505436931,0.011596331486588778,0.0710563969730238,0.0590563969730238,0.005673770349101659,0.37176728804354336,0.1128703966524292,0.12268320505436932,0.07268320505436932,0.2550855314366761,0.7449144685633239,0.5301592973709081,0.29241274378967264,0.22185295606599348,0.23202106037697165,0.2513397549293209,0.0325673898550978,0.22943514527077746,0.48665770994480384,1.0,0.31479327076149155,0.4225898194307009,1.4132532648422287,0.10386697430918745,7.433473668074578,2.763522346323177,3.1765316133469383,147.23605099966258,-4.440892098500626e-16,0.0,-4.440892098500626e-16,0.0,0.0,-3.777291566336993e-08,-7.37304282211193e-09,-5.952624659161243e-08,-3.45734552983229e-08
equilibrium_sigma_4,127.0,20.538939203886912,3.4405174369892713,2.23565731020377,1.524,1.7412656510024715,2.2394575262027536,2.488206430643623,2.0191577260256173,0.047191422413742856,-1.8860127053820364,-2.23565731020377,3.399741449900881,1.164084139697111,0.2070209529268212,1.2121023831973279,-0.9366746190581413,-0.12374627702198204,0.9642064306436229,0.21726565100247153,1.9165174369892712,0.03781777887516831,0.04255340244392619,0.049329937166421,0.037329937166420996,0.013191669534701404,0.07643754544650605,0.06443754544650605,0.006444395906912703,0.38584829444369995,0.11028531953284365,0.127329937166421,0.07732993716642099,0.26794352532587956,0.7320564746741205,0.563267787795924,0.29506142302367394,0.2227600108885631,0.23310033506369762,0.2660363591662596,0.032553152966066284,0.22759664909697305,0.473813838770701,1.0,0.29261058217673086,0.3997103943476333,1.4185633084364206,0.11135305865700945,7.292952025059348,2.813973100328877,3.138344940618582,147.46107032890072,-4.440892098500626e-16,-4.440892098500626e-16,-4.440892098500626e-16,0.0,0.0,-4.532959482772547e-08,-8.42341638107591e-09,-6.964909100848349e-08,-4.08441430330142e-08
equilibrium_sigma_4,128.0,19.538939203886912,3.4797254840873633,2.2785279748484,1.536,1.793151557811267,2.253570873330585,2.567535234911039,2.118247500242103,0.0540859321156264,-1.925067080250712,-2.2785279748484,3.5760048437957916,1.2974768689473914,0.27051846710789795,1.204570238810001,-0.8593880854732968,-0.05702602993360753,1.031535234911039,0.25715155781126686,1.9437254840873632,0.0406550561894988,0.043197351859223104,0.05454237495571889,0.04254237495571889,0.015089009519566467,0.08230702887690455,0.07030702887690456,0.007373965220658363,0.4016435604718754,0.10755146132175558,0.13254237495571888,0.08254237495571888,0.28210342135270317,0.7178965786472968,0.5968318254017576,0.2977465460321406,0.2235309562134328,0.23433509636345032,0.2808152312484812,0.03248673845742422,0.22571021948663064,0.4609878108074639,1.0,0.2701226769808224,0.3762696257583557,1.4239873002662864,0.11906209177069638,7.131799688233682,2.8644414193543866,3.0953672325311326,147.65640649043038,1.836664154097889e-11,-4.440892098500626e-16,-2.220446049250313e-16,0.0,0.0,-5.2765492995765495e-08,-9.29638981073122e-09,-7.908241267395866e-08,-4.6852612609060706e-08
equilibrium_sigma_4,129.0,18.538939203886912,3.521950334329953,2.322072510719992,1.548,1.8505653515416804,2.2697517681943484,2.653007201599764,2.225020285478925,0.062004786618495844,-1.964749534531918,-2.322072510719992,3.756304171965051,1.4342316612450592,0.33666366487665567,1.1944643318429593,-0.7774051786988004,0.012841765927387776,1.105007201599764,0.3025653515416804,1.973950334329953,0.04386109702624674,0.043902844562689225,0.06040020463102396,0.04840020463102396,0.017335356567634158,0.08873721668356538,0.07673721668356538,0.008500214204731904,0.41939455948795135,0.10468148327029143,0.13840020463102395,0.08840020463102395,0.297799054072228,0.702200945927772,0.6306684454449059,0.30045347563559244,0.22415673005598558,0.23575890224291632,0.295591885759351,0.032373587790044275,0.22380141778864265,0.448233108661962,1.0,0.24745214155191306,0.3523950558411323,1.4294974889537193,0.12695597268873587,6.950524173043959,2.915012023764129,3.04672987583783,147.8244432606326,-1.4777512546970684e-11,0.0,-2.220446049250313e-16,0.0,0.0,-5.957259376077051e-08,-9.903490812146476e-09,-8.710292221519866e-08,-5.216166369323427e-08
equilibrium_sigma_4,130.0,17.538939203886912,3.5675920339498397,2.3663578302956374,1.56,1.9141987202046238,2.2883767628562093,2.7452260576563328,2.3401801290341577,0.07116812038800568,-2.0051491314663226,-2.3663578302956374,3.9412984532632467,1.5749406229676093,0.40580971433679824,1.1812068903254955,-0.6899324616996376,0.08632364365636686,1.1852260576563327,0.35419872020462373,2.0075920339498396,0.04750073266086961,0.044680899119167596,0.06699897568685251,0.05499897568685251,0.01998766465765655,0.0958172866027951,0.0838172866027951,0.009872266074628655,0.4393908354147045,0.1016882818618577,0.1449989756868525,0.09499897568685249,0.3153127468175798,0.6846872531824202,0.6645805632592813,0.30316644506074253,0.22463134594180978,0.23741391670802786,0.31027836441626894,0.03222030228550585,0.22189978671004093,0.4356015465881844,1.0000000000000002,0.22473102261628153,0.3282243412181748,1.4350629255810643,0.13499061296744946,6.749770710519196,2.965787391352733,2.9914020066118905,147.96776002723777,-5.81579229219642e-12,-4.440892098500626e-16,-2.220446049250313e-16,0.0,0.0,-6.495999758937554e-08,-1.0128414711096934e-08,-9.26358023484175e-08,-5.6093948236357605e-08
equilibrium_sigma_4,131.0,16.538939203886912,3.617122882736826,2.411462756662406,1.572,1.9848485204440267,2.3098854485188602,2.844894895267747,2.4645437969620816,0.08185263683762423,-2.0463687997523117,-2.411462756662406,4.131761473069087,1.7202987164066812,0.47833275199945535,1.1640531711889066,-0.5960403911377427,0.1639406940584273,1.272894895267747,0.41284852044402665,2.045122882736826,0.05165430491702644,0.04554437138226877,0.07445426767752605,0.06245426767752606,0.023115581471745292,0.10365762898922881,0.09165762898922881,0.011555005756669345,0.46198262932583645,0.09858459710645597,0.15245426767752604,0.10245426767752604,0.3349857625199908,0.6650142374800092,0.6983571328970882,0.3058685706317671,0.22495225500117763,0.23935375687829916,0.32478359536182405,0.0320347096836687,0.22003923624870675,0.4231424587058005,1.0,0.20210072095895087,0.30390435207039634,1.4406493607529267,0.143115683679225,6.530302781081838,3.01688644909801,2.928156789925434,148.08910376223406,-2.1400659022674517e-12,0.0,6.661338147750939e-16,0.0,0.0,-6.769241647081037e-08,-9.821973907808701e-09,-9.408521664533431e-08,-5.76181912737006e-08
equilibrium_sigma_4,132.0,15.538939203886912,3.671105165863656,2.457480029091354,1.584,2.063439422106106,2.334794881380783,2.9528401565793088,2.599067838573586,0.09441035090889827,-2.0885274130467164,-2.457480029091354,4.328604846658438,1.8711248175670838,0.5546253585398877,1.1420312353155446,-0.4946323564525149,0.2462735460209354,1.3688401565793087,0.4794394221061058,2.087105165863656,0.05642234938911947,0.046508299661510884,0.08290717488048166,0.07090717488048166,0.026805085895508222,0.1123956686455152,0.1003956686455152,0.013635445400561608,0.4875974996378232,0.09538256388938876,0.16090717488048165,0.11090717488048164,0.35723028774323823,0.6427697122567617,0.7317728287898793,0.3085418263031904,0.2251206490747665,0.241647536380501,0.3390135035167658,0.03182597454437622,0.2182586035985986,0.41090191834025935,0.9999999999999999,0.17971220471078087,0.27959034360815177,1.4462190744710912,0.15127429177245327,6.292980172978401,3.0684413976146643,2.8555307135508805,148.1913649983092,-7.287503933639528e-13,0.0,1.1239897901305085e-12,0.0,0.0,-6.585658956365092e-08,-8.801166739846877e-09,-8.91081656378967e-08,-5.5187959775021556e-08
equilibrium_sigma_4,133.0,14.538939203886912,3.730214387542679,2.5045186787474822,1.596,2.1510528952194514,2.363718226865697,3.0700423749811216,2.744883025510504,0.10929510108708507,-2.1317623110235653,-2.5045186787474822,4.532907751362332,2.02838907261485,0.6350835331101373,1.113855547399293,-0.3844046815282559,0.3339661520062852,1.4740423749811216,0.5550528952194513,2.134214387542679,0.0619320209953662,0.04759029858970557,0.09253160428116528,0.08053160428116528,0.03116335309849387,0.1222036665082804,0.11020366650828041,0.016232108743796658,0.5167624372156523,0.0920931847255095,0.17053160428116526,0.12053160428116526,0.38254213807172166,0.6174578619282783,0.7645870704745171,0.3111669656379614,0.22514170606188794,0.2443857055643625,0.3528707972986726,0.031604775180164885,0.21660247133762817,0.3989219561835344,1.0,0.1577266627820735,0.2554452255081894,1.4517306083119548,0.15940253991925385,6.038734865375073,3.1205913467303565,2.771775846600755,148.27755990051634,-2.282618538629322e-13,0.0,-5.795364188543317e-14,0.0,0.0,-5.6483010331398464e-08,-6.85748454548607e-09,-7.427292142425657e-08,-4.650549906975998e-08
equilibrium_sigma_4,134.0,13.538939203886912,3.79527014575595,2.5527068212308905,1.608,2.2489647306007097,2.3973891004226444,3.197676062854673,2.903338678739119,0.1271006013171807,-2.17623233328492,-2.5527068212308905,4.745955632216113,2.193248810985222,0.7200827856189729,1.0778013382872718,-0.26379442855701757,0.42772694571716413,1.5896760628546729,0.6409647306007096,2.18727014575595,0.06834603714234029,0.04881098727648407,0.10354409494607139,0.0915440949460714,0.03632531800200249,0.1332993022473694,0.12129930224736941,0.019509023690966742,0.5501336210487011,0.08872569392039217,0.18154409494607138,0.1315440949460714,0.41151195197872864,0.5884880480212713,0.7965421776281649,0.3137233742102532,0.22502478289763939,0.24768863847277042,0.36625434623447894,0.031383578787592334,0.21512234957889184,0.38723972539903695,1.0,0.1363167409891295,0.23163892868764296,1.457138364357326,0.1674289127763915,5.76854486418513,3.1734704743160536,2.674806962455429,148.35082094028215,-6.350475700855895e-14,-4.440892098500626e-16,1.0473844014313727e-12,0.0,0.0,1.4244711063482463e-08,1.5447273876700862e-09,1.8142828947520506e-08,1.1481335375485013e-08
equilibrium_sigma_4,135.0,12.538939203886912,3.8672775262393744,2.6021948589758996,1.62,2.3586938351643205,2.436693455491127,3.337161879510599,3.076060143062098,0.1486156939355674,-2.2221213957275627,-2.6021948589758996,4.969290755641451,2.367095896665551,0.8099359750544975,1.0315198414684927,-0.13091105388681012,0.5283247910698583,1.717161879510599,0.7386938351643204,2.2472775262393743,0.07587534391151739,0.05019440939302187,0.11621717811373997,0.10421717811373997,0.042462604441358145,0.14596019422441486,0.13396019422441485,0.02369675342284161,0.5885369033749696,0.08528676639507501,0.19421717811373995,0.14421717811373996,0.44482958512125503,0.555170414878745,0.8273603452860598,0.3161888276228848,0.22478356516940196,0.25171946467932393,0.3790580259512309,0.031177053066631315,0.2138784215393873,0.3758864994427505,1.0,0.1156685686583399,0.20834786141045203,1.4623920175561185,0.17527340539042918,5.483405968313217,3.2271867685388864,2.562150715278757,148.41439940915473,-1.5987211554602254e-14,4.440892098500626e-16,2.4424906541753444e-15,0.0,0.0,-2.9751162367031014e-09,-2.7943183183998244e-10,-3.6700170402692578e-09,-2.3398246187800176e-09
equilibrium_sigma_4,136.0,11.538939203886912,3.947484007424268,2.6531591123466955,1.6320000000000001,2.482067151089802,2.4827121935849648,3.4902362141243812,3.2650246144393624,0.1749056954097875,-2.2696426455091547,-2.6531591123466955,5.204779679091154,2.5516205667444587,0.9048217809683904,0.9717637598949435,0.01655475497583636,0.636576758140495,1.8582362141243811,0.8500671510898017,2.315484007424268,0.08479720972764655,0.05176838062924963,0.13089774234594678,0.11889774234594679,0.04979570283926725,0.16054392113939997,0.14854392113939996,0.02912399599930282,0.6330234616543842,0.0817795607353238,0.2088977423459468,0.15889774234594678,0.4832707521004173,0.5167292478995826,0.8567392943606302,0.31853914354885043,0.22443618212756006,0.2567036105171215,0.3911689765045348,0.031002685192089565,0.21294188587474921,0.36488645242862655,1.0,0.09598467277837773,0.18575428654085144,1.4674357162753362,0.18284635071708738,5.184301368973491,3.281784398847162,2.4309132893774428,148.47168480654094,-3.552713678800501e-15,-4.440892098500626e-16,1.588729148238599e-13,0.0,0.0,-3.1415984980132095e-08,-2.4833776632315896e-09,-3.734877443428708e-08,-2.39449567743244e-08
equilibrium_sigma_4,137.0,10.538939203886912,4.037457977702182,2.70580567148611,1.6440000000000001,2.621305899110164,2.5367778193912702,3.6590441352642467,3.4726611979440696,0.20743241661891976,-2.319043014939123,-2.70580567148611,5.454703090856367,2.748897419370257,1.004665505837354,0.8939788091037578,0.18145192226136309,0.7533228702237269,2.0150441352642465,0.977305899110164,2.393457977702182,0.0954814598267049,0.05356463229624355,0.14803250401875898,0.13603250401875897,0.05861057595394144,0.17751568572643706,0.16551568572643705,0.03626438910275809,0.6849469818750272,0.07820259627922084,0.226032504018759,0.17603250401875897,0.5276434570235344,0.47235654297646557,0.8843463514902375,0.32074770811921904,0.22400528878125586,0.26295888272353996,0.40246517166432094,0.030881678090198292,0.21239813252180867,0.35425501772367207,1.0,0.07748794450154084,0.16404545603044937,1.472207031103422,0.19004688383413815,4.872169671355783,3.3371779115781863,2.2778080149496818,148.52624845106538,-4.440892098500626e-16,0.0,-6.9155792203901e-13,0.0,0.0,-6.335561270054413e-08,-4.065702746691713e-09,-7.244232377856541e-08,-4.646347641357185e-08
equilibrium_sigma_4,138.0,9.538939203886912,4.139199149115932,2.760374259602322,1.6560000000000001,2.7791422084516495,2.6005505532504607,3.8462649501571873,3.7019839267894477,0.24823050286157133,-2.3706078776030504,-2.760374259602322,5.721877614547703,2.9615033549453806,1.1089476413847814,0.7917015371687831,0.36733023029547573,0.8793861125771605,2.190264950157187,1.1231422084516494,2.4831991491159315,0.10842845890927104,0.05561864341561596,0.16820350634416983,0.15620350634416982,0.06928093549500014,0.19748599726199245,0.18548599726199244,0.04580267991938225,0.7460712313459692,0.0745487040363099,0.24620350634416985,0.19620350634416983,0.5786529604231168,0.42134703957688324,0.9098116793875689,0.3227849343510055,0.223518083753275,0.27094211853962824,0.4128125780437321,0.030840247042505615,0.21235031221275488,0.3439968627010074,1.0,0.060426174810328824,0.14341188885771888,1.476635784884187,0.19676124714593896,4.547873962146093,3.393037926944607,2.0993282468197996,148.58192402708787,-8.881784197001252e-16,0.0,-7.771561172376096e-16,0.0,0.0,-9.609515891351172e-08,-4.876475757920051e-09,-1.057368795021052e-07,-6.721054150726768e-08
equilibrium_sigma_4,139.0,8.538939203886912,4.2552946495597155,2.8171417968771757,1.668,2.9589778022981217,2.6761198916931064,4.055281238838242,3.95676717087095,0.3001591298260353,-2.424665169790571,-2.8171417968771757,6.009822205777502,3.1926804089003267,1.2164127364920485,0.655702451790652,0.5786525793316739,1.0155273756411922,2.3872812388382423,1.2909778022981218,2.5872946495597153,0.12432326483305932,0.05796929006100892,0.19217752521589962,0.1801775252158996,0.08229690444627824,0.22126011999468176,0.20926011999468175,0.05871754148900621,0.8187197733815139,0.07080480030619207,0.2701775252158996,0.22017752521589962,0.6366168705221733,0.3633831294778267,0.9327233522976953,0.32461786818381566,0.2230061378621852,0.28132082845736067,0.4220629396666016,0.030911448579520384,0.21292177189401618,0.3341038398598618,1.0,0.04507535396054413,0.12404360660693416,1.4806432579299666,0.20286170637285417,4.212180511066743,3.448595473462593,1.8922378138607483,148.64294419846632,1.3322676295501878e-15,0.0,1.1102230246251565e-15,0.0,0.0,-1.2316607207740748e-07,-5.127147220673756e-09,-1.3128977671694742e-07,-8.126923203843894e-08
equilibrium_sigma_4,140.0,7.538939203886912,4.389138776157439,2.8764259568162522,1.68,3.1651009621736326,2.766137470917796,4.290402853267917,4.241771727068601,0.3672348080618364,-2.481588282572855,-2.8764259568162522,6.322987446032382,3.44656148921613,1.3246740159335535,0.4728725279731747,0.8210652152464117,1.1624466801956044,2.6104028532679173,1.4851009621736326,2.709138776157439,0.1441089215490286,0.06065958250444397,0.2209740354233369,0.2089740354233369,0.09829826384591013,0.24989785739837345,0.23789785739837344,0.07635215050871835,0.9059819255252632,0.06695451729820683,0.2989740354233369,0.2489740354233369,0.7009449090895354,0.29905509091046456,0.9526324531619519,0.3262105962529562,0.2225046748859226,0.29507879489394445,0.4300553472460706,0.031137648226446324,0.2142525320651288,0.3245544724623542,0.9999999999999998,0.03173625638149223,0.10612177269703763,1.4841432566894788,0.2082083963724371,3.8657687956806575,3.50231665714624,1.6546819260943577,148.71415738710428,-4.440892098500626e-16,0.0,8.162359677044151e-13,0.0,0.0,-1.3238234464196807e-07,-5.589354035162586e-09,-1.3935763512606947e-07,-8.126791468943129e-08
equilibrium_sigma_4,141.0,6.538939203886912,4.545234169050467,2.938591781198342,1.692,3.4029828205192105,2.8739822913050697,4.557152952381915,4.5630233979033745,0.4549927432623695,-2.5417984574749806,-2.938591781198342,6.667073529592552,3.72848174839421,1.4298086987104381,0.22508617112270746,1.1017157684226413,1.320993273145953,2.865152952381915,1.7109828205192106,2.8532341690504666,0.16907390394350053,0.06374339354357415,0.2559567313711996,0.2439567313711996,0.11810352360377459,0.2847760424851131,0.2727760424851131,0.10037627071191046,1.011990095064241,0.06298815952297214,0.3339567313711996,0.2839567313711996,0.7693638293360939,0.23063617066390607,0.9690875564234562,0.3275270045138765,0.2220504776925639,0.3136552341028225,0.43662909201079414,0.03157349791150757,0.21647830844588822,0.31531910163181004,1.0,0.020711337196284322,0.08980090649556383,1.4870485606297255,0.21265957079292142,3.5093159067524553,3.5513929380848706,1.388317983084536,148.80133039582543,0.0,0.0,-4.418687638008123e-14,0.0,0.0,2.830607512271932e-08,1.7167958027419772e-09,3.057078962198645e-08,1.592583807885628e-08
equilibrium_sigma_4,142.0,5.538939203886912,4.72957849978404,3.0040731671673666,1.704,3.679679640012526,3.003944410824159,4.8626146222131625,4.928139876543925,0.5706771439859522,-2.6057744576738173,-3.0040731671673666,7.0494747737912435,4.0454016066238765,1.526292419291265,-0.11115418836829272,1.4295682904507179,1.4929684608442826,3.158614622213163,1.9756796400125258,3.0255784997840403,0.20093000488584584,0.06731182300375925,0.2989561157738407,0.28695611577384067,0.1427130099477188,0.32764863136414135,0.31564863136414134,0.13244381034671626,1.142291259920729,0.05892702270034916,0.37695611577384064,0.32695611577384065,0.8371871973856349,0.16281280261436515,0.9817321774972184,0.3285385741997775,0.22167702601238212,0.339078983285901,0.4416608427296802,0.032288429531686806,0.21967252459172232,0.3063782031469107,1.0,0.01223944107686366,0.07517493022863647,1.4892888281828516,0.21609971619345603,3.1437078769007227,3.591030031527647,1.1015564440468142,148.91143263185504,0.0,0.0,-1.9984014443252818e-15,0.0,0.0,1.5920455564977232e-08,1.82389209291145e-09,1.887479716966567e-08,7.83863127185036e-09
equilibrium_sigma_4,143.0,4.538939203886912,4.950109426440365,3.073441303689309,1.716,4.004383520438385,3.1613859928821237,5.215854925893804,5.346744500251467,0.72286788979614,-2.6740987651101644,-3.073441303689309,7.479919347136565,4.4064780434472555,1.6079579908966006,-0.562769828008965,1.8156153536763875,1.6831152445321367,3.4998549258938034,2.2883835204383844,3.234109426440365,0.24184784162732736,0.07156621479721838,0.3524530049001532,0.3404530049001532,0.17325637662993282,0.3807630087448999,0.36876300874489987,0.17341933423509204,1.3044030451519792,0.05486510865119915,0.43045300490015315,0.38045300490015316,0.8975898886919621,0.1024101113080379,0.9904887435992686,0.3292390994879415,0.2214059624004555,0.37397285293903515,0.44513535147448113,0.033365275609689646,0.22374053994432636,0.2977588329715028,0.9999999999999999,0.006372541788490011,0.06222570903494222,1.4908442028099733,0.2184921067370288,2.770346411484129,3.6136482952657563,0.8124853767553418,149.05247673887413,-4.440892098500626e-16,-4.440892098500626e-16,-2.2870594307278225e-14,-1.1102230246251565e-16,0.0,-8.90728860669654e-08,-1.9339069165513756e-08,-1.2395836634926383e-07,-3.412186280749019e-08
equilibrium_sigma_4,144.0,3.538939203886912,5.21718330331765,3.147582810105218,1.728,4.389232364352218,3.3528227935089094,5.628591038694711,5.831224699402815,0.9203031124614769,-2.747611573735572,-3.147582810105218,7.971474435387784,4.823891625282567,1.670406663329957,-1.1550068649210636,2.272934471440467,1.9024996628338742,3.900591038694711,2.6612323643522187,3.48918330331765,0.29452331271297466,0.07696852432032197,0.4199503582552053,0.4079503582552053,0.21089600393100666,0.44729701885071194,0.4352970188507119,0.22272747521201453,1.508940479561228,0.05100832363030184,0.4979503582552053,0.4479503582552053,0.9440337733054003,0.05596622669459972,0.9957584106130114,0.3296606728490409,0.22123792952414617,0.4212180187009498,0.44722233539340694,0.034886457328174796,0.22832134029113968,0.2895698669872786,1.0,0.0028418648892823604,0.05077821138076792,1.4917817879642363,0.2199357997173106,2.3912459902288434,3.6082478712447745,0.5474260975147726,149.23206130118174,8.881784197001252e-16,0.0,1.5543122344752192e-15,0.0,0.0,-7.194204565408313e-08,-2.0127040492590176e-08,-1.066807671090686e-07,-1.8599122464380002e-08
equilibrium_sigma_4,145.0,2.538939203886912,5.544304774646975,3.228072150241887,1.74,4.850728777246916,3.5859312114544313,6.116676618268758,6.39859110841083,1.1706742612271224,-2.827782950635071,-3.228072150241887,8.542403034257925,5.314330884016037,1.7135648284602392,-1.9062483687110736,2.8168349341021353,2.172024816904326,4.376676618268758,3.1107287772469157,3.804304774646975,0.3627415832211777,0.0844797291193311,0.5069138070978957,0.4949138070978957,0.2567987309452596,0.5326806459926559,0.5206806459926558,0.2791444831196088,1.7724660821148357,0.047662254286148745,0.5849138070978958,0.5349138070978957,0.973911178951178,0.026088821048822042,0.9984222778654311,0.32987378222923447,0.22115158400266016,0.48315533817850337,0.44827619301870203,0.036889007052867184,0.23286289502855306,0.2819719048998776,0.9999999999999998,0.001057073830161136,0.04051826750557074,1.4922561951487137,0.22066673315113672,2.0083766188436867,3.55977943701291,0.331784337944399,149.45417216643102,8.881784197001252e-16,0.0,4.951594689828198e-14,-1.1102230246251565e-16,0.0,2.1807543437724064e-08,5.294131591448981e-09,2.867577031384627e-08,2.743204441379987e-09
equilibrium_sigma_4,146.0,1.5389392038869119,5.9501361798863375,3.3178356361528456,1.752,5.412709960898717,3.869576311829216,6.703741477660302,7.074920206414644,1.4809987658817105,-2.917414878380912,-3.3178356361528456,9.220202888796022,5.9023672526431765,1.7416950010755852,-2.828274243772462,3.465614116020262,2.5240603220612114,4.951741477660303,3.660709960898717,4.198136179886338,0.45367671249188185,0.09591960289566721,0.623133248367668,0.611133248367668,0.3121472875687745,0.6478470706694495,0.6358470706694495,0.34285512654941286,2.124646207174752,0.04514615307327628,0.7011332483676681,0.6511332483676681,0.9897479156594442,0.0102520843405558,0.9995242125746847,0.32996193700597476,0.22111559079633836,0.5604331973965705,0.448711909097144,0.0392373036236322,0.23706380421879553,0.27498698306042824,0.9999999999999999,0.0003187775749612431,0.031093928256150188,1.4924525265498494,0.2209693133278947,1.6220170548171513,3.446212383490022,0.1783657404802331,149.7158511672384,0.0,0.0,-3.148592497836944e-12,2.220446049250313e-16,0.0,-1.1867799210030228e-07,-1.939309726695093e-08,-1.2030235829740832e-07,8.841468945863795e-09
equilibrium_sigma_4,147.0,0.5389392038869119,6.46495407137959,3.422309267472509,1.764,6.113131265184187,4.213335084546446,7.430337891715725,7.905825445015614,1.8593267032081053,-3.021845054703963,-3.422309267472509,10.051593534507013,6.629284267034505,1.760621174501788,-3.9279160526736776,4.241196164109883,3.0015725026652293,5.666337891715725,4.3491312651841865,4.70095407137959,0.5855853944566486,0.11464324407671869,0.7885124479173375,0.7765124479173375,0.37644721786794216,0.8181825474151694,0.8061825474151694,0.4151308562305722,2.625795296719205,0.04366038899527297,0.8665124479173376,0.8165124479173376,0.9966268763090499,0.0033731236909501083,0.9998881609389046,0.32999105287511243,0.22110366749067437,0.6505023985636305,0.44885578934872156,0.04120722278789845,0.24205443404167098,0.26788255382170906,1.0,7.493217093388682e-05,0.022214474712245316,1.4925173824784814,0.22106927848034447,1.227901310315997,3.224217485463094,0.08369508794838075,150.0066582489363,4.440892098500626e-16,0.0,2.1658230764387554e-12,0.0,0.0,-1.5825583976614155e-07,-1.2660700973721184e-08,-1.0703721176064107e-07,6.497547710981877e-08
equilibrium_sigma_4,147.5389392038869,0.0,6.807313777532068,3.487959320657681,1.7704672704466429,6.5699418556146085,4.425569644419518,7.905926066200175,8.447033611365065,2.093903288487116,-3.0874871801427446,-3.487959320657681,10.592890235151588,7.104930914493907,1.768732871564425,-4.58749419485226,4.718461031711409,3.327065715518642,6.135458795753532,4.799474585167966,5.036846507085425,0.6908268745945623,0.1297123761641861,0.9119999999999975,0.8999999999999975,0.4102047833836559,0.9541090605180713,0.9421090605180713,0.4547923076847482,2.999999999999993,0.04323745872139547,0.9899999999999977,0.9399999999999976,0.9982671043183482,0.0017328956816518026,0.999954556438383,0.32999636451507064,0.22110149041169724,0.7017876129367071,0.4488820360494029,0.041276372610036055,0.24694229153152136,0.26289929980903964,0.9999999999999999,3.0447186283358847e-05,0.01757012069782325,1.492529214824675,0.2210875167643137,1.0076318742985424,3.02289562289562,0.05235393590045072,150.1705622335199,-8.881784197001252e-16,0.0,-7.400302592941443e-12,-1.1102230246251565e-16,0.0,0.0,0.0,-1.1102230246251565e-16,0.0
