scenario,sigma_xl,time,log_capital,log_capability,log_consumption,log_shadow_value,log_output_relative_to_unit_bgp,log_wage_relative_to_unit_bgp,net_interest,labor_share
sigma_xl_0.9900,0.99,0.0,0.7069187427695094,-0.8126721363566255,-0.7448021867163981,-0.44611335320209883,-0.01366775266703063,-0.02460285498552639,0.04949742456086119,0.5301707151573744
sigma_xl_0.9900,0.99,1.0,0.7187074229132121,-0.8091931234353829,-0.7322388786719953,-0.43693843467945104,-0.014443072141148539,-0.02537077083013828,0.04962712103460239,0.5301746403594546
sigma_xl_0.9900,0.99,2.0,0.7306912085003332,-0.8057151583024652,-0.7195518989655402,-0.4276539755091641,-0.015143922403326071,-0.02606406542880424,0.04974495298869193,0.530178646195773
sigma_xl_0.9900,0.99,3.0,0.7428522752487832,-0.8022381472433799,-0.7067525748542417,-0.41826999297275724,-0.015777109517390198,-0.02668955877646373,0.04985197813073573,0.5301827252821213
sigma_xl_0.9900,0.99,4.0,0.7551743831070714,-0.7987620051589369,-0.6938512219420968,-0.40879561197038355,-0.016348834651731925,-0.027253464734880772,0.04994916476302996,0.5301868708903301
sigma_xl_0.9900,0.99,5.0,0.7676427443597265,-0.7952866547941315,-0.6808572292973618,-0.39923913969043356,-0.01686474443085989,-0.02776144148711035,0.050037398392486804,0.5301910768937211
sigma_xl_0.9900,0.99,6.0,0.7802438996999961,-0.7918120260247958,-0.6677791392398345,-0.38960813568711605,-0.017329978247519084,-0.028218638946348795,0.05011748811528052,0.530195337715837
sigma_xl_0.9900,0.99,7.0,0.792965604065503,-0.7883380552086027,-0.6546247207098944,-0.3799094763829867,-0.017749211848988256,-0.02862974243136107,0.05019017262117256,0.5301996482832003
sigma_xl_0.9900,0.99,8.0,0.8057967213578882,-0.7848646845933698,-0.6414010368162892,-0.3701494145054874,-0.0181266975329592,-0.02899901294457674,0.0502561258342278,0.5302040039817367
sigma_xl_0.9900,0.99,9.0,0.8187271275260696,-0.7813918617779256,-0.628114506926306,-0.36033363376363603,-0.018466301151224163,-0.029330324251475748,0.05031596219060276,0.5302084006166543
sigma_xl_0.9900,0.99,10.0,0.8317476214891381,-0.7779195392211189,-0.6147709636585167,-0.35046729907064306,-0.01877153612079918,-0.029627196961299784,0.050370241559432316,0.5302128343755605
sigma_xl_0.9900,0.99,11.0,0.8448498433801822,-0.7744476737948928,-0.6013757051301303,-0.34055510261329375,-0.019045594640539343,-0.029892829807545707,0.050419473816817245,0.530217301794606
sigma_xl_0.9900,0.99,12.0,0.8580261996042292,-0.7709762263776445,-0.5879335427994291,-0.3306013060605906,-0.01929137630644845,-0.030130128321836924,0.050464123085878165,0.5302217997274458
sigma_xl_0.9900,0.99,13.0,0.871269794227358,-0.7675051614844203,-0.5744488452252574,-0.3206097791893522,-0.019511514309891453,-0.03034173108575633,0.050504611657441814,0.5302263253168206
sigma_xl_0.9900,0.99,14.0,0.8845743663110912,-0.7640344469311688,-0.5609255780012339,-0.31058403514883404,-0.01970839936599783,-0.030530033708228932,0.05054132360247714,0.5302308759685963
sigma_xl_0.9900,0.99,15.0,0.8979342324907635,-0.7605640535287767,-0.54736734032011,-0.30052726276256037,-0.019884201639985055,-0.030697210796728602,0.05057460810917516,0.5302354493279758
sigma_xl_0.9900,0.99,16.0,0.9113442345110254,-0.7570939548048995,-0.5337773983586851,-0.2904423560320001,-0.02004089078071636,-0.030845236031847634,0.0506047825536715,0.5302400432577615
sigma_xl_0.9900,0.99,17.0,0.924799691452419,-0.7536241267517678,-0.5201587156591889,-0.2803319409944484,-0.020180254163209344,-0.030975900447153704,0.05063213531358031,0.5302446558185614
sigma_xl_0.9900,0.99,18.0,0.9382963561729656,-0.7501545475971632,-0.5065139808148826,-0.2701984002048504,-0.020303913521638878,-0.0310908290962445,0.05065692834786302,0.5302492852507389
sigma_xl_0.9900,0.99,19.0,0.9518303756150575,-0.7466851975964658,-0.49284563268636483,-0.2600438950398868,-0.020413340106551603,-0.031191496240996264,0.05067939955972106,0.5302539299579658
sigma_xl_0.9900,0.99,20.0,0.9653982546543536,-0.7432160588438771,-0.4791558833574302,-0.2498703860074337,-0.020509868489422933,-0.03127923918438591,0.05069976495848835,0.5302585884922411
sigma_xl_0.9900,0.99,21.0,0.9789968231908512,-0.7397471151010764,-0.4654467390237258,-0.2396796512310439,-0.020594709129402644,-0.031355270862965856,0.05071822063569616,0.5302632595402524
sigma_xl_0.9900,0.99,22.0,0.9926232062046604,-0.7362783516417292,-0.45172001899266156,-0.22947330326627433,-0.020668959807850662,-0.031420691304814174,0.05073494456976939,0.5302679419109676
sigma_xl_0.9900,0.99,23.0,1.00627479652037,-0.7328097551103998,-0.4379773729590116,-0.21925280439350414,-0.020733616028572543,-0.03147649805106334,0.050750098272933225,0.5302726345243467
sigma_xl_0.9900,0.99,24.0,1.0199492300440003,-0.7293413133945524,-0.42422029670748695,-0.20901948052042738,-0.020789580473963787,-0.03152359563140916,0.050763828293077226,0.5302773364010798
sigma_xl_0.9900,0.99,25.0,1.0336443579437127,-0.725873015481336,-0.41045014974375543,-0.19877453679650564,-0.020837673627668418,-0.03156280620851093,0.050776267913446735,0.5302820466510606
sigma_xl_0.9900,0.99,26.0,1.0473582531494376,-0.7224048514897676,-0.39666815119641524,-0.18851905397345617,-0.020878631295167482,-0.0315948670935392,0.0507875367202434,0.5302867644760645
sigma_xl_0.9900,0.99,27.0,1.0610891331450445,-0.7189368122761708,-0.3828754286992145,-0.1782540317193167,-0.020913134080985885,-0.03162046028366505,0.05079774539052451,0.5302914891377846
sigma_xl_0.9900,0.99,28.0,1.0748354183545872,-0.7154688897312986,-0.3690729814473061,-0.16798035587304297,-0.020941785100427324,-0.031640190128252366,0.050806992035919527,0.5302962199819851
sigma_xl_0.9900,0.99,29.0,1.0885956470691593,-0.7120010763462681,-0.35526173404677425,-0.15769884616539848,-0.02096514245898573,-0.03165461587468488,0.05081536748856444,0.5303009564032857
sigma_xl_0.9900,0.99,30.0,1.102368516957985,-0.7085333654236852,-0.3414425102506531,-0.1474102329385498,-0.020983703406294907,-0.0316642357899416,0.05082295270180412,0.5303056978623311
sigma_xl_0.9900,0.99,31.0,1.1161528322036358,-0.7050657508081237,-0.3276160664180462,-0.13711518679891893,-0.02099792451914928,-0.031669507384889384,0.0508298220346437,0.5303104438639072
sigma_xl_0.9900,0.99,32.0,1.1299475173993234,-0.7015982269566885,-0.3137830827231899,-0.12681431082377995,-0.02100821639718553,-0.03167084209913784,0.050836042377184754,0.530315193962685
sigma_xl_0.9900,0.99,33.0,1.1437515955530673,-0.6981307888268458,-0.29994417707798404,-0.11650815289976119,-0.0210149520610598,-0.03166861371639573,0.05084167451472228,0.5303199477541116
sigma_xl_0.9900,0.99,34.0,1.1575641794162985,-0.6946634318322521,-0.28609991061920415,-0.10619721058595383,-0.021018470263678757,-0.0316631616824824,0.05084677366265687,0.530324704870817
sigma_xl_0.9900,0.99,35.0,1.1713844673245222,-0.6911961518214346,-0.27225079034367744,-0.09588193344836277,-0.021019077078977266,-0.031654792697364265,0.05085138972108945,0.5303294649808868
sigma_xl_0.9900,0.99,36.0,1.1852117313240422,-0.6877289450173827,-0.2583972766207137,-0.08556272971859852,-0.021017050435375217,-0.03164378525788625,0.05085556801120489,0.5303342277829456
sigma_xl_0.9900,0.99,37.0,1.1990453061547475,-0.6842618079615124,-0.2445397901627942,-0.07523997247267061,-0.02101264432220079,-0.03163039387280342,0.05085934995907142,0.5303389930015929
sigma_xl_0.9900,0.99,38.0,1.2128846072961301,-0.6807947376052161,-0.23067870061307977,-0.06491398951261362,-0.021006081901505713,-0.031614842160525236,0.05086277196769887,0.5303437603948667
sigma_xl_0.9900,0.99,39.0,1.226729092201621,-0.6773277311130145,-0.21681435106555647,-0.05458508510384891,-0.02099757030723376,-0.03159733767853823,0.0508658678321213,0.5303485297381992
sigma_xl_0.9900,0.99,40.0,1.240578252938174,-0.6738607858251264,-0.20294706272207363,-0.04425354410351551,-0.020987303455520745,-0.031578074739454176,0.05086866919676303,0.5303533008213704
sigma_xl_0.9900,0.99,41.0,1.254431664952472,-0.6703938995050192,-0.18907710404931244,-0.03391960461610444,-0.02097544342902119,-0.03155721575730186,0.05087120251280934,0.5303580734686792
sigma_xl_0.9900,0.99,42.0,1.2682889166017854,-0.6669270699816963,-0.17520473534849434,-0.023583497506808104,-0.02096214737847779,-0.03153491820407606,0.05087349343155295,0.5303628475097869
sigma_xl_0.9900,0.99,43.0,1.2821496370072716,-0.6634602952910398,-0.16133019114049296,-0.013245430784581236,-0.020947556890265173,-0.03151132395555778,0.050875565066480194,0.5303676227912387
sigma_xl_0.9900,0.99,44.0,1.2960135088808564,-0.6599935737409399,-0.1474536720538292,-0.002905582409838958,-0.020931793090312567,-0.03148655438523973,0.05087743719241136,0.5303723991817662
sigma_xl_0.9900,0.99,45.0,1.3098802213059717,-0.6565269036716261,-0.13357537468759784,0.00743587322950362,-0.020914974669806907,-0.03146072842686465,0.05087912918976417,0.530377176552753
sigma_xl_0.9900,0.99,46.0,1.3237495047481278,-0.6530602836333559,-0.1196954694709268,0.01777878494790175,-0.020897204520600787,-0.03143394918252862,0.05088065786049123,0.530381954792715
sigma_xl_0.9900,0.99,47.0,1.337621119940386,-0.6495937123300405,-0.10581410769182398,0.02812301853058774,-0.020878573978413972,-0.03140630817455847,0.05088203812076858,0.5303867338027013
sigma_xl_0.9900,0.99,48.0,1.3514948338243777,-0.6461271884971046,-0.09193143671214832,0.03846844324379428,-0.020859172007037463,-0.031377894548480834,0.05088328450123711,0.5303915134863407
sigma_xl_0.9900,0.99,49.0,1.3653704502881063,-0.6426607110575475,-0.07804758052985772,0.048814949068771984,-0.020839073465112212,-0.03134878331583402,0.05088440922950663,0.5303962937625547
sigma_xl_0.9900,0.99,50.0,1.3792477878501552,-0.6391942790086776,-0.06416265389092624,0.059162434189913626,-0.02081834762486484,-0.031319043890309595,0.05088542362177899,0.5304010745563251
sigma_xl_0.9900,0.99,51.0,1.3931266736693455,-0.6357278913916761,-0.05027676607764331,0.06951080163591128,-0.02079706045890556,-0.03128874237922297,0.05088633845630372,0.530405855796217
sigma_xl_0.9900,0.99,52.0,1.4070069638926435,-0.6322615473949862,-0.0363900080415408,0.07985997068831852,-0.02077526687317216,-0.03125793380059472,0.050887162703991975,0.5304106374227916
sigma_xl_0.9900,0.99,53.0,1.4208885206482047,-0.628795246237456,-0.02250246695192326,0.09020986398222641,-0.020753019489331365,-0.0312266708834934,0.050887904963334785,0.5304154193790908
sigma_xl_0.9900,0.99,54.0,1.4347712172437288,-0.6253289871947454,-0.008614222908853053,0.10056041042069319,-0.02073036666058431,-0.031195002079789425,0.050888573136042045,0.5304202016127869
sigma_xl_0.9900,0.99,55.0,1.4486549468044307,-0.621862769643288,0.005274656518975407,0.11091155001787201,-0.02070734917453848,-0.031162968260294632,0.050889173888122224,0.5304249840797529
sigma_xl_0.9900,0.99,56.0,1.4625396038203242,-0.6183965929664497,0.019164104625887246,0.1212632235531157,-0.020684007296995433,-0.031130609772937468,0.05088971380083776,0.5304297667364316
sigma_xl_0.9900,0.99,57.0,1.476425090953231,-0.6149304565891166,0.03305405987339449,0.13161537638729282,-0.02066037817365135,-0.031097963839158305,0.050890198946043214,0.5304345495426502
sigma_xl_0.9900,0.99,58.0,1.4903113352874588,-0.6114643600606341,0.04694447616595332,0.14196796757436442,-0.020636489627323507,-0.031065058338470286,0.050890633872397034,0.5304393324683381
sigma_xl_0.9900,0.99,59.0,1.5041982666215084,-0.607998302944191,0.060835309124275705,0.1523209576900954,-0.020612368444222484,-0.03103192011165562,0.05089102295946264,0.5304441154845507
sigma_xl_0.9900,0.99,60.0,1.5180858147538792,-0.6045322848029768,0.07472651436907429,0.16267430731025062,-0.020588041410013636,-0.030998575998942457,0.050891370586992654,0.5304488985623469
sigma_xl_0.9900,0.99,61.0,1.5319739094830709,-0.6010663052001806,0.08861804752106117,0.17302797701059508,-0.02056353530974847,-0.03096505283993628,0.05089168113491692,0.5304536816727892
sigma_xl_0.9900,0.99,62.0,1.5458624870442814,-0.5976003637317356,0.10250986827088604,0.18338193097560068,-0.020538874471091206,-0.030931375011830242,0.050891958581783026,0.5304584647896045
sigma_xl_0.9900,0.99,63.0,1.5597515046078252,-0.5941344601004498,0.11640194954656968,0.19373614512739668,-0.020514075230423645,-0.03089755888421336,0.05089220560028572,0.5304632478951771
sigma_xl_0.9900,0.99,64.0,1.573640921636287,-0.5906685940210475,0.13029426572557523,0.2040905966735843,-0.0204891530489546,-0.030863619949710097,0.050892424720200724,0.5304680309728409
sigma_xl_0.9900,0.99,65.0,1.5875306975526335,-0.5872027652080533,0.14418679116031574,0.21444526279955484,-0.020464123402612222,-0.030829573715690783,0.05089261847386248,0.5304728140059153
sigma_xl_0.9900,0.99,66.0,1.6014207917798324,-0.5837369733759914,0.15807950020320405,0.2248001206906997,-0.02043900176704533,-0.03079543568924109,0.05089278939367339,0.5304775969777217
sigma_xl_0.9900,0.99,67.0,1.6153111637764508,-0.5802712182395334,0.1719723672291611,0.23515514755233263,-0.020413803603937186,-0.030761221363448166,0.05089294000988706,0.5304823798715983
sigma_xl_0.9900,0.99,68.0,1.6292017793010873,-0.5768054995453478,0.18586537059651154,0.24551032412171248,-0.020388541970070506,-0.030726943821584862,0.050893072459793826,0.5304871626734896
sigma_xl_0.9900,0.99,69.0,1.643092616271682,-0.5733398171030207,0.19975849635180298,0.2558656379541572,-0.020363225281080866,-0.030692611496301814,0.05089318812217121,0.5304919453743662
sigma_xl_0.9900,0.99,70.0,1.656983653931976,-0.5698741707291084,0.21365173137988158,0.26622107734851347,-0.02033786144651406,-0.030658232313124256,0.050893288293108616,0.5304967279657472
sigma_xl_0.9900,0.99,71.0,1.670874871525713,-0.5664085602401671,0.22754506256559281,0.27657663060362814,-0.02031245837567608,-0.03062381419733573,0.05089337426873207,0.5305015104391531
sigma_xl_0.9900,0.99,72.0,1.6847662482966346,-0.5629429854527523,0.2414384767937826,0.2869322860183478,-0.020287023977731633,-0.030589365074075392,0.05089344734519283,0.5305062927861051
sigma_xl_0.9900,0.99,73.0,1.6986577634884832,-0.5594774461834204,0.2553319609492968,0.2972880318915197,-0.02026156616167829,-0.03055489286831292,0.050893508818668,0.5305110749981257
sigma_xl_0.9900,0.99,74.0,1.7125493963450014,-0.5560119422487274,0.26922550191698125,0.30764385652199044,-0.02023609283634864,-0.03052040550485058,0.05089355998535883,0.5305158570667384
sigma_xl_0.9900,0.99,75.0,1.7264411261099313,-0.5525464734652291,0.2831190865816816,0.3179997482086069,-0.020210611910399745,-0.03048591090831232,0.050893602141490274,0.5305206389834677
sigma_xl_0.9900,0.99,76.0,1.7403329372909182,-0.5490810396764695,0.2970127051564395,0.3283556982014686,-0.020185129283290304,-0.030451414990021575,0.05089363625491328,0.5305254207420141
sigma_xl_0.9900,0.99,77.0,1.754224822157035,-0.5456156407666237,0.31090635276157896,0.3387117021029748,-0.02015964789231761,-0.030416920693096428,0.050893662809266535,0.5305302023392847
sigma_xl_0.9900,0.99,78.0,1.7681167715941661,-0.5421502766131951,0.32480002364286886,0.34906775474042123,-0.0201341712026627,-0.030382431489615613,0.050893682374485855,0.5305349837716147
sigma_xl_0.9900,0.99,79.0,1.7820087764881962,-0.5386849470936871,0.3386937120460788,0.3594238509411035,-0.02010870267943643,-0.03034795085158659,0.050893695520516105,0.53053976503534
sigma_xl_0.9900,0.99,80.0,1.795900827725009,-0.5352196520856032,0.352587412216977,0.36977998553231756,-0.020083245787680504,-0.030313482250946544,0.05089370281731083,0.5305445461267966
sigma_xl_0.9900,0.99,81.0,1.809792916190489,-0.5317543914664467,0.36648111840133346,0.3801361533413591,-0.02005780399235657,-0.03027902915955183,0.050893704834832854,0.5305493270423216
sigma_xl_0.9900,0.99,82.0,1.8236850327705203,-0.5282891651137208,0.3803748248449167,0.3904923491955239,-0.020032380758371104,-0.030244595049202405,0.05089370214305146,0.530554107778252
sigma_xl_0.9900,0.99,83.0,1.8375771683509878,-0.5248239729049293,0.394268525793496,0.40084856792210777,-0.020006979550546422,-0.03021018339161219,0.05089369531194511,0.5305588883309253
sigma_xl_0.9900,0.99,84.0,1.8514693147201995,-0.5213588147222463,0.4081622160633993,0.41120480485438693,-0.01998160348922773,-0.030175797313315655,0.050893684855199336,0.5305636686970526
sigma_xl_0.9900,0.99,85.0,1.8653614680669879,-0.5178936904712712,0.4220558932531463,0.42156105779353736,-0.01995625401542034,-0.030141438258081465,0.05089367101194965,0.5305684488751614
sigma_xl_0.9900,0.99,86.0,1.8792536245273834,-0.5144286000580547,0.4359495549278275,0.4319173245117694,-0.019930932590380257,-0.030107107689972157,0.050893654024615986,0.5305732288637571
sigma_xl_0.9900,0.99,87.0,1.893145780106614,-0.5109635433879959,0.449843198569831,0.44227360270797617,-0.0199056407252316,-0.030072807123019407,0.0508936341437842,0.530578008661291
sigma_xl_0.9900,0.99,88.0,1.9070379308099068,-0.5074985203664949,0.46373682166154595,0.4526298900810506,-0.019880379931095593,-0.030038538071251453,0.05089361162004061,0.5305827882662149
sigma_xl_0.9900,0.99,89.0,1.9209300726424892,-0.5040335308989504,0.47763042168535974,0.4629861843298859,-0.019855151719024744,-0.030004302048627696,0.050893586703978394,0.5305875676769802
sigma_xl_0.9900,0.99,90.0,1.934822201609589,-0.5005685748907625,0.4915239961236616,0.47334248315337524,-0.019829957600082215,-0.02997010056911753,0.05089355964618951,0.530592346892039
sigma_xl_0.9900,0.99,91.0,1.948714313716433,-0.4971036522473302,0.5054175424588389,0.4836987842504116,-0.019804799085280655,-0.029935935146638948,0.05089353069727115,0.5305971259098436
sigma_xl_0.9900,0.99,92.0,1.9626064050535603,-0.49363876287449887,0.519311058227217,0.494055085367723,-0.019779677653040784,-0.02990180726245184,0.05089350010250106,0.5306019047288816
sigma_xl_0.9900,0.99,93.0,1.976498473402138,-0.49017390668740934,0.5332045420339581,0.504411385200408,-0.019754594136673576,-0.0298677177513913,0.050893468001670855,0.5306066833483378
sigma_xl_0.9900,0.99,94.0,1.9903905171927114,-0.4867090836055894,0.5470979928947004,0.5147676828085362,-0.01972954912183411,-0.029833667200133696,0.05089343449404085,0.5306114617676646
sigma_xl_0.9900,0.99,95.0,2.004282534681309,-0.48324429354777354,0.5609914097147366,0.5251239771544243,-0.019704543260766982,-0.029799656262080365,0.05089339968976056,0.5306162399862416
sigma_xl_0.9900,0.99,96.0,2.01817452412396,-0.4797795364326951,0.5748847913993606,0.5354802672003881,-0.01967957720571123,-0.0297656855906272,0.050893363698979746,0.5306210180034491
sigma_xl_0.9900,0.99,97.0,2.0320664837766924,-0.4763148121790885,0.5887781368538646,0.5458365519087441,-0.019654651608900342,-0.029731755839164042,0.050893326631848826,0.5306257958186669
sigma_xl_0.9900,0.99,98.0,2.0459584118955356,-0.4728501207056872,0.6026714449835421,0.5561928302418087,-0.01962976712255471,-0.029697867661068023,0.05089328859851931,0.5306305734312753
sigma_xl_0.9900,0.99,99.0,2.0598503067365193,-0.4693854619312255,0.6165647146936865,0.5665491011618976,-0.01960492439885786,-0.029664021709679023,0.05089324970914613,0.5306353508406544
sigma_xl_0.9900,0.99,100.0,2.073742166555671,-0.4659208357744372,0.6304579448895902,0.5769053636313276,-0.019580124090023743,-0.029630218638366512,0.050893210073881354,0.5306401280461847
sigma_xl_0.9900,0.99,101.0,2.0876339896797447,-0.462456242152983,0.6443511345213981,0.5872616166508526,-0.01955536682098058,-0.029596459073156167,0.050893169798493926,0.5306449050472773
sigma_xl_0.9900,0.99,102.0,2.101525775241643,-0.458991680990484,0.658244283048758,0.5976178596747231,-0.019530652909365065,-0.029562743332159636,0.05089312893842146,0.5306496818436746
sigma_xl_0.9900,0.99,103.0,2.1154175227066183,-0.45552715221461426,0.6721373901412188,0.6079740923454999,-0.01950598254631708,-0.0295290716067374,0.050893087528332284,0.5306544584352524
sigma_xl_0.9900,0.99,104.0,2.1293092315399207,-0.45206265575304855,0.6860304554683289,0.6183303143057439,-0.01948135592298772,-0.0294954440882626,0.05089304560289383,0.5306592348218871
sigma_xl_0.9900,0.99,105.0,2.1432009012068027,-0.44859819153346125,0.6999234786996376,0.6286865251980162,-0.019456773230516866,-0.029461860968095832,0.0508930031967743,0.5306640110034552
sigma_xl_0.9900,0.99,106.0,2.1570925311725153,-0.4451337594835268,0.7138164595046932,0.6390427246648773,-0.0194322346600595,-0.029428322437613563,0.05089296034464055,0.5306687869798324
sigma_xl_0.9900,0.99,107.0,2.170984120902311,-0.4416693595309193,0.7277093975530444,0.6493989123488881,-0.019407740402744067,-0.029394828688165953,0.05089291708116188,0.5306735627508956
sigma_xl_0.9900,0.99,108.0,2.184875669861441,-0.4382049916033134,0.7416022925142403,0.6597550878926097,-0.019383290649710783,-0.029361379911113483,0.05089287344100646,0.5306783383165207
sigma_xl_0.9900,0.99,109.0,2.198767177515156,-0.43474065562838354,0.7554951440578292,0.6701112509386027,-0.019358885592105413,-0.029327976297823855,0.05089282945884192,0.5306831136765842
sigma_xl_0.9900,0.99,110.0,2.2126586433287088,-0.43127635153380406,0.7693879518533604,0.6804674011294282,-0.0193345254210584,-0.029294618039648,0.05089278516933719,0.5306878888309624
sigma_xl_0.9900,0.99,111.0,2.2265500667673503,-0.42781207924724923,0.783280715570382,0.6908235381076467,-0.01931021032769853,-0.029261305327936193,0.050892740607161396,0.5306926637795316
sigma_xl_0.9900,0.99,112.0,2.240441447296332,-0.4243478386963938,0.7971734348784432,0.7011796615158195,-0.0192859405031387,-0.02922803835402249,0.050892695806985286,0.5306974385221682
sigma_xl_0.9900,0.99,113.0,2.2543327843809062,-0.4208836298089118,0.8110661094470925,0.7115357709965071,-0.019261716138531115,-0.029194817309279586,0.05089265080347545,0.5307022130587485
sigma_xl_0.9900,0.99,114.0,2.268224077486324,-0.417419452512478,0.8249587389458787,0.7218918661922706,-0.01923753742498846,-0.029161642385041653,0.050892605631302434,0.5307069873891492
sigma_xl_0.9900,0.99,115.0,2.2821153260778373,-0.41395530673476644,0.8388513230443503,0.7322479467456706,-0.019213404553621194,-0.02912851377263964,0.05089256032513702,0.5307117615132464
sigma_xl_0.9900,0.99,116.0,2.2960065296206973,-0.41049119240345183,0.8527438614120565,0.7426040122992683,-0.019189317715570864,-0.029095431663436366,0.050892514919646734,0.5307165354309167
sigma_xl_0.9900,0.99,117.0,2.3098976876396424,-0.4070271094465463,0.8666363537561523,0.7529600625290026,-0.019165277079232323,-0.029062396226001208,0.05089246944579229,0.5307213091420608
sigma_xl_0.9900,0.99,118.0,2.3237888005054286,-0.40356305779785256,0.880528800318534,0.7633160975863418,-0.01914128249046332,-0.029029407305711907,0.05089242388171909,0.5307260826469272
sigma_xl_0.9900,0.99,119.0,2.337679868334303,-0.40009903739182134,0.8944212011799897,0.7736721174817021,-0.01911733389250614,-0.028996464845534087,0.0508923782214252,0.5307308559456566
sigma_xl_0.9900,0.99,120.0,2.351570891037608,-0.3966350481619859,0.9083135562917446,0.7840281221107341,-0.01909343130685115,-0.028963568866840927,0.05089233247168749,0.5307356290383047
sigma_xl_0.9900,0.99,121.0,2.365461868526686,-0.3931710900418793,0.9222058656050254,0.7943841113690884,-0.019069574754973173,-0.028930719390989346,0.05089228663928422,0.5307404019249279
sigma_xl_0.9900,0.99,122.0,2.37935280071288,-0.3897071629650346,0.9360981290710576,0.804740085152415,-0.019045764258313724,-0.02889791643930406,0.05089224073099706,0.5307451746055816
sigma_xl_0.9900,0.99,123.0,2.393243687507533,-0.38624326686498484,0.9499903466410674,0.8150960433563645,-0.019021999838382708,-0.028865160033177073,0.05089219475360067,0.5307499470803222
sigma_xl_0.9900,0.99,124.0,2.407134528821987,-0.38277940167526336,0.9638825182662805,0.8254519858765875,-0.01899828151663252,-0.02883245019394398,0.05089214871387576,0.5307547193492054
sigma_xl_0.9900,0.99,125.0,2.4210253245675863,-0.3793155673294033,0.9777746438979231,0.8358079126087343,-0.01897460931454975,-0.028799786942973915,0.05089210261859922,0.5307594914122872
sigma_xl_0.9900,0.99,126.0,2.434916074655672,-0.3758517637609377,0.9916667234872208,0.8461638234484555,-0.01895098325360922,-0.028767170301624123,0.05089205647454942,0.5307642632696234
sigma_xl_0.9900,0.99,127.0,2.4488067789975876,-0.3723879909033998,1.0055587569854003,0.8565197182914013,-0.018927403355285533,-0.02873460029125252,0.050892010288504624,0.5307690349212701
sigma_xl_0.9900,0.99,128.0,2.4626974375046755,-0.36892424869032264,1.0194507443436867,0.8668755970332223,-0.01890386964107371,-0.02870207693323612,0.050891964067240975,0.5307738063672833
sigma_xl_0.9900,0.99,129.0,2.476588050088279,-0.3654605370552394,1.0333426855133059,0.8772314595695687,-0.0188803821324377,-0.028669600248922067,0.050891917817537796,0.5307785776077187
sigma_xl_0.9900,0.99,130.0,2.4904786166597406,-0.361996855931683,1.047234580445485,0.8875873057960915,-0.018856940850861648,-0.028637170259677602,0.05089187154617229,0.5307833486426322
sigma_xl_0.9900,0.99,131.0,2.5043691371304027,-0.3585332052531871,1.0611264290914488,0.8979431356084405,-0.0188335458178297,-0.02860478698686908,0.05089182525992178,0.5307881194720798
sigma_xl_0.9900,0.99,132.0,2.518259611411608,-0.35506958495328433,1.075018231402424,0.9082989489022666,-0.018810197054838662,-0.02857245045187662,0.05089177896556224,0.5307928900961174
sigma_xl_0.9900,0.99,133.0,2.5321500394147,-0.3516059949655082,1.0889099873296357,0.91865474557322,-0.018786894583361358,-0.02854016067605547,0.05089173266987193,0.5307976605148008
sigma_xl_0.9900,0.99,134.0,2.5460404210868752,-0.34814243522090826,1.1028016968472643,0.9290105255348369,-0.018763638410782102,-0.02850791766663885,0.05089168637743331,0.5308024307282041
sigma_xl_0.9900,0.99,135.0,2.5599307565003055,-0.3446789056475,1.116693360008913,0.9393662887676888,-0.018740428496227146,-0.028475721382495545,0.05089164008508863,0.5308072007364575
sigma_xl_0.9900,0.99,136.0,2.5738210456692228,-0.3412154061836098,1.1305849768304412,0.9497220352286991,-0.018717264822589508,-0.028443571806331613,0.05089159379312799,0.530811970539654
sigma_xl_0.9900,0.99,137.0,2.587711288600667,-0.33775193676828646,1.144476547323079,0.9600777648713918,-0.01869414737565478,-0.02841146892375379,0.050891547502275175,0.5308167401378824
sigma_xl_0.9900,0.99,138.0,2.601601485301679,-0.3342884973405788,1.158368071498058,0.9704334776492906,-0.01867107614121566,-0.028379412720374697,0.05089150121325327,0.5308215095312316
sigma_xl_0.9900,0.99,139.0,2.6154916357792986,-0.3308250878395359,1.172259549366609,0.9807891735159187,-0.018648051105041308,-0.02834740318178447,0.050891454926787774,0.5308262787197907
sigma_xl_0.9900,0.99,140.0,2.629381740040566,-0.327361708204207,1.1861509809399633,0.9911448524248,-0.01862507225290244,-0.028315440293574856,0.05089140864360395,0.5308310477036483
sigma_xl_0.9900,0.99,141.0,2.643271798092522,-0.3238983583736408,1.200042366229352,1.0015005143294582,-0.018602139570593312,-0.02828352404136042,0.05089136236442471,0.5308358164828938
sigma_xl_0.9900,0.99,142.0,2.6571618099422065,-0.3204350382868863,1.2139337052460057,1.011856159183417,-0.018579253043903954,-0.02825165441075167,0.05089131608997352,0.5308405850576156
sigma_xl_0.9900,0.99,143.0,2.6710517755966596,-0.31697174788299265,1.2278249980011562,1.0222117869401997,-0.01855641265861374,-0.028219831387349348,0.05089126982097472,0.5308453534279026
sigma_xl_0.9900,0.99,144.0,2.684941695062922,-0.31350848710100854,1.241716244506034,1.0325673975533303,-0.01853361840051404,-0.028188054956764963,0.050891223558151524,0.5308501215938439
sigma_xl_0.9900,0.99,145.0,2.6988315683480333,-0.31004525587998316,1.25560744477187,1.0429229909763325,-0.01851087025539777,-0.0281563251046128,0.05089117730222707,0.5308548895555284
sigma_xl_0.9900,0.99,146.0,2.7127213954590346,-0.30658205415896556,1.269498598809896,1.0532785671627296,-0.018488168209042533,-0.028124641816490936,0.05089113105392584,0.5308596573130446
sigma_xl_0.9900,0.99,147.0,2.7266111764029652,-0.3031188818770047,1.2833897066313424,1.0636341260660458,-0.01846551224726034,-0.028093005078031974,0.05089108481396913,0.5308644248664817
sigma_xl_0.9900,0.99,148.0,2.7405009111868663,-0.29965573897314934,1.2972807682474405,1.0739896676398044,-0.018442902355839896,-0.028061414874846424,0.05089103858308022,0.5308691922159281
sigma_xl_0.9900,0.99,149.0,2.7543905998177776,-0.2961926253864487,1.3111717836694212,1.0843451918375293,-0.01842033852059477,-0.028029871192567668,0.05089099236198029,0.5308739593614731
sigma_xl_0.9900,0.99,150.0,2.7682802423027395,-0.29272954105595134,1.325062752908516,1.0947006986127439,-0.018397820727287906,-0.027998374016780625,0.05089094615139525,0.5308787263032052
sigma_xl_0.9900,0.99,151.0,2.7821698386487923,-0.2892664859207068,1.3389536759759555,1.1050561879189718,-0.018375348961756854,-0.027966923333142768,0.05089089995204375,0.5308834930412132
sigma_xl_0.9900,0.99,152.0,2.796059388862976,-0.2858034599197638,1.3528445528829711,1.1154116597097368,-0.018352923209773442,-0.027935519127247677,0.05089085376465091,0.5308882595755859
sigma_xl_0.9900,0.99,153.0,2.809948892952331,-0.2823404629921714,1.3667353836407936,1.1257671139385628,-0.01833054345716323,-0.02790416138474172,0.05089080758993657,0.5308930259064122
sigma_xl_0.9900,0.99,154.0,2.8238383509238982,-0.2788774950769785,1.3806261682606542,1.1361225505589732,-0.018308209689732236,-0.027872850091251955,0.05089076142862231,0.5308977920337807
sigma_xl_0.9900,0.99,155.0,2.8377277627847173,-0.27541455611323407,1.394516906753784,1.1464779695244915,-0.018285921893268497,-0.027841585232387667,0.050890715281431784,0.5309025579577803
sigma_xl_0.9900,0.99,156.0,2.851617128541828,-0.271951646039987,1.408407599131414,1.1568333707886418,-0.01826368005360446,-0.027810366793801222,0.050890669149084106,0.5309073236784997
sigma_xl_0.9900,0.99,157.0,2.8655064482022716,-0.2684887647962865,1.4222982454047757,1.1671887543049475,-0.01824148415654636,-0.027779194761121673,0.05089062303230077,0.5309120891960275
sigma_xl_0.9900,0.99,158.0,2.8793957217730872,-0.26502591232118144,1.4361888455850993,1.1775441200269323,-0.01821933418788979,-0.027748069119964525,0.050890576931804835,0.5309168545104525
sigma_xl_0.9900,0.99,159.0,2.893284949261316,-0.26156308855372085,1.450079399683616,1.1878994679081198,-0.018197230133467635,-0.027716989855984808,0.05089053084831503,0.5309216196218635
sigma_xl_0.9900,0.99,160.0,2.9071741306739987,-0.2581002934329536,1.4639699077115573,1.1982547979020335,-0.018175171979099014,-0.027685956954821345,0.050890484782551926,0.530926384530349
sigma_xl_0.9900,0.99,161.0,2.921063266018174,-0.2546375268979287,1.4778603696801542,1.2086101099621975,-0.01815315971057463,-0.027654970402088197,0.05089043873523873,0.5309311492359978
sigma_xl_0.9900,0.99,162.0,2.934952355300884,-0.2511747888876951,1.4917507856006385,1.2189654040421352,-0.018131193313748017,-0.027624030183458048,0.05089039270709232,0.5309359137388987
sigma_xl_0.9900,0.99,163.0,2.9488413985291673,-0.24771207934130213,1.5056411554842395,1.2293206800953704,-0.018109272774426532,-0.02759313628456106,0.05089034669883434,0.5309406780391402
sigma_xl_0.9900,0.99,164.0,2.962730395710065,-0.24424939819779828,1.5195314793421892,1.2396759380754265,-0.018087398078425965,-0.02756228869103361,0.05089030071118551,0.530945442136811
sigma_xl_0.9900,0.99,165.0,2.976619346850617,-0.24078674539623268,1.533421757185719,1.2500311779358275,-0.018065569211584975,-0.02753148738853539,0.05089025474486428,0.5309502060319998
sigma_xl_0.9900,0.99,166.0,2.990508251957864,-0.2373241208756544,1.54731198902606,1.2603863996300968,-0.018043786159718023,-0.027500732362703006,0.050890208800591405,0.5309549697247953
sigma_xl_0.9900,0.99,167.0,3.004397111044721,-0.23386152457528186,1.5612021748781488,1.270741603115176,-0.01802204890643555,-0.027470023596963267,0.05089016287871752,0.530959733215288
sigma_xl_0.9900,0.99,168.0,3.018285924197504,-0.23039895643819808,1.5750923148030584,1.28109678839218,-0.018000357407921275,-0.027439361047269184,0.05089011697495467,0.5309644965035951
sigma_xl_0.9900,0.99,169.0,3.0321746914558267,-0.22693641640985623,1.5889824088320208,1.2914519554381665,-0.017978711638541034,-0.02740874468779675,0.05089007108789252,0.5309692595898104
sigma_xl_0.9900,0.99,170.0,3.046063412836528,-0.22347390443548976,1.6028724569818582,1.3018071042173107,-0.01795711158137836,-0.027378174501458963,0.050890025217538826,0.5309740224740188
sigma_xl_0.9900,0.99,171.0,3.059952088356445,-0.22001142046033212,1.61676245926939,1.3121622346937873,-0.017935557219513898,-0.02734765047116483,0.05088997936390183,0.5309787851563053
sigma_xl_0.9900,0.99,172.0,3.073840718032417,-0.2165489644296169,1.6306524157114382,1.3225173468317715,-0.017914048535991656,-0.02731717257978583,0.05088993352699335,0.5309835476367545
sigma_xl_0.9900,0.99,173.0,3.087729301881284,-0.21308653628857782,1.6445423263248227,1.3328724405954375,-0.01789258551390538,-0.027286740810245846,0.05088988770682004,0.5309883099154513
sigma_xl_0.9900,0.99,174.0,3.101617839919884,-0.2096241359824485,1.6584321911263653,1.3432275159489608,-0.017871168136323723,-0.02725635514544078,0.05088984190339131,0.5309930719924805
sigma_xl_0.9900,0.99,175.0,3.1155063321650562,-0.2061617634564622,1.6723220101328864,1.3535825728565158,-0.017849796386324668,-0.027226015568278306,0.0508897961167154,0.530997833867927
sigma_xl_0.9900,0.99,176.0,3.129394778633638,-0.2026994186558529,1.6862117833612067,1.363937611282278,-0.017828470246987527,-0.02719572206166565,0.05088975034680081,0.5310025955418755
sigma_xl_0.9900,0.99,177.0,3.1432831793424696,-0.19923710152585383,1.7001015108281474,1.3742926311904218,-0.01780718970138051,-0.027165474608500273,0.05088970459365666,0.5310073570144108
sigma_xl_0.9900,0.99,178.0,3.157171534308389,-0.1957748120116986,1.7139911925505293,1.3846476325451222,-0.01778595473260358,-0.027135273191710496,0.05088965885728926,0.5310121182856178
sigma_xl_0.9900,0.99,179.0,3.171059843548236,-0.1923125500586209,1.7278808285451734,1.3950026153105544,-0.017764765323736054,-0.02710511779420466,0.050889613137706666,0.5310168793555811
sigma_xl_0.9900,0.99,180.0,3.184948107078848,-0.18885031561185417,1.7417704188289003,1.4053575794508926,-0.017743621457842362,-0.027075008398875555,0.050889567434918806,0.5310216402243854
sigma_xl_0.9900,0.99,181.0,3.1988363249170644,-0.18538810861663219,1.7556599634185308,1.4157125249303122,-0.017722523118032463,-0.027044944988661945,0.05088952174893081,0.5310264008921157
sigma_xl_0.9900,0.99,182.0,3.2127244970797237,-0.18192592901818827,1.7695494623308858,1.426067451712988,-0.017701470287373233,-0.027014927546460177,0.050889476079752125,0.5310311613588565
sigma_xl_0.9900,0.99,183.0,3.2266126235836654,-0.17846377676175623,1.7834389155827868,1.4364223597630945,-0.017680462948977738,-0.026984956055210785,0.05088943042738761,0.5310359216246927
sigma_xl_0.9900,0.99,184.0,3.240500704445728,-0.17500165179256955,1.7973283231910542,1.4467772490448072,-0.01765950108591463,-0.026955030497813004,0.0508893847918465,0.531040681689709
sigma_xl_0.9900,0.99,185.0,3.2543887396827498,-0.17153955405586158,1.8112176851725086,1.4571321195223008,-0.017638584681300085,-0.026925150857210478,0.05088933917313343,0.5310454415539899
sigma_xl_0.9900,0.99,186.0,3.2682767293115695,-0.16807748349686596,1.8251070015439712,1.46748697115975,-0.017617713718203643,-0.02689531711630222,0.050889293571257585,0.5310502012176204
sigma_xl_0.9900,0.99,187.0,3.2821646733490266,-0.16461544006081663,1.8389962723222628,1.4778418039213297,-0.01759688817975169,-0.02686552925804364,0.05088924798622248,0.5310549606806849
sigma_xl_0.9900,0.99,188.0,3.29605257181196,-0.16115342369294677,1.8528854975242048,1.4881966177712147,-0.01757610804901244,-0.026835787265332423,0.050889202418037335,0.5310597199432682
sigma_xl_0.9900,0.99,189.0,3.3099404247172073,-0.1576914343384902,1.866774677166617,1.4985514126735802,-0.01755537330909407,-0.026806091121104214,0.05088915686670767,0.5310644790054551
sigma_xl_0.9900,0.99,190.0,3.323828232081608,-0.15422947194268027,1.880663811266321,1.5089061885926007,-0.01753468394309765,-0.026776440808290225,0.0508891113322395,0.5310692378673301
sigma_xl_0.9900,0.99,191.0,3.337715993922001,-0.1507675364507507,1.8945528998401375,1.5192609454924513,-0.017514039934134917,-0.026746836309831434,0.05088906581463769,0.5310739965289777
sigma_xl_0.9900,0.99,192.0,3.351603710255225,-0.14730562780793477,1.9084419429048878,1.529615683337307,-0.017493441265306053,-0.026717277608655943,0.050889020313908434,0.5310787549904828
sigma_xl_0.9900,0.99,193.0,3.3654913810981184,-0.14384374595946647,1.9223309404773918,1.5399704020913425,-0.01747288791971524,-0.026687764687697957,0.0508889748300575,0.53108351325193
sigma_xl_0.9900,0.99,194.0,3.3793790064675204,-0.14038189085057906,1.9362198925744711,1.5503251017187327,-0.017452379880468438,-0.026658297529892017,0.05088892936309042,0.531088271313404
sigma_xl_0.9900,0.99,195.0,3.3932665863802693,-0.13692006242650645,1.9501087992129462,1.5606797821836527,-0.01743191713067116,-0.02662887611817366,0.05088888391301276,0.5310930291749891
sigma_xl_0.9900,0.99,196.0,3.407154120853204,-0.13345826063248178,1.9639976604096385,1.571034443450277,-0.017411499653451568,-0.026599500435498635,0.05088883847982793,0.5310977868367701
sigma_xl_0.9900,0.99,197.0,3.4210416099031646,-0.12999648541373887,1.9778864761813688,1.5813890854827806,-0.01739112743190052,-0.02657017046478849,0.050888793063542756,0.5311025442988317
sigma_xl_0.9900,0.99,198.0,3.434929053546988,-0.1265347367155112,1.9917752465449574,1.5917437082453383,-0.01737080044914796,-0.02654088618900219,0.05088874766416063,0.5311073015612583
sigma_xl_0.9900,0.99,199.0,3.4488164518015134,-0.12307301448303232,2.0056639715172255,1.6020983117021252,-0.017350518688294514,-0.026511647591068277,0.05088870228168764,0.5311120586241345
sigma_xl_0.9900,0.99,200.0,3.4627038046835805,-0.11961131866153596,2.019552651114994,1.6124528958173163,-0.017330282132480335,-0.026482454653957488,0.050888656916125694,0.5311168154875449
sigma_xl_0.9900,0.99,201.0,3.476591112213308,-0.11614964919801207,2.0334412853570383,1.6228074605584517,-0.017310090763829056,-0.026453307359624034,0.05088861156724865,0.5311215721515732
sigma_xl_0.9900,0.99,202.0,3.490478374410324,-0.11268800604312079,2.047329874261461,1.6331620058958847,-0.017289944565258786,-0.026424205690825486,0.05088856623479948,0.5311263286162982
sigma_xl_0.9900,0.99,203.0,3.504365591290729,-0.1092263891476003,2.0612184178440733,1.6435165317980094,-0.017269843521049655,-0.026395149631685877,0.05088852091873987,0.531131084881797
sigma_xl_0.9900,0.99,204.0,3.5182527628706253,-0.10576479846218845,2.075106916120688,1.6538710382332202,-0.017249787615465362,-0.02636613916631192,0.05088847561903283,0.5311358409481473
sigma_xl_0.9900,0.99,205.0,3.5321398891661127,-0.10230323393762386,2.0889953691071175,1.6642255251699114,-0.017229776832796695,-0.026337174278836972,0.050888430335638904,0.5311405968154258
sigma_xl_0.9900,0.99,206.0,3.5460269701932927,-0.09884169552464428,2.1028837768191737,1.674579992576477,-0.017209811157335775,-0.026308254953395283,0.05088838506851842,0.5311453524837102
sigma_xl_0.9900,0.99,207.0,3.559914005968266,-0.09538018317398833,2.116772139272668,1.6849344404213122,-0.017189890573332534,-0.02627938117408246,0.05088833981763592,0.5311501079530773
sigma_xl_0.9900,0.99,208.0,3.573800996507134,-0.09191869683639364,2.130660456483413,1.6952888686728105,-0.017170015065090194,-0.026250552925042525,0.05088829458295062,0.5311548632236046
sigma_xl_0.9900,0.99,209.0,3.5876879418259975,-0.08845723646259873,2.1445487284672202,1.7056432772993664,-0.017150184616886666,-0.02622177019039773,0.05088824936442424,0.5311596182953692
sigma_xl_0.9900,0.99,210.0,3.6015748419409577,-0.08499580200334178,2.158436955239903,1.7159976662693741,-0.017130399213017178,-0.02619303295428632,0.050888204162016795,0.5311643731684482
sigma_xl_0.9900,0.99,211.0,3.615461696868115,-0.08153439340936064,2.172325136817272,1.726352035551228,-0.01711065883774676,-0.026164341200816787,0.050888158975691364,0.5311691278429189
sigma_xl_0.9900,0.99,212.0,3.629348506623571,-0.07807301063139405,2.1862132732151394,1.7367063851133226,-0.01709096347538752,-0.02613569491414336,0.050888113805406254,0.5311738823188584
sigma_xl_0.9900,0.99,213.0,3.6432352712234266,-0.07461165362017963,2.200101364449318,1.7470607149240518,-0.017071313110213815,-0.026107094078385185,0.05088806865112347,0.531178636596344
sigma_xl_0.9900,0.99,214.0,3.6571219906837826,-0.0711503223264558,2.213989410535619,1.7574150249518101,-0.01705170772652176,-0.02607853867768095,0.05088802351280303,0.5311833906754527
sigma_xl_0.9900,0.99,215.0,3.671008665020741,-0.06768901670096072,2.2278774114898554,1.7677693151649918,-0.017032147308611467,-0.026050028696173344,0.05088797839040435,0.5311881445562617
sigma_xl_0.9900,0.99,216.0,3.684895294250401,-0.0642277366944326,2.2417653673278384,1.7781235855319912,-0.017012631840776393,-0.026021564118000606,0.05088793328388777,0.5311928982388482
sigma_xl_0.9900,0.99,217.0,3.698781878388865,-0.06076648225760939,2.2556532780653806,1.7884778360212026,-0.01699316130730333,-0.025993144927291656,0.05088788819321402,0.5311976517232891
sigma_xl_0.9900,0.99,218.0,3.7126684174522335,-0.0573052533412296,2.2695411437182935,1.7988320666010202,-0.016973735692497716,-0.025964771108196283,0.05088784311834209,0.5312024050096618
sigma_xl_0.9900,0.99,219.0,3.7265549114566077,-0.05384404989603109,2.28342896430239,1.8091862772398386,-0.01695435498065967,-0.025936442644856506,0.050887798059231534,0.5312071580980433
sigma_xl_0.9900,0.99,220.0,3.7404413604180884,-0.050382871872752144,2.2973167398334815,1.8195404679060516,-0.016935019156080422,-0.025908159521409013,0.05088775301584267,0.5312119109885107
sigma_xl_0.9900,0.99,221.0,3.7543277643527766,-0.04692171922213084,2.31120447032738,1.829894638568054,-0.01691572820306808,-0.025879921722003818,0.05088770798813433,0.5312166636811412
sigma_xl_0.9900,0.99,222.0,3.7682141232767736,-0.04346059189490559,2.325092155799898,1.8402487891942394,-0.016896482105925426,-0.02585172923078738,0.05088766297606562,0.5312214161760116
sigma_xl_0.9900,0.99,223.0,3.7821004372061804,-0.03999948984181434,2.3389797962668473,1.850602919753003,-0.016877280848951237,-0.02582358203190327,0.050887617979596234,0.5312261684731991
sigma_xl_0.9900,0.99,224.0,3.7959867061570973,-0.03653841301359528,2.3528673917440397,1.8609570302127385,-0.016858124416470943,-0.025795480109518598,0.05088757299868324,0.5312309205727811
sigma_xl_0.9900,0.99,225.0,3.8098729301456262,-0.03307736136098671,2.3667549422472876,1.8713111205418402,-0.016839012792777996,-0.025767423447771165,0.05088752803328665,0.5312356724748342
sigma_xl_0.9900,0.99,226.0,3.823759109187868,-0.0296163348347267,2.380642447792403,1.8816651907087028,-0.016819945962188942,-0.02573941203082053,0.050887483083364424,0.5312404241794356
sigma_xl_0.9900,0.99,227.0,3.837645243299923,-0.026155333385553425,2.3945299083951976,1.8920192406817202,-0.016800923908996346,-0.025711445842804492,0.05088743814887678,0.5312451756866625
sigma_xl_0.9900,0.99,228.0,3.8515313324978933,-0.022694356964205187,2.4084173240714843,1.9023732704292868,-0.016781946617536292,-0.025683524867901264,0.05088739322977966,0.5312499269965917
sigma_xl_0.9900,0.99,229.0,3.8654173767978786,-0.019233405521419833,2.422304694837074,1.912727279919797,-0.01676301407211378,-0.025655649090259303,0.05088734832603202,0.5312546781093004
sigma_xl_0.9900,0.99,230.0,3.8793033762159808,-0.01577247900793588,2.4361920207077796,1.923081269121645,-0.01674412625704136,-0.025627818494035504,0.05088730343759218,0.5312594290248654
sigma_xl_0.9900,0.99,231.0,3.8931893307683008,-0.01231157737449129,2.4500793016994127,1.9334352380032251,-0.01672528315663513,-0.02560003306338987,0.05088725856441795,0.531264179743364
sigma_xl_0.9900,0.99,232.0,3.9070752404709395,-0.008850700571824133,2.4639665378277864,1.9437891865329318,-0.016706484755218742,-0.02557229278248907,0.050887213706466525,0.531268930264873
sigma_xl_0.9900,0.99,233.0,3.9209611053399978,-0.0053898485506728155,2.4778537291087113,1.954143114679159,-0.016687731037117626,-0.025544597635501987,0.05088716886369492,0.5312736805894693
sigma_xl_0.9900,0.99,234.0,3.9348469253914637,-0.0019290212623470637,2.491740875557893,1.9644970224107445,-0.016669021986773558,-0.025516947606716966,0.05088712403605963,0.5312784307172295
sigma_xl_0.9900,0.99,235.0,3.9487327006404467,0.0015317813382713652,2.5056279771901764,1.9748509096990996,-0.01665035758955158,-0.02548934268135139,0.050887079223512904,0.5312831806482244
sigma_xl_0.9900,0.99,236.0,3.9626184311016917,0.004992559295453058,2.5195150340200296,1.9852047765160687,-0.016631737831073412,-0.02546178284488576,0.05088703442601762,0.5312879303825245
sigma_xl_0.9900,0.99,237.0,3.9765041167899478,0.008453312653520784,2.5334020460619238,1.9955586228334494,-0.016613162696974104,-0.02543426808281013,0.050886989643535094,0.5312926799201998
sigma_xl_0.9900,0.99,238.0,3.990389757719963,0.011914041456796975,2.547289013330329,2.0059124486230395,-0.016594632172886037,-0.025406798380614548,0.050886944876026796,0.5312974292613202
sigma_xl_0.9900,0.99,239.0,4.004275353906487,0.015374745749603624,2.561175935839716,2.0162662538566365,-0.01657614624439452,-0.02537937372374155,0.05088690012345905,0.5313021784059563
sigma_xl_0.9900,0.99,240.0,4.018160905364268,0.01883542557626372,2.5750628136045552,2.026620038506037,-0.016557704897181225,-0.02535199409772737,0.05088685538578845,0.5313069273541777
sigma_xl_0.9900,0.99,241.0,4.032046412108055,0.022296080981099253,2.5889496466393185,2.036973802543039,-0.016539308116827023,-0.02532465948801188,0.05088681066298163,0.5313116761060548
sigma_xl_0.9900,0.99,242.0,4.045931874152596,0.02575671200843299,2.6028364349584745,2.0473275459394396,-0.016520955888990052,-0.025297369880108223,0.05088676595499762,0.5313164246616577
sigma_xl_0.9900,0.99,243.0,4.059817291512641,0.029217318702586925,2.6167231785764944,2.0576812686670363,-0.016502648199288483,-0.025270125259492682,0.05088672126179922,0.5313211730210564
sigma_xl_0.9900,0.99,244.0,4.073702664202938,0.03267790110788382,2.6306098775078492,2.0680349706976267,-0.0164843850333658,-0.02524292561166419,0.05088667658334706,0.5313259211843211
sigma_xl_0.9900,0.99,245.0,4.0875879922382365,0.036138459268645784,2.6444965317670097,2.0783886520030075,-0.016466166376836622,-0.025215770922094594,0.0508866319196042,0.5313306691515217
sigma_xl_0.9900,0.99,246.0,4.101473275633284,0.03959899322919547,2.658383141368446,2.0887423125549764,-0.016447992215359974,-0.025188661176300586,0.050886587270529776,0.5313354169227285
sigma_xl_0.9900,0.99,247.0,4.115358514402829,0.04305950303385542,2.6722697063266283,2.0990959523253316,-0.016429862534551365,-0.025161596359754013,0.050886542636086815,0.5313401644980114
sigma_xl_0.9900,0.99,248.0,4.1292437085616225,0.046519988726947736,2.6861562266560286,2.1094495712858694,-0.01641177732007426,-0.025134576457974678,0.050886498016233725,0.5313449118774404
sigma_xl_0.9900,0.99,249.0,4.1431288581244115,0.04998045035279497,2.7000427023711158,2.119803169408388,-0.016393736557533956,-0.025107601456424655,0.05088645341093487,0.5313496590610857
sigma_xl_0.9900,0.99,250.0,4.157013963105946,0.05344088795571955,2.7139291334863618,2.130156746664684,-0.016375740232593916,-0.02508067134062597,0.05088640882014843,0.5313544060490172
sigma_xl_0.9900,0.99,251.0,4.170899023520973,0.05690130158004392,2.727815520016236,2.1405103030265553,-0.016357788330881196,-0.025053786096060682,0.050886364243836774,0.531359152841305
sigma_xl_0.9900,0.99,252.0,4.184784039384242,0.0603616912700905,2.7417018619752103,2.150863838465799,-0.016339880838062815,-0.025026945708253034,0.05088631968195777,0.531363899438019
sigma_xl_0.9900,0.99,253.0,4.1986690107105025,0.0638220570701814,2.755588159377754,2.1612173529542127,-0.01632201773975961,-0.025000150162681534,0.05088627513447411,0.5313686458392295
sigma_xl_0.9900,0.99,254.0,4.212553937514503,0.0672823990246395,2.7694744122383392,2.171570846463594,-0.01630419902162661,-0.02497339944485799,0.050886230601344964,0.5313733920450062
sigma_xl_0.9900,0.99,255.0,4.2264388198109915,0.07074271717778702,2.7833606205714347,2.1819243189657396,-0.01628642466931085,-0.024946693540286224,0.05088618608253059,0.5313781380554193
sigma_xl_0.9900,0.99,256.0,4.240323657614717,0.07420301157394638,2.797246784391512,2.1922777704324474,-0.016268694668464256,-0.02492003243447538,0.05088614157799033,0.5313828838705387
sigma_xl_0.9900,0.99,257.0,4.254208450940428,0.07766328225744001,2.811132903713042,2.2026312008355147,-0.016251009004732087,-0.024893416112927946,0.05088609708768464,0.5313876294904343
sigma_xl_0.9900,0.99,258.0,4.268093199802875,0.08112352927259014,2.825018978550495,2.212984610146739,-0.01623336766376582,-0.024866844561150847,0.05088605261157293,0.5313923749151763
sigma_xl_0.9900,0.99,259.0,4.281977904216805,0.08458375266371965,2.838905008918341,2.2233379983379176,-0.016215770631223148,-0.024840317764661668,0.05088600814961422,0.5313971201448345
sigma_xl_0.9900,0.99,260.0,4.295862564196967,0.0880439524751504,2.852790994831052,2.2336913653808477,-0.016198217892754663,-0.02481383570896556,0.050885963701768275,0.5314018651794788
sigma_xl_0.9900,0.99,261.0,4.30974717975811,0.09150412875120506,2.866676936303097,2.244044711247327,-0.016180709434003848,-0.024787398379564562,0.05088591926799539,0.5314066100191793
sigma_xl_0.9900,0.99,262.0,4.323631750914982,0.09496428153620606,2.8805628333489475,2.2543980359091527,-0.016163245240645274,-0.024761005761989585,0.05088587484825305,0.5314113546640059
sigma_xl_0.9900,0.99,263.0,4.337516277682334,0.09842441087447595,2.894448685983074,2.264751339338122,-0.01614582529833264,-0.024734657841752883,0.05088583044250036,0.5314160991140285
sigma_xl_0.9900,0.99,264.0,4.351400760074912,0.10188451681033706,2.9083344942199467,2.2751046215060327,-0.016128449592727634,-0.024708354604371152,0.0508857860506961,0.531420843369317
sigma_xl_0.9900,0.99,265.0,4.365285198107467,0.10534459938811158,2.922220258074036,2.285457882384682,-0.016111118109476408,-0.024682096035348655,0.05088574167280022,0.5314255874299414
sigma_xl_0.9900,0.99,266.0,4.379169591794746,0.10880465865212219,2.9361059775598135,2.295811121945867,-0.016093830834255307,-0.024655882120220296,0.050885697308770086,0.5314303312959716
sigma_xl_0.9900,0.99,267.0,4.3930539411514555,0.11226469464659039,2.949991652691716,2.3061643401614518,-0.016076587752762883,-0.02462971284454052,0.05088565295856466,0.5314350749674773
sigma_xl_0.9900,0.99,268.0,4.406938246191402,0.11572470741321506,2.963877283483423,2.3165175370049917,-0.016059388851418888,-0.024603588194593407,0.050885608622161224,0.5314398184445246
sigma_xl_0.9900,0.99,269.0,4.42082250692799,0.11918469699180856,2.977762869948129,2.326870712451355,-0.01604223411713157,-0.02457750815715687,0.05088556429952816,0.5314445617271774
sigma_xl_0.9900,0.99,270.0,4.434706723374704,0.12264466342225744,2.99164841209907,2.337223866475367,-0.016025123536754116,-0.024551472718953304,0.05088551999063126,0.5314493048154991
sigma_xl_0.9900,0.99,271.0,4.448590895545031,0.1261046067444489,3.005533909949481,2.347576999051856,-0.016008057097116613,-0.024525481866680243,0.05088547569543876,0.5314540477095536
sigma_xl_0.9900,0.99,272.0,4.462475023452457,0.12956452699826904,3.019419363512598,2.357930110155648,-0.01599103478508912,-0.02449953558707829,0.05088543141391455,0.5314587904094048
sigma_xl_0.9900,0.99,273.0,4.476359107110466,0.1330244242236054,3.0333047728016553,2.3682831997615703,-0.0159740565875226,-0.02447363386686585,0.05088538714602496,0.5314635329151162
sigma_xl_0.9900,0.99,274.0,4.490243146532544,0.13648429846034393,3.0471901378298893,2.37863626784445,-0.015957122491272457,-0.024447776692767986,0.05088534289173535,0.5314682752267516
sigma_xl_0.9900,0.99,275.0,4.504127141732177,0.13994414974837188,3.0610754586105346,2.3889893143791134,-0.01594023248317944,-0.02442196405149466,0.050885298651012836,0.5314730173443746
sigma_xl_0.9900,0.99,276.0,4.518011092722849,0.143403978127576,3.0749607351568278,2.399342339340388,-0.015923386550131813,-0.024396195929802023,0.05088525442381979,0.5314777592680491
sigma_xl_0.9900,0.99,277.0,4.531894999518047,0.1468637836378427,3.088845967482003,2.4096953427031003,-0.01590658467895878,-0.02437047231438938,0.050885210210124376,0.5314825009978387
sigma_xl_0.9900,0.99,278.0,4.545778862131256,0.15032356631905908,3.1027311555992956,2.4200483244420776,-0.015889826856524625,-0.0243447931919889,0.05088516600989139,0.5314872425338069
sigma_xl_0.9900,0.99,279.0,4.559662680575961,0.15378332621111168,3.116616299521941,2.430401284532146,-0.015873113069703404,-0.024319158549344966,0.05088512182308433,0.5314919838760176
sigma_xl_0.9900,0.99,280.0,4.573546454865648,0.15724306335388738,3.1305013992631756,2.440754222948133,-0.015856443305347856,-0.024293568373178198,0.05088507764966935,0.5314967250245346
sigma_xl_0.9900,0.99,281.0,4.587430185013803,0.16070277778727304,3.1443864548362344,2.4511071396648654,-0.015839817550331148,-0.024268022650231424,0.050885033489609904,0.5315014659794213
sigma_xl_0.9900,0.99,282.0,4.60131387103391,0.16416246955115488,3.1582714662543516,2.4614600346571702,-0.015823235791506907,-0.02424252136722793,0.05088498934287203,0.5315062067407414
sigma_xl_0.9900,0.99,283.0,4.615197512939455,0.1676221386854203,3.172156433530763,2.4718129078998734,-0.015806698015734533,-0.02421706451089456,0.050884945209420954,0.5315109473085585
sigma_xl_0.9900,0.99,284.0,4.6290811107439245,0.17108178522995554,3.1860413566787047,2.482165759367803,-0.015790204209899628,-0.02419165206798657,0.050884901089218934,0.5315156876829366
sigma_xl_0.9900,0.99,285.0,4.642964664460803,0.17454140922464778,3.199926235711412,2.4925185890357855,-0.015773754360863368,-0.024166284025234797,0.05088485698223125,0.531520427863939
sigma_xl_0.9900,0.99,286.0,4.656848174103576,0.17800101070938334,3.21381107064212,2.502871396878648,-0.015757348455488263,-0.024140960369371633,0.05088481288842263,0.5315251678516293
sigma_xl_0.9900,0.99,287.0,4.670731639685729,0.18146058972404955,3.227695861484064,2.513224182871217,-0.015740986480658137,-0.024115681087148344,0.05088476880775593,0.5315299076460713
sigma_xl_0.9900,0.99,288.0,4.6846150612207484,0.18492014630853248,3.241580608250479,2.5235769469883187,-0.015724668423231503,-0.024090446165292434,0.05088472474019627,0.5315346472473286
sigma_xl_0.9900,0.99,289.0,4.698498438722119,0.18837968050271936,3.255465310954601,2.5339296892047813,-0.015708394270090853,-0.024065255590557832,0.05088468068570656,0.5315393866554647
sigma_xl_0.9900,0.99,290.0,4.712381772203326,0.1918391923464967,3.2693499696096646,2.5442824094954313,-0.01569216400810136,-0.024040109349677152,0.050884636644251524,0.5315441258705434
sigma_xl_0.9900,0.99,291.0,4.7262650616778545,0.1952986818797513,3.283234584228906,2.5546351078350957,-0.015675977624151738,-0.02401500742940854,0.050884592615793325,0.5315488648926281
sigma_xl_0.9900,0.99,292.0,4.740148307159191,0.1987581491423701,3.2971191548255603,2.5649877841986006,-0.015659835105101827,-0.02398994981648217,0.050884548600296994,0.5315536037217824
sigma_xl_0.9900,0.99,293.0,4.7540315086608205,0.20221759417423968,3.3110036814128625,2.575340438560774,-0.015643736437847888,-0.02396493649766196,0.0508845045977242,0.53155834235807
sigma_xl_0.9900,0.99,294.0,4.767914666196229,0.20567701701524654,3.3248881640040486,2.585693070896442,-0.01562768160925554,-0.023939967459682965,0.050884460608039334,0.5315630808015543
sigma_xl_0.9900,0.99,295.0,4.7817977797789,0.20913641770527802,3.3387726026123534,2.5960456811804318,-0.01561167060621127,-0.023915042689301558,0.050884416631205076,0.531567819052299
sigma_xl_0.9900,0.99,296.0,4.795680849422322,0.21259579628422032,3.352656997251012,2.6063982693875696,-0.015595703415600237,-0.023890162173273666,0.050884372667183694,0.5315725571103677
sigma_xl_0.9900,0.99,297.0,4.809563875139978,0.21605515279196053,3.3665413479332607,2.6167508354926836,-0.015579780024298717,-0.023865325898342782,0.05088432871593897,0.5315772949758237
sigma_xl_0.9900,0.99,298.0,4.823446856945356,0.21951448726838507,3.380425654672335,2.6271033794706,-0.0155639004191932,-0.023840533851265278,0.05088428477743309,0.531582032648731
sigma_xl_0.9900,0.99,299.0,4.8373297948519385,0.22297379975338116,3.394309917481469,2.637455901296145,-0.015548064587165733,-0.023815786018793972,0.05088424085162921,0.5315867701291527
sigma_xl_0.9900,0.99,300.0,4.851212688873212,0.22643309028683523,3.4081941363738983,2.6478084009441463,-0.015532272515107248,-0.023791082387686124,0.05088419693848932,0.5315915074171526
sigma_xl_0.9900,0.99,301.0,4.865095539022167,0.22989235890737758,3.42207831136246,2.658160878390259,-0.015516524190293257,-0.02376642294509157,0.050884153037986615,0.5315962445127922
sigma_xl_0.9900,0.99,302.0,4.878978345311033,0.233351605650983,3.4359624424592496,2.66851333361195,-0.01550081960070715,-0.023741807678874682,0.05088410915009939,0.5316009814161297
sigma_xl_0.9900,0.99,303.0,4.892861107752159,0.236810830553554,3.449846529676393,2.6788657665867674,-0.015485158734299898,-0.023717236576865197,0.050884065274797496,0.531605718127223
sigma_xl_0.9900,0.99,304.0,4.906743826357893,0.24027003365099364,3.463730573026013,2.689218177292258,-0.01546954157903313,-0.02369270962690484,0.05088402141204974,0.5316104546461304
sigma_xl_0.9900,0.99,305.0,4.920626501140582,0.24372921497920463,3.477614572520235,2.6995705657059688,-0.015453968122841832,-0.023668226816807802,0.05088397756182761,0.5316151909729095
sigma_xl_0.9900,0.99,306.0,4.934509132112577,0.2471883745740895,3.4914985281711837,2.709922931805447,-0.015438438353706285,-0.023643788134434907,0.05088393372409761,0.5316199271076186
sigma_xl_0.9900,0.99,307.0,4.948391719286224,0.2506475124715516,3.505382439990984,2.7202752755682393,-0.015422952259566802,-0.02361939356760523,0.0508838898988308,0.5316246630503154
sigma_xl_0.9900,0.99,308.0,4.962274262673873,0.25410662870749334,3.51926630799176,2.7306275969718925,-0.01540750982839123,-0.023595043104168045,0.05088384608599533,0.5316293988010581
sigma_xl_0.9900,0.99,309.0,4.976156762287871,0.2575657233178178,3.5331501321856367,2.740979895993954,-0.015392111048129653,-0.023570736731952202,0.05088380228556105,0.5316341343599045
sigma_xl_0.9900,0.99,310.0,4.9900392181405655,0.26102479633842757,3.5470339125847383,2.7513321726119706,-0.015376755906745476,-0.023546474438802978,0.050883758497496434,0.5316388697269127
sigma_xl_0.9900,0.99,311.0,5.0039216302443075,0.2644838478052257,3.5609176492011896,2.7616844268034897,-0.01536144439220477,-0.023522256212562986,0.05088371472176978,0.5316436049021406
sigma_xl_0.9900,0.99,312.0,5.017803998611443,0.26794287775411485,3.5748013420471154,2.7720366585460576,-0.015346176492468278,-0.023498082041075286,0.05088367095834995,0.5316483398856461
sigma_xl_0.9900,0.99,313.0,5.031686323254322,0.2714018862209977,3.588684991134641,2.7823888678172217,-0.015330952195488745,-0.023473951912172275,0.05088362720720649,0.5316530746774871
sigma_xl_0.9900,0.99,314.0,5.045568604185291,0.2748608732417773,3.6025685964758902,2.792741054594529,-0.015315771489251784,-0.023449865813718773,0.050883583468305585,0.5316578092777218
sigma_xl_0.9900,0.99,315.0,5.0594508414167,0.27831983885235645,3.6164521580829874,2.803093218855526,-0.015300634361697707,-0.023425823733536077,0.05088353974161837,0.5316625436864078
sigma_xl_0.9900,0.99,316.0,5.073333034960895,0.2817787830886379,3.6303356759680576,2.813445360577761,-0.01528554080080946,-0.023401825659486786,0.05088349602711134,0.5316672779036031
sigma_xl_0.9900,0.99,317.0,5.087215184830227,0.2852377059865244,3.644219150143225,2.8237974797387797,-0.015270490794548675,-0.02337787157941351,0.05088345232475301,0.5316720119293658
sigma_xl_0.9900,0.99,318.0,5.101097291037043,0.28869660758191884,3.658102580620615,2.83414957631613,-0.015255484330892521,-0.023353961481171748,0.050883408634510796,0.5316767457637537
sigma_xl_0.9900,0.99,319.0,5.11497935359369,0.2921554879107242,3.6719859674123523,2.8445016502873575,-0.01524052139781018,-0.02333009535261077,0.05088336495635255,0.5316814794068246
sigma_xl_0.9900,0.99,320.0,5.128861372512518,0.2956143470088429,3.6858693105305607,2.8548537016300104,-0.015225601983262838,-0.0233062731815723,0.050883321290247044,0.5316862128586365
sigma_xl_0.9900,0.99,321.0,5.142743347805875,0.29907318491217827,3.699752609987365,2.865205730321636,-0.015210726075221448,-0.023282494955909172,0.05088327763616196,0.5316909461192473
sigma_xl_0.9900,0.99,322.0,5.15662527948611,0.30253200165663263,3.7136358657948905,2.875557736339781,-0.015195893661683169,-0.023258760663496858,0.05088323399406251,0.5316956791887147
sigma_xl_0.9900,0.99,323.0,5.170507167565571,0.3059907972781092,3.7275190779652623,2.885909719661991,-0.015181104730594086,-0.023235070292160653,0.05088319036391893,0.531700412067097
sigma_xl_0.9900,0.99,324.0,5.184389012056604,0.3094495718125104,3.741402246510603,2.896261680265815,-0.015166359269938479,-0.023211423829767153,0.05088314674569784,0.5317051447544516
sigma_xl_0.9900,0.99,325.0,5.198270812971559,0.3129083252957393,3.7552853714430383,2.9066136181287994,-0.015151657267709062,-0.023187821264188724,0.05088310313936459,0.5317098772508365
sigma_xl_0.9900,0.99,326.0,5.212152570322786,0.3163670577636989,3.7691684527746934,2.916965533228491,-0.015136998711866134,-0.023164262583264872,0.05088305954488809,0.5317146095563099
sigma_xl_0.9900,0.99,327.0,5.22603428412263,0.31982576925229145,3.783051490517692,2.9273174255424363,-0.015122383590388644,-0.023140747774854642,0.05088301596223552,0.5317193416709292
sigma_xl_0.9900,0.99,328.0,5.2399159543834415,0.32328445979742026,3.7969344846841597,2.937669295048183,-0.015107811891270195,-0.0231172768268344,0.050882972391372,0.5317240735947523
sigma_xl_0.9900,0.99,329.0,5.253797581117568,0.32674312943498796,3.81081743528622,2.948021141723278,-0.015093283602473306,-0.023093849727043647,0.0508829288322665,0.5317288053278373
sigma_xl_0.9900,0.99,330.0,5.267679164337358,0.33020177820089747,3.8247003423359986,2.9583729655452675,-0.015078798711995134,-0.02307046646336186,0.050882885284883994,0.5317335368702418
sigma_xl_0.9900,0.99,331.0,5.28156070405516,0.33366040613105163,3.8385832058456195,2.9687247664917,-0.015064357207819512,-0.023047127023651637,0.05088284174919101,0.5317382682220237
sigma_xl_0.9900,0.99,332.0,5.295442200283323,0.33711901326135296,3.8524660258272085,2.979076544540121,-0.015049959077925834,-0.02302383139577513,0.050882798225154235,0.531742999383241
sigma_xl_0.9900,0.99,333.0,5.309323653034193,0.3405775996277045,3.8663488022928885,2.9894282996680785,-0.01503560431029527,-0.023000579567591384,0.050882754712740855,0.5317477303539512
sigma_xl_0.9900,0.99,334.0,5.323205062319946,0.344036165265596,3.88023153525465,2.9997800318533887,-0.015021292893055538,-0.02297737152710866,0.05088271121192009,0.5317524611342116
sigma_xl_0.9900,0.99,335.0,5.337086428151893,0.3474947102079313,3.894114224723717,3.010131741075608,-0.015007024815053782,-0.02295420726306663,0.05088266772267602,0.5317571917240759
sigma_xl_0.9900,0.99,336.0,5.350967750541335,0.35095323448699756,3.9079968707112025,3.0204834273147485,-0.014992800065249057,-0.022931086764310216,0.05088262424498244,0.5317619221235967
sigma_xl_0.9900,0.99,337.0,5.364849029499601,0.3544117381351186,3.921879473228234,3.030835090550802,-0.014978618632595087,-0.022908010019684344,0.050882580778810665,0.5317666523328272
sigma_xl_0.9900,0.99,338.0,5.378730265038018,0.3578702211846194,3.9357620322859383,3.0411867307637603,-0.014964480506030498,-0.02288497701801706,0.050882537324134086,0.5317713823518199
sigma_xl_0.9900,0.99,339.0,5.392611457167915,0.36132868366782367,3.949644547895444,3.0515383479336133,-0.014950385674483258,-0.022861987748126644,0.05088249388092657,0.5317761121806277
sigma_xl_0.9900,0.99,340.0,5.406492605900617,0.36478712561705595,3.963527020067879,3.061889942040353,-0.014936334126928408,-0.022839042198875337,0.05088245044915796,0.5317808418193035
sigma_xl_0.9900,0.99,341.0,5.420373711247453,0.3682455470646401,3.9774094488143694,3.0722415130639704,-0.014922325852283258,-0.022816140359073867,0.05088240702880338,0.5317855712679002
sigma_xl_0.9900,0.99,342.0,5.434254773219749,0.3717039480429011,3.9912918341460433,3.0825930609844567,-0.014908360839518409,-0.022793282217580924,0.050882363619832754,0.5317903005264705
sigma_xl_0.9900,0.99,343.0,5.448135791828833,0.3751623285841623,4.0051741760740285,3.0929445857818028,-0.014894439077581367,-0.02277046776323255,0.05088232022221842,0.5317950295950672
sigma_xl_0.9900,0.99,344.0,5.462016767086033,0.3786206887207485,4.019056474609453,3.1032960874360005,-0.014880560555411648,-0.0227476969848599,0.050882276835933424,0.5317997584737431
sigma_xl_0.9900,0.99,345.0,5.475897699002677,0.382079028484984,4.032938729763443,3.11364756592704,-0.014866725261953206,-0.022724969871295464,0.05088223346095022,0.531804487162551
sigma_xl_0.9900,0.99,346.0,5.489778587590091,0.3855373479091926,4.046820941547129,3.1239990212349134,-0.014852933186175754,-0.022702286411400152,0.050882190097238905,0.5318092156615439
sigma_xl_0.9900,0.99,347.0,5.503659432859602,0.3889956470256989,4.060703109971635,3.134350453339611,-0.014839184317034793,-0.022679646594016223,0.050882146744771026,0.5318139439707743
sigma_xl_0.9900,0.99,348.0,5.51754023482254,0.39245392586682715,4.07458523504809,3.144701862221125,-0.014825478643469836,-0.022657050407976165,0.05088210340351944,0.5318186720902952
sigma_xl_0.9900,0.99,349.0,5.531420993490231,0.3959121844649013,4.088467316787623,3.155053247859446,-0.014811816154451485,-0.022634497842139112,0.05088206007345418,0.5318234000201593
sigma_xl_0.9900,0.99,350.0,5.545301708874002,0.3993704228522459,4.10234935520136,3.1654046102345648,-0.0147981968389157,-0.022611988885333112,0.050882016754548565,0.5318281277604193
sigma_xl_0.9900,0.99,351.0,5.559182380985181,0.402828641061185,4.1162313503004295,3.175755949326473,-0.014784620685823313,-0.022589523526404864,0.05088197344677371,0.5318328553111281
sigma_xl_0.9900,0.99,352.0,5.573063009835095,0.40628683912404306,4.130113302095958,3.1861072651151625,-0.014771087684158246,-0.02256710175423038,0.05088193015009805,0.5318375826723384
sigma_xl_0.9900,0.99,353.0,5.586943595435071,0.4097450170731439,4.143995210599074,3.1964585575806232,-0.014757597822852908,-0.022544723557632373,0.05088188686449534,0.5318423098441029
sigma_xl_0.9900,0.99,354.0,5.600824137796438,0.4132031749408125,4.157877075820904,3.206809826702847,-0.014744151090871682,-0.022522388925463765,0.05088184358993618,0.5318470368264744
sigma_xl_0.9900,0.99,355.0,5.614704636930522,0.41666131275937246,4.171758897772577,3.2171610724618245,-0.014730747477176287,-0.02250009784657747,0.05088180032639132,0.5318517636195056
sigma_xl_0.9900,0.99,356.0,5.628585092848651,0.4201194305611481,4.18564067646522,3.2275122948375476,-0.014717386970745316,-0.022477850309841507,0.050881757073830025,0.5318564902232493
sigma_xl_0.9900,0.99,357.0,5.642465505562153,0.42357752837846396,4.19952241190996,3.237863493810007,-0.01470406956051562,-0.02245564630408392,0.0508817138322253,0.5318612166377582
sigma_xl_0.9900,0.99,358.0,5.656345875082355,0.427035606243644,4.213404104117926,3.248214669359194,-0.014690795235464904,-0.022433485818170062,0.05088167060154661,0.531865942863085
sigma_xl_0.9900,0.99,359.0,5.670226201420584,0.4304936641890126,4.227285753100245,3.2585658214651,-0.01467756398456821,-0.02241136884096573,0.05088162738176344,0.5318706688992825
sigma_xl_0.9900,0.99,360.0,5.684106484588168,0.43395170224689406,4.241167358868044,3.2689169501077155,-0.01466437579677482,-0.022389295361310957,0.050881584172847674,0.5318753947464033
sigma_xl_0.9900,0.99,361.0,5.697986724596434,0.43740972044961246,4.25504892143245,3.2792680552670324,-0.014651230661059778,-0.022367265368070655,0.05088154097476898,0.5318801204045003
sigma_xl_0.9900,0.99,362.0,5.711866921456709,0.44086771882949205,4.268930440804591,3.2896191369230414,-0.014638128566383912,-0.022345278850095518,0.050881497787498245,0.5318848458736259
sigma_xl_0.9900,0.99,363.0,5.725747075180322,0.4443256974188573,4.2828119169955965,3.299970195055734,-0.014625069501723154,-0.022323335796250898,0.0508814546110047,0.5318895711538332
sigma_xl_0.9900,0.99,364.0,5.739627185778598,0.44778365625003236,4.296693350016592,3.3103212296451012,-0.014612053456056984,-0.022301436195408364,0.05088141144525747,0.5318942962451745
sigma_xl_0.9900,0.99,365.0,5.7535072532628675,0.4512415953553412,4.310574739878706,3.3206722406711338,-0.014599080418330246,-0.022279580036400404,0.05088136829022906,0.5318990211477026
sigma_xl_0.9900,0.99,366.0,5.767387277644456,0.4546995147671085,4.324456086593065,3.3310232281138235,-0.014586150377547291,-0.02225776730812168,0.05088132514588599,0.5319037458614703
sigma_xl_0.9900,0.99,367.0,5.781267258934658,0.4581574145175854,4.338337390170774,3.341374191953209,-0.014573263322691155,-0.022235997999447754,0.05088128201220017,0.5319084703865301
sigma_xl_0.9900,0.99,368.0,5.795147197144093,0.46161529463719597,4.352218650622371,3.351725132170542,-0.014560419243292877,-0.02221427209980309,0.050881238889156646,0.531913194722932
sigma_xl_0.9900,0.99,369.0,5.809027092283108,0.46507315515499675,4.366099867958056,3.3620760487480363,-0.014547618129222784,-0.022192589598956758,0.050881195776733376,0.531917918870724
sigma_xl_0.9900,0.99,370.0,5.822906944362112,0.4685309961000967,4.379981042188062,3.3724269416678796,-0.014534859970329883,-0.022170950486657404,0.05088115267490423,0.5319226428299546
sigma_xl_0.9900,0.99,371.0,5.836786753391516,0.4719888175016058,4.3938621733226215,3.3827778109122595,-0.014522144756420552,-0.02214935475260793,0.050881109583647166,0.5319273666006717
sigma_xl_0.9900,0.99,372.0,5.850666519381733,0.4754466193886333,4.407743261371967,3.393128656463363,-0.014509472477345575,-0.02212780238655876,0.050881066502935945,0.5319320901829238
sigma_xl_0.9900,0.99,373.0,5.864546242343172,0.4789044017902887,4.421624306346331,3.403479478303378,-0.014496843122937086,-0.02210629337824077,0.050881023432745906,0.5319368135767589
sigma_xl_0.9900,0.99,374.0,5.878425922286245,0.4823621647356816,4.435505308255946,3.413830276414493,-0.014484256683015673,-0.022084827717372413,0.05088098037305369,0.5319415367822252
sigma_xl_0.9900,0.99,375.0,5.892305559221364,0.48581990825392135,4.449386267111045,3.4241810507788943,-0.014471713147440113,-0.02206340539371343,0.050880937323831865,0.5319462597993712
sigma_xl_0.9900,0.99,376.0,5.906185153158939,0.48927763237411764,4.463267182921861,3.4345318013787702,-0.014459212506030106,-0.02204202639697872,0.05088089428505739,0.5319509826282447
sigma_xl_0.9900,0.99,377.0,5.920064704109381,0.49273533712537987,4.477148055698625,3.4448825281963087,-0.014446754748622226,-0.022020690716905378,0.05088085125670522,0.531955705268894
sigma_xl_0.9900,0.99,378.0,5.933944212083101,0.49619302253681763,4.491028885451571,3.4552332312136964,-0.014434339865067258,-0.02199939834324205,0.0508808082387488,0.5319604277213674
sigma_xl_0.9900,0.99,379.0,5.94782367709051,0.4996506886375403,4.50490967219093,3.465583910413122,-0.014421967845201777,-0.021978149265723612,0.05088076523116329,0.531965149985713
sigma_xl_0.9900,0.99,380.0,5.96170309914202,0.5031083354566575,4.5187904159269365,3.475934565776772,-0.014409638678857917,-0.021956943474081836,0.05088072223392415,0.531969872061979
sigma_xl_0.9900,0.99,381.0,5.975582478248041,0.5065659630232785,4.532671116669822,3.4862851972868345,-0.014397352355876691,-0.021935780958055595,0.05088067924700582,0.5319745939502135
sigma_xl_0.9900,0.99,382.0,5.989461814418986,0.510023571366513,4.546551774429819,3.4966358049254977,-0.01438510886611244,-0.021914661707398864,0.05088063627038139,0.5319793156504649
sigma_xl_0.9900,0.99,383.0,6.003341107665263,0.5134811605154705,4.56043238921716,3.5069863886749486,-0.014372908199410617,-0.0218935857118554,0.050880593304025334,0.531984037162781
sigma_xl_0.9900,0.99,384.0,6.017220357997287,0.5169387304992605,4.574312961042079,3.5173369485173755,-0.014360750345590034,-0.02187255296114099,0.05088055034791407,0.5319887584872101
sigma_xl_0.9900,0.99,385.0,6.031099565425465,0.5203962813469925,4.588193489914806,3.5276874844349653,-0.01434863529452457,-0.02185156344503092,0.05088050740201909,0.5319934796238004
sigma_xl_0.9900,0.99,386.0,6.04497872996021,0.5238538130877759,4.602073975845576,3.538037996409906,-0.014336563036038363,-0.021830617153245857,0.05088046446631664,0.5319982005725999
sigma_xl_0.9900,0.99,387.0,6.058857851611934,0.5273113257507205,4.61595441884462,3.5483884844243847,-0.014324533559992858,-0.02180971407554777,0.05088042154077908,0.532002921333657
sigma_xl_0.9900,0.99,388.0,6.072736930391045,0.5307688193649351,4.629834818922172,3.55873894846059,-0.014312546856231734,-0.02178885420167731,0.05088037862538089,0.5320076419070195
sigma_xl_0.9900,0.99,389.0,6.086615966307957,0.53422629395953,4.643715176088462,3.5690893885007084,-0.014300602914604887,-0.021768037521384898,0.05088033572009547,0.5320123622927359
sigma_xl_0.9900,0.99,390.0,6.100494959373081,0.5376837495636143,4.657595490353725,3.579439804526928,-0.014288701724954223,-0.02174726402440985,0.05088029282489749,0.532017082490854
sigma_xl_0.9900,0.99,391.0,6.114373909596827,0.5411411862062978,4.6714757617281935,3.5897901965214367,-0.014276843277134965,-0.021726533700506145,0.050880249939759994,0.5320218025014221
sigma_xl_0.9900,0.99,392.0,6.1282528169896056,0.5445986039166895,4.685355990222099,3.6001405644664217,-0.014265027561005006,-0.021705846539431306,0.0508802070646559,0.5320265223244881
sigma_xl_0.9900,0.99,393.0,6.14213168156183,0.5480560027238992,4.699236175845675,3.6104909083440715,-0.014253254566410689,-0.021685202530931313,0.05088016419955897,0.5320312419601004
sigma_xl_0.9900,0.99,394.0,6.156010503323909,0.5515133826570366,4.713116318609154,3.6208412281365723,-0.014241524283197471,-0.021664601664747263,0.050880121344443696,0.5320359614083068
sigma_xl_0.9900,0.99,395.0,6.169889282286254,0.5549707437452108,4.726996418522766,3.6311915238261125,-0.0142298367012339,-0.021644043930650003,0.05088007849928171,0.5320406806691556
sigma_xl_0.9900,0.99,396.0,6.183768018459277,0.5584280860175316,4.740876475596747,3.64154179539488,-0.014218191810365433,-0.021623529318381962,0.05088003566404699,0.5320453997426947
sigma_xl_0.9900,0.99,397.0,6.197646711853389,0.5618854095031085,4.754756489841329,3.651892042825062,-0.014206589600457065,-0.02160305781770777,0.050879992838711835,0.5320501186289724
sigma_xl_0.9900,0.99,398.0,6.211525362479001,0.5653427142310508,4.768636461266743,3.662242266098846,-0.014195030061361358,-0.021582629418377408,0.050879950023249645,0.5320548373280367
sigma_xl_0.9900,0.99,399.0,6.225403970346523,0.5688000002304678,4.782516389883222,3.67259246519842,-0.014183513182923768,-0.021562244110136852,0.050879907217634385,0.5320595558399356
sigma_xl_0.9900,0.99,400.0,6.2392825354663675,0.5722572675304696,4.7963962757009995,3.682942640105972,-0.014172038955018174,-0.021541901882759618,0.05087986442183731,0.5320642741647172
sigma_xl_0.9900,0.99,401.0,6.2531610578485815,0.5757145161592554,4.810276118730017,3.693292790804288,-0.01416060736779201,-0.02152160272629189,0.05087982163583887,0.5320689923024283
sigma_xl_0.9900,0.99,402.0,6.267039537502666,0.5791717461430993,4.824155918979684,3.703642917277471,-0.014149218411882103,-0.02150134663127856,0.05087977885962508,0.532073710253113
sigma_xl_0.9900,0.99,403.0,6.280917974438207,0.5826289575082226,4.838035676459426,3.713993019509683,-0.014137872077916391,-0.02148113358825432,0.05087973609317424,0.5320784280168154
sigma_xl_0.9900,0.99,404.0,6.294796368664794,0.586086150280847,4.851915391178674,3.724343097485085,-0.014126568356538804,-0.021460963587767168,0.05087969333646303,0.5320831455935795
sigma_xl_0.9900,0.99,405.0,6.308674720192015,0.5895433244871935,4.865795063146857,3.7346931511878387,-0.014115307238372843,-0.021440836620349124,0.05087965058946986,0.5320878629834493
sigma_xl_0.9900,0.99,406.0,6.322553029029459,0.5930004801534834,4.879674692373404,3.7450431806021056,-0.014104088714051777,-0.021420752676540644,0.05087960785217248,0.5320925801864691
sigma_xl_0.9900,0.99,407.0,6.336431295186714,0.5964576173059384,4.893554278867742,3.7553931857120477,-0.014092912774207988,-0.021400711746879963,0.05087956512454843,0.5320972972026827
sigma_xl_0.9900,0.99,408.0,6.350309518673369,0.5999147359707798,4.9074338226393035,3.765743166501826,-0.014081779409466755,-0.021380713821897324,0.05087952240657631,0.5321020140321343
sigma_xl_0.9900,0.99,409.0,6.364187699499012,0.6033718361742287,4.9213133236975155,3.776093122955603,-0.014070688610472892,-0.02136075889214517,0.050879479698232574,0.5321067306748679
sigma_xl_0.9900,0.99,410.0,6.3780658376732315,0.6068289179425067,4.935192782051807,3.786443055057539,-0.014059640367853454,-0.021340846948156855,0.05087943699949528,0.5321114471309276
sigma_xl_0.9900,0.99,411.0,6.391943933205616,0.6102859813018353,4.949072197711608,3.7967929627917965,-0.014048634672238158,-0.021320977980467948,0.05087939431034261,0.5321161634003573
sigma_xl_0.9900,0.99,412.0,6.405821986105753,0.6137430262784354,4.962951570686347,3.807142846142536,-0.014037671514278038,-0.021301151979637112,0.05087935163075048,0.5321208794832012
sigma_xl_0.9900,0.99,413.0,6.4196999963832315,0.6172000528985286,4.976830900985452,3.8174927050939202,-0.014026750884606365,-0.02128136893620436,0.050879308960696354,0.5321255953795032
sigma_xl_0.9900,0.99,414.0,6.43357796404764,0.6206570611883364,4.990710188618354,3.82784253963011,-0.014015872773851967,-0.021261628840705704,0.05087926630015829,0.5321303110893073
sigma_xl_0.9900,0.99,415.0,6.447455889108567,0.6241140511740803,5.00458943359448,3.8381923497352672,-0.014005037172664103,-0.02124193168369448,0.05087922364911236,0.5321350266126575
sigma_xl_0.9900,0.99,416.0,6.4613337715756005,0.627571022881981,5.01846863592326,3.8485421353935534,-0.013994244071680484,-0.02122227745571692,0.05087918100753576,0.5321397419495981
sigma_xl_0.9900,0.99,417.0,6.475211611458329,0.6310279763382605,5.032347795614124,3.8588918965891303,-0.01398349346153438,-0.021202666147311255,0.05087913837540613,0.5321444571001727
sigma_xl_0.9900,0.99,418.0,6.489089408766341,0.63448491156914,5.046226912676499,3.8692416333061592,-0.013972785332883042,-0.0211830977490437,0.05087909575269858,0.5321491720644257
sigma_xl_0.9900,0.99,419.0,6.502967163509225,0.6379418286008405,5.060105987119815,3.8795913455288016,-0.01396211967635086,-0.02116357225144272,0.05087905313939174,0.5321538868424007
sigma_xl_0.9900,0.99,420.0,6.516844875696569,0.6413987274595838,5.073985018953502,3.889941033241219,-0.013951496482587977,-0.021144089645066977,0.050879010535461455,0.532158601434142
sigma_xl_0.9900,0.99,421.0,6.530722545337962,0.6448556081715914,5.087864008186988,3.900290696427573,-0.013940915742239213,-0.02112464992046803,0.05087896794088417,0.5321633158396935
sigma_xl_0.9900,0.99,422.0,6.544600172442991,0.6483124707630841,5.101742954829701,3.910640335072025,-0.013930377445939612,-0.021105253068186336,0.05087892535563755,0.532168030059099
sigma_xl_0.9900,0.99,423.0,6.5584777570212465,0.6517693152602835,5.115621858891072,3.9209899491587374,-0.013919881584351756,-0.021085899078791215,0.05087888277969606,0.5321727440924027
sigma_xl_0.9900,0.99,424.0,6.572355299082316,0.655226141689411,5.12950072038053,3.931339538671871,-0.013909428148117797,-0.02106658794283156,0.05087884021303639,0.5321774579396485
sigma_xl_0.9900,0.99,425.0,6.586232798635787,0.6586829500766883,5.143379539307501,3.9416891035955874,-0.013899017127878999,-0.021047319650857155,0.05087879765563551,0.5321821716008805
sigma_xl_0.9900,0.99,426.0,6.6001102556912485,0.6621397404483362,5.157258315681418,3.9520386439140487,-0.01388864851427396,-0.021028094193411118,0.05087875510747043,0.5321868850761425
sigma_xl_0.9900,0.99,427.0,6.613987670258289,0.6655965128305763,5.1711370495117075,3.9623881596114154,-0.01387832229796615,-0.021008911561064103,0.050878712568515824,0.5321915983654785
sigma_xl_0.9900,0.99,428.0,6.627865042346497,0.6690532672496301,5.1850157408078,3.9727376506718497,-0.013868038469609267,-0.02098977174437877,0.05087867003874705,0.5321963114689324
sigma_xl_0.9900,0.99,429.0,6.641742371965462,0.6725100037317188,5.198894389579124,3.9830871170795135,-0.013857797019839246,-0.0209706747338938,0.05087862751814157,0.5322010243865483
sigma_xl_0.9900,0.99,430.0,6.65561965912477,0.6759667223030636,5.212772995835107,3.9934365588185683,-0.01384759793931245,-0.020951620520174963,0.05087858500667482,0.5322057371183699
sigma_xl_0.9900,0.99,431.0,6.66949690383401,0.6794234229898861,5.22665155958518,4.003785975873175,-0.013837441218687019,-0.020932609093786247,0.05087854250432183,0.5322104496644415
sigma_xl_0.9900,0.99,432.0,6.683374106102772,0.682880105818408,5.240530080838772,4.014135368227495,-0.013827326848613097,-0.02091364044528632,0.05087850001105837,0.5322151620248068
sigma_xl_0.9900,0.99,433.0,6.697251265940642,0.6863367708148498,5.25440855960531,4.024484735865691,-0.013817254819735503,-0.020894714565224515,0.05087845752686124,0.5322198741995096
sigma_xl_0.9900,0.99,434.0,6.7111283833570825,0.6897934180051343,5.268286995894128,4.0348340787721195,-0.013807225122820732,-0.02087583144427585,0.050878415051707204,0.5322245861885937
sigma_xl_0.9900,0.99,435.0,6.725005458360927,0.6932500474133091,5.282165389714,4.045183396932398,-0.013797237749145985,-0.020856991073629594,0.05087837258558514,0.5322292979920998
sigma_xl_0.9900,0.99,436.0,6.738882490961007,0.6967066590629736,5.296043741073623,4.055532690332479,-0.013787292690063069,-0.020838193444553177,0.05087833012847651,0.5322340096100682
sigma_xl_0.9900,0.99,437.0,6.752759481166173,0.7001632529777542,5.309922049981706,4.065881958958298,-0.013777389936912243,-0.020819438548297597,0.050878287680362205,0.5322387210425394
sigma_xl_0.9900,0.99,438.0,6.766636428985271,0.7036198291812776,5.323800316446955,4.076231202795789,-0.013767529481055973,-0.020800726376140943,0.050878245241220976,0.5322434322895535
sigma_xl_0.9900,0.99,439.0,6.780513334427155,0.7070763876971706,5.337678540478078,4.086580421830889,-0.01375771131383896,-0.020782056919340874,0.050878202811032835,0.532248143351151
sigma_xl_0.9900,0.99,440.0,6.794390197500672,0.7105329285490589,5.351556722083782,4.096929616049534,-0.013747935426589919,-0.020763430169139063,0.050878160389780214,0.5322528542273722
sigma_xl_0.9900,0.99,441.0,6.808267018214672,0.7139894517605693,5.3654348612727745,4.107278785437659,-0.01373820181069263,-0.020744846116833582,0.05087811797743927,0.5322575649182575
sigma_xl_0.9900,0.99,442.0,6.822143796578006,0.7174459573553285,5.379312958053763,4.117627929981198,-0.013728510457457155,-0.02072630475364834,0.05087807557399393,0.5322622754238471
sigma_xl_0.9900,0.99,443.0,6.836020532599523,0.7209024453569624,5.393191012435456,4.1279770496660895,-0.013718861358263723,-0.020707806070876522,0.05087803317942084,0.5322669857441813
sigma_xl_0.9900,0.99,444.0,6.849897226288073,0.7243589157890977,5.40706902442656,4.138326144478268,-0.013709254504441049,-0.020689350059759803,0.05087799079370221,0.5322716958793005
sigma_xl_0.9900,0.99,445.0,6.8637738776525055,0.7278153686753613,5.420946994035782,4.148675214403667,-0.013699689887360478,-0.02067093671158471,0.050877948416815644,0.532276405829245
sigma_xl_0.9900,0.99,446.0,6.87765048670167,0.7312718040393791,5.434824921271832,4.159024259428225,-0.013690167498364936,-0.02065256601760801,0.05087790604874161,0.532281115594055
sigma_xl_0.9900,0.99,447.0,6.891527053444417,0.7347282219047775,5.448702806143415,4.169373279537877,-0.013680687328803565,-0.020634237969091807,0.05087786368946018,0.5322858251737709
sigma_xl_0.9900,0.99,448.0,6.905403577889594,0.7381846222951833,5.462580648659238,4.179722274718557,-0.013671249370047711,-0.020615952557320405,0.050877821338949136,0.532290534568433
sigma_xl_0.9900,0.99,449.0,6.919280060046053,0.741641005234223,5.476458448828011,4.1900712449562025,-0.013661853613441188,-0.02059770977355102,0.05087777899718868,0.5322952437780816
sigma_xl_0.9900,0.99,450.0,6.933156499922642,0.7450973707455228,5.49033620665844,4.2004201902367475,-0.013652500050328698,-0.020579509609043978,0.05087773666415933,0.5322999528027569
sigma_xl_0.9900,0.99,451.0,6.947032897528213,0.7485537188527092,5.504213922159232,4.210769110546128,-0.013643188672082474,-0.02056135205508358,0.050877694339838714,0.5323046616424992
sigma_xl_0.9900,0.99,452.0,6.960909252871614,0.7520100495794088,5.518091595339095,4.22111800587028,-0.013633919470045441,-0.02054323710292838,0.05087765202420726,0.5323093702973489
sigma_xl_0.9900,0.99,453.0,6.974785565961694,0.7554663629492477,5.531969226206737,4.23146687619514,-0.013624692435588948,-0.020525164743862234,0.05087760971724284,0.5323140787673463
sigma_xl_0.9900,0.99,454.0,6.988661836807305,0.7589226589858526,5.545846814770866,4.241815721506641,-0.013615507560067464,-0.020507134969153462,0.05087756741892471,0.5323187870525313
sigma_xl_0.9900,0.99,455.0,7.002538065417296,0.76237893771285,5.559724361040188,4.25216454179072,-0.013606364834848783,-0.020489147770082816,0.05087752512923087,0.5323234951529446
sigma_xl_0.9900,0.99,456.0,7.016414251800515,0.7658351991538666,5.573601865023411,4.2625133370333135,-0.013597264251266061,-0.020471203137897298,0.0508774828481431,0.5323282030686263
sigma_xl_0.9900,0.99,457.0,7.030290395965812,0.7692914433325283,5.587479326729243,4.272862107220356,-0.013588205800711961,-0.02045330106390475,0.050877440575636756,0.5323329107996165
sigma_xl_0.9900,0.99,458.0,7.044166497922039,0.7727476702724618,5.60135674616639,4.283210852337783,-0.013579189474528519,-0.020435441539360166,0.050877398311692454,0.5323376183459557
sigma_xl_0.9900,0.99,459.0,7.058042557678044,0.7762038799972937,5.615234123343561,4.29355957237153,-0.01357021526409774,-0.02041762455555851,0.05087735605628699,0.5323423257076841
sigma_xl_0.9900,0.99,460.0,7.071918575242677,0.7796600725306502,5.629111458269463,4.303908267307534,-0.013561283160758109,-0.02039985010375478,0.050877313809401165,0.5323470328848419
sigma_xl_0.9900,0.99,461.0,7.085794550624787,0.7831162478961577,5.642988750952804,4.314256937131729,-0.013552393155877418,-0.020382118175228392,0.05087727157101314,0.5323517398774692
sigma_xl_0.9900,0.99,462.0,7.099670483833224,0.7865724061174431,5.65686600140229,4.324605581830051,-0.01354354524084922,-0.020364428761286746,0.05087722934109842,0.5323564466856064
sigma_xl_0.9900,0.99,463.0,7.113546374876838,0.7900285472181325,5.67074320962663,4.3349542013884355,-0.013534739407002228,-0.020346781853172402,0.050877187119638914,0.5323611533092937
sigma_xl_0.9900,0.99,464.0,7.127422223764482,0.7934846712218524,5.684620375634532,4.3453027957928185,-0.013525975645709565,-0.020329177442174107,0.050877144906611826,0.5323658597485714
sigma_xl_0.9900,0.99,465.0,7.141298030504999,0.7969407781522293,5.698497499434701,4.355651365029136,-0.013517253948366559,-0.020311615519598814,0.05087710270199308,0.5323705660034797
sigma_xl_0.9900,0.99,466.0,7.155173795107244,0.8003968680328898,5.712374581035847,4.365999909083322,-0.01350857430631347,-0.020294096076701518,0.0508770605057631,0.5323752720740587
sigma_xl_0.9900,0.99,467.0,7.169049517580039,0.8038529408874071,5.726251620446657,4.376348427941347,-0.01349993671093408,-0.020276619104779847,0.05087701831790091,0.5323799779603485
sigma_xl_0.9900,0.99,468.0,7.182925197931718,0.8073089967380308,5.740128617675415,4.386696921590063,-0.013491341154034941,-0.020259184595559532,0.05087697613839229,0.5323846836623877
sigma_xl_0.9900,0.99,469.0,7.19680083617042,0.8107650356060171,5.754005572730153,4.3970453900170146,-0.013482787627610016,-0.020241792540952375,0.050876933967224106,0.5323893891802128
sigma_xl_0.9900,0.99,470.0,7.210676432304329,0.814221057512661,5.767882485618934,4.407393833209734,-0.01347427612365415,-0.020224442932873288,0.050876891804378085,0.5323940945138611
sigma_xl_0.9900,0.99,471.0,7.224551986341631,0.8176770624792572,5.781759356349815,4.417742251155751,-0.013465806634147981,-0.020207135763225637,0.0508768496498373,0.5323987996633694
sigma_xl_0.9900,0.99,472.0,7.238427498290515,0.8211330505271005,5.7956361849308555,4.428090643842595,-0.013457379151098792,-0.020189871023932326,0.05087680750358228,0.532403504628775
sigma_xl_0.9900,0.99,473.0,7.2523029681591655,0.824589021677486,5.809512971370117,4.438439011257797,-0.013448993666481002,-0.02017264870689317,0.05087676536559679,0.5324082094101145
sigma_xl_0.9900,0.99,474.0,7.2661783959557695,0.8280449759517081,5.823389715675656,4.4487873533888855,-0.013440650172304558,-0.020155468804031962,0.05087672323586097,0.5324129140074251
sigma_xl_0.9900,0.99,475.0,7.280053781688512,0.831500913371062,5.837266417855535,4.459135670223391,-0.013432348660544768,-0.020138331307249402,0.05087668111435854,0.5324176184207438
sigma_xl_0.9900,0.99,476.0,7.2939291253655805,0.8349568339568427,5.851143077917811,4.469483961748844,-0.013424089123193816,-0.020121236208453297,0.050876639001071505,0.5324223226501074
sigma_xl_0.9900,0.99,477.0,7.307804426995161,0.8384127377303445,5.865019695870545,4.479832227952775,-0.01341587155225632,-0.02010418349957188,0.050876596895980605,0.532427026695553
sigma_xl_0.9900,0.99,478.0,7.32167968658544,0.8418686247128625,5.878896271721796,4.490180468822713,-0.013407695939721798,-0.02008717317251385,0.05087655479906798,0.5324317305571176
sigma_xl_0.9900,0.99,479.0,7.335554904144603,0.8453244949256917,5.892772805479624,4.500528684346188,-0.013399562277594868,-0.02007020521920211,0.05087651271031454,0.5324364342348381
sigma_xl_0.9900,0.99,480.0,7.349430079680838,0.8487803483901268,5.906649297152088,4.51087687451073,-0.01339147055784995,-0.02005327963153203,0.05087647062970389,0.5324411377287513
sigma_xl_0.9900,0.99,481.0,7.363305213202329,0.8522361851274627,5.920525746747247,4.52122503930387,-0.013383420772507648,-0.020036396401445167,0.0508764285572153,0.5324458410388946
sigma_xl_0.9900,0.99,482.0,7.377180304717265,0.855692005158994,5.934402154273162,4.531573178713137,-0.01337541291354949,-0.020019555520842225,0.05087638649283159,0.5324505441653045
sigma_xl_0.9900,0.99,483.0,7.39105535423383,0.8591478085060162,5.94827851973789,4.54192129272606,-0.01336744697297032,-0.020002756981638115,0.0508763444365347,0.5324552471080181
sigma_xl_0.9900,0.99,484.0,7.404930361760211,0.8626035951898233,5.962154843149492,4.552269381330171,-0.013359522942785418,-0.019986000775768176,0.05087630238830432,0.5324599498670725
sigma_xl_0.9900,0.99,485.0,7.418805327304595,0.8660593652317106,5.9760311245160285,4.562617444512999,-0.013351640814991406,-0.019969286895149985,0.05087626034812186,0.5324646524425044
sigma_xl_0.9900,0.99,486.0,7.432680250875168,0.8695151186529728,5.989907363845558,4.572965482262074,-0.01334380058156448,-0.01995261533168069,0.05087621831597075,0.5324693548343508
sigma_xl_0.9900,0.99,487.0,7.446555132480116,0.8729708554749052,6.003783561146139,4.583313494564926,-0.013336002234535016,-0.019935986077308065,0.050876176291829514,0.5324740570426487
sigma_xl_0.9900,0.99,488.0,7.460429972127626,0.8764265757188019,6.017659716425832,4.593661481409085,-0.013328245765896973,-0.019919399123947912,0.05087613427567962,0.532478759067435
sigma_xl_0.9900,0.99,489.0,7.474304769825883,0.8798822794059581,6.031535829692697,4.604009442782081,-0.013320531167630989,-0.01990285446350093,0.050876092267504336,0.5324834609087467
sigma_xl_0.9900,0.99,490.0,7.4881795255830745,0.8833379665576689,6.045411900954793,4.6143573786714445,-0.013312858431770103,-0.019886352087917558,0.05087605026728163,0.5324881625666206
sigma_xl_0.9900,0.99,491.0,7.502054239407387,0.8867936371952287,6.0592879302201785,4.624705289064704,-0.013305227550302057,-0.019869891989110933,0.050876008274993806,0.5324928640410936
sigma_xl_0.9900,0.99,492.0,7.515928911307006,0.8902492913399326,6.073163917496914,4.635053173949392,-0.013297638515227028,-0.01985347415899774,0.05087596629062205,0.5324975653322027
sigma_xl_0.9900,0.99,493.0,7.529803541290117,0.8937049290130752,6.087039862793059,4.645401033313036,-0.013290091318554964,-0.019837098589509772,0.05087592431414656,0.5325022664399848
sigma_xl_0.9900,0.99,494.0,7.543678129364908,0.8971605502359519,6.100915766116673,4.655748867143167,-0.013282585952298476,-0.01982076527257881,0.050875882345547324,0.5325069673644768
sigma_xl_0.9900,0.99,495.0,7.557552675539565,0.9006161550298569,6.114791627475815,4.666096675427315,-0.013275122408454187,-0.019804474200122435,0.05087584038480582,0.5325116681057156
sigma_xl_0.9900,0.99,496.0,7.571427179822274,0.9040717434160854,6.128667446878544,4.676444458153011,-0.013267700679032046,-0.01978822536406888,0.050875798431902125,0.532516368663738
sigma_xl_0.9900,0.99,497.0,7.585301642221221,0.9075273154159322,6.142543224332921,4.686792215307783,-0.013260320756032229,-0.019772018756341936,0.05087575648681772,0.532521069038581
sigma_xl_0.9900,0.99,498.0,7.599176062744593,0.910982871050692,6.156418959847004,4.697139946879162,-0.013252982631487775,-0.019755854368891157,0.05087571454953031,0.5325257692302815
sigma_xl_0.9900,0.99,499.0,7.613050441400577,0.9144384103416597,6.170294653428855,4.707487652854677,-0.013245686297381987,-0.019739732193622572,0.050875672620022544,0.5325304692388763
sigma_xl_0.9900,0.99,500.0,7.626924778197357,0.9178939333101304,6.18417030508653,4.71783533322186,-0.01323843174572481,-0.01972365222246797,0.050875630698274873,0.5325351690644022
sigma_xl_0.9900,0.99,501.0,7.640799073142854,0.9213494399767388,6.198045914827881,4.728182987968673,-0.013231218968758007,-0.019707614447586508,0.05087558878427109,0.5325398687068955
sigma_xl_0.9900,0.99,502.0,7.654673326244592,0.9248049303607238,6.211921482660365,4.738530617084038,-0.013224047959029761,-0.019691618861455318,0.05087554687800373,0.53254456816639
sigma_xl_0.9900,0.99,503.0,7.66854753751016,0.9282604044812846,6.225797008591463,4.748878220556915,-0.013216918709137992,-0.019675665456596825,0.050875504979453964,0.5325492674429194
sigma_xl_0.9900,0.99,504.0,7.682421706947149,0.9317158623576214,6.2396724926286495,4.75922579837627,-0.013209831211635326,-0.019659754225490822,0.05087546308860719,0.5325539665365182
sigma_xl_0.9900,0.99,505.0,7.696295834563151,0.9351713040089334,6.253547934779403,4.769573350531063,-0.01320278545910103,-0.019643885160639307,0.05087542120544636,0.5325586654472201
sigma_xl_0.9900,0.99,506.0,7.710169920365754,0.9386267294544206,6.267423335051203,4.779920877010259,-0.013195781444081511,-0.019628058254517633,0.050875379329957754,0.5325633641750592
sigma_xl_0.9900,0.99,507.0,7.724043964362549,0.9420821387132827,6.281298693451523,4.79026837780282,-0.013188819159163145,-0.01961227349963668,0.05087533746212339,0.5325680627200693
sigma_xl_0.9900,0.99,508.0,7.737917966561128,0.945537531804719,6.295174009987845,4.80061585289771,-0.013181898596905661,-0.019596530888481567,0.05087529560192808,0.5325727610822845
sigma_xl_0.9900,0.99,509.0,7.75179192696908,0.9489929087479296,6.309049284667642,4.810963302283891,-0.013175019749896322,-0.019580830413564954,0.050875253749354074,0.5325774592617388
sigma_xl_0.9900,0.99,510.0,7.765665845593995,0.9524482695621139,6.322924517498393,4.821310725950326,-0.013168182610689527,-0.01956517206736752,0.05087521190438671,0.5325821572584662
sigma_xl_0.9900,0.99,511.0,7.779539722443465,0.9559036142664721,6.336799708487576,4.831658123885979,-0.013161387171865435,-0.01954955584239748,0.05087517006700856,0.5325868550725006
sigma_xl_0.9900,0.99,512.0,7.793413557525078,0.9593589428802032,6.350674857642669,4.842005496079811,-0.013154633425989992,-0.019533981731141736,0.050875128237204206,0.5325915527038759
sigma_xl_0.9900,0.99,513.0,7.807287350846427,0.9628142554225072,6.364549964971147,4.852352842520787,-0.01314792136565135,-0.01951844972611738,0.05087508641495529,0.5325962501526261
sigma_xl_0.9900,0.99,514.0,7.821161102415101,0.9662695519125841,6.378425030480489,4.862700163197868,-0.013141250983403907,-0.019502959819805987,0.05087504460024726,0.5326009474187853
sigma_xl_0.9900,0.99,515.0,7.835034812238691,0.9697248323696328,6.392300054178173,4.873047458100019,-0.013134622271834928,-0.019487512004717544,0.05087500279306241,0.5326056445023871
sigma_xl_0.9900,0.99,516.0,7.848908480324788,0.9731800968128537,6.406175036071675,4.883394727216201,-0.01312803522350059,-0.01947210627333451,0.05087496099338562,0.5326103414034659
sigma_xl_0.9900,0.99,517.0,7.8627821066809815,0.9766353452614461,6.420049976168474,4.893741970535379,-0.01312148983100947,-0.019456742618191747,0.050874919201196966,0.5326150381220554
sigma_xl_0.9900,0.99,518.0,7.876655691314863,0.9800905777346101,6.4339248744760456,4.904089188046513,-0.013114986086903535,-0.019441421031759276,0.05087487741648296,0.5326197346581893
sigma_xl_0.9900,0.99,519.0,7.8905292342340205,0.9835457942515449,6.447799731001869,4.91443637973857,-0.01310852398377449,-0.01942614150655242,0.050874835639225485,0.5326244310119019
sigma_xl_0.9900,0.99,520.0,7.904402735446046,0.9870009948314502,6.461674545753419,4.924783545600509,-0.013102103514207819,-0.019410904035081167,0.05087479386940663,0.5326291271832272
sigma_xl_0.9900,0.99,521.0,7.918276194958531,0.9904561794935263,6.475549318738175,4.935130685621296,-0.013095724670764142,-0.019395708609835083,0.050874752107011076,0.5326338231721989
sigma_xl_0.9900,0.99,522.0,7.932149612779064,0.9939113482569721,6.489424049963615,4.9454777997898915,-0.013089387446047596,-0.019380555223341922,0.05087471035201936,0.532638518978851
sigma_xl_0.9900,0.99,523.0,7.946022988915237,0.9973665011409878,6.503298739437215,4.95582488809526,-0.013083091832606364,-0.01936544386807615,0.05087466860441732,0.5326432146032173
sigma_xl_0.9900,0.99,524.0,7.95989632337464,1.0008216381647728,6.517173387166452,4.966171950526364,-0.013076837823041032,-0.019350374536565518,0.05087462686418577,0.5326479100453319
sigma_xl_0.9900,0.99,525.0,7.973769616164862,1.004276759347527,6.531047993158806,4.9765189870721676,-0.013070625409924652,-0.019335347221309362,0.05087458513130813,0.5326526053052285
sigma_xl_0.9900,0.99,526.0,7.987642867293497,1.0077318647084499,6.544922557421752,4.986865997721631,-0.01306445458583294,-0.019320361914807016,0.05087454340576762,0.5326573003829415
sigma_xl_0.9900,0.99,527.0,8.001516076768132,1.0111869542667413,6.558797079962768,4.99721298246372,-0.013058325343362931,-0.019305418609581793,0.05087450168754544,0.5326619952785041
sigma_xl_0.9900,0.99,528.0,8.015389244596358,1.0146420280416013,6.572671560789331,5.007559941287395,-0.013052237675091227,-0.019290517298138354,0.050874459976624736,0.5326666899919509
sigma_xl_0.9900,0.99,529.0,8.029262370785766,1.0180970860522285,6.586545999908919,5.017906874181621,-0.01304619157359177,-0.01927565797297337,0.0508744182729888,0.5326713845233152
sigma_xl_0.9900,0.99,530.0,8.043135455343947,1.0215521283178235,6.600420397329009,5.028253781135361,-0.013040187031457151,-0.019260840626608378,0.05087437657661921,0.5326760788726314
sigma_xl_0.9900,0.99,531.0,8.057008498278488,1.0250071548575859,6.61429475305708,5.0386006621375765,-0.013034224041277298,-0.019246065251558697,0.05087433488749803,0.532680773039933
sigma_xl_0.9900,0.99,532.0,8.070881499596986,1.028462165690715,6.628169067100607,5.048947517177232,-0.013028302595622598,-0.01923133184032011,0.05087429320560838,0.5326854670252541
sigma_xl_0.9900,0.99,533.0,8.084754459307026,1.0319171608364106,6.642043339467069,5.059294346243289,-0.013022422687079427,-0.019216640385404382,0.050874251530932973,0.5326901608286285
sigma_xl_0.9900,0.99,534.0,8.098627377416108,1.0353721403136555,6.65591757016387,5.069641149324853,-0.013016584308322088,-0.01920199087941299,0.05087420986345434,0.5326948544500899
sigma_xl_0.9900,0.99,535.0,8.112500253931268,1.038827104140073,6.669791759198017,5.079987926411942,-0.01301078745237394,-0.019187383315298234,0.05087416820316627,0.5326995478896699
sigma_xl_0.9900,0.99,536.0,8.126373088859548,1.0422820523329601,6.683665906576453,5.090334677494821,-0.013005032112338277,-0.019172817686097687,0.050874126550054105,0.5327042411473997
sigma_xl_0.9900,0.99,537.0,8.140245882208005,1.045736984909634,6.697540012306135,5.100681402563738,-0.012999318281307737,-0.019158293984831154,0.05087408490410299,0.5327089342233107
sigma_xl_0.9900,0.99,538.0,8.154118633983693,1.0491919018874118,6.711414076394015,5.111028101608945,-0.012993645952354527,-0.01914381220450423,0.050874043265299956,0.5327136271174341
sigma_xl_0.9900,0.99,539.0,8.167991344193666,1.05264680328361,6.725288098847049,5.121374774620694,-0.012988015118580165,-0.019129372338148265,0.05087400163362925,0.5327183198298013
sigma_xl_0.9900,0.99,540.0,8.18186401284498,1.0561016891155455,6.739162079672191,5.131721421589234,-0.012982425773061301,-0.019114974378770633,0.05087396000907783,0.5327230123604435
sigma_xl_0.9900,0.99,541.0,8.195736639944691,1.0595565594005354,6.753036018876395,5.1420680425048175,-0.012976877908898565,-0.019100618319403573,0.0508739183916295,0.532727704709392
sigma_xl_0.9900,0.99,542.0,8.209609225499854,1.0630114141558968,6.766909916466617,5.152414637357694,-0.012971371519165054,-0.019086304153049127,0.0508738767812716,0.5327323968766781
sigma_xl_0.9900,0.99,543.0,8.223481769517525,1.066466253398946,6.780783772449811,5.162761206138115,-0.012965906596946297,-0.019072031872727102,0.0508738351779896,0.5327370888623328
sigma_xl_0.9900,0.99,544.0,8.237354272004756,1.0699210771470002,6.794657586832931,5.1731077488363315,-0.012960483135357137,-0.019057801471480396,0.05087379358176686,0.5327417806663879
sigma_xl_0.9900,0.99,545.0,8.251226732968604,1.0733758854173763,6.80853135962293,5.183454265442594,-0.012955101127483104,-0.01904361294232615,0.05087375199258902,0.5327464722888743
sigma_xl_0.9900,0.99,546.0,8.265099152416125,1.076830678227391,6.822405090826765,5.193800755947154,-0.01294976056640973,-0.019029466278282392,0.05087371041044164,0.5327511637298233
sigma_xl_0.9900,0.99,547.0,8.278971530354372,1.0802854555943615,6.836278780451388,5.204147220340262,-0.012944461445221656,-0.0190153614723636,0.05087366883531082,0.5327558549892663
sigma_xl_0.9900,0.99,548.0,8.292843866790403,1.0837402175356046,6.8501524285037565,5.214493658612168,-0.012939203757007967,-0.019001298517588694,0.05087362726718196,0.5327605460672343
sigma_xl_0.9900,0.99,549.0,8.30671616173127,1.087194964068437,6.864026034990823,5.2248400707531255,-0.012933987494890609,-0.018987277407011227,0.05087358570603723,0.5327652369637589
sigma_xl_0.9900,0.99,550.0,8.32058841518403,1.0906496952101759,6.877899599919542,5.235186456753382,-0.012928812651940902,-0.018973298133635907,0.050873544151863695,0.5327699276788711
sigma_xl_0.9900,0.99,551.0,8.334460627155739,1.094104410978138,6.8917731232968675,5.245532816603191,-0.012923679221245266,-0.01895936069047721,0.05087350260464721,0.5327746182126021
sigma_xl_0.9900,0.99,552.0,8.348332797653452,1.09755911138964,6.905646605129757,5.2558791502928015,-0.0129185871959141,-0.01894546507057626,0.050873461064370906,0.5327793085649833
sigma_xl_0.9900,0.99,553.0,8.362204926684221,1.101013796461999,6.919520045425161,5.266225457812466,-0.012913536569050699,-0.01893161126696885,0.05087341953101911,0.532783998736046
sigma_xl_0.9900,0.99,554.0,8.376077014255104,1.104468466212532,6.933393444190036,5.276571739152433,-0.012908527333734376,-0.01891779927266679,0.05087337800457793,0.5327886887258213
sigma_xl_0.9900,0.99,555.0,8.389949060373155,1.1079231206585556,6.9472668014313355,5.286917994302957,-0.012903559483059546,-0.018904029080692553,0.05087333648503256,0.5327933785343404
sigma_xl_0.9900,0.99,556.0,8.40382106504543,1.1113777598173868,6.961140117156015,5.297264223254285,-0.0128986330101446,-0.018890300684097028,0.050873294972365354,0.5327980681616347
sigma_xl_0.9900,0.99,557.0,8.417693028278983,1.1148323837063427,6.975013391371029,5.307610425996671,-0.012893747908061748,-0.018876614075884035,0.050873253466563295,0.5328027576077353
sigma_xl_0.9900,0.99,558.0,8.431564950080869,1.1182869923427399,6.988886624083332,5.317956602520363,-0.0128889041699356,-0.01886296924910713,0.050873211967608564,0.5328074468726733
sigma_xl_0.9900,0.99,559.0,8.445436830458146,1.1217415857438957,7.002759815299877,5.328302752815614,-0.012884101788840141,-0.0188493661967728,0.05087317047548781,0.5328121359564802
sigma_xl_0.9900,0.99,560.0,8.459308669417865,1.1251961639271264,7.016632965027619,5.338648876872675,-0.012879340757891988,-0.018835804911928378,0.050873128990183966,0.5328168248591872
sigma_xl_0.9900,0.99,561.0,8.473180466967086,1.1286507269097494,7.030506073273515,5.348994974681796,-0.012874621070179337,-0.01882228538759456,0.0508730875116821,0.5328215135808254
sigma_xl_0.9900,0.99,562.0,8.48705222311286,1.1321052747090814,7.044379140044517,5.359341046233228,-0.012869942718815253,-0.018808807616812473,0.05087304603996587,0.532826202121426
sigma_xl_0.9900,0.99,563.0,8.500923937862243,1.135559807342439,7.058252165347579,5.369687091517221,-0.012865305696901252,-0.018795371592617904,0.05087300457501917,0.5328308904810202
sigma_xl_0.9900,0.99,564.0,8.514795611222292,1.1390143248271396,7.072125149189656,5.380033110524028,-0.012860709997520203,-0.018781977308023556,0.0508729631168279,0.5328355786596392
sigma_xl_0.9900,0.99,565.0,8.52866724320006,1.1424688271804997,7.085998091577703,5.390379103243897,-0.012856155613793163,-0.01876862475608121,0.050872921665374576,0.5328402666573143
sigma_xl_0.9900,0.99,566.0,8.542538833802602,1.1459233144198366,7.0998709925186745,5.400725069667082,-0.01285164253881188,-0.01875531392981422,0.05087288022064425,0.5328449544740766
sigma_xl_0.9900,0.99,567.0,8.556410383036958,1.1493777865624284,7.113743852019511,5.411071009783857,-0.01284717076573294,-0.018742044822309012,0.05087283878261728,0.5328496421099571
sigma_xl_0.9900,0.99,568.0,8.5702818909098,1.152832243624593,7.127616670086859,5.421416923585136,-0.012842740287875465,-0.018728817426819866,0.05087279735129428,0.5328543295649862
sigma_xl_0.9900,0.99,569.0,8.584153357427668,1.1562866856219283,7.1414894467271814,5.431762811062341,-0.012838351098882761,-0.01871563173692614,0.05087275592665709,0.5328590168391921
sigma_xl_0.9900,0.99,570.0,8.598024782597136,1.159741112570058,7.155362181946965,5.4421086722068805,-0.012834003192303989,-0.01870248774611305,0.05087271450869313,0.5328637039326036
sigma_xl_0.9900,0.99,571.0,8.611896166424774,1.1631955244846075,7.169234875752695,5.452454507010161,-0.012829696561637682,-0.018689385447811624,0.05087267309739538,0.5328683908452504
sigma_xl_0.9900,0.99,572.0,8.62576750891716,1.1666499213812018,7.183107528150853,5.4628003154635945,-0.012825431200484516,-0.018676324835561253,0.050872631692745765,0.5328730775771604
sigma_xl_0.9900,0.99,573.0,8.639638810080868,1.1701043032754654,7.196980139147927,5.473146097558585,-0.012821207102399867,-0.018663305902850702,0.050872590294731554,0.532877764128363
sigma_xl_0.9900,0.99,574.0,8.65351006992247,1.1735586701830234,7.210852708750399,5.483491853286545,-0.01281702426095599,-0.018650328643189162,0.050872548903337866,0.5328824504988866
sigma_xl_0.9900,0.99,575.0,8.667381288448544,1.1770130221195005,7.224725236964755,5.49383758263888,-0.012812882669645198,-0.018637393050003226,0.05087250751855768,0.5328871366887606
sigma_xl_0.9900,0.99,576.0,8.68125246566566,1.1804673591005215,7.238597723797479,5.5041832856070005,-0.012808782322059287,-0.018624499116819848,0.050872466140374814,0.5328918226980136
sigma_xl_0.9900,0.99,577.0,8.695123601580395,1.1839216811417113,7.252470169255057,5.514528962182314,-0.012804723211750968,-0.018611646837130458,0.050872424768775876,0.5328965085266746
sigma_xl_0.9900,0.99,578.0,8.708994696199321,1.1873759882586947,7.266342573343971,5.5248746123562285,-0.012800705332290718,-0.01859883620443803,0.05087238340374681,0.5329011941747721
sigma_xl_0.9900,0.99,579.0,8.722865749529015,1.1908302804670965,7.280214936070708,5.535220236120153,-0.012796728677210822,-0.018586067212211788,0.05087234204527641,0.5329058796423354
sigma_xl_0.9900,0.99,580.0,8.736736761576047,1.194284557782542,7.294087257441751,5.545565833465495,-0.012792793240087086,-0.018573339853961812,0.05087230069335004,0.5329105649293929
sigma_xl_0.9900,0.99,581.0,8.750607732346996,1.1977388202206554,7.307959537463585,5.5559114043836635,-0.01278889901445801,-0.018560654123162657,0.050872259347955806,0.5329152500359737
sigma_xl_0.9900,0.99,582.0,8.764478661848432,1.2011930677970617,7.321831776142695,5.566256948866067,-0.012785045993922495,-0.018548010013350158,0.05087221800907657,0.5329199349621067
sigma_xl_0.9900,0.99,583.0,8.778349550086931,1.2046473005273861,7.335703973485566,5.576602466904115,-0.012781234172003053,-0.018535407517981106,0.050872176676702546,0.5329246197078205
sigma_xl_0.9900,0.99,584.0,8.792220397069068,1.2081015184272528,7.34957612949868,5.586947958489213,-0.01277746354226661,-0.01852284663056114,0.050872135350819164,0.5329293042731439
sigma_xl_0.9900,0.99,585.0,8.806091202801415,1.2115557215122872,7.3634482441885245,5.597293423612772,-0.012773734098292522,-0.01851032734460034,0.05087209403141142,0.5329339886581059
sigma_xl_0.9900,0.99,586.0,8.81996196729055,1.2150099097981142,7.377320317561583,5.6076388622661995,-0.012770045833622845,-0.01849784965357859,0.05087205271846723,0.5329386728627353
sigma_xl_0.9900,0.99,587.0,8.83383269054304,1.2184640833003582,7.39119234962434,5.617984274440904,-0.012766398741831608,-0.01848541355100597,0.05087201141197198,0.5329433568870611
sigma_xl_0.9900,0.99,588.0,8.84770337256547,1.221918242034644,7.405064340383281,5.628329660128292,-0.012762792816459978,-0.018473019030357918,0.05087197011191344,0.5329480407311117
sigma_xl_0.9900,0.99,589.0,8.861574013364404,1.225372386016597,7.418936289844889,5.638675019319777,-0.012759228051099747,-0.018460666085164057,0.050871928818275444,0.5329527243949163
sigma_xl_0.9900,0.99,590.0,8.875444612946419,1.2288265152618418,7.43280819801565,5.649020352006762,-0.012755704439299187,-0.018448354708905157,0.05087188753104559,0.5329574078785033
sigma_xl_0.9900,0.99,591.0,8.889315171318092,1.232280629786003,7.446680064902047,5.659365658180657,-0.012752221974610123,-0.01843608489507531,0.0508718462502106,0.532962091181902
sigma_xl_0.9900,0.99,592.0,8.903185688485994,1.2357347296047054,7.460551890510565,5.669710937832872,-0.012748780650614577,-0.0184238566371846,0.05087180497575544,0.5329667743051408
sigma_xl_0.9900,0.99,593.0,8.917056164456701,1.2391888147335743,7.47442367484769,5.680056190954813,-0.012745380460870592,-0.01841166992872978,0.05087176370766637,0.5329714572482487
sigma_xl_0.9900,0.99,594.0,8.930926599236788,1.2426428851882343,7.488295417919906,5.690401417537892,-0.012742021398954861,-0.018399524763223596,0.05087172244592818,0.5329761400112545
sigma_xl_0.9900,0.99,595.0,8.944796992832826,1.2460969409843101,7.502167119733697,5.700746617573513,-0.012738703458420986,-0.018387421134153925,0.05087168119052812,0.5329808225941869
sigma_xl_0.9900,0.99,596.0,8.958667345251394,1.2495509821374267,7.516038780295548,5.711091791053088,-0.012735426632837665,-0.018375359035027294,0.05087163994145141,0.5329855049970748
sigma_xl_0.9900,0.99,597.0,8.97253765649906,1.253005008663209,7.529910399611943,5.721436937968022,-0.012732190915764718,-0.018363338459337797,0.05087159869868503,0.5329901872199468
sigma_xl_0.9900,0.99,598.0,8.986407926582402,1.2564590205772816,7.543781977689367,5.731782058309727,-0.012728996300779727,-0.01835135940060173,0.050871557462213335,0.532994869262832
sigma_xl_0.9900,0.99,599.0,9.000278155507994,1.2599130178952693,7.557653514534304,5.742127152069608,-0.012725842781452279,-0.018339421852319404,0.05087151623202195,0.5329995511257589
sigma_xl_0.9900,0.99,600.0,9.01414834328241,1.2633670006327977,7.571525010153239,5.752472219239077,-0.012722730351352851,-0.018327525807999123,0.050871475008096245,0.5330042328087565
sigma_xl_0.9900,0.99,601.0,9.028018489912027,1.266820968805012,7.585396464552504,5.762817259809854,-0.012719659004194028,-0.0183156712612913,0.05087143379042702,0.5330089143118527
sigma_xl_0.9900,0.99,602.0,9.041888595402934,1.2702749224260454,7.599267877738146,5.773162273774357,-0.01271662873394952,-0.018303858206109247,0.05087139257900811,0.5330135956350744
sigma_xl_0.9900,0.99,603.0,9.055758659761276,1.273728861510002,7.613139249716229,5.783507261125033,-0.012713639534609023,-0.018292086636382265,0.05087135137382591,0.5330182767784482
sigma_xl_0.9900,0.99,604.0,9.06962868299319,1.277182786070986,7.627010580492815,5.793852221854334,-0.012710691400147134,-0.01828035654602367,0.050871310174869,0.5330229577420007
sigma_xl_0.9900,0.99,605.0,9.083498665104823,1.2806366961231008,7.640881870073966,5.804197155954705,-0.012707784324533122,-0.018268667928943216,0.05087126898212585,0.5330276385257587
sigma_xl_0.9900,0.99,606.0,9.097368606102314,1.2840905916804515,7.654753118465743,5.814542063418598,-0.01270491830173004,-0.01825702077904623,0.050871227795585866,0.533032319129749
sigma_xl_0.9900,0.99,607.0,9.111238505991805,1.287544472757142,7.66862432567421,5.82488694423846,-0.01270209332571337,-0.01824541509024158,0.050871186615237596,0.5330369995539981
sigma_xl_0.9900,0.99,608.0,9.125108364779438,1.2909983393672757,7.682495491705427,5.835231798406739,-0.012699309390479918,-0.018233850856470113,0.050871145441066815,0.5330416797985326
sigma_xl_0.9900,0.99,609.0,9.138978182471355,1.2944521915249576,7.696366616565459,5.845576625915887,-0.0126965664899652,-0.018222328071606952,0.05087110427306564,0.5330463598633793
sigma_xl_0.9900,0.99,610.0,9.152847959073698,1.2979060292442917,7.710237700260366,5.855921426758348,-0.012693864618175787,-0.018210846729597385,0.05087106311121918,0.5330510397485649
sigma_xl_0.9900,0.99,611.0,9.16671769459261,1.3013598525393817,7.724108742796212,5.866266200926575,-0.012691203769087167,-0.01819940682435739,0.0508710219555155,0.5330557194541162
sigma_xl_0.9900,0.99,612.0,9.18058738903423,1.304813661424332,7.737979744179059,5.876610948413014,-0.012688583936657949,-0.01818800834978518,0.05087098080594457,0.5330603989800595
sigma_xl_0.9900,0.99,613.0,9.1944570424047,1.308267455913247,7.751850704414967,5.886955669210116,-0.012686005114870724,-0.01817665129980295,0.05087093966249376,0.5330650783264219
sigma_xl_0.9900,0.99,614.0,9.208326654710167,1.3117212360202306,7.765721623510003,5.897300363310327,-0.012683467297712525,-0.018165335668337335,0.05087089852514998,0.5330697574932297
sigma_xl_0.9900,0.99,615.0,9.222196225956766,1.3151750017593866,7.779592501470224,5.907645030706099,-0.012680970479140186,-0.018154061449283887,0.050870857393903526,0.5330744364805097
sigma_xl_0.9900,0.99,616.0,9.236065756150644,1.3186287531448195,7.793463338301694,5.917989671389877,-0.01267851465314962,-0.018142828636580788,0.050870816268740265,0.5330791152882887
sigma_xl_0.9900,0.99,617.0,9.249935245297939,1.3220824901906338,7.8073341340104765,5.928334285354113,-0.012676099813727859,-0.018131637224152897,0.050870775149647426,0.5330837939165931
sigma_xl_0.9900,0.99,618.0,9.263804693404795,1.325536212910933,7.821204888602633,5.938678872591254,-0.01267372595484062,-0.01812048720590642,0.05087073403661395,0.5330884723654497
sigma_xl_0.9900,0.99,619.0,9.277674100477356,1.3289899213198213,7.835075602084225,5.94902343309375,-0.012671393070458947,-0.01810937857575201,0.050870692929628286,0.533093150634885
sigma_xl_0.9900,0.99,620.0,9.291543466521759,1.332443615431403,7.848946274461316,5.959367966854048,-0.012669101154576978,-0.018098311327625183,0.050870651828676894,0.5330978287249261
sigma_xl_0.9900,0.99,621.0,9.305412791544148,1.3358972952597825,7.862816905739967,5.969712473864598,-0.012666850201171087,-0.018087285455437474,0.05087061073374806,0.533102506635599
sigma_xl_0.9900,0.99,622.0,9.319282075550666,1.3393509608190635,7.876687495926242,5.980056954117848,-0.012664640204215871,-0.018076300953109303,0.05087056964482978,0.5331071843669308
sigma_xl_0.9900,0.99,623.0,9.333151318547454,1.3428046121233503,7.890558045026201,5.990401407606248,-0.012662471157709021,-0.018065357814573524,0.05087052856190791,0.533111861918948
sigma_xl_0.9900,0.99,624.0,9.347020520540653,1.3462582491867472,7.904428553045908,6.000745834322245,-0.012660343055619805,-0.018054456033740784,0.05087048748497151,0.5331165392916773
sigma_xl_0.9900,0.99,625.0,9.360889681536406,1.349711872023358,7.918299019991424,6.011090234258289,-0.01265825589192815,-0.018043595604532392,0.05087044641400802,0.5331212164851452
sigma_xl_0.9900,0.99,626.0,9.374758801540855,1.353165480647287,7.932169445868812,6.021434607406829,-0.01265620966061931,-0.01803277652087143,0.05087040534900471,0.5331258934993784
sigma_xl_0.9900,0.99,627.0,9.388627880560144,1.3566190750726386,7.946039830684136,6.031778953760313,-0.012654204355692755,-0.018021998776699633,0.05087036428994689,0.5331305703344036
sigma_xl_0.9900,0.99,628.0,9.40249691860041,1.3600726553135165,7.959910174443455,6.042123273311189,-0.012652239971110646,-0.018011262365915215,0.05087032323682486,0.5331352469902473
sigma_xl_0.9900,0.99,629.0,9.416365915667795,1.3635262213840251,7.9737804771528324,6.052467566051907,-0.01265031650087245,-0.01800056728245991,0.05087028218962411,0.5331399234669363
sigma_xl_0.9900,0.99,630.0,9.430234871768445,1.3669797732982683,7.98765073881833,6.062811831974916,-0.012648433938963421,-0.017989913520258582,0.05087024114833158,0.533144599764497
sigma_xl_0.9900,0.99,631.0,9.444103786908498,1.3704333110703506,8.001520959446012,6.073156071072663,-0.012646592279349278,-0.017979301073217435,0.05087020011293662,0.5331492758829561
sigma_xl_0.9900,0.99,632.0,9.457972661094098,1.373886834714376,8.015391139041938,6.083500283337599,-0.012644791516049025,-0.017968729935294192,0.05087015908342282,0.5331539518223404
sigma_xl_0.9900,0.99,633.0,9.471841494331388,1.3773403442444483,8.029261277612171,6.09384446876217,-0.012643031643014169,-0.01795820010038085,0.0508701180597808,0.5331586275826762
sigma_xl_0.9900,0.99,634.0,9.485710286626437,1.3807938396745147,8.043131375162723,6.104188627338931,-0.012641312654306347,-0.01794771156248043,0.05087007704199696,0.5331633031639901
sigma_xl_0.9900,0.99,635.0,9.499579037984986,1.384247321017535,8.057001431699309,6.114532759061093,-0.012639634544228784,-0.017937264315836643,0.05087003603006732,0.5331679785663072
sigma_xl_0.9900,0.99,636.0,9.513447748412776,1.3877007882862322,8.070871447227606,6.124876863922051,-0.012637997307152204,-0.01792685835476604,0.050869995023980444,0.5331726537896518
sigma_xl_0.9900,0.99,637.0,9.52731641791556,1.3911542414933442,8.084741421753296,6.135220941915185,-0.01263640093741536,-0.01791649367354875,0.05086995402372699,0.5331773288340491
sigma_xl_0.9900,0.99,638.0,9.541185046499091,1.3946076806516081,8.098611355282065,6.145564993033883,-0.012634845429371211,-0.017906170266480892,0.0508699130292964,0.5331820036995236
sigma_xl_0.9900,0.99,639.0,9.555053634169125,1.3980611057737613,8.112481247819591,6.155909017271528,-0.012633330777376273,-0.01789588812786569,0.05086987204067715,0.5331866783861
sigma_xl_0.9900,0.99,640.0,9.568922180931413,1.401514516872541,8.12635109937156,6.1662530146215,-0.01263185697576752,-0.01788564725197972,0.0508698310578605,0.5331913528938031
sigma_xl_0.9900,0.99,641.0,9.582790686791707,1.404967913960685,8.140220909943652,6.176596985077187,-0.0126304240189139,-0.017875447633140418,0.05086979008083389,0.5331960272226578
sigma_xl_0.9900,0.99,642.0,9.596659151755764,1.40842129705093,8.154090679541552,6.186940928631971,-0.01262903190114173,-0.017865289265612816,0.05086974910958941,0.5332007013726885
sigma_xl_0.9900,0.99,643.0,9.610527575829336,1.4118746661560138,8.16796040817094,6.197284845279236,-0.012627680616818182,-0.01785517214370902,0.050869708144114886,0.5332053753439201
sigma_xl_0.9900,0.99,644.0,9.624395959018173,1.4153280212886736,8.181830095837501,6.2076287350123645,-0.012626370160294442,-0.01784509626172337,0.050869667184399905,0.5332100491363774
sigma_xl_0.9900,0.99,645.0,9.638264301328034,1.418781362461647,8.195699742546918,6.217972597824742,-0.012625100525919919,-0.01783506161394932,0.05086962623043374,0.5332147227500849
sigma_xl_0.9900,0.99,646.0,9.652132602764667,1.4222346896876712,8.20956934830487,6.228316433709752,-0.012623871708061785,-0.017825068194697202,0.0508695852822047,0.5332193961850673
sigma_xl_0.9900,0.99,647.0,9.666000863333828,1.4256880029794834,8.223438913117041,6.238660242660777,-0.01262268370105879,-0.017815115998248032,0.050869544339703116,0.5332240694413496
sigma_xl_0.9900,0.99,648.0,9.67986908304127,1.4291413023498214,8.237308436989116,6.249004024671201,-0.01262153649926212,-0.017805205018899706,0.050869503402918584,0.5332287425189564
sigma_xl_0.9900,0.99,649.0,9.693737261892744,1.432594587811422,8.251177919926775,6.25934777973441,-0.01262043009703362,-0.01779533525095811,0.050869462471839474,0.533233415417912
sigma_xl_0.9900,0.99,650.0,9.707605399894007,1.4360478593770227,8.265047361935702,6.269691507843785,-0.0126193644887298,-0.017785506688718478,0.050869421546454824,0.5332380881382417
sigma_xl_0.9900,0.99,651.0,9.72147349705081,1.4395011170593612,8.278916763021579,6.28003520899271,-0.012618339668698297,-0.01777571932647426,0.05086938062675425,0.53324276067997
sigma_xl_0.9900,0.99,652.0,9.735341553368906,1.442954360871175,8.292786123190089,6.2903788831745695,-0.012617355631313387,-0.01776597315854378,0.0508693397127252,0.5332474330431214
sigma_xl_0.9900,0.99,653.0,9.74920956885405,1.4464075908252008,8.306655442446914,6.300722530382747,-0.012616412370903163,-0.0177562681791974,0.050869298804359045,0.5332521052277208
sigma_xl_0.9900,0.99,654.0,9.763077543511995,1.449860806934176,8.320524720797737,6.311066150610627,-0.01261550988185256,-0.017746604382764986,0.050869257901641984,0.533256777233793
sigma_xl_0.9900,0.99,655.0,9.776945477348493,1.453314009210839,8.33439395824824,6.321409743851593,-0.012614648158493225,-0.017736981763521342,0.05086921700456562,0.5332614490613622
sigma_xl_0.9900,0.99,656.0,9.790813370369298,1.4567671976679257,8.348263154804108,6.331753310099027,-0.012613827195199434,-0.017727400315786568,0.05086917611311667,0.5332661207104537
sigma_xl_0.9900,0.99,657.0,9.804681222580163,1.4602203723181744,8.36213231047102,6.342096849346315,-0.012613046986333032,-0.01771786003386211,0.05086913522728402,0.5332707921810917
sigma_xl_0.9900,0.99,658.0,9.81854903398684,1.4636735331743222,8.37600142525466,6.352440361586839,-0.012612307526236322,-0.017708360912035204,0.0508690943470578,0.5332754634733012
sigma_xl_0.9900,0.99,659.0,9.832416804595086,1.4671266802491068,8.389870499160711,6.362783846813984,-0.012611608809278252,-0.017698902944619732,0.05086905347242564,0.5332801345871068
sigma_xl_0.9900,0.99,660.0,9.846284534410652,1.4705798135552648,8.403739532194857,6.373127305021134,-0.01261095082981356,-0.017689486125910925,0.05086901260337662,0.5332848055225331
sigma_xl_0.9900,0.99,661.0,9.860152223439291,1.4740329331055342,8.417608524362779,6.38347073620167,-0.012610333582204092,-0.017680110450217335,0.05086897173989907,0.5332894762796049
sigma_xl_0.9900,0.99,662.0,9.874019871686755,1.4774860389126523,8.431477475670157,6.393814140348979,-0.012609757060824123,-0.01767077591185462,0.050868930881980454,0.5332941468583466
sigma_xl_0.9900,0.99,663.0,9.887887479158803,1.4809391309893563,8.44534638612268,6.404157517456443,-0.012609221260008852,-0.017661482505104686,0.050868890029611064,0.5332988172587834
sigma_xl_0.9900,0.99,664.0,9.901755045861181,1.4843922093483835,8.459215255726026,6.414500867517447,-0.012608726174143214,-0.017652230224292964,0.05086884918277784,0.5333034874809395
sigma_xl_0.9900,0.99,665.0,9.915622571799647,1.4878452740024715,8.473084084485876,6.424844190525372,-0.012608271797571291,-0.01764301906371024,0.050868808341470576,0.5333081575248396
sigma_xl_0.9900,0.99,666.0,9.929490056979951,1.4912983249643572,8.486952872407915,6.4351874864736045,-0.012607858124653148,-0.01763384901765619,0.05086876750567791,0.5333128273905087
sigma_xl_0.9900,0.99,667.0,9.943357501407835,1.4947513622467508,8.500821619497819,6.445530755355545,-0.012607485149782605,-0.017624720080469558,0.05086872667538629,0.533317497077971
sigma_xl_0.9900,0.99,668.0,9.957224905088772,1.498204385861664,8.514690325761038,6.455873997165058,-0.012607152867529337,-0.017615632246666735,0.05086868585059137,0.5333221665872504
sigma_xl_0.9900,0.99,669.0,9.971092268028139,1.5016573958205863,8.528558991202905,6.466217211896376,-0.012606861272587366,-0.017606585510890227,0.05086864503128599,0.5333268359183699
sigma_xl_0.9900,0.99,670.0,9.984959590231338,1.5051103921350262,8.542427615828757,6.476560399543724,-0.012606610359654269,-0.017597579867782542,0.05086860421745992,0.5333315050713523
sigma_xl_0.9900,0.99,671.0,9.998826871703773,1.5085633748164924,8.556296199643938,6.486903560101327,-0.012606400123416961,-0.01758861531197553,0.050868563409104214,0.5333361740462206
sigma_xl_0.9900,0.99,672.0,10.012694112450848,1.5120163438764942,8.57016474265379,6.4972466935634055,-0.012606230558558806,-0.017579691838102818,0.05086852260621007,0.5333408428429979
sigma_xl_0.9900,0.99,673.0,10.02656131247797,1.5154692993265402,8.584033244863651,6.507589799924187,-0.012606101659768498,-0.01757080944079714,0.05086848180876781,0.5333455114617071
sigma_xl_0.9900,0.99,674.0,10.04042847179054,1.5189222411781391,8.597901706278865,6.517932879177893,-0.012606013421752493,-0.017561968114713444,0.05086844101676649,0.533350179902371
sigma_xl_0.9900,0.99,675.0,10.054295590393961,1.5223751694428,8.611770126904773,6.52827593131875,-0.012605965839183497,-0.017553167854470253,0.050868400230198396,0.5333548481650129
sigma_xl_0.9900,0.99,676.0,10.06816266829364,1.5258280841320322,8.625638506746714,6.538618956340979,-0.012605958906757309,-0.017544408654710075,0.05086835944905334,0.5333595162496555
sigma_xl_0.9900,0.99,677.0,10.082029705494978,1.5292809852573437,8.639506845810033,6.548961954238807,-0.012605992619169726,-0.01753569051007897,0.05086831867332124,0.5333641841563219
sigma_xl_0.9900,0.99,678.0,10.095896702003381,1.532733872830244,8.653375144100067,6.559304925006456,-0.012606066971098784,-0.017527013415198134,0.05086827790299406,0.5333688518850351
sigma_xl_0.9900,0.99,679.0,10.109763657824251,1.5361867468622419,8.66724340162216,6.569647868638152,-0.012606181957247387,-0.017518377364716287,0.050868237138061004,0.5333735194358179
sigma_xl_0.9900,0.99,680.0,10.123630572962997,1.539639607364846,8.681111618381655,6.579990785128117,-0.012606337572298898,-0.017509782353266168,0.050868196378512795,0.5333781868086932
sigma_xl_0.9900,0.99,681.0,10.137497447425016,1.5430924543495654,8.694979794383888,6.5903336744705765,-0.01260653381095267,-0.01750122837549295,0.05086815562433955,0.5333828540036843
sigma_xl_0.9900,0.99,682.0,10.151364281215715,1.546545287827909,8.708847929634205,6.600676536659753,-0.012606770667892064,-0.01749271542602937,0.05086811487553229,0.5333875210208139
sigma_xl_0.9900,0.99,683.0,10.165231074340499,1.5499981078113858,8.722716024137943,6.611019371689871,-0.012607048137834198,-0.017484243499534813,0.05086807413207867,0.5333921878601049
sigma_xl_0.9900,0.99,684.0,10.17909782680477,1.5534509143115043,8.736584077900446,6.621362179555156,-0.01260736621545,-0.017475812590632245,0.05086803339397114,0.5333968545215804
sigma_xl_0.9900,0.99,685.0,10.192964538613932,1.5569037073397736,8.750452090927055,6.63170496024983,-0.012607724895437045,-0.017467422693963286,0.05086799266119965,0.5334015210052632
sigma_xl_0.9900,0.99,686.0,10.20683120977339,1.5603564869077027,8.764320063223112,6.642047713768119,-0.012608124172487578,-0.017459073804164227,0.05086795193375436,0.5334061873111764
sigma_xl_0.9900,0.99,687.0,10.220697840288548,1.5638092530268,8.778187994793957,6.652390440104245,-0.012608564041322268,-0.017450765915907773,0.050867911211622915,0.5334108534393429
sigma_xl_0.9900,0.99,688.0,10.23456443016481,1.5672620057085749,8.79205588564493,6.662733139252434,-0.012609044496599608,-0.01744249902379824,0.05086787049479863,0.5334155193897855
sigma_xl_0.9900,0.99,689.0,10.248430979407578,1.5707147449645362,8.805923735781375,6.673075811206909,-0.012609565533033162,-0.017434273122494126,0.05086782978326991,0.5334201851625272
sigma_xl_0.9900,0.99,690.0,10.26229748802226,1.5741674708061926,8.819791545208632,6.683418455961894,-0.012610127145324057,-0.01742608820664504,0.05086778907702595,0.5334248507575912
sigma_xl_0.9900,0.99,691.0,10.276163956014255,1.577620183245053,8.833659313932042,6.693761073511611,-0.012610729328162762,-0.017417944270888164,0.05086774837605744,0.5334295161750001
sigma_xl_0.9900,0.99,692.0,10.29003038338897,1.581072882292626,8.847527041956946,6.704103663850288,-0.012611372076241523,-0.017409841309864227,0.05086770768035437,0.5334341814147769
sigma_xl_0.9900,0.99,693.0,10.303896770151809,1.5845255679604213,8.861394729288687,6.714446226972147,-0.012612055384256138,-0.017401779318211297,0.05086766698990701,0.5334388464769446
sigma_xl_0.9900,0.99,694.0,10.317763116308173,1.5879782402599472,8.875262375932603,6.7247887628714125,-0.012612779246925498,-0.01739375829059764,0.05086762630470301,0.5334435113615261
sigma_xl_0.9900,0.99,695.0,10.33162942186347,1.5914308992027124,8.88912998189404,6.735131271542308,-0.012613543658936521,-0.017385778221657766,0.0508675856247329,0.5334481760685443
sigma_xl_0.9900,0.99,696.0,10.345495686823103,1.5948835448002263,8.902997547178334,6.745473752979058,-0.0126143486149779,-0.01737783910602797,0.0508675449499873,0.5334528405980222
sigma_xl_0.9900,0.99,697.0,10.359361911192472,1.5983361770639974,8.91686507179083,6.755816207175886,-0.012615194109748984,-0.01736994093835431,0.05086750428045621,0.5334575049499826
sigma_xl_0.9900,0.99,698.0,10.373228094976987,1.6017887960055346,8.93073255573687,6.766158634127017,-0.012616080137956232,-0.01736208371328729,0.050867463616127956,0.5334621691244485
sigma_xl_0.9900,0.99,699.0,10.387094238182048,1.6052414016363468,8.944599999021792,6.776501033826673,-0.012617006694304322,-0.017354267425485403,0.05086742295699179,0.5334668331214428
sigma_xl_0.9900,0.99,700.0,10.400960340813059,1.6086939939679432,8.958467401650937,6.786843406269079,-0.012617973773485502,-0.017346492069578723,0.05086738230303821,0.5334714969409884
sigma_xl_0.9900,0.99,701.0,10.414826402875278,1.612146573011485,8.972334763629535,6.797185751448688,-0.012618981370311033,-0.0173387576403341,0.05086734165426021,0.5334761605831078
sigma_xl_0.9900,0.99,702.0,10.428692424373757,1.6155991387773978,8.98620208496261,6.807528069360455,-0.012620029479798234,-0.01733106413271468,0.05086730101065064,0.5334808240478222
sigma_xl_0.9900,0.99,703.0,10.442558405313582,1.6190516912760862,9.000069365655198,6.8178703599993575,-0.012621118096925343,-0.01732341154164896,0.050867260372203196,0.5334854873351531
sigma_xl_0.9900,0.99,704.0,10.456424345699844,1.6225042305179547,9.013936605712331,6.8282126233603755,-0.012622247216679483,-0.01731579986207432,0.05086721973890984,0.533490150445122
sigma_xl_0.9900,0.99,705.0,10.470290245537633,1.625956756513408,9.027803805139042,6.8385548594384895,-0.012623416834072643,-0.01730822908895302,0.05086717911076033,0.5334948133777504
sigma_xl_0.9900,0.99,706.0,10.48415610483204,1.629409269272851,9.04167096394037,6.848897068228677,-0.012624626944081285,-0.017300699217212667,0.05086713848774767,0.5334994761330593
sigma_xl_0.9900,0.99,707.0,10.498021923588153,1.6328617688066882,9.055538082121345,6.859239249725918,-0.01262587754172273,-0.01729321024181729,0.05086709786986167,0.5335041387110705
sigma_xl_0.9900,0.99,708.0,10.511887701811062,1.6363142551253242,9.069405159687001,6.86958140392519,-0.012627168621969886,-0.01728576215769273,0.050867057257095644,0.533508801111805
sigma_xl_0.9900,0.99,709.0,10.52575343950586,1.6397667282391635,9.083272196642376,6.8799235308214755,-0.012628500179815205,-0.01727835495977814,0.05086701664944121,0.5335134633352845
sigma_xl_0.9900,0.99,710.0,10.53961913667763,1.6432191881586111,9.0971391929925,6.8902656304097505,-0.012629872210270676,-0.017270988643036667,0.050866976046888474,0.5335181253815302
sigma_xl_0.9900,0.99,711.0,10.553484793331467,1.6466716348940715,9.111006148742412,6.900607702684996,-0.012631284708326973,-0.01726366320240924,0.05086693544942887,0.5335227872505637
sigma_xl_0.9900,0.99,712.0,10.567350409472459,1.650124068455949,9.124873063897143,6.91094974764219,-0.012632737668971217,-0.017256378632834135,0.05086689485705499,0.5335274489424061
sigma_xl_0.9900,0.99,713.0,10.581215985105695,1.6535764888546487,9.138739938461725,6.9212917652763135,-0.012634231087208292,-0.017249134929263832,0.05086685426975704,0.533532110457079
sigma_xl_0.9900,0.99,714.0,10.595081520236267,1.6570288961005752,9.152606772441198,6.931633755582343,-0.012635764958030649,-0.01724193208664193,0.05086681368752688,0.5335367717946037
sigma_xl_0.9900,0.99,715.0,10.608947014869262,1.6604812902041328,9.166473565840592,6.941975718555259,-0.012637339276441395,-0.017234770099920915,0.05086677311035524,0.5335414329550016
sigma_xl_0.9900,0.99,716.0,10.622812469009775,1.6639336711757264,9.180340318664944,6.952317654190042,-0.012638954037440087,-0.01722764896405149,0.050866732538232595,0.533546093938294
sigma_xl_0.9900,0.99,717.0,10.63667788266289,1.6673860390257609,9.194207030919285,6.962659562481669,-0.012640609236012068,-0.017220568673967485,0.05086669197115197,0.5335507547445023
sigma_xl_0.9900,0.99,718.0,10.650543255833696,1.6708383937646403,9.208073702608653,6.973001443425121,-0.012642304867160448,-0.017213529224620494,0.05086665140910383,0.533555415373648
sigma_xl_0.9900,0.99,719.0,10.664408588527287,1.6742907354027698,9.221940333738079,6.9833432970153755,-0.012644040925888334,-0.017206530610966553,0.050866610852078706,0.5335600758257524
sigma_xl_0.9900,0.99,720.0,10.678273880748753,1.677743063950554,9.235806924312598,6.993685123247413,-0.01264581740720061,-0.017199572827962584,0.05086657030006671,0.5335647361008367
sigma_xl_0.9900,0.99,721.0,10.69213913250318,1.6811953794183971,9.249673474337245,7.0040269221162115,-0.012647634306077293,-0.017192655870532647,0.05086652975306158,0.5335693961989223
sigma_xl_0.9900,0.99,722.0,10.706004343795659,1.6846476818167042,9.263539983817052,7.014368693616752,-0.012649491617535702,-0.0171857797336461,0.050866489211052024,0.5335740561200308
sigma_xl_0.9900,0.99,723.0,10.719869514631283,1.6880999711558797,9.277406452757058,7.024710437744011,-0.012651389336564733,-0.017178944412242103,0.050866448674029965,0.5335787158641834
sigma_xl_0.9900,0.99,724.0,10.733734645015137,1.6915522474463285,9.291272881162294,7.03505215449297,-0.01265332745817993,-0.017172149901288236,0.05086640814198519,0.5335833754314014
sigma_xl_0.9900,0.99,725.0,10.747599734952313,1.695004510698455,9.305139269037793,7.045393843858606,-0.012655305977364861,-0.017165396195714777,0.05086636761490998,0.5335880348217062
sigma_xl_0.9900,0.99,726.0,10.7614647844479,1.6984567609226637,9.319005616388592,7.0557355058359015,-0.012657324889142174,-0.017158683290494636,0.050866327092793234,0.5335926940351193
sigma_xl_0.9900,0.99,727.0,10.77532979350699,1.70190899812936,9.332871923219725,7.066077140419832,-0.012659384188486555,-0.017152011180556315,0.05086628657562814,0.5335973530716619
sigma_xl_0.9900,0.99,728.0,10.78919476213467,1.7053612223289476,9.346738189536225,7.076418747605379,-0.01266148387042243,-0.01714537986086917,0.050866246063403356,0.5336020119313555
sigma_xl_0.9900,0.99,729.0,10.803059690336031,1.7088134335318317,9.360604415343127,7.086760327387521,-0.012663623929947576,-0.017138789326383908,0.05086620555611017,0.5336066706142212
sigma_xl_0.9900,0.99,730.0,10.816924578116163,1.7122656317484166,9.374470600645465,7.097101879761237,-0.012665804362052668,-0.017132239572039687,0.05086616505374027,0.5336113291202804
sigma_xl_0.9900,0.99,731.0,10.830789425480155,1.7157178169891074,9.388336745448271,7.107443404721506,-0.012668025161749696,-0.017125730592801425,0.05086612455628349,0.5336159874495546
sigma_xl_0.9900,0.99,732.0,10.844654232433097,1.7191699892643084,9.402202849756584,7.117784902263308,-0.01267028632405598,-0.01711926238363226,0.05086608406372904,0.5336206456020651
sigma_xl_0.9900,0.99,733.0,10.858518998980081,1.7226221485844244,9.416068913575435,7.1281263723816215,-0.012672587843949756,-0.017112834939462473,0.05086604357606975,0.5336253035778331
sigma_xl_0.9900,0.99,734.0,10.87238372512614,1.7260742949597458,9.42993493690982,7.1384678150714995,-0.012674929716489203,-0.01710644825530494,0.05086600309329632,0.53362996137688
sigma_xl_0.9900,0.99,735.0,10.886248410876068,1.7295264283998464,9.443800919764522,7.148809230328478,-0.012677311936926117,-0.017100102326356392,0.05086596261540441,0.5336346189992258
sigma_xl_0.9900,0.99,736.0,10.900113056234664,1.732978548914128,9.457666862144293,7.159150618148219,-0.012679734500517625,-0.01709379714782777,0.05086592214238812,0.5336392764448906
sigma_xl_0.9900,0.99,737.0,10.913977661206737,1.736430656512003,9.471532764053894,7.1694919785263815,-0.012682197402543949,-0.01708753271495489,0.05086588167423867,0.5336439337138942
sigma_xl_0.9900,0.99,738.0,10.92784222579709,1.7398827512028834,9.48539862549808,7.179833311458623,-0.012684700638255109,-0.017081309022939806,0.05086584121095049,0.5336485908062567
sigma_xl_0.9900,0.99,739.0,10.941706750010534,1.7433348329961809,9.499264446481611,7.190174616940601,-0.012687244202940207,-0.017075126067021884,0.05086580075251354,0.5336532477219981
sigma_xl_0.9900,0.99,740.0,10.955571233851874,1.7467869019013078,9.513130227009242,7.200515894967971,-0.012689828091851041,-0.017068983842408514,0.050865760298922105,0.5336579044611383
sigma_xl_0.9900,0.99,741.0,10.969435677325919,1.7502389579276763,9.526995967085735,7.210857145536395,-0.01269245230025362,-0.017062882344315078,0.050865719850168606,0.5336625610236972
sigma_xl_0.9900,0.99,742.0,10.983300080437473,1.753691001084698,9.540861666715847,7.221198368641528,-0.012695116823426389,-0.01705682156797561,0.050865679406244466,0.533667217409695
sigma_xl_0.9900,0.99,743.0,10.997164443191348,1.7571430313817853,9.554727325904334,7.23153956427903,-0.012697821656649566,-0.017050801508619706,0.0508656389671409,0.5336718736191515
sigma_xl_0.9900,0.99,744.0,11.011028765592346,1.7605950488283502,9.568592944655958,7.241880732444556,-0.012700566795182056,-0.017044822161463635,0.050865598532851455,0.5336765296520868
sigma_xl_0.9900,0.99,745.0,11.024893047645277,1.7640470534338049,9.582458522975474,7.252221873133765,-0.012703352234275656,-0.017038883521706794,0.050865558103370026,0.5336811855085206
sigma_xl_0.9900,0.99,746.0,11.038757289354946,1.767499045207561,9.596324060867639,7.262562986342316,-0.012706177969233678,-0.017032985584608085,0.05086551767868551,0.5336858411884731
sigma_xl_0.9900,0.99,747.0,11.052621490726162,1.770951024159031,9.610189558337213,7.272904072065865,-0.012709043995311475,-0.01702712834537401,0.050865477258791425,0.5336904966919642
sigma_xl_0.9900,0.99,748.0,11.066485651763733,1.774402990297627,9.624055015388954,7.283245130300071,-0.012711950307764397,-0.017021311799213734,0.05086543684368153,0.5336951520190139
sigma_xl_0.9900,0.99,749.0,11.080349772472463,1.7778549436327606,9.637920432027622,7.29358616104059,-0.012714896901886874,-0.017015535941375504,0.05086539643334556,0.533699807169642
sigma_xl_0.9900,0.99,750.0,11.09421385285716,1.7813068841738442,9.651785808257971,7.303927164283083,-0.01271788377293781,-0.017009800767066707,0.0508653560277771,0.5337044621438687
sigma_xl_0.9900,0.99,751.0,11.108077892922637,1.78475881193029,9.665651144084762,7.314268140023204,-0.01272091091620453,-0.017004106271532038,0.05086531562696611,0.5337091169417137
sigma_xl_0.9900,0.99,752.0,11.121941892673693,1.7882107269115095,9.679516439512753,7.324609088256613,-0.012723978326935281,-0.016998452449968227,0.05086527523090752,0.5337137715631971
sigma_xl_0.9900,0.99,753.0,11.135805852115137,1.791662629126915,9.6933816945467,7.334950008978967,-0.01272708600042094,-0.016992839297619966,0.05086523483959135,0.533718426008339
sigma_xl_0.9900,0.99,754.0,11.149669771251778,1.795114518585919,9.70724690919136,7.3452909021859245,-0.01273023393193995,-0.01698726680972129,0.050865194453008786,0.533723080277159
sigma_xl_0.9900,0.99,755.0,11.163533650088421,1.7985663952979332,9.721112083451496,7.355631767873143,-0.012733422116749438,-0.016981734981476038,0.05086515407115355,0.5337277343696772
sigma_xl_0.9900,0.99,756.0,11.177397488629877,1.8020182592723692,9.734977217331862,7.36597260603628,-0.012736650550110085,-0.01697624380810403,0.050865113694018305,0.5337323882859136
sigma_xl_0.9900,0.99,757.0,11.191261286880948,1.8054701105186397,9.748842310837217,7.3763134166709925,-0.012739919227334084,-0.016970793284866836,0.050865073321591736,0.5337370420258881
sigma_xl_0.9900,0.99,758.0,11.205125044846445,1.808921949046157,9.762707363972321,7.386654199772941,-0.012743228143676788,-0.016965383406973622,0.05086503295386706,0.5337416955896207
sigma_xl_0.9900,0.99,759.0,11.218988762531175,1.8123737748643323,9.77657237674193,7.39699495533778,-0.012746577294409533,-0.016960014169646875,0.050864992590836336,0.5337463489771312
sigma_xl_0.9900,0.99,760.0,11.232852439939943,1.815825587982578,9.790437349150801,7.407335683361169,-0.012749966674814317,-0.016954685568122407,0.05086495223249084,0.5337510021884397
sigma_xl_0.9900,0.99,761.0,11.246716077077558,1.8192773884103062,9.804302281203695,7.417676383838765,-0.012753396280169582,-0.01694939759762981,0.050864911878821736,0.533755655223566
sigma_xl_0.9900,0.99,762.0,11.260579673948824,1.8227291761569293,9.818167172905369,7.428017056766228,-0.012756866105746667,-0.016944150253396018,0.050864871529821346,0.5337603080825302
sigma_xl_0.9900,0.99,763.0,11.274443230558552,1.8261809512318588,9.832032024260581,7.438357702139212,-0.012760376146815133,-0.016938943530643513,0.05086483118548141,0.533764960765352
sigma_xl_0.9900,0.99,764.0,11.288306746911546,1.829632713644507,9.845896835274088,7.448698319953378,-0.012763926398658754,-0.016933777424604557,0.05086479084579333,0.5337696132720515
sigma_xl_0.9900,0.99,765.0,11.302170223012617,1.833084463404286,9.859761605950649,7.459038910204383,-0.012767516856552419,-0.01692865193050963,0.0508647505107485,0.5337742656026486
sigma_xl_0.9900,0.99,766.0,11.316033658866568,1.8365362005206076,9.873626336295022,7.469379472887883,-0.012771147515776349,-0.016923567043590992,0.05086471018033829,0.5337789177571632
sigma_xl_0.9900,0.99,767.0,11.329897054478197,1.8399879250028641,9.887491026311958,7.479720007999551,-0.01277481837161254,-0.016918522759082677,0.050864669854554664,0.5337835697356151
sigma_xl_0.9900,0.99,768.0,11.343760409852106,1.843439636859941,9.90135567600605,7.490060515535391,-0.01277852941949753,-0.016913519072376815,0.05086462953339384,0.5337882215380237
sigma_xl_0.9900,0.99,769.0,11.357623724992823,1.8468913361003434,9.915220285381796,7.500400995491679,-0.012782280654962008,-0.016908555978957907,0.05086458921684972,0.5337928731644077
sigma_xl_0.9900,0.99,770.0,11.371486999904901,1.850343022732591,9.929084854443705,7.51074144786468,-0.012786072073522448,-0.01690363347430157,0.050864548904915305,0.5337975246147856
sigma_xl_0.9900,0.99,771.0,11.385350234592895,1.8537946967652041,9.942949383196286,7.521081872650664,-0.01278990367068289,-0.016898751553860336,0.05086450859758487,0.533802175889176
sigma_xl_0.9900,0.99,772.0,11.399213429061355,1.8572463582067018,9.956813871644052,7.531422269845897,-0.012793775441965138,-0.01689391021311426,0.05086446829485107,0.5338068269875978
sigma_xl_0.9900,0.99,773.0,11.413076583314837,1.8606980070656045,9.97067831979151,7.541762639446648,-0.012797687382871459,-0.0168891094475212,0.050864427996707956,0.5338114779100699
sigma_xl_0.9900,0.99,774.0,11.426939697357891,1.8641496433504317,9.98454272764317,7.552102981449182,-0.012801639488937866,-0.016884349252571873,0.05086438770314676,0.5338161286566105
sigma_xl_0.9900,0.99,775.0,11.44080277119507,1.8676012670697029,9.998407095203541,7.56244329584977,-0.012805631755655966,-0.0168796296237117,0.05086434741416318,0.5338207792272388
sigma_xl_0.9900,0.99,776.0,11.45466580483093,1.8710528782319384,10.012271422477134,7.572783582644675,-0.012809664178559999,-0.0168749505564314,0.05086430712974807,0.5338254296219731
sigma_xl_0.9900,0.99,777.0,11.46852879827002,1.8745044768456578,10.026135709468457,7.583123841830169,-0.012813736753157556,-0.016870312046194158,0.050864266849895326,0.5338300798408323
sigma_xl_0.9900,0.99,778.0,11.482391751516895,1.8779560629193806,10.039999956182022,7.593464073402519,-0.012817849474979326,-0.016865714088483585,0.05086422657459688,0.5338347298838351
sigma_xl_0.9900,0.99,779.0,11.496254664576107,1.881407636461627,10.053864162622336,7.603804277357989,-0.012822002339513361,-0.016861156678743328,0.050864186303848466,0.5338393797510002
sigma_xl_0.9900,0.99,780.0,11.51011753745221,1.8848591974809163,10.067728328793908,7.614144453692852,-0.0128261953422939,-0.016856639812463214,0.05086414603764107,0.533844029442346
sigma_xl_0.9900,0.99,781.0,11.523980370149754,1.8883107459857689,10.08159245470125,7.62448460240337,-0.0128304284788463,-0.016852163485124194,0.05086410577596717,0.5338486789578916
sigma_xl_0.9900,0.99,782.0,11.537843162673296,1.8917622819847044,10.09545654034887,7.6348247234858135,-0.012834701744678156,-0.0168477276921859,0.05086406551882032,0.5338533282976554
sigma_xl_0.9900,0.99,783.0,11.551705915027384,1.895213805486242,10.109320585741278,7.64516481693645,-0.01283901513530239,-0.01684333242912217,0.050864025266194254,0.5338579774616562
sigma_xl_0.9900,0.99,784.0,11.565568627216575,1.8986653164989022,10.123184590882985,7.655504882751547,-0.01284336864624791,-0.016838977691412182,0.05086398501808034,0.5338626264499127
sigma_xl_0.9900,0.99,785.0,11.57943129924542,1.9021168150312047,10.137048555778497,7.665844920927372,-0.01284776227302764,-0.016834663474528,0.05086394477447197,0.5338672752624434
sigma_xl_0.9900,0.99,786.0,11.593293931118472,1.9055683010916684,10.150912480432329,7.676184931460192,-0.01285219601116161,-0.016830389773939913,0.05086390453536195,0.5338719238992672
sigma_xl_0.9900,0.99,787.0,11.607156522840285,1.9090197746888145,10.164776364848985,7.686524914346275,-0.012856669856180503,-0.016826156585135976,0.05086386430074187,0.5338765723604028
sigma_xl_0.9900,0.99,788.0,11.621019074415408,1.9124712358311617,10.178640209032977,7.696864869581888,-0.012861183803584808,-0.01682196390357138,0.05086382407060651,0.5338812206458685
sigma_xl_0.9900,0.99,789.0,11.634881585848397,1.9159226845272301,10.192504012988813,7.707204797163299,-0.012865737848905212,-0.0168178117247324,0.05086378384494711,0.5338858687556834
sigma_xl_0.9900,0.99,790.0,11.648744057143805,1.9193741207855397,10.206367776721006,7.717544697086776,-0.012870331987659966,-0.01681370004409377,0.050863743623756674,0.5338905166898661
sigma_xl_0.9900,0.99,791.0,11.662606488306183,1.9228255446146103,10.220231500234062,7.727884569348586,-0.012874966215358441,-0.0168096288571169,0.05086370340702889,0.533895164448435
sigma_xl_0.9900,0.99,792.0,11.676468879340087,1.926276956022961,10.234095183532492,7.738224413944996,-0.01287964052754731,-0.01680559815930671,0.05086366319475341,0.5338998120314091
sigma_xl_0.9900,0.99,793.0,11.690331230250067,1.9297283550191122,10.247958826620806,7.748564230872276,-0.012884354919728835,-0.016801607946117514,0.05086362298692519,0.5339044594388068
sigma_xl_0.9900,0.99,794.0,11.704193541040675,1.9331797416115837,10.261822429503512,7.758904020126691,-0.012889109387430153,-0.016797658213034694,0.05086358278353595,0.533909106670647
sigma_xl_0.9900,0.99,795.0,11.718055811716466,1.936631115808895,10.275685992185121,7.7692437817045095,-0.012893903926165962,-0.016793748955523213,0.05086354258457895,0.533913753726948
sigma_xl_0.9900,0.99,796.0,11.731918042281993,1.940082477619566,10.289549514670142,7.779583515601998,-0.012898738531477605,-0.016789880169087112,0.05086350239004443,0.5339184006077289
sigma_xl_0.9900,0.99,797.0,11.745780232741808,1.9435338270521163,10.303412996963086,7.789923221815426,-0.012903613198869124,-0.016786051849178918,0.05086346219992691,0.5339230473130081
sigma_xl_0.9900,0.99,798.0,11.759642383100463,1.9469851641150662,10.31727643906846,7.80026290034106,-0.012908527923872981,-0.016782263991290236,0.0508634220142177,0.5339276938428044
sigma_xl_0.9900,0.99,799.0,11.77350449336251,1.9504364888169352,10.331139840990774,7.810602551175168,-0.012913482702012757,-0.016778516590898462,0.05086338183290898,0.5339323401971363
sigma_xl_0.9900,0.99,800.0,11.787366563532506,1.9538878011662426,10.34500320273454,7.820942174314016,-0.012918477528806704,-0.016774809643475663,0.05086334165599374,0.5339369863760225
sigma_xl_0.9900,0.99,801.0,11.801228593614892,1.9573391011712569,10.358866524304183,7.831281769754039,-0.012923512399861892,-0.016771143144586276,0.050863301483466725,0.5339416323794813
sigma_xl_0.9900,0.99,802.0,11.81509058361396,1.9607903888397107,10.37272980570398,7.8416213374920325,-0.012928587310922168,-0.016767517089931516,0.05086326131532444,0.5339462782075304
sigma_xl_0.9900,0.99,803.0,11.828952533534032,1.9642416641793208,10.386593046938216,7.851960877524814,-0.012933702257717172,-0.016763931475196614,0.05086322115156161,0.5339509238601872
sigma_xl_0.9900,0.99,804.0,11.842814443379437,1.967692927197806,10.400456248011183,7.862300389849196,-0.012938857235997858,-0.01676038629609078,0.0508631809921702,0.5339555693374692
sigma_xl_0.9900,0.99,805.0,11.856676313154493,1.9711441779028835,10.41431940892716,7.8726398744619965,-0.012944052241490311,-0.016756881548297464,0.0508631408371457,0.5339602146393941
sigma_xl_0.9900,0.99,806.0,11.870538142863527,1.9745954163022705,10.428182529690435,7.88297933136003,-0.012949287269931276,-0.016753417227513445,0.05086310068648152,0.5339648597659795
sigma_xl_0.9900,0.99,807.0,11.88439993251086,1.9780466424036858,10.442045610305293,7.893318760540112,-0.0129545623170646,-0.01674999332943461,0.050863060540171534,0.5339695047172427
sigma_xl_0.9900,0.99,808.0,11.89826168210082,1.981497856214846,10.45590865077602,7.903658161999058,-0.012959877378634133,-0.01674660984976306,0.05086302039820821,0.5339741494932015
sigma_xl_0.9900,0.99,809.0,11.91212339163773,1.9849490577434687,10.469771651106905,7.913997535733683,-0.012965232450351749,-0.01674326678416982,0.050862980260588136,0.5339787940938735
sigma_xl_0.9900,0.99,810.0,11.925985061125912,1.9884002469972726,10.48363461130223,7.924336881740805,-0.01297062752796485,-0.01673996412836054,0.05086294012730415,0.5339834385192759
sigma_xl_0.9900,0.99,811.0,11.939846690569691,1.9918514239839746,10.497497531366285,7.934676200017235,-0.012976062607236827,-0.016736701878054205,0.05086289999834746,0.5339880827694266
sigma_xl_0.9900,0.99,812.0,11.953708279973391,1.9953025887112923,10.51136041130335,7.945015490559793,-0.012981537683874222,-0.01673348002891295,0.05086285987371504,0.5339927268443428
sigma_xl_0.9900,0.99,813.0,11.967569829341336,1.9987537411869436,10.525223251117716,7.955354753365292,-0.01298705275363865,-0.016730298576661085,0.05086281975339789,0.5339973707440425
sigma_xl_0.9900,0.99,814.0,11.98143133867785,2.002204881418646,10.539086050813667,7.965693988430548,-0.01299260781225442,-0.016727157516974955,0.050862779637391525,0.5340020144685428
sigma_xl_0.9900,0.99,815.0,11.995292807987258,2.005656009414117,10.552948810395488,7.976033195752375,-0.012998202855463603,-0.016724056845554003,0.05086273952568918,0.5340066580178615
sigma_xl_0.9900,0.99,816.0,12.009154237273883,2.0091071251810755,10.566811529867467,7.986372375327592,-0.013003837879008273,-0.01672099655810122,0.05086269941828417,0.534011301392016
sigma_xl_0.9900,0.99,817.0,12.023015626542048,2.012558228727237,10.580674209233885,7.996711527153011,-0.013009512878628726,-0.016717976650310717,0.05086265931517006,0.534015944591024
sigma_xl_0.9900,0.99,818.0,12.036876975796078,2.016009320060321,10.594536848499034,8.00705065122545,-0.013015227850061706,-0.016714997117878383,0.05086261921634058,0.5340205876149029
sigma_xl_0.9900,0.99,819.0,12.050738285040296,2.0194603991880444,10.608399447667198,8.017389747541722,-0.01302098278905639,-0.016712057956508097,0.05086257912178854,0.5340252304636701
sigma_xl_0.9900,0.99,820.0,12.064599554279026,2.0229114661181242,10.62226200674266,8.027728816098644,-0.01302677769134064,-0.016709159161892195,0.050862539031508586,0.5340298731373435
sigma_xl_0.9900,0.99,821.0,12.078460783516595,2.02636252085828,10.636124525729711,8.038067856893033,-0.013032612552674294,-0.01670630072973811,0.05086249894549209,0.5340345156359403
sigma_xl_0.9900,0.99,822.0,12.092321972757324,2.0298135634162273,10.649987004632633,8.0484068699217,-0.013038487368785212,-0.0167034826557364,0.05086245886373422,0.5340391579594783
sigma_xl_0.9900,0.99,823.0,12.106183122005536,2.033264593799685,10.66384944345571,8.058745855181463,-0.01304440213541369,-0.016700704935583843,0.05086241878622834,0.5340438001079748
sigma_xl_0.9900,0.99,824.0,12.120044231265556,2.0367156120163705,10.677711842203232,8.06908481266914,-0.013050356848305356,-0.016697967564985206,0.05086237871296745,0.5340484420814474
sigma_xl_0.9900,0.99,825.0,12.13390530054171,2.0401666180740015,10.691574200879483,8.079423742381543,-0.013056351503209385,-0.01669527053964437,0.05086233864394403,0.5340530838799137
sigma_xl_0.9900,0.99,826.0,12.147766329838317,2.043617611980295,10.70543651948875,8.089762644315488,-0.013062386095876732,-0.016692613855269656,0.050862298579150714,0.534057725503391
sigma_xl_0.9900,0.99,827.0,12.161627319159708,2.04706859374297,10.719298798035318,8.100101518467794,-0.013068460622022826,-0.016689997507535637,0.050862258518583225,0.5340623669518971
sigma_xl_0.9900,0.99,828.0,12.1754882685102,2.0505195633697424,10.733161036523471,8.11044036483527,-0.013074575077396844,-0.016687421492150634,0.05086221846223435,0.5340670082254494
sigma_xl_0.9900,0.99,829.0,12.189349177894123,2.053970520868331,10.747023234957497,8.120779183414736,-0.013080729457760398,-0.016684885804828298,0.050862178410095535,0.5340716493240655
sigma_xl_0.9900,0.99,830.0,12.203210047315796,2.057421466246454,10.760885393341683,8.131117974203008,-0.01308692375885201,-0.016682390441266293,0.05086213836216047,0.5340762902477627
sigma_xl_0.9900,0.99,831.0,12.217070876779546,2.060872399511828,10.774747511680314,8.141456737196899,-0.013093157976404868,-0.016679935397156953,0.050862098318423254,0.5340809309965587
sigma_xl_0.9900,0.99,832.0,12.230931666289695,2.064323320672171,10.788609589977673,8.151795472393225,-0.013099432106182363,-0.01667752066821926,0.050862058278875244,0.534085571570471
sigma_xl_0.9900,0.99,833.0,12.244792415850569,2.0677742297352006,10.80247162823805,8.1621341797888,-0.013105746143915908,-0.01667514625014377,0.05086201824351075,0.534090211969517
sigma_xl_0.9900,0.99,834.0,12.258653125466452,2.0712251267085513,10.816333626465699,8.172472859380498,-0.013112100085372447,-0.01667281213865124,0.05086197821232437,0.5340948521937142
sigma_xl_0.9900,0.99,835.0,12.272513795141444,2.074676011599338,10.830195584664724,8.182811511165532,-0.013118493926494779,-0.01667051832964983,0.0508619381853118,0.5340994922430792
sigma_xl_0.9900,0.99,836.0,12.286374424879659,2.0781268844145493,10.844057502839203,8.193150135141217,-0.013124927663202612,-0.016668264819013068,0.05086189816247,0.5341041321176286
sigma_xl_0.9900,0.99,837.0,12.300235014685214,2.081577745161182,10.857919380993224,8.203488731304857,-0.01313140129144763,-0.01666605160265444,0.050861858143791794,0.5341087718173788
sigma_xl_0.9900,0.99,838.0,12.314095564562228,2.0850285938462325,10.871781219130867,8.213827299653762,-0.013137914807151319,-0.016663878676452804,0.05086181812927304,0.5341134113423466
sigma_xl_0.9900,0.99,839.0,12.327956074514818,2.088479430476698,10.88564301725622,8.22416584018524,-0.013144468206268911,-0.01666174603632342,0.05086177811890659,0.5341180506925481
sigma_xl_0.9900,0.99,840.0,12.3418165445471,2.091930255059573,10.899504775373366,8.234504352896598,-0.013151061484725446,-0.016659653678152253,0.0508617381126881,0.5341226898680003
sigma_xl_0.9900,0.99,841.0,12.355676974663195,2.0953810676018567,10.913366493486388,8.244842837785145,-0.01315769463845129,-0.016657601597826144,0.050861698110612585,0.5341273288687193
sigma_xl_0.9900,0.99,842.0,12.36953736486722,2.0988318681105445,10.927228171599372,8.255181294848189,-0.013164367663394572,-0.01665558979125592,0.050861658112673236,0.5341319676947217
sigma_xl_0.9900,0.99,843.0,12.38339771516329,2.102282656592632,10.941089809716404,8.265519724083035,-0.013171080555489212,-0.016653618254331093,0.05086161811886536,0.5341366063460242
sigma_xl_0.9900,0.99,844.0,12.397258025555528,2.1057334330551174,10.954951407841566,8.275858125486991,-0.01317783331066913,-0.0166516869829465,0.050861578129183266,0.5341412448226432
sigma_xl_0.9900,0.99,845.0,12.411118296048048,2.109184197504996,10.968812965978943,8.286196499057368,-0.013184625924891336,-0.0166497959730183,0.05086153814361953,0.5341458831245953
sigma_xl_0.9900,0.99,846.0,12.42497852664497,2.1126349499492645,10.982674484132621,8.296534844791472,-0.013191458394068434,-0.016647945220418237,0.050861498162171004,0.534150521251897
sigma_xl_0.9900,0.99,847.0,12.43883871735041,2.1160856903949203,10.996535962306682,8.306873162686609,-0.013198330714152107,-0.01664613472105536,0.0508614581848308,0.5341551592045646
sigma_xl_0.9900,0.99,848.0,12.452698868168488,2.1195364188489587,11.010397400505212,8.31721145274009,-0.013205242881081602,-0.01664436447083162,0.05086141821159307,0.5341597969826148
sigma_xl_0.9900,0.99,849.0,12.46655897910332,2.1229871353183776,11.024258798732294,8.327549714949221,-0.013212194890808604,-0.016642634465657835,0.050861378242450586,0.5341644345860642
sigma_xl_0.9900,0.99,850.0,12.480419050159025,2.1264378398101726,11.038120156992015,8.337887949311309,-0.01321918673924749,-0.01664094470140398,0.0508613382774005,0.5341690720149291
sigma_xl_0.9900,0.99,851.0,12.49427908133972,2.12988853233134,11.051981475288457,8.348226155823662,-0.013226218422364155,-0.01663929517399687,0.0508612983164342,0.5341737092692261
sigma_xl_0.9900,0.99,852.0,12.508139072649524,2.1333392128888775,11.065842753625706,8.35856433448359,-0.013233289936065873,-0.016637685879306474,0.05086125835954901,0.5341783463489718
sigma_xl_0.9900,0.99,853.0,12.521999024092553,2.1367898814897806,11.079703992007845,8.368902485288398,-0.013240401276322089,-0.01663611681325783,0.05086121840673631,0.5341829832541825
sigma_xl_0.9900,0.99,854.0,12.535858935672927,2.140240538141046,11.093565190438959,8.379240608235396,-0.013247552439066723,-0.016634587971743997,0.05086117845799072,0.5341876199848749
sigma_xl_0.9900,0.99,855.0,12.549718807394763,2.1436911828496705,11.107426348923134,8.38957870332189,-0.013254743420230142,-0.016633099350656266,0.05086113851330741,0.5341922565410653
sigma_xl_0.9900,0.99,856.0,12.563578639262179,2.1471418156226507,11.121287467464452,8.399916770545188,-0.013261974215769357,-0.01663165094591257,0.050861098572678676,0.5341968929227703
sigma_xl_0.9900,0.99,857.0,12.577438431279294,2.1505924364669826,11.135148546067,8.410254809902598,-0.013269244821612958,-0.016630242753397084,0.05086105863610001,0.5342015291300065
sigma_xl_0.9900,0.99,858.0,12.591298183450224,2.1540430453896637,11.14900958473486,8.420592821391427,-0.013276555233712628,-0.016628874769022417,0.05086101870356442,0.5342061651627903
sigma_xl_0.9900,0.99,859.0,12.605157895779087,2.1574936423976894,11.162870583472117,8.430930805008986,-0.013283905448004063,-0.016627546988683406,0.05086097877506654,0.5342108010211382
sigma_xl_0.9900,0.99,860.0,12.619017568270001,2.160944227498057,11.176731542282855,8.441268760752578,-0.013291295460447827,-0.016626259408297983,0.05086093885059832,0.5342154367050665
sigma_xl_0.9900,0.99,861.0,12.632877200927084,2.164394800697763,11.19059246117116,8.451606688619515,-0.013298725266961853,-0.016625012023746777,0.05086089893015633,0.5342200722145921
sigma_xl_0.9900,0.99,862.0,12.646736793754455,2.167845362003803,11.204453340141116,8.461944588607102,-0.013306194863499599,-0.01662380483094239,0.05086085901373302,0.5342247075497312
sigma_xl_0.9900,0.99,863.0,12.66059634675623,2.1712959114231754,11.218314179196808,8.472282460712647,-0.01331370424600209,-0.01662263782578499,0.05086081910132251,0.5342293427105004
sigma_xl_0.9900,0.99,864.0,12.674455859936531,2.174746448962875,11.232174978342318,8.482620304933459,-0.013321253410408573,-0.016621511004171197,0.05086077919291923,0.534233977696916
sigma_xl_0.9900,0.99,865.0,12.68831533329947,2.1781969746298993,11.246035737581733,8.492958121266845,-0.013328842352677839,-0.016620424362020714,0.050860739288515644,0.5342386125089947
sigma_xl_0.9900,0.99,866.0,12.702174766849168,2.1816474884312442,11.259896456919135,8.503295909710111,-0.013336471068745581,-0.016619377895226606,0.05086069938810582,0.5342432471467531
sigma_xl_0.9900,0.99,867.0,12.716034160589736,2.1850979903738925,11.273757136358606,8.51363367026058,-0.013344139554561707,-0.016618371599697923,0.05086065949168406,0.5342478816102074
sigma_xl_0.9900,0.99,868.0,12.729893514525134,2.188548480464457,11.287617775904106,8.523971402915803,-0.013351847806188033,-0.01661740547146273,0.050860619599247814,0.5342525158993736
sigma_xl_0.9900,0.99,869.0,12.743752828659277,2.1919989587092767,11.301478375559531,8.53430910767354,-0.013359595819764536,-0.016616479506613047,0.050860579710791734,0.5342571500142674
sigma_xl_0.9900,0.99,870.0,12.757612102996099,2.1954494251146994,11.315338935328784,8.54464678453154,-0.013367383591374349,-0.016615593701201803,0.050860539826313986,0.5342617839549042
sigma_xl_0.9900,0.99,871.0,12.77147133753953,2.198899879687073,11.329199455215766,8.554984433487553,-0.013375211117155672,-0.016614748051324568,0.050860499945807436,0.5342664177212997
sigma_xl_0.9900,0.99,872.0,12.785330532293504,2.202350322432746,11.343059935224383,8.565322054539328,-0.013383078393232495,-0.0166139425530627,0.05086046006926685,0.5342710513134695
sigma_xl_0.9900,0.99,873.0,12.799189687261952,2.205800753358067,11.356920375358538,8.575659647684615,-0.013390985415711043,-0.01661317720248867,0.05086042019668795,0.5342756847314293
sigma_xl_0.9900,0.99,874.0,12.81304880244881,2.209251172469383,11.370780775622134,8.585997212921166,-0.013398932180702872,-0.016612451995671407,0.05086038032806624,0.5342803179751945
sigma_xl_0.9900,0.99,875.0,12.826907877858005,2.212701579773044,11.38464113601907,8.596334750246728,-0.013406918684319535,-0.016611766928686933,0.05086034046339759,0.5342849510447808
sigma_xl_0.9900,0.99,876.0,12.840766913493471,2.2161519752753964,11.398501456553253,8.606672259659053,-0.013414944922708116,-0.0166111219976397,0.050860300602673936,0.5342895839402039
sigma_xl_0.9900,0.99,877.0,12.854625909359143,2.21960235898279,11.412361737228585,8.61700974115589,-0.01342301089196063,-0.016610517198586194,0.050860260745892616,0.5342942166614791
sigma_xl_0.9900,0.99,878.0,12.86848486545895,2.2230527309015717,11.426221978048966,8.627347194734991,-0.013431116588206393,-0.016609952527618432,0.05086022089304748,0.5342988492086223
sigma_xl_0.9900,0.99,879.0,12.882343781796823,2.2265030910380905,11.440082179018304,8.637684620394102,-0.013439262007571173,-0.016609427980815994,0.05086018104413301,0.5343034815816489
sigma_xl_0.9900,0.99,880.0,12.8962026583767,2.229953439398695,11.4539423401405,8.648022018130979,-0.013447447146146985,-0.016608943554237143,0.05086014119914631,0.5343081137805745
sigma_xl_0.9900,0.99,881.0,12.910061495202507,2.2334037759897325,11.467802461419456,8.658359387943365,-0.013455672000077357,-0.016608499243984554,0.05086010135808004,0.5343127458054148
sigma_xl_0.9900,0.99,882.0,12.923920292278181,2.2368541008175513,11.481662542859077,8.668696729829016,-0.013463936565470291,-0.016608095046127147,0.05086006152092992,0.5343173776561851
sigma_xl_0.9900,0.99,883.0,12.937779049607652,2.2403044138885,11.495522584463265,8.679034043785677,-0.013472240838446226,-0.01660773095675161,0.0508600216876907,0.5343220093329014
sigma_xl_0.9900,0.99,884.0,12.951637767194853,2.243754715208927,11.50938258623592,8.689371329811102,-0.013480584815130925,-0.016607406971935745,0.05085998185835651,0.534326640835579
sigma_xl_0.9900,0.99,885.0,12.965496445043717,2.24720500478518,11.523242548180951,8.69970858790304,-0.013488968491648379,-0.01660712308777157,0.05085994203292139,0.5343312721642335
sigma_xl_0.9900,0.99,886.0,12.979355083158175,2.2506552826236077,11.537102470302257,8.710045818059237,-0.013497391864099484,-0.016606879300319122,0.05085990221138251,0.5343359033188806
sigma_xl_0.9900,0.99,887.0,12.993213681542159,2.254105548730558,11.55096235260374,8.72038302027745,-0.013505854928636651,-0.016606675605689958,0.050859862393731234,0.5343405342995357
sigma_xl_0.9900,0.99,888.0,13.007072240199602,2.257555803112379,11.564822195089308,8.730720194555424,-0.013514357681343014,-0.016606511999929907,0.05085982257996578,0.5343451651062145
sigma_xl_0.9900,0.99,889.0,13.020930759134435,2.2610060457754195,11.578681997762859,8.741057340890912,-0.013522900118354997,-0.01660638847913809,0.05085978277007934,0.5343497957389326
sigma_xl_0.9900,0.99,890.0,13.034789238350593,2.264456276726027,11.592541760628297,8.751394459281661,-0.013531482235812575,-0.016606305039413627,0.050859742964064536,0.5343544261977056
sigma_xl_0.9900,0.99,891.0,13.048647677852006,2.26790649597055,11.606401483689528,8.761731549725422,-0.013540104029798883,-0.01660626167680057,0.0508597031619198,0.5343590564825489
sigma_xl_0.9900,0.99,892.0,13.06250607764261,2.271356703515337,11.620261166950453,8.772068612219945,-0.013548765496475212,-0.01660625838742469,0.05085966336363541,0.5343636865934782
sigma_xl_0.9900,0.99,893.0,13.07636443772633,2.2748068993667356,11.634120810414974,8.782405646762982,-0.013557466631944237,-0.016606295167344243,0.05085962356920869,0.534368316530509
sigma_xl_0.9900,0.99,894.0,13.090222758107105,2.2782570835310954,11.647980414086993,8.792742653352281,-0.013566207432337052,-0.016606372012654802,0.050859583778632464,0.534372946293657
sigma_xl_0.9900,0.99,895.0,13.104081038788863,2.281707256014763,11.661839977970416,8.803079631985591,-0.013574987893768764,-0.016606488919432394,0.050859543991902456,0.5343775758829375
sigma_xl_0.9900,0.99,896.0,13.11793927977554,2.285157416824087,11.675699502069145,8.813416582660665,-0.01358380801235981,-0.0166066458837566,0.050859504209012876,0.5343822052983664
sigma_xl_0.9900,0.99,897.0,13.131797481071064,2.288607565965416,11.689558986387084,8.823753505375251,-0.013592667784244838,-0.016606842901726537,0.05085946442995731,0.5343868345399592
sigma_xl_0.9900,0.99,898.0,13.145655642679372,2.292057703445099,11.703418430928133,8.834090400127097,-0.013601567205538956,-0.016607079969412908,0.050859424654730714,0.5343914636077312
sigma_xl_0.9900,0.99,899.0,13.159513764604393,2.295507829269482,11.7172778356962,8.844427266913959,-0.013610506272359046,-0.016607357082904173,0.05085938488332825,0.5343960925016981
sigma_xl_0.9900,0.99,900.0,13.17337184685006,2.298957943444915,11.731137200695182,8.854764105733581,-0.013619484980846863,-0.01660767423829057,0.050859345115742596,0.5344007212218755
sigma_xl_0.9900,0.99,901.0,13.187229889420223,2.3024080459775633,11.744996525928924,8.865100916583835,-0.01362850332717791,-0.016608031431713854,0.050859305351971015,0.5344053497682787
sigma_xl_0.9900,0.99,902.0,13.20108789231862,2.305858136873202,11.758855811401158,8.875437699462854,-0.0136375613076396,-0.016608428659427688,0.05085926559201104,0.5344099781409225
sigma_xl_0.9900,0.99,903.0,13.214945855549015,2.3093082161375973,11.772715057115624,8.885774454368784,-0.013646658918515797,-0.01660886591767685,0.05085922583585778,0.5344146063398217
sigma_xl_0.9900,0.99,904.0,13.228803779115175,2.312758283776515,11.786574263076062,8.896111181299775,-0.01365579615607082,-0.016609343202688365,0.05085918608350805,0.5344192343649908
sigma_xl_0.9900,0.99,905.0,13.242661663020863,2.3162083397957183,11.80043342928621,8.906447880253971,-0.013664973016583204,-0.01660986051070168,0.05085914633495771,0.534423862216445
sigma_xl_0.9900,0.99,906.0,13.256519507269845,2.319658384200975,11.814292555749807,8.916784551229522,-0.013674189496354572,-0.016610417837982894,0.05085910659019975,0.5344284898941987
sigma_xl_0.9900,0.99,907.0,13.270377311865886,2.323108416998049,11.828151642470596,8.927121194224576,-0.013683445591645693,-0.016611015180753697,0.050859066849231874,0.5344331173982667
sigma_xl_0.9900,0.99,908.0,13.28423507681275,2.3265584381927065,11.842010689452312,8.937457809237277,-0.013692741298738653,-0.01661165253525887,0.05085902711204919,0.5344377447286639
sigma_xl_0.9900,0.99,909.0,13.298092802114205,2.3300084477907124,11.855869696698699,8.947794396265772,-0.013702076613920866,-0.0166123298977503,0.05085898737864636,0.534442371885405
sigma_xl_0.9900,0.99,910.0,13.311950487774016,2.333458445797832,11.869728664213495,8.958130955308212,-0.013711451533451324,-0.0166130472644479,0.05085894764902067,0.5344469988685048
sigma_xl_0.9900,0.99,911.0,13.325808133795944,2.3369084322198304,11.883587592000437,8.968467486362742,-0.013720866053645864,-0.01661380463163198,0.05085890792316461,0.5344516256779779
sigma_xl_0.9900,0.99,912.0,13.339665740183756,2.3403584070624732,11.897446480063266,8.97880398942751,-0.013730320170756372,-0.016614601995515343,0.050858868201076005,0.5344562523138392
sigma_xl_0.9900,0.99,913.0,13.353523306941216,2.3438083703315256,11.911305328405723,8.989140464500661,-0.013739813881073815,-0.01661543935234988,0.0508588284827495,0.5344608787761034
sigma_xl_0.9900,0.99,914.0,13.367380834072092,2.3472583220327534,11.925164137031544,8.999476911580345,-0.013749347180867844,-0.016616316698373268,0.05085878876818113,0.5344655050647853
sigma_xl_0.9900,0.99,915.0,13.381238321580149,2.3507082621719215,11.939022905944473,9.00981333066471,-0.013758920066440083,-0.016617234029844496,0.05085874905736444,0.5344701311798996
sigma_xl_0.9900,0.99,916.0,13.395095769469147,2.354158190754795,11.952881635148247,9.020149721751899,-0.013768532534058409,-0.01661819134299769,0.05085870935029638,0.5344747571214611
sigma_xl_0.9900,0.99,917.0,13.408953177742857,2.35760810778714,11.966740324646604,9.030486084840064,-0.013778184580015562,-0.016619188634086512,0.05085866964697068,0.5344793828894846
sigma_xl_0.9900,0.99,918.0,13.42281054640504,2.361058013274721,11.980598974443287,9.040822419927347,-0.013787876200581195,-0.016620225899345087,0.05085862994738412,0.5344840084839846
sigma_xl_0.9900,0.99,919.0,13.436667875459465,2.3645079072233037,11.994457584542035,9.0511587270119,-0.01379760739203384,-0.01662130313501109,0.050858590251532027,0.5344886339049761
sigma_xl_0.9900,0.99,920.0,13.450525164909893,2.3679577896386537,12.008316154946586,9.061495006091869,-0.013807378150671568,-0.016622420337348842,0.0508585505594083,0.5344932591524737
sigma_xl_0.9900,0.99,921.0,13.46438241476009,2.371407660526536,12.02217468566068,9.0718312571654,-0.01381718847276936,-0.01662357750259602,0.050858510871008636,0.5344978842264924
sigma_xl_0.9900,0.99,922.0,13.478239625013824,2.3748575198927155,12.036033176688056,9.082167480230641,-0.013827038354611076,-0.016624774626997407,0.05085847118632822,0.5345025091270466
sigma_xl_0.9900,0.99,923.0,13.492096795674856,2.3783073677429587,12.049891628032453,9.09250367528574,-0.013836927792487685,-0.01662601170680489,0.05085843150536164,0.5345071338541512
sigma_xl_0.9900,0.99,924.0,13.505953926746955,2.3817572040830295,12.063750039697613,9.102839842328844,-0.013846856782668837,-0.016627288738254364,0.05085839182810495,0.534511758407821
sigma_xl_0.9900,0.99,925.0,13.51981101823388,2.3852070289186944,12.077608411687274,9.1131759813581,-0.013856825321449051,-0.016628605717601275,0.050858352154552616,0.5345163827880706
sigma_xl_0.9900,0.99,926.0,13.533668070139404,2.388656842255718,12.091466744005174,9.123512092371653,-0.013866833405115742,-0.016629962641093954,0.05085831248469887,0.5345210069949148
sigma_xl_0.9900,0.99,927.0,13.547525082467288,2.392106644099866,12.105325036655058,9.133848175367655,-0.013876881029926125,-0.016631359504957643,0.050858272818541606,0.5345256310283684
sigma_xl_0.9900,0.99,928.0,13.561382055221296,2.3955564344569042,12.119183289640658,9.144184230344248,-0.013886968192196036,-0.0166327963054691,0.0508582331560727,0.534530254888446
sigma_xl_0.9900,0.99,929.0,13.575238988405195,2.399006213332597,12.13304150296572,9.154520257299584,-0.013897094888205785,-0.016634273038866,0.05085819349728771,0.5345348785751625
sigma_xl_0.9900,0.99,930.0,13.589095882022747,2.40245598073271,12.146899676633977,9.164856256231808,-0.013907261114225022,-0.016635789701386017,0.05085815384218319,0.5345395020885325
sigma_xl_0.9900,0.99,931.0,13.602952736077722,2.4059057366630086,12.160757810649175,9.175192227139066,-0.013917466866553596,-0.0166373462892917,0.0508581141907522,0.5345441254285708
sigma_xl_0.9900,0.99,932.0,13.61680955057388,2.4093554811292583,12.174615905015049,9.185528170019507,-0.013927712141471815,-0.016638942798824274,0.05085807454299057,0.534548748595292
sigma_xl_0.9900,0.99,933.0,13.630666325514989,2.412805214137224,12.18847395973534,9.195864084871278,-0.013937996935259989,-0.016640579226228525,0.050858034898893484,0.5345533715887112
sigma_xl_0.9900,0.99,934.0,13.644523060904785,2.4162549356926113,12.202331974813767,9.206199971692564,-0.013948321244241058,-0.01664225556778831,0.050857995258455,0.5345579944088426
sigma_xl_0.9900,0.99,935.0,13.658379756746863,2.4197046458007474,12.216189950253932,9.216535830481805,-0.0139586850648179,-0.01664397181987276,0.05085795562167514,0.5345626170557005
sigma_xl_0.9900,0.99,936.0,13.672236413044834,2.423154344466867,12.230047886059427,9.226871661237507,-0.013969088393420037,-0.016645727978872316,0.050857915988550134,0.534567239529299
sigma_xl_0.9900,0.99,937.0,13.686093029802313,2.426604031696212,12.24390578223384,9.237207463958171,-0.013979531226464559,-0.016647524041170314,0.05085787635907654,0.534571861829652
sigma_xl_0.9900,0.99,938.0,13.699949607022912,2.430053707494024,12.257763638780766,9.247543238642306,-0.01399001356040408,-0.016649360003182068,0.050857836733247966,0.5345764839567735
sigma_xl_0.9900,0.99,939.0,13.713806144710249,2.433503371865544,12.271621455703796,9.257878985288412,-0.014000535391641478,-0.016651235861274927,0.05085779711106221,0.5345811059106775
sigma_xl_0.9900,0.99,940.0,13.727662642867935,2.436953024816013,12.285479233006523,9.268214703894998,-0.014011096716602722,-0.016653151611839334,0.050857757492515504,0.5345857276913782
sigma_xl_0.9900,0.99,941.0,13.741519101499588,2.440402666350672,12.29933697069254,9.278550394460563,-0.014021697531717336,-0.016655107251271062,0.05085771787760322,0.5345903492988895
sigma_xl_0.9900,0.99,942.0,13.755375520608817,2.4438522964747635,12.313194668765435,9.288886056983612,-0.014032337833402408,-0.016657102775949895,0.05085767826632227,0.5345949707332253
sigma_xl_0.9900,0.99,943.0,13.769231900199241,2.4473019151935276,12.327052327228804,9.299221691462652,-0.014043017618110554,-0.016659138182289368,0.05085763865866605,0.5345995919943997
sigma_xl_0.9900,0.99,944.0,13.783088240274473,2.4507515225122054,12.340909946086239,9.309557297896184,-0.014053736882241097,-0.016661213466656832,0.050857599054632927,0.5346042130824267
sigma_xl_0.9900,0.99,945.0,13.796944540838126,2.454201118436039,12.354767525341332,9.319892876282713,-0.014064495622225337,-0.016663328625444507,0.05085755945421862,0.5346088339973203
sigma_xl_0.9900,0.99,946.0,13.810800801893816,2.457650702970269,12.368625064997673,9.330228426620744,-0.01407529383451056,-0.01666548365506948,0.050857519857416614,0.5346134547390945
sigma_xl_0.9900,0.99,947.0,13.824657023445155,2.4611002761201366,12.382482565058854,9.34056394890878,-0.01408613151550675,-0.016667678551897325,0.05085748026422465,0.5346180753077633
sigma_xl_0.9900,0.99,948.0,13.838513205495762,2.4645498378908837,12.396340025528469,9.350899443145325,-0.014097008661643429,-0.016669913312329143,0.05085744067463803,0.5346226957033408
sigma_xl_0.9900,0.99,949.0,13.852369348049244,2.467999388287751,12.41019744641011,9.361234909328884,-0.014107925269346566,-0.0166721879327536,0.050857401088653,0.5346273159258408
sigma_xl_0.9900,0.99,950.0,13.866225451109221,2.4714489273159796,12.42405482770737,9.37157034745796,-0.014118881335042133,-0.01667450240955759,0.05085736150626541,0.5346319359752775
sigma_xl_0.9900,0.99,951.0,13.880081514679308,2.4748984549808113,12.437912169423837,9.381905757531058,-0.014129876855154322,-0.01667685673913155,0.05085732192747115,0.5346365558516647
sigma_xl_0.9900,0.99,952.0,13.893937538763113,2.478347971287487,12.451769471563109,9.39224113954668,-0.014140911826141078,-0.01667925091789435,0.05085728235226342,0.5346411755550167
sigma_xl_0.9900,0.99,953.0,13.907793523364258,2.4817974762412476,12.465626734128774,9.402576493503336,-0.014151986244396397,-0.016681684942209785,0.05085724278064077,0.5346457950853472
sigma_xl_0.9900,0.99,954.0,13.921649468486352,2.485246969847335,12.479483957124426,9.412911819399522,-0.014163100106367565,-0.01668415880848606,0.05085720321259746,0.5346504144426704
sigma_xl_0.9900,0.99,955.0,13.935505374133012,2.48869645211099,12.493341140553655,9.423247117233746,-0.014174253408480553,-0.016686672513115397,0.0508571636481292,0.5346550336270001
sigma_xl_0.9900,0.99,956.0,13.94936124030785,2.492145923037454,12.507198284420056,9.433582387004513,-0.014185446147159553,-0.016689226052484685,0.05085712408723202,0.5346596526383505
sigma_xl_0.9900,0.99,957.0,13.963217067014481,2.4955953826319686,12.52105538872722,9.443917628710325,-0.014196678318834088,-0.016691819422986143,0.050857084529901814,0.5346642714767353
sigma_xl_0.9900,0.99,958.0,13.977072854256523,2.499044830899774,12.534912453478738,9.454252842349689,-0.014207949919940788,-0.01669445262102265,0.050857044976133026,0.5346688901421688
sigma_xl_0.9900,0.99,959.0,13.990928602037584,2.5024942678461124,12.548769478678203,9.464588027921106,-0.014219260946894963,-0.01669712564297221,0.05085700542592313,0.5346735086346649
sigma_xl_0.9900,0.99,960.0,14.004784310361284,2.5059436934762247,12.562626464329208,9.47492318542308,-0.01423061139616344,-0.016699838485266127,0.05085696587926354,0.5346781269542376
sigma_xl_0.9900,0.99,961.0,14.018639979231235,2.509393107795352,12.576483410435342,9.485258314854118,-0.014242001264131332,-0.016702591144253986,0.05085692633615442,0.5346827451009007
sigma_xl_0.9900,0.99,962.0,14.03249560865105,2.512842510808736,12.590340317000202,9.49559341621272,-0.014253430547253032,-0.016705383616354652,0.05085688679658895,0.5346873630746684
sigma_xl_0.9900,0.99,963.0,14.046351198624347,2.5162919025216177,12.604197184027377,9.505928489497395,-0.014264899241959839,-0.016708215897965673,0.05085684726056229,0.5346919808755547
sigma_xl_0.9900,0.99,964.0,14.060206749154736,2.519741282939238,12.61805401152046,9.516263534706642,-0.014276407344681274,-0.016711087985475714,0.050856807728070164,0.5346965985035734
sigma_xl_0.9900,0.99,965.0,14.074062260245832,2.523190652066839,12.631910799483041,9.526598551838969,-0.01428795485183798,-0.016713999875271668,0.05085676819910931,0.5347012159587387
sigma_xl_0.9900,0.99,966.0,14.087917731901252,2.526640009909661,12.645767547918716,9.536933540892878,-0.014299541759882572,-0.016716951563772398,0.050856728673672566,0.5347058332410644
sigma_xl_0.9900,0.99,967.0,14.101773164124602,2.5300893564729345,12.65962425683107,9.547268501866881,-0.01431116806522681,-0.01671994304735236,0.05085668915175816,0.5347104503505645
sigma_xl_0.9900,0.99,968.0,14.11562855691938,2.533538691761624,12.673480926223604,9.557603434759663,-0.01432283376441923,-0.016722974322524564,0.050856649633361395,0.5347150672872527
sigma_xl_0.9900,0.99,969.0,14.129483910289046,2.5369880157804907,12.687337556099774,9.56793833957005,-0.014334538853995937,-0.016726045385793142,0.05085661011848247,0.5347196840511423
sigma_xl_0.9900,0.99,970.0,14.143339224237083,2.540437328534306,12.701194146463038,9.578273216296868,-0.014346283330521459,-0.016729156233685316,0.05085657060711689,0.5347243006422465
sigma_xl_0.9900,0.99,971.0,14.157194498766966,2.543886630027839,12.715050697316853,9.588608064938942,-0.01435806719056032,-0.01673230686273186,0.050856531099260346,0.5347289170605788
sigma_xl_0.9900,0.99,972.0,14.171049733882176,2.547335920265859,12.728907208664682,9.598942885495095,-0.01436989043066994,-0.01673549726945467,0.050856491594909264,0.5347335333061525
sigma_xl_0.9900,0.99,973.0,14.184904929586189,2.550785199253138,12.74276368050998,9.609277677964153,-0.014381753047395307,-0.016738727450364976,0.05085645209406149,0.5347381493789808
sigma_xl_0.9900,0.99,974.0,14.198760085882485,2.554234466994444,12.75662011285621,9.61961244234494,-0.014393655037316933,-0.016741997402009545,0.050856412596710726,0.5347427652790773
sigma_xl_0.9900,0.99,975.0,14.212615202774543,2.5576837234945478,12.77047650570683,9.629947178636279,-0.014405596396967368,-0.016745307120883623,0.050856373102855915,0.534747381006455
sigma_xl_0.9900,0.99,976.0,14.22647028026584,2.5611329687582196,12.784332859065298,9.640281886836997,-0.014417577122905811,-0.016748656603512657,0.05085633361249349,0.5347519965611276
sigma_xl_0.9900,0.99,977.0,14.240325318359853,2.564582202790229,12.798189172935073,9.650616566945915,-0.014429597211707446,-0.016752045846441632,0.050856294125618026,0.5347566119431081
sigma_xl_0.9900,0.99,978.0,14.254180317060062,2.568031425595346,12.812045447319617,9.660951218961861,-0.01444165665993502,-0.016755474846194218,0.05085625464222508,0.53476122715241
sigma_xl_0.9900,0.99,979.0,14.268035276369947,2.5714806371783414,12.825901682222387,9.671285842883659,-0.01445375546412464,-0.01675894359927277,0.050856215162313353,0.5347658421890468
sigma_xl_0.9900,0.99,980.0,14.281890196292984,2.5749298375439844,12.839757877646843,9.68162043871013,-0.01446589362084616,-0.016762452102209835,0.05085617568587804,0.5347704570530314
sigma_xl_0.9900,0.99,981.0,14.295745076832652,2.5783790266970446,12.853614033596443,9.691955006440105,-0.014478071126664105,-0.01676600035154152,0.05085613621291482,0.5347750717443776
sigma_xl_0.9900,0.99,982.0,14.30959991799243,2.581828204642293,12.867470150074649,9.702289546072402,-0.014490287978123462,-0.01676958834377551,0.05085609674342137,0.5347796862630982
sigma_xl_0.9900,0.99,983.0,14.323454719775794,2.585277371384499,12.881326227084916,9.71262405760585,-0.014502544171808296,-0.01677321607546034,0.05085605727739122,0.5347843006092071
sigma_xl_0.9900,0.99,984.0,14.337309482186226,2.5887265269284327,12.895182264630705,9.72295854103927,-0.014514839704249383,-0.01677688354309126,0.05085601781482349,0.5347889147827172
sigma_xl_0.9900,0.99,985.0,14.351164205227201,2.592175671278864,12.909038262715477,9.73329299637149,-0.014527174572029011,-0.016780590743220358,0.05085597835571208,0.534793528783642
sigma_xl_0.9900,0.99,986.0,14.3650188889022,2.5956248044405634,12.922894221342688,9.743627423601332,-0.014539548771697497,-0.016784337672358873,0.050855938900054104,0.5347981426119948
sigma_xl_0.9900,0.99,987.0,14.378873533214701,2.5990739264183005,12.9367501405158,9.753961822727621,-0.014551962299810484,-0.016788124327030474,0.05085589944784616,0.5348027562677888
sigma_xl_0.9900,0.99,988.0,14.39272813816818,2.6025230372168453,12.950606020238272,9.764296193749182,-0.01456441515295026,-0.01679195070378192,0.050855859999082154,0.5348073697510377
sigma_xl_0.9900,0.99,989.0,14.406582703766118,2.6059721368409674,12.96446186051356,9.774630536664839,-0.014576907327658262,-0.016795816799119123,0.05085582055376013,0.5348119830617544
sigma_xl_0.9900,0.99,990.0,14.420437230011991,2.6094212252954376,12.978317661345129,9.784964851473415,-0.014589438820500789,-0.01679972260957463,0.0508557811118754,0.5348165961999524
sigma_xl_0.9900,0.99,991.0,14.434291716909282,2.612870302585026,12.992173422736434,9.795299138173739,-0.014602009628029933,-0.016803668131666782,0.050855741673424756,0.534821209165645
sigma_xl_0.9900,0.99,992.0,14.448146164461463,2.616319368714501,13.006029144690933,9.80563339676463,-0.014614619746826207,-0.016807653361942343,0.050855702238402634,0.5348258219588455
sigma_xl_0.9900,0.99,993.0,14.462000572672016,2.6197684236886345,13.019884827212088,9.815967627244916,-0.014627269173445256,-0.016811678296917876,0.05085566280680541,0.5348304345795674
sigma_xl_0.9900,0.99,994.0,14.475854941544421,2.623217467512196,13.033740470303357,9.826301829613422,-0.014639957904440948,-0.01681574293311705,0.05085562337862974,0.5348350470278236
sigma_xl_0.9900,0.99,995.0,14.489709271082152,2.626666500189954,13.0475960739682,9.836636003868971,-0.014652685936379584,-0.01681984726707242,0.050855583953871464,0.5348396593036279
sigma_xl_0.9900,0.99,996.0,14.50356356128869,2.6301155217266805,13.061451638210077,9.846970150010387,-0.014665453265832795,-0.016823991295318308,0.05085554453252519,0.5348442714069932
sigma_xl_0.9900,0.99,997.0,14.517417812167514,2.633564532127145,13.075307163032445,9.857304268036495,-0.014678259889349121,-0.016828175014371283,0.05085550511458825,0.534848883337933
sigma_xl_0.9900,0.99,998.0,14.531272023722103,2.6370135313961165,13.089162648438766,9.86763835794612,-0.01469110580350197,-0.016832398420767447,0.050855465700055266,0.5348534950964607
sigma_xl_0.9900,0.99,999.0,14.54512619595593,2.640462519538366,13.103018094432496,9.877972419738086,-0.014703991004850536,-0.016836661511034023,0.050855426288922825,0.5348581066825895
sigma_xl_0.9900,0.99,1000.0,14.55898032887248,2.643911496558663,13.116873501017094,9.888306453411218,-0.014716915489954019,-0.016840964281692905,0.05085538688118697,0.5348627180963327
sigma_xl_0.9900,0.99,1001.0,14.572834422475163,2.6473604624616445,13.130728868195977,9.898640458964426,-0.014729879255439116,-0.016845306729338816,0.05085534747684359,0.5348673293377035
sigma_xl_0.9900,0.99,1002.0,14.586688476767314,2.6508094172516654,13.144584195972476,9.90897443639681,-0.014742882297962723,-0.016849688850593125,0.050855308075893585,0.5348719404067145
sigma_xl_0.9900,0.99,1003.0,14.60054249175229,2.6542583609330714,13.158439484349929,9.919308385707485,-0.014755924614222593,-0.016854110642123388,0.05085526867833154,0.5348765513033785
sigma_xl_0.9900,0.99,1004.0,14.614396467433442,2.657707293510209,13.172294733331679,9.929642306895563,-0.014769006200875623,-0.016858572100550973,0.05085522928415642,0.5348811620277083
sigma_xl_0.9900,0.99,1005.0,14.62825040381413,2.6611562149874244,13.18614994292106,9.939976199960153,-0.014782127054617789,-0.01686307322253633,0.05085518989336282,0.5348857725797166
sigma_xl_0.9900,0.99,1006.0,14.64210430089771,2.6646051253690635,13.200005113121417,9.950310064900371,-0.014795287172113092,-0.01686761400471326,0.05085515050594859,0.5348903829594159
sigma_xl_0.9900,0.99,1007.0,14.655958158687534,2.6680540246594733,13.213860243936086,9.96064390171533,-0.01480848655003797,-0.01687219444372623,0.0508551111219107,0.5348949931668193
sigma_xl_0.9900,0.99,1008.0,14.669811977186962,2.6715029128629997,13.227715335368407,9.970977710404137,-0.014821725185083068,-0.01687681453622858,0.050855071741244456,0.5348996032019394
sigma_xl_0.9900,0.99,1009.0,14.683665756399346,2.6749517899839885,13.241570387421717,9.981311490965906,-0.014835003073905284,-0.016881474278848785,0.050855032363948616,0.5349042130647887
sigma_xl_0.9900,0.99,1010.0,14.697519496328043,2.6784006560267866,13.255425400099359,9.991645243399752,-0.014848320213197042,-0.016886173668236637,0.05085499299001835,0.5349088227553803
sigma_xl_0.9900,0.99,1011.0,14.71137319697641,2.68184951099574,13.26928037340467,10.001978967704787,-0.014861676599627671,-0.016890912701038374,0.05085495361945096,0.5349134322737267
sigma_xl_0.9900,0.99,1012.0,14.725226858347803,2.685298354895195,13.28313530734099,10.01231266388012,-0.014875072229875386,-0.01689569137389313,0.050854914252243005,0.5349180416198406
sigma_xl_0.9900,0.99,1013.0,14.739080480445574,2.6887471877294975,13.296990201911658,10.022646331924866,-0.014888507100614845,-0.016900509683443588,0.050854874888391674,0.5349226507937348
sigma_xl_0.9900,0.99,1014.0,14.752934063273083,2.6921960095029944,13.310845057120012,10.032979971838136,-0.014901981208545578,-0.016905367626357304,0.050854835527890996,0.534927259795422
sigma_xl_0.9900,0.99,1015.0,14.766787606833683,2.695644820220031,13.324699872969394,10.043313583619042,-0.014915494550317376,-0.016910265199248542,0.05085479617074082,0.534931868624915
sigma_xl_0.9900,0.99,1016.0,14.780641111130734,2.699093619884955,13.338554649463143,10.053647167266698,-0.01492904712262444,-0.01691520239877775,0.050854756816935576,0.5349364772822264
sigma_xl_0.9900,0.99,1017.0,14.794494576167585,2.702542408502111,13.352409386604595,10.063980722780215,-0.014942638922148532,-0.016920179221594722,0.05085471746647224,0.5349410857673689
sigma_xl_0.9900,0.99,1018.0,14.808348001947595,2.7059911860758463,13.366264084397091,10.074314250158704,-0.014956269945567868,-0.01692519566434214,0.05085467811934699,0.5349456940803554
sigma_xl_0.9900,0.99,1019.0,14.82220138847412,2.7094399526105075,13.380118742843973,10.084647749401281,-0.014969940189539344,-0.016930251723646705,0.050854638775558444,0.5349503022211984
sigma_xl_0.9900,0.99,1020.0,14.836054735750515,2.712888708110439,13.393973361948575,10.094981220507053,-0.014983649650771369,-0.016935347396183076,0.05085459943510032,0.5349549101899108
sigma_xl_0.9900,0.99,1021.0,14.849908043780138,2.7163374525799893,13.407827941714238,10.105314663475136,-0.014997398325927946,-0.016940482678581503,0.050854560097970264,0.5349595179865052
sigma_xl_0.9900,0.99,1022.0,14.863761312566341,2.7197861860235037,13.421682482144304,10.115648078304641,-0.015011186211697947,-0.01694565756749533,0.05085452076416433,0.5349641256109944
sigma_xl_0.9900,0.99,1023.0,14.877614542112482,2.7232349084453276,13.43553698324211,10.12598146499468,-0.015025013304757806,-0.0169508720595708,0.05085448143367893,0.534968733063391
sigma_xl_0.9900,0.99,1024.0,14.891467732421916,2.726683619849809,13.449391445010997,10.136314823544366,-0.015038879601771526,-0.016956126151432827,0.0508544421065123,0.5349733403437077
sigma_xl_0.9900,0.99,1025.0,14.905320883498,2.730132320241293,13.463245867454301,10.14664815395281,-0.015052785099459953,-0.016961419839777392,0.05085440278265635,0.5349779474519575
sigma_xl_0.9900,0.99,1026.0,14.919173995344089,2.733581009624125,13.477100250575365,10.156981456219125,-0.015066729794460443,-0.016966753121200995,0.05085436346211197,0.5349825543881527
sigma_xl_0.9900,0.99,1027.0,14.933027067963536,2.7370296880026532,13.490954594377525,10.167314730342424,-0.0150807136834743,-0.01697212599237652,0.05085432414487362,0.5349871611523064
sigma_xl_0.9900,0.99,1028.0,14.946880101359701,2.740478355381223,13.504808898864122,10.177647976321818,-0.015094736763185068,-0.016977538449953755,0.05085428483093679,0.5349917677444309
sigma_xl_0.9900,0.99,1029.0,14.960733095535938,2.74392701176418,13.518663164038495,10.187981194156421,-0.0151087990302603,-0.01698299049056473,0.0508542455202997,0.5349963741645393
sigma_xl_0.9900,0.99,1030.0,14.974586050495603,2.747375657155872,13.532517389903983,10.198314383845343,-0.015122900481408408,-0.016988482110884107,0.05085420621295554,0.535000980412644
sigma_xl_0.9900,0.99,1031.0,14.98843896624205,2.750824291560644,13.546371576463926,10.208647545387697,-0.015137041113282734,-0.016994013307531475,0.050854166908903584,0.535005586488758
sigma_xl_0.9900,0.99,1032.0,15.002291842778638,2.7542729149828418,13.560225723721661,10.218980678782595,-0.015151220922573927,-0.01699958407716906,0.05085412760813901,0.5350101923928937
sigma_xl_0.9900,0.99,1033.0,15.01614468010872,2.757721527426813,13.574079831680532,10.229313784029152,-0.015165439905979738,-0.017005194416455538,0.050854088310656395,0.535014798125064
sigma_xl_0.9900,0.99,1034.0,15.029997478235629,2.761170128896859,13.587933900343858,10.239646861126504,-0.015179698060171276,-0.01701084432203359,0.0508540490164556,0.5350194036852816
sigma_xl_0.9900,0.99,1035.0,15.043850237162593,2.7646187193970087,13.601787929714877,10.249979910073973,-0.015193995381947545,-0.017016533790668475,0.050854009725533555,0.5350240090735585
sigma_xl_0.9900,0.99,1036.0,15.057702956892856,2.7680672989312223,13.615641919796818,10.260312930870935,-0.015208331868089786,-0.017022262819105904,0.05085397043788814,0.535028614289907
sigma_xl_0.9900,0.99,1037.0,15.07155563742966,2.7715158675034646,13.629495870592915,10.270645923516758,-0.015222707515366807,-0.017028031404084487,0.05085393115351804,0.5350332193343393
sigma_xl_0.9900,0.99,1038.0,15.085408278776251,2.7749644251177026,13.643349782106396,10.280978888010813,-0.015237122320597152,-0.017033839542389018,0.050853891872416665,0.5350378242068679
sigma_xl_0.9900,0.99,1039.0,15.099260880935875,2.7784129717779,13.657203654340492,10.29131182435247,-0.015251576280522983,-0.017039687230733236,0.050853852594585414,0.5350424289075043
sigma_xl_0.9900,0.99,1040.0,15.113113443911777,2.781861507488022,13.671057487298436,10.301644732541101,-0.015266069391962844,-0.01704557446590016,0.05085381332001768,0.5350470334362613
sigma_xl_0.9900,0.99,1041.0,15.1269659677072,2.7853100322520348,13.684911280983455,10.311977612576076,-0.015280601651689096,-0.01705150124463195,0.05085377404871201,0.5350516377931507
sigma_xl_0.9900,0.99,1042.0,15.14081845232539,2.7887585460739026,13.698765035398784,10.322310464456766,-0.01529517305646877,-0.01705746756366011,0.05085373478066681,0.535056241978185
sigma_xl_0.9900,0.99,1043.0,15.154670897769593,2.792207048957591,13.712618750547653,10.332643288182538,-0.015309783603118632,-0.017063473419771213,0.05085369551587632,0.535060845991376
sigma_xl_0.9900,0.99,1044.0,15.168523304043052,2.7956555409070654,13.726472426433292,10.342976083752767,-0.015324433288391504,-0.017069518809684325,0.05085365625434056,0.5350654498327362
sigma_xl_0.9900,0.99,1045.0,15.182375671149014,2.799104021926291,13.740326063058932,10.353308851166823,-0.015339122109091718,-0.017075603730173583,0.050853616996054465,0.5350700535022775
sigma_xl_0.9900,0.99,1046.0,15.196227999090723,2.802552492019232,13.754179660427804,10.363641590424074,-0.015353850062018282,-0.01708172817800424,0.05085357774101361,0.5350746570000126
sigma_xl_0.9900,0.99,1047.0,15.210080287871424,2.806000951189855,13.768033218543138,10.37397430152389,-0.015368617143925789,-0.01708789214989892,0.05085353848921813,0.535079260325953
sigma_xl_0.9900,0.99,1048.0,15.223932537494361,2.809449399442124,13.781886737408167,10.384306984465647,-0.015383423351615022,-0.017094095642626428,0.05085349924066336,0.5350838634801113
sigma_xl_0.9900,0.99,1049.0,15.237784747962781,2.8128978367800057,13.795740217026122,10.394639639248709,-0.015398268681861893,-0.017100338652930702,0.0508534599953472,0.5350884664624995
sigma_xl_0.9900,0.99,1050.0,15.251636919279928,2.816346263207464,13.809593657400232,10.404972265872452,-0.015413153131470736,-0.017106621177584103,0.05085342075326438,0.5350930692731298
sigma_xl_0.9900,0.99,1051.0,15.265489051449048,2.819794678728464,13.823447058533729,10.415304864336242,-0.01542807669721924,-0.01711294321332879,0.050853381514412974,0.5350976719120146
sigma_xl_0.9900,0.99,1052.0,15.279341144473383,2.8232430833469717,13.837300420429843,10.425637434639452,-0.015443039375893974,-0.017119304756922915,0.05085334227878992,0.5351022743791658
sigma_xl_0.9900,0.99,1053.0,15.29319319835618,2.8266914770669525,13.851153743091807,10.435969976781452,-0.015458041164276182,-0.01712570580511219,0.05085330304639234,0.5351068766745956
sigma_xl_0.9900,0.99,1054.0,15.307045213100682,2.83013985989237,13.865007026522848,10.446302490761614,-0.015473082059157761,-0.01713214635465654,0.05085326381721664,0.5351114787983162
sigma_xl_0.9900,0.99,1055.0,15.320897188710138,2.833588231827191,13.878860270726202,10.456634976579304,-0.01548816205732706,-0.017138626402314117,0.05085322459125925,0.5351160807503399
sigma_xl_0.9900,0.99,1056.0,15.334749125187791,2.8370365928753802,13.892713475705095,10.466967434233897,-0.015503281155575976,-0.017145145944846618,0.05085318536851642,0.5351206825306787
sigma_xl_0.9900,0.99,1057.0,15.348601022536883,2.8404849430409027,13.906566641462762,10.477299863724761,-0.015518439350683977,-0.01715170497899443,0.05085314614898595,0.5351252841393448
sigma_xl_0.9900,0.99,1058.0,15.362452880760664,2.8439332823277237,13.920419768002432,10.487632265051268,-0.015533636639439408,-0.017158303501521033,0.05085310693266429,0.5351298855763504
sigma_xl_0.9900,0.99,1059.0,15.376304699862375,2.8473816107398084,13.934272855327336,10.49796463821279,-0.015548873018632392,-0.017164941509179243,0.050853067719548034,0.5351344868417076
sigma_xl_0.9900,0.99,1060.0,15.390156479845263,2.850829928281122,13.948125903440705,10.508296983208695,-0.015564148485044171,-0.01717161899871833,0.050853028509634454,0.5351390879354287
sigma_xl_0.9900,0.99,1061.0,15.404008220712573,2.85427823495563,13.961978912345769,10.518629300038352,-0.015579463035484409,-0.017178335966917757,0.050852989302918025,0.5351436888575258
sigma_xl_0.9900,0.99,1062.0,15.41785992246755,2.857726530767297,13.97583188204576,10.528961588701135,-0.015594816666705924,-0.01718509241049837,0.05085295009939893,0.5351482896080111
sigma_xl_0.9900,0.99,1063.0,15.431711585113437,2.8611748157200885,13.989684812543912,10.539293849196415,-0.015610209375532591,-0.017191888326248517,0.05085291089907033,0.5351528901868966
sigma_xl_0.9900,0.99,1064.0,15.44556320865348,2.86462308981797,14.003537703843449,10.549626081523558,-0.015625641158740322,-0.017198723710917463,0.05085287170192991,0.5351574905941946
sigma_xl_0.9900,0.99,1065.0,15.459414793090925,2.8680713530649062,14.017390555947607,10.559958285681939,-0.01564111201311391,-0.017205598561250923,0.050852832507974954,0.5351620908299173
sigma_xl_0.9900,0.99,1066.0,15.473266338429015,2.8715196054648624,14.031243368859617,10.570290461670925,-0.01565662193545947,-0.017212512874026586,0.050852793317200315,0.5351666908940768
sigma_xl_0.9900,0.99,1067.0,15.487117844670992,2.874967847021797,14.045096142582704,10.580622609489895,-0.015672170922545803,-0.017219466645981285,0.050852754129604855,0.5351712907866852
sigma_xl_0.9900,0.99,1068.0,15.500969311820011,2.8784160777394714,14.058948877120033,10.590954729138346,-0.01568775897123409,-0.017226459873942446,0.050852714945187005,0.5351758905077544
sigma_xl_0.9900,0.99,1069.0,15.514820739879204,2.881864297621504,14.072801572474733,10.601286820615886,-0.015703386078419257,-0.0172334925547748,0.05085267576394405,0.5351804900572961
sigma_xl_0.9900,0.99,1070.0,15.528672128851714,2.8853125066715175,14.086654228649934,10.611618883922116,-0.015719052240980247,-0.01724056468532531,0.050852636585873634,0.5351850894353221
sigma_xl_0.9900,0.99,1071.0,15.542523478740687,2.8887607048931336,14.100506845648772,10.621950919056639,-0.015734757455792447,-0.01724767626243917,0.05085259741097349,0.5351896886418438
sigma_xl_0.9900,0.99,1072.0,15.556374789549269,2.8922088922899754,14.11435942347438,10.632282926019057,-0.015750501719741905,-0.017254827282974006,0.05085255823924087,0.5351942876768732
sigma_xl_0.9900,0.99,1073.0,15.570226061280604,2.8956570688656647,14.128211962129887,10.64261490480897,-0.01576628502970223,-0.01726201774376257,0.050852519070673646,0.5351988865404218
sigma_xl_0.9900,0.99,1074.0,15.584077293937836,2.8991052346238244,14.142064461618432,10.652946855425984,-0.015782107382573685,-0.017269247641683805,0.05085247990526731,0.5352034852325013
sigma_xl_0.9900,0.99,1075.0,15.597928487524113,2.9025533895680775,14.155916921943144,10.663278777869701,-0.015797968775219218,-0.01727651697356336,0.050852440743021005,0.5352080837531236
sigma_xl_0.9900,0.99,1076.0,15.61177964204258,2.9060015337020464,14.169769343107157,10.673610672139723,-0.015813869204517772,-0.017283825736251757,0.05085240158393217,0.5352126821023
sigma_xl_0.9900,0.99,1077.0,15.625630757496376,2.9094496670293526,14.183621725113605,10.68394253823565,-0.015829808667366052,-0.017291173926613723,0.050852362427997094,0.5352172802800425
sigma_xl_0.9900,0.99,1078.0,15.639481833888652,2.9128977895536194,14.19747406796562,10.694274376157086,-0.01584578716063767,-0.017298561541490898,0.05085232327521323,0.5352218782863628
sigma_xl_0.9900,0.99,1079.0,15.653332871222553,2.91634590127847,14.211326371666336,10.704606185903632,-0.015861804681211567,-0.017305988577732023,0.0508522841255786,0.5352264761212724
sigma_xl_0.9900,0.99,1080.0,15.667183869501219,2.9197940022075253,14.225178636218887,10.714937967474896,-0.01587786122599333,-0.017313455032208935,0.05085224497908819,0.5352310737847831
sigma_xl_0.9900,0.99,1081.0,15.6810348287278,2.9232420923444087,14.239030861626404,10.725269720870475,-0.015893956791842356,-0.017320960901750837,0.05085220583574128,0.5352356712769065
sigma_xl_0.9900,0.99,1082.0,15.694885748905438,2.926690171692743,14.25288304789202,10.735601446089971,-0.01591009137564292,-0.017328506183210024,0.05085216669553502,0.5352402685976544
sigma_xl_0.9900,0.99,1083.0,15.70873663003728,2.9301382402561504,14.26673519501887,10.745933143132989,-0.01592626497427929,-0.01733609087344057,0.050852127558466506,0.5352448657470383
sigma_xl_0.9900,0.99,1084.0,15.722587472126467,2.9335862980382537,14.280587303010083,10.756264811999133,-0.01594247758464995,-0.017343714969308976,0.05085208842453148,0.5352494627250701
sigma_xl_0.9900,0.99,1085.0,15.736438275176148,2.937034345042674,14.294439371868798,10.766596452687999,-0.015958729203608968,-0.017351378467639123,0.05085204929372954,0.5352540595317614
sigma_xl_0.9900,0.99,1086.0,15.75028903918947,2.940482381273036,14.308291401598145,10.776928065199193,-0.015975019828076142,-0.017359081365320606,0.05085201016605441,0.5352586561671239
sigma_xl_0.9900,0.99,1087.0,15.764139764169572,2.943930406732961,14.322143392201257,10.78725964953232,-0.0159913494549091,-0.017366823659175523,0.050851971041506114,0.535263252631169
sigma_xl_0.9900,0.99,1088.0,15.777990450119603,2.9473784214260714,14.335995343681267,10.79759120568698,-0.01600771808099566,-0.017374605346063277,0.05085193192008104,0.5352678489239089
sigma_xl_0.9900,0.99,1089.0,15.791841097042704,2.95082642535599,14.349847256041308,10.807922733662776,-0.01602412570323075,-0.017382426422845043,0.05085189280177546,0.5352724450453548
sigma_xl_0.9900,0.99,1090.0,15.805691704942024,2.95427441852634,14.363699129284514,10.818254233459308,-0.016040572318498647,-0.017390286886378448,0.050851853686586096,0.5352770409955188
sigma_xl_0.9900,0.99,1091.0,15.819542273820707,2.9577224009407423,14.377550963414016,10.828585705076181,-0.01605705792367651,-0.01739818673350335,0.05085181457451082,0.5352816367744121
sigma_xl_0.9900,0.99,1092.0,15.833392803681898,2.9611703726028207,14.39140275843295,10.838917148512996,-0.016073582515637952,-0.017406125961068497,0.05085177546554766,0.5352862323820468
sigma_xl_0.9900,0.99,1093.0,15.84724329452874,2.9646183335161975,14.405254514344447,10.849248563769358,-0.01609014609128323,-0.017414104565938615,0.050851736359692146,0.5352908278184342
sigma_xl_0.9900,0.99,1094.0,15.861093746364379,2.9680662836844944,14.419106231151641,10.859579950844866,-0.016106748647516156,-0.017422122544987317,0.05085169725693958,0.5352954230835862
sigma_xl_0.9900,0.99,1095.0,15.874944159191962,2.971514223111335,14.432957908857665,10.869911309739123,-0.01612339018118547,-0.017430179895031372,0.05085165815729016,0.5353000181775145
sigma_xl_0.9900,0.99,1096.0,15.88879453301463,2.9749621518003413,14.446809547465651,10.880242640451732,-0.016140070689191433,-0.017438276612939063,0.050851619060739775,0.5353046131002307
sigma_xl_0.9900,0.99,1097.0,15.902644867835532,2.978410069755136,14.460661146978733,10.890573942982298,-0.016156790168421864,-0.017446412695566238,0.050851579967284816,0.5353092078517464
sigma_xl_0.9900,0.99,1098.0,15.916495163657812,2.981857976979342,14.474512707400045,10.900905217330418,-0.01617354861576281,-0.017454588139772298,0.05085154087692208,0.5353138024320735
sigma_xl_0.9900,0.99,1099.0,15.930345420484612,2.9853058734765803,14.488364228732719,10.9112364634957,-0.016190346028114533,-0.017462802942421973,0.050851501789647396,0.5353183968412234
sigma_xl_0.9900,0.99,1100.0,15.94419563831908,2.9887537592504754,14.502215710979888,10.921567681477741,-0.01620718240232577,-0.01747105710033736,0.0508514627054608,0.5353229910792079
sigma_xl_0.9900,0.99,1101.0,15.958045817164312,2.9922016343045517,14.51606715414465,10.93189887127621,-0.01622405773535185,-0.017479350610436484,0.05085142362435763,0.5353275851460385
sigma_xl_0.9900,0.99,1102.0,15.971895957023339,2.9956494986421296,14.529918558230046,10.942230032890906,-0.01624097202415875,-0.017487683469658677,0.05085138454633786,0.5353321790417266
sigma_xl_0.9900,0.99,1103.0,15.985746057899217,2.9990973522665247,14.543769923239118,10.95256116632164,-0.016257925265714235,-0.017496055674939726,0.050851345471399176,0.5353367727662832
sigma_xl_0.9900,0.99,1104.0,15.999596119795003,3.00254519518105,14.557621249174915,10.962892271568222,-0.016274917456978955,-0.017504467223210085,0.050851306399539775,0.5353413663197196
sigma_xl_0.9900,0.99,1105.0,16.013446142713747,3.0059930273890196,14.571472536040478,10.973223348630464,-0.016291948594931327,-0.017512918111416198,0.0508512673307568,0.5353459597020471
sigma_xl_0.9900,0.99,1106.0,16.02729612665851,3.0094408488937496,14.58532378383885,10.983554397508177,-0.016309018676528453,-0.01752140833648852,0.05085122826504844,0.5353505529132772
sigma_xl_0.9900,0.99,1107.0,16.04114607163234,3.0128886596985525,14.599174992573081,10.99388541820117,-0.016326127698746973,-0.017529937895373493,0.05085118920241183,0.5353551459534207
sigma_xl_0.9900,0.99,1108.0,16.054995977638292,3.0163364598067433,14.61302616224621,11.004216410709251,-0.016343275658568857,-0.01753850678501756,0.050851150142843915,0.535359738822489
sigma_xl_0.9900,0.99,1109.0,16.068845844679426,3.0197842492216367,14.626877292861288,11.014547375032235,-0.01636046255293877,-0.017547115002338742,0.0508511110863438,0.5353643315204935
sigma_xl_0.9900,0.99,1110.0,16.082695672758792,3.0232320279465466,14.640728384421353,11.024878311169932,-0.016377688378844013,-0.01755576254428881,0.050851072032907924,0.5353689240474453
sigma_xl_0.9900,0.99,1111.0,16.096545461879444,3.026679795984787,14.654579436929453,11.03520921912215,-0.016394953133264778,-0.017564449407824867,0.05085103298253266,0.5353735164033556
sigma_xl_0.9900,0.99,1112.0,16.11039521204444,3.030127553339673,14.66843045038863,11.045540098888699,-0.016412256813138626,-0.017573175589848944,0.05085099393521837,0.5353781085882358
sigma_xl_0.9900,0.99,1113.0,16.124244923256835,3.033575300014518,14.682281424801934,11.05587095046939,-0.016429599415467067,-0.01758194108733413,0.0508509548909597,0.535382700602097
sigma_xl_0.9900,0.99,1114.0,16.13809459551968,3.037023036012637,14.696132360172404,11.066201773864037,-0.01644698093718766,-0.017590745897187787,0.050850915849757525,0.5353872924449506
sigma_xl_0.9900,0.99,1115.0,16.15194422883603,3.0404707613373447,14.709983256503088,11.076532569072448,-0.01646440137529659,-0.017599590016374123,0.050850876811606646,0.5353918841168076
sigma_xl_0.9900,0.99,1116.0,16.16579382320894,3.043918475991954,14.72383411379703,11.086863336094432,-0.01648186072677582,-0.01760847344184313,0.05085083777650348,0.5353964756176796
sigma_xl_0.9900,0.99,1117.0,16.179643378641465,3.047366179979781,14.737684932057274,11.097194074929801,-0.016499358988559365,-0.017617396170502175,0.050850798744449116,0.5354010669475774
sigma_xl_0.9900,0.99,1118.0,16.19349289513666,3.050813873304139,14.751535711286863,11.107524785578365,-0.016516896157652283,-0.01762635819932612,0.05085075971543743,0.5354056581065125
sigma_xl_0.9900,0.99,1119.0,16.20734237269758,3.0542615559683415,14.765386451488846,11.117855468039936,-0.016534472230999242,-0.017635359525224104,0.050850720689468776,0.5354102490944961
sigma_xl_0.9900,0.99,1120.0,16.221191811327277,3.0577092279757045,14.779237152666262,11.128186122314322,-0.016552087205599975,-0.017644400145169215,0.05085068166653725,0.5354148399115395
sigma_xl_0.9900,0.99,1121.0,16.235041211028808,3.061156889329542,14.79308781482216,11.138516748401333,-0.016569741078400924,-0.017653480056079474,0.050850642646642866,0.5354194305576537
sigma_xl_0.9900,0.99,1122.0,16.248890571805227,3.064604540033167,14.806938437959586,11.148847346300784,-0.016587433846380506,-0.01766259925489777,0.050850603629782554,0.5354240210328503
sigma_xl_0.9900,0.99,1123.0,16.26273989365959,3.068052180089895,14.820789022081579,11.159177916012482,-0.016605165506518915,-0.0176717577385741,0.05085056461595257,0.5354286113371401
sigma_xl_0.9900,0.99,1124.0,16.276589176594943,3.071499809503041,14.834639567191186,11.169508457536237,-0.01662293605578391,-0.017680955504049578,0.050850525605151256,0.5354332014705347
sigma_xl_0.9900,0.99,1125.0,16.29043842061435,3.074947428275917,14.848490073291451,11.17983897087186,-0.016640745491153908,-0.017690192548270645,0.050850486597374525,0.5354377914330453
sigma_xl_0.9900,0.99,1126.0,16.304287625720868,3.0783950364118393,14.862340540385421,11.190169456019161,-0.01665859380958956,-0.017699468868167756,0.05085044759262074,0.5354423812246829
sigma_xl_0.9900,0.99,1127.0,16.31813679191754,3.0818426339141216,14.87619096847614,11.200499912977953,-0.016676481008067512,-0.017708784460687355,0.050850408590887755,0.5354469708454589
sigma_xl_0.9900,0.99,1128.0,16.33198591920743,3.0852902207860784,14.89004135756665,11.210830341748046,-0.01669440708356973,-0.017718139322781212,0.05085036959217057,0.5354515602953843
sigma_xl_0.9900,0.99,1129.0,16.34583500759359,3.0887377970310235,14.903891707659998,11.221160742329248,-0.016712372033056866,-0.01772753345137623,0.05085033059646861,0.5354561495744707
sigma_xl_0.9900,0.99,1130.0,16.35968405707907,3.0921853626522715,14.917742018759228,11.23149111472137,-0.016730375853517998,-0.017736966843433066,0.05085029160377759,0.5354607386827291
sigma_xl_0.9900,0.99,1131.0,16.37353306766693,3.095632917653137,14.931592290867384,11.241821458924225,-0.016748418541910226,-0.017746439495880395,0.05085025261409554,0.5354653276201709
sigma_xl_0.9900,0.99,1132.0,16.387382039360222,3.0990804620369348,14.945442523987511,11.25215177493762,-0.01676650009521552,-0.017755951405666437,0.05085021362741941,0.535469916386807
sigma_xl_0.9900,0.99,1133.0,16.401230972162004,3.1025279958069776,14.959292718122656,11.262482062761366,-0.016784620510408743,-0.017765502569737635,0.05085017464374578,0.5354745049826489
sigma_xl_0.9900,0.99,1134.0,16.41507986607531,3.105975518966549,14.973142873275847,11.272812322395296,-0.016802779784462984,-0.017775092985038654,0.05085013566307395,0.5354790934077077
sigma_xl_0.9900,0.99,1135.0,16.42892872110309,3.1094230315187317,14.986992989450055,11.283142553839369,-0.01682097791444903,-0.017784722648606532,0.050850096685401386,0.5354836816619943
sigma_xl_0.9900,0.99,1136.0,16.442777537248325,3.11287053346656,15.000843066648244,11.293472757093586,-0.016839214897407473,-0.01779439155745166,0.050850057710726676,0.5354882697455197
sigma_xl_0.9900,0.99,1137.0,16.456626314513983,3.1163180248130704,15.014693104873375,11.30380293215794,-0.016857490730375346,-0.017804099708586207,0.050850018739048874,0.5354928576582944
sigma_xl_0.9900,0.99,1138.0,16.470475052903033,3.1197655055613005,15.028543104128417,11.31413307903243,-0.01687580541039857,-0.01781384709902234,0.05084997977036643,0.5354974454003294
sigma_xl_0.9900,0.99,1139.0,16.484323752418458,3.1232129757142872,15.042393064416334,11.324463197717057,-0.016894158934540826,-0.017823633725797094,0.05084994080467482,0.5355020329716358
sigma_xl_0.9900,0.99,1140.0,16.498172413063216,3.1266604352750687,15.056242985740086,11.334793288211813,-0.016912551299856915,-0.017833459585933298,0.05084990184197262,0.5355066203722241
sigma_xl_0.9900,0.99,1141.0,16.51202103484029,3.1301078842466805,15.070092868102641,11.345123350516698,-0.016930982503373215,-0.01784332467642713,0.050849862882258734,0.5355112076021052
sigma_xl_0.9900,0.99,1142.0,16.52586961775265,3.1335553226321604,15.083942711506964,11.355453384631705,-0.01694945254214808,-0.0178532289943103,0.05084982392553068,0.5355157946612902
sigma_xl_0.9900,0.99,1143.0,16.539718161803272,3.137002750434546,15.097792515956018,11.365783390556835,-0.016967961413223875,-0.017863172536593197,0.050849784971786285,0.5355203815497896
sigma_xl_0.9900,0.99,1144.0,16.553566666995124,3.1404501676568737,15.111642281452767,11.376113368292087,-0.016986509113676718,-0.01787315530032174,0.05084974602102124,0.5355249682676146
sigma_xl_0.9900,0.99,1145.0,16.567415133331178,3.1438975743021813,15.125492008000178,11.386443317837454,-0.017005095640522327,-0.01788317728248323,0.05084970707323681,0.5355295548147758
sigma_xl_0.9900,0.99,1146.0,16.581263560814413,3.1473449703735055,15.139341695601214,11.396773239192934,-0.017023720990829716,-0.01789323848011648,0.050849668128428005,0.535534141191284
sigma_xl_0.9900,0.99,1147.0,16.595111949447794,3.150792355873883,15.15319134425884,11.407103132358523,-0.017042385161644802,-0.017903338890237208,0.050849629186593845,0.5355387273971502
sigma_xl_0.9900,0.99,1148.0,16.6089602992343,3.154239730806352,15.16704095397602,11.417432997334224,-0.017061088150011727,-0.017913478509861136,0.05084959024773189,0.5355433134323853
sigma_xl_0.9900,0.99,1149.0,16.622808610176904,3.1576870951739493,15.18089052475572,11.427762834120028,-0.017079829952994174,-0.01792365733601997,0.050849551311838714,0.5355478992969999
sigma_xl_0.9900,0.99,1150.0,16.636656882278572,3.161134448979711,15.194740056600903,11.438092642715933,-0.017098610567632733,-0.017933875365729435,0.05084951237891304,0.5355524849910049
sigma_xl_0.9900,0.99,1151.0,16.65050511554228,3.164581792226676,15.208589549514533,11.448422423121938,-0.017117429990975097,-0.017944132595999918,0.0508494734489531,0.5355570705144113
sigma_xl_0.9900,0.99,1152.0,16.664353309971006,3.16802912491788,15.222439003499577,11.45875217533804,-0.01713628822008495,-0.01795442902387201,0.050849434521954576,0.5355616558672298
sigma_xl_0.9900,0.99,1153.0,16.678201465567717,3.17147644705636,15.236288418558997,11.469081899364237,-0.01715518525199755,-0.017964764646348996,0.050849395597916916,0.5355662410494713
sigma_xl_0.9900,0.99,1154.0,16.69204958233539,3.1749237586451544,15.25013779469576,11.479411595200522,-0.017174121083762373,-0.017975139460453704,0.05084935667683764,0.5355708260611465
sigma_xl_0.9900,0.99,1155.0,16.70589766027699,3.1783710596873,15.26398713191283,11.489741262846895,-0.0171930957124502,-0.017985553463219617,0.050849317758713486,0.5355754109022665
sigma_xl_0.9900,0.99,1156.0,16.719745699395496,3.1818183501858326,15.27783643021317,11.500070902303355,-0.017212109135094522,-0.017996006651658902,0.05084927884354233,0.5355799955728419
sigma_xl_0.9900,0.99,1157.0,16.733593699693884,3.1852656301437907,15.291685689599747,11.510400513569897,-0.01723116134877145,-0.01800649902281215,0.050849239931319845,0.5355845800728836
sigma_xl_0.9900,0.99,1158.0,16.747441661175117,3.188712899564211,15.305534910075524,11.520730096646517,-0.017250252350494932,-0.018017030573668436,0.05084920102204768,0.5355891644024026
sigma_xl_0.9900,0.99,1159.0,16.761289583842178,3.1921601584501307,15.319384091643464,11.531059651533212,-0.017269382137349965,-0.01802760130127723,0.05084916211571951,0.5355937485614093
sigma_xl_0.9900,0.99,1160.0,16.77513746769803,3.195607406804587,15.333233234306533,11.541389178229982,-0.01728855070636115,-0.018038211202640042,0.050849123212335895,0.535598332549915
sigma_xl_0.9900,0.99,1161.0,16.788985312745652,3.1990546446306167,15.347082338067697,11.551718676736824,-0.01730775805460638,-0.01804886027480279,0.05084908431189161,0.5356029163679302
sigma_xl_0.9900,0.99,1162.0,16.802833118988016,3.2025018719312577,15.360931402929918,11.562048147053734,-0.01732700417912625,-0.018059548514768764,0.05084904541438563,0.5356075000154661
sigma_xl_0.9900,0.99,1163.0,16.81668088642809,3.2059490887095463,15.374780428896162,11.572377589180705,-0.017346289076975552,-0.018070275919574996,0.05084900651981469,0.5356120834925332
sigma_xl_0.9900,0.99,1164.0,16.830528615068857,3.2093962949685197,15.388629415969394,11.58270700311774,-0.017365612745207315,-0.01808104248623721,0.050848967628176464,0.5356166667991424
sigma_xl_0.9900,0.99,1165.0,16.84437630491328,3.2128434907112156,15.402478364152579,11.593036388864835,-0.01738497518087101,-0.018091848211783557,0.05084892873946863,0.5356212499353046
sigma_xl_0.9900,0.99,1166.0,16.858223955964334,3.2162906759406704,15.41632727344868,11.603365746421987,-0.01740437638101966,-0.018102693093226208,0.05084888985368882,0.5356258329010305
sigma_xl_0.9900,0.99,1167.0,16.872071568224992,3.219737850659916,15.430176143860658,11.613695075789195,-0.017423816342711618,-0.018113577127600422,0.05084885097083351,0.5356304156963311
sigma_xl_0.9900,0.99,1168.0,16.885919141698153,3.223185014871843,15.44402497539143,11.62402437696655,-0.017443295063056752,-0.018124500311987646,0.0508488120909021,0.5356349983212169
sigma_xl_0.9900,0.99,1169.0,16.8997666763867,3.226632168579235,15.45787376804388,11.63435364995422,-0.017462812539161376,-0.018135462643460443,0.05084877321389586,0.5356395807756983
sigma_xl_0.9900,0.99,1170.0,16.913614172293542,3.230079311784879,15.471722521820904,11.644682894752368,-0.01748236876816378,-0.01814646411913401,0.050848734339809604,0.535644163059786
sigma_xl_0.9900,0.99,1171.0,16.92746162942157,3.2335264444915643,15.485571236725391,11.655012111361156,-0.017501963747180938,-0.01815750473608979,0.05084869546864315,0.5356487451734905
sigma_xl_0.9900,0.99,1172.0,16.941309047773682,3.236973566702078,15.499419912760235,11.665341299780751,-0.01752159747331561,-0.018168584491409234,0.05084865660039521,0.5356533271168219
sigma_xl_0.9900,0.99,1173.0,16.955156427352783,3.2404206784192073,15.513268549928327,11.67567046001132,-0.017541269943720295,-0.018179703382207535,0.05084861773506133,0.5356579088897911
sigma_xl_0.9900,0.99,1174.0,16.969003768161766,3.243867779645741,15.52711714823256,11.685999592053024,-0.017560981155479993,-0.018190861405548375,0.05084857887264278,0.5356624904924083
sigma_xl_0.9900,0.99,1175.0,16.982851070203537,3.247314870384466,15.540965707675825,11.696328695906029,-0.0175807311057401,-0.0182020585585434,0.05084854001313466,0.5356670719246843
sigma_xl_0.9900,0.99,1176.0,16.996698333480985,3.250761950638171,15.554814228261014,11.706657771570498,-0.01760051979161581,-0.018213294838277605,0.050848501156537024,0.5356716531866295
sigma_xl_0.9900,0.99,1177.0,17.010545557997016,3.254209020409643,15.56866270999102,11.716986819046598,-0.017620347210225873,-0.01822457024184665,0.050848462302846606,0.5356762342782541
sigma_xl_0.9900,0.99,1178.0,17.02439274375452,3.2576560797016705,15.582511152868733,11.727315838334494,-0.017640213358699697,-0.018235884766344412,0.05084842345206199,0.5356808151995687
sigma_xl_0.9900,0.99,1179.0,17.038239890756408,3.261103128517041,15.596359556897049,11.737644829434345,-0.01766011823414182,-0.018247238408850563,0.05084838460418137,0.535685395950584
sigma_xl_0.9900,0.99,1180.0,17.05208699900557,3.2645501668585424,15.610207922078857,11.747973792346322,-0.01768006183369053,-0.018258631166473194,0.050848345759202065,0.5356899765313103
sigma_xl_0.9900,0.99,1181.0,17.06593406850491,3.2679971947289617,15.62405624841705,11.758302727070587,-0.017700044154455696,-0.0182700630362973,0.05084830691712247,0.535694556941758
sigma_xl_0.9900,0.99,1182.0,17.07978109925732,3.271444212131088,15.637904535914519,11.768631633607304,-0.017720065193566725,-0.018281534015416767,0.050848268077940045,0.5356991371819378
sigma_xl_0.9900,0.99,1183.0,17.093628091265707,3.274891219067708,15.651752784574159,11.77896051195664,-0.017740124948144143,-0.018293044100923694,0.05084822924165318,0.5357037172518602
sigma_xl_0.9900,0.99,1184.0,17.10747504453296,3.27833821554161,15.665600994398858,11.789289362118758,-0.017760223415308474,-0.018304593289915516,0.05084819040825955,0.5357082971515353
sigma_xl_0.9900,0.99,1185.0,17.121321959061987,3.281785201555582,15.67944916539151,11.79961818409382,-0.017780360592183797,-0.018316181579479007,0.0508481515777572,0.535712876880974
sigma_xl_0.9900,0.99,1186.0,17.13516883485568,3.285232177112412,15.69329729755501,11.809946977881994,-0.01780053647589952,-0.018327808966724035,0.05084811275014289,0.5357174564401866
sigma_xl_0.9900,0.99,1187.0,17.149015671916942,3.2886791422148867,15.707145390892245,11.820275743483446,-0.017820751063556628,-0.018339475448714282,0.05084807392541693,0.5357220358291835
sigma_xl_0.9900,0.99,1188.0,17.16286247024867,3.292126096865795,15.72099344540611,11.830604480898337,-0.017841004352302292,-0.018351181022575602,0.050848035103574385,0.5357266150479754
sigma_xl_0.9900,0.99,1189.0,17.17670922985376,3.2955730410679243,15.734841461099496,11.840933190126831,-0.017861296339249932,-0.01836292568538589,0.0508479962846143,0.5357311940965724
sigma_xl_0.9900,0.99,1190.0,17.190555950735117,3.299019974824062,15.748689437975296,11.851261871169095,-0.017881627021534285,-0.018374709434251457,0.05084795746853327,0.5357357729749854
sigma_xl_0.9900,0.99,1191.0,17.204402632895633,3.3024668981369967,15.762537376036402,11.861590524025296,-0.017901996396261666,-0.01838653226625553,0.050847918655330754,0.5357403516832248
sigma_xl_0.9900,0.99,1192.0,17.218249276338213,3.3059138110095154,15.776385275285708,11.871919148695593,-0.017922404460563257,-0.018398394178491984,0.05084787984500372,0.5357449302213008
sigma_xl_0.9900,0.99,1193.0,17.23209588106575,3.3093607134444065,15.790233135726101,11.882247745180152,-0.017942851211554256,-0.01841029516805648,0.05084784103755073,0.535749508589224
sigma_xl_0.9900,0.99,1194.0,17.245942447081145,3.312807605444458,15.804080957360476,11.89257631347914,-0.01796333664637828,-0.018422235232053552,0.05084780223296782,0.5357540867870049
sigma_xl_0.9900,0.99,1195.0,17.2597889743873,3.3162544870124564,15.817928740191725,11.90290485359272,-0.017983860762132764,-0.018434214367561097,0.05084776343125466,0.535758664814654
sigma_xl_0.9900,0.99,1196.0,17.273635462987105,3.319701358151191,15.831776484222742,11.913233365521059,-0.018004423555975535,-0.018446232571704968,0.05084772463240621,0.5357632426721818
sigma_xl_0.9900,0.99,1197.0,17.287481912883468,3.3231482188634494,15.845624189456414,11.923561849264317,-0.018025025025004027,-0.018458289841548847,0.05084768583642282,0.5357678203595986
sigma_xl_0.9900,0.99,1198.0,17.301328324079286,3.326595069152018,15.859471855895638,11.933890304822661,-0.018045665166344094,-0.01847038617419372,0.050847647043301275,0.535772397876915
sigma_xl_0.9900,0.99,1199.0,17.31517469657745,3.330041909019686,15.873319483543304,11.944218732196255,-0.01806634397714646,-0.018482521566760113,0.05084760825303798,0.5357769752241416
sigma_xl_0.9900,0.99,1200.0,17.32902103038087,3.3334887384692413,15.887167072402304,11.954547131385267,-0.01808706145451211,-0.01849469601632414,0.050847569465631515,0.5357815524012886
sigma_xl_0.9900,0.99,1201.0,17.342867325492396,3.3369355575034003,15.901014622475504,11.964875502389901,-0.01810781759559532,-0.01850690952000633,0.050847530681081485,0.5357861294083665
sigma_xl_0.9900,0.99,1202.0,17.356713581914843,3.340382366124732,15.914862133765727,11.975203845210466,-0.01812861239758945,-0.018519162074973394,0.05084749189938685,0.5357907062453854
sigma_xl_0.9900,0.99,1203.0,17.37055979965105,3.3438291643357996,15.928709606275797,11.985532159847278,-0.0181494458576843,-0.018531453678384935,0.050847453120545075,0.5357952829123556
sigma_xl_0.9900,0.99,1204.0,17.384405978703843,3.347275952139166,15.942557040008541,11.995860446300654,-0.018170317973062566,-0.018543784327402335,0.050847414344555086,0.5357998594092871
sigma_xl_0.9900,0.99,1205.0,17.39825211907605,3.350722729537395,15.956404434966789,12.006188704570903,-0.018191228740899845,-0.018556154019167437,0.05084737557141618,0.5358044357361901
sigma_xl_0.9900,0.99,1206.0,17.412098220770513,3.354169496533051,15.970251791153363,12.016516934658345,-0.018212178158396597,-0.018568562750848727,0.050847336801125076,0.5358090118930748
sigma_xl_0.9900,0.99,1207.0,17.425944283790056,3.357616253128697,15.984099108571089,12.02684513656329,-0.01823316622272486,-0.018581010519598706,0.050847298033681126,0.5358135878799514
sigma_xl_0.9900,0.99,1208.0,17.43979030813751,3.361062999326896,15.997946387222797,12.03717331028606,-0.01825419293109931,-0.018593497322594743,0.05084725926908035,0.5358181636968301
sigma_xl_0.9900,0.99,1209.0,17.453636293815713,3.364509735130212,16.011793627111313,12.04750145582696,-0.01827525828066001,-0.018606023156955587,0.05084722050732453,0.5358227393437208
sigma_xl_0.9900,0.99,1210.0,17.46748224082749,3.3679564605412087,16.02564082823946,12.057829573186313,-0.018296362268635846,-0.018618588019874593,0.05084718174840866,0.535827314820634
sigma_xl_0.9900,0.99,1211.0,17.481328149175674,3.371403175562449,16.039487990610066,12.068157662364428,-0.018317504892195302,-0.01863119190850071,0.05084714299233202,0.5358318901275796
sigma_xl_0.9900,0.99,1212.0,17.4951740188631,3.374849880196497,16.05333511422596,12.078485723361624,-0.018338686148513972,-0.018643834819977556,0.0508471042390939,0.5358364652645679
sigma_xl_0.9900,0.99,1213.0,17.509019849892596,3.378296574445916,16.067182199089967,12.088813756178215,-0.01835990603479587,-0.01865651675147717,0.05084706548869139,0.535841040231609
sigma_xl_0.9900,0.99,1214.0,17.522865642266996,3.3817432583132696,16.08102924520491,12.099141760814513,-0.0183811645482308,-0.018669237700164487,0.05084702674112129,0.535845615028713
sigma_xl_0.9900,0.99,1215.0,17.53671139598913,3.385189931801121,16.094876252573616,12.109469737270834,-0.018402461685994354,-0.0186819976631849,0.05084698799638396,0.53585018965589
sigma_xl_0.9900,0.99,1216.0,17.550557111061828,3.3886365949120343,16.108723221198918,12.119797685547493,-0.018423797445262124,-0.018694796637689137,0.050846949254477955,0.5358547641131505
sigma_xl_0.9900,0.99,1217.0,17.564402787487925,3.3920832476485727,16.122570151083636,12.130125605644807,-0.018445171823248785,-0.018707634620859892,0.05084691051539898,0.5358593384005043
sigma_xl_0.9900,0.99,1218.0,17.578248425270253,3.3955298900132997,16.136417042230597,12.140453497563087,-0.018466584817126375,-0.018720511609844337,0.05084687177914596,0.5358639125179616
sigma_xl_0.9900,0.99,1219.0,17.59209402441164,3.3989765220087786,16.150263894642627,12.150781361302649,-0.018488036424084697,-0.018733427601803854,0.050846833045717424,0.5358684864655328
sigma_xl_0.9900,0.99,1220.0,17.60593958491492,3.402423143637574,16.164110708322557,12.161109196863809,-0.018509526641327767,-0.01874638259390693,0.05084679431510984,0.5358730602432278
sigma_xl_0.9900,0.99,1221.0,17.619785106782924,3.4058697549022474,16.17795748327321,12.17143700424688,-0.018531055466013413,-0.01875937658329363,0.050846755587323864,0.5358776338510569
sigma_xl_0.9900,0.99,1222.0,17.633630590018484,3.4093163558053643,16.191804219497413,12.181764783452177,-0.018552622895352755,-0.01877240956713777,0.050846716862355604,0.53588220728903
sigma_xl_0.9900,0.99,1223.0,17.647476034624432,3.412762946349487,16.205650916997993,12.192092534480015,-0.01857422892652494,-0.018785481542597182,0.05084667814020323,0.5358867805571577
sigma_xl_0.9900,0.99,1224.0,17.661321440603597,3.4162095265371804,16.219497575777773,12.20242025733071,-0.018595873556716214,-0.018798592506822587,0.05084663942086605,0.5358913536554496
sigma_xl_0.9900,0.99,1225.0,17.675166807958814,3.4196560963710065,16.23334419583958,12.212747952004575,-0.018617556783119937,-0.0188117424569878,0.05084660070434045,0.5358959265839163
sigma_xl_0.9900,0.99,1226.0,17.689012136692913,3.423102655853529,16.247190777186248,12.223075618501925,-0.018639278602929465,-0.01882493139025243,0.0508465619906243,0.5359004993425679
sigma_xl_0.9900,0.99,1227.0,17.702857426808727,3.4265492049873125,16.26103731982059,12.233403256823074,-0.01866103901333105,-0.018838159303774304,0.05084652327971613,0.5359050719314141
sigma_xl_0.9900,0.99,1228.0,17.716702678309087,3.42999574377492,16.274883823745448,12.24373086696834,-0.018682838011510938,-0.018851426194709475,0.050846484571613476,0.5359096443504657
sigma_xl_0.9900,0.99,1229.0,17.73054789119682,3.433442272218914,16.288730288963638,12.254058448938034,-0.018704675594666043,-0.018864732060229983,0.05084644586631451,0.5359142165997323
sigma_xl_0.9900,0.99,1230.0,17.744393065474767,3.4368887903218597,16.30257671547799,12.264386002732474,-0.018726551759971954,-0.01887807689748655,0.050846407163817095,0.5359187886792244
sigma_xl_0.9900,0.99,1231.0,17.758238201145748,3.4403352980863193,16.316423103291324,12.27471352835197,-0.018748466504629135,-0.018891460703644114,0.05084636846411979,0.535923360588952
sigma_xl_0.9900,0.99,1232.0,17.772083298212607,3.443781795514857,16.330269452406476,12.285041025796842,-0.018770419825813178,-0.01890488347585695,0.050846329767219714,0.5359279323289252
sigma_xl_0.9900,0.99,1233.0,17.785928356678163,3.4472282826100367,16.344115762826267,12.2953684950674,-0.018792411720749413,-0.018918345211316634,0.050846291073112934,0.5359325038991543
sigma_xl_0.9900,0.99,1234.0,17.799773376545243,3.450674759374398,16.357962034553516,12.305695936163978,-0.01881444218659567,-0.018931845907152578,0.05084625238180124,0.5359370752996492
sigma_xl_0.9900,0.99,1235.0,17.813618357816594,3.4541212258103355,16.371808267590986,12.316023349086995,-0.01883651122061991,-0.018945385560611427,0.050846213693282474,0.5359416465304199
sigma_xl_0.9900,0.99,1236.0,17.827463300494994,3.4575676819202106,16.385654461941453,12.3263507338369,-0.01885861882006168,-0.01895896416889542,0.050846175007555575,0.5359462175914763
sigma_xl_0.9900,0.99,1237.0,17.841308204583207,3.4610141277063833,16.39950061760768,12.336678090414146,-0.018880764982171172,-0.018972581729235216,0.050846136324618346,0.5359507884828283
sigma_xl_0.9900,0.99,1238.0,17.855153070084,3.464460563171216,16.413346734592423,12.347005418819183,-0.018902949704195038,-0.018986238238845488,0.05084609764447012,0.5359553592044857
sigma_xl_0.9900,0.99,1239.0,17.868997897000153,3.4679069883170714,16.427192812898465,12.357332719052454,-0.018925172983355054,-0.018999933694923143,0.05084605896711014,0.5359599297564585
sigma_xl_0.9900,0.99,1240.0,17.882842685334428,3.47135340314631,16.44103885252856,12.367659991114415,-0.018947434816919184,-0.019013668094704173,0.05084602029253556,0.5359645001387562
sigma_xl_0.9900,0.99,1241.0,17.896687435089603,3.474799807661294,16.454884853485485,12.377987235005511,-0.018969735202119864,-0.01902744143539259,0.05084598162074565,0.5359690703513891
sigma_xl_0.9900,0.99,1242.0,17.91053214626844,3.4782462018643847,16.468730815772,12.388314450726192,-0.018992074136225057,-0.019041253714238593,0.05084594295173682,0.5359736403943668
sigma_xl_0.9900,0.99,1243.0,17.92437681887372,3.481692585757944,16.482576739390872,12.398641638276912,-0.019014451616460093,-0.019055104928424882,0.05084590428550907,0.5359782102676993
sigma_xl_0.9900,0.99,1244.0,17.93822145290821,3.485138959344335,16.49642262434487,12.408968797658114,-0.019036867640068067,-0.019068995075183892,0.05084586562206096,0.5359827799713964
sigma_xl_0.9900,0.99,1245.0,17.952066048374675,3.488585322625918,16.510268470636763,12.419295928870248,-0.01905932220429918,-0.01908292415172319,0.05084582696139109,0.535987349505468
sigma_xl_0.9900,0.99,1246.0,17.965910605275894,3.492031675605055,16.524114278269312,12.429623031913769,-0.01908181530640718,-0.019096892155275214,0.0508457883034958,0.5359919188699239
sigma_xl_0.9900,0.99,1247.0,17.979755123614634,3.495478018284108,16.537960047245292,12.439950106789121,-0.019104346943620953,-0.019110899083043975,0.05084574964837586,0.5359964880647741
sigma_xl_0.9900,0.99,1248.0,17.993599603393665,3.498924350665439,16.55180577756746,12.450277153496755,-0.01912691711321557,-0.019124944932269017,0.05084571099602697,0.5360010570900283
sigma_xl_0.9900,0.99,1249.0,18.00744404461576,3.502370672751409,16.565651469238592,12.460604172037119,-0.0191495258124057,-0.019139029700143695,0.05084567234644981,0.5360056259456965
sigma_xl_0.9900,0.99,1250.0,18.021288447283688,3.50581698454438,16.579497122261444,12.470931162410663,-0.019172173038459306,-0.019153153383903998,0.05084563369964118,0.5360101946317883
sigma_xl_0.9900,0.99,1251.0,18.03513281140022,3.5092632860467146,16.593342736638796,12.481258124617838,-0.019194858788608826,-0.019167315980761046,0.05084559505559999,0.5360147631483139
sigma_xl_0.9900,0.99,1252.0,18.04897713696813,3.512709577260773,16.607188312373403,12.49158505865909,-0.01921758306011867,-0.019181517487943722,0.05084555641432337,0.536019331495283
sigma_xl_0.9900,0.99,1253.0,18.062821423990183,3.516155858188919,16.62103384946804,12.501911964534873,-0.019240345850210616,-0.01919575790265249,0.05084551777581167,0.5360238996727055
sigma_xl_0.9900,0.99,1254.0,18.076665672469154,3.519602128833512,16.634879347925473,12.512238842245631,-0.019263147156159732,-0.019210037222128662,0.050845479140060226,0.5360284676805912
sigma_xl_0.9900,0.99,1255.0,18.09050988240781,3.5230483891969158,16.64872480774846,12.522565691791819,-0.019285986975194902,-0.019224355443576258,0.05084544050706978,0.53603303551895
sigma_xl_0.9900,0.99,1256.0,18.10435405380893,3.5264946392814913,16.662570228939778,12.53289251317388,-0.01930886530457343,-0.019238712564229488,0.05084540187683638,0.5360376031877917
sigma_xl_0.9900,0.99,1257.0,18.118198186675272,3.5299408790896,16.67641561150219,12.543219306392267,-0.019331782141527754,-0.01925310858128526,0.050845363249361064,0.5360421706871262
sigma_xl_0.9900,0.99,1258.0,18.132042281009618,3.533387108623604,16.69026095543846,12.55354607144743,-0.019354737483329387,-0.019267543491993777,0.05084532462463813,0.5360467380169635
sigma_xl_0.9900,0.99,1259.0,18.145886336814733,3.5368333278858657,16.70410626075136,12.563872808339815,-0.019377731327203662,-0.01928201729354484,0.05084528600266901,0.5360513051773131
sigma_xl_0.9900,0.99,1260.0,18.15973035409339,3.5402795368787454,16.717951527443656,12.574199517069875,-0.019400763670411436,-0.019296529983181543,0.050845247383449726,0.5360558721681853
sigma_xl_0.9900,0.99,1261.0,18.173574332848357,3.543725735604606,16.73179675551811,12.584526197638057,-0.019423834510185145,-0.019311081558102572,0.05084520876698066,0.5360604389895895
sigma_xl_0.9900,0.99,1262.0,18.18741827308241,3.547171924065809,16.745641944977496,12.594852850044811,-0.019446943843792752,-0.019325672015547468,0.0508451701532575,0.5360650056415358
sigma_xl_0.9900,0.99,1263.0,18.201262174798313,3.5506181022647154,16.75948709582457,12.605179474290587,-0.019470091668480904,-0.019340301352736233,0.050845131542278835,0.5360695721240343
sigma_xl_0.9900,0.99,1264.0,18.215106037998844,3.554064270203688,16.773332208062115,12.615506070375833,-0.019493277981503354,-0.01935496956689775,0.05084509293404177,0.5360741384370943
sigma_xl_0.9900,0.99,1265.0,18.228949862686765,3.557510427885089,16.78717728169288,12.625832638300999,-0.019516502780085432,-0.01936967665522893,0.05084505432854701,0.536078704580726
sigma_xl_0.9900,0.99,1266.0,18.242793648864858,3.5609565753112777,16.801022316719646,12.636159178066535,-0.019539766061484443,-0.0193844226149551,0.05084501572579134,0.5360832705549393
sigma_xl_0.9900,0.99,1267.0,18.25663739653588,3.5644027124846147,16.814867313145168,12.64648568967289,-0.019563067822971902,-0.01939920744332113,0.050844977125771185,0.5360878363597439
sigma_xl_0.9900,0.99,1268.0,18.27048110570255,3.5678488394073535,16.828712270972183,12.656812173120583,-0.019586408061801563,-0.019414031137559462,0.05084493852848938,0.5360924019951494
sigma_xl_0.9900,0.99,1269.0,18.28432477636757,3.571294956081671,16.84255719020339,12.667138628410182,-0.01960978677530889,-0.019428893694971805,0.050844899933943075,0.5360969674611656
sigma_xl_0.9900,0.99,1270.0,18.298168408533666,3.574741062509749,16.856402070841508,12.67746505554226,-0.019633203960768952,-0.019443795112811912,0.05084486134213084,0.5361015327578021
sigma_xl_0.9900,0.99,1271.0,18.31201200220354,3.5781871586937655,16.870246912889247,12.687791454517384,-0.019656659615488792,-0.0194587353883513,0.050844822753052674,0.5361060978850685
sigma_xl_0.9900,0.99,1272.0,18.32585555737992,3.581633244635903,16.884091716349324,12.698117825336126,-0.019680153736775452,-0.019473714518879248,0.05084478416670461,0.5361106628429742
sigma_xl_0.9900,0.99,1273.0,18.339699074065514,3.585079320338341,16.897936481224452,12.708444167999055,-0.019703686321904,-0.01948873250163352,0.050844745583088824,0.5361152276315289
sigma_xl_0.9900,0.99,1274.0,18.353542552263036,3.588525385803259,16.911781207517333,12.71877048250674,-0.019727257368195694,-0.01950378933391761,0.05084470700220099,0.5361197922507422
sigma_xl_0.9900,0.99,1275.0,18.36738599197521,3.591971441032838,16.92562589523069,12.729096768859751,-0.019750866872936257,-0.01951888501298704,0.050844668424040756,0.5361243567006239
sigma_xl_0.9900,0.99,1276.0,18.38122939320474,3.595417486029258,16.939470544367232,12.73942302705866,-0.019774514833432733,-0.019534019536116887,0.05084462984860666,0.5361289209811834
sigma_xl_0.9900,0.99,1277.0,18.395072755954352,3.5988635207946986,16.953315154929676,12.749749257104035,-0.01979820124698506,-0.019549192900585766,0.05084459127589623,0.5361334850924303
sigma_xl_0.9900,0.99,1278.0,18.408916080226756,3.6023095453313414,16.967159726920727,12.760075458996448,-0.019821926110886068,-0.019564405103654536,0.05084455270590944,0.5361380490343743
sigma_xl_0.9900,0.99,1279.0,18.42275936602467,3.605755559641366,16.981004260343106,12.770401632736466,-0.019845689422435697,-0.01957965614260182,0.0508445141386438,0.5361426128070249
sigma_xl_0.9900,0.99,1280.0,18.436602613350807,3.609201563726952,16.994848755199516,12.78072777832466,-0.01986949117894099,-0.01959494601470091,0.050844475574098213,0.5361471764103918
sigma_xl_0.9900,0.99,1281.0,18.450445822207886,3.61264755759028,17.00869321149268,12.791053895761602,-0.01989333137768412,-0.01961027471721266,0.05084443701227161,0.5361517398444845
sigma_xl_0.9900,0.99,1282.0,18.464288992598615,3.616093541233531,17.022537629225305,12.801379985047857,-0.01991721001598279,-0.019625642247428132,0.050844398453161826,0.5361563031093126
sigma_xl_0.9900,0.99,1283.0,18.47813212452572,3.619539514658884,17.036382008400103,12.811706046184,-0.01994112709114404,-0.019641048602618838,0.050844359896765653,0.5361608662048858
sigma_xl_0.9900,0.99,1284.0,18.49197521799191,3.62298547786852,17.050226349019788,12.822032079170599,-0.019965082600450046,-0.019656493780045636,0.05084432134308378,0.5361654291312136
sigma_xl_0.9900,0.99,1285.0,18.505818272999903,3.626431430864619,17.06407065108708,12.832358084008224,-0.019989076541200745,-0.019671977776980043,0.050844282792114795,0.5361699918883056
sigma_xl_0.9900,0.99,1286.0,18.51966128955241,3.6298773736493617,17.077914914604673,12.842684060697444,-0.020013108910717392,-0.019687500590718443,0.050844244243854725,0.5361745544761715
sigma_xl_0.9900,0.99,1287.0,18.533504267652155,3.633323306224928,17.091759139575302,12.85301000923883,-0.020037179706278607,-0.019703062218507483,0.050844205698303974,0.5361791168948208
sigma_xl_0.9900,0.99,1288.0,18.547347207301847,3.636769228593497,17.10560332600166,12.86333592963295,-0.02006128892518433,-0.019718662657625785,0.050844167155461056,0.536183679144263
sigma_xl_0.9900,0.99,1289.0,18.561190108504203,3.6402151407572516,17.119447473886478,12.873661821880376,-0.02008543656475581,-0.01973430190536618,0.05084412861532239,0.5361882412245079
sigma_xl_0.9900,0.99,1290.0,18.575032971261937,3.6436610427183695,17.133291583232456,12.88398768598168,-0.020109622622285883,-0.019749979958989528,0.05084409007788765,0.5361928031355649
sigma_xl_0.9900,0.99,1291.0,18.588875795577767,3.647106934479032,17.147135654042305,12.894313521937425,-0.020133847095060275,-0.019765696815760236,0.05084405154315573,0.5361973648774437
sigma_xl_0.9900,0.99,1292.0,18.602718581454408,3.650552816041419,17.16097968631875,12.904639329748187,-0.020158109980407346,-0.019781452472969363,0.050844013011123054,0.536201926450154
sigma_xl_0.9900,0.99,1293.0,18.616561328894573,3.6539986874077117,17.174823680064492,12.914965109414535,-0.020182411275616374,-0.01979724692789553,0.05084397448178854,0.5362064878537052
sigma_xl_0.9900,0.99,1294.0,18.630404037900984,3.657444548580089,17.18866763528225,12.925290860937038,-0.020206750977983745,-0.019813080177792486,0.05084393595515112,0.536211049088107
sigma_xl_0.9900,0.99,1295.0,18.64424670847635,3.660890399560732,17.202511551974734,12.935616584316262,-0.02023112908481295,-0.01982895221994596,0.050843897431208984,0.5362156101533689
sigma_xl_0.9900,0.99,1296.0,18.658089340623388,3.6643362403518203,17.21635543014466,12.945942279552785,-0.02025554559341458,-0.0198448630516328,0.05084385890995963,0.5362201710495005
sigma_xl_0.9900,0.99,1297.0,18.671931934344812,3.667782070955534,17.230199269794735,12.95626794664717,-0.020280000501081474,-0.01986081267012807,0.050843820391401964,0.5362247317765114
sigma_xl_0.9900,0.99,1298.0,18.685774489643343,3.6712278913740546,17.244043070927678,12.966593585599991,-0.02030449380510646,-0.01987680107269263,0.050843781875534955,0.5362292923344113
sigma_xl_0.9900,0.99,1299.0,18.69961700652169,3.674673701609562,17.257886833546195,12.976919196411815,-0.020329025502828557,-0.01989282825662997,0.05084374336235388,0.5362338527232098
sigma_xl_0.9900,0.99,1300.0,18.713459484982575,3.6781195016642347,17.271730557653008,12.987244779083214,-0.02035359559151928,-0.019908894219197393,0.05084370485185913,0.5362384129429162
sigma_xl_0.9900,0.99,1301.0,18.727301925028677,3.681565291540204,17.285574243250796,12.997570333614789,-0.02037820406851054,-0.019924998957691287,0.05084366634404998,0.5362429729935403
sigma_xl_0.9900,0.99,1302.0,18.74114432666265,3.6850110712394883,17.299417890342234,13.007895860007212,-0.02040285093115557,-0.019941142469443562,0.050843627838925,0.5362475328750913
sigma_xl_0.9900,0.99,1303.0,18.754986689887147,3.6884568407641063,17.313261498929972,13.018221358261158,-0.020427536176796934,-0.019957324751764816,0.05084358933648525,0.5362520925875787
sigma_xl_0.9900,0.99,1304.0,18.76882901470485,3.6919026001160735,17.32710506901668,13.02854682837731,-0.0204522598027701,-0.01997354580196742,0.05084355083672858,0.5362566521310117
sigma_xl_0.9900,0.99,1305.0,18.782671301118413,3.695348349297407,17.340948600605017,13.038872270356343,-0.02047702180645672,-0.019989805617408152,0.050843512339651425,0.5362612115054
sigma_xl_0.9900,0.99,1306.0,18.796513549130506,3.6987940883101245,17.354792093697657,13.049197684198935,-0.020501822185181595,-0.02000610419537807,0.05084347384525481,0.5362657707107524
sigma_xl_0.9900,0.99,1307.0,18.810355758743793,3.7022398171562423,17.368635548297252,13.059523069905767,-0.020526660936290853,-0.02002244153320376,0.050843435353536984,0.5362703297470787
sigma_xl_0.9900,0.99,1308.0,18.824197929960935,3.705685535837777,17.38247896440647,13.069848427477512,-0.020551538057144825,-0.020038817628210026,0.0508433968644965,0.5362748886143882
sigma_xl_0.9900,0.99,1309.0,18.838040062784607,3.709131244356746,17.396322342027975,13.080173756914851,-0.020576453545075424,-0.020055232477716345,0.05084335837813192,0.5362794473126902
sigma_xl_0.9900,0.99,1310.0,18.851882157217467,3.7125769427151667,17.41016568116443,13.09049905821846,-0.020601407397435878,-0.020071686079033313,0.05084331989444288,0.536284005841994
sigma_xl_0.9900,0.99,1311.0,18.865724213262183,3.716022630915054,17.424008981818496,13.10082433138902,-0.02062639961158297,-0.020088178429507053,0.050843281413426145,0.5362885642023091
sigma_xl_0.9900,0.99,1312.0,18.87956623092142,3.7194683089584273,17.43785224399284,13.111149576427207,-0.020651430184855712,-0.020104709526437503,0.05084324293508172,0.5362931223936448
sigma_xl_0.9900,0.99,1313.0,18.89340821019784,3.7229139768473023,17.451695467690126,13.121474793333698,-0.02067649911461089,-0.020121279367156575,0.050843204459407806,0.5362976804160103
sigma_xl_0.9900,0.99,1314.0,18.907250151094114,3.7263596345836953,17.46553865291301,13.131799982109172,-0.020701606398191075,-0.020137887948985522,0.05084316598640262,0.5363022382694153
sigma_xl_0.9900,0.99,1315.0,18.921092053612906,3.7298052821696244,17.479381799664168,13.14212514275431,-0.02072675203294594,-0.020154535269238494,0.050843127516065414,0.5363067959538689
sigma_xl_0.9900,0.99,1316.0,18.934933917756876,3.7332509196071055,17.493224907946253,13.152450275269782,-0.02075193601622516,-0.0201712213252474,0.05084308904839445,0.5363113534693805
sigma_xl_0.9900,0.99,1317.0,18.948775743528696,3.7366965468981563,17.507067977761935,13.162775379656274,-0.020777158345367752,-0.02018794611431929,0.050843050583389324,0.5363159108159594
sigma_xl_0.9900,0.99,1318.0,18.962617530931023,3.7401421640447934,17.52091100911387,13.173100455914458,-0.020802419017737606,-0.020204709633796725,0.050843012121047165,0.5363204679936151
sigma_xl_0.9900,0.99,1319.0,18.976459279966537,3.7435877710490333,17.534754002004732,13.183425504045017,-0.020827718030680842,-0.02022151188099386,0.05084297366136582,0.5363250250023569
sigma_xl_0.9900,0.99,1320.0,18.990300990637888,3.747033367912894,17.548596956437176,13.193750524048626,-0.020853055381557795,-0.020238352853240826,0.0508429352043446,0.5363295818421943
sigma_xl_0.9900,0.99,1321.0,19.00414266294775,3.750478954638391,17.56243987241387,13.204075515925963,-0.02087843106767906,-0.020255232547834012,0.050842896749984184,0.5363341385131363
sigma_xl_0.9900,0.99,1322.0,19.01798429689878,3.753924531227542,17.576282749937473,13.214400479677705,-0.02090384508644405,-0.020272150962131974,0.050842858298279586,0.5363386950151925
sigma_xl_0.9900,0.99,1323.0,19.031825892493657,3.757370097682364,17.590125589010654,13.224725415304533,-0.020929297435163363,-0.02028910809342932,0.050842819849231474,0.5363432513483722
sigma_xl_0.9900,0.99,1324.0,19.045667449735035,3.7608156540048734,17.603968389636073,13.235050322807124,-0.020954788111218647,-0.020306103939075726,0.05084278140283667,0.5363478075126848
sigma_xl_0.9900,0.99,1325.0,19.059508968625586,3.764261200197087,17.617811151816394,13.245375202186153,-0.020980317111931157,-0.020323138496369353,0.05084274295909515,0.5363523635081396
sigma_xl_0.9900,0.99,1326.0,19.07335044916797,3.767706736261023,17.63165387555428,13.2557000534423,-0.02100588443466478,-0.020340211762645666,0.05084270451800474,0.536356919334746
sigma_xl_0.9900,0.99,1327.0,19.087191891364853,3.771152262198697,17.645496560852397,13.266024876576244,-0.0210314900767834,-0.020357323735236577,0.05084266607956331,0.5363614749925133
sigma_xl_0.9900,0.99,1328.0,19.101033295218905,3.774597778012126,17.65933920771341,13.276349671588662,-0.021057134035611824,-0.02037447441144913,0.050842627643770164,0.5363660304814509
sigma_xl_0.9900,0.99,1329.0,19.11487466073278,3.7780432837033273,17.67318181613997,13.286674438480231,-0.021082816308517494,-0.020391663788618786,0.05084258921062382,0.536370585801568
sigma_xl_0.9900,0.99,1330.0,19.12871598790916,3.7814887792743175,17.687024386134755,13.29699917725163,-0.021108536892850083,-0.020408891864070355,0.050842550780120704,0.5363751409528743
sigma_xl_0.9900,0.99,1331.0,19.142557276750697,3.784934264727114,17.700866917700424,13.307323887903536,-0.021134295785959267,-0.02042615863512509,0.050842512352261185,0.5363796959353787
sigma_xl_0.9900,0.99,1332.0,19.156398527260066,3.788379740063733,17.71470941083964,13.31764857043663,-0.021160092985180512,-0.02044346409909359,0.050842473927043455,0.5363842507490909
sigma_xl_0.9900,0.99,1333.0,19.17023973943992,3.7918252052861914,17.728551865555062,13.327973224851585,-0.02118592848788836,-0.020460808253323748,0.05084243550446503,0.5363888053940201
sigma_xl_0.9900,0.99,1334.0,19.184080913292927,3.7952706603964903,17.742394281849357,13.338297851149091,-0.021211802291439597,-0.020478191095138598,0.050842397084524094,0.5363933598701757
sigma_xl_0.9900,0.99,1335.0,19.197922048821678,3.7987161053965233,17.756236659725133,13.348622449329904,-0.021237714393215867,-0.020495612621907355,0.05084235866722242,0.5363979141775668
sigma_xl_0.9900,0.99,1336.0,19.2117631460288,3.802161540288158,17.770078999185014,13.358947019394797,-0.021263664790616588,-0.02051307283099213,0.05084232025255789,0.5364024683162025
sigma_xl_0.9900,0.99,1337.0,19.225604204916902,3.8056069650732662,17.783921300231615,13.369271561344547,-0.021289653481037618,-0.020530571719767465,0.05084228184052976,0.536407022286092
sigma_xl_0.9900,0.99,1338.0,19.239445225488616,3.8090523797537164,17.79776356286756,13.379596075179926,-0.02131568046186061,-0.02054810928558659,0.050842243431136955,0.5364115760872444
sigma_xl_0.9900,0.99,1339.0,19.253286207746548,3.812497784331378,17.811605787095456,13.389920560901711,-0.021341745730477868,-0.020565685525816946,0.05084220502437914,0.5364161297196691
sigma_xl_0.9900,0.99,1340.0,19.267127151693334,3.815943178808123,17.82544797291794,13.400245018510674,-0.02136784928428881,-0.020583300437833074,0.05084216662025304,0.5364206831833749
sigma_xl_0.9900,0.99,1341.0,19.280968057331577,3.8193885631858193,17.839290120337612,13.410569448007593,-0.021393991120675082,-0.020600954018984652,0.05084212821876048,0.5364252364783713
sigma_xl_0.9900,0.99,1342.0,19.294808924663908,3.8228339374663376,17.853132229357104,13.42089384939324,-0.02142017123705031,-0.020618646266663987,0.05084208981989645,0.5364297896046669
sigma_xl_0.9900,0.99,1343.0,19.308649753692944,3.826279301651548,17.86697429997903,13.43121822266839,-0.021446389630781937,-0.020636377178210097,0.05084205142366305,0.5364343425622714
sigma_xl_0.9900,0.99,1344.0,19.3224905444213,3.8297246557433207,17.880816332206006,13.441542567833817,-0.02147264629928003,-0.020654146751008184,0.05084201303005709,0.5364388953511938
sigma_xl_0.9900,0.99,1345.0,19.3363312968516,3.8331699997435242,17.89465832604066,13.4518668848903,-0.021498941239922686,-0.020671954982407925,0.05084197463907891,0.536443447971443
sigma_xl_0.9900,0.99,1346.0,19.350172010986462,3.8366153336540303,17.908500281485598,13.462191173838606,-0.021525274450112875,-0.020689801869789193,0.050841936250726014,0.5364480004230284
sigma_xl_0.9900,0.99,1347.0,19.36401268682851,3.8400606574767076,17.922342198543447,13.472515434679517,-0.021551645927250007,-0.02070768741052298,0.05084189786499624,0.5364525527059592
sigma_xl_0.9900,0.99,1348.0,19.377853324380354,3.8435059712134265,17.936184077216822,13.482839667413803,-0.02157805566870863,-0.020725611601957183,0.05084185948189138,0.5364571048202442
sigma_xl_0.9900,0.99,1349.0,19.391693923644624,3.846951274866057,17.950025917508345,13.493163872042242,-0.02160450367189526,-0.020743574441473456,0.05084182110140713,0.5364616567658927
sigma_xl_0.9900,0.99,1350.0,19.40553448462393,3.8503965684364685,17.96386771942063,13.503488048565604,-0.021630989934212863,-0.02076157592644634,0.05084178272354274,0.5364662085429142
sigma_xl_0.9900,0.99,1351.0,19.419375007320905,3.8538418519265316,17.977709482956303,13.513812196984667,-0.02165751445302888,-0.02077961605422196,0.05084174434829791,0.5364707601513172
sigma_xl_0.9900,0.99,1352.0,19.433215491738153,3.857287125338116,17.991551208117976,13.524136317300204,-0.021684077225753384,-0.02079769482217486,0.05084170597567152,0.5364753115911114
sigma_xl_0.9900,0.99,1353.0,19.447055937878307,3.8607323886730907,18.005392894908272,13.534460409512992,-0.02171067824977513,-0.020815812227679586,0.05084166760566071,0.5364798628623055
sigma_xl_0.9900,0.99,1354.0,19.460896345743976,3.8641776419333276,18.019234543329805,13.544784473623805,-0.02173731752249708,-0.020833968268107128,0.05084162923826474,0.5364844139649091
sigma_xl_0.9900,0.99,1355.0,19.47473671533779,3.867622885120695,18.0330761533852,13.555108509633415,-0.021763995041300888,-0.020852162940807162,0.050841590873482584,0.5364889648989308
sigma_xl_0.9900,0.99,1356.0,19.488577046662357,3.871068118237063,18.04691772507707,13.565432517542598,-0.021790710803582414,-0.020870396243157785,0.050841552511313476,0.5364935156643803
sigma_xl_0.9900,0.99,1357.0,19.502417339720306,3.874513341284302,18.060759258408037,13.575756497352131,-0.021817464806758835,-0.020888668172542424,0.05084151415175313,0.5364980662612663
sigma_xl_0.9900,0.99,1358.0,19.516257594514254,3.877958554264282,18.074600753380718,13.586080449062786,-0.021844257048194038,-0.020906978726310754,0.050841475794802984,0.5365026166895982
sigma_xl_0.9900,0.99,1359.0,19.53009781104682,3.881403757178872,18.088442209997734,13.596404372675337,-0.02187108752529454,-0.020925327901826662,0.050841437440461226,0.5365071669493849
sigma_xl_0.9900,0.99,1360.0,19.543937989320625,3.8848489500299435,18.102283628261706,13.606728268190562,-0.021897956235452654,-0.0209437156964718,0.05084139908872537,0.5365117170406358
sigma_xl_0.9900,0.99,1361.0,19.55777812933828,3.8882941328193654,18.116125008175242,13.617052135609232,-0.021924863176074894,-0.020962142107615378,0.05084136073959432,0.5365162669633597
sigma_xl_0.9900,0.99,1362.0,19.57161823110242,3.891739305549007,18.12996634974097,13.627375974932123,-0.02195180834453936,-0.020980607132614182,0.05084132239306734,0.5365208167175661
sigma_xl_0.9900,0.99,1363.0,19.585458294615652,3.8951844682207395,18.143807652961506,13.63769978616001,-0.02197879173825612,-0.020999110768853413,0.050841284049141594,0.5365253663032641
sigma_xl_0.9900,0.99,1364.0,19.599298319880603,3.8986296208364317,18.15764891783947,13.648023569293667,-0.02200581335462104,-0.021017653013696957,0.05084124570781565,0.5365299157204626
sigma_xl_0.9900,0.99,1365.0,19.613138306899884,3.9020747633979544,18.17149014437748,13.658347324333867,-0.02203287319101932,-0.02103623386451048,0.050841207369089106,0.5365344649691708
sigma_xl_0.9900,0.99,1366.0,19.626978255676125,3.9055198959071777,18.185331332578155,13.66867105128139,-0.02205997124484327,-0.02105485331865431,0.05084116903296054,0.536539014049398
sigma_xl_0.9900,0.99,1367.0,19.640818166211936,3.908965018365967,18.19917248244411,13.678994750137008,-0.022087107513499404,-0.02107351137351543,0.050841130699427486,0.536543562961153
sigma_xl_0.9900,0.99,1368.0,19.654658038509897,3.9124101307761165,18.213013593977934,13.689318420901541,-0.02211428199441201,-0.021092208026486148,0.05084109236848987,0.5365481117044452
sigma_xl_0.9900,0.99,1369.0,19.668497872572566,3.9158552331393603,18.226854667182202,13.699642063575855,-0.022141494685026686,-0.021110943274987193,0.05084105404014776,0.5365526602792833
sigma_xl_0.9900,0.99,1370.0,19.682337668402536,3.919300325457437,18.240695702059497,13.709965678160808,-0.022168745582746396,-0.021129717116396662,0.050841015714400736,0.5365572086856764
sigma_xl_0.9900,0.99,1371.0,19.69617742600237,3.9227454077320836,18.254536698612387,13.720289264657264,-0.022196034685045163,-0.021148529548160155,0.05084097739124559,0.5365617569236333
sigma_xl_0.9900,0.99,1372.0,19.710017145374657,3.926190479965038,18.268377656843462,13.73061282306608,-0.02222336198931174,-0.021167380567646887,0.05084093907068449,0.5365663049931629
sigma_xl_0.9900,0.99,1373.0,19.72385682652197,3.9296355421580373,18.282218576755287,13.74093635338812,-0.022250727492998834,-0.021186270172277588,0.0508409007527149,0.5365708528942745
sigma_xl_0.9900,0.99,1374.0,19.73769646944689,3.93308059431282,18.296059458350452,13.751259855624244,-0.022278131193552042,-0.021205198359474764,0.0508408624373336,0.5365754006269767
sigma_xl_0.9900,0.99,1375.0,19.751536074151993,3.936525636431124,18.309900301631526,13.761583329775316,-0.022305573088381436,-0.021224165126623618,0.050840824124542716,0.5365799481912787
sigma_xl_0.9900,0.99,1376.0,19.76537564063986,3.939970668514685,18.32374110660109,13.771906775842194,-0.022333053174936168,-0.02124317047114488,0.05084078581433907,0.5365844955871892
sigma_xl_0.9900,0.99,1377.0,19.779215168913062,3.943415690565243,18.337581873261723,13.782230193825736,-0.022360571450644073,-0.021262214390441514,0.05084074750672227,0.5365890428147173
sigma_xl_0.9900,0.99,1378.0,19.79305465897418,3.9468607025845346,18.351422601616004,13.79255358372681,-0.022388127912929434,-0.021281296881909384,0.05084070920169233,0.5365935898738721
sigma_xl_0.9900,0.99,1379.0,19.8068941108258,3.950305704574297,18.36526329166651,13.802876945546277,-0.02241572255923785,-0.02130041794297277,0.05084067089924563,0.5365981367646622
sigma_xl_0.9900,0.99,1380.0,19.820733524470487,3.9537506965362685,18.37910394341581,13.813200279284992,-0.022443355386993602,-0.021319577571027537,0.050840632599383956,0.5366026834870967
sigma_xl_0.9900,0.99,1381.0,19.83457289991083,3.9571956784721865,18.392944556866496,13.82352358494382,-0.022471026393638738,-0.021338775763490858,0.05084059430210307,0.5366072300411846
sigma_xl_0.9900,0.99,1382.0,19.8484122371494,3.9606406503837883,18.406785132021135,13.833846862523622,-0.022498735576608198,-0.021358012517769254,0.05084055600740363,0.5366117764269349
sigma_xl_0.9900,0.99,1383.0,19.86225153618878,3.9640856122728128,18.420625668882316,13.844170112025257,-0.02252648293331916,-0.021377287831258585,0.05084051771528457,0.5366163226443563
sigma_xl_0.9900,0.99,1384.0,19.87609079703154,3.9675305641409957,18.4344661674526,13.85449333344959,-0.022554268461213667,-0.021396601701376028,0.05084047942574482,0.536620868693458
sigma_xl_0.9900,0.99,1385.0,19.88993001968027,3.9709755059900766,18.448306627734585,13.86481652679748,-0.022582092157751532,-0.021415954125545866,0.05084044113878006,0.536625414574249
sigma_xl_0.9900,0.99,1386.0,19.903769204137536,3.974420437821792,18.462147049730834,13.875139692069785,-0.022609954020328615,-0.02143534510114442,0.05084040285439355,0.5366299602867378
sigma_xl_0.9900,0.99,1387.0,19.917608350405928,3.9778653596378795,18.475987433443933,13.885462829267372,-0.02263785404640828,-0.021454774625610185,0.05084036457258022,0.5366345058309339
sigma_xl_0.9900,0.99,1388.0,19.93144745848801,3.981310271440077,18.489827778876457,13.8957859383911,-0.022665792233389936,-0.02147424269631415,0.05084032629334333,0.5366390512068457
sigma_xl_0.9900,0.99,1389.0,19.945286528386372,3.984755173230123,18.50366808603098,13.906109019441828,-0.022693768578754714,-0.021493749310712573,0.05084028801667606,0.5366435964144827
sigma_xl_0.9900,0.99,1390.0,19.959125560103583,3.988200065009753,18.51750835491009,13.91643207242042,-0.022721783079902025,-0.02151329446618533,0.05084024974258125,0.5366481414538534
sigma_xl_0.9900,0.99,1391.0,19.972964553642232,3.991644946780707,18.531348585516355,13.926755097327735,-0.022749835734288126,-0.021532878160153146,0.05084021147105465,0.536652686324967
sigma_xl_0.9900,0.99,1392.0,19.986803509004886,3.9950898185447214,18.545188777852353,13.937078094164637,-0.022777926539330196,-0.021552500390011886,0.050840173202097994,0.5366572310278322
sigma_xl_0.9900,0.99,1393.0,20.00064242619413,3.9985346803035338,18.559028931920672,13.947401062931984,-0.02280605549247028,-0.021572161153178726,0.050840134935708076,0.5366617755624583
sigma_xl_0.9900,0.99,1394.0,20.014481305212538,4.001979532058882,18.572869047723877,13.957724003630636,-0.02283422259115042,-0.021591860447063738,0.05084009667188384,0.5366663199288539
sigma_xl_0.9900,0.99,1395.0,20.02832014606269,4.005424373812504,18.58670912526456,13.968046916261457,-0.022862427832802013,-0.021611598269080545,0.050840058410623445,0.5366708641270281
sigma_xl_0.9900,0.99,1396.0,20.042158948747165,4.008869205566137,18.600549164545285,13.97836980082531,-0.022890671214867098,-0.021631374616637444,0.050840020151925513,0.5366754081569899
sigma_xl_0.9900,0.99,1397.0,20.05599771326854,4.012314027321519,18.614389165568635,13.988692657323053,-0.0229189527347593,-0.021651189487130296,0.05083998189579035,0.5366799520187481
sigma_xl_0.9900,0.99,1398.0,20.06983643962939,4.015758839080387,18.628229128337196,13.999015485755546,-0.022947272389941986,-0.021671042877992264,0.05083994364221403,0.5366844957123117
sigma_xl_0.9900,0.99,1399.0,20.083675127832294,4.01920364084448,18.642069052853532,14.009338286123654,-0.022975630177835882,-0.021690934786617433,0.05083990539119762,0.5366890392376896
sigma_xl_0.9900,0.99,1400.0,20.097513777879836,4.022648432615534,18.65590893912023,14.019661058428234,-0.023004026095879482,-0.02171086521042298,0.050839867142737555,0.5366935825948906
sigma_xl_0.9900,0.99,1401.0,20.11135238977456,4.0260932143952495,18.66974878713985,14.029983802670174,-0.023032460141529043,-0.021730834146831413,0.05083982889683489,0.536698125783924
sigma_xl_0.9900,0.99,1402.0,20.125190963518996,4.029537986185249,18.68358859691493,14.040306518850404,-0.023060932312247928,-0.02175084159329188,0.05083979065348927,0.5367026688047982
sigma_xl_0.9900,0.99,1403.0,20.13902949911568,4.032982747987151,18.697428368448005,14.050629206969862,-0.02308944260552437,-0.021770887547253537,0.05083975241269924,0.5367072116575221
sigma_xl_0.9900,0.99,1404.0,20.152867996567156,4.0364274998025715,18.711268101741624,14.06095186702949,-0.023117991018807516,-0.021790972006154874,0.05083971417446445,0.5367117543421045
sigma_xl_0.9900,0.99,1405.0,20.16670645587596,4.039872241633133,18.725107796798316,14.071274499030226,-0.023146577549582048,-0.021811094967445044,0.050839675938783496,0.5367162968585542
sigma_xl_0.9900,0.99,1406.0,20.180544877044635,4.043316973480451,18.738947453620636,14.081597102973006,-0.02317520219530067,-0.02183125642854833,0.05083963770565704,0.5367208392068799
sigma_xl_0.9900,0.99,1407.0,20.19438326007572,4.046761695346144,18.752787072211113,14.091919678858769,-0.023203864953451614,-0.02185145638693875,0.050839599475081515,0.5367253813870903
sigma_xl_0.9900,0.99,1408.0,20.208221604971758,4.050206407231833,18.766626652572295,14.102242226688455,-0.023232565821491136,-0.021871694840037037,0.050839561247058004,0.5367299233991942
sigma_xl_0.9900,0.99,1409.0,20.222059911735283,4.053651109139135,18.78046619470672,14.112564746463004,-0.02326130479690036,-0.021891971785306552,0.050839523021583996,0.5367344652432006
sigma_xl_0.9900,0.99,1410.0,20.235898180368842,4.05709580106967,18.794305698616927,14.122887238183353,-0.023290081877131996,-0.021912287220168025,0.05083948479866021,0.5367390069191179
sigma_xl_0.9900,0.99,1411.0,20.249736410874966,4.060540483025054,18.808145164305458,14.133209701850436,-0.02331889705967427,-0.02193264114208837,0.05083944657828411,0.5367435484269553
sigma_xl_0.9900,0.99,1412.0,20.26357460325621,4.063985155006907,18.821984591774857,14.143532137465197,-0.02334775034197989,-0.02195303354849365,0.05083940836045535,0.5367480897667213
sigma_xl_0.9900,0.99,1413.0,20.277412757515098,4.067429817016848,18.83582398102766,14.153854545028574,-0.023376641721551294,-0.02197346443685788,0.05083937014517141,0.5367526309384246
sigma_xl_0.9900,0.99,1414.0,20.291250873654178,4.070874469056495,18.849663332066406,14.164176924541506,-0.023405571195823427,-0.021993933804596466,0.05083933193243338,0.5367571719420742
sigma_xl_0.9900,0.99,1415.0,20.305088951675987,4.074319111127466,18.863502644893643,14.174499276004928,-0.023434538762284518,-0.02201444164916566,0.050839293722239456,0.5367617127776788
sigma_xl_0.9900,0.99,1416.0,20.31892699158307,4.077763743231381,18.877341919511903,14.18482159941978,-0.023463544418405036,-0.02203498796801462,0.05083925551458747,0.536766253445247
sigma_xl_0.9900,0.99,1417.0,20.33276499337796,4.081208365369858,18.891181155923736,14.195143894787003,-0.023492588161651895,-0.022055572758581832,0.05083921730947781,0.5367707939447878
sigma_xl_0.9900,0.99,1418.0,20.3466029570632,4.084652977544516,18.905020354131672,14.205466162107534,-0.02352166998949201,-0.022076196018316452,0.05083917910690902,0.5367753342763099
sigma_xl_0.9900,0.99,1419.0,20.36044088264134,4.088097579756972,18.918859514138262,14.21578840138231,-0.023550789899395852,-0.022096857744651643,0.05083914090687967,0.5367798744398219
sigma_xl_0.9900,0.99,1420.0,20.3742787701149,4.091542172008846,18.93269863594604,14.22611061261227,-0.023579947888844544,-0.02211755793505077,0.05083910270938939,0.5367844144353326
sigma_xl_0.9900,0.99,1421.0,20.388116619486436,4.094986754301756,18.946537719557547,14.236432795798354,-0.023609143955312106,-0.022138296586961204,0.05083906451443461,0.5367889542628512
sigma_xl_0.9900,0.99,1422.0,20.40195443075848,4.098431326637321,18.960376764975326,14.2467549509415,-0.023638378096265455,-0.02215907369782144,0.050839026322016395,0.536793493922386
sigma_xl_0.9900,0.99,1423.0,20.415792203933577,4.101875889017159,18.97421577220192,14.257077078042647,-0.023667650309160848,-0.022179889265069974,0.05083898813213364,0.5367980334139458
sigma_xl_0.9900,0.99,1424.0,20.429629939014266,4.105320441442889,18.988054741239864,14.267399177102732,-0.02369696059150428,-0.02220074328617727,0.0508389499447828,0.5368025727375395
sigma_xl_0.9900,0.99,1425.0,20.443467636003085,4.10876498391613,19.001893672091704,14.277721248122692,-0.023726308940734242,-0.022221635758562286,0.0508389117599653,0.5368071118931759
sigma_xl_0.9900,0.99,1426.0,20.457305294902575,4.1122095164385,19.015732564759972,14.288043291103472,-0.023755695354335415,-0.022242566679684828,0.05083887357767897,0.5368116508808637
sigma_xl_0.9900,0.99,1427.0,20.471142915715276,4.115654039011617,19.029571419247223,14.298365306046003,-0.02378511982978182,-0.02226353604698339,0.050838835397922735,0.5368161897006115
sigma_xl_0.9900,0.99,1428.0,20.48498049844373,4.1190985516371015,19.04341023555598,14.308687292951229,-0.023814582364543924,-0.022284543857921335,0.0508387972206948,0.5368207283524283
sigma_xl_0.9900,0.99,1429.0,20.498818043090473,4.122543054316569,19.0572490136888,14.319009251820084,-0.0238440829560993,-0.02230559010993538,0.05083875904599411,0.5368252668363229
sigma_xl_0.9900,0.99,1430.0,20.51265554965805,4.125987547051642,19.071087753648214,14.32933118265351,-0.023873621601914863,-0.022326674800474677,0.0508387208738192,0.5368298051523038
sigma_xl_0.9900,0.99,1431.0,20.526493018148997,4.129432029843936,19.084926455436765,14.339653085452445,-0.023903198299468187,-0.022347797926984825,0.05083868270416901,0.5368343433003799
sigma_xl_0.9900,0.99,1432.0,20.540330448565857,4.13287650269507,19.098765119056996,14.349974960217827,-0.02393281304621553,-0.022368959486904316,0.05083864453704316,0.5368388812805601
sigma_xl_0.9900,0.99,1433.0,20.554167840911163,4.1363209656066635,19.112603744511443,14.360296806950593,-0.023962465839655778,-0.022390159477707172,0.05083860637243881,0.536843419092853
sigma_xl_0.9900,0.99,1434.0,20.568005195187457,4.139765418580323,19.126442331802647,14.37061862565169,-0.02399215667725585,-0.022411397896821228,0.05083856821035522,0.5368479567372674
sigma_xl_0.9900,0.99,1435.0,20.581842511397213,4.143209861617576,19.1402808809331,14.380940416322112,-0.024021885556514633,-0.022432674741738268,0.05083853005079454,0.5368524942138118
sigma_xl_0.9900,0.99,1436.0,20.59567978954295,4.146654294719935,19.15411939190533,14.391262178962865,-0.024051652474955887,-0.022453990009939417,0.05083849189375321,0.536857031522495
sigma_xl_0.9900,0.99,1437.0,20.60951702962716,4.15009871788891,19.167957864721824,14.401583913574957,-0.02408145743006429,-0.022475343698898698,0.05083845373923261,0.5368615686633255
sigma_xl_0.9900,0.99,1438.0,20.62335423165236,4.153543131126013,19.1817962993851,14.411905620159393,-0.02411130041934939,-0.022496735806091905,0.050838415587230956,0.5368661056363119
sigma_xl_0.9900,0.99,1439.0,20.637191395621045,4.156987534432755,19.195634695897656,14.422227298717187,-0.024141181440306525,-0.02251816632899306,0.05083837743774866,0.5368706424414629
sigma_xl_0.9900,0.99,1440.0,20.65102852153573,4.160431927810648,19.209473054262006,14.432548949249341,-0.02417110049044524,-0.02253963526508862,0.050838339290783505,0.536875179078787
sigma_xl_0.9900,0.99,1441.0,20.66486560939891,4.163876311261202,19.22331137448065,14.442870571756865,-0.02420105756728219,-0.02256114261186326,0.05083830114633445,0.536879715548293
sigma_xl_0.9900,0.99,1442.0,20.678702659213098,4.16732068478593,19.237149656556106,14.453192166240767,-0.024231052668302056,-0.022582688366780346,0.0508382630044011,0.5368842518499892
sigma_xl_0.9900,0.99,1443.0,20.692539670980796,4.170765048386342,19.250987900490866,14.463513732702054,-0.02426108579101438,-0.022604272527324554,0.05083822486498314,0.5368887879838846
sigma_xl_0.9900,0.99,1444.0,20.706376644704513,4.174209402063951,19.264826106287448,14.473835271141734,-0.024291156932928715,-0.022625895090980563,0.050838186728078036,0.5368933239499876
sigma_xl_0.9900,0.99,1445.0,20.720213580386748,4.177653745820268,19.27866427394835,14.484156781560815,-0.024321266091543947,-0.022647556055218843,0.050838148593686475,0.5368978597483067
sigma_xl_0.9900,0.99,1446.0,20.734050478030014,4.181098079656803,19.29250240347609,14.494478263960303,-0.024351413264358968,-0.022669255417516965,0.05083811046180671,0.5369023953788508
sigma_xl_0.9900,0.99,1447.0,20.747887337636808,4.184542403575069,19.306340494873158,14.504799718341207,-0.024381598448883324,-0.02269099317536316,0.05083807233243835,0.5369069308416282
sigma_xl_0.9900,0.99,1448.0,20.761724159209646,4.187986717576576,19.320178548142074,14.515121144704535,-0.02441182164262301,-0.022712769326224347,0.05083803420557963,0.5369114661366478
sigma_xl_0.9900,0.99,1449.0,20.775560942751024,4.1914310216628365,19.334016563285346,14.525442543051295,-0.024442082843076918,-0.022734583867588753,0.05083799608123016,0.5369160012639179
sigma_xl_0.9900,0.99,1450.0,20.789397688263445,4.194875315835362,19.347854540305466,14.53576391338249,-0.024472382047768804,-0.022756436796944612,0.05083795795938813,0.5369205362234474
sigma_xl_0.9900,0.99,1451.0,20.803234395749428,4.1983196000956635,19.361692479204958,14.546085255699134,-0.024502719254179794,-0.022778328111751733,0.050837919840052856,0.5369250710152448
sigma_xl_0.9900,0.99,1452.0,20.817071065211465,4.201763874445251,19.375530379986312,14.556406570002235,-0.02453309445983365,-0.02280025780951256,0.05083788172322326,0.5369296056393186
sigma_xl_0.9900,0.99,1453.0,20.83090769665207,4.205208138885638,19.38936824265205,14.566727856292793,-0.02456350766220794,-0.022822225887679792,0.0508378436088997,0.5369341400956775
sigma_xl_0.9900,0.99,1454.0,20.84474429007374,4.208652393418335,19.403206067204668,14.577049114571823,-0.02459395885883353,-0.022844232343752324,0.050837805497079266,0.5369386743843302
sigma_xl_0.9900,0.99,1455.0,20.85858084547899,4.212096638044854,19.41704385364668,14.58737034484033,-0.024624448047209313,-0.022866277175204175,0.05083776738776162,0.5369432085052851
sigma_xl_0.9900,0.99,1456.0,20.872417362870316,4.215540872766705,19.430881601980584,14.597691547099323,-0.024654975224848386,-0.022888360379534234,0.050837729280944655,0.5369477424585509
sigma_xl_0.9900,0.99,1457.0,20.886253842250234,4.218985097585401,19.444719312208896,14.608012721349807,-0.024685540389235427,-0.022910481954184547,0.05083769117662902,0.5369522762441362
sigma_xl_0.9900,0.99,1458.0,20.900090283621235,4.222429312502452,19.458556984334113,14.61833386759279,-0.024716143537890645,-0.02293264189666644,0.05083765307481293,0.5369568098620497
sigma_xl_0.9900,0.99,1459.0,20.91392668698584,4.225873517519371,19.472394618358752,14.628654985829282,-0.024746784668323585,-0.02295484020445393,0.05083761497549427,0.5369613433123
sigma_xl_0.9900,0.99,1460.0,20.927763052346542,4.229317712637668,19.48623221428531,14.63897607606029,-0.024777463778018927,-0.02297707687501571,0.05083757687867409,0.5369658765948956
sigma_xl_0.9900,0.99,1461.0,20.941599379705853,4.232761897858855,19.5000697721163,14.649297138286823,-0.02480818086451464,-0.02299935190585778,0.050837538784348074,0.536970409709845
sigma_xl_0.9900,0.99,1462.0,20.955435669066276,4.236206073184443,19.513907291854228,14.659618172509884,-0.02483893592529185,-0.023021665294432836,0.05083750069251804,0.5369749426571571
sigma_xl_0.9900,0.99,1463.0,20.96927192043032,4.239650238615943,19.527744773501595,14.669939178730484,-0.024869728957870763,-0.023044017038246878,0.05083746260318038,0.5369794754368402
sigma_xl_0.9900,0.99,1464.0,20.98310813380048,4.243094394154868,19.541582217060913,14.68026015694963,-0.02490055995975382,-0.023066407134765043,0.0508374245163358,0.5369840080489032
sigma_xl_0.9900,0.99,1465.0,20.996944309179277,4.246538539802728,19.555419622534693,14.690581107168331,-0.02493142892843636,-0.02308883558146846,0.050837386431982545,0.5369885404933544
sigma_xl_0.9900,0.99,1466.0,21.010780446569203,4.249982675561035,19.56925698992543,14.700902029387594,-0.0249623358614528,-0.02311130237585779,0.050837348350118064,0.5369930727702026
sigma_xl_0.9900,0.99,1467.0,21.024616545972766,4.253426801431298,19.583094319235638,14.711222923608425,-0.02499328075627716,-0.023133807515389293,0.05083731027074381,0.5369976048794565
sigma_xl_0.9900,0.99,1468.0,21.038452607392436,4.256870917414973,19.596931610467795,14.72154378983187,-0.025024263610458064,-0.023156350997583175,0.05083727219385799,0.5370021368211242
sigma_xl_0.9900,0.99,1469.0,21.05228863083067,4.260315023513471,19.610768863624372,14.731864628058993,-0.02505528442154059,-0.02317893281995964,0.050837234119460936,0.5370066685952145
sigma_xl_0.9900,0.99,1470.0,21.06612461628995,4.263759119728208,19.624606078707853,14.742185438290866,-0.02508634318703784,-0.023201552980006923,0.05083719604755231,0.5370112002017358
sigma_xl_0.9900,0.99,1471.0,21.079960563772744,4.2672032060606,19.638443255720706,14.752506220528558,-0.02511743990451265,-0.023224211475259438,0.050837157978129974,0.5370157316406966
sigma_xl_0.9900,0.99,1472.0,21.093796473281532,4.270647282512059,19.65228039466541,14.762826974773137,-0.025148574571460358,-0.023246908303194758,0.0508371199111953,0.5370202629121054
sigma_xl_0.9900,0.99,1473.0,21.107632344818782,4.274091349084004,19.666117495544437,14.773147701025678,-0.02517974718545446,-0.02326964346135263,0.05083708184674511,0.5370247940159704
sigma_xl_0.9900,0.99,1474.0,21.12146817838697,4.277535405777846,19.679954558360265,14.783468399287242,-0.025210957743993845,-0.023292416947219508,0.05083704378478118,0.5370293249523004
sigma_xl_0.9900,0.99,1475.0,21.135303973988567,4.280979452595004,19.69379158311537,14.793789069558905,-0.02524220624465201,-0.023315228758326256,0.05083700572529959,0.5370338557211036
sigma_xl_0.9900,0.99,1476.0,21.149139731626054,4.284423489536889,19.707628569812226,14.804109711841733,-0.025273492684924292,-0.02333807889216466,0.05083696766830208,0.5370383863223887
sigma_xl_0.9900,0.99,1477.0,21.162975451301893,4.2878675166049165,19.721465518453307,14.814430326136796,-0.025304817062366425,-0.02336096734625137,0.050836929613787246,0.537042916756164
sigma_xl_0.9900,0.99,1478.0,21.176811133018568,4.291311533800504,19.73530242904109,14.824750912445166,-0.025336179374512824,-0.02338389411809949,0.05083689156175365,0.5370474470224381
sigma_xl_0.9900,0.99,1479.0,21.190646776778543,4.294755541125063,19.74913930157805,14.83507147076791,-0.0253675796188908,-0.02340685920521146,0.05083685351220127,0.5370519771212194
sigma_xl_0.9900,0.99,1480.0,21.204482382584303,4.298199538580011,19.76297613606667,14.845392001106095,-0.025399017793052536,-0.023429862605114593,0.050836815465127264,0.5370565070525163
sigma_xl_0.9900,0.99,1481.0,21.21831795043831,4.301643526166762,19.77681293250941,14.855712503460795,-0.02543049389451113,-0.02345290431529712,0.05083677742053343,0.5370610368163373
sigma_xl_0.9900,0.99,1482.0,21.232153480343047,4.305087503886731,19.79064969090876,14.866032977833079,-0.025462007920822316,-0.023475984333284572,0.050836739378416124,0.537065566412691
sigma_xl_0.9900,0.99,1483.0,21.245988972300978,4.308531471741332,19.804486411267185,14.876353424224014,-0.025493559869502747,-0.023499102656579396,0.050836701338777185,0.5370700958415856
sigma_xl_0.9900,0.99,1484.0,21.259824426314587,4.311975429731981,19.818323093587168,14.88667384263467,-0.02552514973810105,-0.02352225928270002,0.05083666330161339,0.5370746251030297
sigma_xl_0.9900,0.99,1485.0,21.273659842386344,4.315419377860093,19.83215973787118,14.896994233066117,-0.025556777524155194,-0.023545454209159544,0.050836625266924326,0.537079154197032
sigma_xl_0.9900,0.99,1486.0,21.287495220518718,4.318863316127081,19.845996344121694,14.907314595519425,-0.025588443225185387,-0.023568687433453306,0.050836587234710406,0.5370836831236004
sigma_xl_0.9900,0.99,1487.0,21.301330560714188,4.322307244534363,19.859832912341197,14.917634929995662,-0.025620146838740254,-0.023591958953105063,0.05083654920496945,0.5370882118827439
sigma_xl_0.9900,0.99,1488.0,21.315165862975224,4.325751163083352,19.873669442532147,14.9279552364959,-0.025651888362354214,-0.023615268765624364,0.05083651117770038,0.5370927404744708
sigma_xl_0.9900,0.99,1489.0,21.329001127304302,4.3291950717754615,19.887505934697035,14.938275515021203,-0.02568366779357234,-0.023638616868531415,0.05083647315290178,0.5370972688987894
sigma_xl_0.9900,0.99,1490.0,21.342836353703895,4.332638970612109,19.901342388838327,14.948595765572646,-0.025715485129907734,-0.02366200325931267,0.05083643513057433,0.5371017971557083
sigma_xl_0.9900,0.99,1491.0,21.356671542176475,4.3360828595947085,19.915178804958504,14.958915988151297,-0.025747340368912575,-0.023685427935502545,0.050836397110715914,0.5371063252452359
sigma_xl_0.9900,0.99,1492.0,21.370506692724515,4.3395267387246745,19.929015183060038,14.969236182758225,-0.02577923350813549,-0.02370889089461592,0.05083635909332472,0.5371108531673807
sigma_xl_0.9900,0.99,1493.0,21.384341805350495,4.342970608003423,19.942851523145407,14.979556349394498,-0.02581116454508603,-0.023732392134144575,0.050836321078401095,0.5371153809221513
sigma_xl_0.9900,0.99,1494.0,21.398176880056877,4.346414467432367,19.956687825217085,14.989876488061187,-0.025843133477323477,-0.023755931651612272,0.05083628306594362,0.5371199085095558
sigma_xl_0.9900,0.99,1495.0,21.412011916846147,4.349858317012923,19.970524089277546,15.000196598759363,-0.025875140302368038,-0.02377950944453211,0.05083624505595086,0.537124435929603
sigma_xl_0.9900,0.99,1496.0,21.42584691572077,4.353302156746505,19.984360315329265,15.010516681490092,-0.025907185017771894,-0.023803125510413636,0.050836207048422066,0.5371289631823012
sigma_xl_0.9900,0.99,1497.0,21.439681876683224,4.356745986634528,19.998196503374725,15.020836736254443,-0.025939267621058804,-0.0238267798467664,0.05083616904335582,0.5371334902676588
sigma_xl_0.9900,0.99,1498.0,21.45351679973598,4.360189806678407,20.012032653416387,15.03115676305349,-0.02597138810977384,-0.023850472451110605,0.05083613104075144,0.5371380171856844
sigma_xl_0.9900,0.99,1499.0,21.467351684881518,4.363633616879557,20.025868765456742,15.041476761888301,-0.026003546481465634,-0.023874203320959353,0.050836093040606004,0.5371425439363864
sigma_xl_0.9900,0.99,1500.0,21.481186532122297,4.367077417239393,20.039704839498256,15.051796732759941,-0.02603574273365794,-0.023897972453825744,0.0508360550429206,0.5371470705197733
sigma_xl_0.9900,0.99,1501.0,21.495021341460784,4.370521207759303,20.053540875543398,15.062116675669499,-0.026067976863902942,-0.023921779847226432,0.050836017047694165,0.5371515969358533
sigma_xl_0.9900,0.99,1502.0,21.508856112899405,4.373964988440616,20.067376873594604,15.072436590618093,-0.02610024886975637,-0.023945625498702938,0.050835979054927746,0.537156123184635
sigma_xl_0.9900,0.99,1503.0,21.522690846440593,4.377408759284661,20.08121283365432,15.082756477606853,-0.026132558748816592,-0.02396950940581455,0.05083594106461886,0.5371606492661266
sigma_xl_0.9900,0.99,1504.0,21.53652554208681,4.380852520292765,20.095048755725003,15.093076336636896,-0.026164906498603813,-0.023993431566074364,0.05083590307676858,0.5371651751803366
sigma_xl_0.9900,0.99,1505.0,21.550360199840487,4.384296271466257,20.108884639809087,15.103396167709352,-0.02619729211670574,-0.024017391977034563,0.05083586509137543,0.537169700927273
sigma_xl_0.9900,0.99,1506.0,21.564194819704074,4.387740012806464,20.12272048590903,15.113715970825343,-0.026229715600678105,-0.024041390636226012,0.05083582710843908,0.5371742265069445
sigma_xl_0.9900,0.99,1507.0,21.578029401680016,4.3911837443147155,20.136556294027272,15.124035745985994,-0.0262621769480873,-0.024065427541193785,0.050835789127957734,0.5371787519193593
sigma_xl_0.9900,0.99,1508.0,21.591863945770758,4.394627465992337,20.150392064166265,15.134355493192432,-0.02629467615648906,-0.024089502689465192,0.05083575114993211,0.5371832771645255
sigma_xl_0.9900,0.99,1509.0,21.60569845197874,4.3980711778406585,20.16422779632845,15.144675212445776,-0.02632721322345688,-0.024113616078595967,0.05083571317436003,0.5371878022424519
sigma_xl_0.9900,0.99,1510.0,21.619532920306412,4.401514879861008,20.17806349051628,15.154994903747156,-0.02635978814654294,-0.024137767706102764,0.05083567520124188,0.5371923271531464
sigma_xl_0.9900,0.99,1511.0,21.633367350756213,4.404958572054712,20.191899146732194,15.165314567097692,-0.026392400923302972,-0.024161957569530657,0.05083563723057766,0.5371968518966176
sigma_xl_0.9900,0.99,1512.0,21.64720174333059,4.408402254423099,20.205734764978647,15.175634202498514,-0.026425051551335343,-0.024186185666446036,0.05083559926236304,0.5372013764728736
sigma_xl_0.9900,0.99,1513.0,21.66103609803199,4.411845926967498,20.21957034525808,15.185953809950743,-0.026457740028167365,-0.02421045199434957,0.05083556129660126,0.537205900881923
sigma_xl_0.9900,0.99,1514.0,21.67487041486286,4.415289589689237,20.233405887572943,15.196273389455502,-0.026490466351379638,-0.02423475655080054,0.05083552333328836,0.537210425123774
sigma_xl_0.9900,0.99,1515.0,21.68870469382563,4.418733242589642,20.24724139192568,15.206592941013916,-0.026523230518535,-0.024259099333335143,0.050835485372425784,0.5372149491984348
sigma_xl_0.9900,0.99,1516.0,21.702538934922764,4.422176885670043,20.261076858318745,15.216912464627116,-0.026556032527196294,-0.0242834803394949,0.050835447414010665,0.5372194731059141
sigma_xl_0.9900,0.99,1517.0,21.716373138156687,4.425620518931767,20.27491228675457,15.227231960296217,-0.026588872374919248,-0.024307899566807123,0.05083540945804517,0.5372239968462199
sigma_xl_0.9900,0.99,1518.0,21.73020730352986,4.429064142376142,20.28874767723562,15.23755142802235,-0.026621750059273808,-0.024332357012820438,0.05083537150452566,0.5372285204193606
sigma_xl_0.9900,0.99,1519.0,21.74404143104472,4.432507756004497,20.30258302976433,15.247870867806636,-0.026654665577826364,-0.02435685267507992,0.05083533355345181,0.5372330438253445
sigma_xl_0.9900,0.99,1520.0,21.75787552070371,4.4359513598181595,20.316418344343152,15.258190279650204,-0.026687618928153967,-0.024381386551127093,0.05083529560482254,0.5372375670641801
sigma_xl_0.9900,0.99,1521.0,21.77170957250928,4.439394953818457,20.33025362097453,15.268509663554173,-0.026720610107794585,-0.024405958638483938,0.050835257658637834,0.5372420901358756
sigma_xl_0.9900,0.99,1522.0,21.785543586463866,4.4428385380067175,20.34408885966091,15.278829019519671,-0.026753639114335925,-0.02443056893470974,0.05083521971489628,0.5372466130404394
sigma_xl_0.9900,0.99,1523.0,21.799377562569923,4.446282112384269,20.35792406040474,15.28914834754782,-0.02678670594531596,-0.024455217437319376,0.050835181773597846,0.5372511357778798
sigma_xl_0.9900,0.99,1524.0,21.813211500829887,4.44972567695244,20.371759223208468,15.299467647639748,-0.026819810598329497,-0.024479904143886344,0.05083514383474004,0.5372556583482049
sigma_xl_0.9900,0.99,1525.0,21.827045401246206,4.453169231712558,20.385594348074545,15.309786919796577,-0.02685295307092872,-0.0245046290519344,0.05083510589832217,0.5372601807514235
sigma_xl_0.9900,0.99,1526.0,21.840879263821325,4.456612776665952,20.399429435005406,15.320106164019432,-0.026886133360676467,-0.02452939215900507,0.05083506796434381,0.5372647029875435
sigma_xl_0.9900,0.99,1527.0,21.854713088557688,4.460056311813949,20.41326448400351,15.330425380309437,-0.026919351465142682,-0.02455419346263632,0.05083503003280393,0.5372692250565733
sigma_xl_0.9900,0.99,1528.0,21.868546875457735,4.463499837157876,20.427099495071293,15.340744568667718,-0.026952607381890203,-0.02457903296037678,0.05083499210370143,0.5372737469585215
sigma_xl_0.9900,0.99,1529.0,21.88238062452392,4.4669433526990625,20.440934468211214,15.3510637290954,-0.02698590110847121,-0.0246039106497431,0.05083495417703668,0.537278268693396
sigma_xl_0.9900,0.99,1530.0,21.89621433575868,4.470386858438837,20.454769403425708,15.361382861593604,-0.027019232642480517,-0.024628826528319436,0.05083491625280538,0.5372827902612056
sigma_xl_0.9900,0.99,1531.0,21.91004800916446,4.473830354378525,20.46860430071723,15.371701966163458,-0.027052601981470303,-0.024653780593615338,0.050834878331008596,0.5372873116619583
sigma_xl_0.9900,0.99,1532.0,21.9238816447437,4.477273840519458,20.482439160088223,15.382021042806086,-0.02708600912299275,-0.02467877284317943,0.05083484041164632,0.5372918328956624
sigma_xl_0.9900,0.99,1533.0,21.93771524249886,4.480717316862961,20.496273981541137,15.392340091522613,-0.02711945406462135,-0.02470380327454258,0.05083480249471606,0.5372963539623266
sigma_xl_0.9900,0.99,1534.0,21.951548802432363,4.4841607834103545,20.510108765078407,15.402659112314163,-0.027152936803950922,-0.024728871885281833,0.05083476458021598,0.5373008748619587
sigma_xl_0.9900,0.99,1535.0,21.965382324546614,4.4876042401629,20.523943510702463,15.412978105181903,-0.027186457338551406,-0.02475397867294582,0.05083472666814791,0.5373053955945672
sigma_xl_0.9900,0.99,1536.0,21.979215808844028,4.491047687121849,20.537778218415717,15.423297070127006,-0.027220015666003405,-0.02477912363508672,0.05083468875851291,0.5373099161601603
sigma_xl_0.9900,0.99,1537.0,21.99304925532702,4.494491124288449,20.55161288822059,15.433616007150647,-0.027253611783915943,-0.02480430676929224,0.05083465085130813,0.5373144365587463
sigma_xl_0.9900,0.99,1538.0,22.006882663998017,4.49793455166395,20.565447520119502,15.443934916254,-0.02728724568986607,-0.024829528073107454,0.05083461294653352,0.5373189567903333
sigma_xl_0.9900,0.99,1539.0,22.020716034859426,4.501377969249602,20.579282114114875,15.454253797438234,-0.027320917381437937,-0.02485478754410586,0.05083457504418948,0.5373234768549294
sigma_xl_0.9900,0.99,1540.0,22.034549367913673,4.504821377046655,20.593116670209135,15.464572650704525,-0.02735462685623702,-0.024880085179860956,0.050834537144273106,0.5373279967525431
sigma_xl_0.9900,0.99,1541.0,22.048382663163167,4.508264775056359,20.60695118840469,15.474891476054047,-0.027388374111843916,-0.02490542097792492,0.05083449924678585,0.5373325164831824
sigma_xl_0.9900,0.99,1542.0,22.062215920610335,4.5117081632799625,20.620785668703974,15.485210273487978,-0.027422159145846337,-0.024930794935867695,0.05083446135172558,0.5373370360468556
sigma_xl_0.9900,0.99,1543.0,22.076049140257588,4.5151515417187165,20.634620111109395,15.495529043007485,-0.027455981955824882,-0.024956207051241464,0.05083442345909368,0.5373415554435708
sigma_xl_0.9900,0.99,1544.0,22.08988232210735,4.518594910373869,20.64845451562339,15.505847784613744,-0.027489842539388576,-0.024981657321632156,0.05083438556888624,0.5373460746733364
sigma_xl_0.9900,0.99,1545.0,22.103715466162033,4.522038269246671,20.662288882248358,15.516166498307928,-0.027523740894100257,-0.025007145744581294,0.050834347681106465,0.5373505937361603
sigma_xl_0.9900,0.99,1546.0,22.11754857242406,4.525481618338373,20.67612321098674,15.526485184091214,-0.027557677017586713,-0.025032672317685467,0.05083430979574863,0.5373551126320513
sigma_xl_0.9900,0.99,1547.0,22.13138164089584,4.528924957650223,20.689957501840944,15.53680384196477,-0.027591650907403675,-0.025058237038486197,0.050834271912816656,0.537359631361017
sigma_xl_0.9900,0.99,1548.0,22.1452146715798,4.532368287183472,20.703791754813395,15.547122471929775,-0.02762566256114951,-0.02508383990454277,0.05083423403230808,0.5373641499230659
sigma_xl_0.9900,0.99,1549.0,22.15904766447835,4.535811606939368,20.71762596990651,15.557441073987398,-0.02765971197642969,-0.02510948091345,0.05083419615422105,0.5373686683182062
sigma_xl_0.9900,0.99,1550.0,22.17288061959392,4.539254916919163,20.731460147122718,15.567759648138818,-0.02769379915081771,-0.025135160062745854,0.05083415827855593,0.537373186546446
sigma_xl_0.9900,0.99,1551.0,22.186713536928913,4.542698217124105,20.74529428646443,15.578078194385203,-0.02772792408190483,-0.025160877350007382,0.050834120405312044,0.5373777046077935
sigma_xl_0.9900,0.99,1552.0,22.200546416485754,4.546141507555445,20.759128387934073,15.58839671272773,-0.027762086767296523,-0.025186632772806306,0.05083408253448757,0.5373822225022572
sigma_xl_0.9900,0.99,1553.0,22.21437925826686,4.549584788214432,20.772962451534063,15.598715203167572,-0.027796287204566283,-0.02521242632870191,0.05083404466608249,0.537386740229845
sigma_xl_0.9900,0.99,1554.0,22.22821206227465,4.553028059102315,20.786796477266826,15.609033665705903,-0.027830525391308925,-0.02523825801526236,0.05083400680009574,0.5373912577905653
sigma_xl_0.9900,0.99,1555.0,22.242044828511542,4.556471320220345,20.800630465134777,15.619352100343898,-0.02786480132511926,-0.025264127830046945,0.05083396893652661,0.537395775184426
sigma_xl_0.9900,0.99,1556.0,22.25587755697995,4.55991457156977,20.81446441514034,15.629670507082727,-0.027899115003581443,-0.025290035770632713,0.050833931075374386,0.5374002924114358
sigma_xl_0.9900,0.99,1557.0,22.269710247682298,4.563357813151843,20.828298327285932,15.639988885923565,-0.027933466424290287,-0.025315981834571843,0.050833893216637976,0.5374048094716025
sigma_xl_0.9900,0.99,1558.0,22.283542900620994,4.56680104496781,20.842132201573975,15.650307236867587,-0.027967855584840606,-0.025341966019455597,0.05083385536031629,0.5374093263649344
sigma_xl_0.9900,0.99,1559.0,22.297375515798464,4.570244267018923,20.855966038006894,15.660625559915967,-0.028002282482827212,-0.025367988322832602,0.05083381750640792,0.5374138430914399
sigma_xl_0.9900,0.99,1560.0,22.311208093217118,4.57368747930643,20.869799836587102,15.670943855069876,-0.028036747115827154,-0.025394048742276354,0.05083377965491355,0.5374183596511269
sigma_xl_0.9900,0.99,1561.0,22.325040632879386,4.577130681831583,20.88363359731703,15.681262122330487,-0.028071249481445903,-0.02542014727534969,0.05083374180583035,0.537422876044004
sigma_xl_0.9900,0.99,1562.0,22.338873134787676,4.580573874595629,20.897467320199087,15.691580361698978,-0.02810578957726051,-0.025446283919619006,0.050833703959158996,0.537427392270079
sigma_xl_0.9900,0.99,1563.0,22.35270559894441,4.584017057599821,20.9113010052357,15.701898573176521,-0.028140367400865784,-0.025472458672647136,0.05083366611489808,0.5374319083293603
sigma_xl_0.9900,0.99,1564.0,22.366538025352,4.587460230845406,20.925134652429286,15.71221675676429,-0.028174982949874305,-0.02549867153202179,0.050833628273045786,0.537436424221856
sigma_xl_0.9900,0.99,1565.0,22.380370414012873,4.590903394333634,20.93896826178227,15.722534912463455,-0.02820963622184891,-0.025524922495295144,0.05083359043360214,0.5374409399475745
sigma_xl_0.9900,0.99,1566.0,22.394202764929435,4.594346548065755,20.952801833297073,15.732853040275193,-0.02824432721440928,-0.0255512115600407,0.050833552596565315,0.5374454555065238
sigma_xl_0.9900,0.99,1567.0,22.408035078104113,4.597789692043019,20.96663536697611,15.74317114020068,-0.028279055925111152,-0.025577538723810633,0.0508335147619364,0.5374499708987122
sigma_xl_0.9900,0.99,1568.0,22.421867353539284,4.601232826266632,20.98046886282178,15.753489212241107,-0.028313822351602624,-0.02560390398421042,0.050833476929713614,0.5374544861241479
sigma_xl_0.9900,0.99,1569.0,22.435699591237338,4.604675950737773,20.994302320836486,15.763807256397694,-0.028348626491485618,-0.025630307338834868,0.050833439099896904,0.5374590011828388
sigma_xl_0.9900,0.99,1570.0,22.449531791200666,4.608119065457622,21.008135741022617,15.77412527267166,-0.028383468342365603,-0.025656748785253924,0.05083340127248705,0.5374635160747934
sigma_xl_0.9900,0.99,1571.0,22.463363953431664,4.611562170427357,21.021969123382572,15.784443261064219,-0.02841834790187292,-0.025683228321076612,0.05083336344748188,0.5374680308000194
sigma_xl_0.9900,0.99,1572.0,22.477196077932724,4.615005265648156,21.03580246791875,15.794761221576593,-0.02845326516759883,-0.025709745943872875,0.05083332562488206,0.537472545358525
sigma_xl_0.9900,0.99,1573.0,22.491028164706236,4.618448351121201,21.049635774633536,15.805079154209995,-0.02848822013717367,-0.02573630165124463,0.05083328780468657,0.5374770597503183
sigma_xl_0.9900,0.99,1574.0,22.504860213754597,4.621891426847671,21.06346904352934,15.815397058965642,-0.028523212808206466,-0.025762895440784916,0.050833249986893966,0.5374815739754076
sigma_xl_0.9900,0.99,1575.0,22.518692225080194,4.625334492828743,21.077302274608552,15.825714935844754,-0.028558243178295584,-0.02578952731005657,0.05083321217150637,0.5374860880338008
sigma_xl_0.9900,0.99,1576.0,22.53252419868543,4.628777549065598,21.09113546787357,15.836032784848552,-0.028593311245074915,-0.02581619725667572,0.0508331743585195,0.5374906019255062
sigma_xl_0.9900,0.99,1577.0,22.54635613457269,4.632220595559414,21.10496862332679,15.846350605978245,-0.028628417006132167,-0.025842905278203432,0.05083313654793621,0.5374951156505318
sigma_xl_0.9900,0.99,1578.0,22.56018803274437,4.6356636323113705,21.118801740970607,15.856668399235053,-0.02866356045912255,-0.025869651372278923,0.050833098739751836,0.5374996292088855
sigma_xl_0.9900,0.99,1579.0,22.574019893202863,4.639106659322648,21.132634820807418,15.866986164620196,-0.02869874160161956,-0.025896435536441942,0.05083306093396925,0.5375041426005757
sigma_xl_0.9900,0.99,1580.0,22.587851715950563,4.642549676594424,21.14646786283962,15.877303902134893,-0.028733960431249983,-0.025923257768297958,0.05083302313058666,0.5375086558256104
sigma_xl_0.9900,0.99,1581.0,22.60168350098986,4.6459926841278785,21.16030086706961,15.887621611780355,-0.028769216945626397,-0.025950118065438232,0.05083298532960334,0.5375131688839976
sigma_xl_0.9900,0.99,1582.0,22.615515248323156,4.649435681924191,21.174133833499784,15.897939293557805,-0.028804511142372036,-0.02597701642546113,0.0508329475310175,0.5375176817757455
sigma_xl_0.9900,0.99,1583.0,22.62934695795283,4.652878669984539,21.187966762132536,15.908256947468455,-0.02883984301909237,-0.026003952845940148,0.050832909734829845,0.5375221945008624
sigma_xl_0.9900,0.99,1584.0,22.643178629881287,4.656321648310104,21.201799652970266,15.918574573513528,-0.028875212573407083,-0.026030927324487863,0.05083287194103825,0.537526707059356
sigma_xl_0.9900,0.99,1585.0,22.657010264110912,4.659764616902065,21.215632506015364,15.92889217169424,-0.02891061980291809,-0.02605793985866356,0.05083283414964446,0.5375312194512346
sigma_xl_0.9900,0.99,1586.0,22.670841860644106,4.663207575761599,21.229465321270236,15.939209742011807,-0.028946064705255736,-0.02608499044608692,0.05083279636064458,0.5375357316765063
sigma_xl_0.9900,0.99,1587.0,22.684673419483254,4.666650524889888,21.24329809873727,15.949527284467445,-0.02898154727802904,-0.026112079084334994,0.05083275857404,0.5375402437351793
sigma_xl_0.9900,0.99,1588.0,22.698504940630755,4.670093464288109,21.25713083841887,15.959844799062374,-0.029017067518843476,-0.02613920577099549,0.05083272078982931,0.5375447556272616
sigma_xl_0.9900,0.99,1589.0,22.712336424089003,4.673536393957441,21.270963540317428,15.970162285797812,-0.02905262542532938,-0.02616637050366677,0.05083268300801107,0.5375492673527611
sigma_xl_0.9900,0.99,1590.0,22.726167869860383,4.676979313899065,21.284796204435338,15.980479744674973,-0.02908822099509223,-0.026193573279936544,0.05083264522858526,0.5375537789116863
sigma_xl_0.9900,0.99,1591.0,22.739999277947298,4.68042222411416,21.298628830774998,15.990797175695077,-0.02912385422573749,-0.026220814097388967,0.050832607451551534,0.537558290304045
sigma_xl_0.9900,0.99,1592.0,22.75383064835213,4.683865124603904,21.312461419338806,16.00111457885934,-0.029159525114909712,-0.026248092953633062,0.050832569676907385,0.5375628015298454
sigma_xl_0.9900,0.99,1593.0,22.767661981077286,4.687308015369477,21.32629397012916,16.011431954168984,-0.029195233660196607,-0.02627540984624588,0.05083253190465316,0.5375673125890957
sigma_xl_0.9900,0.99,1594.0,22.781493276125147,4.690750896412057,21.34012648314845,16.021749301625217,-0.029230979859217854,-0.02630276477281157,0.050832494134788866,0.5375718234818038
sigma_xl_0.9900,0.99,1595.0,22.795324533498114,4.694193767732825,21.35395895839908,16.032066621229262,-0.029266763709607346,-0.02633015773094982,0.05083245636731054,0.5375763342079779
sigma_xl_0.9900,0.99,1596.0,22.809155753198574,4.697636629332959,21.367791395883437,16.042383912982338,-0.02930258520896345,-0.026357588718223468,0.05083241860222035,0.537580844767626
sigma_xl_0.9900,0.99,1597.0,22.822986935228926,4.701079481213639,21.38162379560393,16.052701176885662,-0.029338444354895188,-0.026385057732230877,0.05083238083951684,0.5375853551607563
sigma_xl_0.9900,0.99,1598.0,22.836818079591556,4.704522323376044,21.39545615756294,16.06301841294045,-0.029374341145040006,-0.026412564770577518,0.050832343079197886,0.537589865387377
sigma_xl_0.9900,0.99,1599.0,22.850649186288866,4.707965155821352,21.40928848176288,16.073335621147915,-0.029410275577003375,-0.026440109830843994,0.050832305321263094,0.537594375447496
sigma_xl_0.9900,0.99,1600.0,22.86448025532324,4.711407978550743,21.423120768206132,16.083652801509285,-0.02944624764839432,-0.026467692910618013,0.050832267565712505,0.5375988853411214
sigma_xl_0.9900,0.99,1601.0,22.87831128669706,4.714850791565378,21.436953016895092,16.093969954025773,-0.029482257356843178,-0.026495314007505044,0.050832229812545704,0.5376033950682614
sigma_xl_0.9900,0.99,1602.0,22.892142280412674,4.718293594866372,21.450785227832124,16.10428707869865,-0.029518304699994502,-0.026522973119128324,0.050832192061762385,0.5376079046289239
sigma_xl_0.9900,0.99,1603.0,22.905973236472462,4.721736388454842,21.464617401019606,16.114604175529156,-0.02955438967548929,-0.026550670243096874,0.05083215431336144,0.537612414023117
sigma_xl_0.9900,0.99,1604.0,22.919804154878786,4.725179172331901,21.478449536459905,16.124921244518557,-0.02959051228095433,-0.026578405377026826,0.05083211656734321,0.5376169232508486
sigma_xl_0.9900,0.99,1605.0,22.933635035634026,4.728621946498668,21.492281634155407,16.135238285668105,-0.02962667251401996,-0.026606178518516543,0.050832078823706994,0.5376214323121268
sigma_xl_0.9900,0.99,1606.0,22.94746587874054,4.732064710956257,21.506113694108475,16.14555529897906,-0.029662870372323624,-0.026633989665178603,0.05083204108245351,0.5376259412069595
sigma_xl_0.9900,0.99,1607.0,22.96129668420071,4.735507465705784,21.51994571632149,16.155872284452673,-0.02969910585351343,-0.026661838814632688,0.05083200334357918,0.5376304499353548
sigma_xl_0.9900,0.99,1608.0,22.975127452016903,4.738950210748365,21.533777700796826,16.166189242090205,-0.029735378955191294,-0.026689725964470057,0.050831965607087914,0.5376349584973206
sigma_xl_0.9900,0.99,1609.0,22.98895818219148,4.742392946085116,21.547609647536852,16.17650617189291,-0.029771689675023083,-0.026717651112324603,0.0508319278729758,0.537639466892865
sigma_xl_0.9900,0.99,1610.0,23.00278887472683,4.745835671717151,21.561441556543944,16.186823073862044,-0.029808038010646243,-0.026745614255816008,0.05083189014124173,0.537643975121996
sigma_xl_0.9900,0.99,1611.0,23.016619529625306,4.749278387645585,21.575273427820477,16.197139947998867,-0.02984442395967335,-0.02677361539252132,0.05083185241188752,0.5376484831847216
sigma_xl_0.9900,0.99,1612.0,23.03045014688929,4.752721093871537,21.589105261368825,16.20745679430463,-0.029880847519748954,-0.026801654520074436,0.05083181468491137,0.5376529910810498
sigma_xl_0.9900,0.99,1613.0,23.044280726521144,4.756163790396122,21.60293705719136,16.21777361278059,-0.02991730868853182,-0.026829731636095033,0.050831776960311464,0.5376574988109886
sigma_xl_0.9900,0.99,1614.0,23.058111268523245,4.759606477220453,21.616768815290463,16.228090403428006,-0.029953807463627413,-0.02685784673818148,0.0508317392380889,0.537662006374546
sigma_xl_0.9900,0.99,1615.0,23.071941772897958,4.763049154345648,21.630600535668496,16.238407166248138,-0.02999034384268029,-0.026885999823942797,0.050831701518243316,0.5376665137717299
sigma_xl_0.9900,0.99,1616.0,23.08577223964766,4.766491821772822,21.644432218327847,16.248723901242233,-0.030026917823327892,-0.026914190890995116,0.05083166380077253,0.5376710210025485
sigma_xl_0.9900,0.99,1617.0,23.09960266877471,4.769934479503089,21.658263863270875,16.259040608411553,-0.030063529403218325,-0.026942419936968776,0.05083162608567658,0.5376755280670096
sigma_xl_0.9900,0.99,1618.0,23.113433060281494,4.773377127537567,21.67209547049997,16.26935728775735,-0.030100178579964165,-0.02697068695944438,0.05083158837295508,0.5376800349651214
sigma_xl_0.9900,0.99,1619.0,23.127263414170372,4.776819765877371,21.685927040017493,16.27967393928089,-0.030136865351224174,-0.026998991956062923,0.05083155066260624,0.5376845416968918
sigma_xl_0.9900,0.99,1620.0,23.141093730443718,4.780262394523617,21.699758571825825,16.28999056298342,-0.030173589714618032,-0.027027334924412116,0.05083151295463115,0.5376890482623287
sigma_xl_0.9900,0.99,1621.0,23.154924009103897,4.7837050134774195,21.713590065927335,16.300307158866197,-0.030210351667797397,-0.027055715862132956,0.050831475249027286,0.5376935546614403
sigma_xl_0.9900,0.99,1622.0,23.16875425015329,4.787147622739896,21.727421522324406,16.31062372693048,-0.030247151208389056,-0.02708413476681315,0.050831437545794625,0.5376980608942346
sigma_xl_0.9900,0.99,1623.0,23.182584453594256,4.790590222312159,21.7412529410194,16.320940267177523,-0.030283988334034007,-0.02711259163608659,0.05083139984493282,0.5377025669607193
sigma_xl_0.9900,0.99,1624.0,23.196414619429177,4.7940328121953275,21.755084322014703,16.331256779608587,-0.030320863042369695,-0.027141086467548092,0.0508313621464401,0.5377070728609027
sigma_xl_0.9900,0.99,1625.0,23.210244747660415,4.797475392390516,21.768915665312683,16.341573264224923,-0.03035777533102646,-0.027169619258820887,0.05083132445031681,0.5377115785947927
sigma_xl_0.9900,0.99,1626.0,23.22407483829034,4.80091796289884,21.78274697091571,16.35188972102779,-0.030394725197652406,-0.027198190007517553,0.05083128675656148,0.5377160841623975
sigma_xl_0.9900,0.99,1627.0,23.237904891321325,4.804360523721415,21.796578238826168,16.362206150018444,-0.030431712639892083,-0.027226798711264877,0.05083124906517236,0.5377205895637247
sigma_xl_0.9900,0.99,1628.0,23.25173490675574,4.807803074859355,21.81040946904642,16.37252255119814,-0.030468737655354516,-0.027255445367647013,0.05083121137615122,0.5377250947987825
sigma_xl_0.9900,0.99,1629.0,23.26556488459596,4.811245616313779,21.824240661578852,16.382838924568137,-0.030505800241694914,-0.02728412997429075,0.05083117368949555,0.5377295998675788
sigma_xl_0.9900,0.99,1630.0,23.279394824844346,4.814688148085802,21.838071816425824,16.393155270129686,-0.03054290039655072,-0.02731285252881932,0.05083113600520499,0.5377341047701218
sigma_xl_0.9900,0.99,1631.0,23.29322472750328,4.818130670176537,21.851902933589724,16.40347158788405,-0.030580038117566488,-0.027341613028845302,0.050831098323277396,0.5377386095064195
sigma_xl_0.9900,0.99,1632.0,23.307054592575117,4.821573182587103,21.865734013072917,16.413787877832483,-0.030617213402372556,-0.02737041147198127,0.050831060643713455,0.5377431140764797
sigma_xl_0.9900,0.99,1633.0,23.320884420062246,4.825015685318613,21.87956505487778,16.424104139976237,-0.030654426248595712,-0.02739924785582204,0.05083102296651214,0.5377476184803104
sigma_xl_0.9900,0.99,1634.0,23.334714209967014,4.828458178372177,21.893396059006683,16.434420374316577,-0.030691676653908928,-0.02742812217802637,0.05083098529167161,0.5377521227179197
sigma_xl_0.9900,0.99,1635.0,23.348543962291764,4.831900661748865,21.907227025461978,16.444736580854784,-0.030728964615938992,-0.027457034436189076,0.05083094761919439,0.5377566267893156
sigma_xl_0.9900,0.99,1636.0,23.36237367703884,4.835343135449731,21.921057954246013,16.455052759592146,-0.030766290132369534,-0.02748598462797247,0.05083090994907831,0.5377611306945058
sigma_xl_0.9900,0.99,1637.0,23.376203354210592,4.8387855994758375,21.93488884536115,16.465368910529953,-0.030803653200830894,-0.02751497275098913,0.05083087228132448,0.5377656344334983
sigma_xl_0.9900,0.99,1638.0,23.390032993809367,4.84222805382824,21.948719698809736,16.475685033669503,-0.030841053818996045,-0.027543998802880054,0.05083083461593178,0.5377701380063011
sigma_xl_0.9900,0.99,1639.0,23.40386259583752,4.845670498507997,21.962550514594128,16.48600112901208,-0.030878491984491774,-0.027573062781254265,0.05083079695290131,0.5377746414129221
sigma_xl_0.9900,0.99,1640.0,23.417692160297396,4.849112933516168,21.976381292716674,16.496317196558977,-0.030915967695030133,-0.027602164683798946,0.05083075929222769,0.5377791446533691
sigma_xl_0.9900,0.99,1641.0,23.43152168719135,4.852555358853812,21.990212033179734,16.506633236311487,-0.03095348094820949,-0.027631304508076937,0.050830721633915915,0.5377836477276501
sigma_xl_0.9900,0.99,1642.0,23.445351176521726,4.855997774521986,22.00404273598566,16.516949248270894,-0.03099103174171347,-0.027660482251768315,0.050830683977962435,0.5377881506357729
sigma_xl_0.9900,0.99,1643.0,23.45918062829087,4.859440180521749,22.0178734011368,16.5272652324385,-0.03102862007319729,-0.027689697912496314,0.050830646324367915,0.5377926533777456
sigma_xl_0.9900,0.99,1644.0,23.473010042501144,4.862882576854159,22.031704028635513,16.537581188815587,-0.031066245940309045,-0.027718951487880616,0.050830608673130606,0.537797155953576
sigma_xl_0.9900,0.99,1645.0,23.486839419154883,4.866324963520274,22.045534618484147,16.547897117403444,-0.031103909340711056,-0.027748242975569326,0.050830571024251564,0.5378016583632721
sigma_xl_0.9900,0.99,1646.0,23.50066875825445,4.869767340521154,22.059365170685066,16.55821301820337,-0.031141610272054976,-0.02777757237317502,0.05083053337772862,0.5378061606068417
sigma_xl_0.9900,0.99,1647.0,23.514498059802182,4.873209707857856,22.07319568524061,16.56852889121665,-0.031179348732010226,-0.027806939678363563,0.050830495733561076,0.5378106626842928
sigma_xl_0.9900,0.99,1648.0,23.52832732380044,4.876652065531439,22.087026162153144,16.57884473644458,-0.031217124718207145,-0.027836344888722664,0.05083045809175071,0.5378151645956332
sigma_xl_0.9900,0.99,1649.0,23.542156550251562,4.880094413542961,22.10085660142501,16.589160553888448,-0.03125493822832226,-0.027865788001921743,0.050830420452295036,0.537819666340871
sigma_xl_0.9900,0.99,1650.0,23.55598573915791,4.883536751893481,22.114687003058574,16.599476343549544,-0.031292789260017884,-0.027895269015584034,0.05083038281519223,0.5378241679200139
sigma_xl_0.9900,0.99,1651.0,23.569814890521823,4.886979080584056,22.12851736705618,16.609792105429158,-0.03133067781092436,-0.027924787927332773,0.05083034518044516,0.5378286693330698
sigma_xl_0.9900,0.99,1652.0,23.583644004345658,4.890421399615747,22.142347693420188,16.620107839528583,-0.031368603878732415,-0.027954344734819614,0.05083030754804918,0.5378331705800469
sigma_xl_0.9900,0.99,1653.0,23.597473080631755,4.893863708989609,22.156177982152947,16.630423545849112,-0.031406567461068846,-0.027983939435657135,0.05083026991800714,0.537837671660953
sigma_xl_0.9900,0.99,1654.0,23.611302119382476,4.897306008706703,22.170008233256812,16.64073922439203,-0.03144456855560307,-0.02801357202748278,0.05083023229031654,0.5378421725757957
sigma_xl_0.9900,0.99,1655.0,23.62513112060016,4.900748298768086,22.183838446734132,16.65105487515863,-0.0314826071599974,-0.028043242507944655,0.05083019466497664,0.5378466733245834
sigma_xl_0.9900,0.99,1656.0,23.63896008428716,4.904190579174817,22.19766862258727,16.661370498150205,-0.03152068327189639,-0.02807295087466599,0.05083015704198782,0.5378511739073236
sigma_xl_0.9900,0.99,1657.0,23.652789010445826,4.907632849927954,22.211498760818568,16.671686093368045,-0.031558796888983665,-0.02810269712528779,0.050830119421347214,0.5378556743240244
sigma_xl_0.9900,0.99,1658.0,23.66661789907851,4.911075111028557,22.225328861430388,16.68200166081344,-0.03159694800887891,-0.02813248125742973,0.05083008180305695,0.5378601745746936
sigma_xl_0.9900,0.99,1659.0,23.680446750187556,4.914517362477683,22.23915892442508,16.692317200487683,-0.03163513662928352,-0.028162303268750577,0.050830044187113094,0.5378646746593393
sigma_xl_0.9900,0.99,1660.0,23.69427556377532,4.91795960427639,22.252988949805,16.70263271239206,-0.031673362747810074,-0.0281921631568558,0.05083000657351816,0.5378691745779693
sigma_xl_0.9900,0.99,1661.0,23.708104339844148,4.921401836425736,22.266818937572502,16.712948196527865,-0.03171162636215996,-0.028222060919404157,0.050829968962268185,0.5378736743305914
sigma_xl_0.9900,0.99,1662.0,23.721933078396386,4.92484405892678,22.28064888772993,16.723263652896392,-0.03174992746994931,-0.02825199655400823,0.05082993135336604,0.5378781739172137
sigma_xl_0.9900,0.99,1663.0,23.73576177943439,4.928286271780582,22.29447880027965,16.733579081498927,-0.03178826606886176,-0.02828197005831612,0.050829893746808144,0.537882673337844
sigma_xl_0.9900,0.99,1664.0,23.749590442960503,4.931728474988199,22.308308675224005,16.74389448233676,-0.031826642156559615,-0.028311981429968824,0.050829856142594484,0.5378871725924902
sigma_xl_0.9900,0.99,1665.0,23.763419068977083,4.935170668550689,22.32213851256536,16.754209855411187,-0.03186505573069809,-0.028342030666596685,0.05082981854072294,0.5378916716811603
sigma_xl_0.9900,0.99,1666.0,23.77724765748647,4.93861285246911,22.335968312306054,16.764525200723497,-0.03190350678891818,-0.02837211776581583,0.05082978094119599,0.5378961706038619
sigma_xl_0.9900,0.99,1667.0,23.791076208491017,4.942055026744521,22.349798074448454,16.77484051827498,-0.031941995328889305,-0.028402242725277915,0.05082974334401075,0.5379006693606033
sigma_xl_0.9900,0.99,1668.0,23.80490472199304,4.945497191377949,22.363627798994884,16.785155808066943,-0.03198052134829865,-0.028432405542641703,0.050829705749167606,0.5379051679513921
sigma_xl_0.9900,0.99,1669.0,23.81873319799487,4.9489393463704,22.377457485947687,16.795471070100703,-0.032019084844812085,-0.028462606215551745,0.05082966815666619,0.5379096663762364
sigma_xl_0.9900,0.99,1670.0,23.832561636498827,4.952381491722882,22.391287135309188,16.80578630437759,-0.03205768581610613,-0.028492844741659695,0.0508296305665072,0.5379141646351436
sigma_xl_0.9900,0.99,1671.0,23.846390037507252,4.9558236274364,22.405116747081728,16.816101510898918,-0.032096324259850206,-0.028523121118617212,0.05082959297868994,0.537918662728122
sigma_xl_0.9900,0.99,1672.0,23.860218401022465,4.959265753511962,22.41894632126764,16.826416689666008,-0.032135000173713735,-0.028553435344065292,0.05082955539321475,0.5379231606551791
sigma_xl_0.9900,0.99,1673.0,23.874046727046807,4.962707869950574,22.432775857869256,16.836731840680187,-0.032173713555391004,-0.028583787415673356,0.05082951781007877,0.5379276584163228
sigma_xl_0.9900,0.99,1674.0,23.887875015582594,4.966149976753243,22.446605356888913,16.847046963942777,-0.032212464402540775,-0.028614177331075297,0.05082948022928377,0.5379321560115612
sigma_xl_0.9900,0.99,1675.0,23.901703266632172,4.9695920739209765,22.460434818328945,16.85736205945509,-0.03225125271283602,-0.028644605087926323,0.0508294426508287,0.5379366534409017
sigma_xl_0.9900,0.99,1676.0,23.915531480197856,4.97303416145478,22.47426424219168,16.867677127218457,-0.03229007848397103,-0.028675070683888748,0.050829405074711745,0.5379411507043524
sigma_xl_0.9900,0.99,1677.0,23.929359656281985,4.976476239355662,22.488093628479465,16.877992167234197,-0.03232894171360101,-0.028705574116610677,0.050829367500934,0.5379456478019211
sigma_xl_0.9900,0.99,1678.0,23.94318779488689,4.979918307624628,22.501922977194624,16.88830717950363,-0.0323678423994167,-0.028736115383740213,0.05082932992949364,0.5379501447336157
sigma_xl_0.9900,0.99,1679.0,23.957015896014894,4.983360366262683,22.515752288339492,16.89862216402808,-0.03240678053906265,-0.028766694482911248,0.05082929236039285,0.5379546414994438
sigma_xl_0.9900,0.99,1680.0,23.970843959668333,4.986802415270836,22.52958156191641,16.908937120808865,-0.032445756130254466,-0.028797311411807414,0.05082925479362764,0.5379591380994134
sigma_xl_0.9900,0.99,1681.0,23.984671985849534,4.990244454650095,22.543410797927702,16.91925204984731,-0.03248476917064025,-0.028827966168062602,0.05082921722919949,0.5379636345335324
sigma_xl_0.9900,0.99,1682.0,23.99849997456083,4.993686484401464,22.557239996375714,16.929566951144732,-0.03252381965790718,-0.028858658749335575,0.05082917966710729,0.5379681308018083
sigma_xl_0.9900,0.99,1683.0,24.01232792580455,4.997128504525952,22.57106915726277,16.939881824702457,-0.03256290758973179,-0.02888938915327799,0.05082914210734961,0.5379726269042494
sigma_xl_0.9900,0.99,1684.0,24.02615583958302,5.000570515024564,22.58489828059121,16.950196670521805,-0.032602032963776395,-0.028920157377534395,0.050829104549927895,0.5379771228408631
sigma_xl_0.9900,0.99,1685.0,24.039983715898572,5.004012515898307,22.598727366363367,16.960511488604098,-0.03264119577773528,-0.028950963419763553,0.050829066994839966,0.5379816186116574
sigma_xl_0.9900,0.99,1686.0,24.053811554753544,5.0074545071481875,22.612556414581576,16.970826278950653,-0.0326803960292672,-0.02898180727761357,0.05082902944208548,0.5379861142166402
sigma_xl_0.9900,0.99,1687.0,24.067639356150252,5.010896488775215,22.62638542524817,16.9811410415628,-0.03271963371607001,-0.02901268894875031,0.05082899189166373,0.5379906096558194
sigma_xl_0.9900,0.99,1688.0,24.08146712009104,5.014338460780393,22.640214398365487,16.991455776441853,-0.032758908835798906,-0.02904360843081477,0.05082895434357397,0.5379951049292026
sigma_xl_0.9900,0.99,1689.0,24.095294846578227,5.017780423164729,22.654043333935853,17.001770483589137,-0.03279822138613042,-0.029074565721447954,0.05082891679781763,0.5379996000367976
sigma_xl_0.9900,0.99,1690.0,24.10912253561415,5.021222375929231,22.66787223196161,17.012085163005974,-0.032837571364758844,-0.029105560818333487,0.05082887925439045,0.5380040949786125
sigma_xl_0.9900,0.99,1691.0,24.122950187201138,5.024664319074905,22.68170109244509,17.022399814693685,-0.03287695876933938,-0.029136593719094606,0.05082884171329488,0.5380085897546548
sigma_xl_0.9900,0.99,1692.0,24.13677780134152,5.028106252602757,22.69552991538863,17.03271443865359,-0.03291638359757343,-0.029167664421411388,0.05082880417452776,0.5380130843649326
sigma_xl_0.9900,0.99,1693.0,24.150605378037625,5.031548176513795,22.709358700794557,17.043029034887006,-0.0329558458471233,-0.02919877292292483,0.05082876663808937,0.5380175788094537
sigma_xl_0.9900,0.99,1694.0,24.164432917291784,5.034990090809026,22.72318744866521,17.053343603395266,-0.03299534551565486,-0.02922991922126883,0.05082872910398083,0.5380220730882257
sigma_xl_0.9900,0.99,1695.0,24.17826041910633,5.0384319954894545,22.737016159002927,17.063658144179684,-0.033034882600876614,-0.029261103314141224,0.050828691572197104,0.5380265672012565
sigma_xl_0.9900,0.99,1696.0,24.192087883483584,5.041873890556089,22.750844831810035,17.073972657241583,-0.03307445710043311,-0.029292325199151037,0.05082865404274249,0.5380310611485541
sigma_xl_0.9900,0.99,1697.0,24.205915310425887,5.045315776009937,22.764673467088873,17.08428714258228,-0.033114069012007974,-0.029323584873974795,0.05082861651561378,0.5380355549301262
sigma_xl_0.9900,0.99,1698.0,24.219742699935562,5.048757651852004,22.778502064841774,17.094601600203106,-0.03315371833330616,-0.029354882336274812,0.05082857899080846,0.5380400485459808
sigma_xl_0.9900,0.99,1699.0,24.233570052014944,5.052199518083296,22.792330625071074,17.10491603010537,-0.03319340506197577,-0.029386217583688534,0.050828541468328645,0.5380445419961253
sigma_xl_0.9900,0.99,1700.0,24.247397366666355,5.055641374704822,22.8061591477791,17.11523043229041,-0.033233129195696876,-0.029417590613867617,0.05082850394817327,0.5380490352805679
sigma_xl_0.9900,0.99,1701.0,24.261224643892117,5.0590832217175725,22.819987632968186,17.125544806759542,-0.03327289073217088,-0.029449001424488586,0.05082846643034093,0.5380535283993163
sigma_xl_0.9900,0.99,1702.0,24.275051883694523,5.0625250591225095,22.83381608064064,17.13585915351411,-0.03331268966908141,-0.029480450013217308,0.050828428914833024,0.5380580213523782
sigma_xl_0.9900,0.99,1703.0,24.288879086075887,5.065966886920593,22.847644490798785,17.14617347255547,-0.03335252600412986,-0.029511936377726755,0.050828391401648854,0.5380625141397614
sigma_xl_0.9900,0.99,1704.0,24.302706251038522,5.069408705112783,22.861472863444927,17.15648776388497,-0.03339239973500341,-0.02954346051568635,0.050828353890787686,0.5380670067614737
sigma_xl_0.9900,0.99,1705.0,24.31653337858474,5.0728505137000415,22.875301198581397,17.166802027503955,-0.0334323108593928,-0.0295750224247584,0.05082831638224952,0.5380714992175227
sigma_xl_0.9900,0.99,1706.0,24.330360468716847,5.076292312683326,22.889129496210494,17.177116263413776,-0.03347225937498166,-0.02960662210260523,0.05082827887603579,0.5380759915079163
sigma_xl_0.9900,0.99,1707.0,24.344187521437167,5.079734102063597,22.902957756334548,17.18743047161578,-0.03351224527947139,-0.029638259546899803,0.05082824137214326,0.5380804836326623
sigma_xl_0.9900,0.99,1708.0,24.358014536748,5.083175881841817,22.916785978955872,17.197744652111318,-0.03355226857057758,-0.02966993475534352,0.050828203870570854,0.5380849755917683
sigma_xl_0.9900,0.99,1709.0,24.37184151465167,5.086617652018944,22.93061416407678,17.20805880490174,-0.033592329245941244,-0.029701647725548952,0.0508281663713218,0.5380894673852421
sigma_xl_0.9900,0.99,1710.0,24.385668455150476,5.09005941259594,22.94444231169959,17.218372929988384,-0.0336324273033064,-0.029733398455238813,0.05082812887439217,0.5380939590130915
sigma_xl_0.9900,0.99,1711.0,24.39949535824674,5.093501163573763,22.95827042182662,17.22868702737261,-0.03367256274032826,-0.029765186942043442,0.050828091379783724,0.5380984504753243
sigma_xl_0.9900,0.99,1712.0,24.413322223942767,5.096942904953376,22.972098494460184,17.239001097055766,-0.03371273555471532,-0.029797013183653576,0.05082805388749506,0.5381029417719482
sigma_xl_0.9900,0.99,1713.0,24.427149052240875,5.100384636735735,22.9859265296026,17.249315139039194,-0.03375294574417609,-0.029828877177742186,0.05082801639752435,0.5381074329029709
sigma_xl_0.9900,0.99,1714.0,24.440975843143374,5.103826358921804,22.999754527256187,17.259629153324248,-0.03379319330636221,-0.02986077892195027,0.05082797890987446,0.5381119238684002
sigma_xl_0.9900,0.99,1715.0,24.454802596652573,5.107268071512543,23.013582487423257,17.269943139912275,-0.03383347823901417,-0.029892718413982777,0.05082794142454111,0.5381164146682439
sigma_xl_0.9900,0.99,1716.0,24.46862931277079,5.110709774508909,23.02741041010613,17.280257098804622,-0.033873800539783616,-0.029924695651484257,0.050827903941526795,0.5381209053025097
sigma_xl_0.9900,0.99,1717.0,24.48245599150033,5.114151467911866,23.041238295307117,17.290571030002642,-0.033914160206396815,-0.02995671063213834,0.050827866460829,0.5381253957712053
sigma_xl_0.9900,0.99,1718.0,24.496282632843513,5.117593151722372,23.055066143028544,17.300884933507678,-0.033954557236519634,-0.02998876335360734,0.050827828982448434,0.5381298860743385
sigma_xl_0.9900,0.99,1719.0,24.510109236802645,5.121034825941387,23.068893953272717,17.311198809321084,-0.03399499162786768,-0.030020853813571335,0.05082779150638335,0.5381343762119172
sigma_xl_0.9900,0.99,1720.0,24.52393580338004,5.124476490569873,23.08272172604196,17.321512657444202,-0.03403546337813168,-0.030052982009696194,0.050827754032633315,0.5381388661839489
sigma_xl_0.9900,0.99,1721.0,24.53776233257801,5.127918145608788,23.096549461338586,17.33182647787839,-0.03407597248498817,-0.03008514793964423,0.05082771656119944,0.5381433559904414
sigma_xl_0.9900,0.99,1722.0,24.551588824398866,5.131359791059095,23.110377159164916,17.342140270624988,-0.03411651894615275,-0.030117351601099074,0.05082767909207886,0.5381478456314027
sigma_xl_0.9900,0.99,1723.0,24.565415278844917,5.134801426921752,23.12420481952326,17.352454035685348,-0.03415710275931261,-0.030149592991733698,0.050827641625271924,0.5381523351068402
sigma_xl_0.9900,0.99,1724.0,24.579241695918487,5.1382430531977175,23.13803244241594,17.36276777306082,-0.03419772392215492,-0.03018187210919976,0.05082760416077792,0.5381568244167619
sigma_xl_0.9900,0.99,1725.0,24.593068075621876,5.1416846698879555,23.151860027845267,17.373081482752752,-0.03423838243236332,-0.03021418895117023,0.050827566698597906,0.5381613135611755
sigma_xl_0.9900,0.99,1726.0,24.6068944179574,5.145126276993425,23.165687575813568,17.38339516476249,-0.03427907828766763,-0.030246543515346502,0.050827529238727576,0.5381658025400886
sigma_xl_0.9900,0.99,1727.0,24.62072072292737,5.148567874515085,23.179515086323143,17.393708819091387,-0.03431981148573371,-0.030278935799369577,0.05082749178116945,0.5381702913535091
sigma_xl_0.9900,0.99,1728.0,24.634546990534105,5.152009462453897,23.193342559376326,17.404022445740786,-0.034360582024266506,-0.030311365800919532,0.050827454325920673,0.5381747800014448
sigma_xl_0.9900,0.99,1729.0,24.648373220779906,5.155451040810821,23.20716999497542,17.41433604471204,-0.03440138990095676,-0.03034383351766934,0.050827416872982645,0.5381792684839033
sigma_xl_0.9900,0.99,1730.0,24.662199413667093,5.158892609586815,23.220997393122754,17.424649616006498,-0.034442235113502306,-0.03037633894729197,0.05082737942235287,0.5381837568008925
sigma_xl_0.9900,0.99,1731.0,24.676025569197975,5.162334168782842,23.234824753820636,17.434963159625507,-0.03448311765960099,-0.030408882087460398,0.050827341974031354,0.5381882449524199
sigma_xl_0.9900,0.99,1732.0,24.689851687374862,5.165775718399862,23.24865207707138,17.445276675570415,-0.03452403753694355,-0.03044146293584049,0.050827304528017356,0.5381927329384935
sigma_xl_0.9900,0.99,1733.0,24.703677768200073,5.169217258438834,23.262479362877308,17.45559016384257,-0.034564994743224275,-0.03047408149010522,0.05082726708430982,0.538197220759121
sigma_xl_0.9900,0.99,1734.0,24.717503811675904,5.172658788900714,23.27630661124073,17.465903624443328,-0.03460598927613745,-0.030506737747931112,0.05082722964291017,0.53820170841431
sigma_xl_0.9900,0.99,1735.0,24.731329817804642,5.176100309786426,23.290133822163952,17.476217057374043,-0.03464702113340934,-0.030539431707016007,0.050827192203816235,0.5382061959040683
sigma_xl_0.9900,0.99,1736.0,24.745155786588573,5.1795418210968895,23.30396099564926,17.4865304626361,-0.034688090312737785,-0.030572163365029326,0.05082715476703055,0.5382106832284036
sigma_xl_0.9900,0.99,1737.0,24.75898171803,5.182983322833023,23.317788131698965,17.496843840230866,-0.03472919681183129,-0.030604932719661804,0.05082711733255095,0.5382151703873235
sigma_xl_0.9900,0.99,1738.0,24.772807612131214,5.1864248149957435,23.33161523031536,17.507157190159713,-0.03477034062841966,-0.030637739768625494,0.050827079900376354,0.5382196573808358
sigma_xl_0.9900,0.99,1739.0,24.786633468894514,5.1898662975859695,23.34544229150075,17.51747051242402,-0.03481152176017588,-0.030670584509561394,0.05082704247050855,0.538224144208948
sigma_xl_0.9900,0.99,1740.0,24.80045928832219,5.193307770604619,23.35926931525743,17.52778380702515,-0.03485274020483686,-0.030703466940188662,0.05082700504294575,0.5382286308716681
sigma_xl_0.9900,0.99,1741.0,24.814285070416545,5.196749234052611,23.373096301587704,17.53809707396448,-0.034893995960086244,-0.03073638705816606,0.05082696761768869,0.5382331173690034
sigma_xl_0.9900,0.99,1742.0,24.828110815179862,5.200190687930863,23.386923250493872,17.548410313243384,-0.03493528902365384,-0.030769344861202086,0.05082693019473625,0.538237603700962
sigma_xl_0.9900,0.99,1743.0,24.84193652261445,5.203632132240292,23.400750161978234,17.558723524863233,-0.03497661939324814,-0.03080234034697682,0.050826892774087015,0.5382420898675512
sigma_xl_0.9900,0.99,1744.0,24.855762192722594,5.207073566981819,23.414577036043084,17.5690367088254,-0.0350179870665599,-0.030835373513163233,0.05082685535574279,0.5382465758687789
sigma_xl_0.9900,0.99,1745.0,24.869587825506596,5.2105149921563605,23.42840387269073,17.579349865131256,-0.03505939204132602,-0.030868444357469826,0.050826817939700314,0.5382510617046528
sigma_xl_0.9900,0.99,1746.0,24.883413420968747,5.213956407764835,23.44223067192347,17.589662993782177,-0.0351008343152337,-0.03090155287756957,0.05082678052596103,0.5382555473751804
sigma_xl_0.9900,0.99,1747.0,24.897238979111346,5.21739781380816,23.456057433743602,17.599976094779535,-0.03514231388599853,-0.0309346990711461,0.05082674311452422,0.5382600328803697
sigma_xl_0.9900,0.99,1748.0,24.911064499936685,5.220839210287254,23.469884158153427,17.6102891681247,-0.03518383075132192,-0.030967882935879487,0.0508267057053899,0.5382645182202281
sigma_xl_0.9900,0.99,1749.0,24.92488998344706,5.224280597203036,23.483710845155244,17.620602213819044,-0.03522538490892657,-0.031001104469478236,0.050826668298556615,0.5382690033947634
sigma_xl_0.9900,0.99,1750.0,24.938715429644766,5.227721974556424,23.497537494751356,17.630915231863945,-0.03526697635652809,-0.03103436366961887,0.0508266308940233,0.5382734884039833
sigma_xl_0.9900,0.99,1751.0,24.952540838532098,5.231163342348335,23.511364106944054,17.64122822226077,-0.03530860509181721,-0.03106766053398502,0.050826593491791,0.5382779732478953
sigma_xl_0.9900,0.99,1752.0,24.966366210111357,5.234604700579688,23.525190681735655,17.651541185010895,-0.03535027111251665,-0.03110099506026387,0.05082655609185796,0.5382824579265073
sigma_xl_0.9900,0.99,1753.0,24.98019154438483,5.238046049251401,23.53901721912844,17.66185412011569,-0.0353919744163278,-0.031134367246142602,0.050826518694224485,0.538286942439827
sigma_xl_0.9900,0.99,1754.0,24.994016841354817,5.241487388364392,23.552843719124724,17.672167027576535,-0.03543371500098047,-0.03116777708931906,0.050826481298888504,0.5382914267878619
sigma_xl_0.9900,0.99,1755.0,25.00784210102361,5.244928717919581,23.5666701817268,17.68247990739479,-0.03547549286414764,-0.031201224587452003,0.050826443905852794,0.5382959109706198
sigma_xl_0.9900,0.99,1756.0,25.02166732339351,5.248370037917884,23.58049660693697,17.692792759571837,-0.03551730800356623,-0.031234709738253486,0.05082640651511382,0.5383003949881083
sigma_xl_0.9900,0.99,1757.0,25.035492508466803,5.251811348360221,23.594322994757526,17.703105584109046,-0.035559160416958946,-0.031268232539417795,0.05082636912667085,0.5383048788403352
sigma_xl_0.9900,0.99,1758.0,25.049317656245798,5.255252649247507,23.608149345190782,17.71341838100779,-0.035601050102009424,-0.03130179298860725,0.05082633174052423,0.5383093625273081
sigma_xl_0.9900,0.99,1759.0,25.063142766732774,5.258693940580663,23.621975658239027,17.72373115026944,-0.03564297705643682,-0.031335391083523234,0.0508262943566747,0.5383138460490346
sigma_xl_0.9900,0.99,1760.0,25.07696783993004,5.262135222360607,23.63580193390457,17.73404389189537,-0.035684941277963844,-0.031369026821856494,0.05082625697511829,0.5383183294055227
sigma_xl_0.9900,0.99,1761.0,25.09079287583988,5.265576494588257,23.6496281721897,17.744356605886953,-0.03572694276429189,-0.031402700201290656,0.05082621959585752,0.5383228125967796
sigma_xl_0.9900,0.99,1762.0,25.104617874464605,5.26901775726453,23.66345437309673,17.75466929224556,-0.035768981513122355,-0.03143641121950935,0.05082618221889022,0.5383272956228133
sigma_xl_0.9900,0.99,1763.0,25.118442835806494,5.272459010390345,23.677280536627947,17.764981950972565,-0.0358110575221815,-0.03147015987420332,0.05082614484421606,0.5383317784836315
sigma_xl_0.9900,0.99,1764.0,25.13226775986785,5.27590025396662,23.69110666278566,17.775294582069343,-0.035853170789177824,-0.03150394616307395,0.05082610747183432,0.5383362611792418
sigma_xl_0.9900,0.99,1765.0,25.146092646650963,5.279341487994274,23.704932751572166,17.785607185537263,-0.03589532131182693,-0.03153777008379777,0.05082607010174388,0.5383407437096518
sigma_xl_0.9900,0.99,1766.0,25.15991749615814,5.282782712474225,23.718758802989765,17.795919761377693,-0.035937509087823116,-0.0315716316340513,0.050826032733945134,0.5383452260748692
sigma_xl_0.9900,0.99,1767.0,25.173742308391667,5.28622392740739,23.73258481704076,17.80623230959202,-0.03597973411489619,-0.0316055308115466,0.05082599536843592,0.5383497082749018
sigma_xl_0.9900,0.99,1768.0,25.187567083353805,5.289665132794664,23.746410793727428,17.816544830181613,-0.036021996390758204,-0.0316394676139673,0.05082595800521944,0.5383541903097572
sigma_xl_0.9900,0.99,1769.0,25.20139182104684,5.293106328636927,23.76023673305206,17.826857323147866,-0.03606429591314608,-0.03167344203903255,0.05082592064429288,0.5383586721794429
sigma_xl_0.9900,0.99,1770.0,25.215216521473042,5.296547514935062,23.774062635016932,17.837169788492183,-0.03610663267978609,-0.031707454084447306,0.050825883285656875,0.5383631538839665
sigma_xl_0.9900,0.99,1771.0,25.2290411846347,5.299988691689947,23.78788849962434,17.847482226215945,-0.03614900668837606,-0.03174150374786322,0.0508258459293133,0.5383676354233359
sigma_xl_0.9900,0.99,1772.0,25.242865810534084,5.303429858902463,23.80171432687656,17.857794636320556,-0.03619141793667069,-0.031775591027045635,0.050825808575258494,0.5383721167975585
sigma_xl_0.9900,0.99,1773.0,25.256690399173483,5.306871016573489,23.815540116775882,17.868107018807404,-0.03623386642238202,-0.03180971591965687,0.05082577122349358,0.538376598006642
sigma_xl_0.9900,0.99,1774.0,25.270514950555167,5.310312164703907,23.829365869324583,17.878419373677882,-0.03627635214324698,-0.03184387842343028,0.05082573387401673,0.5383810790505938
sigma_xl_0.9900,0.99,1775.0,25.284339464681423,5.313753303294596,23.843191584524956,17.88873170093339,-0.036318875096970515,-0.031878078536035304,0.050825696526829764,0.5383855599294219
sigma_xl_0.9900,0.99,1776.0,25.298163941554527,5.317194432346437,23.85701726237928,17.899044000575316,-0.03636143528127889,-0.03191231625518043,0.050825659181931576,0.5383900406431338
sigma_xl_0.9900,0.99,1777.0,25.311988381176764,5.32063555186031,23.870842902889844,17.909356272605056,-0.036404032693894806,-0.031946591578570604,0.05082562183932185,0.5383945211917369
sigma_xl_0.9900,0.99,1778.0,25.325812783550408,5.324076661837095,23.884668506058926,17.919668517024004,-0.03644666733254809,-0.03198090450389657,0.050825584499000515,0.5383990015752391
sigma_xl_0.9900,0.99,1779.0,25.33963714867774,5.327517762277672,23.89849407188882,17.92998073383355,-0.036489339194972104,-0.032015255028888134,0.05082554716096549,0.5384034817936478
sigma_xl_0.9900,0.99,1780.0,25.353461476561037,5.330958853182923,23.9123196003818,17.94029292303509,-0.03653204827888601,-0.03204964315122183,0.05082550982521743,0.5384079618469708
sigma_xl_0.9900,0.99,1781.0,25.36728576720259,5.334399934553726,23.926145091540157,17.950605084630027,-0.03657479458201607,-0.03208406886862036,0.05082547249175458,0.5384124417352157
sigma_xl_0.9900,0.99,1782.0,25.38111002060466,5.337841006390963,23.939970545366176,17.960917218619738,-0.03661757810207078,-0.032118532178753156,0.05082543516058015,0.5384169214583899
sigma_xl_0.9900,0.99,1783.0,25.394934236769544,5.341282068695515,23.95379596186214,17.971229325005627,-0.03666039883679062,-0.032153033079350024,0.05082539783168982,0.5384214010165014
sigma_xl_0.9900,0.99,1784.0,25.408758415699513,5.34472312146826,23.967621341030334,17.981541403789087,-0.0367032567838983,-0.032187571568105255,0.050825360505084696,0.5384258804095574
sigma_xl_0.9900,0.99,1785.0,25.422582557396847,5.348164164710079,23.98144668287304,17.99185345497151,-0.03674615194112363,-0.0322221476427238,0.050825323180764034,0.5384303596375658
sigma_xl_0.9900,0.99,1786.0,25.436406661863828,5.351605198421852,23.99527198739255,18.00216547855429,-0.03678908430618222,-0.03225676130089994,0.05082528585872749,0.5384348387005342
sigma_xl_0.9900,0.99,1787.0,25.45023072910273,5.35504622260446,24.009097254591136,18.01247747453882,-0.036832053876807436,-0.032291412540338627,0.05082524853897469,0.53843931759847
sigma_xl_0.9900,0.99,1788.0,25.464054759115843,5.3584872372587835,24.022922484471096,18.022789442926495,-0.036875060650725544,-0.03232610135875902,0.05082521122150384,0.5384437963313811
sigma_xl_0.9900,0.99,1789.0,25.477878751905436,5.361928242385702,24.036747677034704,18.033101383718712,-0.0369181046256557,-0.03236082775384119,0.0508251739063164,0.538448274899275
sigma_xl_0.9900,0.99,1790.0,25.4917027074738,5.365369237986097,24.05057283228425,18.04341329691686,-0.03696118579932062,-0.0323955917232972,0.050825136593410536,0.5384527533021592
sigma_xl_0.9900,0.99,1791.0,25.5055266258232,5.368810224060847,24.064397950222016,18.05372518252233,-0.03700430416945366,-0.032430393264824886,0.05082509928278625,0.5384572315400414
sigma_xl_0.9900,0.99,1792.0,25.51935050695593,5.372251200610833,24.078223030850292,18.064037040536526,-0.0370474597337882,-0.032465232376143405,0.05082506197444178,0.5384617096129294
sigma_xl_0.9900,0.99,1793.0,25.533174350874262,5.375692167636936,24.09204807417136,18.07434887096083,-0.037090652490039844,-0.03250010905494349,0.05082502466837746,0.5384661875208305
sigma_xl_0.9900,0.99,1794.0,25.546998157580475,5.379133125140036,24.1058730801875,18.084660673796645,-0.03713388243592419,-0.03253502329891589,0.05082498736459434,0.5384706652637526
sigma_xl_0.9900,0.99,1795.0,25.56082192707685,5.382574073121012,24.119698048901,18.094972449045358,-0.03717714956918883,-0.032569975105790405,0.05082495006308889,0.5384751428417032
sigma_xl_0.9900,0.99,1796.0,25.57464565936567,5.386015011580747,24.133522980314147,18.105284196708368,-0.037220453887563565,-0.032604964473264886,0.0508249127638607,0.5384796202546899
sigma_xl_0.9900,0.99,1797.0,25.588469354449213,5.389455940520117,24.14734787442922,18.115595916787065,-0.037263795388746246,-0.03263999139902296,0.0508248754669116,0.5384840975027202
sigma_xl_0.9900,0.99,1798.0,25.602293012329756,5.392896859940006,24.16117273124851,18.125907609282848,-0.037307174070488,-0.032675055880798,0.05082483817223868,0.5384885745858019
sigma_xl_0.9900,0.99,1799.0,25.61611663300958,5.396337769841294,24.174997550774297,18.136219274197103,-0.037350589930507994,-0.032710157916266525,0.050824800879842674,0.5384930515039426
sigma_xl_0.9900,0.99,1800.0,25.629940216490965,5.399778670224859,24.18882233300887,18.14653091153123,-0.037394042966525376,-0.03274529750313704,0.050824763589722516,0.5384975282571498
sigma_xl_0.9900,0.99,1801.0,25.643763762776178,5.403219561091573,24.2026470779545,18.15684252128662,-0.037437533176294835,-0.032780474639139356,0.05082472630187709,0.5385020048454311
sigma_xl_0.9900,0.99,1802.0,25.65758727186746,5.4066604424422815,24.21647178561345,18.167154103464693,-0.037481060557542634,-0.03281568932198198,0.05082468901630896,0.5385064812687942
sigma_xl_0.9900,0.99,1803.0,25.67141074376709,5.4101013142778305,24.230296455988004,18.177465658066854,-0.0375246251080128,-0.03285094154938051,0.050824651733016285,0.5385109575272465
sigma_xl_0.9900,0.99,1804.0,25.685234178477323,5.4135421765990674,24.244121089080423,18.187777185094518,-0.03756822682543515,-0.032886231319043446,0.050824614452000164,0.5385154336207957
sigma_xl_0.9900,0.99,1805.0,25.699057576000428,5.416983029406838,24.257945684892977,18.19808868454909,-0.037611865707553704,-0.032921558628693504,0.050824577173259486,0.5385199095494493
sigma_xl_0.9900,0.99,1806.0,25.71288093633867,5.4204238727019876,24.271770243427937,18.208400156431992,-0.0376555417521125,-0.032956923476046285,0.05082453989679356,0.5385243853132149
sigma_xl_0.9900,0.99,1807.0,25.72670425949432,5.423864706485362,24.285594764687577,18.218711600744637,-0.037699254956844896,-0.0329923258588245,0.05082450262260167,0.5385288609121001
sigma_xl_0.9900,0.99,1808.0,25.740527545469625,5.427305530757808,24.299419248674162,18.22902301748843,-0.037743005319491374,-0.033027765774729545,0.050824465350685244,0.5385333363461122
sigma_xl_0.9900,0.99,1809.0,25.754350794266873,5.43074634552017,24.313243695389964,18.239334406664785,-0.037786792837781746,-0.033063243221480576,0.05082442808104211,0.538537811615259
sigma_xl_0.9900,0.99,1810.0,25.768174005888312,5.434187150773297,24.327068104837252,18.24964576827512,-0.03783061750946004,-0.033098758196789646,0.05082439081367371,0.5385422867195481
sigma_xl_0.9900,0.99,1811.0,25.781997180336216,5.437627946518033,24.340892477018304,18.25995710232084,-0.03787447933227028,-0.033134310698390124,0.05082435354857755,0.5385467616589871
sigma_xl_0.9900,0.99,1812.0,25.795820317612844,5.441068732755224,24.354716811935376,18.27026840880336,-0.03791837830394229,-0.03316990072397985,0.05082431628575504,0.5385512364335833
sigma_xl_0.9900,0.99,1813.0,25.809643417720466,5.444509509485717,24.36854110959075,18.280579687724096,-0.03796231442223785,-0.03320552827129575,0.050824279025203326,0.5385557110433444
sigma_xl_0.9900,0.99,1814.0,25.823466480661338,5.4479502767103565,24.38236536998669,18.290890939084456,-0.038006287684858364,-0.03324119333802855,0.05082424176692597,0.5385601854882781
sigma_xl_0.9900,0.99,1815.0,25.83728950643774,5.4513910344299905,24.39618959312547,18.30120216288585,-0.03805029808956917,-0.033276895921904526,0.05082420451091904,0.5385646597683917
sigma_xl_0.9900,0.99,1816.0,25.851112495051925,5.454831782645464,24.410013779009354,18.311513359129698,-0.03809434563411074,-0.03331263602065704,0.05082416725718289,0.538569133883693
sigma_xl_0.9900,0.99,1817.0,25.864935446506166,5.458272521357625,24.42383792764062,18.321824527817405,-0.03813843031620934,-0.03334841363197327,0.050824130005717894,0.5385736078341894
sigma_xl_0.9900,0.99,1818.0,25.87875836080272,5.461713250567316,24.437662039021532,18.33213566895039,-0.038182552133612546,-0.0333842287535937,0.05082409275652294,0.5385780816198885
sigma_xl_0.9900,0.99,1819.0,25.89258123794386,5.465153970275384,24.451486113154367,18.34244678253006,-0.03822671108405018,-0.033420081383219724,0.0508240555095984,0.5385825552407979
sigma_xl_0.9900,0.99,1820.0,25.906404077931846,5.468594680482677,24.46531015004139,18.35275786855783,-0.03827090716528048,-0.03345597151858115,0.05082401826494215,0.5385870286969252
sigma_xl_0.9900,0.99,1821.0,25.92022688076894,5.4720353811900395,24.479134149684867,18.363068927035112,-0.0383151403750297,-0.033491899157386484,0.05082398102255521,0.5385915019882779
sigma_xl_0.9900,0.99,1822.0,25.934049646457417,5.475476072398319,24.492958112087077,18.373379957963316,-0.03835941071103832,-0.03352786429735488,0.05082394378243653,0.5385959751148633
sigma_xl_0.9900,0.99,1823.0,25.94787237499953,5.47891675410836,24.506782037250282,18.383690961343856,-0.03840371817105037,-0.03356386693620195,0.050823906544585754,0.5386004480766895
sigma_xl_0.9900,0.99,1824.0,25.961695066397553,5.482357426321008,24.52060592517676,18.394001937178146,-0.03844806275281698,-0.03359990707166105,0.05082386930900107,0.5386049208737637
sigma_xl_0.9900,0.99,1825.0,25.975517720653745,5.485798089037111,24.534429775868773,18.404312885467597,-0.03849244445404665,-0.03363598470141582,0.05082383207568501,0.5386093935060935
sigma_xl_0.9900,0.99,1826.0,25.98934033777038,5.4892387422575135,24.548253589328603,18.41462380621362,-0.03853686327250827,-0.03367209982321029,0.050823794844633965,0.5386138659736864
sigma_xl_0.9900,0.99,1827.0,26.003162917749712,5.492679385983063,24.562077365558505,18.42493469941763,-0.038581319205935216,-0.03370825243476361,0.0508237576158483,0.5386183382765501
sigma_xl_0.9900,0.99,1828.0,26.016985460594015,5.4961200202146046,24.575901104560764,18.435245565081036,-0.03862581225207151,-0.03374444253378783,0.05082372038932695,0.5386228104146922
sigma_xl_0.9900,0.99,1829.0,26.030807966305545,5.499560644952984,24.589724806337635,18.445556403205252,-0.03867034240863987,-0.03378067011798791,0.05082368316507205,0.5386272823881201
sigma_xl_0.9900,0.99,1830.0,26.044630434886578,5.503001260199049,24.6035484708914,18.45586721379169,-0.03871490967340563,-0.03381693518510431,0.05082364594307892,0.5386317541968414
sigma_xl_0.9900,0.99,1831.0,26.058452866339366,5.506441865953643,24.617372098224326,18.46617799684177,-0.03875951404410216,-0.03385323773284199,0.05082360872334976,0.5386362258408636
sigma_xl_0.9900,0.99,1832.0,26.072275260666185,5.509882462217614,24.631195688338682,18.47648875235689,-0.03880415551845218,-0.03388957775891299,0.05082357150588379,0.5386406973201944
sigma_xl_0.9900,0.99,1833.0,26.086097617869296,5.513323048991807,24.64501924123674,18.48679948033847,-0.03884883409422102,-0.03392595526105069,0.05082353429067926,0.5386451686348412
sigma_xl_0.9900,0.99,1834.0,26.099919937950958,5.516763626277066,24.658842756920762,18.497110180787924,-0.03889354976914561,-0.03396237023697424,0.0508234970777358,0.5386496397848116
sigma_xl_0.9900,0.99,1835.0,26.113742220913405,5.52020419407421,24.672666235393006,18.507420853706673,-0.03893830254097708,-0.033998822684413454,0.05082345986705518,0.5386541107701133
sigma_xl_0.9900,0.99,1836.0,26.12756446675889,5.523644752384055,24.68648967665573,18.517731499096147,-0.03898309240747011,-0.0340353126010875,0.05082342265863707,0.5386585815907535
sigma_xl_0.9900,0.99,1837.0,26.141386675489663,5.527085301207413,24.70031308071119,18.528042116957778,-0.0390279193663865,-0.034071839984754604,0.050823385452479636,0.53866305224674
sigma_xl_0.9900,0.99,1838.0,26.155208847107975,5.5305258405451045,24.714136447561632,18.538352707292987,-0.03907278341545961,-0.03410840483310551,0.050823348248585046,0.53866752273808
sigma_xl_0.9900,0.99,1839.0,26.169030981616075,5.53396637039794,24.72795977720933,18.548663270103205,-0.039117684552447685,-0.03414500714389135,0.0508233110469519,0.5386719930647813
sigma_xl_0.9900,0.99,1840.0,26.182853079016216,5.5374068907667375,24.741783069656524,18.55897380538986,-0.03916262277511606,-0.03418164691484904,0.05082327384757905,0.5386764632268513
sigma_xl_0.9900,0.99,1841.0,26.196675139310653,5.540847401652311,24.755606324905486,18.56928431315439,-0.0392075980811839,-0.034218324143676426,0.05082323665046834,0.5386809332242973
sigma_xl_0.9900,0.99,1842.0,26.210497162501632,5.5442879030554755,24.76942954295846,18.579594793398215,-0.039252610468452076,-0.03425503882815306,0.05082319945561545,0.5386854030571273
sigma_xl_0.9900,0.99,1843.0,26.22431914859141,5.547728394977046,24.78325272381771,18.58990524612276,-0.039297659934621976,-0.034291790965948366,0.05082316226302504,0.5386898727253483
sigma_xl_0.9900,0.99,1844.0,26.23814109758223,5.551168877417838,24.797075867485486,18.60021567132946,-0.039342746477483814,-0.03432858055484189,0.05082312507269279,0.5386943422289681
sigma_xl_0.9900,0.99,1845.0,26.25196300947635,5.554609350378667,24.810898973964054,18.61052606901975,-0.03938787009477096,-0.034365407592535036,0.050823087884620505,0.5386988115679942
sigma_xl_0.9900,0.99,1846.0,26.265784884276016,5.558049813860348,24.82472204325566,18.62083643919504,-0.03943303078422389,-0.03440227207675406,0.05082305069880855,0.5387032807424339
sigma_xl_0.9900,0.99,1847.0,26.279606721983487,5.561490267863695,24.83854507536257,18.63114678185677,-0.039478228543639915,-0.034439174005264306,0.050823013515252244,0.5387077497522949
sigma_xl_0.9900,0.99,1848.0,26.29342852260101,5.564930712389523,24.85236807028703,18.641457097006374,-0.0395234633707382,-0.034476113375774275,0.05082297633395447,0.5387122185975847
sigma_xl_0.9900,0.99,1849.0,26.307250286130834,5.56837114743865,24.866191028031313,18.65176738464527,-0.03956873526325566,-0.03451309018598536,0.05082293915491627,0.5387166872783106
sigma_xl_0.9900,0.99,1850.0,26.32107201257521,5.571811573011888,24.880013948597657,18.662077644774897,-0.039614044218986066,-0.03455010443367712,0.050822901978134105,0.5387211557944804
sigma_xl_0.9900,0.99,1851.0,26.334893701936398,5.575251989110054,24.893836831988335,18.672387877396673,-0.03965939023564857,-0.034587156116540285,0.05082286480360937,0.5387256241461015
sigma_xl_0.9900,0.99,1852.0,26.348715354216637,5.578692395733962,24.907659678205587,18.682698082512033,-0.03970477331102629,-0.03462424523233665,0.05082282763134027,0.5387300923331814
sigma_xl_0.9900,0.99,1853.0,26.362536969418187,5.582132792884429,24.921482487251684,18.6930082601224,-0.039750193442838366,-0.034661371778771155,0.05082279046132829,0.5387345603557274
sigma_xl_0.9900,0.99,1854.0,26.3763585475433,5.585573180562267,24.935305259128878,18.703318410229212,-0.03979565062887147,-0.03469853575359494,0.05082275329357011,0.5387390282137474
sigma_xl_0.9900,0.99,1855.0,26.39018008859422,5.589013558768293,24.94912799383942,18.713628532833887,-0.03984114486685897,-0.03473573715453071,0.05082271612806759,0.5387434959072485
sigma_xl_0.9900,0.99,1856.0,26.404001592573206,5.592453927503323,24.962950691385576,18.723938627937866,-0.03988667615455199,-0.03477297597929763,0.05082267896482,0.5387479634362385
sigma_xl_0.9900,0.99,1857.0,26.4178230594825,5.5958942867681705,24.97677335176959,18.734248695542565,-0.039932244489715885,-0.034810252225639715,0.050822641803826604,0.5387524308007249
sigma_xl_0.9900,0.99,1858.0,26.431644489324363,5.599334636563651,24.990595974993735,18.74455873564942,-0.03997784987009467,-0.03484756589128324,0.05082260464508667,0.5387568980007149
sigma_xl_0.9900,0.99,1859.0,26.445465882101036,5.60277497689058,25.004418561060252,18.75486874825986,-0.04002349229346436,-0.03488491697397578,0.05082256748859881,0.5387613650362164
sigma_xl_0.9900,0.99,1860.0,26.459287237814785,5.606215307749773,25.018241109971406,18.765178733375308,-0.0400691717575512,-0.03492230547142228,0.05082253033436335,0.5387658319072365
sigma_xl_0.9900,0.99,1861.0,26.473108556467846,5.609655629142045,25.032063621729453,18.775488690997193,-0.040114888260124104,-0.034959731381377424,0.05082249318238029,0.5387702986137831
sigma_xl_0.9900,0.99,1862.0,26.48692983806248,5.61309594106821,25.04588609633665,18.78579862112695,-0.040160641798923535,-0.034997194701546164,0.0508224560326489,0.5387747651558634
sigma_xl_0.9900,0.99,1863.0,26.500751082600935,5.616536243529085,25.05970853379525,18.79610852376601,-0.040206432371721945,-0.03503469542969029,0.05082241888516742,0.5387792315334852
sigma_xl_0.9900,0.99,1864.0,26.514572290085464,5.619976536525483,25.07353093410751,18.806418398915785,-0.040252259976270466,-0.035072233563528954,0.05082238173993581,0.5387836977466556
sigma_xl_0.9900,0.99,1865.0,26.528393460518313,5.623416820058219,25.08735329727569,18.81672824657772,-0.04029812461030957,-0.03510980910077777,0.05082234459695481,0.5387881637953824
sigma_xl_0.9900,0.99,1866.0,26.54221459390174,5.626857094128112,25.101175623302048,18.82703806675324,-0.04034402627160105,-0.035147422039184306,0.050822307456222945,0.538792629679673
sigma_xl_0.9900,0.99,1867.0,26.55603569023799,5.630297358735972,25.11499791218883,18.837347859443767,-0.0403899649579067,-0.035185072376489046,0.05082227031773885,0.538797095399535
sigma_xl_0.9900,0.99,1868.0,26.569856749529293,5.633737613882601,25.128820163938293,18.847657624650743,-0.0404359406669883,-0.0352227601104218,0.05082223318150425,0.5388015609549758
sigma_xl_0.9900,0.99,1869.0,26.58367777177788,5.637177859568784,25.14264237855267,18.857967362375607,-0.04048195339662186,-0.035260485238744366,0.050822196047517726,0.5388060263460028
sigma_xl_0.9900,0.99,1870.0,26.597498756985992,5.640618095795309,25.15646455603421,18.8682770726198,-0.0405280031445443,-0.03529824775917234,0.05082215891578144,0.5388104915726235
sigma_xl_0.9900,0.99,1871.0,26.611319705155857,5.644058322562962,25.17028669638515,18.87858675538477,-0.040574089908552935,-0.03533604766946752,0.05082212178629361,0.5388149566348455
sigma_xl_0.9900,0.99,1872.0,26.62514061628973,5.647498539872532,25.184108799607742,18.888896410671954,-0.04062021368638824,-0.035373884967359714,0.05082208465905383,0.5388194215326759
sigma_xl_0.9900,0.99,1873.0,26.63896149038984,5.650938747724806,25.19793086570423,18.899206038482802,-0.040666374475822664,-0.035411759650592955,0.050822047534062845,0.5388238862661225
sigma_xl_0.9900,0.99,1874.0,26.652782327458418,5.65437894612057,25.21175289467685,18.909515638818746,-0.0407125722746251,-0.03544967171692193,0.05082201041131959,0.5388283508351926
sigma_xl_0.9900,0.99,1875.0,26.66660312749772,5.6578191350606115,25.22557488652785,18.919825211681243,-0.040758807080568005,-0.03548762116408355,0.050821973290822234,0.5388328152398939
sigma_xl_0.9900,0.99,1876.0,26.680423890509967,5.661259314545718,25.23939684125947,18.93013475707172,-0.04080507889138474,-0.035525607989800534,0.05082193617257437,0.5388372794802335
sigma_xl_0.9900,0.99,1877.0,26.69424461649741,5.664699484576677,25.253218758873963,18.940444274991634,-0.04085138770486907,-0.035563632191838224,0.050821899056572084,0.5388417435562192
sigma_xl_0.9900,0.99,1878.0,26.70806530546228,5.668139645154276,25.267040639373565,18.950753765442418,-0.04089773351877923,-0.035601693767926434,0.050821861942816765,0.538846207467858
sigma_xl_0.9900,0.99,1879.0,26.721885957406823,5.671579796279301,25.280862482760526,18.961063228425516,-0.04094411633087347,-0.03563979271581985,0.05082182483130736,0.538850671215158
sigma_xl_0.9900,0.99,1880.0,26.735706572333267,5.6750199379525395,25.29468428903708,18.971372663942383,-0.04099053613893133,-0.03567792903325184,0.0508217877220435,0.5388551347981261
sigma_xl_0.9900,0.99,1881.0,26.749527150243864,5.678460070174778,25.30850605820548,18.981682071994445,-0.04103699294068619,-0.035716102717952225,0.05082175061502628,0.5388595982167699
sigma_xl_0.9900,0.99,1882.0,26.763347691140837,5.681900192946805,25.322327790267966,18.991991452583154,-0.04108348673394602,-0.035754313767693446,0.05082171351025315,0.538864061471097
sigma_xl_0.9900,0.99,1883.0,26.777168195026434,5.685340306269408,25.336149485226787,19.00230080570995,-0.04113001751644774,-0.03579256218020177,0.050821676407724836,0.5388685245611147
sigma_xl_0.9900,0.99,1884.0,26.79098866190289,5.688780410143374,25.349971143084176,19.012610131376277,-0.04117658528596735,-0.03583084795322122,0.050821639307440644,0.5388729874868307
sigma_xl_0.9900,0.99,1885.0,26.804809091772448,5.692220504569489,25.363792763842387,19.02291942958358,-0.0412231900402773,-0.03586917108450294,0.05082160220939949,0.5388774502482522
sigma_xl_0.9900,0.99,1886.0,26.81862948463734,5.695660589548541,25.37761434750366,19.033228700333297,-0.041269831777121624,-0.035907531571769624,0.05082156511360278,0.5388819128453867
sigma_xl_0.9900,0.99,1887.0,26.83244984049981,5.699100665081318,25.391435894070238,19.043537943626873,-0.04131651049428342,-0.03594592941278307,0.05082152802004909,0.5388863752782417
sigma_xl_0.9900,0.99,1888.0,26.846270159362092,5.702540731168604,25.405257403544365,19.053847159465757,-0.04136322618952448,-0.03598436460528376,0.05082149092873735,0.5388908375468247
sigma_xl_0.9900,0.99,1889.0,26.86009044122643,5.70598078781119,25.41907887592829,19.06415634785138,-0.04140997886061726,-0.03602283714701926,0.05082145383966721,0.538895299651143
sigma_xl_0.9900,0.99,1890.0,26.873910686095055,5.709420835009861,25.43290031122425,19.074465508785195,-0.04145676850530933,-0.036061347035708735,0.050821416752839715,0.5388997615912042
sigma_xl_0.9900,0.99,1891.0,26.887730893970208,5.712860872765406,25.44672170943449,19.084774642268638,-0.04150359512138024,-0.03609989426912463,0.05082137966825345,0.5389042233670158
sigma_xl_0.9900,0.99,1892.0,26.901551064854132,5.716300901078609,25.460543070561258,19.095083748303157,-0.04155045870660956,-0.03613847884501098,0.050821342585906246,0.5389086849785851
sigma_xl_0.9900,0.99,1893.0,26.91537119874906,5.719740919950261,25.47436439460679,19.105392826890192,-0.04159735925874486,-0.03617710076109404,0.05082130550579955,0.5389131464259196
sigma_xl_0.9900,0.99,1894.0,26.929191295657233,5.723180929381146,25.48818568157334,19.115701878031185,-0.041644296775555034,-0.03621576001512139,0.050821268427932983,0.5389176077090269
sigma_xl_0.9900,0.99,1895.0,26.943011355580886,5.7266209293720545,25.502006931463143,19.12601090172758,-0.041691271254812534,-0.03625445660484772,0.050821231352305124,0.5389220688279142
sigma_xl_0.9900,0.99,1896.0,26.956831378522267,5.730060919923771,25.51582814427845,19.13631989798082,-0.0417382826942756,-0.03629319052800639,0.05082119427891599,0.538926529782589
sigma_xl_0.9900,0.99,1897.0,26.9706513644836,5.7335009010370825,25.5296493200215,19.146628866792348,-0.041785331091723776,-0.036331961782352096,0.050821157207764464,0.5389309905730589
sigma_xl_0.9900,0.99,1898.0,26.98447131346714,5.736940872712778,25.54347045869454,19.156937808163608,-0.04183241644491176,-0.03637077036562175,0.050821120138850207,0.5389354511993314
sigma_xl_0.9900,0.99,1899.0,26.998291225475107,5.740380834951644,25.557291560299806,19.16724672209604,-0.041879538751619094,-0.03640961627556294,0.050821083072173215,0.5389399116614138
sigma_xl_0.9900,0.99,1900.0,27.012111100509756,5.743820787754467,25.571112624839554,19.17755560859109,-0.041926698009618235,-0.03644849950993745,0.050821046007730256,0.5389443719593134
sigma_xl_0.9900,0.99,1901.0,27.025930938573296,5.747260731122028,25.58493365231601,19.1878644676502,-0.04197389421665321,-0.03648742006645378,0.0508210089455267,0.538948832093038
sigma_xl_0.9900,0.99,1902.0,27.03975073966795,5.750700665055088,25.59875464273141,19.198173299274824,-0.04202112737053909,-0.03652637794291991,0.05082097188555791,0.5389532920625948
sigma_xl_0.9900,0.99,1903.0,27.053570503795946,5.754140589554409,25.612575596087982,19.20848210346642,-0.042068397469019914,-0.03656537313704078,0.05082093482782779,0.5389577518679912
sigma_xl_0.9900,0.99,1904.0,27.067390230959504,5.757580504620755,25.62639651238796,19.218790880226436,-0.042115704509910756,-0.03660440564662082,0.0508208977723317,0.5389622115092347
sigma_xl_0.9900,0.99,1905.0,27.081209921160852,5.7610204102548845,25.640217391633573,19.229099629556337,-0.04216304849094499,-0.03664347546937208,0.05082086071907392,0.5389666709863327
sigma_xl_0.9900,0.99,1906.0,27.09502957440222,5.764460306457563,25.654038233827055,19.23940835145757,-0.04221042940993058,-0.036682582603067004,0.05082082366805127,0.5389711302992924
sigma_xl_0.9900,0.99,1907.0,27.108849190685827,5.76790019322955,25.66785903897064,19.249717045931597,-0.04225784726462223,-0.03672172704545318,0.05082078661926512,0.5389755894481215
sigma_xl_0.9900,0.99,1908.0,27.122668770013906,5.7713400705716085,25.68167980706655,19.260025712979864,-0.04230530205282079,-0.03676090879429594,0.05082074957271335,0.5389800484328274
sigma_xl_0.9900,0.99,1909.0,27.13648831238868,5.7747799384845,25.69550053811703,19.270334352603832,-0.04235279377227741,-0.036800127847339326,0.05082071252839776,0.5389845072534174
sigma_xl_0.9900,0.99,1910.0,27.150307817812376,5.778219796968986,25.7093212321243,19.28064296480496,-0.042400322420789394,-0.03683938420234156,0.05082067548631615,0.5389889659098989
sigma_xl_0.9900,0.99,1911.0,27.16412728628722,5.78165964602583,25.723141889090602,19.2909515495847,-0.042447887996125644,-0.03687867785706089,0.05082063844646893,0.5389934244022794
sigma_xl_0.9900,0.99,1912.0,27.177946717815438,5.785099485655793,25.73696250901816,19.301260106944504,-0.04249549049606571,-0.03691800880924845,0.05082060140885536,0.5389978827305661
sigma_xl_0.9900,0.99,1913.0,27.191766112399257,5.788539315859636,25.750783091909213,19.31156863688583,-0.042543129918374945,-0.036957377056648255,0.05082056437347686,0.5390023408947667
sigma_xl_0.9900,0.99,1914.0,27.2055854700409,5.791979136638123,25.764603637765983,19.321877139410137,-0.04259080626084355,-0.03699678259702921,0.050820527340331295,0.5390067988948886
sigma_xl_0.9900,0.99,1915.0,27.219404790742605,5.7954189479920135,25.778424146590712,19.33218561451887,-0.04263851952124753,-0.037036225428146,0.05082049030941829,0.5390112567309389
sigma_xl_0.9900,0.99,1916.0,27.23322407450658,5.79885874992207,25.792244618385624,19.342494062213493,-0.04268626969735578,-0.03707570554774264,0.05082045328073895,0.5390157144029252
sigma_xl_0.9900,0.99,1917.0,27.247043321335067,5.802298542429057,25.80606505315296,19.35280248249546,-0.04273405678695141,-0.03711522295357739,0.050820416254291775,0.5390201719108549
sigma_xl_0.9900,0.99,1918.0,27.260862531230284,5.805738325513733,25.81988545089494,19.363110875366225,-0.04278188078781753,-0.037154777643419123,0.05082037923007576,0.5390246292547356
sigma_xl_0.9900,0.99,1919.0,27.27468170419446,5.809178099176863,25.833705811613804,19.37341924082724,-0.04282974169773013,-0.03719436961501188,0.050820342208091215,0.5390290864345744
sigma_xl_0.9900,0.99,1920.0,27.28850084022982,5.812617863419207,25.84752613531178,19.383727578879963,-0.04287763951445456,-0.03723399886611034,0.050820305188338494,0.5390335434503788
sigma_xl_0.9900,0.99,1921.0,27.30231993933859,5.816057618241526,25.861346421991104,19.394035889525853,-0.042925574235777475,-0.037273665394462085,0.050820268170816196,0.5390380003021564
sigma_xl_0.9900,0.99,1922.0,27.316139001523,5.819497363644584,25.875166671654004,19.404344172766358,-0.04297354585948554,-0.03731336919784667,0.050820231155523934,0.5390424569899144
sigma_xl_0.9900,0.99,1923.0,27.32995802678527,5.822937099629142,25.888986884302714,19.41465242860294,-0.04302155438333699,-0.03735311027399746,0.05082019414246208,0.5390469135136602
sigma_xl_0.9900,0.99,1924.0,27.34377701512763,5.826376826195962,25.902807059939462,19.42496065703705,-0.04306959980513625,-0.03739288862068335,0.05082015713162881,0.5390513698734013
sigma_xl_0.9900,0.99,1925.0,27.35759596655231,5.829816543345807,25.916627198566488,19.435268858070145,-0.043117682122630896,-0.03743270423564482,0.05082012012302488,0.5390558260691451
sigma_xl_0.9900,0.99,1926.0,27.37141488106153,5.833256251079437,25.930447300186017,19.445577031703678,-0.04316580133362535,-0.03747255711665787,0.05082008311664919,0.539060282100899
sigma_xl_0.9900,0.99,1927.0,27.385233758657513,5.8366959493976145,25.94426736480028,19.45588517793911,-0.04321395743588852,-0.03751244726147007,0.05082004611250138,0.5390647379686704
sigma_xl_0.9900,0.99,1928.0,27.3990525993425,5.840135638301103,25.958087392411514,19.466193296777888,-0.04326215042719639,-0.03755237466783967,0.05082000911058035,0.5390691936724666
sigma_xl_0.9900,0.99,1929.0,27.4128714031187,5.843575317790663,25.971907383021943,19.47650138822147,-0.04331038030533563,-0.0375923393335178,0.050819972110886874,0.5390736492122952
sigma_xl_0.9900,0.99,1930.0,27.42669016998835,5.847014987867055,25.985727336633808,19.486809452271316,-0.04335864706807513,-0.03763234125625914,0.050819935113419465,0.5390781045881635
sigma_xl_0.9900,0.99,1931.0,27.440508899953674,5.850454648531045,25.999547253249332,19.49711748892888,-0.043406950713205106,-0.037672380433832586,0.05081989811817779,0.5390825598000789
sigma_xl_0.9900,0.99,1932.0,27.4543275930169,5.853894299783391,26.013367132870755,19.50742549819561,-0.0434552912384909,-0.03771245686398217,0.05081986112516146,0.5390870148480489
sigma_xl_0.9900,0.99,1933.0,27.468146249180247,5.857333941624856,26.027186975500303,19.517733480072966,-0.04350366864172983,-0.03775257054447678,0.050819824134369404,0.5390914697320808
sigma_xl_0.9900,0.99,1934.0,27.481964868445942,5.860773574056201,26.04100678114021,19.528041434562407,-0.04355208292068724,-0.037792721473064006,0.050819787145802015,0.539095924452182
sigma_xl_0.9900,0.99,1935.0,27.49578345081618,5.8642131970781675,26.054826549792686,19.538349361665393,-0.043600534073164,-0.03783290964752695,0.05081975015945997,0.5391003790083598
sigma_xl_0.9900,0.99,1936.0,27.50960199629318,5.867652810691495,26.068646281459962,19.548657261383383,-0.04364902209694321,-0.03787313506560963,0.050819713175343284,0.5391048334006219
sigma_xl_0.9900,0.99,1937.0,27.52342050487915,5.871092414896922,26.082465976144245,19.558965133717848,-0.0436975469898222,-0.03791339772510938,0.050819676193450875,0.5391092876289753
sigma_xl_0.9900,0.99,1938.0,27.53723897657631,5.874532009695188,26.096285633847767,19.569272978670256,-0.043746108749580515,-0.037953697623763105,0.05081963921378345,0.5391137416934274
sigma_xl_0.9900,0.99,1939.0,27.551057411386875,5.877971595087033,26.11010525457274,19.579580796242073,-0.04379470737400126,-0.03799403475934682,0.05081960223634063,0.5391181955939858
sigma_xl_0.9900,0.99,1940.0,27.564875809313055,5.881411171073194,26.123924838321393,19.58988858643476,-0.043843342860885315,-0.03803440912962586,0.050819565261121746,0.5391226493306578
sigma_xl_0.9900,0.99,1941.0,27.578694170357064,5.8848507376544115,26.137744385095935,19.600196349249785,-0.04389201520800512,-0.038074820732365566,0.05081952828812748,0.5391271029034507
sigma_xl_0.9900,0.99,1942.0,27.592512494521127,5.888290294831425,26.151563894898597,19.610504084688614,-0.04394072441315089,-0.03811526956532063,0.05081949131735676,0.5391315563123719
sigma_xl_0.9900,0.99,1943.0,27.606330781807447,5.891729842604971,26.165383367731597,19.620811792752715,-0.0439894704741306,-0.03815575562627771,0.050819454348808885,0.5391360095574287
sigma_xl_0.9900,0.99,1944.0,27.620149032218244,5.8951693809757915,26.17920280359715,19.631119473443555,-0.04403825338870604,-0.038196278912987935,0.0508194173824849,0.5391404626386285
sigma_xl_0.9900,0.99,1945.0,27.633967245755734,5.898608909944624,26.193022202497485,19.641427126762594,-0.044087073154695844,-0.038236839423234414,0.05081938041838194,0.5391449155559788
sigma_xl_0.9900,0.99,1946.0,27.647785422422125,5.902048429512209,26.20684156443481,19.6517347527113,-0.04413592976984759,-0.03827743715475407,0.050819343456503935,0.5391493683094868
sigma_xl_0.9900,0.99,1947.0,27.661603562219643,5.9054879396792845,26.22066088941136,19.66204235129114,-0.04418482323199058,-0.03831807210533711,0.050819306496845906,0.5391538208991599
sigma_xl_0.9900,0.99,1948.0,27.67542166515049,5.90892744044659,26.234480177429344,19.672349922503585,-0.044233753538883036,-0.038358744272741774,0.050819269539411044,0.5391582733250057
sigma_xl_0.9900,0.99,1949.0,27.689239731216894,5.912366931814863,26.24829942849099,19.68265746635009,-0.0442827206883365,-0.03839945365474051,0.05081923258419614,0.5391627255870312
sigma_xl_0.9900,0.99,1950.0,27.703057760421057,5.915806413784844,26.262118642598512,19.69296498283213,-0.04433172467812341,-0.03844020024908801,0.05081919563120367,0.5391671776852439
sigma_xl_0.9900,0.99,1951.0,27.716875752765205,5.919245886357272,26.275937819754137,19.703272471951166,-0.04438076550604464,-0.03848098405356026,0.050819158680430424,0.5391716296196513
sigma_xl_0.9900,0.99,1952.0,27.730693708251543,5.922685349532887,26.28975695996008,19.71357993370867,-0.044429843169879746,-0.03852180506591907,0.05081912173187858,0.5391760813902606
sigma_xl_0.9900,0.99,1953.0,27.744511626882293,5.926124803312426,26.303576063218568,19.7238873681061,-0.044478957667415386,-0.03856266328393332,0.05081908478554664,0.5391805329970792
sigma_xl_0.9900,0.99,1954.0,27.758329508659664,5.9295642476966295,26.31739512953181,19.73419477514493,-0.04452810899645243,-0.038603558705364804,0.0508190478414343,0.5391849844401146
sigma_xl_0.9900,0.99,1955.0,27.77214735358588,5.933003682686236,26.33121415890204,19.744502154826616,-0.044577297154770434,-0.03864449132798953,0.050819010899540454,0.539189435719374
sigma_xl_0.9900,0.99,1956.0,27.785965161663142,5.936443108281985,26.345033151331467,19.754809507152633,-0.04462652214017382,-0.03868546114958349,0.05081897395986476,0.539193886834865
sigma_xl_0.9900,0.99,1957.0,27.799782932893677,5.939882524484615,26.35885210682232,19.765116832124445,-0.04467578395041727,-0.038726468167865846,0.05081893702240968,0.5391983377865947
sigma_xl_0.9900,0.99,1958.0,27.813600667279694,5.943321931294866,26.37267102537681,19.775424129743513,-0.044725082583340736,-0.038767512380673,0.05081890008716955,0.5392027885745706
sigma_xl_0.9900,0.99,1959.0,27.82741836482341,5.946761328713476,26.38648990699717,19.785731400011308,-0.044774418036698904,-0.03880859378572765,0.05081886315414788,0.5392072391988
sigma_xl_0.9900,0.99,1960.0,27.84123602552704,5.950200716741185,26.400308751685614,19.796038642929293,-0.04482379030827843,-0.03884971238079871,0.05081882622334363,0.5392116896592902
sigma_xl_0.9900,0.99,1961.0,27.85505364939279,5.953640095378731,26.414127559444356,19.806345858498936,-0.04487319939590151,-0.03889086816368348,0.050818789294754654,0.5392161399560487
sigma_xl_0.9900,0.99,1962.0,27.868871236422887,5.957079464626855,26.427946330275628,19.816653046721704,-0.044922645297319264,-0.03893206113210823,0.050818752368382736,0.5392205900890829
sigma_xl_0.9900,0.99,1963.0,27.88268878661954,5.960518824486293,26.44176506418164,19.826960207599058,-0.04497212801035744,-0.03897329128388449,0.05081871544422463,0.5392250400584
sigma_xl_0.9900,0.99,1964.0,27.896506299984967,5.963958174957787,26.455583761164625,19.837267341132467,-0.04502164753277427,-0.03901455861673497,0.050818678522282834,0.5392294898640074
sigma_xl_0.9900,0.99,1965.0,27.910323776521373,5.967397516042075,26.46940242122679,19.847574447323403,-0.04507120386239549,-0.03905586312847831,0.050818641602553824,0.5392339395059126
sigma_xl_0.9900,0.99,1966.0,27.92414121623099,5.970836847739896,26.48322104437036,19.85788152617332,-0.04512079699696869,-0.03909720481682655,0.05081860468504039,0.5392383889841229
sigma_xl_0.9900,0.99,1967.0,27.937958619116014,5.974276170051987,26.49703963059756,19.86818857768369,-0.04517042693431961,-0.039138583679594774,0.05081856776973934,0.5392428382986456
sigma_xl_0.9900,0.99,1968.0,27.95177598517865,5.977715482979079,26.510858179910592,19.87849560185598,-0.04522009367225266,-0.039179999714555436,0.05081853085665068,0.539247287449488
sigma_xl_0.9900,0.99,1969.0,27.96559331442108,5.981154786521887,26.52467669231167,19.888802598691676,-0.04526979720853319,-0.039221452919459665,0.05081849394577871,0.5392517364366575
sigma_xl_0.9900,0.99,1970.0,27.97941060684553,5.984594080681131,26.538495167803,19.899109568192234,-0.045319537540976285,-0.03926294329209412,0.050818457037120165,0.5392561852601615
sigma_xl_0.9900,0.99,1971.0,27.993227862454187,5.988033365457528,26.55231360638679,19.909416510359137,-0.04536931466740057,-0.03930447083025257,0.05081842013067436,0.5392606339200072
sigma_xl_0.9900,0.99,1972.0,28.007045081249263,5.991472640851796,26.566132008065257,19.919723425193865,-0.0454191285855714,-0.039346035531689694,0.05081838322644308,0.5392650824162021
sigma_xl_0.9900,0.99,1973.0,28.020862263232956,5.994911906864656,26.5799503728406,19.930030312697887,-0.045468979293303846,-0.03938763739418505,0.050818346324425584,0.5392695307487533
sigma_xl_0.9900,0.99,1974.0,28.034679408407474,5.998351163496825,26.59376870071504,19.940337172872688,-0.045518866788402335,-0.03942927641553595,0.05081830942462011,0.5392739789176683
sigma_xl_0.9900,0.99,1975.0,28.048496516775018,6.001790410749021,26.607586991690777,19.950644005719727,-0.04556879106866063,-0.03947095259349709,0.05081827252702771,0.5392784269229542
sigma_xl_0.9900,0.99,1976.0,28.062313588337798,6.005229648621963,26.621405245770028,19.96095081124049,-0.0456187521318725,-0.03951266592585512,0.05081823563164731,0.5392828747646188
sigma_xl_0.9900,0.99,1977.0,28.076130623098006,6.008668877116368,26.635223462954993,19.97125758943645,-0.04566874997583881,-0.039554416410378934,0.050818198738479994,0.539287322442669
sigma_xl_0.9900,0.99,1978.0,28.08994762105786,6.012108096232955,26.649041643247894,19.981564340309085,-0.04571878459836043,-0.039596204044851646,0.050818161847524315,0.5392917699571123
sigma_xl_0.9900,0.99,1979.0,28.103764582219558,6.0155473059724445,26.662859786650937,19.991871063859865,-0.04576885599723468,-0.0396380288270457,0.05081812495877991,0.5392962173079558
sigma_xl_0.9900,0.99,1980.0,28.117581506585296,6.018986506335552,26.67667789316632,20.00217776009027,-0.045818964170265986,-0.03967989075474421,0.05081808807224748,0.5393006644952073
sigma_xl_0.9900,0.99,1981.0,28.13139839415729,6.022425697322998,26.69049596279627,20.012484429001766,-0.04586910911524811,-0.03972178982571606,0.05081805118792529,0.5393051115188737
sigma_xl_0.9900,0.99,1982.0,28.145215244937738,6.025864878935499,26.704313995542986,20.022791070595844,-0.04591929082997481,-0.03976372603774081,0.05081801430581505,0.5393095583789627
sigma_xl_0.9900,0.99,1983.0,28.159032058928844,6.029304051173774,26.71813199140868,20.033097684873965,-0.045969509312264734,-0.03980569938860157,0.050817977425913596,0.5393140050754811
sigma_xl_0.9900,0.99,1984.0,28.17284883613281,6.032743214038542,26.73194995039556,20.04340427183761,-0.04601976455990098,-0.039847709876077886,0.05081794054822268,0.5393184516084367
sigma_xl_0.9900,0.99,1985.0,28.186665576551846,6.036182367530522,26.74576787250584,20.05371083148825,-0.046070056570684415,-0.039889757497928,0.05081790367274196,0.5393228979778366
sigma_xl_0.9900,0.99,1986.0,28.200482280188147,6.03962151165043,26.759585757741725,20.064017363827364,-0.04612038534241947,-0.039931842251949234,0.050817866799470354,0.5393273441836882
sigma_xl_0.9900,0.99,1987.0,28.21429894704393,6.043060646398986,26.773403606105425,20.074323868856432,-0.0461707508728999,-0.03997396413591048,0.05081782992840786,0.5393317902259989
sigma_xl_0.9900,0.99,1988.0,28.228115577121386,6.04649977177691,26.787221417599152,20.08463034657692,-0.046221153159937245,-0.04001612314759484,0.05081779305955304,0.5393362361047759
sigma_xl_0.9900,0.99,1989.0,28.241932170422725,6.049938887784916,26.80103919222512,20.094936796990304,-0.04627159220133237,-0.040058319284785426,0.05081775619290588,0.5393406818200265
sigma_xl_0.9900,0.99,1990.0,28.255748726950145,6.053377994423727,26.814856929985528,20.105243220098064,-0.046322067994864824,-0.040100552545240475,0.050817719328467834,0.5393451273717581
sigma_xl_0.9900,0.99,1991.0,28.26956524670586,6.056817091694058,26.828674630882595,20.115549615901674,-0.04637258053835325,-0.040142822926757304,0.050817682466236025,0.5393495727599781
sigma_xl_0.9900,0.99,1992.0,28.283381729692064,6.06025617959663,26.84249229491852,20.12585598440261,-0.04642312982958785,-0.04018513042709415,0.05081764560621224,0.5393540179846936
sigma_xl_0.9900,0.99,1993.0,28.297198175910967,6.063695258132159,26.85630992209553,20.136162325602342,-0.04647371586638016,-0.04022747504405544,0.0508176087483936,0.5393584630459122
sigma_xl_0.9900,0.99,1994.0,28.31101458536477,6.067134327301366,26.870127512415817,20.14646863950235,-0.0465243386465275,-0.04026985677540296,0.0508175718927812,0.539362907943641
sigma_xl_0.9900,0.99,1995.0,28.32483095805568,6.070573387104965,26.883945065881598,20.156774926104106,-0.04657499816783428,-0.04031227561893047,0.05081753503937288,0.5393673526778874
sigma_xl_0.9900,0.99,1996.0,28.3386472939859,6.074012437543679,26.897762582495087,20.16708118540909,-0.04662569442808007,-0.04035473157238201,0.050817498188171495,0.5393717972486588
sigma_xl_0.9900,0.99,1997.0,28.352463593157626,6.077451478618226,26.911580062258484,20.177387417418768,-0.04667642742508704,-0.04039722463356554,0.05081746133917417,0.5393762416559624
sigma_xl_0.9900,0.99,1998.0,28.366279855573076,6.080890510329321,26.925397505174004,20.187693622134624,-0.04672719715664542,-0.04043975480025708,0.05081742449238055,0.5393806858998055
sigma_xl_0.9900,0.99,1999.0,28.380096081234438,6.084329532677685,26.939214911243855,20.197999799558133,-0.04677800362058093,-0.04048232207023972,0.050817387647789605,0.5393851299801956
sigma_xl_0.9900,0.99,2000.0,28.393912270143932,6.087768545664037,26.953032280470254,20.20830594969076,-0.04682884681465893,-0.04052492644127881,0.05081735080540198,0.5393895738971399
sigma_xl_0.9900,0.99,2001.0,28.407728422303734,6.091207549289086,26.96684961285539,20.218612072533993,-0.04687972673670515,-0.04056756791116101,0.05081731396521842,0.5393940176506459
sigma_xl_0.9900,0.99,2002.0,28.421544537716034,6.094646543553536,26.980666908401474,20.228918168089308,-0.04693064338453823,-0.04061024647769429,0.050817277127237104,0.5393984612407204
sigma_xl_0.9900,0.99,2003.0,28.43536061638302,6.098085528458086,26.99448416711069,20.23922423635819,-0.046981596755951927,-0.04065296213864045,0.05081724029146095,0.5394029046673713
sigma_xl_0.9900,0.99,2004.0,28.44917665830689,6.101524504003435,27.008301388985256,20.249530277342117,-0.047032586848761326,-0.0406957148918039,0.050817203457887414,0.5394073479306054
sigma_xl_0.9900,0.99,2005.0,28.462992663489835,6.104963470190282,27.022118574027356,20.25983629104258,-0.04708361366078506,-0.04073850473496776,0.0508171666265165,0.5394117910304304
sigma_xl_0.9900,0.99,2006.0,28.476808631934052,6.1084024270193265,27.035935722239195,20.27014227746105,-0.04713467718980624,-0.040781331665904474,0.05081712979734965,0.5394162339668532
sigma_xl_0.9900,0.99,2007.0,28.49062456364173,6.111841374491269,27.04975283362297,20.28044823659902,-0.04718577743366481,-0.04082419568242557,0.05081709297038395,0.5394206767398815
sigma_xl_0.9900,0.99,2008.0,28.50444045861507,6.11528031260681,27.063569908180888,20.290754168457973,-0.04723691439014388,-0.040867096782296386,0.05081705614562196,0.5394251193495222
sigma_xl_0.9900,0.99,2009.0,28.518256316856252,6.118719241366648,27.07738694591514,20.301060073039388,-0.04728808805705853,-0.04091003496330359,0.05081701932306258,0.5394295617957828
sigma_xl_0.9900,0.99,2010.0,28.532072138367482,6.122158160771482,27.091203946827928,20.311365950344747,-0.04733929843223805,-0.04095301022325515,0.05081698250270364,0.5394340040786707
sigma_xl_0.9900,0.99,2011.0,28.545887923150946,6.125597070822013,27.10502091092145,20.321671800375533,-0.04739054551345845,-0.04099602255991641,0.05081694568454803,0.5394384461981929
sigma_xl_0.9900,0.99,2012.0,28.559703671208844,6.12903597151894,27.118837838197912,20.331977623133238,-0.04744182929856322,-0.0410390719710918,0.050816908868592164,0.5394428881543569
sigma_xl_0.9900,0.99,2013.0,28.573519382543363,6.132474862862963,27.132654728659507,20.342283418619335,-0.04749314978533192,-0.04108215845455021,0.050816872054838536,0.5394473299471699
sigma_xl_0.9900,0.99,2014.0,28.5873350571567,6.135913744854781,27.14647158230843,20.35258918683531,-0.04754450697158319,-0.04112528200808896,0.05081683524328606,0.5394517715766395
sigma_xl_0.9900,0.99,2015.0,28.60115069505105,6.139352617495094,27.160288399146893,20.362894927782644,-0.04759590085514276,-0.04116844262950892,0.050816798433933,0.5394562130427725
sigma_xl_0.9900,0.99,2016.0,28.6149662962286,6.142791480784601,27.174105179177083,20.373200641462827,-0.047647331433804396,-0.041211640316571874,0.05081676162678034,0.5394606543455763
sigma_xl_0.9900,0.99,2017.0,28.628781860691557,6.146230334724002,27.187921922401205,20.383506327877335,-0.04769879870536897,-0.04125487506707515,0.05081672482182849,0.5394650954850585
sigma_xl_0.9900,0.99,2018.0,28.6425973884421,6.149669179313998,27.20173862882146,20.39381198702765,-0.047750302667672884,-0.041298146878816056,0.05081668801907495,0.5394695364612261
sigma_xl_0.9900,0.99,2019.0,28.656412879482428,6.153108014555287,27.215555298440048,20.40411761891526,-0.04780184331851345,-0.041341455749577705,0.05081665121852039,0.5394739772740864
sigma_xl_0.9900,0.99,2020.0,28.67022833381473,6.156546840448569,27.22937193125916,20.414423223541647,-0.047853420655691536,-0.0413848016771432,0.05081661442016555,0.5394784179236469
sigma_xl_0.9900,0.99,2021.0,28.684043751441212,6.159985656994545,27.243188527281006,20.424728800908294,-0.047905034677018676,-0.0414281846592921,0.05081657762400901,0.5394828584099147
sigma_xl_0.9900,0.99,2022.0,28.697859132364055,6.163424464193912,27.257005086507775,20.435034351016682,-0.04795668538032771,-0.04147160469383948,0.05081654083004966,0.5394872987328972
sigma_xl_0.9900,0.99,2023.0,28.711674476585458,6.166863262047371,27.270821608941677,20.445339873868296,-0.0480083727633982,-0.04151506177854358,0.05081650403828897,0.5394917388926017
sigma_xl_0.9900,0.99,2024.0,28.725489784107612,6.170302050555621,27.284638094584903,20.45564536946462,-0.04806009682406298,-0.04155855591121593,0.050816467248725114,0.5394961788890353
sigma_xl_0.9900,0.99,2025.0,28.739305054932718,6.173740829719364,27.29845454343966,20.46595083780713,-0.04811185756012648,-0.04160208708963964,0.05081643046135702,0.5395006187222054
sigma_xl_0.9900,0.99,2026.0,28.753120289062956,6.177179599539298,27.31227095550814,20.476256278897317,-0.048163654969386016,-0.04164565531158715,0.05081639367618755,0.5395050583921194
sigma_xl_0.9900,0.99,2027.0,28.766935486500532,6.180618360016122,27.326087330792546,20.486561692736664,-0.048215489049677984,-0.04168926057487354,0.05081635689321169,0.5395094978987843
sigma_xl_0.9900,0.99,2028.0,28.780750647247633,6.184057111150536,27.339903669295076,20.49686707932665,-0.0482673597987926,-0.04173290287727127,0.05081632011243231,0.5395139372422078
sigma_xl_0.9900,0.99,2029.0,28.794565771306456,6.18749585294324,27.35371997101793,20.507172438668757,-0.04831926721454849,-0.04177658221656344,0.05081628333384798,0.5395183764223968
sigma_xl_0.9900,0.99,2030.0,28.80838085867919,6.190934585394933,27.367536235963307,20.517477770764472,-0.048371211294764294,-0.04182029859056513,0.050816246557457256,0.5395228154393588
sigma_xl_0.9900,0.99,2031.0,28.822195909368034,6.194373308506316,27.38135246413341,20.527783075615275,-0.04842319203722667,-0.04186405199702392,0.05081620978326226,0.539527254293101
sigma_xl_0.9900,0.99,2032.0,28.836010923375177,6.197812022278088,27.395168655530433,20.53808835322265,-0.048475209439772016,-0.041907842433769105,0.05081617301125983,0.5395316929836307
sigma_xl_0.9900,0.99,2033.0,28.84982590070281,6.201250726710947,27.40898481015658,20.54839360358808,-0.048527263500208306,-0.04195166989857313,0.05081613624145061,0.5395361315109553
sigma_xl_0.9900,0.99,2034.0,28.86364084135313,6.204689421805593,27.42280092801404,20.558698826713055,-0.04857935421634352,-0.04199553438923331,0.05081609947383356,0.5395405698750818
sigma_xl_0.9900,0.99,2035.0,28.877455745328298,6.208128107562711,27.436617009105007,20.56900402259905,-0.04863148158599273,-0.042039435903536315,0.05081606270841153,0.5395450080760177
sigma_xl_0.9900,0.99,2036.0,28.8912706126305,6.211566783982984,27.45043305343167,20.579309191247557,-0.048683645606995896,-0.042083374439297216,0.05081602594518203,0.5395494461137702
sigma_xl_0.9900,0.99,2037.0,28.905085443261914,6.215005451067093,27.464249060996213,20.589614332660066,-0.04873584627715388,-0.042127349994302676,0.05081598918414648,0.5395538839883466
sigma_xl_0.9900,0.99,2038.0,28.918900237224733,6.2184441088157225,27.478065031800835,20.599919446838072,-0.04878808359429243,-0.04217136256635001,0.05081595242530379,0.5395583216997542
sigma_xl_0.9900,0.99,2039.0,28.93271499452113,6.221882757229554,27.491880965847713,20.610224533783057,-0.04884035755622662,-0.042215412153240095,0.05081591566865433,0.5395627592479999
sigma_xl_0.9900,0.99,2040.0,28.946529715153297,6.225321396309269,27.505696863139047,20.620529593496517,-0.04889266816077509,-0.04225949875275603,0.05081587891419809,0.5395671966330914
sigma_xl_0.9900,0.99,2041.0,28.960344399123414,6.228760026055554,27.51951272367702,20.63083462597994,-0.048945015405742254,-0.04230362236269514,0.05081584216193542,0.5395716338550357
sigma_xl_0.9900,0.99,2042.0,28.974159046433666,6.2321986464690875,27.533328547463828,20.641139631234815,-0.04899739928897873,-0.0423477829808796,0.05081580541186348,0.5395760709138403
sigma_xl_0.9900,0.99,2043.0,28.987973657086233,6.235637257550555,27.547144334501652,20.651444609262626,-0.04904981980828538,-0.04239198060508542,0.05081576866398438,0.5395805078095122
sigma_xl_0.9900,0.99,2044.0,29.001788231083307,6.2390758593006375,27.560960084792693,20.661749560064873,-0.049102276961473734,-0.042436215233102814,0.050815731918297066,0.5395849445420587
sigma_xl_0.9900,0.99,2045.0,29.01560276842706,6.242514451720018,27.57477579833913,20.672054483643038,-0.04915477074638375,-0.04248048686275396,0.050815695174801195,0.5395893811114871
sigma_xl_0.9900,0.99,2046.0,29.029417269119683,6.245953034809379,27.588591475143158,20.682359379998616,-0.04920730116081273,-0.04252479549181132,0.050815658433496724,0.5395938175178048
sigma_xl_0.9900,0.99,2047.0,29.04323173316336,6.249391608569404,27.60240711520696,20.692664249133095,-0.04925986820259709,-0.04256914111809351,0.05081562169438296,0.5395982537610189
sigma_xl_0.9900,0.99,2048.0,29.057046160560276,6.252830173000775,27.61622271853274,20.70296909104796,-0.049312471869534136,-0.042613523739362336,0.050815584957460594,0.5396026898411367
sigma_xl_0.9900,0.99,2049.0,29.07086055131261,6.256268728104175,27.630038285122676,20.713273905744707,-0.04936511215946027,-0.042657943353454186,0.050815548222728574,0.5396071257581653
sigma_xl_0.9900,0.99,2050.0,29.084674905422546,6.259707273880286,27.643853814978957,20.723578693224823,-0.04941778907020122,-0.04270239995815572,0.05081551149018618,0.5396115615121121
sigma_xl_0.9900,0.99,2051.0,29.09848922289227,6.26314581032979,27.657669308103777,20.733883453489796,-0.04947050259955077,-0.04274689355123584,0.05081547475983483,0.5396159971029845
sigma_xl_0.9900,0.99,2052.0,29.11230350372396,6.266584337453372,27.671484764499322,20.74418818654112,-0.049523252745359514,-0.04279142413053805,0.05081543803167202,0.5396204325307895
sigma_xl_0.9900,0.99,2053.0,29.126117747919814,6.270022855251713,27.68530018416779,20.75449289238028,-0.04957603950542122,-0.04283599169382768,0.05081540130569845,0.5396248677955344
sigma_xl_0.9900,0.99,2054.0,29.139931955481998,6.273461363725495,27.699115567111356,20.764797571008767,-0.049628862877568736,-0.042880596238912716,0.05081536458191449,0.5396293028972267
sigma_xl_0.9900,0.99,2055.0,29.15374612641271,6.276899862875403,27.712930913332226,20.775102222428075,-0.04968172285961714,-0.042925237763590474,0.05081532786031835,0.5396337378358732
sigma_xl_0.9900,0.99,2056.0,29.16756026071412,6.280338352702118,27.726746222832574,20.785406846639688,-0.04973461944940283,-0.042969916265676034,0.05081529114090966,0.5396381726114816
sigma_xl_0.9900,0.99,2057.0,29.181374358388425,6.283776833206321,27.740561495614603,20.795711443645104,-0.04978755264471957,-0.043014631742931186,0.05081525442368952,0.539642607224059
sigma_xl_0.9900,0.99,2058.0,29.195188419437798,6.287215304388699,27.754376731680495,20.8060160134458,-0.049840522443414415,-0.04305938419319233,0.050815217708655366,0.5396470416736125
sigma_xl_0.9900,0.99,2059.0,29.209002443864435,6.290653766249931,27.76819193103244,20.816320556043273,-0.04989352884328824,-0.04310417361423191,0.050815180995808326,0.5396514759601495
sigma_xl_0.9900,0.99,2060.0,29.222816431670502,6.2940922187907,27.78200709367263,20.82662507143901,-0.04994657184215612,-0.04314900000384725,0.050815144285149424,0.5396559100836773
sigma_xl_0.9900,0.99,2061.0,29.236630382858202,6.297530662011691,27.795822219603252,20.836929559634505,-0.04999965143786511,-0.04319386335985698,0.0508151075766744,0.539660344044203
sigma_xl_0.9900,0.99,2062.0,29.250444297429702,6.300969095913584,27.8096373088265,20.847234020631245,-0.05005276762821964,-0.043238763680051306,0.05081507087038538,0.539664777841734
sigma_xl_0.9900,0.99,2063.0,29.264258175387198,6.304407520497062,27.823452361344557,20.857538454430717,-0.05010592041103479,-0.043283700962224,0.05081503416628165,0.5396692114762773
sigma_xl_0.9900,0.99,2064.0,29.278072016732864,6.30784593576281,27.83726737715962,20.86784286103442,-0.050159109784139844,-0.043328675204172384,0.0508149974643632,0.5396736449478405
sigma_xl_0.9900,0.99,2065.0,29.291885821468895,6.311284341711508,27.85108235627387,20.87814724044383,-0.05021233574534989,-0.04337368640370087,0.050814960764628256,0.5396780782564307
sigma_xl_0.9900,0.99,2066.0,29.305699589597463,6.31472273834384,27.86489729868951,20.888451592660452,-0.05026559829251198,-0.043418734558621,0.05081492406707572,0.5396825114020551
sigma_xl_0.9900,0.99,2067.0,29.319513321120755,6.318161125660487,27.87871220440871,20.89875591768576,-0.050318897423409226,-0.04346381966671231,0.05081488737170775,0.5396869443847209
sigma_xl_0.9900,0.99,2068.0,29.333327016040936,6.321599503662124,27.892527073433666,20.909060215521258,-0.050372233135899336,-0.043508941725789896,0.0508148506785229,0.5396913772044355
sigma_xl_0.9900,0.99,2069.0,29.347140674360165,6.3250378723494185,27.90634190576655,20.91936448616843,-0.05042560542779029,-0.043554100733658174,0.0508148139875237,0.539695809861206
sigma_xl_0.9900,0.99,2070.0,29.36095429608063,6.3284762317230365,27.92015670140954,20.929668729628776,-0.050479014296925584,-0.043599296688128675,0.050814777298707245,0.5397002423550396
sigma_xl_0.9900,0.99,2071.0,29.37476788120449,6.331914581783646,27.933971460364816,20.93997294590379,-0.05053245974113807,-0.043644529587012926,0.050814740612075,0.5397046746859436
sigma_xl_0.9900,0.99,2072.0,29.388581429733936,6.335352922531914,27.947786182634566,20.95027713499497,-0.05058594175823217,-0.043689799428094034,0.050814703927626576,0.5397091068539254
sigma_xl_0.9900,0.99,2073.0,29.402394941671126,6.338791253968509,27.961600868220962,20.960581296903808,-0.05063946034605493,-0.04373510620920129,0.05081466724536199,0.5397135388589919
sigma_xl_0.9900,0.99,2074.0,29.416208417018247,6.342229576094095,27.97541551712619,20.970885431631803,-0.050693015502425,-0.04378044992812491,0.05081463056528017,0.5397179707011504
sigma_xl_0.9900,0.99,2075.0,29.43002185577746,6.345667888909341,27.989230129352425,20.981189539180445,-0.05074660722518942,-0.04382583058269063,0.05081459388738074,0.5397224023804083
sigma_xl_0.9900,0.99,2076.0,29.443835257950955,6.349106192414915,28.00304470490185,20.991493619551232,-0.05080023551214552,-0.043871248170685107,0.05081455721166478,0.5397268338967726
sigma_xl_0.9900,0.99,2077.0,29.457648623540894,6.352544486611484,28.016859243776643,21.00179767274566,-0.0508539003611439,-0.043916702689923426,0.050814520538130833,0.5397312652502506
sigma_xl_0.9900,0.99,2078.0,29.471461952549458,6.355982771499715,28.03067374597899,21.01210169876522,-0.05090760177000675,-0.04396219413821001,0.050814483866779295,0.5397356964408497
sigma_xl_0.9900,0.99,2079.0,29.485275244978816,6.359421047080274,28.044488211511066,21.022405697611415,-0.050961339736556255,-0.04400772251334217,0.050814447197610135,0.539740127468577
sigma_xl_0.9900,0.99,2080.0,29.499088500831146,6.362859313353829,28.058302640375054,21.032709669285733,-0.051015114258632366,-0.04405328781314566,0.050814410530622287,0.5397445583334396
sigma_xl_0.9900,0.99,2081.0,29.51290172010862,6.3662975703210485,28.07211703257313,21.04301361378967,-0.051068925334089244,-0.04409889003545331,0.050814373865812515,0.5397489890354447
sigma_xl_0.9900,0.99,2082.0,29.526714902813417,6.3697358179825985,28.08593138810748,21.053317531124726,-0.05112277296065315,-0.04414452917795586,0.050814337203190854,0.5397534195746001
sigma_xl_0.9900,0.99,2083.0,29.540528048947703,6.373174056339146,28.099745706980276,21.0636214212924,-0.05117665713625286,-0.04419020523857853,0.05081430054274727,0.5397578499509122
sigma_xl_0.9900,0.99,2084.0,29.554341158513658,6.376612285391359,28.113559989193707,21.073925284294173,-0.051230577858696336,-0.04423591821509376,0.05081426388448321,0.5397622801643888
sigma_xl_0.9900,0.99,2085.0,29.568154231513457,6.380050505139903,28.12737423474995,21.08422912013155,-0.05128453512579867,-0.044281668105295324,0.050814227228400066,0.5397667102150369
sigma_xl_0.9900,0.99,2086.0,29.58196726794927,6.383488715585448,28.141188443651185,21.094532928806025,-0.05133852893539981,-0.044327454907008956,0.0508141905744961,0.5397711401028635
sigma_xl_0.9900,0.99,2087.0,29.595780267823276,6.386926916728659,28.155002615899594,21.10483671031909,-0.05139255928531128,-0.044373278618017764,0.050814153922773025,0.5397755698278763
sigma_xl_0.9900,0.99,2088.0,29.60959323113764,6.3903651085702045,28.16881675149735,21.115140464672244,-0.05144662617338014,-0.04441913923615104,0.050814117273228765,0.5397799993900823
sigma_xl_0.9900,0.99,2089.0,29.62340615789455,6.393803291110751,28.182630850446643,21.125444191866983,-0.05150072959743923,-0.04446503675921676,0.05081408062586221,0.5397844287894886
sigma_xl_0.9900,0.99,2090.0,29.63721904809617,6.397241464350966,28.196444912749644,21.1357478919048,-0.05155486955530009,-0.04451097118500513,0.05081404398067477,0.5397888580261027
sigma_xl_0.9900,0.99,2091.0,29.65103190174468,6.400679628291516,28.210258938408543,21.146051564787193,-0.05160904604478844,-0.04455694251132769,0.050814007337666486,0.5397932870999314
sigma_xl_0.9900,0.99,2092.0,29.664844718842247,6.404117782933069,28.22407292742551,21.15635521051565,-0.051663259063765565,-0.04460295073600662,0.0508139706968348,0.5397977160109823
sigma_xl_0.9900,0.99,2093.0,29.678657499391054,6.407555928276293,28.237886879802737,21.166658829091674,-0.05171750861003588,-0.04464899585684279,0.05081393405818012,0.5398021447592625
sigma_xl_0.9900,0.99,2094.0,29.692470243393267,6.410994064321853,28.25170079554239,21.17696242051675,-0.05177179468142867,-0.04469507787162641,0.050813897421703835,0.5398065733447791
sigma_xl_0.9900,0.99,2095.0,29.706282950851065,6.414432191070418,28.265514674646663,21.18726598479239,-0.05182611727579811,-0.04474119677820809,0.05081386078740166,0.5398110017675395
sigma_xl_0.9900,0.99,2096.0,29.72009562176662,6.417870308522654,28.279328517117726,21.197569521920073,-0.05188047639096993,-0.044787352574374495,0.050813824155274676,0.5398154300275506
sigma_xl_0.9900,0.99,2097.0,29.733908256142115,6.4213084166792305,28.293142322957767,21.207873031901308,-0.05193487202470948,-0.044833545257883856,0.05081378752532753,0.5398198581248204
sigma_xl_0.9900,0.99,2098.0,29.747720853979708,6.4247465155408126,28.30695609216896,21.21817651473758,-0.05198930417496328,-0.04487977482664718,0.05081375089755018,0.539824286059355
sigma_xl_0.9900,0.99,2099.0,29.76153341528159,6.4281846051080676,28.32076982475349,21.228479970430385,-0.05204377283941852,-0.04492604127834454,0.050813714271954094,0.5398287138311626
sigma_xl_0.9900,0.99,2100.0,29.77534594004992,6.431622685381663,28.334583520713533,21.238783398981223,-0.05209827801603595,-0.04497234461090116,0.050813677648527816,0.5398331414402501
sigma_xl_0.9900,0.99,2101.0,29.78915842828687,6.435060756362263,28.34839718005127,21.249086800391588,-0.05215281970258445,-0.04501868482206817,0.05081364102727742,0.5398375688866243
sigma_xl_0.9900,0.99,2102.0,29.80297087999459,6.438498818050519,28.362210802768857,21.259390174662975,-0.0522073978969253,-0.045065061909692616,0.050813604408201485,0.5398419961702928
sigma_xl_0.9900,0.99,2103.0,29.81678329517524,6.441936870447086,28.376024388868476,21.26969352179689,-0.052262012596887786,-0.04511147587156472,0.05081356779130104,0.5398464232912626
sigma_xl_0.9900,0.99,2104.0,29.83059567383099,6.445374913552617,28.389837938352294,21.27999684179482,-0.05231666380035094,-0.04515792670556351,0.05081353117657114,0.539850850249541
sigma_xl_0.9900,0.99,2105.0,29.844408015964007,6.448812947367765,28.403651451222483,21.29030013465828,-0.05237135150507655,-0.0452044144094117,0.05081349456401961,0.5398552770451354
sigma_xl_0.9900,0.99,2106.0,29.858220321576454,6.452250971893183,28.417464927481216,21.300603400388763,-0.05242607570893654,-0.045250938980970545,0.0508134579536418,0.5398597036780527
sigma_xl_0.9900,0.99,2107.0,29.872032590670493,6.455688987129524,28.43127836713066,21.310906638987767,-0.05248083640975665,-0.04529750041803382,0.05081342134543952,0.5398641301483003
sigma_xl_0.9900,0.99,2108.0,29.8858448232483,6.459126993077441,28.44509177017299,21.3212098504568,-0.05253563360538749,-0.04534409871843792,0.05081338473941058,0.539868556455885
sigma_xl_0.9900,0.99,2109.0,29.899657019312023,6.462564989737589,28.458905136610372,21.331513034797354,-0.05259046729366901,-0.04539073388000503,0.050813348135555034,0.5398729826008145
sigma_xl_0.9900,0.99,2110.0,29.913469178863842,6.4660029771106196,28.472718466444988,21.341816192010928,-0.052645337472441156,-0.045437405900539574,0.050813311533872085,0.5398774085830957
sigma_xl_0.9900,0.99,2111.0,29.927281301905914,6.469440955197187,28.486531759678996,21.35211932209903,-0.052700244139508357,-0.04548411477783176,0.050813274934364674,0.539881834402736
sigma_xl_0.9900,0.99,2112.0,29.941093388440407,6.472878923997943,28.500345016314576,21.362422425063148,-0.052755187292742534,-0.045530860509728655,0.05081323833702954,0.5398862600597423
sigma_xl_0.9900,0.99,2113.0,29.95490543846949,6.476316883513541,28.514158236353897,21.37272550090479,-0.052810166929969427,-0.045577643094041775,0.05081320174186667,0.539890685554122
sigma_xl_0.9900,0.99,2114.0,29.96871745199532,6.479754833744636,28.527971419799133,21.383028549625454,-0.05286518304901833,-0.045624462528571996,0.050813165148877154,0.5398951108858823
sigma_xl_0.9900,0.99,2115.0,29.98252942902007,6.483192774691879,28.54178456665245,21.393331571226643,-0.05292023564774695,-0.04567131881115927,0.05081312855805921,0.5398995360550303
sigma_xl_0.9900,0.99,2116.0,29.9963413695459,6.486630706355926,28.555597676916022,21.40363456570985,-0.05297532472397393,-0.0457182119395938,0.05081309196941351,0.5399039610615731
sigma_xl_0.9900,0.99,2117.0,30.010153273574975,6.4900686287374265,28.569410750592017,21.413937533076584,-0.053030450275546315,-0.04576514191170844,0.05081305538293973,0.5399083859055183
sigma_xl_0.9900,0.99,2118.0,30.023965141109468,6.493506541837037,28.583223787682616,21.424240473328336,-0.05308561230029696,-0.04581210872531116,0.05081301879863678,0.5399128105868726
sigma_xl_0.9900,0.99,2119.0,30.037776972151537,6.496944445655408,28.597036788189982,21.43454338646661,-0.05314081079607291,-0.045859112378224154,0.05081298221650468,0.5399172351056435
sigma_xl_0.9900,0.99,2120.0,30.051588766703347,6.500382340193195,28.61084975211628,21.444846272492903,-0.05319604576069281,-0.045906152868248284,0.050812945636544454,0.539921659461838
sigma_xl_0.9900,0.99,2121.0,30.065400524767064,6.503820225451051,28.624662679463697,21.45514913140872,-0.05325131719201792,-0.04595323019322706,0.050812909058753644,0.5399260836554635
sigma_xl_0.9900,0.99,2122.0,30.079212246344852,6.507258101429628,28.63847557023439,21.465451963215557,-0.05330662508787398,-0.04600034435094713,0.05081287248313364,0.5399305076865268
sigma_xl_0.9900,0.99,2123.0,30.093023931438886,6.510695968129578,28.652288424430544,21.475754767914914,-0.053361969446104496,-0.04604749533925201,0.050812835909681955,0.5399349315550357
sigma_xl_0.9900,0.99,2124.0,30.106835580051317,6.514133825551558,28.666101242054317,21.486057545508295,-0.05341735026454231,-0.046094683155935456,0.05081279933840073,0.5399393552609968
sigma_xl_0.9900,0.99,2125.0,30.120647192184318,6.517571673696218,28.679914023107887,21.496360295997196,-0.05347276754103092,-0.04614190779883387,0.05081276276928781,0.5399437788044177
sigma_xl_0.9900,0.99,2126.0,30.13445876784005,6.521009512564213,28.693726767593425,21.506663019383115,-0.05352822127339962,-0.046189169265741015,0.05081272620234463,0.5399482021853055
sigma_xl_0.9900,0.99,2127.0,30.148270307020688,6.524447342156195,28.7075394755131,21.516965715667556,-0.05358371145949192,-0.04623646755448618,0.05081268963756905,0.5399526254036671
sigma_xl_0.9900,0.99,2128.0,30.162081809728384,6.527885162472819,28.721352146869087,21.527268384852015,-0.053639238097158426,-0.04628380266290222,0.050812653074960676,0.53995704845951
sigma_xl_0.9900,0.99,2129.0,30.175893275965315,6.531322973514737,28.735164781663556,21.537571026937993,-0.05369480118422487,-0.046331174588779334,0.050812616514519904,0.5399614713528413
sigma_xl_0.9900,0.99,2130.0,30.189704705733632,6.534760775282599,28.748977379898673,21.54787364192699,-0.05375040071853476,-0.04637858332995748,0.05081257995624634,0.5399658940836681
sigma_xl_0.9900,0.99,2131.0,30.203516099035518,6.538198567777065,28.762789941576617,21.558176229820507,-0.0538060366979245,-0.04642602888423042,0.050812543400138924,0.5399703166519979
sigma_xl_0.9900,0.99,2132.0,30.21732745587312,6.541636350998783,28.77660246669955,21.568478790620045,-0.05386170912024468,-0.04647351124944521,0.05081250684619694,0.5399747390578374
sigma_xl_0.9900,0.99,2133.0,30.23113877624862,6.545074124948409,28.790414955269657,21.578781324327103,-0.05391741798331395,-0.04652103042338851,0.05081247029442146,0.5399791613011942
sigma_xl_0.9900,0.99,2134.0,30.244950060164168,6.548511889626592,28.80422740728909,21.58908383094318,-0.05397316328498647,-0.04656858640390027,0.050812433744811036,0.5399835833820752
sigma_xl_0.9900,0.99,2135.0,30.258761307621906,6.551949645033979,28.818039822760024,21.599386310469775,-0.05402894502312705,-0.046616179188813334,0.050812397197365314,0.5399880053004878
sigma_xl_0.9900,0.99,2136.0,30.27257251862399,6.555387391171204,28.83185220168461,21.60968876290839,-0.05408476319555078,-0.04666380877592857,0.050812360652087885,0.539992427056439
sigma_xl_0.9900,0.99,2137.0,30.286383693172578,6.558825128038914,28.84566454406502,21.61999118826053,-0.05414061780011181,-0.04671147516307528,0.05081232410897621,0.5399968486499361
sigma_xl_0.9900,0.99,2138.0,30.300194831269824,6.562262855637748,28.859476849903412,21.630293586527703,-0.05419650883468563,-0.04675917834810406,0.050812287568028525,0.5400012700809861
sigma_xl_0.9900,0.99,2139.0,30.314005932917883,6.565700573968343,28.873289119201942,21.640595957711408,-0.054252436297062445,-0.04680691832879802,0.05081225102924948,0.5400056913495963
sigma_xl_0.9900,0.99,2140.0,30.32781699811892,6.569138283031343,28.887101351962784,21.65089830181315,-0.054308400185146155,-0.046854695103014876,0.050812214492633,0.5400101124557738
sigma_xl_0.9900,0.99,2141.0,30.34162802687508,6.572575982827386,28.90091354818809,21.661200618834428,-0.05436440049673763,-0.046902508668562604,0.05081217795818331,0.5400145333995259
sigma_xl_0.9900,0.99,2142.0,30.35543901918853,6.576013673357115,28.91472570788003,21.671502908776755,-0.05442043722968748,-0.046950359023245625,0.05081214142589978,0.5400189541808595
sigma_xl_0.9900,0.99,2143.0,30.369249975061418,6.579451354621169,28.928537831040767,21.68180517164163,-0.054476510381878285,-0.04699824616493942,0.05081210489577913,0.5400233747997819
sigma_xl_0.9900,0.99,2144.0,30.383060894495905,6.5828890266201885,28.94234991767246,21.692107407430555,-0.054532619951107364,-0.047046170091412876,0.05081206836782494,0.5400277952563004
sigma_xl_0.9900,0.99,2145.0,30.396871777494148,6.586326689354815,28.95616196777727,21.702409616145033,-0.05458876593525375,-0.04709413080052016,0.050812031842034366,0.540032215550422
sigma_xl_0.9900,0.99,2146.0,30.410682624058303,6.589764342825687,28.969973981357366,21.712711797786568,-0.05464494833215028,-0.04714212829007991,0.05081199531840777,0.5400366356821539
sigma_xl_0.9900,0.99,2147.0,30.42449343419052,6.593201987033446,28.983785958414906,21.723013952356666,-0.05470116713965467,-0.047190162557924964,0.05081195879694511,0.5400410556515034
sigma_xl_0.9900,0.99,2148.0,30.43830420789297,6.596639621978733,28.997597898952055,21.733316079856827,-0.05475742235559622,-0.0472382336018633,0.050811922277645694,0.5400454754584774
sigma_xl_0.9900,0.99,2149.0,30.452114945167793,6.600077247662188,29.01140980297097,21.74361818028856,-0.05481371397781487,-0.047286341419717104,0.05081188576051167,0.5400498951030832
sigma_xl_0.9900,0.99,2150.0,30.46592564601716,6.603514864084452,29.025221670473822,21.753920253653366,-0.05487004200419321,-0.047334486009336985,0.05081184924553839,0.5400543145853279
sigma_xl_0.9900,0.99,2151.0,30.479736310443215,6.606952471246165,29.039033501462768,21.76422229995275,-0.054926406432525,-0.04738266736850605,0.05081181273273082,0.5400587339052189
sigma_xl_0.9900,0.99,2152.0,30.493546938448123,6.610390069147967,29.052845295939974,21.77452431918821,-0.05498280726071769,-0.04743088549509977,0.050811776222082924,0.5400631530627631
sigma_xl_0.9900,0.99,2153.0,30.507357530034035,6.613827657790499,29.066657053907598,21.78482631136125,-0.05503924448657216,-0.04747914038690837,0.05081173971359859,0.5400675720579677
sigma_xl_0.9900,0.99,2154.0,30.521168085203115,6.617265237174402,29.08046877536781,21.79512827647338,-0.05509571810795322,-0.04752743204176468,0.050811703207275724,0.54007199089084
sigma_xl_0.9900,0.99,2155.0,30.534978603957516,6.620702807300315,29.094280460322764,21.8054302145261,-0.05515222812269016,-0.04757576045748024,0.05081166670311535,0.540076409561387
sigma_xl_0.9900,0.99,2156.0,30.548789086299386,6.624140368168881,29.108092108774628,21.815732125520917,-0.055208774528654914,-0.04762412563191276,0.050811630201115676,0.5400808280696161
sigma_xl_0.9900,0.99,2157.0,30.562599532230895,6.627577919780737,29.121903720725562,21.826034009459327,-0.055265357323687425,-0.04767252756286311,0.05081159370127637,0.540085246415534
sigma_xl_0.9900,0.99,2158.0,30.57640994175419,6.631015462136528,29.13571529617773,21.836335866342843,-0.05532197650561699,-0.047720966248157026,0.05081155720359887,0.5400896645991484
sigma_xl_0.9900,0.99,2159.0,30.590220314871434,6.634452995236889,29.149526835133297,21.84663769617296,-0.05537863207232263,-0.047769441685638014,0.05081152070807954,0.5400940826204661
sigma_xl_0.9900,0.99,2160.0,30.604030651584775,6.637890519082465,29.163338337594418,21.85693949895119,-0.055435324021615884,-0.0478179538731105,0.050811484214721994,0.5400985004794945
sigma_xl_0.9900,0.99,2161.0,30.61784095189638,6.641328033673894,29.177149803563267,21.867241274679024,-0.05549205235136867,-0.047866502808403766,0.050811447723523015,0.5401029181762406
sigma_xl_0.9900,0.99,2162.0,30.631651215808397,6.644765539011818,29.190961233041996,21.87754302335798,-0.055548817059428046,-0.047915088489364877,0.050811411234482226,0.5401073357107115
sigma_xl_0.9900,0.99,2163.0,30.64546144332299,6.648203035096876,29.204772626032774,21.88784474498955,-0.05560561814361975,-0.047963710913787594,0.05081137474760106,0.5401117530829145
sigma_xl_0.9900,0.99,2164.0,30.659271634442305,6.651640521929709,29.21858398253776,21.898146439575243,-0.055662455601826366,-0.04801237007952963,0.050811338262876996,0.5401161702928567
sigma_xl_0.9900,0.99,2165.0,30.673081789168513,6.655077999510958,29.23239530255912,21.908448107116563,-0.05571932943185942,-0.048061065984384754,0.05081130178031114,0.5401205873405452
sigma_xl_0.9900,0.99,2166.0,30.686891907503757,6.658515467841264,29.246206586099014,21.918749747615017,-0.05577623963159084,-0.04810979862620357,0.050811265299902736,0.5401250042259873
sigma_xl_0.9900,0.99,2167.0,30.7007019894502,6.661952926921265,29.260017833159605,21.929051361072098,-0.055833186198860574,-0.048158568002804714,0.050811228821650734,0.5401294209491901
sigma_xl_0.9900,0.99,2168.0,30.71451203500997,6.665390376751597,29.273829043743046,21.939352947489322,-0.05589016913153344,-0.048207374112028134,0.050811192345556186,0.5401338375101609
sigma_xl_0.9900,0.99,2169.0,30.728322044185223,6.66882781733289,29.28764021785149,21.949654506868182,-0.05594718842744584,-0.04825621695169602,0.050811155871619815,0.5401382539089064
sigma_xl_0.9900,0.99,2170.0,30.742132016978093,6.672265248665768,29.30145135548709,21.95995603921019,-0.056004244084462584,-0.04830509651964121,0.05081111939984162,0.5401426701454339
sigma_xl_0.9900,0.99,2171.0,30.75594195339074,6.675702670750864,29.315262456652004,21.970257544516855,-0.0560613361004485,-0.04835401281371432,0.05081108293021981,0.5401470862197509
sigma_xl_0.9900,0.99,2172.0,30.7697518534253,6.679140083588806,29.329073521348384,21.98055902278968,-0.05611846447323998,-0.04840296583172332,0.05081104646275582,0.5401515021318642
sigma_xl_0.9900,0.99,2173.0,30.78356171708393,6.6825774871802235,29.34288454957838,21.990860474030175,-0.0561756292007054,-0.04845195557152948,0.050811009997448545,0.5401559178817811
sigma_xl_0.9900,0.99,2174.0,30.79737154436878,6.686014881525743,29.356695541344152,22.00116189823984,-0.05623283028067405,-0.04850098203092301,0.0508109735342991,0.5401603334695085
sigma_xl_0.9900,0.99,2175.0,30.811181335281987,6.689452266625995,29.370506496647852,22.01146329542019,-0.056290067711032066,-0.048550045207772285,0.05081093707330567,0.5401647488950538
sigma_xl_0.9900,0.99,2176.0,30.824991089825712,6.69288964248161,29.384317415491637,22.02176466557272,-0.05634734148959808,-0.048599145099881724,0.05081090061446966,0.5401691641584241
sigma_xl_0.9900,0.99,2177.0,30.83880080800209,6.696327009093214,29.39812829787766,22.032066008698955,-0.05640465161426178,-0.0486482817051197,0.05081086415778896,0.5401735792596263
sigma_xl_0.9900,0.99,2178.0,30.852610489813287,6.699764366461438,29.411939143808073,22.04236732480038,-0.056461998082845355,-0.04869745502127287,0.05081082770326534,0.5401779941986677
sigma_xl_0.9900,0.99,2179.0,30.866420135261432,6.70320171458691,29.42574995328503,22.052668613878517,-0.05651938089322428,-0.04874666504621317,0.05081079125089735,0.5401824089755556
sigma_xl_0.9900,0.99,2180.0,30.880229744348686,6.7066390534702585,29.43956072631069,22.06296987593487,-0.05657680004324561,-0.04879591177774856,0.050810754800685046,0.540186823590297
sigma_xl_0.9900,0.99,2181.0,30.89403931707719,6.710076383112112,29.4533714628872,22.073271110970936,-0.056634255530756406,-0.048845195213718995,0.05081071835262871,0.5401912380428989
sigma_xl_0.9900,0.99,2182.0,30.9078488534491,6.7135137035131,29.467182163016727,22.08357231898823,-0.056691747353628585,-0.04889451535196798,0.05081068190672658,0.5401956523333685
sigma_xl_0.9900,0.99,2183.0,30.92165835346655,6.716951014673852,29.48099282670141,22.093873499988256,-0.056749275509691444,-0.048943872190303495,0.05081064546298118,0.5402000664617131
sigma_xl_0.9900,0.99,2184.0,30.93546781713171,6.720388316594997,29.494803453943412,22.104174653972525,-0.056806839996831116,-0.04899326572659035,0.050810609021388176,0.5402044804279398
sigma_xl_0.9900,0.99,2185.0,30.949277244446705,6.7238256092771636,29.508614044744885,22.11447578094254,-0.05686444081287334,-0.049042695958632976,0.05081057258195118,0.5402088942320555
sigma_xl_0.9900,0.99,2186.0,30.9630866354137,6.727262892720979,29.52242459910799,22.124776880899805,-0.05692207795569004,-0.04909216288428553,0.050810536144667295,0.5402133078740675
sigma_xl_0.9900,0.99,2187.0,30.97689599003483,6.7307001669270745,29.536235117034867,22.13507795384583,-0.05697975142314249,-0.0491416665013773,0.05081049970953688,0.540217721353983
sigma_xl_0.9900,0.99,2188.0,30.990705308312258,6.734137431896078,29.550045598527685,22.145378999782118,-0.057037461213052865,-0.049191206807723376,0.05081046327656104,0.540222134671809
sigma_xl_0.9900,0.99,2189.0,31.004514590248117,6.7375746876286176,29.563856043588586,22.15568001871018,-0.05709520732332152,-0.04924078380118502,0.05081042684573686,0.5402265478275527
sigma_xl_0.9900,0.99,2190.0,31.018323835844566,6.741011934125324,29.577666452219738,22.16598101063152,-0.05715298975175642,-0.0492903974795631,0.05081039041706724,0.5402309608212214
sigma_xl_0.9900,0.99,2191.0,31.032133045103752,6.744449171386824,29.591476824423285,22.176281975547646,-0.05721080849625082,-0.04934004784071888,0.05081035399054859,0.5402353736528219
sigma_xl_0.9900,0.99,2192.0,31.045942218027815,6.747886399413748,29.605287160201378,22.18658291346006,-0.057268663554648214,-0.049389734882485214,0.05081031756618197,0.5402397863223615
sigma_xl_0.9900,0.99,2193.0,31.059751354618914,6.751323618206724,29.619097459556183,22.196883824370275,-0.05732655492479566,-0.04943945860267718,0.05081028114396703,0.5402441988298473
sigma_xl_0.9900,0.99,2194.0,31.073560454879185,6.754760827766383,29.632907722489847,22.207184708279797,-0.05738448260455442,-0.049489218999138274,0.050810244723904455,0.5402486111752866
sigma_xl_0.9900,0.99,2195.0,31.08736951881079,6.75819802809335,29.646717949004525,22.217485565190124,-0.05744244659178577,-0.049539016069712005,0.05081020830599142,0.5402530233586863
sigma_xl_0.9900,0.99,2196.0,31.101178546415866,6.761635219188257,29.66052813910237,22.227786395102772,-0.05750044688432254,-0.049588849812202795,0.050810171890231126,0.5402574353800536
sigma_xl_0.9900,0.99,2197.0,31.114987537696567,6.765072401051732,29.674338292785546,22.238087198019244,-0.05755848348006509,-0.04963872022449678,0.05081013547661785,0.5402618472393957
sigma_xl_0.9900,0.99,2198.0,31.128796492655038,6.768509573684403,29.688148410056193,22.248387973941046,-0.05761655637683205,-0.04968862730438062,0.050810099065155864,0.5402662589367196
sigma_xl_0.9900,0.99,2199.0,31.14260541129343,6.771946737086901,29.701958490916475,22.25868872286968,-0.057674665572484685,-0.04973857104970847,0.05081006265584305,0.5402706704720326
sigma_xl_0.9900,0.99,2200.0,31.156414293613892,6.775383891259853,29.71576853536854,22.268989444806664,-0.05773281106488781,-0.04978855145830963,0.05081002624867864,0.5402750818453418
sigma_xl_0.9900,0.99,2201.0,31.170223139618553,6.778821036203885,29.729578543414544,22.2792901397535,-0.0577909928519027,-0.049838568528027594,0.050809989843663764,0.5402794930566541
sigma_xl_0.9900,0.99,2202.0,31.184031949309546,6.782258171919617,29.743388515056623,22.289590807711686,-0.057849210931390616,-0.04988862225670587,0.05080995344079839,0.5402839041059769
sigma_xl_0.9900,0.99,2203.0,31.197840722689012,6.785695298407666,29.75719845029693,22.29989144868274,-0.05790746530121993,-0.04993871264219507,0.05080991704008214,0.5402883149933172
sigma_xl_0.9900,0.99,2204.0,31.211649459759087,6.78913241566865,29.771008349137606,22.310192062668165,-0.05796575595924125,-0.049988839682313824,0.05080988064151577,0.5402927257186821
sigma_xl_0.9900,0.99,2205.0,31.22545816052192,6.792569523703189,29.7848182115808,22.32049264966947,-0.058024082903319396,-0.050039003374909186,0.05080984424509853,0.5402971362820788
sigma_xl_0.9900,0.99,2206.0,31.23926682497964,6.7960066225119,29.798628037628657,22.33079320968817,-0.05808244613131919,-0.05008920371782111,0.05080980785083042,0.5403015466835142
sigma_xl_0.9900,0.99,2207.0,31.253075453134393,6.799443712095401,29.812437827283325,22.341093742725768,-0.058140845641094785,-0.05013944070889309,0.050809771458711836,0.5403059569229954
sigma_xl_0.9900,0.99,2208.0,31.266884044988323,6.802880792454313,29.826247580546948,22.351394248783777,-0.058199281430521665,-0.05018971434596864,0.05080973506874091,0.5403103670005299
sigma_xl_0.9900,0.99,2209.0,31.28069260054356,6.806317863589251,29.840057297421673,22.3616947278637,-0.058257753497461096,-0.0502400246268877,0.05080969868091807,0.5403147769161246
sigma_xl_0.9900,0.99,2210.0,31.294501119802252,6.809754925500835,29.853866977909647,22.371995179967048,-0.058316261839753025,-0.05029037154947602,0.05080966229524507,0.5403191866697864
sigma_xl_0.9900,0.99,2211.0,31.30830960276653,6.813191978189683,29.867676622013015,22.382295605095337,-0.05837480645528004,-0.050340755111587754,0.050809625911719766,0.5403235962615227
sigma_xl_0.9900,0.99,2212.0,31.32211804943855,6.816629021656413,29.881486229733927,22.392596003250066,-0.05843338734189274,-0.05039117531105575,0.050809589530342494,0.5403280056913404
sigma_xl_0.9900,0.99,2213.0,31.335926459820435,6.820066055901645,29.89529580107452,22.402896374432743,-0.058492004497473715,-0.050441632145741266,0.05080955315111184,0.5403324149592469
sigma_xl_0.9900,0.99,2214.0,31.34973483391434,6.8235030809259944,29.909105336036955,22.413196718644887,-0.05855065791984515,-0.05049212561344518,0.05080951677403031,0.540336824065249
sigma_xl_0.9900,0.99,2215.0,31.36354317172239,6.826940096730081,29.922914834623363,22.423497035887998,-0.05860934760690384,-0.05054265571203587,0.05080948039909611,0.5403412330093539
sigma_xl_0.9900,0.99,2216.0,31.37735147324674,6.830377103314524,29.936724296835905,22.43379732616359,-0.05866807355650394,-0.05059322243935682,0.0508094440263078,0.5403456417915687
sigma_xl_0.9900,0.99,2217.0,31.391159738489517,6.833814100679941,29.950533722676713,22.444097589473166,-0.05872683576651383,-0.05064382579324089,0.05080940765566645,0.5403500504119007
sigma_xl_0.9900,0.99,2218.0,31.404967967452873,6.837251088826951,29.964343112147944,22.454397825818237,-0.058785634234787665,-0.050694465771535135,0.05080937128717064,0.5403544588703568
sigma_xl_0.9900,0.99,2219.0,31.418776160138936,6.8406880677561706,29.978152465251735,22.464698035200314,-0.05884446895918316,-0.05074514237206529,0.050809334920822485,0.5403588671669443
sigma_xl_0.9900,0.99,2220.0,31.432584316549857,6.84412503746822,29.991961781990245,22.47499821762091,-0.05890333993756158,-0.050795855592674855,0.050809298556620225,0.5403632753016699
sigma_xl_0.9900,0.99,2221.0,31.44639243668777,6.847561997963715,30.005771062365607,22.485298373081527,-0.05896224716779841,-0.0508466054312251,0.05080926219456311,0.5403676832745412
sigma_xl_0.9900,0.99,2222.0,31.460200520554817,6.8509989492432775,30.019580306379975,22.49559850158367,-0.05902119064776201,-0.05089739188554532,0.05080922583465046,0.540372091085565
sigma_xl_0.9900,0.99,2223.0,31.47400856815314,6.8544358913075225,30.03338951403549,22.505898603128855,-0.05908017037529589,-0.05094821495347901,0.05080918947688333,0.5403764987347486
sigma_xl_0.9900,0.99,2224.0,31.48781657948487,6.857872824157071,30.04719868533431,22.516198677718588,-0.05913918634827553,-0.05099907463285902,0.05080915312126098,0.540380906222099
sigma_xl_0.9900,0.99,2225.0,31.501624554552162,6.861309747792539,30.06100782027857,22.52649872535438,-0.059198238564555083,-0.051049970921532406,0.050809116767782714,0.5403853135476232
sigma_xl_0.9900,0.99,2226.0,31.515432493357142,6.8647466622145465,30.07481691887041,22.536798746037736,-0.05925732702203135,-0.05110090381736754,0.050809080416446384,0.5403897207113285
sigma_xl_0.9900,0.99,2227.0,31.529240395901958,6.868183567423711,30.088625981111996,22.547098739770167,-0.05931645171850164,-0.05115187331814752,0.05080904406725699,0.5403941277132219
sigma_xl_0.9900,0.99,2228.0,31.543048262188748,6.871620463420651,30.102435007005457,22.557398706553187,-0.05937561265188762,-0.05120287942176205,0.0508090077202088,0.5403985345533105
sigma_xl_0.9900,0.99,2229.0,31.556856092219654,6.875057350205985,30.116243996552953,22.567698646388294,-0.05943480982005056,-0.05125392212605817,0.050808971375301826,0.5404029412316015
sigma_xl_0.9900,0.99,2230.0,31.570663885996808,6.878494227780331,30.130052949756617,22.577998559277006,-0.059494043220816195,-0.05130500142883676,0.05080893503253964,0.540407347748102
sigma_xl_0.9900,0.99,2231.0,31.584471643522363,6.881931096144308,30.143861866618607,22.588298445220822,-0.05955331285208132,-0.05135611732797685,0.0508088986919179,0.540411754102819
sigma_xl_0.9900,0.99,2232.0,31.59827936479845,6.885367955298533,30.157670747141058,22.598598304221262,-0.059612618711689436,-0.05140726982129351,0.05080886235343847,0.5404161602957597
sigma_xl_0.9900,0.99,2233.0,31.61208704982721,6.888804805243627,30.17147959132613,22.608898136279826,-0.05967196079752668,-0.051458458906655125,0.050808826017099504,0.540420566326931
sigma_xl_0.9900,0.99,2234.0,31.62589469861078,6.892241645980204,30.18528839917595,22.619197941398028,-0.05973133910744721,-0.05150968458190164,0.05080878968290102,0.5404249721963403
sigma_xl_0.9900,0.99,2235.0,31.63970231115128,6.895678477508876,30.199097170692667,22.62949771957737,-0.05979075363931585,-0.051560946844865896,0.050808753350844824,0.5404293779039946
sigma_xl_0.9900,0.99,2236.0,31.65350988745083,6.899115299830252,30.212905905878415,22.639797470819367,-0.05985020439102229,-0.05161224569341627,0.050808717020930136,0.5404337834499009
sigma_xl_0.9900,0.99,2237.0,31.667317427511577,6.9025521129449405,30.226714604735335,22.650097195125532,-0.05990969136040647,-0.0516635811253785,0.050808680693158095,0.5404381888340662
sigma_xl_0.9900,0.99,2238.0,31.681124931335646,6.905988916853549,30.240523267265555,22.660396892497367,-0.059969214545372296,-0.05171495313863517,0.05080864436752615,0.5404425940564979
sigma_xl_0.9900,0.99,2239.0,31.694932398925168,6.909425711556688,30.254331893471228,22.670696562936385,-0.06002877394376682,-0.0517663617309978,0.05080860804403574,0.5404469991172028
sigma_xl_0.9900,0.99,2240.0,31.708739830282276,6.912862497054967,30.268140483354482,22.6809962064441,-0.06008836955345487,-0.05181780690032767,0.05080857172268796,0.5404514040161882
sigma_xl_0.9900,0.99,2241.0,31.722547225409105,6.916299273348991,30.281949036917464,22.69129582302202,-0.060148001372333226,-0.051869288644489586,0.050808535403478836,0.5404558087534609
sigma_xl_0.9900,0.99,2242.0,31.736354584307783,6.919736040439371,30.2957575541623,22.701595412671654,-0.06020766939823119,-0.051920806961295085,0.050808499086413036,0.5404602133290283
sigma_xl_0.9900,0.99,2243.0,31.750161906980445,6.923172798326715,30.309566035091144,22.711894975394515,-0.06026737362907042,-0.051972361848637405,0.05080846277148521,0.5404646177428973
sigma_xl_0.9900,0.99,2244.0,31.763969193429226,6.926609547011633,30.323374479706125,22.72219451119211,-0.060327114062662446,-0.05202395330432097,0.05080842645869996,0.5404690219950751
sigma_xl_0.9900,0.99,2245.0,31.777776443656254,6.930046286494734,30.33718288800938,22.73249402006596,-0.06038689069691827,-0.0520755813262177,0.05080839014805409,0.5404734260855687
sigma_xl_0.9900,0.99,2246.0,31.79158365766366,6.9334830167766235,30.350991260003056,22.74279350201756,-0.06044670352969561,-0.05212724591217821,0.05080835383954796,0.5404778300143852
sigma_xl_0.9900,0.99,2247.0,31.805390835453583,6.936919737857914,30.36479959568928,22.753092957048427,-0.06050655255886639,-0.052178947060046,0.05080831753318156,0.5404822337815317
sigma_xl_0.9900,0.99,2248.0,31.81919797702815,6.940356449739211,30.378607895070203,22.763392385160074,-0.06056643778228832,-0.052230684767657465,0.05080828122895524,0.5404866373870153
sigma_xl_0.9900,0.99,2249.0,31.83300508238949,6.943793152421124,30.392416158147952,22.773691786354007,-0.06062635919785464,-0.05228245903289164,0.050808244926867224,0.540491040830843
sigma_xl_0.9900,0.99,2250.0,31.846812151539748,6.947229845904264,30.406224384924677,22.783991160631736,-0.06068631680340886,-0.05233426985355649,0.05080820862691929,0.5404954441130221
sigma_xl_0.9900,0.99,2251.0,31.860619184481042,6.950666530189238,30.4200325754025,22.794290507994777,-0.06074631059684066,-0.05238611722753461,0.05080817232910963,0.5404998472335594
sigma_xl_0.9900,0.99,2252.0,31.87442618121551,6.954103205276654,30.433840729583583,22.804589828444637,-0.06080634057601486,-0.05243800115265529,0.05080813603343863,0.5405042501924622
sigma_xl_0.9900,0.99,2253.0,31.88823314174529,6.957539871167122,30.44764884747004,22.814889121982826,-0.06086640673879984,-0.05248992162677979,0.05080809973990556,0.5405086529897375
sigma_xl_0.9900,0.99,2254.0,31.902040066072505,6.9609765278612485,30.46145692906403,22.825188388610858,-0.06092650908307817,-0.05254187864775517,0.05080806344850969,0.5405130556253924
sigma_xl_0.9900,0.99,2255.0,31.91584695419929,6.964413175359645,30.47526497436768,22.835487628330238,-0.060986647606689814,-0.05259387221341427,0.05080802715925353,0.540517458099434
sigma_xl_0.9900,0.99,2256.0,31.92965380612778,6.9678498136629194,30.48907298338313,22.845786841142477,-0.06104682230754577,-0.05264590232163613,0.050807990872132086,0.5405218604118692
sigma_xl_0.9900,0.99,2257.0,31.943460621860105,6.971286442771679,30.502880956112516,22.856086027049088,-0.06110703318348598,-0.052697968970242925,0.05080795458714961,0.5405262625627055
sigma_xl_0.9900,0.99,2258.0,31.957267401398404,6.974723062686534,30.516688892557987,22.866385186051577,-0.06116728023239304,-0.05275007215709593,0.05080791830430255,0.5405306645519495
sigma_xl_0.9900,0.99,2259.0,31.971074144744797,6.978159673408093,30.53049679272167,22.87668431815146,-0.06122756345214242,-0.052802211880042194,0.050807882023592335,0.5405350663796086
sigma_xl_0.9900,0.99,2260.0,31.984880851901426,6.981596274936963,30.54430465660571,22.886983423350244,-0.06128788284059539,-0.05285438813693588,0.05080784574501786,0.5405394680456898
sigma_xl_0.9900,0.99,2261.0,31.99868752287042,6.985032867273754,30.558112484212245,22.897282501649443,-0.061348238395634525,-0.05290660092562405,0.050807809468578796,0.5405438695502002
sigma_xl_0.9900,0.99,2262.0,32.012494157653904,6.988469450419075,30.57192027554341,22.907581553050566,-0.061408630115113993,-0.05295885024395375,0.05080777319427622,0.5405482708931467
sigma_xl_0.9900,0.99,2263.0,32.02630075625403,6.9919060243735345,30.58572803060135,22.91788057755512,-0.06146905799691993,-0.05301113608977559,0.05080773692210688,0.5405526720745367
sigma_xl_0.9900,0.99,2264.0,32.04010731867291,6.99534258913774,30.599535749388192,22.928179575164616,-0.06152952203893847,-0.053063458460954394,0.05080770065207149,0.5405570730943771
sigma_xl_0.9900,0.99,2265.0,32.053913844912685,6.9987791447123024,30.613343431906088,22.938478545880567,-0.06159002223901311,-0.053115817355326556,0.05080766438417045,0.540561473952675
sigma_xl_0.9900,0.99,2266.0,32.06772033497548,7.0022156910978275,30.627151078157166,22.948777489704483,-0.06165055859502644,-0.05316821277073913,0.0508076281184037,0.5405658746494374
sigma_xl_0.9900,0.99,2267.0,32.08152678886345,7.005652228294927,30.64095868814357,22.95907640663787,-0.06171113110483972,-0.05322064470503918,0.05080759185476985,0.5405702751846714
sigma_xl_0.9900,0.99,2268.0,32.09533320657867,7.0090887563042035,30.654766261867426,22.96937529668224,-0.06177173976636041,-0.053273113156109275,0.050807555593269924,0.5405746755583842
sigma_xl_0.9900,0.99,2269.0,32.1091395881233,7.012525275126255,30.66857379933087,22.979674159839107,-0.061832384577439115,-0.05332561812178227,0.05080751933390362,0.5405790757705828
sigma_xl_0.9900,0.99,2270.0,32.12294593349943,7.015961784761684,30.682381300536022,22.989972996109977,-0.061893065535972625,-0.05337815959993364,0.050807483076671225,0.5405834758212742
sigma_xl_0.9900,0.99,2271.0,32.1367522427092,7.019398285211088,30.696188765485026,23.000271805496364,-0.061953782639832866,-0.05343073758839978,0.0508074468215728,0.5405878757104656
sigma_xl_0.9900,0.99,2272.0,32.15055851575474,7.022834776475069,30.70999619418,23.010570587999776,-0.062014535886874,-0.05348335208503485,0.050807410568609046,0.5405922754381639
sigma_xl_0.9900,0.99,2273.0,32.164364752638164,7.026271258554226,30.723803586623088,23.02086934362173,-0.06207532527500703,-0.053536003087714334,0.05080737431777779,0.5405966750043762
sigma_xl_0.9900,0.99,2274.0,32.1781709533616,7.029707731449159,30.73761094281641,23.031168072363734,-0.062136150802089674,-0.05358869059428173,0.05080733806908011,0.5406010744091096
sigma_xl_0.9900,0.99,2275.0,32.19197711792717,7.033144195160468,30.7514182627621,23.041466774227295,-0.0621970124659974,-0.053641414602587645,0.050807301822516734,0.5406054736523714
sigma_xl_0.9900,0.99,2276.0,32.20578324633701,7.036580649688752,30.765225546462293,23.051765449213935,-0.06225791026460925,-0.053694175110489795,0.05080726557808586,0.5406098727341683
sigma_xl_0.9900,0.99,2277.0,32.21958933859324,7.040017095034612,30.77903279391912,23.062064097325155,-0.06231884419582201,-0.053746972115863656,0.050807229335786755,0.5406142716545075
sigma_xl_0.9900,0.99,2278.0,32.23339539469798,7.043453531198647,30.792840005134707,23.072362718562474,-0.06237981425747563,-0.05379980561652786,0.050807193095621594,0.540618670413396
sigma_xl_0.9900,0.99,2279.0,32.247201414653354,7.046889958181458,30.806647180111185,23.082661312927403,-0.06244082044747756,-0.0538526756103721,0.05080715685758819,0.540623069010841
sigma_xl_0.9900,0.99,2280.0,32.261007398461494,7.050326375983644,30.820454318850693,23.092959880421446,-0.06250186276368552,-0.05390558209521856,0.05080712062168802,0.5406274674468494
sigma_xl_0.9900,0.99,2281.0,32.27481334612451,7.053762784605805,30.83426142135535,23.10325842104612,-0.0625629412039963,-0.053958525068964036,0.0508070843879196,0.5406318657214284
sigma_xl_0.9900,0.99,2282.0,32.28861925764455,7.057199184048542,30.848068487627298,23.113556934802936,-0.06262405576627117,-0.05401150452943071,0.05080704815628298,0.5406362638345851
sigma_xl_0.9900,0.99,2283.0,32.30242513302372,7.060635574312452,30.861875517668658,23.123855421693406,-0.06268520644839626,-0.05406452047449406,0.05080701192677775,0.5406406617863263
sigma_xl_0.9900,0.99,2284.0,32.31623097226415,7.064071955398139,30.87568251148157,23.13415388171904,-0.0627463932482506,-0.054117572902004696,0.05080697569940358,0.5406450595766593
sigma_xl_0.9900,0.99,2285.0,32.330036775367965,7.067508327306198,30.88948946906816,23.14445231488135,-0.06280761616370611,-0.05417066180981678,0.05080693947416082,0.5406494572055911
sigma_xl_0.9900,0.99,2286.0,32.34384254233729,7.070944690037234,30.90329639043056,23.154750721181845,-0.06286887519263828,-0.05422378719578802,0.050806903251049085,0.5406538546731289
sigma_xl_0.9900,0.99,2287.0,32.35764827317425,7.074381043591844,30.917103275570902,23.16504910062204,-0.06293017033294035,-0.05427694905777969,0.050806867030067704,0.5406582519792794
sigma_xl_0.9900,0.99,2288.0,32.37145396788097,7.077817387970627,30.93091012449132,23.175347453203447,-0.06299150158247357,-0.05433014739364239,0.05080683081121663,0.54066264912405
sigma_xl_0.9900,0.99,2289.0,32.38525962645957,7.081253723174185,30.944716937193935,23.185645778927572,-0.06305286893913475,-0.05438338220124095,0.05080679459449444,0.5406670461074476
sigma_xl_0.9900,0.99,2290.0,32.39906524891219,7.084690049203117,30.95852371368089,23.19594407779593,-0.0631142724007887,-0.05443665347843307,0.05080675837990152,0.5406714429294793
sigma_xl_0.9900,0.99,2291.0,32.41287083524093,7.088126366058024,30.972330453954303,23.206242349810033,-0.06317571196530736,-0.05448996122305161,0.050806722167439616,0.5406758395901522
sigma_xl_0.9900,0.99,2292.0,32.426676385447934,7.091562673739505,30.98613715801632,23.21654059497139,-0.0632371876305804,-0.05454330543298269,0.0508066859571059,0.5406802360894732
sigma_xl_0.9900,0.99,2293.0,32.44048189953532,7.094998972248158,30.999943825869057,23.226838813281514,-0.06329869939448685,-0.05459668610607338,0.050806649748900326,0.5406846324274496
sigma_xl_0.9900,0.99,2294.0,32.45428737750522,7.098435261584585,31.013750457514657,23.237137004741918,-0.06336024725490219,-0.05465010324017783,0.0508066135428233,0.5406890286040883
sigma_xl_0.9900,0.99,2295.0,32.46809281935975,7.101871541749386,31.027557052955245,23.247435169354112,-0.06342183120970546,-0.054703556833153755,0.050806577338873685,0.5406934246193964
sigma_xl_0.9900,0.99,2296.0,32.481898225101034,7.105307812743161,31.041363612192953,23.257733307119608,-0.06348345125677568,-0.05475704688285887,0.05080654113705188,0.5406978204733809
sigma_xl_0.9900,0.99,2297.0,32.4957035947312,7.108744074566509,31.055170135229915,23.268031418039914,-0.06354510739399188,-0.054810573387161554,0.05080650493735754,0.5407022161660489
sigma_xl_0.9900,0.99,2298.0,32.50950892825237,7.11218032722003,31.068976622068256,23.278329502116545,-0.06360679961922955,-0.054864136343898195,0.0508064687397899,0.5407066116974075
sigma_xl_0.9900,0.99,2299.0,32.52331422566668,7.115616570704324,31.08278307271011,23.28862755935101,-0.06366852793037836,-0.05491773575094783,0.05080643254434754,0.5407110070674637
sigma_xl_0.9900,0.99,2300.0,32.53711948697624,7.11905280501999,31.09658948715761,23.298925589744822,-0.0637302923253209,-0.054971371606171715,0.05080639635103082,0.5407154022762246
sigma_xl_0.9900,0.99,2301.0,32.55092471218317,7.122489030167628,31.110395865412876,23.30922359329949,-0.06379209280191134,-0.055025043907402704,0.05080636015984226,0.5407197973236971
sigma_xl_0.9900,0.99,2302.0,32.56472990128957,7.125925246147829,31.124202207478035,23.319521570016526,-0.06385392935808198,-0.055078752652544694,0.050806323970778264,0.5407241922098885
sigma_xl_0.9900,0.99,2303.0,32.57853505429757,7.129361452961184,31.138008513355206,23.329819519897438,-0.0639158019916799,-0.05513249783943053,0.05080628778384169,0.5407285869348056
sigma_xl_0.9900,0.99,2304.0,32.59234017120927,7.1327976506082855,31.151814783046518,23.340117442943743,-0.06397771070060188,-0.05518627946593213,0.05080625159903182,0.5407329814984557
sigma_xl_0.9900,0.99,2305.0,32.606145252026806,7.136233839089725,31.16562101655409,23.350415339156953,-0.06403965548274115,-0.05524009752992498,0.0508062154163476,0.5407373759008457
sigma_xl_0.9900,0.99,2306.0,32.61995029675228,7.139670018406094,31.179427213880047,23.360713208538577,-0.06410163633596255,-0.05529395202924903,0.05080617923579078,0.5407417701419824
sigma_xl_0.9900,0.99,2307.0,32.63375530538782,7.143106188557986,31.193233375026516,23.37101105109012,-0.06416365325815931,-0.05534784296177975,0.05080614305735924,0.5407461642218733
sigma_xl_0.9900,0.99,2308.0,32.64756027793554,7.146542349545991,31.207039499995613,23.381308866813107,-0.06422570624721402,-0.0554017703253713,0.050806106881054386,0.5407505581405252
sigma_xl_0.9900,0.99,2309.0,32.661365214397556,7.149978501370702,31.22084558878947,23.391606655709047,-0.06428779530102346,-0.05545573411790272,0.05080607070687479,0.5407549518979451
sigma_xl_0.9900,0.99,2310.0,32.67517011477598,7.15341464403271,31.234651641410203,23.40190441777944,-0.06434992041745602,-0.055509734337224614,0.05080603453482119,0.5407593454941401
sigma_xl_0.9900,0.99,2311.0,32.688974979072945,7.156850777532608,31.248457657859944,23.412202153025817,-0.06441208159439782,-0.055563770981198246,0.05080599836489248,0.5407637389291172
sigma_xl_0.9900,0.99,2312.0,32.70277980729055,7.160286901870986,31.26226363814081,23.422499861449673,-0.0644742788297421,-0.05561784404770265,0.05080596219708973,0.5407681322028836
sigma_xl_0.9900,0.99,2313.0,32.716584599430924,7.163723017048438,31.276069582254927,23.43279754305253,-0.06453651212137146,-0.05567195353458487,0.050805926031410834,0.5407725253154461
sigma_xl_0.9900,0.99,2314.0,32.730389355496186,7.167159123065554,31.28987549020442,23.443095197835902,-0.06459878146716846,-0.055726099439713295,0.05080588986785717,0.5407769182668118
sigma_xl_0.9900,0.99,2315.0,32.744194075488444,7.170595219922927,31.30368136199141,23.453392825801288,-0.0646610868650086,-0.05578028176094563,0.05080585370642875,0.540781311056988
sigma_xl_0.9900,0.99,2316.0,32.75799875940982,7.1740313076211475,31.31748719761802,23.46369042695021,-0.06472342831279576,-0.055834500496168005,0.05080581754712343,0.5407857036859814
sigma_xl_0.9900,0.99,2317.0,32.77180340726244,7.177467386160809,31.33129299708638,23.473988001284177,-0.06478580580839832,-0.05588875564321327,0.050805781389942656,0.5407900961537992
sigma_xl_0.9900,0.99,2318.0,32.785608019048404,7.180903455542502,31.345098760398606,23.484285548804703,-0.06484821934971308,-0.05594304719996401,0.05080574523488639,0.5407944884604485
sigma_xl_0.9900,0.99,2319.0,32.79941259476984,7.18433951576682,31.358904487556828,23.494583069513297,-0.0649106689346084,-0.05599737516426728,0.050805709081953934,0.5407988806059362
sigma_xl_0.9900,0.99,2320.0,32.81321713442887,7.187775566834354,31.372710178563164,23.504880563411472,-0.06497315456098818,-0.05605173953401277,0.050805672931143867,0.5408032725902694
sigma_xl_0.9900,0.99,2321.0,32.8270216380276,7.191211608745695,31.38651583341974,23.515178030500742,-0.0650356762267279,-0.05610614030704397,0.05080563678245688,0.5408076644134552
sigma_xl_0.9900,0.99,2322.0,32.840826105568155,7.194647641501433,31.400321452128683,23.525475470782617,-0.0650982339297208,-0.05616057748124348,0.05080560063589262,0.5408120560755004
sigma_xl_0.9900,0.99,2323.0,32.85463053705265,7.198083665102165,31.41412703469211,23.53577288425861,-0.06516082766786013,-0.056215051054461895,0.05080556449145,0.5408164475764123
sigma_xl_0.9900,0.99,2324.0,32.868434932483204,7.20151967954848,31.427932581112152,23.54607027093023,-0.06522345743899649,-0.05626956102454983,0.05080552834913084,0.5408208389161979
sigma_xl_0.9900,0.99,2325.0,32.88223929186193,7.20495568484097,31.441738091390924,23.556367630798995,-0.06528612324105865,-0.056324107389414735,0.050805492208931866,0.5408252300948642
sigma_xl_0.9900,0.99,2326.0,32.89604361519095,7.208391680980226,31.45554356553056,23.56666496386641,-0.06534882507190787,-0.0563786901468859,0.05080545607085456,0.5408296211124182
sigma_xl_0.9900,0.99,2327.0,32.90984790247238,7.2118276679668405,31.469349003533175,23.576962270133986,-0.06541156292943384,-0.05643330929482815,0.05080541993489887,0.5408340119688669
sigma_xl_0.9900,0.99,2328.0,32.92365215370833,7.215263645801405,31.4831544054009,23.587259549603242,-0.06547433681150494,-0.056487964831102744,0.05080538380106554,0.5408384026642175
sigma_xl_0.9900,0.99,2329.0,32.93745636890093,7.218699614484512,31.49695977113585,23.59755680227569,-0.06553714671604638,-0.05654265675360648,0.050805347669350284,0.5408427931984767
sigma_xl_0.9900,0.99,2330.0,32.9512605480523,7.222135574016754,31.510765100740155,23.607854028152833,-0.06559999264091942,-0.056597385060179306,0.05080531153975451,0.5408471835716518
sigma_xl_0.9900,0.99,2331.0,32.96506469116454,7.225571524398721,31.52457039421594,23.618151227236197,-0.06566287458401021,-0.056652149748689595,0.05080527541228,0.54085157378375
sigma_xl_0.9900,0.99,2332.0,32.97886879823978,7.229007465631006,31.53837565156532,23.62844839952728,-0.06572579254322619,-0.056706950817012824,0.05080523928692354,0.540855963834778
sigma_xl_0.9900,0.99,2333.0,32.99267286928014,7.2324433977142,31.55218087279043,23.638745545027597,-0.06578874651642508,-0.056761788263003154,0.0508052031636855,0.5408603537247431
sigma_xl_0.9900,0.99,2334.0,33.006476904287716,7.235879320648896,31.565986057893383,23.649042663738665,-0.06585173650151077,-0.05681666208452185,0.05080516704256728,0.540864743453652
sigma_xl_0.9900,0.99,2335.0,33.02028090326462,7.2393152344356775,31.579791206876298,23.65933975566199,-0.06591476249637651,-0.05687157227946216,0.05080513092356782,0.540869133021512
sigma_xl_0.9900,0.99,2336.0,33.03408486621295,7.24275113907513,31.593596319741284,23.66963682079908,-0.06597782449891199,-0.05692651884567468,0.050805094806688544,0.54087352242833
sigma_xl_0.9900,0.99,2337.0,33.047888793134824,7.246187034567839,31.607401396490463,23.679933859151454,-0.0660409225070211,-0.05698150178104555,0.05080505869192803,0.540877911674113
sigma_xl_0.9900,0.99,2338.0,33.06169268403235,7.249622920914387,31.62120643712595,23.69023087072062,-0.06610405651857931,-0.057036521083439595,0.05080502257928626,0.5408823007588682
sigma_xl_0.9900,0.99,2339.0,33.075496538907636,7.253058798115359,31.635011441649866,23.700527855508092,-0.06616722653147633,-0.057091576750718076,0.050804986468764676,0.5408866896826025
sigma_xl_0.9900,0.99,2340.0,33.08930035776279,7.25649466617134,31.648816410064317,23.71082481351538,-0.06623043254361605,-0.05714666878076713,0.05080495036036184,0.5408910784453229
sigma_xl_0.9900,0.99,2341.0,33.10310414059993,7.259930525082916,31.66262134237143,23.721121744743996,-0.06629367455288815,-0.057201797171440916,0.050804914254077016,0.5408954670470364
sigma_xl_0.9900,0.99,2342.0,33.11690788742116,7.263366374850668,31.676426238573317,23.731418649195454,-0.06635695255716811,-0.05725696192061491,0.050804878149911664,0.54089985548775
sigma_xl_0.9900,0.99,2343.0,33.130711598228594,7.266802215475183,31.690231098672097,23.741715526871264,-0.0664202665543634,-0.0573121630261646,0.05080484204786469,0.5409042437674709
sigma_xl_0.9900,0.99,2344.0,33.14451527302434,7.2702380469570445,31.704035922669878,23.75201237777294,-0.06648361654234947,-0.05736740048594413,0.05080480594793682,0.5409086318862059
sigma_xl_0.9900,0.99,2345.0,33.15831891181051,7.273673869296836,31.71784071056879,23.76230920190199,-0.06654700251904444,-0.05742267429785031,0.050804769850125164,0.5409130198439622
sigma_xl_0.9900,0.99,2346.0,33.17212251458921,7.277109682495144,31.73164546237094,23.77260599925993,-0.06661042448232024,-0.05747798445972663,0.050804733754432965,0.5409174076407467
sigma_xl_0.9900,0.99,2347.0,33.18592608136256,7.280545486552552,31.74545017807845,23.78290276984827,-0.06667388243007366,-0.05753333096946278,0.050804697660857365,0.5409217952765665
sigma_xl_0.9900,0.99,2348.0,33.19972961213266,7.283981281469645,31.759254857693428,23.793199513668526,-0.06673737636018728,-0.05758871382491648,0.05080466156940047,0.5409261827514285
sigma_xl_0.9900,0.99,2349.0,33.21353310690162,7.287417067247006,31.773059501218,23.803496230722203,-0.06680090627056501,-0.05764413302396676,0.050804625480060164,0.5409305700653398
sigma_xl_0.9900,0.99,2350.0,33.22733656567156,7.29085284388522,31.78686410865428,23.81379292101082,-0.06686447215909652,-0.05769958856447843,0.05080458939283715,0.5409349572183074
sigma_xl_0.9900,0.99,2351.0,33.24113998844458,7.294288611384872,31.80066868000438,23.824089584535884,-0.06692807402367862,-0.05775508044433053,0.05080455330773069,0.5409393442103384
sigma_xl_0.9900,0.99,2352.0,33.254943375222794,7.297724369746547,31.814473215270425,23.834386221298907,-0.06699171186219388,-0.05781060866138432,0.05080451722474082,0.5409437310414398
sigma_xl_0.9900,0.99,2353.0,33.26874672600832,7.301160118970829,31.828277714454522,23.844682831301405,-0.06705538567251779,-0.057866173213504624,0.05080448114386894,0.5409481177116183
sigma_xl_0.9900,0.99,2354.0,33.28255004080326,7.304595859058301,31.842082177558797,23.85497941454489,-0.06711909545258976,-0.05792177409859178,0.05080444506511006,0.5409525042208814
sigma_xl_0.9900,0.99,2355.0,33.296353319609715,7.30803159000955,31.855886604585358,23.86527597103087,-0.06718284120027107,-0.0579774113144893,0.05080440898846915,0.5409568905692358
sigma_xl_0.9900,0.99,2356.0,33.31015656242982,7.311467311825158,31.869690995536327,23.87557250076086,-0.06724662291345851,-0.05803308485908332,0.050804372913941964,0.5409612767566886
sigma_xl_0.9900,0.99,2357.0,33.32395976926566,7.3149030245057105,31.883495350413817,23.885869003736367,-0.06731044059004176,-0.058088794730235094,0.050804336841530615,0.5409656627832469
sigma_xl_0.9900,0.99,2358.0,33.33776294011936,7.318338728051793,31.897299669219947,23.89616547995891,-0.06737429422791763,-0.058144540925827215,0.05080430077123438,0.5409700486489176
sigma_xl_0.9900,0.99,2359.0,33.35156607499303,7.321774422463989,31.911103951956832,23.906461929429994,-0.0674381838249758,-0.05820032344371384,0.05080426470305255,0.5409744343537077
sigma_xl_0.9900,0.99,2360.0,33.36536917388878,7.3252101077428815,31.924908198626593,23.916758352151138,-0.06750210937912726,-0.05825614228179177,0.05080422863698371,0.5409788198976244
sigma_xl_0.9900,0.99,2361.0,33.37917223680871,7.328645783889057,31.93871240923134,23.92705474812385,-0.06756607088825461,-0.058311997437929364,0.050804192573028525,0.5409832052806745
sigma_xl_0.9900,0.99,2362.0,33.39297526375494,7.332081450903099,31.952516583773193,23.937351117349642,-0.06763006835022622,-0.05836788890996658,0.05080415651118776,0.5409875905028652
sigma_xl_0.9900,0.99,2363.0,33.40677825472957,7.335517108785593,31.966320722254267,23.94764745983003,-0.06769410176297441,-0.05842381669581442,0.05080412045145925,0.5409919755642032
sigma_xl_0.9900,0.99,2364.0,33.420581209734735,7.338952757537122,31.980124824676682,23.95794377556652,-0.06775817112435334,-0.05847978079331284,0.0508040843938444,0.5409963604646958
sigma_xl_0.9900,0.99,2365.0,33.434384128772514,7.342388397158272,31.99392889104255,23.968240064560632,-0.06782227643230243,-0.058535781200355075,0.050804048338341096,0.54100074520435
sigma_xl_0.9900,0.99,2366.0,33.448187011845036,7.345824027649626,32.00773292135399,23.978536326813867,-0.06788641768467585,-0.05859181791481305,0.05080401228495002,0.5410051297831727
sigma_xl_0.9900,0.99,2367.0,33.46198985895441,7.349259649011769,32.021536915613126,23.988832562327744,-0.06795059487937749,-0.058647890934540925,0.05080397623367047,0.541009514201171
sigma_xl_0.9900,0.99,2368.0,33.47579267010271,7.352695261245282,32.035340873822044,23.99912877110377,-0.06801480801432547,-0.05870400025744971,0.050803940184503155,0.5410138984583519
sigma_xl_0.9900,0.99,2369.0,33.48959544529206,7.356130864350742,32.049144795982876,24.009424953143462,-0.06807905708741657,-0.05876014588140066,0.050803904137447356,0.5410182825547224
sigma_xl_0.9900,0.99,2370.0,33.50339818452454,7.359566458328728,32.06294868209772,24.01972110844832,-0.06814334209652628,-0.05881632780426571,0.05080386809250523,0.5410226664902894
sigma_xl_0.9900,0.99,2371.0,33.517200887802275,7.363002043179816,32.07675253216868,24.030017237019866,-0.06820766303957271,-0.05887254602392744,0.0508038320496739,0.5410270502650599
sigma_xl_0.9900,0.99,2372.0,33.53100355512735,7.366437618904584,32.09055634619788,24.040313338859605,-0.06827201991445264,-0.05892880053827554,0.050803796008954794,0.5410314338790411
sigma_xl_0.9900,0.99,2373.0,33.54480618650187,7.36987318550361,32.10436012418742,24.050609413969056,-0.06833641271903446,-0.058985091345139296,0.05080375997035007,0.5410358173322397
sigma_xl_0.9900,0.99,2374.0,33.55860878192795,7.373308742977473,32.11816386613941,24.060905462349723,-0.06840084145127179,-0.05904141844246169,0.0508037239338547,0.541040200624663
sigma_xl_0.9900,0.99,2375.0,33.57241134140769,7.376744291326748,32.13196757205597,24.071201484003122,-0.06846530610901169,-0.05909778182806846,0.05080368789947226,0.5410445837563178
sigma_xl_0.9900,0.99,2376.0,33.586213864943176,7.380179830552016,32.145771241939194,24.08149747893076,-0.06852980669018649,-0.05915418149987062,0.05080365186720061,0.5410489667272111
sigma_xl_0.9900,0.99,2377.0,33.60001635253653,7.383615360653851,32.1595748757912,24.091793447134158,-0.06859434319266455,-0.059210617455711656,0.05080361583704189,0.5410533495373501
sigma_xl_0.9900,0.99,2378.0,33.613818804189854,7.387050881632834,32.17337847361409,24.102089388614818,-0.0686589156143711,-0.05926708969349903,0.05080357980899253,0.5410577321867416
sigma_xl_0.9900,0.99,2379.0,33.627621219905244,7.390486393489539,32.18718203541,24.112385303374253,-0.06872352395319581,-0.05932359821109756,0.05080354378305538,0.5410621146753927
sigma_xl_0.9900,0.99,2380.0,33.641423599684806,7.393921896224548,32.200985561181,24.12268119141398,-0.06878816820703548,-0.05938014300638983,0.05080350775922829,0.5410664970033102
sigma_xl_0.9900,0.99,2381.0,33.65522594353065,7.397357389838435,32.21478905092923,24.13297705273551,-0.0688528483737798,-0.059436724077240655,0.05080347173751197,0.5410708791705015
sigma_xl_0.9900,0.99,2382.0,33.669028251444864,7.40079287433178,32.22859250465678,24.143272887340352,-0.06891756445134689,-0.05949334142154328,0.05080343571790642,0.5410752611769731
sigma_xl_0.9900,0.99,2383.0,33.68283052342957,7.404228349705161,32.24239592236577,24.153568695230017,-0.06898231643761932,-0.059549995037158965,0.05080339970041094,0.5410796430227325
sigma_xl_0.9900,0.99,2384.0,33.69663275948686,7.407663815959152,32.25619930405831,24.16386447640602,-0.06904710433050809,-0.05960668492198451,0.05080336368502478,0.5410840247077863
sigma_xl_0.9900,0.99,2385.0,33.71043495961884,7.411099273094335,32.27000264973651,24.174160230869866,-0.0691119281279029,-0.05966341107388473,0.050803327671748666,0.5410884062321417
sigma_xl_0.9900,0.99,2386.0,33.724237123827606,7.414534721111286,32.28380595940248,24.18445595862307,-0.06917678782770764,-0.05972017349074221,0.050803291660581895,0.5410927875958056
sigma_xl_0.9900,0.99,2387.0,33.73803925211527,7.417970160010582,32.29760923305832,24.194751659667148,-0.06924168342781911,-0.05977697217043598,0.050803255651524465,0.5410971687987849
sigma_xl_0.9900,0.99,2388.0,33.751841344483935,7.421405589792801,32.311412470706145,24.205047334003606,-0.06930661492614831,-0.05983380711083797,0.050803219644575626,0.5411015498410869
sigma_xl_0.9900,0.99,2389.0,33.7656434009357,7.424841010458523,32.325215672348065,24.21534298163396,-0.06937158232057072,-0.059890678309827194,0.05080318363973613,0.5411059307227184
sigma_xl_0.9900,0.99,2390.0,33.77944542147267,7.428276422008321,32.339018837986195,24.22563860255972,-0.06943658560901866,-0.059947585765307565,0.05080314763700307,0.5411103114436865
sigma_xl_0.9900,0.99,2391.0,33.79324740609695,7.431711824442776,32.35282196762264,24.2359341967824,-0.0695016247893534,-0.06000452947510837,0.05080311163638006,0.541114692003998
sigma_xl_0.9900,0.99,2392.0,33.80704935481065,7.4351472177624665,32.36662506125951,24.246229764303507,-0.06956669985950015,-0.06006150943715127,0.05080307563786349,0.5411190724036601
sigma_xl_0.9900,0.99,2393.0,33.82085126761586,7.438582601967968,32.38042811889891,24.25652530512455,-0.0696318108173628,-0.06011852564929043,0.050803039641454814,0.5411234526426796
sigma_xl_0.9900,0.99,2394.0,33.83465314451468,7.442017977059859,32.39423114054296,24.26682081924705,-0.06969695766083817,-0.060175578109436856,0.05080300364715187,0.5411278327210636
sigma_xl_0.9900,0.99,2395.0,33.848454985509235,7.445453343038716,32.40803412619376,24.277116306672514,-0.06976214038781592,-0.0602326668154376,0.05080296765495536,0.5411322126388192
sigma_xl_0.9900,0.99,2396.0,33.862256790601606,7.448888699905119,32.421837075853425,24.287411767402453,-0.06982735899618575,-0.06028979176516458,0.05080293166486745,0.5411365923959532
sigma_xl_0.9900,0.99,2397.0,33.87605855979391,7.452324047659643,32.435639989524056,24.297707201438378,-0.06989261348388709,-0.06034695295652881,0.050802895676883134,0.5411409719924728
sigma_xl_0.9900,0.99,2398.0,33.88986029308825,7.455759386302868,32.44944286720778,24.308002608781802,-0.0699579038487812,-0.060404150387388,0.05080285969100522,0.5411453514283847
sigma_xl_0.9900,0.99,2399.0,33.90366199048671,7.4591947158353715,32.46324570890668,24.31829798943424,-0.07002323008877909,-0.060461384055624734,0.05080282370723378,0.5411497307036962
sigma_xl_0.9900,0.99,2400.0,33.917463651991426,7.46263003625773,32.4770485146229,24.3285933433972,-0.07008859220179176,-0.06051865395912159,0.05080278772556518,0.5411541098184142
sigma_xl_0.9900,0.99,2401.0,33.93126527760446,7.4660653475705185,32.49085128435851,24.338888670672187,-0.07015399018573021,-0.06057596009577537,0.05080275174600157,0.5411584887725455
sigma_xl_0.9900,0.99,2402.0,33.94506686732792,7.469500649774312,32.50465401811564,24.349183971260718,-0.07021942403849124,-0.06063330246346155,0.050802715768543685,0.5411628675660972
sigma_xl_0.9900,0.99,2403.0,33.95886842116388,7.47293594286968,32.51845671589637,24.3594792451643,-0.07028489375795743,-0.06069068106003428,0.05080267979319364,0.5411672461990764
sigma_xl_0.9900,0.99,2404.0,33.97266993911445,7.476371226857193,32.532259377702815,24.369774492384447,-0.07035039934208243,-0.06074809588343655,0.05080264381994576,0.5411716246714899
sigma_xl_0.9900,0.99,2405.0,33.986471421181726,7.479806501737425,32.546062003537074,24.38006971292267,-0.07041594078873459,-0.060805546931511856,0.050802607848805,0.5411760029833449
sigma_xl_0.9900,0.99,2406.0,34.000272867367805,7.483241767510945,32.559864593401244,24.390364906780473,-0.07048151809582492,-0.06086303420213568,0.050802571879769956,0.5411803811346482
sigma_xl_0.9900,0.99,2407.0,34.01407427767478,7.4866770241783245,32.57366714729744,24.400660073959376,-0.07054713126127155,-0.060920557693233235,0.050802535912838453,0.5411847591254066
sigma_xl_0.9900,0.99,2408.0,34.02787565210475,7.490112271740138,32.58746966522775,24.410955214460888,-0.07061278028296414,-0.06097811740265158,0.05080249994801264,0.5411891369556275
sigma_xl_0.9900,0.99,2409.0,34.04167699065981,7.4935475101969535,32.601272147194294,24.421250328286515,-0.0706784651587995,-0.061035713328280394,0.05080246398529255,0.5411935146253177
sigma_xl_0.9900,0.99,2410.0,34.05547829334205,7.496982739549344,32.61507459319917,24.43154541543777,-0.07074418588671705,-0.061093345468023585,0.050802428024675994,0.5411978921344841
sigma_xl_0.9900,0.99,2411.0,34.06927956015358,7.500417959797881,32.62887700324447,24.441840475916166,-0.07080994246459227,-0.06115101381973531,0.05080239206616441,0.5412022694831338
sigma_xl_0.9900,0.99,2412.0,34.08308079109649,7.503853170943135,32.6426793773323,24.452135509723213,-0.07087573489035037,-0.06120871838133368,0.050802356109755656,0.5412066466712737
sigma_xl_0.9900,0.99,2413.0,34.096881986172875,7.507288372985679,32.65648171546477,24.462430516860422,-0.07094156316187394,-0.06126645915067286,0.05080232015545259,0.5412110236989107
sigma_xl_0.9900,0.99,2414.0,34.11068314538483,7.510723565926083,32.67028401764398,24.472725497329304,-0.0710074272770882,-0.06132423612565674,0.050802284203252376,0.541215400566052
sigma_xl_0.9900,0.99,2415.0,34.12448426873446,7.51415874976492,32.684086283872034,24.483020451131367,-0.07107332723388282,-0.0613820493041608,0.05080224825315638,0.5412197772727043
sigma_xl_0.9900,0.99,2416.0,34.138285356223854,7.517593924502759,32.69788851415103,24.493315378268132,-0.07113926303018303,-0.06143989868406763,0.050802212305163935,0.541224153818875
sigma_xl_0.9900,0.99,2417.0,34.15208640785511,7.521029090140175,32.711690708483076,24.503610278741096,-0.07120523466387851,-0.06149778426327046,0.050802176359274295,0.5412285302045706
sigma_xl_0.9900,0.99,2418.0,34.16588742363032,7.524464246677735,32.725492866870276,24.51390515255178,-0.07127124213288027,-0.06155570603964833,0.05080214041548747,0.5412329064297984
sigma_xl_0.9900,0.99,2419.0,34.179688403551594,7.527899394116014,32.73929498931472,24.52419999970169,-0.07133728543508511,-0.06161366401107671,0.05080210447380418,0.541237282494565
sigma_xl_0.9900,0.99,2420.0,34.19348934762102,7.531334532455583,32.75309707581853,24.534494820192336,-0.07140336456842533,-0.061671658175455946,0.050802068534222256,0.541241658398878
sigma_xl_0.9900,0.99,2421.0,34.20729025584069,7.534769661697013,32.7668991263838,24.544789614025234,-0.07146947953079064,-0.061729688530682836,0.05080203259674172,0.5412460341427439
sigma_xl_0.9900,0.99,2422.0,34.2210911282127,7.538204781840874,32.78070114101262,24.555084381201894,-0.07153563032007071,-0.061787755074607986,0.05080199666136541,0.5412504097261696
sigma_xl_0.9900,0.99,2423.0,34.234891964739155,7.541639892887739,32.794503119707116,24.565379121723822,-0.07160181693419077,-0.06184585780512819,0.05080196072808975,0.5412547851491624
sigma_xl_0.9900,0.99,2424.0,34.24869276542215,7.5450749948381794,32.80830506246937,24.575673835592536,-0.07166803937106181,-0.06190399672015445,0.05080192479691474,0.5412591604117292
sigma_xl_0.9900,0.99,2425.0,34.262493530263775,7.548510087692766,32.8221069693015,24.585968522809544,-0.07173429762858774,-0.061962171817540934,0.05080188886784112,0.5412635355138767
sigma_xl_0.9900,0.99,2426.0,34.27629425926614,7.551945171452071,32.835908840205605,24.596263183376355,-0.07180059170465825,-0.062020383095191534,0.050801852940868114,0.5412679104556123
sigma_xl_0.9900,0.99,2427.0,34.29009495243132,7.555380246116666,32.84971067518378,24.60655781729448,-0.07186692159719144,-0.06207863055097462,0.05080181701599648,0.5412722852369427
sigma_xl_0.9900,0.99,2428.0,34.303895609761426,7.5588153116871215,32.86351247423814,24.616852424565433,-0.07193328730411253,-0.062136914182801206,0.05080178109322264,0.5412766598578749
sigma_xl_0.9900,0.99,2429.0,34.31769623125855,7.562250368164008,32.877314237370776,24.62714700519072,-0.07199968882328989,-0.062195233988525445,0.050801745172550844,0.541281034318416
sigma_xl_0.9900,0.99,2430.0,34.331496816924805,7.5656854155479,32.8911159645838,24.637441559171858,-0.07206612615267005,-0.062253589966061895,0.05080170925397613,0.5412854086185728
sigma_xl_0.9900,0.99,2431.0,34.34529736676226,7.569120453839368,32.90491765587931,24.647736086510356,-0.0721325992901356,-0.06231198211328959,0.050801673337501324,0.5412897827583524
sigma_xl_0.9900,0.99,2432.0,34.35909788077303,7.572555483038981,32.91871931125941,24.65803058720772,-0.07219910823359754,-0.062370410428084,0.050801637423125004,0.5412941567377616
sigma_xl_0.9900,0.99,2433.0,34.3728983589592,7.575990503147313,32.9325209307262,24.66832506126547,-0.07226565298096688,-0.06242887490833482,0.05080160151084716,0.5412985305568078
sigma_xl_0.9900,0.99,2434.0,34.38669880132287,7.579425514164935,32.94632251428178,24.67861950868511,-0.07233223353016172,-0.06248737555193884,0.05080156560066637,0.5413029042154973
sigma_xl_0.9900,0.99,2435.0,34.40049920786611,7.582860516092412,32.960124061928255,24.688913929468146,-0.07239884987907885,-0.06254591235678575,0.05080152969258549,0.5413072777138376
sigma_xl_0.9900,0.99,2436.0,34.41429957859102,7.58629550893031,32.97392557366771,24.69920832361609,-0.07246550202562929,-0.06260448532075102,0.0508014937866038,0.5413116510518355
sigma_xl_0.9900,0.99,2437.0,34.42809991349968,7.589730492679196,32.98772704950224,24.709502691130453,-0.07253218996774535,-0.06266309444175278,0.050801457882719864,0.541316024229498
sigma_xl_0.9900,0.99,2438.0,34.44190021259417,7.593165467339636,33.001528489433944,24.719797032012746,-0.07259891370333804,-0.06272173971767359,0.0508014219809344,0.541320397246832
sigma_xl_0.9900,0.99,2439.0,34.455700475876604,7.596600432912195,33.01532989346492,24.730091346264476,-0.07266567323029705,-0.06278042114638893,0.05080138608124812,0.5413247701038445
sigma_xl_0.9900,0.99,2440.0,34.46950070334905,7.600035389397438,33.029131261597264,24.740385633887154,-0.07273246854654758,-0.06283913872580271,0.05080135018366032,0.5413291428005422
sigma_xl_0.9900,0.99,2441.0,34.483300895013606,7.6034703367959295,33.04293259383307,24.750679894882293,-0.07279929964999354,-0.06289789245379751,0.05080131428817097,0.5413335153369326
sigma_xl_0.9900,0.99,2442.0,34.49710105087237,7.6069052751082396,33.056733890174435,24.760974129251398,-0.07286616653854594,-0.06295668232825591,0.05080127839478009,0.5413378877130222
sigma_xl_0.9900,0.99,2443.0,34.51090117092741,7.610340204334931,33.07053515062345,24.77126833699598,-0.0729330692101442,-0.06301550834709957,0.050801242503485514,0.5413422599288182
sigma_xl_0.9900,0.99,2444.0,34.524701255180844,7.61377512447657,33.08433637518222,24.78156251811755,-0.07300000766265669,-0.0630743705081791,0.05080120661429083,0.5413466319843273
sigma_xl_0.9900,0.99,2445.0,34.53850130363474,7.617210035533722,33.09813756385284,24.79185667261762,-0.07306698189402994,-0.06313326880942682,0.05080117072719245,0.5413510038795568
sigma_xl_0.9900,0.99,2446.0,34.55230131629119,7.620644937506951,33.1119387166374,24.802150800497692,-0.07313399190216074,-0.06319220324871111,0.050801134842191814,0.5413553756145134
sigma_xl_0.9900,0.99,2447.0,34.5661012931523,7.624079830396826,33.125739833538,24.812444901759285,-0.07320103768495301,-0.06325117382390744,0.050801098959288915,0.5413597471892043
sigma_xl_0.9900,0.99,2448.0,34.579901234220145,7.627514714203912,33.13954091455673,24.822738976403908,-0.07326811924033905,-0.06331018053293391,0.05080106307848302,0.5413641186036362
sigma_xl_0.9900,0.99,2449.0,34.59370113949682,7.6309495889287735,33.15334195969571,24.833033024433064,-0.07333523656622276,-0.06336922337367312,0.050801027199772725,0.5413684898578163
sigma_xl_0.9900,0.99,2450.0,34.607501008984414,7.634384454571977,33.167142968957,24.843327045848277,-0.07340238966050805,-0.06342830234401475,0.05080099132316014,0.5413728609517513
sigma_xl_0.9900,0.99,2451.0,34.621300842685024,7.637819311134088,33.18094394234272,24.85362104065104,-0.07346957852111302,-0.06348741744184139,0.05080095544864313,0.5413772318854483
sigma_xl_0.9900,0.99,2452.0,34.63510064060072,7.641254158615671,33.19474487985496,24.863915008842866,-0.07353680314594158,-0.06354656866505692,0.05080091957622457,0.5413816026589143
sigma_xl_0.9900,0.99,2453.0,34.64890040273361,7.644688997017294,33.20854578149582,24.874208950425274,-0.07360406353294024,-0.06360575601155105,0.05080088370589943,0.5413859732721561
sigma_xl_0.9900,0.99,2454.0,34.66270012908578,7.648123826339521,33.22234664726739,24.88450286539977,-0.0736713596799845,-0.06366497947922056,0.050800847837670596,0.5413903437251809
sigma_xl_0.9900,0.99,2455.0,34.67649981965931,7.651558646582919,33.23614747717177,24.894796753767864,-0.07373869158500668,-0.06372423906594804,0.0508008119715366,0.5413947140179953
sigma_xl_0.9900,0.99,2456.0,34.69029947445631,7.654993457748053,33.24994827121106,24.90509061553106,-0.07380605924590355,-0.06378353476961962,0.050800776107498155,0.5413990841506068
sigma_xl_0.9900,0.99,2457.0,34.70409909347885,7.658428259835489,33.26374902938734,24.915384450690876,-0.07387346266060035,-0.06384286658814275,0.050800740245554574,0.5414034541230218
sigma_xl_0.9900,0.99,2458.0,34.717898676729035,7.661863052845791,33.27754975170273,24.92567825924882,-0.07394090182701518,-0.06390223451939292,0.05080070438570512,0.5414078239352476
sigma_xl_0.9900,0.99,2459.0,34.731698224208934,7.665297836779528,33.2913504381593,24.9359720412064,-0.07400837674305194,-0.06396163856128467,0.050800668527950496,0.541412193587291
sigma_xl_0.9900,0.99,2460.0,34.745497735920665,7.668732611637263,33.30515108875917,24.94626579656513,-0.07407588740662163,-0.06402107871168639,0.050800632672288584,0.5414165630791589
sigma_xl_0.9900,0.99,2461.0,34.75929721186629,7.672167377419563,33.31895170350442,24.95655952532651,-0.07414343381564947,-0.06408055496851972,0.05080059681872079,0.5414209324108584
sigma_xl_0.9900,0.99,2462.0,34.77309665204792,7.6756021341269935,33.33275228239715,24.96685322749206,-0.07421101596803936,-0.06414006732963884,0.05080056096724639,0.5414253015823964
sigma_xl_0.9900,0.99,2463.0,34.78689605646764,7.679036881760119,33.34655282543947,24.977146903063286,-0.0742786338616952,-0.06419961579296185,0.05080052511786469,0.5414296705937799
sigma_xl_0.9900,0.99,2464.0,34.80069542512753,7.682471620319507,33.36035333263346,24.9874405520417,-0.0743462874945493,-0.06425920035637134,0.05080048927057565,0.5414340394450157
sigma_xl_0.9900,0.99,2465.0,34.81449475802968,7.685906349805722,33.37415380398121,24.997734174428807,-0.07441397686451268,-0.0643188210177783,0.05080045342537859,0.541438408136111
sigma_xl_0.9900,0.99,2466.0,34.828294055176194,7.689341070219331,33.387954239484834,25.008027770226125,-0.07448170196949633,-0.06437847777505112,0.05080041758227277,0.5414427766670726
sigma_xl_0.9900,0.99,2467.0,34.84209331656916,7.692775781560899,33.401754639146425,25.018321339435154,-0.07454946280741126,-0.0644381706260937,0.0508003817412582,0.5414471450379075
sigma_xl_0.9900,0.99,2468.0,34.85589254221063,7.696210483830988,33.41555500296806,25.02861488205741,-0.07461725937618269,-0.06449789956880991,0.050800345902336314,0.5414515132486226
sigma_xl_0.9900,0.99,2469.0,34.8696917321027,7.699645177030159,33.429355330951836,25.0389083980944,-0.07468509167372872,-0.06455766460110013,0.050800310065506366,0.5414558812992247
sigma_xl_0.9900,0.99,2470.0,34.88349088624744,7.703079861158973,33.443155623099834,25.04920188754762,-0.07475295969797457,-0.06461746572085758,0.05080027423076838,0.5414602491897211
sigma_xl_0.9900,0.99,2471.0,34.897290004646955,7.70651453621799,33.45695587941416,25.059495350418594,-0.07482086344680994,-0.06467730292595775,0.050800238398123795,0.5414646169201185
sigma_xl_0.9900,0.99,2472.0,34.9110890873033,7.7099492022077705,33.47075609989689,25.069788786708823,-0.07488880291820266,-0.06473717621434005,0.0508002025675697,0.5414689844904238
sigma_xl_0.9900,0.99,2473.0,34.92488813421858,7.713383859128875,33.48455628455011,25.080082196419816,-0.07495677811002821,-0.06479708558387287,0.05080016673910827,0.5414733519006442
sigma_xl_0.9900,0.99,2474.0,34.938687145394866,7.716818506981863,33.49835643337593,25.090375579553083,-0.07502478902021181,-0.064857031032453,0.0508001309127388,0.5414777191507862
sigma_xl_0.9900,0.99,2475.0,34.952486120834244,7.720253145767296,33.51215654637642,25.100668936110132,-0.07509283564668578,-0.06491701255799143,0.05080009508846055,0.5414820862408573
sigma_xl_0.9900,0.99,2476.0,34.9662850605388,7.723687775485734,33.52595662355367,25.11096226609247,-0.07516091798735403,-0.06497703015836365,0.050800059266274955,0.541486453170864
sigma_xl_0.9900,0.99,2477.0,34.98008396451062,7.727122396137738,33.539756664909774,25.121255569501614,-0.07522903604014886,-0.06503708383149487,0.050800023446179135,0.5414908199408134
sigma_xl_0.9900,0.99,2478.0,34.99388283275179,7.730557007723868,33.55355667044684,25.131548846339058,-0.07529718980297417,-0.06509717357526768,0.05079998762817457,0.5414951865507125
sigma_xl_0.9900,0.99,2479.0,35.00768166526437,7.733991610244684,33.56735664016693,25.14184209660632,-0.0753653792737552,-0.06515729938757175,0.05079995181226192,0.5414995530005681
sigma_xl_0.9900,0.99,2480.0,35.02148046205047,7.737426203700746,33.58115657407214,25.152135320304907,-0.07543360445041003,-0.065217461266311,0.05079991599843975,0.5415039192903872
sigma_xl_0.9900,0.99,2481.0,35.03527922311216,7.740860788092616,33.59495647216456,25.162428517436332,-0.0755018653308639,-0.06527765920938933,0.0507998801867081,0.5415082854201769
sigma_xl_0.9900,0.99,2482.0,35.04907794845153,7.744295363420854,33.608756334446305,25.172721688002095,-0.07557016191302779,-0.06533789321469641,0.05079984437706622,0.5415126513899439
sigma_xl_0.9900,0.99,2483.0,35.06287663807066,7.747729929686019,33.62255616091942,25.183014832003714,-0.07563849419481272,-0.0653981632801397,0.05079980856951556,0.5415170171996952
sigma_xl_0.9900,0.99,2484.0,35.07667529197163,7.7511644868886735,33.63635595158603,25.193307949442687,-0.07570686217415101,-0.06545846940360533,0.05079977276405466,0.5415213828494378
sigma_xl_0.9900,0.99,2485.0,35.09047391015653,7.7545990350293765,33.65015570644821,25.203601040320535,-0.07577526584896788,-0.06551881158301143,0.0507997369606821,0.5415257483391787
sigma_xl_0.9900,0.99,2486.0,35.104272492627445,7.758033574108688,33.663955425508064,25.213894104638754,-0.07584370521716721,-0.06557918981621924,0.050799701159400024,0.5415301136689247
sigma_xl_0.9900,0.99,2487.0,35.11807103938645,7.76146810412717,33.677755108767656,25.224187142398858,-0.07591218027665292,-0.06563960410114689,0.05079966536020844,0.5415344788386828
sigma_xl_0.9900,0.99,2488.0,35.13186955043563,7.764902625085382,33.69155475622909,25.23448015360236,-0.07598069102539284,-0.06570005443571958,0.050799629563103035,0.54153884384846
sigma_xl_0.9900,0.99,2489.0,35.14566802577707,7.768337136983885,33.70535436789446,25.24477313825076,-0.07604923746125536,-0.06576054081779859,0.05079959376808882,0.5415432086982629
sigma_xl_0.9900,0.99,2490.0,35.159466465412855,7.771771639823239,33.71915394376585,25.255066096345573,-0.0761178195821941,-0.0658210632452878,0.05079955797516224,0.5415475733880989
sigma_xl_0.9900,0.99,2491.0,35.17326486934507,7.775206133604003,33.73295348384535,25.265359027888305,-0.07618643738611297,-0.06588162171609824,0.05079952218432325,0.5415519379179748
sigma_xl_0.9900,0.99,2492.0,35.187063237575785,7.77864061832674,33.74675298813504,25.275651932880468,-0.07625509087093718,-0.06594221622812668,0.05079948639557259,0.5415563022878974
sigma_xl_0.9900,0.99,2493.0,35.20086157010711,7.78207509399201,33.76055245663704,25.285944811323567,-0.07632378003459195,-0.06600284677927704,0.05079945060890738,0.5415606664978738
sigma_xl_0.9900,0.99,2494.0,35.2146598669411,7.785509560600371,33.774351889353404,25.296237663219113,-0.07639250487497407,-0.06606351336741767,0.05079941482433192,0.5415650305479108
sigma_xl_0.9900,0.99,2495.0,35.22845812807984,7.788944018152386,33.788151286286244,25.30653048856861,-0.07646126539005138,-0.06612421599049867,0.0507993790418412,0.5415693944380154
sigma_xl_0.9900,0.99,2496.0,35.24225635352544,7.792378466648614,33.801950647437636,25.316823287373573,-0.07653006157768516,-0.06618495464637064,0.05079934326143809,0.5415737581681945
sigma_xl_0.9900,0.99,2497.0,35.256054543279966,7.795812906089616,33.815749972809684,25.327116059635504,-0.07659889343581483,-0.06624572933293749,0.05079930748312185,0.5415781217384551
sigma_xl_0.9900,0.99,2498.0,35.26985269734549,7.799247336475953,33.82954926240447,25.337408805355917,-0.07666776096239403,-0.06630654004814573,0.05079927170688962,0.541582485148804
sigma_xl_0.9900,0.99,2499.0,35.283650815724116,7.802681757808185,33.843348516224076,25.347701524536316,-0.07673666415531244,-0.06636738678984955,0.05079923593274356,0.5415868483992484
sigma_xl_0.9900,0.99,2500.0,35.29744889841792,7.806116170086871,33.8571477342706,25.357994217178216,-0.07680560301248818,-0.06642826955595993,0.05079920016068222,0.5415912114897949
sigma_xl_1.0000,1.0,0.0,0.7069187427695094,-0.8126721363566255,-0.7361328410101233,-0.46097461270699813,0.0,0.0,0.050866666666666664,0.5359999999999999
sigma_xl_1.0000,1.0,1.0,0.7207854094361761,-0.8092054696899589,-0.7222661743434566,-0.4505746127069981,0.0,0.0,0.050866666666666664,0.5359999999999999
sigma_xl_1.0000,1.0,2.0,0.7346520761028428,-0.8057388030232921,-0.7083995076767899,-0.44017461270699815,0.0,0.0,0.050866666666666664,0.5359999999999999
sigma_xl_1.0000,1.0,3.0,0.7485187427695094,-0.8022721363566255,-0.6945328410101234,-0.4297746127069981,0.0,0.0,0.050866666666666664,0.5359999999999999
sigma_xl_1.0000,1.0,4.0,0.762385409436176,-0.7988054696899588,-0.6806661743434567,-0.4193746127069981,0.0,0.0,0.050866666666666664,0.5359999999999999
sigma_xl_1.0000,1.0,5.0,0.7762520761028427,-0.7953388030232922,-0.66679950767679,-0.40897461270699814,0.0,0.0,0.050866666666666664,0.5359999999999999
sigma_xl_1.0000,1.0,6.0,0.7901187427695094,-0.7918721363566255,-0.6529328410101233,-0.3985746127069981,0.0,0.0,0.050866666666666664,0.5359999999999999
sigma_xl_1.0000,1.0,7.0,0.803985409436176,-0.7884054696899588,-0.6390661743434567,-0.38817461270699816,0.0,0.0,0.050866666666666664,0.5359999999999999
sigma_xl_1.0000,1.0,8.0,0.8178520761028427,-0.7849388030232921,-0.62519950767679,-0.37777461270699814,0.0,0.0,0.050866666666666664,0.5359999999999999
sigma_xl_1.0000,1.0,9.0,0.8317187427695094,-0.7814721363566255,-0.6113328410101233,-0.3673746127069981,0.0,0.0,0.050866666666666664,0.5359999999999999
sigma_xl_1.0000,1.0,10.0,0.8455854094361761,-0.7780054696899589,-0.5974661743434566,-0.35697461270699815,0.0,0.0,0.050866666666666664,0.5359999999999999
sigma_xl_1.0000,1.0,11.0,0.8594520761028428,-0.7745388030232921,-0.5835995076767899,-0.34657461270699813,0.0,0.0,0.050866666666666664,0.5359999999999999
sigma_xl_1.0000,1.0,12.0,0.8733187427695094,-0.7710721363566255,-0.5697328410101233,-0.3361746127069981,0.0,0.0,0.050866666666666664,0.5359999999999999
sigma_xl_1.0000,1.0,13.0,0.8871854094361761,-0.7676054696899588,-0.5558661743434566,-0.32577461270699815,0.0,0.0,0.050866666666666664,0.5359999999999999
sigma_xl_1.0000,1.0,14.0,0.9010520761028428,-0.7641388030232922,-0.54199950767679,-0.3153746127069981,0.0,0.0,0.050866666666666664,0.5359999999999999
sigma_xl_1.0000,1.0,15.0,0.9149187427695094,-0.7606721363566255,-0.5281328410101234,-0.3049746127069981,0.0,0.0,0.050866666666666664,0.5359999999999999
sigma_xl_1.0000,1.0,16.0,0.928785409436176,-0.7572054696899588,-0.5142661743434567,-0.29457461270699814,0.0,0.0,0.050866666666666664,0.5359999999999999
sigma_xl_1.0000,1.0,17.0,0.9426520761028427,-0.7537388030232921,-0.50039950767679,-0.2841746127069981,0.0,0.0,0.050866666666666664,0.5359999999999999
sigma_xl_1.0000,1.0,18.0,0.9565187427695094,-0.7502721363566255,-0.4865328410101233,-0.2737746127069981,0.0,0.0,0.050866666666666664,0.5359999999999999
sigma_xl_1.0000,1.0,19.0,0.9703854094361761,-0.7468054696899589,-0.47266617434345665,-0.26337461270699813,0.0,0.0,0.050866666666666664,0.5359999999999999
sigma_xl_1.0000,1.0,20.0,0.9842520761028428,-0.7433388030232921,-0.45879950767678995,-0.2529746127069981,0.0,0.0,0.050866666666666664,0.5359999999999999
sigma_xl_1.0000,1.0,21.0,0.9981187427695094,-0.7398721363566255,-0.4449328410101233,-0.2425746127069981,0.0,0.0,0.050866666666666664,0.5359999999999999
sigma_xl_1.0000,1.0,22.0,1.0119854094361762,-0.7364054696899588,-0.4310661743434566,-0.2321746127069981,0.0,0.0,0.050866666666666664,0.5359999999999999
sigma_xl_1.0000,1.0,23.0,1.0258520761028427,-0.7329388030232922,-0.41719950767679,-0.2217746127069981,0.0,0.0,0.050866666666666664,0.5359999999999999
sigma_xl_1.0000,1.0,24.0,1.0397187427695094,-0.7294721363566254,-0.4033328410101233,-0.2113746127069981,0.0,0.0,0.050866666666666664,0.5359999999999999
sigma_xl_1.0000,1.0,25.0,1.053585409436176,-0.7260054696899588,-0.38946617434345665,-0.20097461270699812,0.0,0.0,0.050866666666666664,0.5359999999999999
sigma_xl_1.0000,1.0,26.0,1.0674520761028428,-0.7225388030232922,-0.37559950767678996,-0.1905746127069981,0.0,0.0,0.050866666666666664,0.5359999999999999
sigma_xl_1.0000,1.0,27.0,1.0813187427695095,-0.7190721363566255,-0.3617328410101233,-0.18017461270699808,0.0,0.0,0.050866666666666664,0.5359999999999999
sigma_xl_1.0000,1.0,28.0,1.0951854094361761,-0.7156054696899589,-0.3478661743434566,-0.16977461270699812,0.0,0.0,0.050866666666666664,0.5359999999999999
sigma_xl_1.0000,1.0,29.0,1.1090520761028428,-0.7121388030232921,-0.33399950767679,-0.1593746127069981,0.0,0.0,0.050866666666666664,0.5359999999999999
sigma_xl_1.0000,1.0,30.0,1.1229187427695093,-0.7086721363566255,-0.3201328410101233,-0.14897461270699808,0.0,0.0,0.050866666666666664,0.5359999999999999
sigma_xl_1.0000,1.0,31.0,1.136785409436176,-0.7052054696899588,-0.30626617434345665,-0.1385746127069981,0.0,0.0,0.050866666666666664,0.5359999999999999
sigma_xl_1.0000,1.0,32.0,1.1506520761028427,-0.7017388030232922,-0.29239950767678996,-0.1281746127069981,0.0,0.0,0.050866666666666664,0.5359999999999999
sigma_xl_1.0000,1.0,33.0,1.1645187427695094,-0.6982721363566254,-0.27853284101012327,-0.11777461270699807,0.0,0.0,0.050866666666666664,0.5359999999999999
sigma_xl_1.0000,1.0,34.0,1.178385409436176,-0.6948054696899588,-0.26466617434345663,-0.10737461270699811,0.0,0.0,0.050866666666666664,0.5359999999999999
sigma_xl_1.0000,1.0,35.0,1.1922520761028428,-0.6913388030232921,-0.25079950767678993,-0.09697461270699809,0.0,0.0,0.050866666666666664,0.5359999999999999
sigma_xl_1.0000,1.0,36.0,1.2061187427695095,-0.6878721363566255,-0.2369328410101233,-0.08657461270699807,0.0,0.0,0.050866666666666664,0.5359999999999999
sigma_xl_1.0000,1.0,37.0,1.219985409436176,-0.6844054696899589,-0.22306617434345666,-0.0761746127069981,0.0,0.0,0.050866666666666664,0.5359999999999999
sigma_xl_1.0000,1.0,38.0,1.2338520761028429,-0.6809388030232921,-0.20919950767678996,-0.06577461270699808,0.0,0.0,0.050866666666666664,0.5359999999999999
sigma_xl_1.0000,1.0,39.0,1.2477187427695093,-0.6774721363566255,-0.19533284101012327,-0.05537461270699806,0.0,0.0,0.050866666666666664,0.5359999999999999
sigma_xl_1.0000,1.0,40.0,1.2615854094361763,-0.6740054696899588,-0.18146617434345658,-0.044974612706998096,0.0,0.0,0.050866666666666664,0.5359999999999999
sigma_xl_1.0000,1.0,41.0,1.2754520761028427,-0.6705388030232922,-0.16759950767679,-0.034574612706998076,0.0,0.0,0.050866666666666664,0.5359999999999999
sigma_xl_1.0000,1.0,42.0,1.2893187427695094,-0.6670721363566254,-0.1537328410101233,-0.024174612706998055,0.0,0.0,0.050866666666666664,0.5359999999999999
sigma_xl_1.0000,1.0,43.0,1.3031854094361761,-0.6636054696899588,-0.1398661743434566,-0.01377461270699809,0.0,0.0,0.050866666666666664,0.5359999999999999
sigma_xl_1.0000,1.0,44.0,1.3170520761028428,-0.6601388030232922,-0.1259995076767899,-0.0033746127069980703,0.0,0.0,0.050866666666666664,0.5359999999999999
sigma_xl_1.0000,1.0,45.0,1.3309187427695095,-0.6566721363566255,-0.11213284101012333,0.00702538729300195,0.0,0.0,0.050866666666666664,0.5359999999999999
sigma_xl_1.0000,1.0,46.0,1.344785409436176,-0.6532054696899589,-0.09826617434345664,0.017425387293001915,0.0,0.0,0.050866666666666664,0.5359999999999999
sigma_xl_1.0000,1.0,47.0,1.3586520761028429,-0.6497388030232921,-0.08439950767678994,0.027825387293001935,0.0,0.0,0.050866666666666664,0.5359999999999999
sigma_xl_1.0000,1.0,48.0,1.3725187427695094,-0.6462721363566255,-0.07053284101012325,0.038225387293001956,0.0,0.0,0.050866666666666664,0.5359999999999999
sigma_xl_1.0000,1.0,49.0,1.3863854094361763,-0.6428054696899588,-0.056666174343456555,0.04862538729300192,0.0,0.0,0.050866666666666664,0.5359999999999999
sigma_xl_1.0000,1.0,50.0,1.4002520761028427,-0.6393388030232922,-0.04279950767678997,0.059025387293001885,0.0,0.0,0.050866666666666664,0.5359999999999999
sigma_xl_1.0000,1.0,51.0,1.4141187427695094,-0.6358721363566255,-0.028932841010123278,0.06942538729300196,0.0,0.0,0.050866666666666664,0.5359999999999999
sigma_xl_1.0000,1.0,52.0,1.4279854094361761,-0.6324054696899588,-0.015066174343456584,0.07982538729300193,0.0,0.0,0.050866666666666664,0.5359999999999999
sigma_xl_1.0000,1.0,53.0,1.4418520761028428,-0.6289388030232921,-0.0011995076767898905,0.09022538729300189,0.0,0.0,0.050866666666666664,0.5359999999999999
sigma_xl_1.0000,1.0,54.0,1.4557187427695095,-0.6254721363566255,0.012667158989876692,0.10062538729300197,0.0,0.0,0.050866666666666664,0.5359999999999999
sigma_xl_1.0000,1.0,55.0,1.469585409436176,-0.6220054696899588,0.026533825656543386,0.11102538729300193,0.0,0.0,0.050866666666666664,0.5359999999999999
sigma_xl_1.0000,1.0,56.0,1.483452076102843,-0.6185388030232921,0.04040049232321008,0.1214253872930019,0.0,0.0,0.050866666666666664,0.5359999999999999
sigma_xl_1.0000,1.0,57.0,1.4973187427695094,-0.6150721363566255,0.054267158989876774,0.13182538729300197,0.0,0.0,0.050866666666666664,0.5359999999999999
sigma_xl_1.0000,1.0,58.0,1.511185409436176,-0.6116054696899589,0.06813382565654336,0.14222538729300194,0.0,0.0,0.050866666666666664,0.5359999999999999
sigma_xl_1.0000,1.0,59.0,1.5250520761028428,-0.6081388030232922,0.08200049232321005,0.1526253872930019,0.0,0.0,0.050866666666666664,0.5359999999999999
sigma_xl_1.0000,1.0,60.0,1.5389187427695095,-0.6046721363566254,0.09586715898987674,0.16302538729300198,0.0,0.0,0.050866666666666664,0.5359999999999999
sigma_xl_1.0000,1.0,61.0,1.5527854094361762,-0.6012054696899588,0.10973382565654344,0.17342538729300194,0.0,0.0,0.050866666666666664,0.5359999999999999
sigma_xl_1.0000,1.0,62.0,1.5666520761028426,-0.5977388030232922,0.12360049232321002,0.1838253872930019,0.0,0.0,0.050866666666666664,0.5359999999999999
sigma_xl_1.0000,1.0,63.0,1.5805187427695095,-0.5942721363566255,0.13746715898987671,0.19422538729300198,0.0,0.0,0.050866666666666664,0.5359999999999999
sigma_xl_1.0000,1.0,64.0,1.594385409436176,-0.5908054696899588,0.1513338256565434,0.20462538729300195,0.0,0.0,0.050866666666666664,0.5359999999999999
sigma_xl_1.0000,1.0,65.0,1.608252076102843,-0.5873388030232921,0.1652004923232101,0.2150253872930019,0.0,0.0,0.050866666666666664,0.5359999999999999
sigma_xl_1.0000,1.0,66.0,1.6221187427695094,-0.5838721363566255,0.1790671589898768,0.225425387293002,0.0,0.0,0.050866666666666664,0.5359999999999999
sigma_xl_1.0000,1.0,67.0,1.635985409436176,-0.5804054696899588,0.19293382565654338,0.23582538729300195,0.0,0.0,0.050866666666666664,0.5359999999999999
sigma_xl_1.0000,1.0,68.0,1.6498520761028428,-0.5769388030232921,0.20680049232321007,0.24622538729300192,0.0,0.0,0.050866666666666664,0.5359999999999999
sigma_xl_1.0000,1.0,69.0,1.6637187427695095,-0.5734721363566255,0.22066715898987677,0.256625387293002,0.0,0.0,0.050866666666666664,0.5359999999999999
sigma_xl_1.0000,1.0,70.0,1.6775854094361762,-0.5700054696899588,0.23453382565654346,0.26702538729300196,0.0,0.0,0.050866666666666664,0.5359999999999999
sigma_xl_1.0000,1.0,71.0,1.6914520761028426,-0.5665388030232922,0.24840049232321004,0.2774253872930019,0.0,0.0,0.050866666666666664,0.5359999999999999
sigma_xl_1.0000,1.0,72.0,1.7053187427695096,-0.5630721363566255,0.26226715898987674,0.287825387293002,0.0,0.0,0.050866666666666664,0.5359999999999999
sigma_xl_1.0000,1.0,73.0,1.719185409436176,-0.5596054696899588,0.2761338256565433,0.29822538729300196,0.0,0.0,0.050866666666666664,0.5359999999999999
sigma_xl_1.0000,1.0,74.0,1.7330520761028427,-0.5561388030232921,0.29000049232321,0.30862538729300193,0.0,0.0,0.050866666666666664,0.5359999999999999
sigma_xl_1.0000,1.0,75.0,1.7469187427695094,-0.5526721363566255,0.3038671589898767,0.319025387293002,0.0,0.0,0.050866666666666664,0.5359999999999999
sigma_xl_1.0000,1.0,76.0,1.7607854094361761,-0.5492054696899589,0.3177338256565434,0.32942538729300197,0.0,0.0,0.050866666666666664,0.5359999999999999
sigma_xl_1.0000,1.0,77.0,1.7746520761028428,-0.5457388030232921,0.3316004923232101,0.33982538729300193,0.0,0.0,0.050866666666666664,0.5359999999999999
sigma_xl_1.0000,1.0,78.0,1.7885187427695095,-0.5422721363566254,0.3454671589898768,0.350225387293002,0.0,0.0,0.050866666666666664,0.5359999999999999
sigma_xl_1.0000,1.0,79.0,1.8023854094361762,-0.5388054696899588,0.3593338256565435,0.360625387293002,0.0,0.0,0.050866666666666664,0.5359999999999999
sigma_xl_1.0000,1.0,80.0,1.816252076102843,-0.5353388030232922,0.3732004923232102,0.37102538729300194,0.0,0.0,0.050866666666666664,0.5359999999999999
sigma_xl_1.0000,1.0,81.0,1.8301187427695096,-0.5318721363566254,0.38706715898987687,0.381425387293002,0.0,0.0,0.050866666666666664,0.5359999999999999
sigma_xl_1.0000,1.0,82.0,1.843985409436176,-0.5284054696899588,0.40093382565654334,0.391825387293002,0.0,0.0,0.050866666666666664,0.5359999999999999
sigma_xl_1.0000,1.0,83.0,1.8578520761028428,-0.5249388030232922,0.41480049232321003,0.40222538729300195,0.0,0.0,0.050866666666666664,0.5359999999999999
sigma_xl_1.0000,1.0,84.0,1.8717187427695094,-0.5214721363566255,0.42866715898987673,0.412625387293002,0.0,0.0,0.050866666666666664,0.5359999999999999
sigma_xl_1.0000,1.0,85.0,1.8855854094361761,-0.5180054696899588,0.4425338256565434,0.423025387293002,0.0,0.0,0.050866666666666664,0.5359999999999999
sigma_xl_1.0000,1.0,86.0,1.8994520761028428,-0.5145388030232921,0.4564004923232101,0.43342538729300195,0.0,0.0,0.050866666666666664,0.5359999999999999
sigma_xl_1.0000,1.0,87.0,1.9133187427695095,-0.5110721363566255,0.4702671589898768,0.443825387293002,0.0,0.0,0.050866666666666664,0.5359999999999999
sigma_xl_1.0000,1.0,88.0,1.9271854094361762,-0.5076054696899588,0.4841338256565435,0.454225387293002,0.0,0.0,0.050866666666666664,0.5359999999999999
sigma_xl_1.0000,1.0,89.0,1.941052076102843,-0.5041388030232921,0.4980004923232102,0.46462538729300196,0.0,0.0,0.050866666666666664,0.5359999999999999
sigma_xl_1.0000,1.0,90.0,1.9549187427695094,-0.5006721363566256,0.5118671589898767,0.47502538729300203,0.0,0.0,0.050866666666666664,0.5359999999999999
sigma_xl_1.0000,1.0,91.0,1.968785409436176,-0.4972054696899588,0.5257338256565434,0.485425387293002,0.0,0.0,0.050866666666666664,0.5359999999999999
sigma_xl_1.0000,1.0,92.0,1.9826520761028428,-0.49373880302329215,0.5396004923232101,0.49582538729300196,0.0,0.0,0.050866666666666664,0.5359999999999999
sigma_xl_1.0000,1.0,93.0,1.9965187427695095,-0.4902721363566255,0.5534671589898768,0.506225387293002,0.0,0.0,0.050866666666666664,0.5359999999999999
sigma_xl_1.0000,1.0,94.0,2.010385409436176,-0.4868054696899588,0.5673338256565434,0.516625387293002,0.0,0.0,0.050866666666666664,0.5359999999999999
sigma_xl_1.0000,1.0,95.0,2.024252076102843,-0.48333880302329213,0.5812004923232101,0.527025387293002,0.0,0.0,0.050866666666666664,0.5359999999999999
sigma_xl_1.0000,1.0,96.0,2.0381187427695098,-0.47987213635662546,0.5950671589898768,0.537425387293002,0.0,0.0,0.050866666666666664,0.5359999999999999
sigma_xl_1.0000,1.0,97.0,2.0519854094361762,-0.4764054696899588,0.6089338256565435,0.547825387293002,0.0,0.0,0.050866666666666664,0.5359999999999999
sigma_xl_1.0000,1.0,98.0,2.0658520761028427,-0.4729388030232921,0.6228004923232102,0.558225387293002,0.0,0.0,0.050866666666666664,0.5359999999999999
sigma_xl_1.0000,1.0,99.0,2.0797187427695096,-0.4694721363566255,0.6366671589898767,0.5686253872930019,0.0,0.0,0.050866666666666664,0.5359999999999999
sigma_xl_1.0000,1.0,100.0,2.093585409436176,-0.4660054696899588,0.6505338256565434,0.5790253872930019,0.0,0.0,0.050866666666666664,0.5359999999999999
sigma_xl_1.0000,1.0,101.0,2.1074520761028426,-0.46253880302329214,0.6644004923232101,0.5894253872930021,0.0,0.0,0.050866666666666664,0.5359999999999999
sigma_xl_1.0000,1.0,102.0,2.1213187427695095,-0.45907213635662547,0.6782671589898768,0.599825387293002,0.0,0.0,0.050866666666666664,0.5359999999999999
sigma_xl_1.0000,1.0,103.0,2.1351854094361764,-0.4556054696899588,0.6921338256565435,0.610225387293002,0.0,0.0,0.050866666666666664,0.5359999999999999
sigma_xl_1.0000,1.0,104.0,2.149052076102843,-0.4521388030232921,0.7060004923232102,0.620625387293002,0.0,0.0,0.050866666666666664,0.5359999999999999
sigma_xl_1.0000,1.0,105.0,2.1629187427695094,-0.44867213635662545,0.7198671589898769,0.631025387293002,0.0,0.0,0.050866666666666664,0.5359999999999999
sigma_xl_1.0000,1.0,106.0,2.1767854094361763,-0.4452054696899588,0.7337338256565435,0.6414253872930019,0.0,0.0,0.050866666666666664,0.5359999999999999
sigma_xl_1.0000,1.0,107.0,2.1906520761028427,-0.44173880302329216,0.74760049232321,0.6518253872930021,0.0,0.0,0.050866666666666664,0.5359999999999999
sigma_xl_1.0000,1.0,108.0,2.204518742769509,-0.4382721363566255,0.7614671589898767,0.6622253872930021,0.0,0.0,0.050866666666666664,0.5359999999999999
sigma_xl_1.0000,1.0,109.0,2.218385409436176,-0.4348054696899588,0.7753338256565434,0.672625387293002,0.0,0.0,0.050866666666666664,0.5359999999999999
sigma_xl_1.0000,1.0,110.0,2.232252076102843,-0.43133880302329214,0.7892004923232101,0.683025387293002,0.0,0.0,0.050866666666666664,0.5359999999999999
sigma_xl_1.0000,1.0,111.0,2.2461187427695095,-0.42787213635662547,0.8030671589898768,0.693425387293002,0.0,0.0,0.050866666666666664,0.5359999999999999
sigma_xl_1.0000,1.0,112.0,2.259985409436176,-0.4244054696899588,0.8169338256565435,0.7038253872930019,0.0,0.0,0.050866666666666664,0.5359999999999999
sigma_xl_1.0000,1.0,113.0,2.273852076102843,-0.4209388030232921,0.8308004923232102,0.7142253872930021,0.0,0.0,0.050866666666666664,0.5359999999999999
sigma_xl_1.0000,1.0,114.0,2.28771874276951,-0.41747213635662545,0.8446671589898769,0.7246253872930021,0.0,0.0,0.050866666666666664,0.5359999999999999
sigma_xl_1.0000,1.0,115.0,2.3015854094361763,-0.41400546968995877,0.8585338256565436,0.735025387293002,0.0,0.0,0.050866666666666664,0.5359999999999999
sigma_xl_1.0000,1.0,116.0,2.3154520761028428,-0.41053880302329215,0.87240049232321,0.745425387293002,0.0,0.0,0.050866666666666664,0.5359999999999999
sigma_xl_1.0000,1.0,117.0,2.3293187427695097,-0.4070721363566255,0.8862671589898767,0.755825387293002,0.0,0.0,0.050866666666666664,0.5359999999999999
sigma_xl_1.0000,1.0,118.0,2.343185409436176,-0.4036054696899588,0.9001338256565434,0.7662253872930019,0.0,0.0,0.050866666666666664,0.5359999999999999
sigma_xl_1.0000,1.0,119.0,2.3570520761028426,-0.40013880302329213,0.9140004923232101,0.7766253872930021,0.0,0.0,0.050866666666666664,0.5359999999999999
sigma_xl_1.0000,1.0,120.0,2.3709187427695095,-0.39667213635662546,0.9278671589898768,0.7870253872930021,0.0,0.0,0.050866666666666664,0.5359999999999999
sigma_xl_1.0000,1.0,121.0,2.3847854094361765,-0.3932054696899588,0.9417338256565435,0.797425387293002,0.0,0.0,0.050866666666666664,0.5359999999999999
sigma_xl_1.0000,1.0,122.0,2.398652076102843,-0.3897388030232921,0.9556004923232102,0.807825387293002,0.0,0.0,0.050866666666666664,0.5359999999999999
sigma_xl_1.0000,1.0,123.0,2.4125187427695094,-0.38627213635662544,0.9694671589898769,0.818225387293002,0.0,0.0,0.050866666666666664,0.5359999999999999
sigma_xl_1.0000,1.0,124.0,2.4263854094361763,-0.3828054696899588,0.9833338256565434,0.828625387293002,0.0,0.0,0.050866666666666664,0.5359999999999999
sigma_xl_1.0000,1.0,125.0,2.440252076102843,-0.37933880302329215,0.9972004923232101,0.8390253872930021,0.0,0.0,0.050866666666666664,0.5359999999999999
sigma_xl_1.0000,1.0,126.0,2.4541187427695093,-0.3758721363566255,1.0110671589898768,0.8494253872930021,0.0,0.0,0.050866666666666664,0.5359999999999999
sigma_xl_1.0000,1.0,127.0,2.467985409436176,-0.3724054696899588,1.0249338256565435,0.8598253872930021,0.0,0.0,0.050866666666666664,0.5359999999999999
sigma_xl_1.0000,1.0,128.0,2.481852076102843,-0.36893880302329213,1.0388004923232101,0.870225387293002,0.0,0.0,0.050866666666666664,0.5359999999999999
sigma_xl_1.0000,1.0,129.0,2.4957187427695096,-0.36547213635662545,1.0526671589898768,0.880625387293002,0.0,0.0,0.050866666666666664,0.5359999999999999
sigma_xl_1.0000,1.0,130.0,2.509585409436176,-0.3620054696899588,1.0665338256565435,0.891025387293002,0.0,0.0,0.050866666666666664,0.5359999999999999
sigma_xl_1.0000,1.0,131.0,2.523452076102843,-0.3585388030232921,1.0804004923232102,0.9014253872930019,0.0,0.0,0.050866666666666664,0.5359999999999999
sigma_xl_1.0000,1.0,132.0,2.53731874276951,-0.35507213635662543,1.094267158989877,0.9118253872930021,0.0,0.0,0.050866666666666664,0.5359999999999999
sigma_xl_1.0000,1.0,133.0,2.551185409436176,-0.3516054696899588,1.1081338256565434,0.9222253872930021,0.0,0.0,0.050866666666666664,0.5359999999999999
sigma_xl_1.0000,1.0,134.0,2.565052076102843,-0.34813880302329214,1.12200049232321,0.932625387293002,0.0,0.0,0.050866666666666664,0.5359999999999999
sigma_xl_1.0000,1.0,135.0,2.5789187427695097,-0.34467213635662547,1.1358671589898768,0.943025387293002,0.0,0.0,0.050866666666666664,0.5359999999999999
sigma_xl_1.0000,1.0,136.0,2.592785409436176,-0.3412054696899588,1.1497338256565435,0.953425387293002,0.0,0.0,0.050866666666666664,0.5359999999999999
sigma_xl_1.0000,1.0,137.0,2.6066520761028427,-0.3377388030232921,1.1636004923232102,0.9638253872930019,0.0,0.0,0.050866666666666664,0.5359999999999999
sigma_xl_1.0000,1.0,138.0,2.6205187427695096,-0.33427213635662545,1.1774671589898769,0.9742253872930021,0.0,0.0,0.050866666666666664,0.5359999999999999
sigma_xl_1.0000,1.0,139.0,2.6343854094361765,-0.3308054696899588,1.1913338256565436,0.9846253872930021,0.0,0.0,0.050866666666666664,0.5359999999999999
sigma_xl_1.0000,1.0,140.0,2.648252076102843,-0.3273388030232921,1.2052004923232102,0.995025387293002,0.0,0.0,0.050866666666666664,0.5359999999999999
sigma_xl_1.0000,1.0,141.0,2.6621187427695094,-0.3238721363566255,1.2190671589898767,1.005425387293002,0.0,0.0,0.050866666666666664,0.5359999999999999
sigma_xl_1.0000,1.0,142.0,2.6759854094361764,-0.3204054696899588,1.2329338256565434,1.015825387293002,0.0,0.0,0.050866666666666664,0.5359999999999999
sigma_xl_1.0000,1.0,143.0,2.689852076102843,-0.31693880302329214,1.24680049232321,1.0262253872930018,0.0,0.0,0.050866666666666664,0.5359999999999999
sigma_xl_1.0000,1.0,144.0,2.7037187427695093,-0.31347213635662546,1.2606671589898768,1.036625387293002,0.0,0.0,0.050866666666666664,0.5359999999999999
sigma_xl_1.0000,1.0,145.0,2.717585409436176,-0.3100054696899588,1.2745338256565435,1.0470253872930022,0.0,0.0,0.050866666666666664,0.5359999999999999
sigma_xl_1.0000,1.0,146.0,2.7314520761028427,-0.3065388030232922,1.28840049232321,1.057425387293002,0.0,0.0,0.050866666666666664,0.5359999999999999
sigma_xl_1.0000,1.0,147.0,2.7453187427695096,-0.30307213635662544,1.3022671589898769,1.0678253872930021,0.0,0.0,0.050866666666666664,0.5359999999999999
sigma_xl_1.0000,1.0,148.0,2.759185409436176,-0.2996054696899588,1.3161338256565434,1.0782253872930019,0.0,0.0,0.050866666666666664,0.5359999999999999
sigma_xl_1.0000,1.0,149.0,2.773052076102843,-0.2961388030232921,1.3300004923232103,1.088625387293002,0.0,0.0,0.050866666666666664,0.5359999999999999
sigma_xl_1.0000,1.0,150.0,2.7869187427695095,-0.2926721363566255,1.3438671589898767,1.0990253872930023,0.0,0.0,0.050866666666666664,0.5359999999999999
sigma_xl_1.0000,1.0,151.0,2.8007854094361764,-0.28920546968995875,1.3577338256565437,1.109425387293002,0.0,0.0,0.050866666666666664,0.5359999999999999
sigma_xl_1.0000,1.0,152.0,2.814652076102843,-0.28573880302329213,1.3716004923232101,1.1198253872930022,0.0,0.0,0.050866666666666664,0.5359999999999999
sigma_xl_1.0000,1.0,153.0,2.8285187427695098,-0.2822721363566254,1.385467158989877,1.130225387293002,0.0,0.0,0.050866666666666664,0.5359999999999999
sigma_xl_1.0000,1.0,154.0,2.8423854094361762,-0.2788054696899588,1.3993338256565435,1.1406253872930021,0.0,0.0,0.050866666666666664,0.5359999999999999
sigma_xl_1.0000,1.0,155.0,2.8562520761028427,-0.27533880302329217,1.41320049232321,1.1510253872930019,0.0,0.0,0.050866666666666664,0.5359999999999999
sigma_xl_1.0000,1.0,156.0,2.8701187427695096,-0.27187213635662544,1.427067158989877,1.161425387293002,0.0,0.0,0.050866666666666664,0.5359999999999999
sigma_xl_1.0000,1.0,157.0,2.883985409436176,-0.2684054696899588,1.4409338256565434,1.1718253872930022,0.0,0.0,0.050866666666666664,0.5359999999999999
sigma_xl_1.0000,1.0,158.0,2.897852076102843,-0.2649388030232921,1.4548004923232103,1.182225387293002,0.0,0.0,0.050866666666666664,0.5359999999999999
sigma_xl_1.0000,1.0,159.0,2.9117187427695095,-0.2614721363566255,1.4686671589898768,1.1926253872930022,0.0,0.0,0.050866666666666664,0.5359999999999999
sigma_xl_1.0000,1.0,160.0,2.9255854094361764,-0.25800546968995874,1.4825338256565437,1.203025387293002,0.0,0.0,0.050866666666666664,0.5359999999999999
sigma_xl_1.0000,1.0,161.0,2.939452076102843,-0.2545388030232921,1.4964004923232102,1.213425387293002,0.0,0.0,0.050866666666666664,0.5359999999999999
sigma_xl_1.0000,1.0,162.0,2.95331874276951,-0.2510721363566254,1.510267158989877,1.2238253872930023,0.0,0.0,0.050866666666666664,0.5359999999999999
sigma_xl_1.0000,1.0,163.0,2.9671854094361763,-0.24760546968995878,1.5241338256565435,1.234225387293002,0.0,0.0,0.050866666666666664,0.5359999999999999
sigma_xl_1.0000,1.0,164.0,2.9810520761028427,-0.24413880302329216,1.53800049232321,1.2446253872930022,0.0,0.0,0.050866666666666664,0.5359999999999999
sigma_xl_1.0000,1.0,165.0,2.9949187427695096,-0.24067213635662543,1.551867158989877,1.255025387293002,0.0,0.0,0.050866666666666664,0.5359999999999999
sigma_xl_1.0000,1.0,166.0,3.008785409436176,-0.23720546968995881,1.5657338256565434,1.2654253872930021,0.0,0.0,0.050866666666666664,0.5359999999999999
sigma_xl_1.0000,1.0,167.0,3.022652076102843,-0.23373880302329209,1.5796004923232103,1.2758253872930019,0.0,0.0,0.050866666666666664,0.5359999999999999
sigma_xl_1.0000,1.0,168.0,3.0365187427695095,-0.23027213635662547,1.5934671589898768,1.286225387293002,0.0,0.0,0.050866666666666664,0.5359999999999999
sigma_xl_1.0000,1.0,169.0,3.0503854094361764,-0.22680546968995874,1.6073338256565437,1.2966253872930023,0.0,0.0,0.050866666666666664,0.5359999999999999
sigma_xl_1.0000,1.0,170.0,3.064252076102843,-0.22333880302329212,1.6212004923232102,1.307025387293002,0.0,0.0,0.050866666666666664,0.5359999999999999
sigma_xl_1.0000,1.0,171.0,3.0781187427695094,-0.2198721363566255,1.6350671589898766,1.3174253872930022,0.0,0.0,0.050866666666666664,0.5359999999999999
sigma_xl_1.0000,1.0,172.0,3.0919854094361763,-0.21640546968995877,1.6489338256565436,1.327825387293002,0.0,0.0,0.050866666666666664,0.5359999999999999
sigma_xl_1.0000,1.0,173.0,3.1058520761028428,-0.21293880302329216,1.66280049232321,1.338225387293002,0.0,0.0,0.050866666666666664,0.5359999999999999
sigma_xl_1.0000,1.0,174.0,3.1197187427695097,-0.20947213635662543,1.676667158989877,1.3486253872930023,0.0,0.0,0.050866666666666664,0.5359999999999999
sigma_xl_1.0000,1.0,175.0,3.133585409436176,-0.2060054696899588,1.6905338256565434,1.359025387293002,0.0,0.0,0.050866666666666664,0.5359999999999999
sigma_xl_1.0000,1.0,176.0,3.147452076102843,-0.20253880302329208,1.7044004923232103,1.3694253872930022,0.0,0.0,0.050866666666666664,0.5359999999999999
sigma_xl_1.0000,1.0,177.0,3.1613187427695095,-0.19907213635662546,1.7182671589898768,1.379825387293002,0.0,0.0,0.050866666666666664,0.5359999999999999
sigma_xl_1.0000,1.0,178.0,3.1751854094361764,-0.19560546968995873,1.7321338256565437,1.3902253872930022,0.0,0.0,0.050866666666666664,0.5359999999999999
sigma_xl_1.0000,1.0,179.0,3.189052076102843,-0.19213880302329212,1.7460004923232102,1.400625387293002,0.0,0.0,0.050866666666666664,0.5359999999999999
sigma_xl_1.0000,1.0,180.0,3.2029187427695094,-0.1886721363566255,1.7598671589898767,1.411025387293002,0.0,0.0,0.050866666666666664,0.5359999999999999
sigma_xl_1.0000,1.0,181.0,3.2167854094361763,-0.18520546968995877,1.7737338256565436,1.4214253872930023,0.0,0.0,0.050866666666666664,0.5359999999999999
sigma_xl_1.0000,1.0,182.0,3.2306520761028428,-0.18173880302329215,1.78760049232321,1.431825387293002,0.0,0.0,0.050866666666666664,0.5359999999999999
sigma_xl_1.0000,1.0,183.0,3.2445187427695097,-0.17827213635662542,1.801467158989877,1.4422253872930022,0.0,0.0,0.050866666666666664,0.5359999999999999
sigma_xl_1.0000,1.0,184.0,3.258385409436176,-0.1748054696899588,1.8153338256565434,1.452625387293002,0.0,0.0,0.050866666666666664,0.5359999999999999
sigma_xl_1.0000,1.0,185.0,3.272252076102843,-0.17133880302329207,1.8292004923232104,1.4630253872930021,0.0,0.0,0.050866666666666664,0.5359999999999999
sigma_xl_1.0000,1.0,186.0,3.2861187427695095,-0.16787213635662546,1.8430671589898768,1.4734253872930023,0.0,0.0,0.050866666666666664,0.5359999999999999
sigma_xl_1.0000,1.0,187.0,3.2999854094361765,-0.16440546968995873,1.8569338256565437,1.483825387293002,0.0,0.0,0.050866666666666664,0.5359999999999999
sigma_xl_1.0000,1.0,188.0,3.313852076102843,-0.1609388030232921,1.8708004923232102,1.4942253872930022,0.0,0.0,0.050866666666666664,0.5359999999999999
sigma_xl_1.0000,1.0,189.0,3.3277187427695094,-0.1574721363566255,1.8846671589898767,1.504625387293002,0.0,0.0,0.050866666666666664,0.5359999999999999
sigma_xl_1.0000,1.0,190.0,3.3415854094361763,-0.15400546968995876,1.8985338256565436,1.5150253872930022,0.0,0.0,0.050866666666666664,0.5359999999999999
sigma_xl_1.0000,1.0,191.0,3.355452076102843,-0.15053880302329214,1.91240049232321,1.525425387293002,0.0,0.0,0.050866666666666664,0.5359999999999999
sigma_xl_1.0000,1.0,192.0,3.3693187427695097,-0.14707213635662542,1.926267158989877,1.535825387293002,0.0,0.0,0.050866666666666664,0.5359999999999999
sigma_xl_1.0000,1.0,193.0,3.383185409436176,-0.1436054696899588,1.9401338256565435,1.5462253872930019,0.0,0.0,0.050866666666666664,0.5359999999999999
sigma_xl_1.0000,1.0,194.0,3.397052076102843,-0.14013880302329207,1.9540004923232104,1.556625387293002,0.0,0.0,0.050866666666666664,0.5359999999999999
sigma_xl_1.0000,1.0,195.0,3.4109187427695096,-0.13667213635662545,1.9678671589898769,1.5670253872930018,0.0,0.0,0.050866666666666664,0.5359999999999999
sigma_xl_1.0000,1.0,196.0,3.4247854094361765,-0.13320546968995872,1.9817338256565438,1.577425387293002,0.0,0.0,0.050866666666666664,0.5359999999999999
sigma_xl_1.0000,1.0,197.0,3.438652076102843,-0.1297388030232921,1.9956004923232102,1.5878253872930022,0.0,0.0,0.050866666666666664,0.5359999999999999
sigma_xl_1.0000,1.0,198.0,3.4525187427695094,-0.1262721363566255,2.0094671589898767,1.598225387293002,0.0,0.0,0.050866666666666664,0.5359999999999999
sigma_xl_1.0000,1.0,199.0,3.4663854094361763,-0.12280546968995876,2.0233338256565436,1.608625387293002,0.0,0.0,0.050866666666666664,0.5359999999999999
sigma_xl_1.0000,1.0,200.0,3.480252076102843,-0.11933880302329214,2.03720049232321,1.6190253872930018,0.0,0.0,0.050866666666666664,0.5359999999999999
sigma_xl_1.0000,1.0,201.0,3.4941187427695097,-0.11587213635662541,2.051067158989877,1.629425387293002,0.0,0.0,0.050866666666666664,0.5359999999999999
sigma_xl_1.0000,1.0,202.0,3.507985409436176,-0.11240546968995879,2.0649338256565435,1.6398253872930022,0.0,0.0,0.050866666666666664,0.5359999999999999
sigma_xl_1.0000,1.0,203.0,3.521852076102843,-0.10893880302329206,2.0788004923232104,1.650225387293002,0.0,0.0,0.050866666666666664,0.5359999999999999
sigma_xl_1.0000,1.0,204.0,3.5357187427695096,-0.10547213635662545,2.092667158989877,1.6606253872930021,0.0,0.0,0.050866666666666664,0.5359999999999999
sigma_xl_1.0000,1.0,205.0,3.549585409436176,-0.10200546968995883,2.1065338256565433,1.6710253872930019,0.0,0.0,0.050866666666666664,0.5359999999999999
sigma_xl_1.0000,1.0,206.0,3.563452076102843,-0.0985388030232921,2.1204004923232103,1.681425387293002,0.0,0.0,0.050866666666666664,0.5359999999999999
sigma_xl_1.0000,1.0,207.0,3.5773187427695095,-0.09507213635662548,2.1342671589898767,1.6918253872930018,0.0,0.0,0.050866666666666664,0.5359999999999999
sigma_xl_1.0000,1.0,208.0,3.5911854094361764,-0.09160546968995875,2.1481338256565436,1.702225387293002,0.0,0.0,0.050866666666666664,0.5359999999999999
sigma_xl_1.0000,1.0,209.0,3.605052076102843,-0.08813880302329213,2.16200049232321,1.7126253872930022,0.0,0.0,0.050866666666666664,0.5359999999999999
sigma_xl_1.0000,1.0,210.0,3.6189187427695098,-0.0846721363566254,2.175867158989877,1.723025387293002,0.0,0.0,0.050866666666666664,0.5359999999999999
sigma_xl_1.0000,1.0,211.0,3.6327854094361762,-0.08120546968995879,2.1897338256565435,1.733425387293002,0.0,0.0,0.050866666666666664,0.5359999999999999
sigma_xl_1.0000,1.0,212.0,3.646652076102843,-0.07773880302329206,2.2036004923232104,1.7438253872930018,0.0,0.0,0.050866666666666664,0.5359999999999999
sigma_xl_1.0000,1.0,213.0,3.6605187427695096,-0.07427213635662544,2.217467158989877,1.754225387293002,0.0,0.0,0.050866666666666664,0.5359999999999999
sigma_xl_1.0000,1.0,214.0,3.674385409436176,-0.07080546968995882,2.2313338256565434,1.7646253872930022,0.0,0.0,0.050866666666666664,0.5359999999999999
sigma_xl_1.0000,1.0,215.0,3.688252076102843,-0.0673388030232921,2.2452004923232103,1.775025387293002,0.0,0.0,0.050866666666666664,0.5359999999999999
sigma_xl_1.0000,1.0,216.0,3.7021187427695095,-0.06387213635662548,2.2590671589898768,1.7854253872930022,0.0,0.0,0.050866666666666664,0.5359999999999999
sigma_xl_1.0000,1.0,217.0,3.7159854094361764,-0.060405469689958746,2.2729338256565437,1.795825387293002,0.0,0.0,0.050866666666666664,0.5359999999999999
sigma_xl_1.0000,1.0,218.0,3.729852076102843,-0.05693880302329213,2.28680049232321,1.806225387293002,0.0,0.0,0.050866666666666664,0.5359999999999999
sigma_xl_1.0000,1.0,219.0,3.7437187427695098,-0.0534721363566254,2.300667158989877,1.8166253872930018,0.0,0.0,0.050866666666666664,0.5359999999999999
sigma_xl_1.0000,1.0,220.0,3.7575854094361762,-0.05000546968995878,2.3145338256565435,1.827025387293002,0.0,0.0,0.050866666666666664,0.5359999999999999
sigma_xl_1.0000,1.0,221.0,3.771452076102843,-0.04653880302329205,2.3284004923232104,1.8374253872930022,0.0,0.0,0.050866666666666664,0.5359999999999999
sigma_xl_1.0000,1.0,222.0,3.7853187427695096,-0.043072136356625434,2.342267158989877,1.847825387293002,0.0,0.0,0.050866666666666664,0.5359999999999999
sigma_xl_1.0000,1.0,223.0,3.799185409436176,-0.03960546968995882,2.3561338256565434,1.8582253872930021,0.0,0.0,0.050866666666666664,0.5359999999999999
sigma_xl_1.0000,1.0,224.0,3.813052076102843,-0.03613880302329209,2.3700004923232103,1.8686253872930019,0.0,0.0,0.050866666666666664,0.5359999999999999
sigma_xl_1.0000,1.0,225.0,3.8269187427695095,-0.03267213635662547,2.3838671589898768,1.879025387293002,0.0,0.0,0.050866666666666664,0.5359999999999999
sigma_xl_1.0000,1.0,226.0,3.8407854094361764,-0.02920546968995874,2.3977338256565437,1.8894253872930022,0.0,0.0,0.050866666666666664,0.5359999999999999
sigma_xl_1.0000,1.0,227.0,3.854652076102843,-0.025738803023292123,2.41160049232321,1.899825387293002,0.0,0.0,0.050866666666666664,0.5359999999999999
sigma_xl_1.0000,1.0,228.0,3.86851874276951,-0.022272136356625394,2.425467158989877,1.9102253872930022,0.0,0.0,0.050866666666666664,0.5359999999999999
sigma_xl_1.0000,1.0,229.0,3.8823854094361763,-0.018805469689958776,2.4393338256565436,1.920625387293002,0.0,0.0,0.050866666666666664,0.5359999999999999
sigma_xl_1.0000,1.0,230.0,3.896252076102843,-0.015338803023292047,2.4532004923232105,1.931025387293002,0.0,0.0,0.050866666666666664,0.5359999999999999
sigma_xl_1.0000,1.0,231.0,3.9101187427695097,-0.011872136356625429,2.467067158989877,1.9414253872930018,0.0,0.0,0.050866666666666664,0.5359999999999999
sigma_xl_1.0000,1.0,232.0,3.923985409436176,-0.008405469689958811,2.4809338256565434,1.951825387293002,0.0,0.0,0.050866666666666664,0.5359999999999999
sigma_xl_1.0000,1.0,233.0,3.937852076102843,-0.004938803023292082,2.4948004923232103,1.9622253872930022,0.0,0.0,0.050866666666666664,0.5359999999999999
sigma_xl_1.0000,1.0,234.0,3.9517187427695095,-0.0014721363566254642,2.508667158989877,1.972625387293002,0.0,0.0,0.050866666666666664,0.5359999999999999
sigma_xl_1.0000,1.0,235.0,3.9655854094361764,0.001994530310041265,2.5225338256565437,1.9830253872930022,0.0,0.0,0.050866666666666664,0.5359999999999999
sigma_xl_1.0000,1.0,236.0,3.979452076102843,0.005461196976707883,2.53640049232321,1.993425387293002,0.0,0.0,0.050866666666666664,0.5359999999999999
sigma_xl_1.0000,1.0,237.0,3.99331874276951,0.008927863643374612,2.550267158989877,2.003825387293002,0.0,0.0,0.050866666666666664,0.5359999999999999
sigma_xl_1.0000,1.0,238.0,4.007185409436176,0.01239453031004123,2.5641338256565436,2.0142253872930023,0.0,0.0,0.050866666666666664,0.5359999999999999
sigma_xl_1.0000,1.0,239.0,4.021052076102842,0.015861196976707848,2.57800049232321,2.024625387293002,0.0,0.0,0.050866666666666664,0.5359999999999999
sigma_xl_1.0000,1.0,240.0,4.034918742769509,0.019327863643374577,2.591867158989877,2.035025387293002,0.0,0.0,0.050866666666666664,0.5359999999999999
sigma_xl_1.0000,1.0,241.0,4.048785409436176,0.022794530310041194,2.6057338256565434,2.045425387293002,0.0,0.0,0.050866666666666664,0.5359999999999999
sigma_xl_1.0000,1.0,242.0,4.062652076102843,0.026261196976707923,2.6196004923232104,2.055825387293002,0.0,0.0,0.050866666666666664,0.5359999999999999
sigma_xl_1.0000,1.0,243.0,4.07651874276951,0.02972786364337454,2.633467158989877,2.066225387293002,0.0,0.0,0.050866666666666664,0.5359999999999999
sigma_xl_1.0000,1.0,244.0,4.090385409436177,0.03319453031004127,2.6473338256565437,2.076625387293002,0.0,0.0,0.050866666666666664,0.5359999999999999
sigma_xl_1.0000,1.0,245.0,4.104252076102843,0.03666119697670789,2.66120049232321,2.0870253872930022,0.0,0.0,0.050866666666666664,0.5359999999999999
sigma_xl_1.0000,1.0,246.0,4.11811874276951,0.04012786364337462,2.675067158989877,2.097425387293002,0.0,0.0,0.050866666666666664,0.5359999999999999
sigma_xl_1.0000,1.0,247.0,4.131985409436176,0.043594530310041235,2.6889338256565436,2.107825387293002,0.0,0.0,0.050866666666666664,0.5359999999999999
sigma_xl_1.0000,1.0,248.0,4.145852076102843,0.04706119697670785,2.70280049232321,2.118225387293002,0.0,0.0,0.050866666666666664,0.5359999999999999
sigma_xl_1.0000,1.0,249.0,4.15971874276951,0.05052786364337458,2.716667158989877,2.128625387293002,0.0,0.0,0.050866666666666664,0.5359999999999999
sigma_xl_1.0000,1.0,250.0,4.173585409436177,0.0539945303100412,2.7305338256565435,2.1390253872930023,0.0,0.0,0.050866666666666664,0.5359999999999999
sigma_xl_1.0000,1.0,251.0,4.1874520761028435,0.05746119697670793,2.7444004923232104,2.149425387293002,0.0,0.0,0.050866666666666664,0.5359999999999999
sigma_xl_1.0000,1.0,252.0,4.20131874276951,0.06092786364337455,2.758267158989877,2.159825387293002,0.0,0.0,0.050866666666666664,0.5359999999999999
sigma_xl_1.0000,1.0,253.0,4.2151854094361765,0.06439453031004128,2.7721338256565438,2.170225387293002,0.0,0.0,0.050866666666666664,0.5359999999999999
sigma_xl_1.0000,1.0,254.0,4.2290520761028425,0.0678611969767079,2.7860004923232102,2.180625387293002,0.0,0.0,0.050866666666666664,0.5359999999999999
sigma_xl_1.0000,1.0,255.0,4.242918742769509,0.07132786364337462,2.799867158989877,2.191025387293002,0.0,0.0,0.050866666666666664,0.5359999999999999
sigma_xl_1.0000,1.0,256.0,4.256785409436176,0.07479453031004124,2.8137338256565436,2.201425387293002,0.0,0.0,0.050866666666666664,0.5359999999999999
sigma_xl_1.0000,1.0,257.0,4.270652076102843,0.07826119697670786,2.82760049232321,2.2118253872930023,0.0,0.0,0.050866666666666664,0.5359999999999999
sigma_xl_1.0000,1.0,258.0,4.28451874276951,0.08172786364337459,2.841467158989877,2.222225387293002,0.0,0.0,0.050866666666666664,0.5359999999999999
sigma_xl_1.0000,1.0,259.0,4.298385409436176,0.0851945303100412,2.8553338256565435,2.232625387293002,0.0,0.0,0.050866666666666664,0.5359999999999999
sigma_xl_1.0000,1.0,260.0,4.312252076102843,0.08866119697670793,2.8692004923232104,2.243025387293002,0.0,0.0,0.050866666666666664,0.5359999999999999
sigma_xl_1.0000,1.0,261.0,4.326118742769509,0.09212786364337455,2.883067158989877,2.253425387293002,0.0,0.0,0.050866666666666664,0.5359999999999999
sigma_xl_1.0000,1.0,262.0,4.339985409436176,0.09559453031004128,2.896933825656544,2.263825387293002,0.0,0.0,0.050866666666666664,0.5359999999999999
sigma_xl_1.0000,1.0,263.0,4.353852076102843,0.0990611969767079,2.9108004923232103,2.274225387293002,0.0,0.0,0.050866666666666664,0.5359999999999999
sigma_xl_1.0000,1.0,264.0,4.36771874276951,0.10252786364337463,2.924667158989877,2.2846253872930022,0.0,0.0,0.050866666666666664,0.5359999999999999
sigma_xl_1.0000,1.0,265.0,4.381585409436177,0.10599453031004125,2.9385338256565436,2.295025387293002,0.0,0.0,0.050866666666666664,0.5359999999999999
sigma_xl_1.0000,1.0,266.0,4.395452076102843,0.10946119697670786,2.95240049232321,2.305425387293002,0.0,0.0,0.050866666666666664,0.5359999999999999
sigma_xl_1.0000,1.0,267.0,4.40931874276951,0.11292786364337459,2.966267158989877,2.315825387293002,0.0,0.0,0.050866666666666664,0.5359999999999999
sigma_xl_1.0000,1.0,268.0,4.423185409436176,0.11639453031004121,2.9801338256565435,2.326225387293002,0.0,0.0,0.050866666666666664,0.5359999999999999
sigma_xl_1.0000,1.0,269.0,4.437052076102843,0.11986119697670794,2.9940004923232104,2.3366253872930023,0.0,0.0,0.050866666666666664,0.5359999999999999
sigma_xl_1.0000,1.0,270.0,4.45091874276951,0.12332786364337456,3.007867158989877,2.347025387293002,0.0,0.0,0.050866666666666664,0.5359999999999999
sigma_xl_1.0000,1.0,271.0,4.4647854094361765,0.1267945303100413,3.021733825656544,2.357425387293002,0.0,0.0,0.050866666666666664,0.5359999999999999
sigma_xl_1.0000,1.0,272.0,4.478652076102843,0.1302611969767079,3.0356004923232103,2.367825387293002,0.0,0.0,0.050866666666666664,0.5359999999999999
sigma_xl_1.0000,1.0,273.0,4.49251874276951,0.13372786364337463,3.049467158989877,2.378225387293002,0.0,0.0,0.050866666666666664,0.5359999999999999
sigma_xl_1.0000,1.0,274.0,4.506385409436176,0.13719453031004125,3.0633338256565437,2.388625387293002,0.0,0.0,0.050866666666666664,0.5359999999999999
sigma_xl_1.0000,1.0,275.0,4.520252076102842,0.14066119697670787,3.07720049232321,2.399025387293002,0.0,0.0,0.050866666666666664,0.5359999999999999
sigma_xl_1.0000,1.0,276.0,4.534118742769509,0.1441278636433746,3.091067158989877,2.4094253872930023,0.0,0.0,0.050866666666666664,0.5359999999999999
sigma_xl_1.0000,1.0,277.0,4.547985409436176,0.14759453031004122,3.1049338256565435,2.419825387293002,0.0,0.0,0.050866666666666664,0.5359999999999999
sigma_xl_1.0000,1.0,278.0,4.561852076102843,0.15106119697670795,3.1188004923232104,2.430225387293002,0.0,0.0,0.050866666666666664,0.5359999999999999
sigma_xl_1.0000,1.0,279.0,4.57571874276951,0.15452786364337456,3.132667158989877,2.440625387293002,0.0,0.0,0.050866666666666664,0.5359999999999999
sigma_xl_1.0000,1.0,280.0,4.589585409436177,0.1579945303100413,3.146533825656544,2.451025387293002,0.0,0.0,0.050866666666666664,0.5359999999999999
sigma_xl_1.0000,1.0,281.0,4.603452076102843,0.1614611969767079,3.1604004923232103,2.4614253872930023,0.0,0.0,0.050866666666666664,0.5359999999999999
sigma_xl_1.0000,1.0,282.0,4.617318742769509,0.16492786364337453,3.1742671589898768,2.471825387293002,0.0,0.0,0.050866666666666664,0.5359999999999999
sigma_xl_1.0000,1.0,283.0,4.631185409436176,0.16839453031004126,3.1881338256565437,2.4822253872930022,0.0,0.0,0.050866666666666664,0.5359999999999999
sigma_xl_1.0000,1.0,284.0,4.645052076102843,0.17186119697670788,3.20200049232321,2.492625387293002,0.0,0.0,0.050866666666666664,0.5359999999999999
sigma_xl_1.0000,1.0,285.0,4.65891874276951,0.1753278636433746,3.215867158989877,2.503025387293002,0.0,0.0,0.050866666666666664,0.5359999999999999
sigma_xl_1.0000,1.0,286.0,4.672785409436177,0.17879453031004122,3.2297338256565435,2.513425387293002,0.0,0.0,0.050866666666666664,0.5359999999999999
sigma_xl_1.0000,1.0,287.0,4.686652076102844,0.18226119697670795,3.2436004923232105,2.523825387293002,0.0,0.0,0.050866666666666664,0.5359999999999999
sigma_xl_1.0000,1.0,288.0,4.70051874276951,0.18572786364337457,3.257467158989877,2.5342253872930023,0.0,0.0,0.050866666666666664,0.5359999999999999
sigma_xl_1.0000,1.0,289.0,4.714385409436176,0.1891945303100412,3.2713338256565434,2.544625387293002,0.0,0.0,0.050866666666666664,0.5359999999999999
sigma_xl_1.0000,1.0,290.0,4.728252076102843,0.19266119697670792,3.2852004923232103,2.555025387293002,0.0,0.0,0.050866666666666664,0.5359999999999999
sigma_xl_1.0000,1.0,291.0,4.7421187427695095,0.19612786364337464,3.2990671589898772,2.565425387293002,0.0,0.0,0.050866666666666664,0.5359999999999999
sigma_xl_1.0000,1.0,292.0,4.755985409436176,0.19959453031004115,3.3129338256565433,2.575825387293002,0.0,0.0,0.050866666666666664,0.5359999999999999
sigma_xl_1.0000,1.0,293.0,4.769852076102843,0.20306119697670788,3.32680049232321,2.5862253872930023,0.0,0.0,0.050866666666666664,0.5359999999999999
sigma_xl_1.0000,1.0,294.0,4.78371874276951,0.2065278636433746,3.340667158989877,2.596625387293002,0.0,0.0,0.050866666666666664,0.5359999999999999
sigma_xl_1.0000,1.0,295.0,4.797585409436177,0.20999453031004134,3.354533825656544,2.6070253872930023,0.0,0.0,0.050866666666666664,0.5359999999999999
sigma_xl_1.0000,1.0,296.0,4.811452076102842,0.21346119697670785,3.36840049232321,2.617425387293002,0.0,0.0,0.050866666666666664,0.5359999999999999
sigma_xl_1.0000,1.0,297.0,4.825318742769509,0.21692786364337457,3.382267158989877,2.627825387293002,0.0,0.0,0.050866666666666664,0.5359999999999999
sigma_xl_1.0000,1.0,298.0,4.839185409436176,0.2203945303100413,3.396133825656544,2.638225387293002,0.0,0.0,0.050866666666666664,0.5359999999999999
sigma_xl_1.0000,1.0,299.0,4.853052076102843,0.2238611969767078,3.41000049232321,2.648625387293002,0.0,0.0,0.050866666666666664,0.5359999999999999
sigma_xl_1.0000,1.0,300.0,4.86691874276951,0.22732786364337454,3.423867158989877,2.6590253872930023,0.0,0.0,0.050866666666666664,0.5359999999999999
sigma_xl_1.0000,1.0,301.0,4.880785409436177,0.23079453031004127,3.4377338256565437,2.669425387293002,0.0,0.0,0.050866666666666664,0.5359999999999999
sigma_xl_1.0000,1.0,302.0,4.894652076102844,0.234261196976708,3.4516004923232106,2.6798253872930022,0.0,0.0,0.050866666666666664,0.5359999999999999
sigma_xl_1.0000,1.0,303.0,4.908518742769509,0.2377278636433745,3.4654671589898767,2.690225387293002,0.0,0.0,0.050866666666666664,0.5359999999999999
sigma_xl_1.0000,1.0,304.0,4.922385409436176,0.24119453031004123,3.4793338256565436,2.700625387293002,0.0,0.0,0.050866666666666664,0.5359999999999999
sigma_xl_1.0000,1.0,305.0,4.936252076102843,0.24466119697670796,3.4932004923232105,2.7110253872930024,0.0,0.0,0.050866666666666664,0.5359999999999999
sigma_xl_1.0000,1.0,306.0,4.95011874276951,0.2481278636433747,3.5070671589898774,2.721425387293002,0.0,0.0,0.050866666666666664,0.5359999999999999
sigma_xl_1.0000,1.0,307.0,4.963985409436177,0.2515945303100412,3.5209338256565434,2.7318253872930023,0.0,0.0,0.050866666666666664,0.5359999999999999
sigma_xl_1.0000,1.0,308.0,4.9778520761028435,0.2550611969767079,3.5348004923232104,2.742225387293002,0.0,0.0,0.050866666666666664,0.5359999999999999
sigma_xl_1.0000,1.0,309.0,4.99171874276951,0.25852786364337466,3.5486671589898773,2.752625387293002,0.0,0.0,0.050866666666666664,0.5359999999999999
sigma_xl_1.0000,1.0,310.0,5.005585409436176,0.26199453031004116,3.5625338256565433,2.763025387293002,0.0,0.0,0.050866666666666664,0.5359999999999999
sigma_xl_1.0000,1.0,311.0,5.0194520761028425,0.2654611969767079,3.5764004923232102,2.773425387293002,0.0,0.0,0.050866666666666664,0.5359999999999999
sigma_xl_1.0000,1.0,312.0,5.033318742769509,0.2689278636433746,3.590267158989877,2.7838253872930023,0.0,0.0,0.050866666666666664,0.5359999999999999
sigma_xl_1.0000,1.0,313.0,5.047185409436176,0.27239453031004135,3.604133825656544,2.794225387293002,0.0,0.0,0.050866666666666664,0.5359999999999999
sigma_xl_1.0000,1.0,314.0,5.061052076102843,0.27586119697670786,3.61800049232321,2.8046253872930023,0.0,0.0,0.050866666666666664,0.5359999999999999
sigma_xl_1.0000,1.0,315.0,5.07491874276951,0.2793278636433746,3.631867158989877,2.815025387293002,0.0,0.0,0.050866666666666664,0.5359999999999999
sigma_xl_1.0000,1.0,316.0,5.088785409436177,0.2827945303100413,3.645733825656544,2.825425387293002,0.0,0.0,0.050866666666666664,0.5359999999999999
sigma_xl_1.0000,1.0,317.0,5.102652076102842,0.2862611969767078,3.65960049232321,2.8358253872930024,0.0,0.0,0.050866666666666664,0.5359999999999999
sigma_xl_1.0000,1.0,318.0,5.116518742769509,0.28972786364337455,3.673467158989877,2.846225387293002,0.0,0.0,0.050866666666666664,0.5359999999999999
sigma_xl_1.0000,1.0,319.0,5.130385409436176,0.2931945303100413,3.6873338256565438,2.8566253872930023,0.0,0.0,0.050866666666666664,0.5359999999999999
sigma_xl_1.0000,1.0,320.0,5.144252076102843,0.296661196976708,3.7012004923232107,2.867025387293002,0.0,0.0,0.050866666666666664,0.5359999999999999
sigma_xl_1.0000,1.0,321.0,5.15811874276951,0.3001278636433745,3.7150671589898767,2.8774253872930022,0.0,0.0,0.050866666666666664,0.5359999999999999
sigma_xl_1.0000,1.0,322.0,5.171985409436177,0.30359453031004124,3.7289338256565436,2.887825387293002,0.0,0.0,0.050866666666666664,0.5359999999999999
sigma_xl_1.0000,1.0,323.0,5.185852076102844,0.307061196976708,3.7428004923232105,2.898225387293002,0.0,0.0,0.050866666666666664,0.5359999999999999
sigma_xl_1.0000,1.0,324.0,5.199718742769511,0.3105278636433747,3.7566671589898775,2.9086253872930024,0.0,0.0,0.050866666666666664,0.5359999999999999
sigma_xl_1.0000,1.0,325.0,5.213585409436176,0.3139945303100412,3.7705338256565435,2.919025387293002,0.0,0.0,0.050866666666666664,0.5359999999999999
sigma_xl_1.0000,1.0,326.0,5.227452076102843,0.31746119697670794,3.7844004923232104,2.9294253872930023,0.0,0.0,0.050866666666666664,0.5359999999999999
sigma_xl_1.0000,1.0,327.0,5.24131874276951,0.32092786364337467,3.7982671589898773,2.939825387293002,0.0,0.0,0.050866666666666664,0.5359999999999999
sigma_xl_1.0000,1.0,328.0,5.2551854094361765,0.3243945303100412,3.8121338256565434,2.950225387293002,0.0,0.0,0.050866666666666664,0.5359999999999999
sigma_xl_1.0000,1.0,329.0,5.269052076102843,0.3278611969767079,3.8260004923232103,2.960625387293002,0.0,0.0,0.050866666666666664,0.5359999999999999
sigma_xl_1.0000,1.0,330.0,5.28291874276951,0.33132786364337463,3.839867158989877,2.971025387293002,0.0,0.0,0.050866666666666664,0.5359999999999999
sigma_xl_1.0000,1.0,331.0,5.296785409436177,0.33479453031004136,3.853733825656544,2.9814253872930023,0.0,0.0,0.050866666666666664,0.5359999999999999
sigma_xl_1.0000,1.0,332.0,5.310652076102842,0.33826119697670787,3.86760049232321,2.991825387293002,0.0,0.0,0.050866666666666664,0.5359999999999999
sigma_xl_1.0000,1.0,333.0,5.324518742769509,0.3417278636433746,3.881467158989877,3.0022253872930023,0.0,0.0,0.050866666666666664,0.5359999999999999
sigma_xl_1.0000,1.0,334.0,5.338385409436176,0.3451945303100413,3.895333825656544,3.012625387293002,0.0,0.0,0.050866666666666664,0.5359999999999999
sigma_xl_1.0000,1.0,335.0,5.352252076102843,0.34866119697670783,3.90920049232321,3.023025387293002,0.0,0.0,0.050866666666666664,0.5359999999999999
sigma_xl_1.0000,1.0,336.0,5.36611874276951,0.35212786364337456,3.923067158989877,3.0334253872930024,0.0,0.0,0.050866666666666664,0.5359999999999999
sigma_xl_1.0000,1.0,337.0,5.379985409436177,0.3555945303100413,3.936933825656544,3.043825387293002,0.0,0.0,0.050866666666666664,0.5359999999999999
sigma_xl_1.0000,1.0,338.0,5.393852076102844,0.359061196976708,3.9508004923232107,3.0542253872930023,0.0,0.0,0.050866666666666664,0.5359999999999999
sigma_xl_1.0000,1.0,339.0,5.407718742769509,0.3625278636433745,3.9646671589898768,3.064625387293002,0.0,0.0,0.050866666666666664,0.5359999999999999
sigma_xl_1.0000,1.0,340.0,5.421585409436176,0.36599453031004126,3.9785338256565437,3.0750253872930022,0.0,0.0,0.050866666666666664,0.5359999999999999
sigma_xl_1.0000,1.0,341.0,5.435452076102843,0.369461196976708,3.9924004923232106,3.085425387293002,0.0,0.0,0.050866666666666664,0.5359999999999999
sigma_xl_1.0000,1.0,342.0,5.44931874276951,0.3729278636433745,4.006267158989877,3.095825387293002,0.0,0.0,0.050866666666666664,0.5359999999999999
sigma_xl_1.0000,1.0,343.0,5.463185409436177,0.3763945303100412,4.0201338256565435,3.1062253872930023,0.0,0.0,0.050866666666666664,0.5359999999999999
sigma_xl_1.0000,1.0,344.0,5.477052076102844,0.37986119697670795,4.0340004923232105,3.116625387293002,0.0,0.0,0.050866666666666664,0.5359999999999999
sigma_xl_1.0000,1.0,345.0,5.4909187427695105,0.3833278636433747,4.047867158989877,3.1270253872930023,0.0,0.0,0.050866666666666664,0.5359999999999999
sigma_xl_1.0000,1.0,346.0,5.504785409436176,0.3867945303100412,4.061733825656543,3.137425387293002,0.0,0.0,0.050866666666666664,0.5359999999999999
sigma_xl_1.0000,1.0,347.0,5.518652076102843,0.3902611969767079,4.07560049232321,3.147825387293002,0.0,0.0,0.050866666666666664,0.5359999999999999
sigma_xl_1.0000,1.0,348.0,5.5325187427695095,0.39372786364337464,4.089467158989877,3.1582253872930024,0.0,0.0,0.050866666666666664,0.5359999999999999
sigma_xl_1.0000,1.0,349.0,5.546385409436176,0.39719453031004137,4.103333825656544,3.168625387293002,0.0,0.0,0.050866666666666664,0.5359999999999999
sigma_xl_1.0000,1.0,350.0,5.560252076102843,0.4006611969767079,4.11720049232321,3.1790253872930023,0.0,0.0,0.050866666666666664,0.5359999999999999
sigma_xl_1.0000,1.0,351.0,5.57411874276951,0.4041278636433746,4.131067158989877,3.189425387293002,0.0,0.0,0.050866666666666664,0.5359999999999999
sigma_xl_1.0000,1.0,352.0,5.587985409436177,0.40759453031004134,4.144933825656544,3.1998253872930023,0.0,0.0,0.050866666666666664,0.5359999999999999
sigma_xl_1.0000,1.0,353.0,5.601852076102842,0.41106119697670784,4.15880049232321,3.210225387293002,0.0,0.0,0.050866666666666664,0.5359999999999999
sigma_xl_1.0000,1.0,354.0,5.615718742769509,0.4145278636433746,4.172667158989877,3.220625387293002,0.0,0.0,0.050866666666666664,0.5359999999999999
sigma_xl_1.0000,1.0,355.0,5.629585409436176,0.4179945303100413,4.186533825656544,3.2310253872930024,0.0,0.0,0.050866666666666664,0.5359999999999999
sigma_xl_1.0000,1.0,356.0,5.643452076102843,0.42146119697670803,4.200400492323211,3.241425387293002,0.0,0.0,0.050866666666666664,0.5359999999999999
sigma_xl_1.0000,1.0,357.0,5.65731874276951,0.42492786364337454,4.214267158989877,3.2518253872930023,0.0,0.0,0.050866666666666664,0.5359999999999999
sigma_xl_1.0000,1.0,358.0,5.671185409436177,0.42839453031004127,4.228133825656544,3.262225387293002,0.0,0.0,0.050866666666666664,0.5359999999999999
sigma_xl_1.0000,1.0,359.0,5.685052076102844,0.431861196976708,4.242000492323211,3.2726253872930022,0.0,0.0,0.050866666666666664,0.5359999999999999
sigma_xl_1.0000,1.0,360.0,5.698918742769509,0.4353278636433745,4.255867158989877,3.2830253872930024,0.0,0.0,0.050866666666666664,0.5359999999999999
sigma_xl_1.0000,1.0,361.0,5.712785409436176,0.43879453031004123,4.269733825656544,3.293425387293002,0.0,0.0,0.050866666666666664,0.5359999999999999
sigma_xl_1.0000,1.0,362.0,5.726652076102843,0.44226119697670796,4.2836004923232105,3.3038253872930023,0.0,0.0,0.050866666666666664,0.5359999999999999
sigma_xl_1.0000,1.0,363.0,5.74051874276951,0.4457278636433747,4.297467158989877,3.314225387293002,0.0,0.0,0.050866666666666664,0.5359999999999999
sigma_xl_1.0000,1.0,364.0,5.754385409436177,0.4491945303100412,4.311333825656543,3.3246253872930023,0.0,0.0,0.050866666666666664,0.5359999999999999
sigma_xl_1.0000,1.0,365.0,5.7682520761028435,0.4526611969767079,4.32520049232321,3.335025387293002,0.0,0.0,0.050866666666666664,0.5359999999999999
sigma_xl_1.0000,1.0,366.0,5.78211874276951,0.45612786364337465,4.339067158989877,3.345425387293002,0.0,0.0,0.050866666666666664,0.5359999999999999
sigma_xl_1.0000,1.0,367.0,5.795985409436176,0.45959453031004116,4.352933825656543,3.3558253872930024,0.0,0.0,0.050866666666666664,0.5359999999999999
sigma_xl_1.0000,1.0,368.0,5.8098520761028425,0.4630611969767079,4.36680049232321,3.366225387293002,0.0,0.0,0.050866666666666664,0.5359999999999999
sigma_xl_1.0000,1.0,369.0,5.823718742769509,0.4665278636433746,4.380667158989877,3.3766253872930023,0.0,0.0,0.050866666666666664,0.5359999999999999
sigma_xl_1.0000,1.0,370.0,5.837585409436176,0.46999453031004135,4.394533825656544,3.387025387293002,0.0,0.0,0.050866666666666664,0.5359999999999999
sigma_xl_1.0000,1.0,371.0,5.851452076102843,0.47346119697670785,4.40840049232321,3.3974253872930023,0.0,0.0,0.050866666666666664,0.5359999999999999
sigma_xl_1.0000,1.0,372.0,5.86531874276951,0.4769278636433746,4.422267158989877,3.4078253872930024,0.0,0.0,0.050866666666666664,0.5359999999999999
sigma_xl_1.0000,1.0,373.0,5.879185409436177,0.4803945303100413,4.436133825656544,3.418225387293002,0.0,0.0,0.050866666666666664,0.5359999999999999
sigma_xl_1.0000,1.0,374.0,5.893052076102844,0.48386119697670804,4.450000492323211,3.4286253872930024,0.0,0.0,0.050866666666666664,0.5359999999999999
sigma_xl_1.0000,1.0,375.0,5.906918742769509,0.48732786364337455,4.463867158989877,3.439025387293002,0.0,0.0,0.050866666666666664,0.5359999999999999
sigma_xl_1.0000,1.0,376.0,5.920785409436176,0.4907945303100413,4.477733825656544,3.4494253872930023,0.0,0.0,0.050866666666666664,0.5359999999999999
sigma_xl_1.0000,1.0,377.0,5.934652076102843,0.494261196976708,4.491600492323211,3.459825387293002,0.0,0.0,0.050866666666666664,0.5359999999999999
sigma_xl_1.0000,1.0,378.0,5.94851874276951,0.4977278636433745,4.505467158989877,3.4702253872930022,0.0,0.0,0.050866666666666664,0.5359999999999999
sigma_xl_1.0000,1.0,379.0,5.962385409436177,0.5011945303100412,4.519333825656544,3.4806253872930024,0.0,0.0,0.050866666666666664,0.5359999999999999
sigma_xl_1.0000,1.0,380.0,5.976252076102844,0.504661196976708,4.5332004923232105,3.491025387293002,0.0,0.0,0.050866666666666664,0.5359999999999999
sigma_xl_1.0000,1.0,381.0,5.990118742769511,0.5081278636433747,4.5470671589898775,3.5014253872930023,0.0,0.0,0.050866666666666664,0.5359999999999999
sigma_xl_1.0000,1.0,382.0,6.003985409436176,0.5115945303100412,4.5609338256565435,3.511825387293002,0.0,0.0,0.050866666666666664,0.5359999999999999
sigma_xl_1.0000,1.0,383.0,6.017852076102843,0.5150611969767079,4.57480049232321,3.5222253872930023,0.0,0.0,0.050866666666666664,0.5359999999999999
sigma_xl_1.0000,1.0,384.0,6.03171874276951,0.5185278636433747,4.588667158989877,3.5326253872930025,0.0,0.0,0.050866666666666664,0.5359999999999999
sigma_xl_1.0000,1.0,385.0,6.0455854094361765,0.5219945303100412,4.602533825656543,3.543025387293002,0.0,0.0,0.050866666666666664,0.5359999999999999
sigma_xl_1.0000,1.0,386.0,6.059452076102843,0.5254611969767079,4.61640049232321,3.553425387293002,0.0,0.0,0.050866666666666664,0.5359999999999999
sigma_xl_1.0000,1.0,387.0,6.07331874276951,0.5289278636433746,4.630267158989877,3.5638253872930026,0.0,0.0,0.050866666666666664,0.5359999999999999
sigma_xl_1.0000,1.0,388.0,6.087185409436177,0.5323945303100414,4.644133825656544,3.5742253872930023,0.0,0.0,0.050866666666666664,0.5359999999999999
sigma_xl_1.0000,1.0,389.0,6.101052076102842,0.5358611969767079,4.65800049232321,3.584625387293002,0.0,0.0,0.050866666666666664,0.5359999999999999
sigma_xl_1.0000,1.0,390.0,6.114918742769509,0.5393278636433746,4.671867158989877,3.595025387293002,0.0,0.0,0.050866666666666664,0.5359999999999999
sigma_xl_1.0000,1.0,391.0,6.128785409436176,0.5427945303100413,4.685733825656544,3.6054253872930024,0.0,0.0,0.050866666666666664,0.5359999999999999
sigma_xl_1.0000,1.0,392.0,6.142652076102843,0.546261196976708,4.699600492323211,3.615825387293002,0.0,0.0,0.050866666666666664,0.5359999999999999
sigma_xl_1.0000,1.0,393.0,6.15651874276951,0.5497278636433746,4.713467158989877,3.626225387293002,0.0,0.0,0.050866666666666664,0.5359999999999999
sigma_xl_1.0000,1.0,394.0,6.170385409436177,0.5531945303100413,4.727333825656544,3.6366253872930026,0.0,0.0,0.050866666666666664,0.5359999999999999
sigma_xl_1.0000,1.0,395.0,6.184252076102844,0.556661196976708,4.741200492323211,3.6470253872930023,0.0,0.0,0.050866666666666664,0.5359999999999999
sigma_xl_1.0000,1.0,396.0,6.198118742769509,0.5601278636433745,4.755067158989877,3.657425387293002,0.0,0.0,0.050866666666666664,0.5359999999999999
sigma_xl_1.0000,1.0,397.0,6.211985409436176,0.5635945303100413,4.768933825656544,3.6678253872930027,0.0,0.0,0.050866666666666664,0.5359999999999999
sigma_xl_1.0000,1.0,398.0,6.225852076102843,0.567061196976708,4.782800492323211,3.6782253872930024,0.0,0.0,0.050866666666666664,0.5359999999999999
sigma_xl_1.0000,1.0,399.0,6.23971874276951,0.5705278636433747,4.7966671589898775,3.688625387293002,0.0,0.0,0.050866666666666664,0.5359999999999999
sigma_xl_1.0000,1.0,400.0,6.253585409436177,0.5739945303100412,4.8105338256565435,3.699025387293002,0.0,0.0,0.050866666666666664,0.5359999999999999
sigma_xl_1.0000,1.0,401.0,6.267452076102844,0.577461196976708,4.82440049232321,3.7094253872930025,0.0,0.0,0.050866666666666664,0.5359999999999999
sigma_xl_1.0000,1.0,402.0,6.2813187427695105,0.5809278636433747,4.838267158989877,3.7198253872930023,0.0,0.0,0.050866666666666664,0.5359999999999999
sigma_xl_1.0000,1.0,403.0,6.295185409436176,0.5843945303100412,4.852133825656543,3.730225387293002,0.0,0.0,0.050866666666666664,0.5359999999999999
sigma_xl_1.0000,1.0,404.0,6.309052076102843,0.5878611969767079,4.86600049232321,3.7406253872930026,0.0,0.0,0.050866666666666664,0.5359999999999999
sigma_xl_1.0000,1.0,405.0,6.3229187427695095,0.5913278636433746,4.879867158989877,3.7510253872930024,0.0,0.0,0.050866666666666664,0.5359999999999999
sigma_xl_1.0000,1.0,406.0,6.336785409436176,0.5947945303100414,4.893733825656544,3.761425387293002,0.0,0.0,0.050866666666666664,0.5359999999999999
sigma_xl_1.0000,1.0,407.0,6.350652076102843,0.5982611969767079,4.90760049232321,3.771825387293002,0.0,0.0,0.050866666666666664,0.5359999999999999
sigma_xl_1.0000,1.0,408.0,6.36451874276951,0.6017278636433746,4.921467158989877,3.7822253872930025,0.0,0.0,0.050866666666666664,0.5359999999999999
sigma_xl_1.0000,1.0,409.0,6.378385409436177,0.6051945303100413,4.935333825656544,3.7926253872930022,0.0,0.0,0.050866666666666664,0.5359999999999999
sigma_xl_1.0000,1.0,410.0,6.392252076102842,0.6086611969767078,4.94920049232321,3.803025387293002,0.0,0.0,0.050866666666666664,0.5359999999999999
sigma_xl_1.0000,1.0,411.0,6.406118742769509,0.6121278636433746,4.963067158989877,3.8134253872930026,0.0,0.0,0.050866666666666664,0.5359999999999999
sigma_xl_1.0000,1.0,412.0,6.419985409436176,0.6155945303100413,4.976933825656544,3.8238253872930024,0.0,0.0,0.050866666666666664,0.5359999999999999
sigma_xl_1.0000,1.0,413.0,6.433852076102843,0.619061196976708,4.990800492323211,3.834225387293002,0.0,0.0,0.050866666666666664,0.5359999999999999
sigma_xl_1.0000,1.0,414.0,6.44771874276951,0.6225278636433745,5.004667158989877,3.844625387293002,0.0,0.0,0.050866666666666664,0.5359999999999999
sigma_xl_1.0000,1.0,415.0,6.461585409436177,0.6259945303100413,5.018533825656544,3.8550253872930025,0.0,0.0,0.050866666666666664,0.5359999999999999
sigma_xl_1.0000,1.0,416.0,6.475452076102844,0.629461196976708,5.032400492323211,3.8654253872930022,0.0,0.0,0.050866666666666664,0.5359999999999999
sigma_xl_1.0000,1.0,417.0,6.489318742769511,0.6329278636433747,5.0462671589898775,3.875825387293002,0.0,0.0,0.050866666666666664,0.5359999999999999
sigma_xl_1.0000,1.0,418.0,6.503185409436176,0.6363945303100412,5.060133825656544,3.8862253872930026,0.0,0.0,0.050866666666666664,0.5359999999999999
sigma_xl_1.0000,1.0,419.0,6.517052076102843,0.639861196976708,5.0740004923232105,3.8966253872930023,0.0,0.0,0.050866666666666664,0.5359999999999999
sigma_xl_1.0000,1.0,420.0,6.53091874276951,0.6433278636433747,5.087867158989877,3.907025387293002,0.0,0.0,0.050866666666666664,0.5359999999999999
sigma_xl_1.0000,1.0,421.0,6.544785409436177,0.6467945303100412,5.101733825656543,3.9174253872930027,0.0,0.0,0.050866666666666664,0.5359999999999999
sigma_xl_1.0000,1.0,422.0,6.5586520761028435,0.6502611969767079,5.11560049232321,3.9278253872930025,0.0,0.0,0.050866666666666664,0.5359999999999999
sigma_xl_1.0000,1.0,423.0,6.57251874276951,0.6537278636433747,5.129467158989877,3.938225387293002,0.0,0.0,0.050866666666666664,0.5359999999999999
sigma_xl_1.0000,1.0,424.0,6.586385409436177,0.6571945303100414,5.143333825656544,3.948625387293002,0.0,0.0,0.050866666666666664,0.5359999999999999
sigma_xl_1.0000,1.0,425.0,6.6002520761028425,0.6606611969767079,5.15720049232321,3.9590253872930026,0.0,0.0,0.050866666666666664,0.5359999999999999
sigma_xl_1.0000,1.0,426.0,6.614118742769509,0.6641278636433746,5.171067158989877,3.9694253872930023,0.0,0.0,0.050866666666666664,0.5359999999999999
sigma_xl_1.0000,1.0,427.0,6.627985409436176,0.6675945303100413,5.184933825656544,3.979825387293002,0.0,0.0,0.050866666666666664,0.5359999999999999
sigma_xl_1.0000,1.0,428.0,6.641852076102843,0.6710611969767079,5.19880049232321,3.9902253872930027,0.0,0.0,0.050866666666666664,0.5359999999999999
sigma_xl_1.0000,1.0,429.0,6.65571874276951,0.6745278636433746,5.212667158989877,4.000625387293002,0.0,0.0,0.050866666666666664,0.5359999999999999
sigma_xl_1.0000,1.0,430.0,6.669585409436177,0.6779945303100413,5.226533825656544,4.011025387293002,0.0,0.0,0.050866666666666664,0.5359999999999999
sigma_xl_1.0000,1.0,431.0,6.683452076102844,0.681461196976708,5.240400492323211,4.021425387293002,0.0,0.0,0.050866666666666664,0.5359999999999999
sigma_xl_1.0000,1.0,432.0,6.697318742769509,0.6849278636433745,5.254267158989877,4.0318253872930025,0.0,0.0,0.050866666666666664,0.5359999999999999
sigma_xl_1.0000,1.0,433.0,6.711185409436176,0.6883945303100413,5.268133825656544,4.042225387293002,0.0,0.0,0.050866666666666664,0.5359999999999999
sigma_xl_1.0000,1.0,434.0,6.725052076102843,0.691861196976708,5.282000492323211,4.052625387293002,0.0,0.0,0.050866666666666664,0.5359999999999999
sigma_xl_1.0000,1.0,435.0,6.73891874276951,0.6953278636433747,5.295867158989878,4.063025387293003,0.0,0.0,0.050866666666666664,0.5359999999999999
sigma_xl_1.0000,1.0,436.0,6.752785409436177,0.6987945303100412,5.309733825656544,4.073425387293002,0.0,0.0,0.050866666666666664,0.5359999999999999
sigma_xl_1.0000,1.0,437.0,6.766652076102844,0.702261196976708,5.3236004923232105,4.083825387293002,0.0,0.0,0.050866666666666664,0.5359999999999999
sigma_xl_1.0000,1.0,438.0,6.780518742769511,0.7057278636433747,5.3374671589898774,4.094225387293002,0.0,0.0,0.050866666666666664,0.5359999999999999
sigma_xl_1.0000,1.0,439.0,6.794385409436176,0.7091945303100412,5.3513338256565435,4.1046253872930025,0.0,0.0,0.050866666666666664,0.5359999999999999
sigma_xl_1.0000,1.0,440.0,6.808252076102843,0.7126611969767079,5.36520049232321,4.115025387293002,0.0,0.0,0.050866666666666664,0.5359999999999999
sigma_xl_1.0000,1.0,441.0,6.82211874276951,0.7161278636433747,5.379067158989877,4.125425387293002,0.0,0.0,0.050866666666666664,0.5359999999999999
sigma_xl_1.0000,1.0,442.0,6.8359854094361765,0.7195945303100414,5.392933825656544,4.135825387293003,0.0,0.0,0.050866666666666664,0.5359999999999999
sigma_xl_1.0000,1.0,443.0,6.849852076102843,0.7230611969767079,5.40680049232321,4.146225387293002,0.0,0.0,0.050866666666666664,0.5359999999999999
sigma_xl_1.0000,1.0,444.0,6.86371874276951,0.7265278636433746,5.420667158989877,4.156625387293002,0.0,0.0,0.050866666666666664,0.5359999999999999
sigma_xl_1.0000,1.0,445.0,6.877585409436177,0.7299945303100414,5.434533825656544,4.167025387293003,0.0,0.0,0.050866666666666664,0.5359999999999999
sigma_xl_1.0000,1.0,446.0,6.891452076102842,0.7334611969767079,5.44840049232321,4.1774253872930025,0.0,0.0,0.050866666666666664,0.5359999999999999
sigma_xl_1.0000,1.0,447.0,6.905318742769509,0.7369278636433746,5.462267158989877,4.187825387293002,0.0,0.0,0.050866666666666664,0.5359999999999999
sigma_xl_1.0000,1.0,448.0,6.919185409436176,0.7403945303100413,5.476133825656544,4.198225387293002,0.0,0.0,0.050866666666666664,0.5359999999999999
sigma_xl_1.0000,1.0,449.0,6.933052076102843,0.743861196976708,5.490000492323211,4.208625387293003,0.0,0.0,0.050866666666666664,0.5359999999999999
sigma_xl_1.0000,1.0,450.0,6.94691874276951,0.7473278636433746,5.503867158989877,4.219025387293002,0.0,0.0,0.050866666666666664,0.5359999999999999
sigma_xl_1.0000,1.0,451.0,6.960785409436177,0.7507945303100413,5.517733825656544,4.229425387293002,0.0,0.0,0.050866666666666664,0.5359999999999999
sigma_xl_1.0000,1.0,452.0,6.974652076102844,0.754261196976708,5.531600492323211,4.239825387293003,0.0,0.0,0.050866666666666664,0.5359999999999999
sigma_xl_1.0000,1.0,453.0,6.988518742769509,0.7577278636433745,5.545467158989877,4.2502253872930025,0.0,0.0,0.050866666666666664,0.5359999999999999
sigma_xl_1.0000,1.0,454.0,7.002385409436176,0.7611945303100413,5.559333825656544,4.260625387293002,0.0,0.0,0.050866666666666664,0.5359999999999999
sigma_xl_1.0000,1.0,455.0,7.016252076102843,0.764661196976708,5.573200492323211,4.271025387293002,0.0,0.0,0.050866666666666664,0.5359999999999999
sigma_xl_1.0000,1.0,456.0,7.03011874276951,0.7681278636433747,5.5870671589898775,4.281425387293003,0.0,0.0,0.050866666666666664,0.5359999999999999
sigma_xl_1.0000,1.0,457.0,7.043985409436177,0.7715945303100412,5.6009338256565435,4.291825387293002,0.0,0.0,0.050866666666666664,0.5359999999999999
sigma_xl_1.0000,1.0,458.0,7.057852076102844,0.775061196976708,5.61480049232321,4.302225387293002,0.0,0.0,0.050866666666666664,0.5359999999999999
sigma_xl_1.0000,1.0,459.0,7.0717187427695105,0.7785278636433747,5.628667158989877,4.312625387293003,0.0,0.0,0.050866666666666664,0.5359999999999999
sigma_xl_1.0000,1.0,460.0,7.085585409436177,0.7819945303100414,5.642533825656544,4.3230253872930025,0.0,0.0,0.050866666666666664,0.5359999999999999
sigma_xl_1.0000,1.0,461.0,7.099452076102843,0.7854611969767079,5.65640049232321,4.333425387293002,0.0,0.0,0.050866666666666664,0.5359999999999999
sigma_xl_1.0000,1.0,462.0,7.1133187427695095,0.7889278636433746,5.670267158989877,4.343825387293002,0.0,0.0,0.050866666666666664,0.5359999999999999
sigma_xl_1.0000,1.0,463.0,7.127185409436176,0.7923945303100414,5.684133825656544,4.354225387293003,0.0,0.0,0.050866666666666664,0.5359999999999999
sigma_xl_1.0000,1.0,464.0,7.141052076102843,0.7958611969767079,5.69800049232321,4.364625387293002,0.0,0.0,0.050866666666666664,0.5359999999999999
sigma_xl_1.0000,1.0,465.0,7.15491874276951,0.7993278636433746,5.711867158989877,4.375025387293002,0.0,0.0,0.050866666666666664,0.5359999999999999
sigma_xl_1.0000,1.0,466.0,7.168785409436177,0.8027945303100413,5.725733825656544,4.385425387293003,0.0,0.0,0.050866666666666664,0.5359999999999999
sigma_xl_1.0000,1.0,467.0,7.182652076102844,0.8062611969767081,5.739600492323211,4.395825387293002,0.0,0.0,0.050866666666666664,0.5359999999999999
sigma_xl_1.0000,1.0,468.0,7.196518742769509,0.8097278636433746,5.753467158989877,4.406225387293002,0.0,0.0,0.050866666666666664,0.5359999999999999
sigma_xl_1.0000,1.0,469.0,7.210385409436176,0.8131945303100413,5.767333825656544,4.416625387293002,0.0,0.0,0.050866666666666664,0.5359999999999999
sigma_xl_1.0000,1.0,470.0,7.224252076102843,0.816661196976708,5.781200492323211,4.4270253872930025,0.0,0.0,0.050866666666666664,0.5359999999999999
sigma_xl_1.0000,1.0,471.0,7.23811874276951,0.8201278636433745,5.795067158989877,4.437425387293002,0.0,0.0,0.050866666666666664,0.5359999999999999
sigma_xl_1.0000,1.0,472.0,7.251985409436177,0.8235945303100413,5.808933825656544,4.447825387293002,0.0,0.0,0.050866666666666664,0.5359999999999999
sigma_xl_1.0000,1.0,473.0,7.265852076102844,0.827061196976708,5.822800492323211,4.458225387293003,0.0,0.0,0.050866666666666664,0.5359999999999999
sigma_xl_1.0000,1.0,474.0,7.279718742769511,0.8305278636433747,5.8366671589898775,4.468625387293002,0.0,0.0,0.050866666666666664,0.5359999999999999
sigma_xl_1.0000,1.0,475.0,7.293585409436176,0.8339945303100412,5.850533825656544,4.479025387293002,0.0,0.0,0.050866666666666664,0.5359999999999999
sigma_xl_1.0000,1.0,476.0,7.307452076102843,0.837461196976708,5.8644004923232105,4.489425387293003,0.0,0.0,0.050866666666666664,0.5359999999999999
sigma_xl_1.0000,1.0,477.0,7.32131874276951,0.8409278636433747,5.878267158989877,4.4998253872930025,0.0,0.0,0.050866666666666664,0.5359999999999999
sigma_xl_1.0000,1.0,478.0,7.335185409436177,0.8443945303100412,5.892133825656543,4.510225387293002,0.0,0.0,0.050866666666666664,0.5359999999999999
sigma_xl_1.0000,1.0,479.0,7.3490520761028435,0.8478611969767079,5.90600049232321,4.520625387293002,0.0,0.0,0.050866666666666664,0.5359999999999999
sigma_xl_1.0000,1.0,480.0,7.36291874276951,0.8513278636433746,5.919867158989877,4.531025387293003,0.0,0.0,0.050866666666666664,0.5359999999999999
sigma_xl_1.0000,1.0,481.0,7.376785409436177,0.8547945303100414,5.933733825656544,4.541425387293002,0.0,0.0,0.050866666666666664,0.5359999999999999
sigma_xl_1.0000,1.0,482.0,7.3906520761028425,0.8582611969767079,5.94760049232321,4.551825387293002,0.0,0.0,0.050866666666666664,0.5359999999999999
sigma_xl_1.0000,1.0,483.0,7.404518742769509,0.8617278636433746,5.961467158989877,4.562225387293003,0.0,0.0,0.050866666666666664,0.5359999999999999
sigma_xl_1.0000,1.0,484.0,7.418385409436176,0.8651945303100413,5.975333825656544,4.5726253872930025,0.0,0.0,0.050866666666666664,0.5359999999999999
sigma_xl_1.0000,1.0,485.0,7.432252076102843,0.8686611969767081,5.989200492323211,4.583025387293002,0.0,0.0,0.050866666666666664,0.5359999999999999
sigma_xl_1.0000,1.0,486.0,7.44611874276951,0.8721278636433746,6.003067158989877,4.593425387293002,0.0,0.0,0.050866666666666664,0.5359999999999999
sigma_xl_1.0000,1.0,487.0,7.459985409436177,0.8755945303100413,6.016933825656544,4.603825387293003,0.0,0.0,0.050866666666666664,0.5359999999999999
sigma_xl_1.0000,1.0,488.0,7.473852076102844,0.879061196976708,6.030800492323211,4.614225387293002,0.0,0.0,0.050866666666666664,0.5359999999999999
sigma_xl_1.0000,1.0,489.0,7.487718742769509,0.8825278636433745,6.044667158989877,4.624625387293002,0.0,0.0,0.050866666666666664,0.5359999999999999
sigma_xl_1.0000,1.0,490.0,7.501585409436176,0.8859945303100413,6.058533825656544,4.635025387293003,0.0,0.0,0.050866666666666664,0.5359999999999999
sigma_xl_1.0000,1.0,491.0,7.515452076102843,0.889461196976708,6.072400492323211,4.6454253872930025,0.0,0.0,0.050866666666666664,0.5359999999999999
sigma_xl_1.0000,1.0,492.0,7.52931874276951,0.8929278636433747,6.086267158989878,4.655825387293002,0.0,0.0,0.050866666666666664,0.5359999999999999
sigma_xl_1.0000,1.0,493.0,7.543185409436177,0.8963945303100412,6.100133825656544,4.666225387293002,0.0,0.0,0.050866666666666664,0.5359999999999999
sigma_xl_1.0000,1.0,494.0,7.557052076102844,0.899861196976708,6.1140004923232105,4.676625387293003,0.0,0.0,0.050866666666666664,0.5359999999999999
sigma_xl_1.0000,1.0,495.0,7.570918742769511,0.9033278636433747,6.127867158989877,4.687025387293002,0.0,0.0,0.050866666666666664,0.5359999999999999
sigma_xl_1.0000,1.0,496.0,7.584785409436176,0.9067945303100412,6.1417338256565435,4.697425387293002,0.0,0.0,0.050866666666666664,0.5359999999999999
sigma_xl_1.0000,1.0,497.0,7.598652076102843,0.9102611969767079,6.15560049232321,4.707825387293003,0.0,0.0,0.050866666666666664,0.5359999999999999
sigma_xl_1.0000,1.0,498.0,7.61251874276951,0.9137278636433747,6.169467158989877,4.7182253872930024,0.0,0.0,0.050866666666666664,0.5359999999999999
sigma_xl_1.0000,1.0,499.0,7.6263854094361765,0.9171945303100414,6.183333825656544,4.728625387293002,0.0,0.0,0.050866666666666664,0.5359999999999999
sigma_xl_1.0000,1.0,500.0,7.640252076102843,0.9206611969767079,6.19720049232321,4.739025387293003,0.0,0.0,0.050866666666666664,0.5359999999999999
sigma_xl_1.0000,1.0,501.0,7.65411874276951,0.9241278636433746,6.211067158989877,4.749425387293003,0.0,0.0,0.050866666666666664,0.5359999999999999
sigma_xl_1.0000,1.0,502.0,7.667985409436177,0.9275945303100414,6.224933825656544,4.759825387293002,0.0,0.0,0.050866666666666664,0.5359999999999999
sigma_xl_1.0000,1.0,503.0,7.681852076102844,0.9310611969767081,6.238800492323211,4.770225387293002,0.0,0.0,0.050866666666666664,0.5359999999999999
sigma_xl_1.0000,1.0,504.0,7.695718742769509,0.9345278636433746,6.252667158989877,4.780625387293003,0.0,0.0,0.050866666666666664,0.5359999999999999
sigma_xl_1.0000,1.0,505.0,7.709585409436176,0.9379945303100413,6.266533825656544,4.791025387293002,0.0,0.0,0.050866666666666664,0.5359999999999999
sigma_xl_1.0000,1.0,506.0,7.723452076102843,0.941461196976708,6.280400492323211,4.801425387293002,0.0,0.0,0.050866666666666664,0.5359999999999999
sigma_xl_1.0000,1.0,507.0,7.73731874276951,0.9449278636433746,6.294267158989877,4.811825387293003,0.0,0.0,0.050866666666666664,0.5359999999999999
sigma_xl_1.0000,1.0,508.0,7.751185409436177,0.9483945303100413,6.308133825656544,4.8222253872930025,0.0,0.0,0.050866666666666664,0.5359999999999999
sigma_xl_1.0000,1.0,509.0,7.765052076102844,0.951861196976708,6.322000492323211,4.832625387293002,0.0,0.0,0.050866666666666664,0.5359999999999999
sigma_xl_1.0000,1.0,510.0,7.778918742769511,0.9553278636433747,6.335867158989878,4.843025387293002,0.0,0.0,0.050866666666666664,0.5359999999999999
sigma_xl_1.0000,1.0,511.0,7.792785409436176,0.9587945303100412,6.349733825656544,4.853425387293003,0.0,0.0,0.050866666666666664,0.5359999999999999
sigma_xl_1.0000,1.0,512.0,7.806652076102843,0.962261196976708,6.363600492323211,4.863825387293002,0.0,0.0,0.050866666666666664,0.5359999999999999
sigma_xl_1.0000,1.0,513.0,7.82051874276951,0.9657278636433747,6.3774671589898775,4.874225387293002,0.0,0.0,0.050866666666666664,0.5359999999999999
sigma_xl_1.0000,1.0,514.0,7.834385409436177,0.9691945303100412,6.3913338256565435,4.884625387293003,0.0,0.0,0.050866666666666664,0.5359999999999999
sigma_xl_1.0000,1.0,515.0,7.848252076102844,0.9726611969767079,6.40520049232321,4.8950253872930025,0.0,0.0,0.050866666666666664,0.5359999999999999
sigma_xl_1.0000,1.0,516.0,7.8621187427695105,0.9761278636433747,6.419067158989877,4.905425387293002,0.0,0.0,0.050866666666666664,0.5359999999999999
sigma_xl_1.0000,1.0,517.0,7.875985409436177,0.9795945303100414,6.432933825656544,4.915825387293002,0.0,0.0,0.050866666666666664,0.5359999999999999
sigma_xl_1.0000,1.0,518.0,7.889852076102843,0.9830611969767079,6.44680049232321,4.926225387293003,0.0,0.0,0.050866666666666664,0.5359999999999999
sigma_xl_1.0000,1.0,519.0,7.9037187427695095,0.9865278636433746,6.460667158989877,4.936625387293002,0.0,0.0,0.050866666666666664,0.5359999999999999
sigma_xl_1.0000,1.0,520.0,7.917585409436176,0.9899945303100414,6.474533825656544,4.947025387293002,0.0,0.0,0.050866666666666664,0.5359999999999999
sigma_xl_1.0000,1.0,521.0,7.931452076102843,0.9934611969767079,6.48840049232321,4.957425387293003,0.0,0.0,0.050866666666666664,0.5359999999999999
sigma_xl_1.0000,1.0,522.0,7.94531874276951,0.9969278636433746,6.502267158989877,4.9678253872930025,0.0,0.0,0.050866666666666664,0.5359999999999999
sigma_xl_1.0000,1.0,523.0,7.959185409436177,1.0003945303100412,6.516133825656544,4.978225387293002,0.0,0.0,0.050866666666666664,0.5359999999999999
sigma_xl_1.0000,1.0,524.0,7.973052076102844,1.003861196976708,6.530000492323211,4.988625387293002,0.0,0.0,0.050866666666666664,0.5359999999999999
sigma_xl_1.0000,1.0,525.0,7.986918742769509,1.0073278636433747,6.543867158989877,4.999025387293003,0.0,0.0,0.050866666666666664,0.5359999999999999
sigma_xl_1.0000,1.0,526.0,8.000785409436176,1.0107945303100414,6.557733825656544,5.009425387293002,0.0,0.0,0.050866666666666664,0.5359999999999999
sigma_xl_1.0000,1.0,527.0,8.014652076102843,1.0142611969767081,6.571600492323211,5.019825387293002,0.0,0.0,0.050866666666666664,0.5359999999999999
sigma_xl_1.0000,1.0,528.0,8.02851874276951,1.0177278636433749,6.585467158989878,5.030225387293003,0.0,0.0,0.050866666666666664,0.5359999999999999
sigma_xl_1.0000,1.0,529.0,8.042385409436177,1.0211945303100411,6.599333825656544,5.0406253872930025,0.0,0.0,0.050866666666666664,0.5359999999999999
sigma_xl_1.0000,1.0,530.0,8.056252076102844,1.0246611969767079,6.613200492323211,5.051025387293002,0.0,0.0,0.050866666666666664,0.5359999999999999
sigma_xl_1.0000,1.0,531.0,8.07011874276951,1.0281278636433746,6.6270671589898775,5.061425387293003,0.0,0.0,0.050866666666666664,0.5359999999999999
sigma_xl_1.0000,1.0,532.0,8.083985409436176,1.0315945303100413,6.6409338256565436,5.071825387293003,0.0,0.0,0.050866666666666664,0.5359999999999999
sigma_xl_1.0000,1.0,533.0,8.097852076102843,1.035061196976708,6.6548004923232105,5.082225387293002,0.0,0.0,0.050866666666666664,0.5359999999999999
sigma_xl_1.0000,1.0,534.0,8.11171874276951,1.0385278636433748,6.668667158989877,5.092625387293002,0.0,0.0,0.050866666666666664,0.5359999999999999
sigma_xl_1.0000,1.0,535.0,8.125585409436177,1.0419945303100415,6.682533825656544,5.103025387293003,0.0,0.0,0.050866666666666664,0.5359999999999999
sigma_xl_1.0000,1.0,536.0,8.139452076102843,1.0454611969767078,6.69640049232321,5.1134253872930024,0.0,0.0,0.050866666666666664,0.5359999999999999
sigma_xl_1.0000,1.0,537.0,8.15331874276951,1.0489278636433745,6.710267158989877,5.123825387293002,0.0,0.0,0.050866666666666664,0.5359999999999999
sigma_xl_1.0000,1.0,538.0,8.167185409436177,1.0523945303100413,6.724133825656544,5.134225387293003,0.0,0.0,0.050866666666666664,0.5359999999999999
sigma_xl_1.0000,1.0,539.0,8.181052076102842,1.055861196976708,6.73800049232321,5.144625387293003,0.0,0.0,0.050866666666666664,0.5359999999999999
sigma_xl_1.0000,1.0,540.0,8.19491874276951,1.0593278636433747,6.751867158989877,5.155025387293002,0.0,0.0,0.050866666666666664,0.5359999999999999
sigma_xl_1.0000,1.0,541.0,8.208785409436176,1.0627945303100415,6.765733825656544,5.165425387293002,0.0,0.0,0.050866666666666664,0.5359999999999999
sigma_xl_1.0000,1.0,542.0,8.222652076102843,1.0662611969767082,6.779600492323211,5.175825387293003,0.0,0.0,0.050866666666666664,0.5359999999999999
sigma_xl_1.0000,1.0,543.0,8.23651874276951,1.0697278636433745,6.793467158989877,5.186225387293002,0.0,0.0,0.050866666666666664,0.5359999999999999
sigma_xl_1.0000,1.0,544.0,8.250385409436177,1.0731945303100412,6.807333825656544,5.196625387293002,0.0,0.0,0.050866666666666664,0.5359999999999999
sigma_xl_1.0000,1.0,545.0,8.264252076102844,1.076661196976708,6.821200492323211,5.207025387293003,0.0,0.0,0.050866666666666664,0.5359999999999999
sigma_xl_1.0000,1.0,546.0,8.27811874276951,1.0801278636433747,6.835067158989878,5.2174253872930025,0.0,0.0,0.050866666666666664,0.5359999999999999
sigma_xl_1.0000,1.0,547.0,8.291985409436176,1.0835945303100414,6.848933825656544,5.227825387293002,0.0,0.0,0.050866666666666664,0.5359999999999999
sigma_xl_1.0000,1.0,548.0,8.305852076102843,1.087061196976708,6.862800492323211,5.238225387293002,0.0,0.0,0.050866666666666664,0.5359999999999999
sigma_xl_1.0000,1.0,549.0,8.31971874276951,1.0905278636433748,6.876667158989878,5.248625387293003,0.0,0.0,0.050866666666666664,0.5359999999999999
sigma_xl_1.0000,1.0,550.0,8.333585409436177,1.0939945303100411,6.890533825656544,5.259025387293002,0.0,0.0,0.050866666666666664,0.5359999999999999
sigma_xl_1.0000,1.0,551.0,8.347452076102844,1.0974611969767079,6.9044004923232105,5.269425387293002,0.0,0.0,0.050866666666666664,0.5359999999999999
sigma_xl_1.0000,1.0,552.0,8.36131874276951,1.1009278636433746,6.918267158989877,5.279825387293003,0.0,0.0,0.050866666666666664,0.5359999999999999
sigma_xl_1.0000,1.0,553.0,8.375185409436178,1.1043945303100413,6.932133825656544,5.2902253872930025,0.0,0.0,0.050866666666666664,0.5359999999999999
sigma_xl_1.0000,1.0,554.0,8.389052076102843,1.107861196976708,6.94600049232321,5.300625387293002,0.0,0.0,0.050866666666666664,0.5359999999999999
sigma_xl_1.0000,1.0,555.0,8.40291874276951,1.1113278636433748,6.959867158989877,5.311025387293003,0.0,0.0,0.050866666666666664,0.5359999999999999
sigma_xl_1.0000,1.0,556.0,8.416785409436176,1.1147945303100415,6.973733825656544,5.321425387293003,0.0,0.0,0.050866666666666664,0.5359999999999999
sigma_xl_1.0000,1.0,557.0,8.430652076102843,1.1182611969767078,6.98760049232321,5.331825387293002,0.0,0.0,0.050866666666666664,0.5359999999999999
sigma_xl_1.0000,1.0,558.0,8.44451874276951,1.1217278636433745,7.001467158989877,5.342225387293002,0.0,0.0,0.050866666666666664,0.5359999999999999
sigma_xl_1.0000,1.0,559.0,8.458385409436177,1.1251945303100412,7.015333825656544,5.352625387293003,0.0,0.0,0.050866666666666664,0.5359999999999999
sigma_xl_1.0000,1.0,560.0,8.472252076102844,1.128661196976708,7.029200492323211,5.3630253872930025,0.0,0.0,0.050866666666666664,0.5359999999999999
sigma_xl_1.0000,1.0,561.0,8.48611874276951,1.1321278636433747,7.043067158989877,5.373425387293002,0.0,0.0,0.050866666666666664,0.5359999999999999
sigma_xl_1.0000,1.0,562.0,8.499985409436176,1.1355945303100414,7.056933825656544,5.383825387293003,0.0,0.0,0.050866666666666664,0.5359999999999999
sigma_xl_1.0000,1.0,563.0,8.513852076102843,1.1390611969767082,7.070800492323211,5.394225387293003,0.0,0.0,0.050866666666666664,0.5359999999999999
sigma_xl_1.0000,1.0,564.0,8.52771874276951,1.1425278636433744,7.084667158989877,5.404625387293002,0.0,0.0,0.050866666666666664,0.5359999999999999
sigma_xl_1.0000,1.0,565.0,8.541585409436177,1.1459945303100412,7.098533825656544,5.415025387293002,0.0,0.0,0.050866666666666664,0.5359999999999999
sigma_xl_1.0000,1.0,566.0,8.555452076102844,1.149461196976708,7.112400492323211,5.425425387293003,0.0,0.0,0.050866666666666664,0.5359999999999999
sigma_xl_1.0000,1.0,567.0,8.56931874276951,1.1529278636433746,7.126267158989878,5.4358253872930025,0.0,0.0,0.050866666666666664,0.5359999999999999
sigma_xl_1.0000,1.0,568.0,8.583185409436176,1.1563945303100414,7.140133825656544,5.446225387293002,0.0,0.0,0.050866666666666664,0.5359999999999999
sigma_xl_1.0000,1.0,569.0,8.597052076102843,1.159861196976708,7.154000492323211,5.456625387293003,0.0,0.0,0.050866666666666664,0.5359999999999999
sigma_xl_1.0000,1.0,570.0,8.61091874276951,1.1633278636433748,7.1678671589898775,5.467025387293003,0.0,0.0,0.050866666666666664,0.5359999999999999
sigma_xl_1.0000,1.0,571.0,8.624785409436177,1.1667945303100415,7.181733825656544,5.477425387293002,0.0,0.0,0.050866666666666664,0.5359999999999999
sigma_xl_1.0000,1.0,572.0,8.638652076102844,1.1702611969767078,7.19560049232321,5.487825387293002,0.0,0.0,0.050866666666666664,0.5359999999999999
sigma_xl_1.0000,1.0,573.0,8.65251874276951,1.1737278636433746,7.209467158989877,5.498225387293003,0.0,0.0,0.050866666666666664,0.5359999999999999
sigma_xl_1.0000,1.0,574.0,8.666385409436177,1.1771945303100413,7.223333825656544,5.508625387293002,0.0,0.0,0.050866666666666664,0.5359999999999999
sigma_xl_1.0000,1.0,575.0,8.680252076102843,1.180661196976708,7.23720049232321,5.519025387293002,0.0,0.0,0.050866666666666664,0.5359999999999999
sigma_xl_1.0000,1.0,576.0,8.69411874276951,1.1841278636433747,7.251067158989877,5.529425387293003,0.0,0.0,0.050866666666666664,0.5359999999999999
sigma_xl_1.0000,1.0,577.0,8.707985409436176,1.187594530310041,7.264933825656543,5.539825387293003,0.0,0.0,0.050866666666666664,0.5359999999999999
sigma_xl_1.0000,1.0,578.0,8.721852076102843,1.1910611969767078,7.27880049232321,5.550225387293002,0.0,0.0,0.050866666666666664,0.5359999999999999
sigma_xl_1.0000,1.0,579.0,8.73571874276951,1.1945278636433745,7.292667158989877,5.560625387293002,0.0,0.0,0.050866666666666664,0.5359999999999999
sigma_xl_1.0000,1.0,580.0,8.749585409436177,1.1979945303100412,7.306533825656544,5.571025387293003,0.0,0.0,0.050866666666666664,0.5359999999999999
sigma_xl_1.0000,1.0,581.0,8.763452076102844,1.201461196976708,7.320400492323211,5.581425387293002,0.0,0.0,0.050866666666666664,0.5359999999999999
sigma_xl_1.0000,1.0,582.0,8.777318742769511,1.2049278636433747,7.334267158989878,5.591825387293002,0.0,0.0,0.050866666666666664,0.5359999999999999
sigma_xl_1.0000,1.0,583.0,8.791185409436178,1.2083945303100414,7.348133825656545,5.602225387293003,0.0,0.0,0.050866666666666664,0.5359999999999999
sigma_xl_1.0000,1.0,584.0,8.805052076102843,1.2118611969767077,7.36200049232321,5.6126253872930025,0.0,0.0,0.050866666666666664,0.5359999999999999
sigma_xl_1.0000,1.0,585.0,8.81891874276951,1.2153278636433744,7.375867158989877,5.623025387293002,0.0,0.0,0.050866666666666664,0.5359999999999999
sigma_xl_1.0000,1.0,586.0,8.832785409436177,1.2187945303100411,7.389733825656544,5.633425387293003,0.0,0.0,0.050866666666666664,0.5359999999999999
sigma_xl_1.0000,1.0,587.0,8.846652076102844,1.2222611969767079,7.403600492323211,5.643825387293003,0.0,0.0,0.050866666666666664,0.5359999999999999
sigma_xl_1.0000,1.0,588.0,8.86051874276951,1.2257278636433746,7.4174671589898775,5.654225387293002,0.0,0.0,0.050866666666666664,0.5359999999999999
sigma_xl_1.0000,1.0,589.0,8.874385409436178,1.2291945303100413,7.431333825656544,5.664625387293002,0.0,0.0,0.050866666666666664,0.5359999999999999
sigma_xl_1.0000,1.0,590.0,8.888252076102845,1.232661196976708,7.445200492323211,5.675025387293003,0.0,0.0,0.050866666666666664,0.5359999999999999
sigma_xl_1.0000,1.0,591.0,8.90211874276951,1.2361278636433743,7.4590671589898765,5.6854253872930025,0.0,0.0,0.050866666666666664,0.5359999999999999
sigma_xl_1.0000,1.0,592.0,8.915985409436177,1.239594530310041,7.472933825656543,5.695825387293002,0.0,0.0,0.050866666666666664,0.5359999999999999
sigma_xl_1.0000,1.0,593.0,8.929852076102843,1.2430611969767078,7.48680049232321,5.706225387293003,0.0,0.0,0.050866666666666664,0.5359999999999999
sigma_xl_1.0000,1.0,594.0,8.94371874276951,1.2465278636433745,7.500667158989877,5.716625387293003,0.0,0.0,0.050866666666666664,0.5359999999999999
sigma_xl_1.0000,1.0,595.0,8.957585409436177,1.2499945303100413,7.514533825656544,5.727025387293002,0.0,0.0,0.050866666666666664,0.5359999999999999
sigma_xl_1.0000,1.0,596.0,8.971452076102844,1.253461196976708,7.528400492323211,5.737425387293002,0.0,0.0,0.050866666666666664,0.5359999999999999
sigma_xl_1.0000,1.0,597.0,8.985318742769511,1.2569278636433747,7.542267158989878,5.747825387293003,0.0,0.0,0.050866666666666664,0.5359999999999999
sigma_xl_1.0000,1.0,598.0,8.999185409436176,1.260394530310041,7.556133825656543,5.7582253872930025,0.0,0.0,0.050866666666666664,0.5359999999999999
sigma_xl_1.0000,1.0,599.0,9.013052076102843,1.2638611969767077,7.57000049232321,5.768625387293002,0.0,0.0,0.050866666666666664,0.5359999999999999
sigma_xl_1.0000,1.0,600.0,9.02691874276951,1.2673278636433745,7.583867158989877,5.779025387293003,0.0,0.0,0.050866666666666664,0.5359999999999999
sigma_xl_1.0000,1.0,601.0,9.040785409436177,1.2707945303100412,7.597733825656544,5.789425387293003,0.0,0.0,0.050866666666666664,0.5359999999999999
sigma_xl_1.0000,1.0,602.0,9.054652076102844,1.274261196976708,7.611600492323211,5.799825387293002,0.0,0.0,0.050866666666666664,0.5359999999999999
sigma_xl_1.0000,1.0,603.0,9.06851874276951,1.2777278636433747,7.625467158989878,5.810225387293002,0.0,0.0,0.050866666666666664,0.5359999999999999
sigma_xl_1.0000,1.0,604.0,9.082385409436178,1.2811945303100414,7.639333825656545,5.820625387293003,0.0,0.0,0.050866666666666664,0.5359999999999999
sigma_xl_1.0000,1.0,605.0,9.096252076102845,1.284661196976708,7.6532004923232115,5.8310253872930025,0.0,0.0,0.050866666666666664,0.5359999999999999
sigma_xl_1.0000,1.0,606.0,9.11011874276951,1.2881278636433744,7.667067158989877,5.841425387293002,0.0,0.0,0.050866666666666664,0.5359999999999999
sigma_xl_1.0000,1.0,607.0,9.123985409436177,1.2915945303100411,7.680933825656544,5.851825387293003,0.0,0.0,0.050866666666666664,0.5359999999999999
sigma_xl_1.0000,1.0,608.0,9.137852076102844,1.2950611969767079,7.6948004923232105,5.862225387293003,0.0,0.0,0.050866666666666664,0.5359999999999999
sigma_xl_1.0000,1.0,609.0,9.15171874276951,1.2985278636433746,7.708667158989877,5.872625387293002,0.0,0.0,0.050866666666666664,0.5359999999999999
sigma_xl_1.0000,1.0,610.0,9.165585409436177,1.3019945303100413,7.722533825656544,5.883025387293003,0.0,0.0,0.050866666666666664,0.5359999999999999
sigma_xl_1.0000,1.0,611.0,9.179452076102844,1.305461196976708,7.736400492323211,5.893425387293003,0.0,0.0,0.050866666666666664,0.5359999999999999
sigma_xl_1.0000,1.0,612.0,9.193318742769511,1.3089278636433748,7.750267158989878,5.903825387293002,0.0,0.0,0.050866666666666664,0.5359999999999999
sigma_xl_1.0000,1.0,613.0,9.207185409436176,1.312394530310041,7.764133825656543,5.914225387293002,0.0,0.0,0.050866666666666664,0.5359999999999999
sigma_xl_1.0000,1.0,614.0,9.221052076102843,1.3158611969767078,7.77800049232321,5.924625387293003,0.0,0.0,0.050866666666666664,0.5359999999999999
sigma_xl_1.0000,1.0,615.0,9.23491874276951,1.3193278636433745,7.791867158989877,5.9350253872930026,0.0,0.0,0.050866666666666664,0.5359999999999999
sigma_xl_1.0000,1.0,616.0,9.248785409436177,1.3227945303100412,7.805733825656544,5.945425387293002,0.0,0.0,0.050866666666666664,0.5359999999999999
sigma_xl_1.0000,1.0,617.0,9.262652076102844,1.326261196976708,7.819600492323211,5.955825387293003,0.0,0.0,0.050866666666666664,0.5359999999999999
sigma_xl_1.0000,1.0,618.0,9.276518742769511,1.3297278636433747,7.833467158989878,5.966225387293003,0.0,0.0,0.050866666666666664,0.5359999999999999
sigma_xl_1.0000,1.0,619.0,9.290385409436178,1.3331945303100414,7.847333825656545,5.976625387293002,0.0,0.0,0.050866666666666664,0.5359999999999999
sigma_xl_1.0000,1.0,620.0,9.304252076102843,1.3366611969767077,7.86120049232321,5.987025387293002,0.0,0.0,0.050866666666666664,0.5359999999999999
sigma_xl_1.0000,1.0,621.0,9.31811874276951,1.3401278636433744,7.875067158989877,5.997425387293003,0.0,0.0,0.050866666666666664,0.5359999999999999
sigma_xl_1.0000,1.0,622.0,9.331985409436177,1.3435945303100412,7.888933825656544,6.0078253872930025,0.0,0.0,0.050866666666666664,0.5359999999999999
sigma_xl_1.0000,1.0,623.0,9.345852076102844,1.347061196976708,7.902800492323211,6.018225387293002,0.0,0.0,0.050866666666666664,0.5359999999999999
sigma_xl_1.0000,1.0,624.0,9.35971874276951,1.3505278636433746,7.916667158989878,6.028625387293003,0.0,0.0,0.050866666666666664,0.5359999999999999
sigma_xl_1.0000,1.0,625.0,9.373585409436178,1.3539945303100414,7.9305338256565445,6.039025387293003,0.0,0.0,0.050866666666666664,0.5359999999999999
sigma_xl_1.0000,1.0,626.0,9.387452076102845,1.357461196976708,7.944400492323211,6.049425387293002,0.0,0.0,0.050866666666666664,0.5359999999999999
sigma_xl_1.0000,1.0,627.0,9.40131874276951,1.3609278636433744,7.958267158989877,6.059825387293002,0.0,0.0,0.050866666666666664,0.5359999999999999
sigma_xl_1.0000,1.0,628.0,9.415185409436177,1.364394530310041,7.9721338256565435,6.070225387293003,0.0,0.0,0.050866666666666664,0.5359999999999999
sigma_xl_1.0000,1.0,629.0,9.429052076102844,1.3678611969767078,7.98600049232321,6.0806253872930025,0.0,0.0,0.050866666666666664,0.5359999999999999
sigma_xl_1.0000,1.0,630.0,9.44291874276951,1.3713278636433746,7.999867158989877,6.091025387293002,0.0,0.0,0.050866666666666664,0.5359999999999999
sigma_xl_1.0000,1.0,631.0,9.456785409436177,1.3747945303100413,8.013733825656544,6.101425387293003,0.0,0.0,0.050866666666666664,0.5359999999999999
sigma_xl_1.0000,1.0,632.0,9.470652076102844,1.378261196976708,8.027600492323211,6.111825387293003,0.0,0.0,0.050866666666666664,0.5359999999999999
sigma_xl_1.0000,1.0,633.0,9.484518742769511,1.3817278636433747,8.041467158989878,6.122225387293002,0.0,0.0,0.050866666666666664,0.5359999999999999
sigma_xl_1.0000,1.0,634.0,9.498385409436176,1.385194530310041,8.055333825656543,6.132625387293003,0.0,0.0,0.050866666666666664,0.5359999999999999
sigma_xl_1.0000,1.0,635.0,9.512252076102843,1.3886611969767078,8.06920049232321,6.143025387293003,0.0,0.0,0.050866666666666664,0.5359999999999999
sigma_xl_1.0000,1.0,636.0,9.52611874276951,1.3921278636433745,8.083067158989877,6.1534253872930025,0.0,0.0,0.050866666666666664,0.5359999999999999
sigma_xl_1.0000,1.0,637.0,9.539985409436177,1.3955945303100412,8.096933825656544,6.163825387293002,0.0,0.0,0.050866666666666664,0.5359999999999999
sigma_xl_1.0000,1.0,638.0,9.553852076102844,1.399061196976708,8.11080049232321,6.174225387293003,0.0,0.0,0.050866666666666664,0.5359999999999999
sigma_xl_1.0000,1.0,639.0,9.567718742769511,1.4025278636433747,8.124667158989878,6.184625387293003,0.0,0.0,0.050866666666666664,0.5359999999999999
sigma_xl_1.0000,1.0,640.0,9.581585409436178,1.4059945303100414,8.138533825656545,6.195025387293002,0.0,0.0,0.050866666666666664,0.5359999999999999
sigma_xl_1.0000,1.0,641.0,9.595452076102843,1.4094611969767077,8.15240049232321,6.205425387293003,0.0,0.0,0.050866666666666664,0.5359999999999999
sigma_xl_1.0000,1.0,642.0,9.60931874276951,1.4129278636433744,8.166267158989877,6.215825387293003,0.0,0.0,0.050866666666666664,0.5359999999999999
sigma_xl_1.0000,1.0,643.0,9.623185409436177,1.4163945303100411,8.180133825656544,6.2262253872930025,0.0,0.0,0.050866666666666664,0.5359999999999999
sigma_xl_1.0000,1.0,644.0,9.637052076102844,1.4198611969767079,8.19400049232321,6.236625387293002,0.0,0.0,0.050866666666666664,0.5359999999999999
sigma_xl_1.0000,1.0,645.0,9.65091874276951,1.4233278636433746,8.207867158989878,6.247025387293003,0.0,0.0,0.050866666666666664,0.5359999999999999
sigma_xl_1.0000,1.0,646.0,9.664785409436178,1.4267945303100413,8.221733825656544,6.257425387293003,0.0,0.0,0.050866666666666664,0.5359999999999999
sigma_xl_1.0000,1.0,647.0,9.678652076102845,1.430261196976708,8.235600492323211,6.267825387293002,0.0,0.0,0.050866666666666664,0.5359999999999999
sigma_xl_1.0000,1.0,648.0,9.692518742769511,1.4337278636433748,8.249467158989878,6.278225387293003,0.0,0.0,0.050866666666666664,0.5359999999999999
sigma_xl_1.0000,1.0,649.0,9.706385409436177,1.437194530310041,8.263333825656543,6.288625387293003,0.0,0.0,0.050866666666666664,0.5359999999999999
sigma_xl_1.0000,1.0,650.0,9.720252076102843,1.4406611969767078,8.27720049232321,6.299025387293002,0.0,0.0,0.050866666666666664,0.5359999999999999
sigma_xl_1.0000,1.0,651.0,9.73411874276951,1.4441278636433745,8.291067158989877,6.309425387293002,0.0,0.0,0.050866666666666664,0.5359999999999999
sigma_xl_1.0000,1.0,652.0,9.747985409436177,1.4475945303100413,8.304933825656544,6.319825387293003,0.0,0.0,0.050866666666666664,0.5359999999999999
sigma_xl_1.0000,1.0,653.0,9.761852076102844,1.451061196976708,8.318800492323211,6.3302253872930025,0.0,0.0,0.050866666666666664,0.5359999999999999
sigma_xl_1.0000,1.0,654.0,9.775718742769511,1.4545278636433747,8.332667158989878,6.340625387293002,0.0,0.0,0.050866666666666664,0.5359999999999999
sigma_xl_1.0000,1.0,655.0,9.789585409436178,1.4579945303100414,8.346533825656545,6.351025387293003,0.0,0.0,0.050866666666666664,0.5359999999999999
sigma_xl_1.0000,1.0,656.0,9.803452076102843,1.4614611969767077,8.36040049232321,6.361425387293003,0.0,0.0,0.050866666666666664,0.5359999999999999
sigma_xl_1.0000,1.0,657.0,9.81731874276951,1.4649278636433745,8.374267158989877,6.371825387293002,0.0,0.0,0.050866666666666664,0.5359999999999999
sigma_xl_1.0000,1.0,658.0,9.831185409436177,1.4683945303100412,8.388133825656544,6.382225387293002,0.0,0.0,0.050866666666666664,0.5359999999999999
sigma_xl_1.0000,1.0,659.0,9.845052076102844,1.471861196976708,8.40200049232321,6.392625387293003,0.0,0.0,0.050866666666666664,0.5359999999999999
sigma_xl_1.0000,1.0,660.0,9.85891874276951,1.4753278636433746,8.415867158989878,6.4030253872930025,0.0,0.0,0.050866666666666664,0.5359999999999999
sigma_xl_1.0000,1.0,661.0,9.872785409436178,1.4787945303100414,8.429733825656545,6.413425387293002,0.0,0.0,0.050866666666666664,0.5359999999999999
sigma_xl_1.0000,1.0,662.0,9.886652076102845,1.482261196976708,8.443600492323212,6.423825387293003,0.0,0.0,0.050866666666666664,0.5359999999999999
sigma_xl_1.0000,1.0,663.0,9.90051874276951,1.4857278636433744,8.457467158989877,6.434225387293003,0.0,0.0,0.050866666666666664,0.5359999999999999
sigma_xl_1.0000,1.0,664.0,9.914385409436177,1.4891945303100411,8.471333825656544,6.444625387293002,0.0,0.0,0.050866666666666664,0.5359999999999999
sigma_xl_1.0000,1.0,665.0,9.928252076102844,1.4926611969767078,8.48520049232321,6.455025387293003,0.0,0.0,0.050866666666666664,0.5359999999999999
sigma_xl_1.0000,1.0,666.0,9.94211874276951,1.4961278636433746,8.499067158989877,6.465425387293003,0.0,0.0,0.050866666666666664,0.5359999999999999
sigma_xl_1.0000,1.0,667.0,9.955985409436177,1.4995945303100413,8.512933825656544,6.4758253872930025,0.0,0.0,0.050866666666666664,0.5359999999999999
sigma_xl_1.0000,1.0,668.0,9.969852076102844,1.503061196976708,8.526800492323211,6.486225387293002,0.0,0.0,0.050866666666666664,0.5359999999999999
sigma_xl_1.0000,1.0,669.0,9.983718742769511,1.5065278636433748,8.540667158989878,6.496625387293003,0.0,0.0,0.050866666666666664,0.5359999999999999
sigma_xl_1.0000,1.0,670.0,9.997585409436176,1.509994530310041,8.554533825656543,6.507025387293003,0.0,0.0,0.050866666666666664,0.5359999999999999
sigma_xl_1.0000,1.0,671.0,10.011452076102843,1.5134611969767078,8.56840049232321,6.517425387293002,0.0,0.0,0.050866666666666664,0.5359999999999999
sigma_xl_1.0000,1.0,672.0,10.02531874276951,1.5169278636433745,8.582267158989877,6.527825387293003,0.0,0.0,0.050866666666666664,0.5359999999999999
sigma_xl_1.0000,1.0,673.0,10.039185409436177,1.5203945303100412,8.596133825656544,6.538225387293003,0.0,0.0,0.050866666666666664,0.5359999999999999
sigma_xl_1.0000,1.0,674.0,10.053052076102844,1.523861196976708,8.610000492323211,6.5486253872930025,0.0,0.0,0.050866666666666664,0.5359999999999999
sigma_xl_1.0000,1.0,675.0,10.066918742769511,1.5273278636433747,8.623867158989878,6.559025387293002,0.0,0.0,0.050866666666666664,0.5359999999999999
sigma_xl_1.0000,1.0,676.0,10.080785409436178,1.5307945303100414,8.637733825656545,6.569425387293003,0.0,0.0,0.050866666666666664,0.5359999999999999
sigma_xl_1.0000,1.0,677.0,10.094652076102843,1.5342611969767077,8.65160049232321,6.579825387293003,0.0,0.0,0.050866666666666664,0.5359999999999999
sigma_xl_1.0000,1.0,678.0,10.10851874276951,1.5377278636433744,8.665467158989877,6.590225387293002,0.0,0.0,0.050866666666666664,0.5359999999999999
sigma_xl_1.0000,1.0,679.0,10.122385409436177,1.5411945303100412,8.679333825656544,6.600625387293003,0.0,0.0,0.050866666666666664,0.5359999999999999
sigma_xl_1.0000,1.0,680.0,10.136252076102844,1.544661196976708,8.69320049232321,6.611025387293003,0.0,0.0,0.050866666666666664,0.5359999999999999
sigma_xl_1.0000,1.0,681.0,10.15011874276951,1.5481278636433746,8.707067158989878,6.6214253872930025,0.0,0.0,0.050866666666666664,0.5359999999999999
sigma_xl_1.0000,1.0,682.0,10.163985409436178,1.5515945303100414,8.720933825656545,6.631825387293002,0.0,0.0,0.050866666666666664,0.5359999999999999
sigma_xl_1.0000,1.0,683.0,10.177852076102845,1.555061196976708,8.734800492323211,6.642225387293003,0.0,0.0,0.050866666666666664,0.5359999999999999
sigma_xl_1.0000,1.0,684.0,10.19171874276951,1.5585278636433744,8.748667158989877,6.652625387293003,0.0,0.0,0.050866666666666664,0.5359999999999999
sigma_xl_1.0000,1.0,685.0,10.205585409436177,1.561994530310041,8.762533825656543,6.663025387293002,0.0,0.0,0.050866666666666664,0.5359999999999999
sigma_xl_1.0000,1.0,686.0,10.219452076102844,1.5654611969767078,8.77640049232321,6.673425387293003,0.0,0.0,0.050866666666666664,0.5359999999999999
sigma_xl_1.0000,1.0,687.0,10.23331874276951,1.5689278636433746,8.790267158989877,6.683825387293003,0.0,0.0,0.050866666666666664,0.5359999999999999
sigma_xl_1.0000,1.0,688.0,10.247185409436177,1.5723945303100413,8.804133825656544,6.694225387293002,0.0,0.0,0.050866666666666664,0.5359999999999999
sigma_xl_1.0000,1.0,689.0,10.261052076102844,1.575861196976708,8.818000492323211,6.704625387293003,0.0,0.0,0.050866666666666664,0.5359999999999999
sigma_xl_1.0000,1.0,690.0,10.274918742769511,1.5793278636433747,8.831867158989878,6.715025387293003,0.0,0.0,0.050866666666666664,0.5359999999999999
sigma_xl_1.0000,1.0,691.0,10.288785409436178,1.5827945303100415,8.845733825656545,6.7254253872930025,0.0,0.0,0.050866666666666664,0.5359999999999999
sigma_xl_1.0000,1.0,692.0,10.302652076102843,1.5862611969767078,8.85960049232321,6.735825387293002,0.0,0.0,0.050866666666666664,0.5359999999999999
sigma_xl_1.0000,1.0,693.0,10.31651874276951,1.5897278636433745,8.873467158989877,6.746225387293003,0.0,0.0,0.050866666666666664,0.5359999999999999
sigma_xl_1.0000,1.0,694.0,10.330385409436177,1.5931945303100412,8.887333825656544,6.756625387293003,0.0,0.0,0.050866666666666664,0.5359999999999999
sigma_xl_1.0000,1.0,695.0,10.344252076102844,1.596661196976708,8.90120049232321,6.767025387293002,0.0,0.0,0.050866666666666664,0.5359999999999999
sigma_xl_1.0000,1.0,696.0,10.358118742769511,1.6001278636433747,8.915067158989878,6.777425387293003,0.0,0.0,0.050866666666666664,0.5359999999999999
sigma_xl_1.0000,1.0,697.0,10.371985409436178,1.6035945303100414,8.928933825656545,6.787825387293003,0.0,0.0,0.050866666666666664,0.5359999999999999
sigma_xl_1.0000,1.0,698.0,10.385852076102845,1.6070611969767081,8.942800492323212,6.7982253872930025,0.0,0.0,0.050866666666666664,0.5359999999999999
sigma_xl_1.0000,1.0,699.0,10.39971874276951,1.6105278636433744,8.956667158989877,6.808625387293002,0.0,0.0,0.050866666666666664,0.5359999999999999
sigma_xl_1.0000,1.0,700.0,10.413585409436177,1.6139945303100411,8.970533825656544,6.819025387293003,0.0,0.0,0.050866666666666664,0.5359999999999999
sigma_xl_1.0000,1.0,701.0,10.427452076102844,1.6174611969767079,8.98440049232321,6.829425387293003,0.0,0.0,0.050866666666666664,0.5359999999999999
sigma_xl_1.0000,1.0,702.0,10.44131874276951,1.6209278636433746,8.998267158989878,6.839825387293002,0.0,0.0,0.050866666666666664,0.5359999999999999
sigma_xl_1.0000,1.0,703.0,10.455185409436178,1.6243945303100413,9.012133825656544,6.850225387293003,0.0,0.0,0.050866666666666664,0.5359999999999999
sigma_xl_1.0000,1.0,704.0,10.469052076102844,1.627861196976708,9.026000492323211,6.860625387293003,0.0,0.0,0.050866666666666664,0.5359999999999999
sigma_xl_1.0000,1.0,705.0,10.482918742769511,1.6313278636433748,9.039867158989878,6.8710253872930025,0.0,0.0,0.050866666666666664,0.5359999999999999
sigma_xl_1.0000,1.0,706.0,10.496785409436177,1.634794530310041,9.053733825656543,6.881425387293002,0.0,0.0,0.050866666666666664,0.5359999999999999
sigma_xl_1.0000,1.0,707.0,10.510652076102843,1.6382611969767078,9.06760049232321,6.891825387293003,0.0,0.0,0.050866666666666664,0.5359999999999999
sigma_xl_1.0000,1.0,708.0,10.52451874276951,1.6417278636433745,9.081467158989877,6.902225387293003,0.0,0.0,0.050866666666666664,0.5359999999999999
sigma_xl_1.0000,1.0,709.0,10.538385409436177,1.6451945303100413,9.095333825656544,6.912625387293002,0.0,0.0,0.050866666666666664,0.5359999999999999
sigma_xl_1.0000,1.0,710.0,10.552252076102844,1.648661196976708,9.109200492323211,6.923025387293003,0.0,0.0,0.050866666666666664,0.5359999999999999
sigma_xl_1.0000,1.0,711.0,10.566118742769511,1.6521278636433747,9.123067158989878,6.933425387293003,0.0,0.0,0.050866666666666664,0.5359999999999999
sigma_xl_1.0000,1.0,712.0,10.579985409436178,1.6555945303100414,9.136933825656545,6.9438253872930025,0.0,0.0,0.050866666666666664,0.5359999999999999
sigma_xl_1.0000,1.0,713.0,10.593852076102843,1.6590611969767077,9.15080049232321,6.954225387293002,0.0,0.0,0.050866666666666664,0.5359999999999999
sigma_xl_1.0000,1.0,714.0,10.60771874276951,1.6625278636433745,9.164667158989877,6.964625387293003,0.0,0.0,0.050866666666666664,0.5359999999999999
sigma_xl_1.0000,1.0,715.0,10.621585409436177,1.6659945303100412,9.178533825656544,6.975025387293003,0.0,0.0,0.050866666666666664,0.5359999999999999
sigma_xl_1.0000,1.0,716.0,10.635452076102844,1.669461196976708,9.19240049232321,6.985425387293002,0.0,0.0,0.050866666666666664,0.5359999999999999
sigma_xl_1.0000,1.0,717.0,10.64931874276951,1.6729278636433746,9.206267158989878,6.995825387293003,0.0,0.0,0.050866666666666664,0.5359999999999999
sigma_xl_1.0000,1.0,718.0,10.663185409436178,1.6763945303100414,9.220133825656545,7.006225387293003,0.0,0.0,0.050866666666666664,0.5359999999999999
sigma_xl_1.0000,1.0,719.0,10.677052076102845,1.679861196976708,9.234000492323212,7.0166253872930024,0.0,0.0,0.050866666666666664,0.5359999999999999
sigma_xl_1.0000,1.0,720.0,10.69091874276951,1.6833278636433744,9.247867158989877,7.027025387293003,0.0,0.0,0.050866666666666664,0.5359999999999999
sigma_xl_1.0000,1.0,721.0,10.704785409436177,1.6867945303100411,9.261733825656544,7.037425387293003,0.0,0.0,0.050866666666666664,0.5359999999999999
sigma_xl_1.0000,1.0,722.0,10.718652076102844,1.6902611969767078,9.27560049232321,7.047825387293003,0.0,0.0,0.050866666666666664,0.5359999999999999
sigma_xl_1.0000,1.0,723.0,10.73251874276951,1.6937278636433746,9.289467158989877,7.058225387293002,0.0,0.0,0.050866666666666664,0.5359999999999999
sigma_xl_1.0000,1.0,724.0,10.746385409436177,1.6971945303100413,9.303333825656544,7.068625387293003,0.0,0.0,0.050866666666666664,0.5359999999999999
sigma_xl_1.0000,1.0,725.0,10.760252076102844,1.700661196976708,9.317200492323211,7.079025387293003,0.0,0.0,0.050866666666666664,0.5359999999999999
sigma_xl_1.0000,1.0,726.0,10.774118742769511,1.7041278636433748,9.331067158989878,7.089425387293002,0.0,0.0,0.050866666666666664,0.5359999999999999
sigma_xl_1.0000,1.0,727.0,10.787985409436176,1.707594530310041,9.344933825656543,7.099825387293003,0.0,0.0,0.050866666666666664,0.5359999999999999
sigma_xl_1.0000,1.0,728.0,10.801852076102843,1.7110611969767078,9.35880049232321,7.110225387293003,0.0,0.0,0.050866666666666664,0.5359999999999999
sigma_xl_1.0000,1.0,729.0,10.81571874276951,1.7145278636433745,9.372667158989877,7.1206253872930025,0.0,0.0,0.050866666666666664,0.5359999999999999
sigma_xl_1.0000,1.0,730.0,10.829585409436177,1.7179945303100412,9.386533825656544,7.131025387293002,0.0,0.0,0.050866666666666664,0.5359999999999999
sigma_xl_1.0000,1.0,731.0,10.843452076102844,1.721461196976708,9.400400492323211,7.141425387293003,0.0,0.0,0.050866666666666664,0.5359999999999999
sigma_xl_1.0000,1.0,732.0,10.857318742769511,1.7249278636433747,9.414267158989878,7.151825387293003,0.0,0.0,0.050866666666666664,0.5359999999999999
sigma_xl_1.0000,1.0,733.0,10.871185409436178,1.7283945303100414,9.428133825656545,7.162225387293002,0.0,0.0,0.050866666666666664,0.5359999999999999
sigma_xl_1.0000,1.0,734.0,10.885052076102843,1.7318611969767077,9.44200049232321,7.172625387293003,0.0,0.0,0.050866666666666664,0.5359999999999999
sigma_xl_1.0000,1.0,735.0,10.89891874276951,1.7353278636433744,9.455867158989877,7.183025387293003,0.0,0.0,0.050866666666666664,0.5359999999999999
sigma_xl_1.0000,1.0,736.0,10.912785409436177,1.7387945303100412,9.469733825656544,7.1934253872930025,0.0,0.0,0.050866666666666664,0.5359999999999999
sigma_xl_1.0000,1.0,737.0,10.926652076102844,1.742261196976708,9.48360049232321,7.203825387293002,0.0,0.0,0.050866666666666664,0.5359999999999999
sigma_xl_1.0000,1.0,738.0,10.94051874276951,1.7457278636433746,9.497467158989878,7.214225387293003,0.0,0.0,0.050866666666666664,0.5359999999999999
sigma_xl_1.0000,1.0,739.0,10.954385409436178,1.7491945303100414,9.511333825656545,7.224625387293003,0.0,0.0,0.050866666666666664,0.5359999999999999
sigma_xl_1.0000,1.0,740.0,10.968252076102845,1.752661196976708,9.525200492323211,7.235025387293002,0.0,0.0,0.050866666666666664,0.5359999999999999
sigma_xl_1.0000,1.0,741.0,10.982118742769511,1.7561278636433748,9.539067158989878,7.245425387293003,0.0,0.0,0.050866666666666664,0.5359999999999999
sigma_xl_1.0000,1.0,742.0,10.995985409436177,1.759594530310041,9.552933825656543,7.255825387293003,0.0,0.0,0.050866666666666664,0.5359999999999999
sigma_xl_1.0000,1.0,743.0,11.009852076102844,1.7630611969767078,9.56680049232321,7.2662253872930025,0.0,0.0,0.050866666666666664,0.5359999999999999
sigma_xl_1.0000,1.0,744.0,11.02371874276951,1.7665278636433746,9.580667158989877,7.276625387293003,0.0,0.0,0.050866666666666664,0.5359999999999999
sigma_xl_1.0000,1.0,745.0,11.037585409436177,1.7699945303100413,9.594533825656544,7.287025387293003,0.0,0.0,0.050866666666666664,0.5359999999999999
sigma_xl_1.0000,1.0,746.0,11.051452076102844,1.773461196976708,9.608400492323211,7.297425387293003,0.0,0.0,0.050866666666666664,0.5359999999999999
sigma_xl_1.0000,1.0,747.0,11.065318742769511,1.7769278636433747,9.622267158989878,7.307825387293002,0.0,0.0,0.050866666666666664,0.5359999999999999
sigma_xl_1.0000,1.0,748.0,11.079185409436178,1.7803945303100415,9.636133825656545,7.318225387293003,0.0,0.0,0.050866666666666664,0.5359999999999999
sigma_xl_1.0000,1.0,749.0,11.093052076102843,1.7838611969767078,9.65000049232321,7.328625387293003,0.0,0.0,0.050866666666666664,0.5359999999999999
sigma_xl_1.0000,1.0,750.0,11.10691874276951,1.7873278636433745,9.663867158989877,7.3390253872930025,0.0,0.0,0.050866666666666664,0.5359999999999999
sigma_xl_1.0000,1.0,751.0,11.120785409436177,1.7907945303100412,9.677733825656544,7.349425387293003,0.0,0.0,0.050866666666666664,0.5359999999999999
sigma_xl_1.0000,1.0,752.0,11.134652076102844,1.794261196976708,9.69160049232321,7.359825387293003,0.0,0.0,0.050866666666666664,0.5359999999999999
sigma_xl_1.0000,1.0,753.0,11.148518742769511,1.7977278636433747,9.705467158989878,7.370225387293003,0.0,0.0,0.050866666666666664,0.5359999999999999
sigma_xl_1.0000,1.0,754.0,11.162385409436178,1.8011945303100414,9.719333825656545,7.380625387293002,0.0,0.0,0.050866666666666664,0.5359999999999999
sigma_xl_1.0000,1.0,755.0,11.176252076102845,1.8046611969767081,9.733200492323212,7.391025387293003,0.0,0.0,0.050866666666666664,0.5359999999999999
sigma_xl_1.0000,1.0,756.0,11.19011874276951,1.8081278636433744,9.747067158989877,7.401425387293003,0.0,0.0,0.050866666666666664,0.5359999999999999
sigma_xl_1.0000,1.0,757.0,11.203985409436177,1.8115945303100411,9.760933825656544,7.411825387293002,0.0,0.0,0.050866666666666664,0.5359999999999999
sigma_xl_1.0000,1.0,758.0,11.217852076102844,1.8150611969767079,9.77480049232321,7.422225387293003,0.0,0.0,0.050866666666666664,0.5359999999999999
sigma_xl_1.0000,1.0,759.0,11.23171874276951,1.8185278636433746,9.788667158989877,7.432625387293003,0.0,0.0,0.050866666666666664,0.5359999999999999
sigma_xl_1.0000,1.0,760.0,11.245585409436178,1.8219945303100413,9.802533825656544,7.443025387293003,0.0,0.0,0.050866666666666664,0.5359999999999999
sigma_xl_1.0000,1.0,761.0,11.259452076102844,1.825461196976708,9.816400492323211,7.453425387293002,0.0,0.0,0.050866666666666664,0.5359999999999999
sigma_xl_1.0000,1.0,762.0,11.273318742769511,1.8289278636433748,9.830267158989878,7.463825387293003,0.0,0.0,0.050866666666666664,0.5359999999999999
sigma_xl_1.0000,1.0,763.0,11.287185409436177,1.832394530310041,9.844133825656543,7.474225387293003,0.0,0.0,0.050866666666666664,0.5359999999999999
sigma_xl_1.0000,1.0,764.0,11.301052076102843,1.8358611969767078,9.85800049232321,7.484625387293002,0.0,0.0,0.050866666666666664,0.5359999999999999
sigma_xl_1.0000,1.0,765.0,11.31491874276951,1.8393278636433745,9.871867158989877,7.495025387293003,0.0,0.0,0.050866666666666664,0.5359999999999999
sigma_xl_1.0000,1.0,766.0,11.328785409436177,1.8427945303100413,9.885733825656544,7.505425387293003,0.0,0.0,0.050866666666666664,0.5359999999999999
sigma_xl_1.0000,1.0,767.0,11.342652076102844,1.846261196976708,9.899600492323211,7.5158253872930025,0.0,0.0,0.050866666666666664,0.5359999999999999
sigma_xl_1.0000,1.0,768.0,11.356518742769511,1.8497278636433747,9.913467158989878,7.526225387293003,0.0,0.0,0.050866666666666664,0.5359999999999999
sigma_xl_1.0000,1.0,769.0,11.370385409436178,1.8531945303100414,9.927333825656545,7.536625387293003,0.0,0.0,0.050866666666666664,0.5359999999999999
sigma_xl_1.0000,1.0,770.0,11.384252076102843,1.8566611969767077,9.94120049232321,7.547025387293003,0.0,0.0,0.050866666666666664,0.5359999999999999
sigma_xl_1.0000,1.0,771.0,11.39811874276951,1.8601278636433745,9.955067158989877,7.557425387293003,0.0,0.0,0.050866666666666664,0.5359999999999999
sigma_xl_1.0000,1.0,772.0,11.411985409436177,1.8635945303100412,9.968933825656544,7.567825387293002,0.0,0.0,0.050866666666666664,0.5359999999999999
sigma_xl_1.0000,1.0,773.0,11.425852076102844,1.867061196976708,9.98280049232321,7.578225387293003,0.0,0.0,0.050866666666666664,0.5359999999999999
sigma_xl_1.0000,1.0,774.0,11.43971874276951,1.8705278636433746,9.996667158989878,7.588625387293003,0.0,0.0,0.050866666666666664,0.5359999999999999
sigma_xl_1.0000,1.0,775.0,11.453585409436178,1.8739945303100414,10.010533825656545,7.599025387293002,0.0,0.0,0.050866666666666664,0.5359999999999999
sigma_xl_1.0000,1.0,776.0,11.467452076102845,1.877461196976708,10.024400492323212,7.609425387293003,0.0,0.0,0.050866666666666664,0.5359999999999999
sigma_xl_1.0000,1.0,777.0,11.48131874276951,1.8809278636433744,10.038267158989877,7.6198253872930035,0.0,0.0,0.050866666666666664,0.5359999999999999
sigma_xl_1.0000,1.0,778.0,11.495185409436177,1.8843945303100411,10.052133825656544,7.630225387293002,0.0,0.0,0.050866666666666664,0.5359999999999999
sigma_xl_1.0000,1.0,779.0,11.509052076102844,1.8878611969767078,10.06600049232321,7.640625387293003,0.0,0.0,0.050866666666666664,0.5359999999999999
sigma_xl_1.0000,1.0,780.0,11.52291874276951,1.8913278636433746,10.079867158989877,7.651025387293002,0.0,0.0,0.050866666666666664,0.5359999999999999
sigma_xl_1.0000,1.0,781.0,11.536785409436177,1.8947945303100413,10.093733825656544,7.6614253872930025,0.0,0.0,0.050866666666666664,0.5359999999999999
sigma_xl_1.0000,1.0,782.0,11.550652076102844,1.898261196976708,10.107600492323211,7.671825387293003,0.0,0.0,0.050866666666666664,0.5359999999999999
sigma_xl_1.0000,1.0,783.0,11.564518742769511,1.9017278636433748,10.121467158989878,7.682225387293002,0.0,0.0,0.050866666666666664,0.5359999999999999
sigma_xl_1.0000,1.0,784.0,11.578385409436178,1.9051945303100415,10.135333825656545,7.692625387293003,0.0,0.0,0.050866666666666664,0.5359999999999999
sigma_xl_1.0000,1.0,785.0,11.592252076102843,1.9086611969767078,10.14920049232321,7.703025387293003,0.0,0.0,0.050866666666666664,0.5359999999999999
sigma_xl_1.0000,1.0,786.0,11.60611874276951,1.9121278636433745,10.163067158989877,7.713425387293002,0.0,0.0,0.050866666666666664,0.5359999999999999
sigma_xl_1.0000,1.0,787.0,11.619985409436177,1.9155945303100412,10.176933825656544,7.723825387293003,0.0,0.0,0.050866666666666664,0.5359999999999999
sigma_xl_1.0000,1.0,788.0,11.633852076102844,1.919061196976708,10.190800492323211,7.734225387293003,0.0,0.0,0.050866666666666664,0.5359999999999999
sigma_xl_1.0000,1.0,789.0,11.647718742769511,1.9225278636433747,10.204667158989878,7.744625387293002,0.0,0.0,0.050866666666666664,0.5359999999999999
sigma_xl_1.0000,1.0,790.0,11.661585409436178,1.9259945303100414,10.218533825656545,7.755025387293003,0.0,0.0,0.050866666666666664,0.5359999999999999
sigma_xl_1.0000,1.0,791.0,11.675452076102845,1.9294611969767081,10.232400492323212,7.7654253872930035,0.0,0.0,0.050866666666666664,0.5359999999999999
sigma_xl_1.0000,1.0,792.0,11.68931874276951,1.9329278636433744,10.246267158989877,7.775825387293002,0.0,0.0,0.050866666666666664,0.5359999999999999
sigma_xl_1.0000,1.0,793.0,11.703185409436177,1.9363945303100412,10.260133825656544,7.786225387293003,0.0,0.0,0.050866666666666664,0.5359999999999999
sigma_xl_1.0000,1.0,794.0,11.717052076102844,1.939861196976708,10.27400049232321,7.796625387293004,0.0,0.0,0.050866666666666664,0.5359999999999999
sigma_xl_1.0000,1.0,795.0,11.73091874276951,1.9433278636433746,10.287867158989878,7.807025387293002,0.0,0.0,0.050866666666666664,0.5359999999999999
sigma_xl_1.0000,1.0,796.0,11.744785409436178,1.9467945303100413,10.301733825656544,7.817425387293003,0.0,0.0,0.050866666666666664,0.5359999999999999
sigma_xl_1.0000,1.0,797.0,11.758652076102845,1.950261196976708,10.315600492323211,7.827825387293002,0.0,0.0,0.050866666666666664,0.5359999999999999
sigma_xl_1.0000,1.0,798.0,11.772518742769511,1.9537278636433748,10.329467158989878,7.8382253872930026,0.0,0.0,0.050866666666666664,0.5359999999999999
sigma_xl_1.0000,1.0,799.0,11.786385409436177,1.957194530310041,10.343333825656543,7.848625387293003,0.0,0.0,0.050866666666666664,0.5359999999999999
sigma_xl_1.0000,1.0,800.0,11.800252076102844,1.9606611969767078,10.35720049232321,7.859025387293002,0.0,0.0,0.050866666666666664,0.5359999999999999
sigma_xl_1.0000,1.0,801.0,11.81411874276951,1.9641278636433745,10.371067158989877,7.869425387293003,0.0,0.0,0.050866666666666664,0.5359999999999999
sigma_xl_1.0000,1.0,802.0,11.827985409436177,1.9675945303100413,10.384933825656544,7.879825387293003,0.0,0.0,0.050866666666666664,0.5359999999999999
sigma_xl_1.0000,1.0,803.0,11.841852076102844,1.971061196976708,10.398800492323211,7.890225387293002,0.0,0.0,0.050866666666666664,0.5359999999999999
sigma_xl_1.0000,1.0,804.0,11.855718742769511,1.9745278636433747,10.412667158989878,7.900625387293003,0.0,0.0,0.050866666666666664,0.5359999999999999
sigma_xl_1.0000,1.0,805.0,11.869585409436178,1.9779945303100415,10.426533825656545,7.911025387293003,0.0,0.0,0.050866666666666664,0.5359999999999999
sigma_xl_1.0000,1.0,806.0,11.883452076102843,1.9814611969767078,10.44040049232321,7.921425387293002,0.0,0.0,0.050866666666666664,0.5359999999999999
sigma_xl_1.0000,1.0,807.0,11.89731874276951,1.9849278636433745,10.454267158989877,7.931825387293003,0.0,0.0,0.050866666666666664,0.5359999999999999
sigma_xl_1.0000,1.0,808.0,11.911185409436177,1.9883945303100412,10.468133825656544,7.9422253872930035,0.0,0.0,0.050866666666666664,0.5359999999999999
sigma_xl_1.0000,1.0,809.0,11.925052076102844,1.991861196976708,10.48200049232321,7.952625387293002,0.0,0.0,0.050866666666666664,0.5359999999999999
sigma_xl_1.0000,1.0,810.0,11.938918742769511,1.9953278636433747,10.495867158989878,7.963025387293003,0.0,0.0,0.050866666666666664,0.5359999999999999
sigma_xl_1.0000,1.0,811.0,11.952785409436178,1.9987945303100414,10.509733825656545,7.973425387293004,0.0,0.0,0.050866666666666664,0.5359999999999999
sigma_xl_1.0000,1.0,812.0,11.966652076102845,2.002261196976708,10.523600492323212,7.9838253872930025,0.0,0.0,0.050866666666666664,0.5359999999999999
sigma_xl_1.0000,1.0,813.0,11.98051874276951,2.0057278636433744,10.537467158989877,7.994225387293003,0.0,0.0,0.050866666666666664,0.5359999999999999
sigma_xl_1.0000,1.0,814.0,11.994385409436177,2.009194530310041,10.551333825656544,8.004625387293002,0.0,0.0,0.050866666666666664,0.5359999999999999
sigma_xl_1.0000,1.0,815.0,12.008252076102844,2.012661196976708,10.56520049232321,8.015025387293003,0.0,0.0,0.050866666666666664,0.5359999999999999
sigma_xl_1.0000,1.0,816.0,12.02211874276951,2.0161278636433746,10.579067158989877,8.025425387293003,0.0,0.0,0.050866666666666664,0.5359999999999999
sigma_xl_1.0000,1.0,817.0,12.035985409436178,2.0195945303100413,10.592933825656544,8.035825387293002,0.0,0.0,0.050866666666666664,0.5359999999999999
sigma_xl_1.0000,1.0,818.0,12.049852076102844,2.023061196976708,10.606800492323211,8.046225387293003,0.0,0.0,0.050866666666666664,0.5359999999999999
sigma_xl_1.0000,1.0,819.0,12.063718742769511,2.026527863643375,10.620667158989878,8.056625387293003,0.0,0.0,0.050866666666666664,0.5359999999999999
sigma_xl_1.0000,1.0,820.0,12.077585409436177,2.029994530310041,10.634533825656543,8.067025387293002,0.0,0.0,0.050866666666666664,0.5359999999999999
sigma_xl_1.0000,1.0,821.0,12.091452076102843,2.033461196976708,10.64840049232321,8.077425387293003,0.0,0.0,0.050866666666666664,0.5359999999999999
sigma_xl_1.0000,1.0,822.0,12.10531874276951,2.0369278636433745,10.662267158989877,8.087825387293003,0.0,0.0,0.050866666666666664,0.5359999999999999
sigma_xl_1.0000,1.0,823.0,12.119185409436177,2.0403945303100413,10.676133825656544,8.098225387293002,0.0,0.0,0.050866666666666664,0.5359999999999999
sigma_xl_1.0000,1.0,824.0,12.133052076102844,2.043861196976708,10.690000492323211,8.108625387293003,0.0,0.0,0.050866666666666664,0.5359999999999999
sigma_xl_1.0000,1.0,825.0,12.146918742769511,2.0473278636433747,10.703867158989878,8.119025387293004,0.0,0.0,0.050866666666666664,0.5359999999999999
sigma_xl_1.0000,1.0,826.0,12.160785409436178,2.0507945303100414,10.717733825656545,8.129425387293002,0.0,0.0,0.050866666666666664,0.5359999999999999
sigma_xl_1.0000,1.0,827.0,12.174652076102845,2.054261196976708,10.731600492323212,8.139825387293003,0.0,0.0,0.050866666666666664,0.5359999999999999
sigma_xl_1.0000,1.0,828.0,12.18851874276951,2.0577278636433745,10.745467158989877,8.150225387293002,0.0,0.0,0.050866666666666664,0.5359999999999999
sigma_xl_1.0000,1.0,829.0,12.202385409436177,2.061194530310041,10.759333825656544,8.160625387293003,0.0,0.0,0.050866666666666664,0.5359999999999999
sigma_xl_1.0000,1.0,830.0,12.216252076102844,2.064661196976708,10.77320049232321,8.171025387293003,0.0,0.0,0.050866666666666664,0.5359999999999999
sigma_xl_1.0000,1.0,831.0,12.23011874276951,2.0681278636433746,10.787067158989878,8.181425387293002,0.0,0.0,0.050866666666666664,0.5359999999999999
sigma_xl_1.0000,1.0,832.0,12.243985409436178,2.0715945303100414,10.800933825656545,8.191825387293003,0.0,0.0,0.050866666666666664,0.5359999999999999
sigma_xl_1.0000,1.0,833.0,12.257852076102845,2.075061196976708,10.814800492323212,8.202225387293003,0.0,0.0,0.050866666666666664,0.5359999999999999
sigma_xl_1.0000,1.0,834.0,12.271718742769512,2.078527863643375,10.828667158989878,8.212625387293002,0.0,0.0,0.050866666666666664,0.5359999999999999
sigma_xl_1.0000,1.0,835.0,12.285585409436177,2.081994530310041,10.842533825656544,8.223025387293003,0.0,0.0,0.050866666666666664,0.5359999999999999
sigma_xl_1.0000,1.0,836.0,12.299452076102844,2.085461196976708,10.85640049232321,8.233425387293003,0.0,0.0,0.050866666666666664,0.5359999999999999
sigma_xl_1.0000,1.0,837.0,12.31331874276951,2.0889278636433746,10.870267158989877,8.243825387293002,0.0,0.0,0.050866666666666664,0.5359999999999999
sigma_xl_1.0000,1.0,838.0,12.327185409436177,2.0923945303100413,10.884133825656544,8.254225387293003,0.0,0.0,0.050866666666666664,0.5359999999999999
sigma_xl_1.0000,1.0,839.0,12.341052076102844,2.095861196976708,10.898000492323211,8.264625387293004,0.0,0.0,0.050866666666666664,0.5359999999999999
sigma_xl_1.0000,1.0,840.0,12.354918742769511,2.0993278636433748,10.911867158989878,8.275025387293002,0.0,0.0,0.050866666666666664,0.5359999999999999
sigma_xl_1.0000,1.0,841.0,12.368785409436178,2.1027945303100415,10.925733825656545,8.285425387293003,0.0,0.0,0.050866666666666664,0.5359999999999999
sigma_xl_1.0000,1.0,842.0,12.382652076102843,2.1062611969767078,10.93960049232321,8.295825387293004,0.0,0.0,0.050866666666666664,0.5359999999999999
sigma_xl_1.0000,1.0,843.0,12.39651874276951,2.1097278636433745,10.953467158989877,8.306225387293003,0.0,0.0,0.050866666666666664,0.5359999999999999
sigma_xl_1.0000,1.0,844.0,12.410385409436177,2.1131945303100412,10.967333825656544,8.316625387293003,0.0,0.0,0.050866666666666664,0.5359999999999999
sigma_xl_1.0000,1.0,845.0,12.424252076102844,2.116661196976708,10.981200492323211,8.327025387293002,0.0,0.0,0.050866666666666664,0.5359999999999999
sigma_xl_1.0000,1.0,846.0,12.438118742769511,2.1201278636433747,10.995067158989878,8.337425387293003,0.0,0.0,0.050866666666666664,0.5359999999999999
sigma_xl_1.0000,1.0,847.0,12.451985409436178,2.1235945303100414,11.008933825656545,8.347825387293003,0.0,0.0,0.050866666666666664,0.5359999999999999
sigma_xl_1.0000,1.0,848.0,12.465852076102845,2.127061196976708,11.022800492323212,8.358225387293002,0.0,0.0,0.050866666666666664,0.5359999999999999
sigma_xl_1.0000,1.0,849.0,12.47971874276951,2.1305278636433744,11.036667158989877,8.368625387293003,0.0,0.0,0.050866666666666664,0.5359999999999999
sigma_xl_1.0000,1.0,850.0,12.493585409436177,2.133994530310041,11.050533825656544,8.379025387293003,0.0,0.0,0.050866666666666664,0.5359999999999999
sigma_xl_1.0000,1.0,851.0,12.507452076102844,2.137461196976708,11.06440049232321,8.389425387293002,0.0,0.0,0.050866666666666664,0.5359999999999999
sigma_xl_1.0000,1.0,852.0,12.52131874276951,2.1409278636433746,11.078267158989878,8.399825387293003,0.0,0.0,0.050866666666666664,0.5359999999999999
sigma_xl_1.0000,1.0,853.0,12.535185409436178,2.1443945303100413,11.092133825656544,8.410225387293004,0.0,0.0,0.050866666666666664,0.5359999999999999
sigma_xl_1.0000,1.0,854.0,12.549052076102845,2.147861196976708,11.106000492323211,8.420625387293002,0.0,0.0,0.050866666666666664,0.5359999999999999
sigma_xl_1.0000,1.0,855.0,12.562918742769511,2.151327863643375,11.119867158989878,8.431025387293003,0.0,0.0,0.050866666666666664,0.5359999999999999
sigma_xl_1.0000,1.0,856.0,12.576785409436177,2.154794530310041,11.133733825656543,8.441425387293004,0.0,0.0,0.050866666666666664,0.5359999999999999
sigma_xl_1.0000,1.0,857.0,12.590652076102844,2.158261196976708,11.14760049232321,8.451825387293002,0.0,0.0,0.050866666666666664,0.5359999999999999
sigma_xl_1.0000,1.0,858.0,12.60451874276951,2.1617278636433745,11.161467158989877,8.462225387293003,0.0,0.0,0.050866666666666664,0.5359999999999999
sigma_xl_1.0000,1.0,859.0,12.618385409436177,2.1651945303100413,11.175333825656544,8.472625387293002,0.0,0.0,0.050866666666666664,0.5359999999999999
sigma_xl_1.0000,1.0,860.0,12.632252076102844,2.168661196976708,11.189200492323211,8.483025387293003,0.0,0.0,0.050866666666666664,0.5359999999999999
sigma_xl_1.0000,1.0,861.0,12.646118742769511,2.1721278636433747,11.203067158989878,8.493425387293003,0.0,0.0,0.050866666666666664,0.5359999999999999
sigma_xl_1.0000,1.0,862.0,12.659985409436178,2.1755945303100415,11.216933825656545,8.503825387293002,0.0,0.0,0.050866666666666664,0.5359999999999999
sigma_xl_1.0000,1.0,863.0,12.673852076102843,2.1790611969767077,11.23080049232321,8.514225387293003,0.0,0.0,0.050866666666666664,0.5359999999999999
sigma_xl_1.0000,1.0,864.0,12.68771874276951,2.1825278636433745,11.244667158989877,8.524625387293003,0.0,0.0,0.050866666666666664,0.5359999999999999
sigma_xl_1.0000,1.0,865.0,12.701585409436177,2.185994530310041,11.258533825656544,8.535025387293002,0.0,0.0,0.050866666666666664,0.5359999999999999
sigma_xl_1.0000,1.0,866.0,12.715452076102844,2.189461196976708,11.27240049232321,8.545425387293003,0.0,0.0,0.050866666666666664,0.5359999999999999
sigma_xl_1.0000,1.0,867.0,12.729318742769511,2.1929278636433747,11.286267158989878,8.555825387293003,0.0,0.0,0.050866666666666664,0.5359999999999999
sigma_xl_1.0000,1.0,868.0,12.743185409436178,2.1963945303100414,11.300133825656545,8.566225387293002,0.0,0.0,0.050866666666666664,0.5359999999999999
sigma_xl_1.0000,1.0,869.0,12.757052076102845,2.199861196976708,11.314000492323212,8.576625387293003,0.0,0.0,0.050866666666666664,0.5359999999999999
sigma_xl_1.0000,1.0,870.0,12.770918742769512,2.203327863643375,11.327867158989879,8.587025387293004,0.0,0.0,0.050866666666666664,0.5359999999999999
sigma_xl_1.0000,1.0,871.0,12.784785409436177,2.206794530310041,11.341733825656544,8.597425387293002,0.0,0.0,0.050866666666666664,0.5359999999999999
sigma_xl_1.0000,1.0,872.0,12.798652076102844,2.210261196976708,11.35560049232321,8.607825387293003,0.0,0.0,0.050866666666666664,0.5359999999999999
sigma_xl_1.0000,1.0,873.0,12.81251874276951,2.2137278636433746,11.369467158989877,8.618225387293004,0.0,0.0,0.050866666666666664,0.5359999999999999
sigma_xl_1.0000,1.0,874.0,12.826385409436178,2.2171945303100413,11.383333825656544,8.628625387293003,0.0,0.0,0.050866666666666664,0.5359999999999999
sigma_xl_1.0000,1.0,875.0,12.840252076102844,2.220661196976708,11.397200492323211,8.639025387293003,0.0,0.0,0.050866666666666664,0.5359999999999999
sigma_xl_1.0000,1.0,876.0,12.854118742769511,2.224127863643375,11.411067158989878,8.649425387293002,0.0,0.0,0.050866666666666664,0.5359999999999999
sigma_xl_1.0000,1.0,877.0,12.867985409436178,2.2275945303100415,11.424933825656545,8.659825387293003,0.0,0.0,0.050866666666666664,0.5359999999999999
sigma_xl_1.0000,1.0,878.0,12.881852076102843,2.231061196976708,11.43880049232321,8.670225387293003,0.0,0.0,0.050866666666666664,0.5359999999999999
sigma_xl_1.0000,1.0,879.0,12.89571874276951,2.2345278636433745,11.452667158989877,8.680625387293002,0.0,0.0,0.050866666666666664,0.5359999999999999
sigma_xl_1.0000,1.0,880.0,12.909585409436177,2.2379945303100413,11.466533825656544,8.691025387293003,0.0,0.0,0.050866666666666664,0.5359999999999999
sigma_xl_1.0000,1.0,881.0,12.923452076102844,2.241461196976708,11.480400492323211,8.701425387293003,0.0,0.0,0.050866666666666664,0.5359999999999999
sigma_xl_1.0000,1.0,882.0,12.937318742769511,2.2449278636433747,11.494267158989878,8.711825387293002,0.0,0.0,0.050866666666666664,0.5359999999999999
sigma_xl_1.0000,1.0,883.0,12.951185409436178,2.2483945303100414,11.508133825656545,8.722225387293003,0.0,0.0,0.050866666666666664,0.5359999999999999
sigma_xl_1.0000,1.0,884.0,12.965052076102845,2.251861196976708,11.522000492323212,8.732625387293004,0.0,0.0,0.050866666666666664,0.5359999999999999
sigma_xl_1.0000,1.0,885.0,12.97891874276951,2.2553278636433745,11.535867158989877,8.743025387293002,0.0,0.0,0.050866666666666664,0.5359999999999999
sigma_xl_1.0000,1.0,886.0,12.992785409436177,2.258794530310041,11.549733825656544,8.753425387293003,0.0,0.0,0.050866666666666664,0.5359999999999999
sigma_xl_1.0000,1.0,887.0,13.006652076102844,2.262261196976708,11.56360049232321,8.763825387293004,0.0,0.0,0.050866666666666664,0.5359999999999999
sigma_xl_1.0000,1.0,888.0,13.02051874276951,2.2657278636433746,11.577467158989878,8.774225387293002,0.0,0.0,0.050866666666666664,0.5359999999999999
sigma_xl_1.0000,1.0,889.0,13.034385409436178,2.2691945303100414,11.591333825656545,8.784625387293003,0.0,0.0,0.050866666666666664,0.5359999999999999
sigma_xl_1.0000,1.0,890.0,13.048252076102845,2.272661196976708,11.605200492323211,8.795025387293004,0.0,0.0,0.050866666666666664,0.5359999999999999
sigma_xl_1.0000,1.0,891.0,13.062118742769512,2.276127863643375,11.619067158989878,8.805425387293003,0.0,0.0,0.050866666666666664,0.5359999999999999
sigma_xl_1.0000,1.0,892.0,13.075985409436177,2.279594530310041,11.632933825656544,8.815825387293003,0.0,0.0,0.050866666666666664,0.5359999999999999
sigma_xl_1.0000,1.0,893.0,13.089852076102844,2.283061196976708,11.64680049232321,8.826225387293002,0.0,0.0,0.050866666666666664,0.5359999999999999
sigma_xl_1.0000,1.0,894.0,13.10371874276951,2.2865278636433746,11.660667158989877,8.836625387293003,0.0,0.0,0.050866666666666664,0.5359999999999999
sigma_xl_1.0000,1.0,895.0,13.117585409436177,2.2899945303100413,11.674533825656544,8.847025387293003,0.0,0.0,0.050866666666666664,0.5359999999999999
sigma_xl_1.0000,1.0,896.0,13.131452076102844,2.293461196976708,11.688400492323211,8.857425387293002,0.0,0.0,0.050866666666666664,0.5359999999999999
sigma_xl_1.0000,1.0,897.0,13.145318742769511,2.2969278636433748,11.702267158989878,8.867825387293003,0.0,0.0,0.050866666666666664,0.5359999999999999
sigma_xl_1.0000,1.0,898.0,13.159185409436178,2.3003945303100415,11.716133825656545,8.878225387293003,0.0,0.0,0.050866666666666664,0.5359999999999999
sigma_xl_1.0000,1.0,899.0,13.173052076102843,2.3038611969767078,11.73000049232321,8.888625387293002,0.0,0.0,0.050866666666666664,0.5359999999999999
sigma_xl_1.0000,1.0,900.0,13.18691874276951,2.3073278636433745,11.743867158989877,8.899025387293003,0.0,0.0,0.050866666666666664,0.5359999999999999
sigma_xl_1.0000,1.0,901.0,13.200785409436177,2.3107945303100412,11.757733825656544,8.909425387293004,0.0,0.0,0.050866666666666664,0.5359999999999999
sigma_xl_1.0000,1.0,902.0,13.214652076102844,2.314261196976708,11.771600492323211,8.919825387293002,0.0,0.0,0.050866666666666664,0.5359999999999999
sigma_xl_1.0000,1.0,903.0,13.228518742769511,2.3177278636433747,11.785467158989878,8.930225387293003,0.0,0.0,0.050866666666666664,0.5359999999999999
sigma_xl_1.0000,1.0,904.0,13.242385409436178,2.3211945303100414,11.799333825656545,8.940625387293004,0.0,0.0,0.050866666666666664,0.5359999999999999
sigma_xl_1.0000,1.0,905.0,13.256252076102845,2.324661196976708,11.813200492323212,8.951025387293003,0.0,0.0,0.050866666666666664,0.5359999999999999
sigma_xl_1.0000,1.0,906.0,13.27011874276951,2.3281278636433744,11.827067158989877,8.961425387293003,0.0,0.0,0.050866666666666664,0.5359999999999999
sigma_xl_1.0000,1.0,907.0,13.283985409436177,2.331594530310041,11.840933825656544,8.971825387293002,0.0,0.0,0.050866666666666664,0.5359999999999999
sigma_xl_1.0000,1.0,908.0,13.297852076102844,2.335061196976708,11.85480049232321,8.982225387293003,0.0,0.0,0.050866666666666664,0.5359999999999999
sigma_xl_1.0000,1.0,909.0,13.31171874276951,2.3385278636433746,11.868667158989878,8.992625387293003,0.0,0.0,0.050866666666666664,0.5359999999999999
sigma_xl_1.0000,1.0,910.0,13.325585409436178,2.3419945303100413,11.882533825656544,9.003025387293002,0.0,0.0,0.050866666666666664,0.5359999999999999
sigma_xl_1.0000,1.0,911.0,13.339452076102845,2.345461196976708,11.896400492323211,9.013425387293003,0.0,0.0,0.050866666666666664,0.5359999999999999
sigma_xl_1.0000,1.0,912.0,13.353318742769511,2.348927863643375,11.910267158989878,9.023825387293003,0.0,0.0,0.050866666666666664,0.5359999999999999
sigma_xl_1.0000,1.0,913.0,13.367185409436178,2.3523945303100415,11.924133825656545,9.034225387293002,0.0,0.0,0.050866666666666664,0.5359999999999999
sigma_xl_1.0000,1.0,914.0,13.381052076102844,2.355861196976708,11.93800049232321,9.044625387293003,0.0,0.0,0.050866666666666664,0.5359999999999999
sigma_xl_1.0000,1.0,915.0,13.39491874276951,2.3593278636433745,11.951867158989877,9.055025387293004,0.0,0.0,0.050866666666666664,0.5359999999999999
sigma_xl_1.0000,1.0,916.0,13.408785409436177,2.3627945303100413,11.965733825656544,9.065425387293002,0.0,0.0,0.050866666666666664,0.5359999999999999
sigma_xl_1.0000,1.0,917.0,13.422652076102844,2.366261196976708,11.979600492323211,9.075825387293003,0.0,0.0,0.050866666666666664,0.5359999999999999
sigma_xl_1.0000,1.0,918.0,13.436518742769511,2.3697278636433747,11.993467158989878,9.086225387293004,0.0,0.0,0.050866666666666664,0.5359999999999999
sigma_xl_1.0000,1.0,919.0,13.450385409436178,2.3731945303100415,12.007333825656545,9.096625387293003,0.0,0.0,0.050866666666666664,0.5359999999999999
sigma_xl_1.0000,1.0,920.0,13.464252076102845,2.376661196976708,12.021200492323212,9.107025387293003,0.0,0.0,0.050866666666666664,0.5359999999999999
sigma_xl_1.0000,1.0,921.0,13.47811874276951,2.3801278636433745,12.035067158989877,9.117425387293004,0.0,0.0,0.050866666666666664,0.5359999999999999
sigma_xl_1.0000,1.0,922.0,13.491985409436177,2.383594530310041,12.048933825656544,9.127825387293003,0.0,0.0,0.050866666666666664,0.5359999999999999
sigma_xl_1.0000,1.0,923.0,13.505852076102844,2.387061196976708,12.06280049232321,9.138225387293003,0.0,0.0,0.050866666666666664,0.5359999999999999
sigma_xl_1.0000,1.0,924.0,13.519718742769511,2.3905278636433747,12.076667158989878,9.148625387293002,0.0,0.0,0.050866666666666664,0.5359999999999999
sigma_xl_1.0000,1.0,925.0,13.533585409436178,2.3939945303100414,12.090533825656545,9.159025387293003,0.0,0.0,0.050866666666666664,0.5359999999999999
sigma_xl_1.0000,1.0,926.0,13.547452076102845,2.397461196976708,12.104400492323212,9.169425387293003,0.0,0.0,0.050866666666666664,0.5359999999999999
sigma_xl_1.0000,1.0,927.0,13.561318742769512,2.400927863643375,12.118267158989878,9.179825387293002,0.0,0.0,0.050866666666666664,0.5359999999999999
sigma_xl_1.0000,1.0,928.0,13.575185409436177,2.404394530310041,12.132133825656544,9.190225387293003,0.0,0.0,0.050866666666666664,0.5359999999999999
sigma_xl_1.0000,1.0,929.0,13.589052076102844,2.407861196976708,12.14600049232321,9.200625387293003,0.0,0.0,0.050866666666666664,0.5359999999999999
sigma_xl_1.0000,1.0,930.0,13.60291874276951,2.4113278636433746,12.159867158989877,9.211025387293002,0.0,0.0,0.050866666666666664,0.5359999999999999
sigma_xl_1.0000,1.0,931.0,13.616785409436178,2.4147945303100413,12.173733825656544,9.221425387293003,0.0,0.0,0.050866666666666664,0.5359999999999999
sigma_xl_1.0000,1.0,932.0,13.630652076102844,2.418261196976708,12.187600492323211,9.231825387293004,0.0,0.0,0.050866666666666664,0.5359999999999999
sigma_xl_1.0000,1.0,933.0,13.644518742769511,2.421727863643375,12.201467158989878,9.242225387293002,0.0,0.0,0.050866666666666664,0.5359999999999999
sigma_xl_1.0000,1.0,934.0,13.658385409436178,2.4251945303100415,12.215333825656545,9.252625387293003,0.0,0.0,0.050866666666666664,0.5359999999999999
sigma_xl_1.0000,1.0,935.0,13.672252076102843,2.428661196976708,12.22920049232321,9.263025387293004,0.0,0.0,0.050866666666666664,0.5359999999999999
sigma_xl_1.0000,1.0,936.0,13.68611874276951,2.4321278636433745,12.243067158989877,9.273425387293003,0.0,0.0,0.050866666666666664,0.5359999999999999
sigma_xl_1.0000,1.0,937.0,13.699985409436177,2.4355945303100413,12.256933825656544,9.283825387293003,0.0,0.0,0.050866666666666664,0.5359999999999999
sigma_xl_1.0000,1.0,938.0,13.713852076102844,2.439061196976708,12.270800492323211,9.294225387293002,0.0,0.0,0.050866666666666664,0.5359999999999999
sigma_xl_1.0000,1.0,939.0,13.727718742769511,2.4425278636433747,12.284667158989878,9.304625387293003,0.0,0.0,0.050866666666666664,0.5359999999999999
sigma_xl_1.0000,1.0,940.0,13.741585409436178,2.4459945303100414,12.298533825656545,9.315025387293003,0.0,0.0,0.050866666666666664,0.5359999999999999
sigma_xl_1.0000,1.0,941.0,13.755452076102845,2.449461196976708,12.312400492323212,9.325425387293002,0.0,0.0,0.050866666666666664,0.5359999999999999
sigma_xl_1.0000,1.0,942.0,13.76931874276951,2.4529278636433745,12.326267158989877,9.335825387293003,0.0,0.0,0.050866666666666664,0.5359999999999999
sigma_xl_1.0000,1.0,943.0,13.783185409436177,2.456394530310041,12.340133825656544,9.346225387293003,0.0,0.0,0.050866666666666664,0.5359999999999999
sigma_xl_1.0000,1.0,944.0,13.797052076102844,2.459861196976708,12.35400049232321,9.356625387293002,0.0,0.0,0.050866666666666664,0.5359999999999999
sigma_xl_1.0000,1.0,945.0,13.81091874276951,2.4633278636433746,12.367867158989878,9.367025387293003,0.0,0.0,0.050866666666666664,0.5359999999999999
sigma_xl_1.0000,1.0,946.0,13.824785409436178,2.4667945303100414,12.381733825656545,9.377425387293004,0.0,0.0,0.050866666666666664,0.5359999999999999
sigma_xl_1.0000,1.0,947.0,13.838652076102845,2.470261196976708,12.395600492323211,9.387825387293002,0.0,0.0,0.050866666666666664,0.5359999999999999
sigma_xl_1.0000,1.0,948.0,13.852518742769512,2.473727863643375,12.409467158989878,9.398225387293003,0.0,0.0,0.050866666666666664,0.5359999999999999
sigma_xl_1.0000,1.0,949.0,13.866385409436177,2.477194530310041,12.423333825656544,9.408625387293004,0.0,0.0,0.050866666666666664,0.5359999999999999
sigma_xl_1.0000,1.0,950.0,13.880252076102844,2.480661196976708,12.43720049232321,9.419025387293003,0.0,0.0,0.050866666666666664,0.5359999999999999
sigma_xl_1.0000,1.0,951.0,13.89411874276951,2.4841278636433746,12.451067158989877,9.429425387293003,0.0,0.0,0.050866666666666664,0.5359999999999999
sigma_xl_1.0000,1.0,952.0,13.907985409436177,2.4875945303100413,12.464933825656544,9.439825387293004,0.0,0.0,0.050866666666666664,0.5359999999999999
sigma_xl_1.0000,1.0,953.0,13.921852076102844,2.491061196976708,12.478800492323211,9.450225387293003,0.0,0.0,0.050866666666666664,0.5359999999999999
sigma_xl_1.0000,1.0,954.0,13.935718742769511,2.4945278636433748,12.492667158989878,9.460625387293003,0.0,0.0,0.050866666666666664,0.5359999999999999
sigma_xl_1.0000,1.0,955.0,13.949585409436178,2.4979945303100415,12.506533825656545,9.471025387293002,0.0,0.0,0.050866666666666664,0.5359999999999999
sigma_xl_1.0000,1.0,956.0,13.963452076102843,2.5014611969767078,12.52040049232321,9.481425387293003,0.0,0.0,0.050866666666666664,0.5359999999999999
sigma_xl_1.0000,1.0,957.0,13.97731874276951,2.5049278636433745,12.534267158989877,9.491825387293003,0.0,0.0,0.050866666666666664,0.5359999999999999
sigma_xl_1.0000,1.0,958.0,13.991185409436177,2.5083945303100412,12.548133825656544,9.502225387293002,0.0,0.0,0.050866666666666664,0.5359999999999999
sigma_xl_1.0000,1.0,959.0,14.005052076102844,2.511861196976708,12.562000492323211,9.512625387293003,0.0,0.0,0.050866666666666664,0.5359999999999999
sigma_xl_1.0000,1.0,960.0,14.018918742769511,2.5153278636433747,12.575867158989878,9.523025387293004,0.0,0.0,0.050866666666666664,0.5359999999999999
sigma_xl_1.0000,1.0,961.0,14.032785409436178,2.5187945303100414,12.589733825656545,9.533425387293002,0.0,0.0,0.050866666666666664,0.5359999999999999
sigma_xl_1.0000,1.0,962.0,14.046652076102845,2.522261196976708,12.603600492323212,9.543825387293003,0.0,0.0,0.050866666666666664,0.5359999999999999
sigma_xl_1.0000,1.0,963.0,14.060518742769512,2.525727863643375,12.617467158989879,9.554225387293004,0.0,0.0,0.050866666666666664,0.5359999999999999
sigma_xl_1.0000,1.0,964.0,14.074385409436177,2.529194530310041,12.631333825656544,9.564625387293002,0.0,0.0,0.050866666666666664,0.5359999999999999
sigma_xl_1.0000,1.0,965.0,14.088252076102844,2.532661196976708,12.64520049232321,9.575025387293003,0.0,0.0,0.050866666666666664,0.5359999999999999
sigma_xl_1.0000,1.0,966.0,14.10211874276951,2.5361278636433746,12.659067158989878,9.585425387293004,0.0,0.0,0.050866666666666664,0.5359999999999999
sigma_xl_1.0000,1.0,967.0,14.115985409436178,2.5395945303100413,12.672933825656544,9.595825387293003,0.0,0.0,0.050866666666666664,0.5359999999999999
sigma_xl_1.0000,1.0,968.0,14.129852076102845,2.543061196976708,12.686800492323211,9.606225387293003,0.0,0.0,0.050866666666666664,0.5359999999999999
sigma_xl_1.0000,1.0,969.0,14.143718742769511,2.546527863643375,12.700667158989878,9.616625387293002,0.0,0.0,0.050866666666666664,0.5359999999999999
sigma_xl_1.0000,1.0,970.0,14.157585409436178,2.5499945303100415,12.714533825656545,9.627025387293003,0.0,0.0,0.050866666666666664,0.5359999999999999
sigma_xl_1.0000,1.0,971.0,14.171452076102844,2.553461196976708,12.72840049232321,9.637425387293003,0.0,0.0,0.050866666666666664,0.5359999999999999
sigma_xl_1.0000,1.0,972.0,14.18531874276951,2.5569278636433745,12.742267158989877,9.647825387293002,0.0,0.0,0.050866666666666664,0.5359999999999999
sigma_xl_1.0000,1.0,973.0,14.199185409436177,2.5603945303100413,12.756133825656544,9.658225387293003,0.0,0.0,0.050866666666666664,0.5359999999999999
sigma_xl_1.0000,1.0,974.0,14.213052076102844,2.563861196976708,12.770000492323211,9.668625387293003,0.0,0.0,0.050866666666666664,0.5359999999999999
sigma_xl_1.0000,1.0,975.0,14.226918742769511,2.5673278636433747,12.783867158989878,9.679025387293002,0.0,0.0,0.050866666666666664,0.5359999999999999
sigma_xl_1.0000,1.0,976.0,14.240785409436178,2.5707945303100415,12.797733825656545,9.689425387293003,0.0,0.0,0.050866666666666664,0.5359999999999999
sigma_xl_1.0000,1.0,977.0,14.254652076102845,2.574261196976708,12.811600492323212,9.699825387293004,0.0,0.0,0.050866666666666664,0.5359999999999999
sigma_xl_1.0000,1.0,978.0,14.26851874276951,2.5777278636433745,12.825467158989877,9.710225387293002,0.0,0.0,0.050866666666666664,0.5359999999999999
sigma_xl_1.0000,1.0,979.0,14.282385409436177,2.581194530310041,12.839333825656544,9.720625387293003,0.0,0.0,0.050866666666666664,0.5359999999999999
sigma_xl_1.0000,1.0,980.0,14.296252076102844,2.584661196976708,12.85320049232321,9.731025387293004,0.0,0.0,0.050866666666666664,0.5359999999999999
sigma_xl_1.0000,1.0,981.0,14.310118742769511,2.5881278636433747,12.867067158989878,9.741425387293003,0.0,0.0,0.050866666666666664,0.5359999999999999
sigma_xl_1.0000,1.0,982.0,14.323985409436178,2.5915945303100414,12.880933825656545,9.751825387293003,0.0,0.0,0.050866666666666664,0.5359999999999999
sigma_xl_1.0000,1.0,983.0,14.337852076102845,2.595061196976708,12.894800492323212,9.762225387293004,0.0,0.0,0.050866666666666664,0.5359999999999999
sigma_xl_1.0000,1.0,984.0,14.351718742769512,2.598527863643375,12.908667158989878,9.772625387293003,0.0,0.0,0.050866666666666664,0.5359999999999999
sigma_xl_1.0000,1.0,985.0,14.365585409436177,2.601994530310041,12.922533825656544,9.783025387293003,0.0,0.0,0.050866666666666664,0.5359999999999999
sigma_xl_1.0000,1.0,986.0,14.379452076102844,2.605461196976708,12.93640049232321,9.793425387293002,0.0,0.0,0.050866666666666664,0.5359999999999999
sigma_xl_1.0000,1.0,987.0,14.39331874276951,2.6089278636433746,12.950267158989877,9.803825387293003,0.0,0.0,0.050866666666666664,0.5359999999999999
sigma_xl_1.0000,1.0,988.0,14.407185409436178,2.6123945303100413,12.964133825656544,9.814225387293003,0.0,0.0,0.050866666666666664,0.5359999999999999
sigma_xl_1.0000,1.0,989.0,14.421052076102844,2.615861196976708,12.978000492323211,9.824625387293002,0.0,0.0,0.050866666666666664,0.5359999999999999
sigma_xl_1.0000,1.0,990.0,14.434918742769511,2.6193278636433748,12.991867158989878,9.835025387293003,0.0,0.0,0.050866666666666664,0.5359999999999999
sigma_xl_1.0000,1.0,991.0,14.448785409436178,2.6227945303100415,13.005733825656545,9.845425387293004,0.0,0.0,0.050866666666666664,0.5359999999999999
sigma_xl_1.0000,1.0,992.0,14.462652076102843,2.626261196976708,13.01960049232321,9.855825387293002,0.0,0.0,0.050866666666666664,0.5359999999999999
sigma_xl_1.0000,1.0,993.0,14.47651874276951,2.6297278636433745,13.033467158989877,9.866225387293003,0.0,0.0,0.050866666666666664,0.5359999999999999
sigma_xl_1.0000,1.0,994.0,14.490385409436177,2.6331945303100412,13.047333825656544,9.876625387293004,0.0,0.0,0.050866666666666664,0.5359999999999999
sigma_xl_1.0000,1.0,995.0,14.504252076102844,2.636661196976708,13.061200492323211,9.887025387293003,0.0,0.0,0.050866666666666664,0.5359999999999999
sigma_xl_1.0000,1.0,996.0,14.518118742769511,2.6401278636433747,13.075067158989878,9.897425387293003,0.0,0.0,0.050866666666666664,0.5359999999999999
sigma_xl_1.0000,1.0,997.0,14.531985409436178,2.6435945303100414,13.088933825656545,9.907825387293004,0.0,0.0,0.050866666666666664,0.5359999999999999
sigma_xl_1.0000,1.0,998.0,14.545852076102845,2.647061196976708,13.102800492323212,9.918225387293003,0.0,0.0,0.050866666666666664,0.5359999999999999
sigma_xl_1.0000,1.0,999.0,14.55971874276951,2.6505278636433744,13.116667158989877,9.928625387293003,0.0,0.0,0.050866666666666664,0.5359999999999999
sigma_xl_1.0000,1.0,1000.0,14.573585409436177,2.653994530310041,13.130533825656544,9.939025387293004,0.0,0.0,0.050866666666666664,0.5359999999999999
sigma_xl_1.0000,1.0,1001.0,14.587452076102844,2.657461196976708,13.14440049232321,9.949425387293003,0.0,0.0,0.050866666666666664,0.5359999999999999
sigma_xl_1.0000,1.0,1002.0,14.60131874276951,2.6609278636433746,13.158267158989878,9.959825387293003,0.0,0.0,0.050866666666666664,0.5359999999999999
sigma_xl_1.0000,1.0,1003.0,14.615185409436178,2.6643945303100414,13.172133825656545,9.970225387293002,0.0,0.0,0.050866666666666664,0.5359999999999999
sigma_xl_1.0000,1.0,1004.0,14.629052076102845,2.667861196976708,13.186000492323211,9.980625387293003,0.0,0.0,0.050866666666666664,0.5359999999999999
sigma_xl_1.0000,1.0,1005.0,14.642918742769512,2.671327863643375,13.199867158989878,9.991025387293003,0.0,0.0,0.050866666666666664,0.5359999999999999
sigma_xl_1.0000,1.0,1006.0,14.656785409436178,2.6747945303100416,13.213733825656545,10.001425387293002,0.0,0.0,0.050866666666666664,0.5359999999999999
sigma_xl_1.0000,1.0,1007.0,14.670652076102844,2.678261196976708,13.22760049232321,10.011825387293003,0.0,0.0,0.050866666666666664,0.5359999999999999
sigma_xl_1.0000,1.0,1008.0,14.68451874276951,2.6817278636433746,13.241467158989877,10.022225387293004,0.0,0.0,0.050866666666666664,0.5359999999999999
sigma_xl_1.0000,1.0,1009.0,14.698385409436177,2.6851945303100413,13.255333825656544,10.032625387293002,0.0,0.0,0.050866666666666664,0.5359999999999999
sigma_xl_1.0000,1.0,1010.0,14.712252076102844,2.688661196976708,13.269200492323211,10.043025387293003,0.0,0.0,0.050866666666666664,0.5359999999999999
sigma_xl_1.0000,1.0,1011.0,14.726118742769511,2.6921278636433748,13.283067158989878,10.053425387293004,0.0,0.0,0.050866666666666664,0.5359999999999999
sigma_xl_1.0000,1.0,1012.0,14.739985409436178,2.6955945303100415,13.296933825656545,10.063825387293003,0.0,0.0,0.050866666666666664,0.5359999999999999
sigma_xl_1.0000,1.0,1013.0,14.753852076102845,2.699061196976708,13.310800492323212,10.074225387293003,0.0,0.0,0.050866666666666664,0.5359999999999999
sigma_xl_1.0000,1.0,1014.0,14.76771874276951,2.7025278636433745,13.324667158989877,10.084625387293004,0.0,0.0,0.050866666666666664,0.5359999999999999
sigma_xl_1.0000,1.0,1015.0,14.781585409436177,2.7059945303100412,13.338533825656544,10.095025387293003,0.0,0.0,0.050866666666666664,0.5359999999999999
sigma_xl_1.0000,1.0,1016.0,14.795452076102844,2.709461196976708,13.352400492323211,10.105425387293003,0.0,0.0,0.050866666666666664,0.5359999999999999
sigma_xl_1.0000,1.0,1017.0,14.809318742769511,2.7129278636433747,13.366267158989878,10.115825387293002,0.0,0.0,0.050866666666666664,0.5359999999999999
sigma_xl_1.0000,1.0,1018.0,14.823185409436178,2.7163945303100414,13.380133825656545,10.126225387293003,0.0,0.0,0.050866666666666664,0.5359999999999999
sigma_xl_1.0000,1.0,1019.0,14.837052076102845,2.719861196976708,13.394000492323212,10.136625387293003,0.0,0.0,0.050866666666666664,0.5359999999999999
sigma_xl_1.0000,1.0,1020.0,14.850918742769512,2.723327863643375,13.407867158989879,10.147025387293002,0.0,0.0,0.050866666666666664,0.5359999999999999
sigma_xl_1.0000,1.0,1021.0,14.864785409436177,2.726794530310041,13.421733825656544,10.157425387293003,0.0,0.0,0.050866666666666664,0.5359999999999999
sigma_xl_1.0000,1.0,1022.0,14.878652076102844,2.730261196976708,13.43560049232321,10.167825387293004,0.0,0.0,0.050866666666666664,0.5359999999999999
sigma_xl_1.0000,1.0,1023.0,14.89251874276951,2.7337278636433746,13.449467158989878,10.178225387293002,0.0,0.0,0.050866666666666664,0.5359999999999999
sigma_xl_1.0000,1.0,1024.0,14.906385409436178,2.7371945303100413,13.463333825656544,10.188625387293003,0.0,0.0,0.050866666666666664,0.5359999999999999
sigma_xl_1.0000,1.0,1025.0,14.920252076102845,2.740661196976708,13.477200492323211,10.199025387293004,0.0,0.0,0.050866666666666664,0.5359999999999999
sigma_xl_1.0000,1.0,1026.0,14.934118742769511,2.744127863643375,13.491067158989878,10.209425387293003,0.0,0.0,0.050866666666666664,0.5359999999999999
sigma_xl_1.0000,1.0,1027.0,14.947985409436178,2.7475945303100415,13.504933825656545,10.219825387293003,0.0,0.0,0.050866666666666664,0.5359999999999999
sigma_xl_1.0000,1.0,1028.0,14.961852076102844,2.751061196976708,13.51880049232321,10.230225387293004,0.0,0.0,0.050866666666666664,0.5359999999999999
sigma_xl_1.0000,1.0,1029.0,14.97571874276951,2.7545278636433745,13.532667158989877,10.240625387293003,0.0,0.0,0.050866666666666664,0.5359999999999999
sigma_xl_1.0000,1.0,1030.0,14.989585409436177,2.7579945303100413,13.546533825656544,10.251025387293003,0.0,0.0,0.050866666666666664,0.5359999999999999
sigma_xl_1.0000,1.0,1031.0,15.003452076102844,2.761461196976708,13.560400492323211,10.261425387293004,0.0,0.0,0.050866666666666664,0.5359999999999999
sigma_xl_1.0000,1.0,1032.0,15.017318742769511,2.7649278636433747,13.574267158989878,10.271825387293003,0.0,0.0,0.050866666666666664,0.5359999999999999
sigma_xl_1.0000,1.0,1033.0,15.031185409436178,2.7683945303100415,13.588133825656545,10.282225387293003,0.0,0.0,0.050866666666666664,0.5359999999999999
sigma_xl_1.0000,1.0,1034.0,15.045052076102845,2.771861196976708,13.602000492323212,10.292625387293002,0.0,0.0,0.050866666666666664,0.5359999999999999
sigma_xl_1.0000,1.0,1035.0,15.05891874276951,2.7753278636433745,13.615867158989877,10.303025387293003,0.0,0.0,0.050866666666666664,0.5359999999999999
sigma_xl_1.0000,1.0,1036.0,15.072785409436177,2.778794530310041,13.629733825656544,10.313425387293004,0.0,0.0,0.050866666666666664,0.5359999999999999
sigma_xl_1.0000,1.0,1037.0,15.086652076102844,2.782261196976708,13.64360049232321,10.323825387293002,0.0,0.0,0.050866666666666664,0.5359999999999999
sigma_xl_1.0000,1.0,1038.0,15.100518742769511,2.7857278636433747,13.657467158989878,10.334225387293003,0.0,0.0,0.050866666666666664,0.5359999999999999
sigma_xl_1.0000,1.0,1039.0,15.114385409436178,2.7891945303100414,13.671333825656545,10.344625387293004,0.0,0.0,0.050866666666666664,0.5359999999999999
sigma_xl_1.0000,1.0,1040.0,15.128252076102845,2.792661196976708,13.685200492323212,10.355025387293002,0.0,0.0,0.050866666666666664,0.5359999999999999
sigma_xl_1.0000,1.0,1041.0,15.142118742769512,2.796127863643375,13.699067158989878,10.365425387293003,0.0,0.0,0.050866666666666664,0.5359999999999999
sigma_xl_1.0000,1.0,1042.0,15.155985409436177,2.799594530310041,13.712933825656544,10.375825387293004,0.0,0.0,0.050866666666666664,0.5359999999999999
sigma_xl_1.0000,1.0,1043.0,15.169852076102844,2.803061196976708,13.72680049232321,10.386225387293003,0.0,0.0,0.050866666666666664,0.5359999999999999
sigma_xl_1.0000,1.0,1044.0,15.18371874276951,2.8065278636433746,13.740667158989877,10.396625387293003,0.0,0.0,0.050866666666666664,0.5359999999999999
sigma_xl_1.0000,1.0,1045.0,15.197585409436178,2.8099945303100413,13.754533825656544,10.407025387293004,0.0,0.0,0.050866666666666664,0.5359999999999999
sigma_xl_1.0000,1.0,1046.0,15.211452076102844,2.813461196976708,13.768400492323211,10.417425387293003,0.0,0.0,0.050866666666666664,0.5359999999999999
sigma_xl_1.0000,1.0,1047.0,15.225318742769511,2.8169278636433748,13.782267158989878,10.427825387293003,0.0,0.0,0.050866666666666664,0.5359999999999999
sigma_xl_1.0000,1.0,1048.0,15.239185409436178,2.8203945303100415,13.796133825656545,10.438225387293002,0.0,0.0,0.050866666666666664,0.5359999999999999
sigma_xl_1.0000,1.0,1049.0,15.253052076102845,2.8238611969767082,13.810000492323212,10.448625387293003,0.0,0.0,0.050866666666666664,0.5359999999999999
sigma_xl_1.0000,1.0,1050.0,15.26691874276951,2.8273278636433745,13.823867158989877,10.459025387293003,0.0,0.0,0.050866666666666664,0.5359999999999999
sigma_xl_1.0000,1.0,1051.0,15.280785409436177,2.8307945303100412,13.837733825656544,10.469425387293002,0.0,0.0,0.050866666666666664,0.5359999999999999
sigma_xl_1.0000,1.0,1052.0,15.294652076102844,2.834261196976708,13.851600492323211,10.479825387293003,0.0,0.0,0.050866666666666664,0.5359999999999999
sigma_xl_1.0000,1.0,1053.0,15.308518742769511,2.8377278636433747,13.865467158989878,10.490225387293004,0.0,0.0,0.050866666666666664,0.5359999999999999
sigma_xl_1.0000,1.0,1054.0,15.322385409436178,2.8411945303100414,13.879333825656545,10.500625387293002,0.0,0.0,0.050866666666666664,0.5359999999999999
sigma_xl_1.0000,1.0,1055.0,15.336252076102845,2.844661196976708,13.893200492323212,10.511025387293003,0.0,0.0,0.050866666666666664,0.5359999999999999
sigma_xl_1.0000,1.0,1056.0,15.350118742769512,2.848127863643375,13.907067158989879,10.521425387293004,0.0,0.0,0.050866666666666664,0.5359999999999999
sigma_xl_1.0000,1.0,1057.0,15.363985409436177,2.851594530310041,13.920933825656544,10.531825387293003,0.0,0.0,0.050866666666666664,0.5359999999999999
sigma_xl_1.0000,1.0,1058.0,15.377852076102844,2.855061196976708,13.93480049232321,10.542225387293003,0.0,0.0,0.050866666666666664,0.5359999999999999
sigma_xl_1.0000,1.0,1059.0,15.39171874276951,2.8585278636433746,13.948667158989878,10.552625387293004,0.0,0.0,0.050866666666666664,0.5359999999999999
sigma_xl_1.0000,1.0,1060.0,15.405585409436178,2.8619945303100414,13.962533825656545,10.563025387293003,0.0,0.0,0.050866666666666664,0.5359999999999999
sigma_xl_1.0000,1.0,1061.0,15.419452076102845,2.865461196976708,13.976400492323211,10.573425387293003,0.0,0.0,0.050866666666666664,0.5359999999999999
sigma_xl_1.0000,1.0,1062.0,15.433318742769512,2.868927863643375,13.990267158989878,10.583825387293004,0.0,0.0,0.050866666666666664,0.5359999999999999
sigma_xl_1.0000,1.0,1063.0,15.447185409436178,2.8723945303100415,14.004133825656545,10.594225387293003,0.0,0.0,0.050866666666666664,0.5359999999999999
sigma_xl_1.0000,1.0,1064.0,15.461052076102844,2.875861196976708,14.01800049232321,10.604625387293003,0.0,0.0,0.050866666666666664,0.5359999999999999
sigma_xl_1.0000,1.0,1065.0,15.47491874276951,2.8793278636433746,14.031867158989877,10.615025387293002,0.0,0.0,0.050866666666666664,0.5359999999999999
sigma_xl_1.0000,1.0,1066.0,15.488785409436177,2.8827945303100413,14.045733825656544,10.625425387293003,0.0,0.0,0.050866666666666664,0.5359999999999999
sigma_xl_1.0000,1.0,1067.0,15.502652076102844,2.886261196976708,14.059600492323211,10.635825387293004,0.0,0.0,0.050866666666666664,0.5359999999999999
sigma_xl_1.0000,1.0,1068.0,15.516518742769511,2.8897278636433748,14.073467158989878,10.646225387293002,0.0,0.0,0.050866666666666664,0.5359999999999999
sigma_xl_1.0000,1.0,1069.0,15.530385409436178,2.8931945303100415,14.087333825656545,10.656625387293003,0.0,0.0,0.050866666666666664,0.5359999999999999
sigma_xl_1.0000,1.0,1070.0,15.544252076102845,2.896661196976708,14.101200492323212,10.667025387293004,0.0,0.0,0.050866666666666664,0.5359999999999999
sigma_xl_1.0000,1.0,1071.0,15.55811874276951,2.9001278636433745,14.115067158989877,10.677425387293003,0.0,0.0,0.050866666666666664,0.5359999999999999
sigma_xl_1.0000,1.0,1072.0,15.571985409436177,2.903594530310041,14.128933825656544,10.687825387293003,0.0,0.0,0.050866666666666664,0.5359999999999999
sigma_xl_1.0000,1.0,1073.0,15.585852076102844,2.907061196976708,14.142800492323211,10.698225387293004,0.0,0.0,0.050866666666666664,0.5359999999999999
sigma_xl_1.0000,1.0,1074.0,15.599718742769511,2.9105278636433747,14.156667158989878,10.708625387293003,0.0,0.0,0.050866666666666664,0.5359999999999999
sigma_xl_1.0000,1.0,1075.0,15.613585409436178,2.9139945303100414,14.170533825656545,10.719025387293003,0.0,0.0,0.050866666666666664,0.5359999999999999
sigma_xl_1.0000,1.0,1076.0,15.627452076102845,2.917461196976708,14.184400492323212,10.729425387293004,0.0,0.0,0.050866666666666664,0.5359999999999999
sigma_xl_1.0000,1.0,1077.0,15.641318742769512,2.920927863643375,14.198267158989879,10.739825387293003,0.0,0.0,0.050866666666666664,0.5359999999999999
sigma_xl_1.0000,1.0,1078.0,15.655185409436177,2.924394530310041,14.212133825656544,10.750225387293003,0.0,0.0,0.050866666666666664,0.5359999999999999
sigma_xl_1.0000,1.0,1079.0,15.669052076102844,2.927861196976708,14.22600049232321,10.760625387293004,0.0,0.0,0.050866666666666664,0.5359999999999999
sigma_xl_1.0000,1.0,1080.0,15.68291874276951,2.9313278636433746,14.239867158989878,10.771025387293003,0.0,0.0,0.050866666666666664,0.5359999999999999
sigma_xl_1.0000,1.0,1081.0,15.696785409436178,2.9347945303100413,14.253733825656544,10.781425387293003,0.0,0.0,0.050866666666666664,0.5359999999999999
sigma_xl_1.0000,1.0,1082.0,15.710652076102845,2.938261196976708,14.267600492323211,10.791825387293002,0.0,0.0,0.050866666666666664,0.5359999999999999
sigma_xl_1.0000,1.0,1083.0,15.724518742769511,2.941727863643375,14.281467158989878,10.802225387293003,0.0,0.0,0.050866666666666664,0.5359999999999999
sigma_xl_1.0000,1.0,1084.0,15.738385409436178,2.9451945303100415,14.295333825656545,10.812625387293004,0.0,0.0,0.050866666666666664,0.5359999999999999
sigma_xl_1.0000,1.0,1085.0,15.752252076102844,2.948661196976708,14.30920049232321,10.823025387293002,0.0,0.0,0.050866666666666664,0.5359999999999999
sigma_xl_1.0000,1.0,1086.0,15.76611874276951,2.9521278636433745,14.323067158989877,10.833425387293003,0.0,0.0,0.050866666666666664,0.5359999999999999
sigma_xl_1.0000,1.0,1087.0,15.779985409436177,2.9555945303100413,14.336933825656544,10.843825387293004,0.0,0.0,0.050866666666666664,0.5359999999999999
sigma_xl_1.0000,1.0,1088.0,15.793852076102844,2.959061196976708,14.350800492323211,10.854225387293003,0.0,0.0,0.050866666666666664,0.5359999999999999
sigma_xl_1.0000,1.0,1089.0,15.807718742769511,2.9625278636433747,14.364667158989878,10.864625387293003,0.0,0.0,0.050866666666666664,0.5359999999999999
sigma_xl_1.0000,1.0,1090.0,15.821585409436178,2.9659945303100415,14.378533825656545,10.875025387293004,0.0,0.0,0.050866666666666664,0.5359999999999999
sigma_xl_1.0000,1.0,1091.0,15.835452076102845,2.969461196976708,14.392400492323212,10.885425387293003,0.0,0.0,0.050866666666666664,0.5359999999999999
sigma_xl_1.0000,1.0,1092.0,15.849318742769512,2.972927863643375,14.406267158989879,10.895825387293003,0.0,0.0,0.050866666666666664,0.5359999999999999
sigma_xl_1.0000,1.0,1093.0,15.863185409436177,2.976394530310041,14.420133825656544,10.906225387293004,0.0,0.0,0.050866666666666664,0.5359999999999999
sigma_xl_1.0000,1.0,1094.0,15.877052076102844,2.979861196976708,14.43400049232321,10.916625387293003,0.0,0.0,0.050866666666666664,0.5359999999999999
sigma_xl_1.0000,1.0,1095.0,15.89091874276951,2.9833278636433747,14.447867158989878,10.927025387293003,0.0,0.0,0.050866666666666664,0.5359999999999999
sigma_xl_1.0000,1.0,1096.0,15.904785409436178,2.9867945303100414,14.461733825656545,10.937425387293002,0.0,0.0,0.050866666666666664,0.5359999999999999
sigma_xl_1.0000,1.0,1097.0,15.918652076102845,2.990261196976708,14.475600492323212,10.947825387293003,0.0,0.0,0.050866666666666664,0.5359999999999999
sigma_xl_1.0000,1.0,1098.0,15.932518742769512,2.993727863643375,14.489467158989878,10.958225387293004,0.0,0.0,0.050866666666666664,0.5359999999999999
sigma_xl_1.0000,1.0,1099.0,15.946385409436179,2.9971945303100416,14.503333825656545,10.968625387293002,0.0,0.0,0.050866666666666664,0.5359999999999999
sigma_xl_1.0000,1.0,1100.0,15.960252076102844,3.000661196976708,14.51720049232321,10.979025387293003,0.0,0.0,0.050866666666666664,0.5359999999999999
sigma_xl_1.0000,1.0,1101.0,15.97411874276951,3.0041278636433746,14.531067158989877,10.989425387293004,0.0,0.0,0.050866666666666664,0.5359999999999999
sigma_xl_1.0000,1.0,1102.0,15.987985409436178,3.0075945303100413,14.544933825656544,10.999825387293003,0.0,0.0,0.050866666666666664,0.5359999999999999
sigma_xl_1.0000,1.0,1103.0,16.001852076102843,3.011061196976708,14.558800492323211,11.010225387293003,0.0,0.0,0.050866666666666664,0.5359999999999999
sigma_xl_1.0000,1.0,1104.0,16.01571874276951,3.0145278636433748,14.572667158989878,11.020625387293004,0.0,0.0,0.050866666666666664,0.5359999999999999
sigma_xl_1.0000,1.0,1105.0,16.029585409436176,3.0179945303100415,14.586533825656545,11.031025387293003,0.0,0.0,0.050866666666666664,0.5359999999999999
sigma_xl_1.0000,1.0,1106.0,16.043452076102845,3.0214611969767082,14.600400492323212,11.041425387293003,0.0,0.0,0.050866666666666664,0.5359999999999999
sigma_xl_1.0000,1.0,1107.0,16.05731874276951,3.0249278636433745,14.614267158989877,11.051825387293004,0.0,0.0,0.050866666666666664,0.5359999999999999
sigma_xl_1.0000,1.0,1108.0,16.071185409436175,3.0283945303100412,14.628133825656544,11.062225387293003,0.0,0.0,0.050866666666666664,0.5359999999999999
sigma_xl_1.0000,1.0,1109.0,16.085052076102844,3.031861196976708,14.642000492323211,11.072625387293003,0.0,0.0,0.050866666666666664,0.5359999999999999
sigma_xl_1.0000,1.0,1110.0,16.09891874276951,3.0353278636433747,14.655867158989878,11.083025387293004,0.0,0.0,0.050866666666666664,0.5359999999999999
sigma_xl_1.0000,1.0,1111.0,16.112785409436178,3.0387945303100414,14.669733825656545,11.093425387293003,0.0,0.0,0.050866666666666664,0.5359999999999999
sigma_xl_1.0000,1.0,1112.0,16.126652076102843,3.042261196976708,14.683600492323212,11.103825387293004,0.0,0.0,0.050866666666666664,0.5359999999999999
sigma_xl_1.0000,1.0,1113.0,16.140518742769512,3.045727863643375,14.697467158989879,11.114225387293002,0.0,0.0,0.050866666666666664,0.5359999999999999
sigma_xl_1.0000,1.0,1114.0,16.154385409436177,3.049194530310041,14.711333825656544,11.124625387293003,0.0,0.0,0.050866666666666664,0.5359999999999999
sigma_xl_1.0000,1.0,1115.0,16.168252076102842,3.052661196976708,14.72520049232321,11.135025387293004,0.0,0.0,0.050866666666666664,0.5359999999999999
sigma_xl_1.0000,1.0,1116.0,16.18211874276951,3.0561278636433746,14.739067158989878,11.145425387293002,0.0,0.0,0.050866666666666664,0.5359999999999999
sigma_xl_1.0000,1.0,1117.0,16.195985409436176,3.0595945303100414,14.752933825656545,11.155825387293003,0.0,0.0,0.050866666666666664,0.5359999999999999
sigma_xl_1.0000,1.0,1118.0,16.209852076102845,3.063061196976708,14.766800492323211,11.166225387293004,0.0,0.0,0.050866666666666664,0.5359999999999999
sigma_xl_1.0000,1.0,1119.0,16.22371874276951,3.066527863643375,14.780667158989878,11.176625387293003,0.0,0.0,0.050866666666666664,0.5359999999999999
sigma_xl_1.0000,1.0,1120.0,16.23758540943618,3.0699945303100415,14.794533825656545,11.187025387293003,0.0,0.0,0.050866666666666664,0.5359999999999999
sigma_xl_1.0000,1.0,1121.0,16.251452076102844,3.073461196976708,14.80840049232321,11.197425387293004,0.0,0.0,0.050866666666666664,0.5359999999999999
sigma_xl_1.0000,1.0,1122.0,16.26531874276951,3.0769278636433746,14.822267158989877,11.207825387293003,0.0,0.0,0.050866666666666664,0.5359999999999999
sigma_xl_1.0000,1.0,1123.0,16.279185409436177,3.0803945303100413,14.836133825656544,11.218225387293003,0.0,0.0,0.050866666666666664,0.5359999999999999
sigma_xl_1.0000,1.0,1124.0,16.293052076102843,3.083861196976708,14.850000492323211,11.228625387293004,0.0,0.0,0.050866666666666664,0.5359999999999999
sigma_xl_1.0000,1.0,1125.0,16.30691874276951,3.0873278636433747,14.863867158989878,11.239025387293003,0.0,0.0,0.050866666666666664,0.5359999999999999
sigma_xl_1.0000,1.0,1126.0,16.320785409436176,3.0907945303100415,14.877733825656545,11.249425387293003,0.0,0.0,0.050866666666666664,0.5359999999999999
sigma_xl_1.0000,1.0,1127.0,16.334652076102845,3.094261196976708,14.891600492323212,11.259825387293002,0.0,0.0,0.050866666666666664,0.5359999999999999
sigma_xl_1.0000,1.0,1128.0,16.34851874276951,3.0977278636433745,14.905467158989877,11.270225387293003,0.0,0.0,0.050866666666666664,0.5359999999999999
sigma_xl_1.0000,1.0,1129.0,16.362385409436175,3.101194530310041,14.919333825656544,11.280625387293004,0.0,0.0,0.050866666666666664,0.5359999999999999
sigma_xl_1.0000,1.0,1130.0,16.376252076102844,3.104661196976708,14.933200492323211,11.291025387293002,0.0,0.0,0.050866666666666664,0.5359999999999999
sigma_xl_1.0000,1.0,1131.0,16.39011874276951,3.1081278636433747,14.947067158989878,11.301425387293003,0.0,0.0,0.050866666666666664,0.5359999999999999
sigma_xl_1.0000,1.0,1132.0,16.403985409436178,3.1115945303100414,14.960933825656545,11.311825387293004,0.0,0.0,0.050866666666666664,0.5359999999999999
sigma_xl_1.0000,1.0,1133.0,16.417852076102843,3.115061196976708,14.974800492323212,11.322225387293003,0.0,0.0,0.050866666666666664,0.5359999999999999
sigma_xl_1.0000,1.0,1134.0,16.43171874276951,3.118527863643375,14.988667158989879,11.332625387293003,0.0,0.0,0.050866666666666664,0.5359999999999999
sigma_xl_1.0000,1.0,1135.0,16.445585409436177,3.121994530310041,15.002533825656544,11.343025387293004,0.0,0.0,0.050866666666666664,0.5359999999999999
sigma_xl_1.0000,1.0,1136.0,16.459452076102842,3.125461196976708,15.01640049232321,11.353425387293003,0.0,0.0,0.050866666666666664,0.5359999999999999
sigma_xl_1.0000,1.0,1137.0,16.47331874276951,3.1289278636433746,15.030267158989878,11.363825387293003,0.0,0.0,0.050866666666666664,0.5359999999999999
sigma_xl_1.0000,1.0,1138.0,16.487185409436176,3.1323945303100413,15.044133825656544,11.374225387293004,0.0,0.0,0.050866666666666664,0.5359999999999999
sigma_xl_1.0000,1.0,1139.0,16.501052076102845,3.135861196976708,15.058000492323211,11.384625387293003,0.0,0.0,0.050866666666666664,0.5359999999999999
sigma_xl_1.0000,1.0,1140.0,16.51491874276951,3.139327863643375,15.071867158989878,11.395025387293003,0.0,0.0,0.050866666666666664,0.5359999999999999
sigma_xl_1.0000,1.0,1141.0,16.52878540943618,3.1427945303100415,15.085733825656545,11.405425387293004,0.0,0.0,0.050866666666666664,0.5359999999999999
sigma_xl_1.0000,1.0,1142.0,16.542652076102843,3.1462611969767083,15.099600492323212,11.415825387293003,0.0,0.0,0.050866666666666664,0.5359999999999999
sigma_xl_1.0000,1.0,1143.0,16.55651874276951,3.1497278636433745,15.113467158989877,11.426225387293004,0.0,0.0,0.050866666666666664,0.5359999999999999
sigma_xl_1.0000,1.0,1144.0,16.570385409436177,3.1531945303100413,15.127333825656544,11.436625387293002,0.0,0.0,0.050866666666666664,0.5359999999999999
sigma_xl_1.0000,1.0,1145.0,16.584252076102842,3.156661196976708,15.141200492323211,11.447025387293003,0.0,0.0,0.050866666666666664,0.5359999999999999
sigma_xl_1.0000,1.0,1146.0,16.59811874276951,3.1601278636433747,15.155067158989878,11.457425387293004,0.0,0.0,0.050866666666666664,0.5359999999999999
sigma_xl_1.0000,1.0,1147.0,16.611985409436176,3.1635945303100415,15.168933825656545,11.467825387293002,0.0,0.0,0.050866666666666664,0.5359999999999999
sigma_xl_1.0000,1.0,1148.0,16.625852076102845,3.167061196976708,15.182800492323212,11.478225387293003,0.0,0.0,0.050866666666666664,0.5359999999999999
sigma_xl_1.0000,1.0,1149.0,16.63971874276951,3.170527863643375,15.196667158989879,11.488625387293004,0.0,0.0,0.050866666666666664,0.5359999999999999
sigma_xl_1.0000,1.0,1150.0,16.653585409436175,3.173994530310041,15.210533825656544,11.499025387293003,0.0,0.0,0.050866666666666664,0.5359999999999999
sigma_xl_1.0000,1.0,1151.0,16.667452076102844,3.177461196976708,15.22440049232321,11.509425387293003,0.0,0.0,0.050866666666666664,0.5359999999999999
sigma_xl_1.0000,1.0,1152.0,16.68131874276951,3.1809278636433747,15.238267158989878,11.519825387293004,0.0,0.0,0.050866666666666664,0.5359999999999999
sigma_xl_1.0000,1.0,1153.0,16.695185409436178,3.1843945303100414,15.252133825656545,11.530225387293003,0.0,0.0,0.050866666666666664,0.5359999999999999
sigma_xl_1.0000,1.0,1154.0,16.709052076102843,3.1878611969767077,15.26600049232321,11.540625387293003,0.0,0.0,0.050866666666666664,0.5359999999999999
sigma_xl_1.0000,1.0,1155.0,16.72291874276951,3.191327863643375,15.279867158989878,11.551025387293004,0.0,0.0,0.050866666666666664,0.5359999999999999
sigma_xl_1.0000,1.0,1156.0,16.736785409436177,3.194794530310041,15.293733825656544,11.561425387293003,0.0,0.0,0.050866666666666664,0.5359999999999999
sigma_xl_1.0000,1.0,1157.0,16.750652076102845,3.1982611969767083,15.307600492323212,11.571825387293003,0.0,0.0,0.050866666666666664,0.5359999999999999
sigma_xl_1.0000,1.0,1158.0,16.76451874276951,3.2017278636433746,15.321467158989877,11.582225387293002,0.0,0.0,0.050866666666666664,0.5359999999999999
sigma_xl_1.0000,1.0,1159.0,16.77838540943618,3.2051945303100418,15.335333825656546,11.592625387293003,0.0,0.0,0.050866666666666664,0.5359999999999999
sigma_xl_1.0000,1.0,1160.0,16.792252076102844,3.208661196976708,15.349200492323211,11.603025387293004,0.0,0.0,0.050866666666666664,0.5359999999999999
sigma_xl_1.0000,1.0,1161.0,16.80611874276951,3.2121278636433743,15.363067158989876,11.613425387293002,0.0,0.0,0.050866666666666664,0.5359999999999999
sigma_xl_1.0000,1.0,1162.0,16.81998540943618,3.2155945303100415,15.376933825656545,11.623825387293003,0.0,0.0,0.050866666666666664,0.5359999999999999
sigma_xl_1.0000,1.0,1163.0,16.833852076102843,3.219061196976708,15.39080049232321,11.634225387293004,0.0,0.0,0.050866666666666664,0.5359999999999999
sigma_xl_1.0000,1.0,1164.0,16.847718742769512,3.222527863643375,15.404667158989879,11.644625387293003,0.0,0.0,0.050866666666666664,0.5359999999999999
sigma_xl_1.0000,1.0,1165.0,16.861585409436177,3.2259945303100412,15.418533825656544,11.655025387293003,0.0,0.0,0.050866666666666664,0.5359999999999999
sigma_xl_1.0000,1.0,1166.0,16.875452076102846,3.2294611969767084,15.432400492323213,11.665425387293004,0.0,0.0,0.050866666666666664,0.5359999999999999
sigma_xl_1.0000,1.0,1167.0,16.88931874276951,3.2329278636433747,15.446267158989878,11.675825387293003,0.0,0.0,0.050866666666666664,0.5359999999999999
sigma_xl_1.0000,1.0,1168.0,16.903185409436176,3.236394530310041,15.460133825656543,11.686225387293003,0.0,0.0,0.050866666666666664,0.5359999999999999
sigma_xl_1.0000,1.0,1169.0,16.917052076102845,3.239861196976708,15.474000492323212,11.696625387293004,0.0,0.0,0.050866666666666664,0.5359999999999999
sigma_xl_1.0000,1.0,1170.0,16.93091874276951,3.2433278636433744,15.487867158989877,11.707025387293003,0.0,0.0,0.050866666666666664,0.5359999999999999
sigma_xl_1.0000,1.0,1171.0,16.94478540943618,3.2467945303100416,15.501733825656546,11.717425387293003,0.0,0.0,0.050866666666666664,0.5359999999999999
sigma_xl_1.0000,1.0,1172.0,16.958652076102844,3.250261196976708,15.51560049232321,11.727825387293004,0.0,0.0,0.050866666666666664,0.5359999999999999
sigma_xl_1.0000,1.0,1173.0,16.972518742769513,3.253727863643375,15.52946715898988,11.738225387293003,0.0,0.0,0.050866666666666664,0.5359999999999999
sigma_xl_1.0000,1.0,1174.0,16.986385409436178,3.2571945303100414,15.543333825656545,11.748625387293004,0.0,0.0,0.050866666666666664,0.5359999999999999
sigma_xl_1.0000,1.0,1175.0,17.000252076102843,3.2606611969767076,15.55720049232321,11.759025387293002,0.0,0.0,0.050866666666666664,0.5359999999999999
sigma_xl_1.0000,1.0,1176.0,17.01411874276951,3.264127863643375,15.571067158989878,11.769425387293003,0.0,0.0,0.050866666666666664,0.5359999999999999
sigma_xl_1.0000,1.0,1177.0,17.027985409436177,3.267594530310041,15.584933825656544,11.779825387293004,0.0,0.0,0.050866666666666664,0.5359999999999999
sigma_xl_1.0000,1.0,1178.0,17.041852076102845,3.2710611969767083,15.598800492323212,11.790225387293003,0.0,0.0,0.050866666666666664,0.5359999999999999
sigma_xl_1.0000,1.0,1179.0,17.05571874276951,3.2745278636433746,15.612667158989877,11.800625387293003,0.0,0.0,0.050866666666666664,0.5359999999999999
sigma_xl_1.0000,1.0,1180.0,17.06958540943618,3.2779945303100417,15.626533825656546,11.811025387293004,0.0,0.0,0.050866666666666664,0.5359999999999999
sigma_xl_1.0000,1.0,1181.0,17.083452076102844,3.281461196976708,15.640400492323211,11.821425387293003,0.0,0.0,0.050866666666666664,0.5359999999999999
sigma_xl_1.0000,1.0,1182.0,17.09731874276951,3.2849278636433743,15.654267158989876,11.831825387293003,0.0,0.0,0.050866666666666664,0.5359999999999999
sigma_xl_1.0000,1.0,1183.0,17.111185409436178,3.2883945303100415,15.668133825656545,11.842225387293004,0.0,0.0,0.050866666666666664,0.5359999999999999
sigma_xl_1.0000,1.0,1184.0,17.125052076102843,3.2918611969767078,15.68200049232321,11.852625387293003,0.0,0.0,0.050866666666666664,0.5359999999999999
sigma_xl_1.0000,1.0,1185.0,17.138918742769512,3.295327863643375,15.695867158989879,11.863025387293003,0.0,0.0,0.050866666666666664,0.5359999999999999
sigma_xl_1.0000,1.0,1186.0,17.152785409436177,3.298794530310041,15.709733825656544,11.873425387293004,0.0,0.0,0.050866666666666664,0.5359999999999999
sigma_xl_1.0000,1.0,1187.0,17.166652076102846,3.3022611969767084,15.723600492323213,11.883825387293003,0.0,0.0,0.050866666666666664,0.5359999999999999
sigma_xl_1.0000,1.0,1188.0,17.18051874276951,3.3057278636433747,15.737467158989878,11.894225387293003,0.0,0.0,0.050866666666666664,0.5359999999999999
sigma_xl_1.0000,1.0,1189.0,17.194385409436176,3.309194530310041,15.751333825656543,11.904625387293004,0.0,0.0,0.050866666666666664,0.5359999999999999
sigma_xl_1.0000,1.0,1190.0,17.208252076102845,3.312661196976708,15.765200492323212,11.915025387293003,0.0,0.0,0.050866666666666664,0.5359999999999999
sigma_xl_1.0000,1.0,1191.0,17.22211874276951,3.3161278636433744,15.779067158989877,11.925425387293004,0.0,0.0,0.050866666666666664,0.5359999999999999
sigma_xl_1.0000,1.0,1192.0,17.23598540943618,3.3195945303100416,15.792933825656545,11.935825387293002,0.0,0.0,0.050866666666666664,0.5359999999999999
sigma_xl_1.0000,1.0,1193.0,17.249852076102844,3.323061196976708,15.80680049232321,11.946225387293003,0.0,0.0,0.050866666666666664,0.5359999999999999
sigma_xl_1.0000,1.0,1194.0,17.263718742769512,3.326527863643375,15.82066715898988,11.956625387293004,0.0,0.0,0.050866666666666664,0.5359999999999999
sigma_xl_1.0000,1.0,1195.0,17.277585409436178,3.3299945303100413,15.834533825656544,11.967025387293003,0.0,0.0,0.050866666666666664,0.5359999999999999
sigma_xl_1.0000,1.0,1196.0,17.291452076102843,3.3334611969767076,15.84840049232321,11.977425387293003,0.0,0.0,0.050866666666666664,0.5359999999999999
sigma_xl_1.0000,1.0,1197.0,17.30531874276951,3.336927863643375,15.862267158989878,11.987825387293004,0.0,0.0,0.050866666666666664,0.5359999999999999
sigma_xl_1.0000,1.0,1198.0,17.319185409436177,3.340394530310041,15.876133825656543,11.998225387293003,0.0,0.0,0.050866666666666664,0.5359999999999999
sigma_xl_1.0000,1.0,1199.0,17.333052076102845,3.3438611969767082,15.890000492323212,12.008625387293003,0.0,0.0,0.050866666666666664,0.5359999999999999
sigma_xl_1.0000,1.0,1200.0,17.34691874276951,3.3473278636433745,15.903867158989877,12.019025387293004,0.0,0.0,0.050866666666666664,0.5359999999999999
sigma_xl_1.0000,1.0,1201.0,17.36078540943618,3.3507945303100417,15.917733825656546,12.029425387293003,0.0,0.0,0.050866666666666664,0.5359999999999999
sigma_xl_1.0000,1.0,1202.0,17.374652076102844,3.354261196976708,15.931600492323211,12.039825387293003,0.0,0.0,0.050866666666666664,0.5359999999999999
sigma_xl_1.0000,1.0,1203.0,17.388518742769513,3.357727863643375,15.94546715898988,12.050225387293004,0.0,0.0,0.050866666666666664,0.5359999999999999
sigma_xl_1.0000,1.0,1204.0,17.402385409436178,3.3611945303100415,15.959333825656545,12.060625387293003,0.0,0.0,0.050866666666666664,0.5359999999999999
sigma_xl_1.0000,1.0,1205.0,17.416252076102843,3.3646611969767077,15.97320049232321,12.071025387293004,0.0,0.0,0.050866666666666664,0.5359999999999999
sigma_xl_1.0000,1.0,1206.0,17.430118742769512,3.368127863643375,15.987067158989879,12.081425387293002,0.0,0.0,0.050866666666666664,0.5359999999999999
sigma_xl_1.0000,1.0,1207.0,17.443985409436177,3.371594530310041,16.000933825656546,12.091825387293003,0.0,0.0,0.050866666666666664,0.5359999999999999
sigma_xl_1.0000,1.0,1208.0,17.457852076102846,3.3750611969767084,16.01480049232321,12.102225387293004,0.0,0.0,0.050866666666666664,0.5359999999999999
sigma_xl_1.0000,1.0,1209.0,17.47171874276951,3.3785278636433747,16.028667158989876,12.112625387293003,0.0,0.0,0.050866666666666664,0.5359999999999999
sigma_xl_1.0000,1.0,1210.0,17.48558540943618,3.381994530310042,16.042533825656548,12.123025387293003,0.0,0.0,0.050866666666666664,0.5359999999999999
sigma_xl_1.0000,1.0,1211.0,17.499452076102845,3.385461196976708,16.056400492323213,12.133425387293004,0.0,0.0,0.050866666666666664,0.5359999999999999
sigma_xl_1.0000,1.0,1212.0,17.51331874276951,3.3889278636433744,16.07026715898988,12.143825387293003,0.0,0.0,0.050866666666666664,0.5359999999999999
sigma_xl_1.0000,1.0,1213.0,17.52718540943618,3.3923945303100416,16.084133825656544,12.154225387293003,0.0,0.0,0.050866666666666664,0.5359999999999999
sigma_xl_1.0000,1.0,1214.0,17.541052076102844,3.395861196976708,16.09800049232321,12.164625387293004,0.0,0.0,0.050866666666666664,0.5359999999999999
sigma_xl_1.0000,1.0,1215.0,17.554918742769512,3.399327863643375,16.11186715898988,12.175025387293003,0.0,0.0,0.050866666666666664,0.5359999999999999
sigma_xl_1.0000,1.0,1216.0,17.568785409436178,3.4027945303100413,16.125733825656546,12.185425387293003,0.0,0.0,0.050866666666666664,0.5359999999999999
sigma_xl_1.0000,1.0,1217.0,17.582652076102846,3.4062611969767085,16.13960049232321,12.195825387293004,0.0,0.0,0.050866666666666664,0.5359999999999999
sigma_xl_1.0000,1.0,1218.0,17.59651874276951,3.4097278636433748,16.153467158989876,12.206225387293003,0.0,0.0,0.050866666666666664,0.5359999999999999
sigma_xl_1.0000,1.0,1219.0,17.610385409436176,3.413194530310041,16.16733382565654,12.216625387293004,0.0,0.0,0.050866666666666664,0.5359999999999999
sigma_xl_1.0000,1.0,1220.0,17.624252076102845,3.4166611969767082,16.181200492323214,12.227025387293004,0.0,0.0,0.050866666666666664,0.5359999999999999
sigma_xl_1.0000,1.0,1221.0,17.63811874276951,3.4201278636433745,16.19506715898988,12.237425387293003,0.0,0.0,0.050866666666666664,0.5359999999999999
sigma_xl_1.0000,1.0,1222.0,17.65198540943618,3.4235945303100417,16.208933825656544,12.247825387293004,0.0,0.0,0.050866666666666664,0.5359999999999999
sigma_xl_1.0000,1.0,1223.0,17.665852076102844,3.427061196976708,16.22280049232321,12.258225387293002,0.0,0.0,0.050866666666666664,0.5359999999999999
sigma_xl_1.0000,1.0,1224.0,17.679718742769513,3.430527863643375,16.23666715898988,12.268625387293003,0.0,0.0,0.050866666666666664,0.5359999999999999
sigma_xl_1.0000,1.0,1225.0,17.693585409436178,3.4339945303100414,16.250533825656547,12.279025387293004,0.0,0.0,0.050866666666666664,0.5359999999999999
sigma_xl_1.0000,1.0,1226.0,17.707452076102843,3.4374611969767077,16.26440049232321,12.289425387293003,0.0,0.0,0.050866666666666664,0.5359999999999999
sigma_xl_1.0000,1.0,1227.0,17.721318742769512,3.440927863643375,16.278267158989877,12.299825387293003,0.0,0.0,0.050866666666666664,0.5359999999999999
sigma_xl_1.0000,1.0,1228.0,17.735185409436177,3.444394530310041,16.292133825656542,12.310225387293004,0.0,0.0,0.050866666666666664,0.5359999999999999
sigma_xl_1.0000,1.0,1229.0,17.749052076102846,3.4478611969767083,16.306000492323214,12.320625387293003,0.0,0.0,0.050866666666666664,0.5359999999999999
sigma_xl_1.0000,1.0,1230.0,17.76291874276951,3.4513278636433746,16.31986715898988,12.331025387293003,0.0,0.0,0.050866666666666664,0.5359999999999999
sigma_xl_1.0000,1.0,1231.0,17.77678540943618,3.454794530310042,16.333733825656545,12.341425387293004,0.0,0.0,0.050866666666666664,0.5359999999999999
sigma_xl_1.0000,1.0,1232.0,17.790652076102845,3.458261196976708,16.34760049232321,12.351825387293003,0.0,0.0,0.050866666666666664,0.5359999999999999
sigma_xl_1.0000,1.0,1233.0,17.80451874276951,3.4617278636433744,16.361467158989875,12.362225387293003,0.0,0.0,0.050866666666666664,0.5359999999999999
sigma_xl_1.0000,1.0,1234.0,17.81838540943618,3.4651945303100415,16.375333825656547,12.372625387293004,0.0,0.0,0.050866666666666664,0.5359999999999999
sigma_xl_1.0000,1.0,1235.0,17.832252076102844,3.468661196976708,16.389200492323212,12.383025387293003,0.0,0.0,0.050866666666666664,0.5359999999999999
sigma_xl_1.0000,1.0,1236.0,17.846118742769512,3.472127863643375,16.403067158989877,12.393425387293004,0.0,0.0,0.050866666666666664,0.5359999999999999
sigma_xl_1.0000,1.0,1237.0,17.859985409436177,3.4755945303100413,16.416933825656542,12.403825387293002,0.0,0.0,0.050866666666666664,0.5359999999999999
sigma_xl_1.0000,1.0,1238.0,17.873852076102846,3.4790611969767085,16.430800492323215,12.414225387293003,0.0,0.0,0.050866666666666664,0.5359999999999999
sigma_xl_1.0000,1.0,1239.0,17.88771874276951,3.4825278636433747,16.44466715898988,12.424625387293004,0.0,0.0,0.050866666666666664,0.5359999999999999
sigma_xl_1.0000,1.0,1240.0,17.901585409436176,3.485994530310041,16.458533825656545,12.435025387293003,0.0,0.0,0.050866666666666664,0.5359999999999999
sigma_xl_1.0000,1.0,1241.0,17.915452076102845,3.489461196976708,16.47240049232321,12.445425387293003,0.0,0.0,0.050866666666666664,0.5359999999999999
sigma_xl_1.0000,1.0,1242.0,17.92931874276951,3.4929278636433745,16.486267158989875,12.455825387293004,0.0,0.0,0.050866666666666664,0.5359999999999999
sigma_xl_1.0000,1.0,1243.0,17.94318540943618,3.4963945303100417,16.500133825656548,12.466225387293003,0.0,0.0,0.050866666666666664,0.5359999999999999
sigma_xl_1.0000,1.0,1244.0,17.957052076102844,3.499861196976708,16.514000492323213,12.476625387293003,0.0,0.0,0.050866666666666664,0.5359999999999999
sigma_xl_1.0000,1.0,1245.0,17.970918742769513,3.503327863643375,16.527867158989878,12.487025387293004,0.0,0.0,0.050866666666666664,0.5359999999999999
sigma_xl_1.0000,1.0,1246.0,17.984785409436178,3.5067945303100414,16.541733825656543,12.497425387293003,0.0,0.0,0.050866666666666664,0.5359999999999999
sigma_xl_1.0000,1.0,1247.0,17.998652076102843,3.5102611969767077,16.555600492323208,12.507825387293003,0.0,0.0,0.050866666666666664,0.5359999999999999
sigma_xl_1.0000,1.0,1248.0,18.01251874276951,3.513727863643375,16.56946715898988,12.518225387293004,0.0,0.0,0.050866666666666664,0.5359999999999999
sigma_xl_1.0000,1.0,1249.0,18.026385409436177,3.517194530310041,16.583333825656545,12.528625387293003,0.0,0.0,0.050866666666666664,0.5359999999999999
sigma_xl_1.0000,1.0,1250.0,18.040252076102846,3.5206611969767083,16.59720049232321,12.539025387293004,0.0,0.0,0.050866666666666664,0.5359999999999999
sigma_xl_1.0000,1.0,1251.0,18.05411874276951,3.5241278636433746,16.611067158989876,12.549425387293004,0.0,0.0,0.050866666666666664,0.5359999999999999
sigma_xl_1.0000,1.0,1252.0,18.06798540943618,3.5275945303100418,16.624933825656548,12.559825387293003,0.0,0.0,0.050866666666666664,0.5359999999999999
sigma_xl_1.0000,1.0,1253.0,18.081852076102845,3.531061196976708,16.638800492323213,12.570225387293004,0.0,0.0,0.050866666666666664,0.5359999999999999
sigma_xl_1.0000,1.0,1254.0,18.09571874276951,3.5345278636433743,16.65266715898988,12.580625387293003,0.0,0.0,0.050866666666666664,0.5359999999999999
sigma_xl_1.0000,1.0,1255.0,18.10958540943618,3.5379945303100415,16.666533825656543,12.591025387293003,0.0,0.0,0.050866666666666664,0.5359999999999999
sigma_xl_1.0000,1.0,1256.0,18.123452076102843,3.541461196976708,16.68040049232321,12.601425387293004,0.0,0.0,0.050866666666666664,0.5359999999999999
sigma_xl_1.0000,1.0,1257.0,18.137318742769512,3.544927863643375,16.69426715898988,12.611825387293003,0.0,0.0,0.050866666666666664,0.5359999999999999
sigma_xl_1.0000,1.0,1258.0,18.151185409436177,3.5483945303100413,16.708133825656546,12.622225387293003,0.0,0.0,0.050866666666666664,0.5359999999999999
sigma_xl_1.0000,1.0,1259.0,18.165052076102846,3.5518611969767084,16.72200049232321,12.632625387293004,0.0,0.0,0.050866666666666664,0.5359999999999999
sigma_xl_1.0000,1.0,1260.0,18.17891874276951,3.5553278636433747,16.735867158989876,12.643025387293003,0.0,0.0,0.050866666666666664,0.5359999999999999
sigma_xl_1.0000,1.0,1261.0,18.192785409436176,3.558794530310041,16.74973382565654,12.653425387293003,0.0,0.0,0.050866666666666664,0.5359999999999999
sigma_xl_1.0000,1.0,1262.0,18.206652076102845,3.562261196976708,16.763600492323214,12.663825387293004,0.0,0.0,0.050866666666666664,0.5359999999999999
sigma_xl_1.0000,1.0,1263.0,18.22051874276951,3.5657278636433745,16.77746715898988,12.674225387293003,0.0,0.0,0.050866666666666664,0.5359999999999999
sigma_xl_1.0000,1.0,1264.0,18.23438540943618,3.5691945303100416,16.791333825656544,12.684625387293003,0.0,0.0,0.050866666666666664,0.5359999999999999
sigma_xl_1.0000,1.0,1265.0,18.248252076102844,3.572661196976708,16.80520049232321,12.695025387293004,0.0,0.0,0.050866666666666664,0.5359999999999999
sigma_xl_1.0000,1.0,1266.0,18.262118742769513,3.576127863643375,16.81906715898988,12.705425387293003,0.0,0.0,0.050866666666666664,0.5359999999999999
sigma_xl_1.0000,1.0,1267.0,18.275985409436178,3.5795945303100414,16.832933825656546,12.715825387293004,0.0,0.0,0.050866666666666664,0.5359999999999999
sigma_xl_1.0000,1.0,1268.0,18.289852076102843,3.5830611969767077,16.84680049232321,12.726225387293004,0.0,0.0,0.050866666666666664,0.5359999999999999
sigma_xl_1.0000,1.0,1269.0,18.30371874276951,3.586527863643375,16.860667158989877,12.736625387293003,0.0,0.0,0.050866666666666664,0.5359999999999999
sigma_xl_1.0000,1.0,1270.0,18.317585409436177,3.589994530310041,16.874533825656542,12.747025387293004,0.0,0.0,0.050866666666666664,0.5359999999999999
sigma_xl_1.0000,1.0,1271.0,18.331452076102845,3.5934611969767083,16.888400492323214,12.757425387293003,0.0,0.0,0.050866666666666664,0.5359999999999999
sigma_xl_1.0000,1.0,1272.0,18.34531874276951,3.5969278636433746,16.90226715898988,12.767825387293003,0.0,0.0,0.050866666666666664,0.5359999999999999
sigma_xl_1.0000,1.0,1273.0,18.35918540943618,3.6003945303100418,16.916133825656544,12.778225387293004,0.0,0.0,0.050866666666666664,0.5359999999999999
sigma_xl_1.0000,1.0,1274.0,18.373052076102844,3.603861196976708,16.93000049232321,12.788625387293003,0.0,0.0,0.050866666666666664,0.5359999999999999
sigma_xl_1.0000,1.0,1275.0,18.38691874276951,3.6073278636433743,16.943867158989875,12.799025387293003,0.0,0.0,0.050866666666666664,0.5359999999999999
sigma_xl_1.0000,1.0,1276.0,18.40078540943618,3.6107945303100415,16.957733825656547,12.809425387293004,0.0,0.0,0.050866666666666664,0.5359999999999999
sigma_xl_1.0000,1.0,1277.0,18.414652076102843,3.614261196976708,16.971600492323212,12.819825387293003,0.0,0.0,0.050866666666666664,0.5359999999999999
sigma_xl_1.0000,1.0,1278.0,18.428518742769512,3.617727863643375,16.985467158989877,12.830225387293003,0.0,0.0,0.050866666666666664,0.5359999999999999
sigma_xl_1.0000,1.0,1279.0,18.442385409436177,3.6211945303100412,16.999333825656542,12.840625387293004,0.0,0.0,0.050866666666666664,0.5359999999999999
sigma_xl_1.0000,1.0,1280.0,18.456252076102846,3.6246611969767084,17.013200492323215,12.851025387293003,0.0,0.0,0.050866666666666664,0.5359999999999999
sigma_xl_1.0000,1.0,1281.0,18.47011874276951,3.6281278636433747,17.02706715898988,12.861425387293004,0.0,0.0,0.050866666666666664,0.5359999999999999
sigma_xl_1.0000,1.0,1282.0,18.483985409436176,3.631594530310041,17.040933825656545,12.871825387293004,0.0,0.0,0.050866666666666664,0.5359999999999999
sigma_xl_1.0000,1.0,1283.0,18.497852076102845,3.635061196976708,17.05480049232321,12.882225387293003,0.0,0.0,0.050866666666666664,0.5359999999999999
sigma_xl_1.0000,1.0,1284.0,18.51171874276951,3.6385278636433744,17.068667158989875,12.892625387293004,0.0,0.0,0.050866666666666664,0.5359999999999999
sigma_xl_1.0000,1.0,1285.0,18.52558540943618,3.6419945303100416,17.082533825656547,12.903025387293003,0.0,0.0,0.050866666666666664,0.5359999999999999
sigma_xl_1.0000,1.0,1286.0,18.539452076102844,3.645461196976708,17.096400492323212,12.913425387293003,0.0,0.0,0.050866666666666664,0.5359999999999999
sigma_xl_1.0000,1.0,1287.0,18.553318742769513,3.648927863643375,17.110267158989878,12.923825387293004,0.0,0.0,0.050866666666666664,0.5359999999999999
sigma_xl_1.0000,1.0,1288.0,18.567185409436178,3.6523945303100414,17.124133825656543,12.934225387293003,0.0,0.0,0.050866666666666664,0.5359999999999999
sigma_xl_1.0000,1.0,1289.0,18.581052076102843,3.6558611969767076,17.138000492323208,12.944625387293003,0.0,0.0,0.050866666666666664,0.5359999999999999
sigma_xl_1.0000,1.0,1290.0,18.59491874276951,3.659327863643375,17.15186715898988,12.955025387293004,0.0,0.0,0.050866666666666664,0.5359999999999999
sigma_xl_1.0000,1.0,1291.0,18.608785409436177,3.662794530310041,17.165733825656545,12.965425387293003,0.0,0.0,0.050866666666666664,0.5359999999999999
sigma_xl_1.0000,1.0,1292.0,18.622652076102845,3.6662611969767083,17.17960049232321,12.975825387293003,0.0,0.0,0.050866666666666664,0.5359999999999999
sigma_xl_1.0000,1.0,1293.0,18.63651874276951,3.6697278636433746,17.193467158989876,12.986225387293004,0.0,0.0,0.050866666666666664,0.5359999999999999
sigma_xl_1.0000,1.0,1294.0,18.65038540943618,3.6731945303100417,17.207333825656548,12.996625387293003,0.0,0.0,0.050866666666666664,0.5359999999999999
sigma_xl_1.0000,1.0,1295.0,18.664252076102844,3.676661196976708,17.221200492323213,13.007025387293004,0.0,0.0,0.050866666666666664,0.5359999999999999
sigma_xl_1.0000,1.0,1296.0,18.678118742769513,3.680127863643375,17.235067158989878,13.017425387293004,0.0,0.0,0.050866666666666664,0.5359999999999999
sigma_xl_1.0000,1.0,1297.0,18.691985409436178,3.6835945303100415,17.248933825656543,13.027825387293003,0.0,0.0,0.050866666666666664,0.5359999999999999
sigma_xl_1.0000,1.0,1298.0,18.705852076102843,3.6870611969767078,17.26280049232321,13.038225387293004,0.0,0.0,0.050866666666666664,0.5359999999999999
sigma_xl_1.0000,1.0,1299.0,18.719718742769512,3.690527863643375,17.27666715898988,13.048625387293004,0.0,0.0,0.050866666666666664,0.5359999999999999
sigma_xl_1.0000,1.0,1300.0,18.733585409436177,3.693994530310041,17.290533825656546,13.059025387293003,0.0,0.0,0.050866666666666664,0.5359999999999999
sigma_xl_1.0000,1.0,1301.0,18.747452076102846,3.6974611969767084,17.30440049232321,13.069425387293004,0.0,0.0,0.050866666666666664,0.5359999999999999
sigma_xl_1.0000,1.0,1302.0,18.76131874276951,3.7009278636433747,17.318267158989876,13.079825387293003,0.0,0.0,0.050866666666666664,0.5359999999999999
sigma_xl_1.0000,1.0,1303.0,18.77518540943618,3.704394530310042,17.33213382565655,13.090225387293003,0.0,0.0,0.050866666666666664,0.5359999999999999
sigma_xl_1.0000,1.0,1304.0,18.789052076102845,3.707861196976708,17.346000492323213,13.100625387293004,0.0,0.0,0.050866666666666664,0.5359999999999999
sigma_xl_1.0000,1.0,1305.0,18.80291874276951,3.7113278636433744,17.35986715898988,13.111025387293003,0.0,0.0,0.050866666666666664,0.5359999999999999
sigma_xl_1.0000,1.0,1306.0,18.81678540943618,3.7147945303100416,17.373733825656544,13.121425387293003,0.0,0.0,0.050866666666666664,0.5359999999999999
sigma_xl_1.0000,1.0,1307.0,18.830652076102844,3.718261196976708,17.38760049232321,13.131825387293004,0.0,0.0,0.050866666666666664,0.5359999999999999
sigma_xl_1.0000,1.0,1308.0,18.844518742769512,3.721727863643375,17.40146715898988,13.142225387293003,0.0,0.0,0.050866666666666664,0.5359999999999999
sigma_xl_1.0000,1.0,1309.0,18.858385409436178,3.7251945303100413,17.415333825656546,13.152625387293003,0.0,0.0,0.050866666666666664,0.5359999999999999
sigma_xl_1.0000,1.0,1310.0,18.872252076102846,3.7286611969767085,17.42920049232321,13.163025387293004,0.0,0.0,0.050866666666666664,0.5359999999999999
sigma_xl_1.0000,1.0,1311.0,18.88611874276951,3.732127863643375,17.443067158989876,13.173425387293003,0.0,0.0,0.050866666666666664,0.5359999999999999
sigma_xl_1.0000,1.0,1312.0,18.899985409436177,3.735594530310041,17.45693382565654,13.183825387293004,0.0,0.0,0.050866666666666664,0.5359999999999999
sigma_xl_1.0000,1.0,1313.0,18.913852076102845,3.7390611969767082,17.470800492323214,13.194225387293004,0.0,0.0,0.050866666666666664,0.5359999999999999
sigma_xl_1.0000,1.0,1314.0,18.92771874276951,3.7425278636433745,17.48466715898988,13.204625387293003,0.0,0.0,0.050866666666666664,0.5359999999999999
sigma_xl_1.0000,1.0,1315.0,18.94158540943618,3.7459945303100417,17.498533825656544,13.215025387293004,0.0,0.0,0.050866666666666664,0.5359999999999999
sigma_xl_1.0000,1.0,1316.0,18.955452076102844,3.749461196976708,17.51240049232321,13.225425387293003,0.0,0.0,0.050866666666666664,0.5359999999999999
sigma_xl_1.0000,1.0,1317.0,18.969318742769513,3.752927863643375,17.52626715898988,13.235825387293003,0.0,0.0,0.050866666666666664,0.5359999999999999
sigma_xl_1.0000,1.0,1318.0,18.983185409436178,3.7563945303100414,17.540133825656547,13.246225387293004,0.0,0.0,0.050866666666666664,0.5359999999999999
sigma_xl_1.0000,1.0,1319.0,18.997052076102843,3.7598611969767077,17.554000492323212,13.256625387293003,0.0,0.0,0.050866666666666664,0.5359999999999999
sigma_xl_1.0000,1.0,1320.0,19.010918742769512,3.763327863643375,17.567867158989877,13.267025387293003,0.0,0.0,0.050866666666666664,0.5359999999999999
sigma_xl_1.0000,1.0,1321.0,19.024785409436177,3.766794530310041,17.581733825656542,13.277425387293004,0.0,0.0,0.050866666666666664,0.5359999999999999
sigma_xl_1.0000,1.0,1322.0,19.038652076102846,3.7702611969767084,17.595600492323214,13.287825387293003,0.0,0.0,0.050866666666666664,0.5359999999999999
sigma_xl_1.0000,1.0,1323.0,19.05251874276951,3.7737278636433746,17.60946715898988,13.298225387293003,0.0,0.0,0.050866666666666664,0.5359999999999999
sigma_xl_1.0000,1.0,1324.0,19.06638540943618,3.777194530310042,17.623333825656545,13.308625387293004,0.0,0.0,0.050866666666666664,0.5359999999999999
sigma_xl_1.0000,1.0,1325.0,19.080252076102845,3.780661196976708,17.63720049232321,13.319025387293003,0.0,0.0,0.050866666666666664,0.5359999999999999
sigma_xl_1.0000,1.0,1326.0,19.09411874276951,3.7841278636433744,17.651067158989875,13.329425387293004,0.0,0.0,0.050866666666666664,0.5359999999999999
sigma_xl_1.0000,1.0,1327.0,19.10798540943618,3.7875945303100416,17.664933825656547,13.339825387293004,0.0,0.0,0.050866666666666664,0.5359999999999999
sigma_xl_1.0000,1.0,1328.0,19.121852076102844,3.791061196976708,17.678800492323212,13.350225387293003,0.0,0.0,0.050866666666666664,0.5359999999999999
sigma_xl_1.0000,1.0,1329.0,19.135718742769512,3.794527863643375,17.692667158989877,13.360625387293004,0.0,0.0,0.050866666666666664,0.5359999999999999
sigma_xl_1.0000,1.0,1330.0,19.149585409436177,3.7979945303100413,17.706533825656543,13.371025387293004,0.0,0.0,0.050866666666666664,0.5359999999999999
sigma_xl_1.0000,1.0,1331.0,19.163452076102846,3.8014611969767085,17.720400492323215,13.381425387293003,0.0,0.0,0.050866666666666664,0.5359999999999999
sigma_xl_1.0000,1.0,1332.0,19.17731874276951,3.8049278636433748,17.73426715898988,13.391825387293004,0.0,0.0,0.050866666666666664,0.5359999999999999
sigma_xl_1.0000,1.0,1333.0,19.191185409436176,3.808394530310041,17.748133825656545,13.402225387293003,0.0,0.0,0.050866666666666664,0.5359999999999999
sigma_xl_1.0000,1.0,1334.0,19.205052076102845,3.811861196976708,17.76200049232321,13.412625387293003,0.0,0.0,0.050866666666666664,0.5359999999999999
sigma_xl_1.0000,1.0,1335.0,19.21891874276951,3.8153278636433745,17.775867158989875,13.423025387293004,0.0,0.0,0.050866666666666664,0.5359999999999999
sigma_xl_1.0000,1.0,1336.0,19.23278540943618,3.8187945303100417,17.789733825656548,13.433425387293003,0.0,0.0,0.050866666666666664,0.5359999999999999
sigma_xl_1.0000,1.0,1337.0,19.246652076102844,3.822261196976708,17.803600492323213,13.443825387293003,0.0,0.0,0.050866666666666664,0.5359999999999999
sigma_xl_1.0000,1.0,1338.0,19.260518742769513,3.825727863643375,17.817467158989878,13.454225387293004,0.0,0.0,0.050866666666666664,0.5359999999999999
sigma_xl_1.0000,1.0,1339.0,19.274385409436178,3.8291945303100414,17.831333825656543,13.464625387293003,0.0,0.0,0.050866666666666664,0.5359999999999999
sigma_xl_1.0000,1.0,1340.0,19.288252076102843,3.8326611969767077,17.845200492323208,13.475025387293003,0.0,0.0,0.050866666666666664,0.5359999999999999
sigma_xl_1.0000,1.0,1341.0,19.302118742769512,3.836127863643375,17.85906715898988,13.485425387293004,0.0,0.0,0.050866666666666664,0.5359999999999999
sigma_xl_1.0000,1.0,1342.0,19.315985409436177,3.839594530310041,17.872933825656546,13.495825387293003,0.0,0.0,0.050866666666666664,0.5359999999999999
sigma_xl_1.0000,1.0,1343.0,19.329852076102846,3.8430611969767083,17.88680049232321,13.506225387293004,0.0,0.0,0.050866666666666664,0.5359999999999999
sigma_xl_1.0000,1.0,1344.0,19.34371874276951,3.8465278636433746,17.900667158989876,13.516625387293004,0.0,0.0,0.050866666666666664,0.5359999999999999
sigma_xl_1.0000,1.0,1345.0,19.35758540943618,3.849994530310042,17.914533825656548,13.527025387293003,0.0,0.0,0.050866666666666664,0.5359999999999999
sigma_xl_1.0000,1.0,1346.0,19.371452076102845,3.853461196976708,17.928400492323213,13.537425387293004,0.0,0.0,0.050866666666666664,0.5359999999999999
sigma_xl_1.0000,1.0,1347.0,19.38531874276951,3.8569278636433744,17.94226715898988,13.547825387293003,0.0,0.0,0.050866666666666664,0.5359999999999999
sigma_xl_1.0000,1.0,1348.0,19.39918540943618,3.8603945303100415,17.956133825656543,13.558225387293003,0.0,0.0,0.050866666666666664,0.5359999999999999
sigma_xl_1.0000,1.0,1349.0,19.413052076102844,3.863861196976708,17.97000049232321,13.568625387293004,0.0,0.0,0.050866666666666664,0.5359999999999999
sigma_xl_1.0000,1.0,1350.0,19.426918742769512,3.867327863643375,17.98386715898988,13.579025387293003,0.0,0.0,0.050866666666666664,0.5359999999999999
sigma_xl_1.0000,1.0,1351.0,19.440785409436177,3.8707945303100413,17.997733825656546,13.589425387293003,0.0,0.0,0.050866666666666664,0.5359999999999999
sigma_xl_1.0000,1.0,1352.0,19.454652076102846,3.8742611969767085,18.01160049232321,13.599825387293004,0.0,0.0,0.050866666666666664,0.5359999999999999
sigma_xl_1.0000,1.0,1353.0,19.46851874276951,3.8777278636433747,18.025467158989876,13.610225387293003,0.0,0.0,0.050866666666666664,0.5359999999999999
sigma_xl_1.0000,1.0,1354.0,19.482385409436176,3.881194530310041,18.03933382565654,13.620625387293003,0.0,0.0,0.050866666666666664,0.5359999999999999
sigma_xl_1.0000,1.0,1355.0,19.496252076102845,3.884661196976708,18.053200492323214,13.631025387293004,0.0,0.0,0.050866666666666664,0.5359999999999999
sigma_xl_1.0000,1.0,1356.0,19.51011874276951,3.8881278636433745,18.06706715898988,13.641425387293003,0.0,0.0,0.050866666666666664,0.5359999999999999
sigma_xl_1.0000,1.0,1357.0,19.52398540943618,3.8915945303100417,18.080933825656544,13.651825387293004,0.0,0.0,0.050866666666666664,0.5359999999999999
sigma_xl_1.0000,1.0,1358.0,19.537852076102844,3.895061196976708,18.09480049232321,13.662225387293004,0.0,0.0,0.050866666666666664,0.5359999999999999
sigma_xl_1.0000,1.0,1359.0,19.551718742769513,3.898527863643375,18.10866715898988,13.672625387293003,0.0,0.0,0.050866666666666664,0.5359999999999999
sigma_xl_1.0000,1.0,1360.0,19.565585409436178,3.9019945303100414,18.122533825656546,13.683025387293004,0.0,0.0,0.050866666666666664,0.5359999999999999
sigma_xl_1.0000,1.0,1361.0,19.579452076102843,3.9054611969767077,18.13640049232321,13.693425387293004,0.0,0.0,0.050866666666666664,0.5359999999999999
sigma_xl_1.0000,1.0,1362.0,19.59331874276951,3.908927863643375,18.150267158989877,13.703825387293003,0.0,0.0,0.050866666666666664,0.5359999999999999
sigma_xl_1.0000,1.0,1363.0,19.607185409436177,3.912394530310041,18.164133825656542,13.714225387293004,0.0,0.0,0.050866666666666664,0.5359999999999999
sigma_xl_1.0000,1.0,1364.0,19.621052076102846,3.9158611969767083,18.178000492323214,13.724625387293003,0.0,0.0,0.050866666666666664,0.5359999999999999
sigma_xl_1.0000,1.0,1365.0,19.63491874276951,3.9193278636433746,18.19186715898988,13.735025387293003,0.0,0.0,0.050866666666666664,0.5359999999999999
sigma_xl_1.0000,1.0,1366.0,19.64878540943618,3.9227945303100418,18.205733825656544,13.745425387293004,0.0,0.0,0.050866666666666664,0.5359999999999999
sigma_xl_1.0000,1.0,1367.0,19.662652076102844,3.926261196976708,18.21960049232321,13.755825387293003,0.0,0.0,0.050866666666666664,0.5359999999999999
sigma_xl_1.0000,1.0,1368.0,19.67651874276951,3.9297278636433743,18.233467158989875,13.766225387293003,0.0,0.0,0.050866666666666664,0.5359999999999999
sigma_xl_1.0000,1.0,1369.0,19.69038540943618,3.9331945303100415,18.247333825656547,13.776625387293004,0.0,0.0,0.050866666666666664,0.5359999999999999
sigma_xl_1.0000,1.0,1370.0,19.704252076102843,3.936661196976708,18.261200492323212,13.787025387293003,0.0,0.0,0.050866666666666664,0.5359999999999999
sigma_xl_1.0000,1.0,1371.0,19.718118742769512,3.940127863643375,18.275067158989877,13.797425387293003,0.0,0.0,0.050866666666666664,0.5359999999999999
sigma_xl_1.0000,1.0,1372.0,19.731985409436177,3.9435945303100413,18.288933825656542,13.807825387293004,0.0,0.0,0.050866666666666664,0.5359999999999999
sigma_xl_1.0000,1.0,1373.0,19.745852076102846,3.9470611969767084,18.302800492323215,13.818225387293003,0.0,0.0,0.050866666666666664,0.5359999999999999
sigma_xl_1.0000,1.0,1374.0,19.75971874276951,3.9505278636433747,18.31666715898988,13.828625387293004,0.0,0.0,0.050866666666666664,0.5359999999999999
sigma_xl_1.0000,1.0,1375.0,19.773585409436176,3.953994530310041,18.330533825656545,13.839025387293004,0.0,0.0,0.050866666666666664,0.5359999999999999
sigma_xl_1.0000,1.0,1376.0,19.787452076102845,3.957461196976708,18.34440049232321,13.849425387293003,0.0,0.0,0.050866666666666664,0.5359999999999999
sigma_xl_1.0000,1.0,1377.0,19.80131874276951,3.9609278636433745,18.358267158989875,13.859825387293004,0.0,0.0,0.050866666666666664,0.5359999999999999
sigma_xl_1.0000,1.0,1378.0,19.81518540943618,3.9643945303100416,18.372133825656547,13.870225387293004,0.0,0.0,0.050866666666666664,0.5359999999999999
sigma_xl_1.0000,1.0,1379.0,19.829052076102844,3.967861196976708,18.386000492323213,13.880625387293003,0.0,0.0,0.050866666666666664,0.5359999999999999
sigma_xl_1.0000,1.0,1380.0,19.842918742769513,3.971327863643375,18.399867158989878,13.891025387293004,0.0,0.0,0.050866666666666664,0.5359999999999999
sigma_xl_1.0000,1.0,1381.0,19.856785409436178,3.9747945303100414,18.413733825656543,13.901425387293003,0.0,0.0,0.050866666666666664,0.5359999999999999
sigma_xl_1.0000,1.0,1382.0,19.870652076102846,3.9782611969767085,18.427600492323215,13.911825387293003,0.0,0.0,0.050866666666666664,0.5359999999999999
sigma_xl_1.0000,1.0,1383.0,19.88451874276951,3.981727863643375,18.44146715898988,13.922225387293004,0.0,0.0,0.050866666666666664,0.5359999999999999
sigma_xl_1.0000,1.0,1384.0,19.898385409436177,3.985194530310041,18.455333825656545,13.932625387293003,0.0,0.0,0.050866666666666664,0.5359999999999999
sigma_xl_1.0000,1.0,1385.0,19.912252076102845,3.9886611969767083,18.46920049232321,13.943025387293003,0.0,0.0,0.050866666666666664,0.5359999999999999
sigma_xl_1.0000,1.0,1386.0,19.92611874276951,3.9921278636433746,18.483067158989876,13.953425387293004,0.0,0.0,0.050866666666666664,0.5359999999999999
sigma_xl_1.0000,1.0,1387.0,19.93998540943618,3.9955945303100417,18.496933825656548,13.963825387293003,0.0,0.0,0.050866666666666664,0.5359999999999999
sigma_xl_1.0000,1.0,1388.0,19.953852076102844,3.999061196976708,18.510800492323213,13.974225387293004,0.0,0.0,0.050866666666666664,0.5359999999999999
sigma_xl_1.0000,1.0,1389.0,19.967718742769513,4.002527863643375,18.524667158989878,13.984625387293004,0.0,0.0,0.050866666666666664,0.5359999999999999
sigma_xl_1.0000,1.0,1390.0,19.98158540943618,4.0059945303100415,18.538533825656543,13.995025387293003,0.0,0.0,0.050866666666666664,0.5359999999999999
sigma_xl_1.0000,1.0,1391.0,19.995452076102843,4.009461196976708,18.55240049232321,14.005425387293004,0.0,0.0,0.050866666666666664,0.5359999999999999
sigma_xl_1.0000,1.0,1392.0,20.009318742769512,4.012927863643375,18.56626715898988,14.015825387293004,0.0,0.0,0.050866666666666664,0.5359999999999999
sigma_xl_1.0000,1.0,1393.0,20.023185409436177,4.016394530310041,18.580133825656546,14.026225387293003,0.0,0.0,0.050866666666666664,0.5359999999999999
sigma_xl_1.0000,1.0,1394.0,20.037052076102846,4.019861196976708,18.59400049232321,14.036625387293004,0.0,0.0,0.050866666666666664,0.5359999999999999
sigma_xl_1.0000,1.0,1395.0,20.05091874276951,4.023327863643375,18.607867158989876,14.047025387293003,0.0,0.0,0.050866666666666664,0.5359999999999999
sigma_xl_1.0000,1.0,1396.0,20.06478540943618,4.026794530310042,18.62173382565655,14.057425387293003,0.0,0.0,0.050866666666666664,0.5359999999999999
sigma_xl_1.0000,1.0,1397.0,20.078652076102845,4.030261196976708,18.635600492323213,14.067825387293004,0.0,0.0,0.050866666666666664,0.5359999999999999
sigma_xl_1.0000,1.0,1398.0,20.09251874276951,4.033727863643374,18.64946715898988,14.078225387293003,0.0,0.0,0.050866666666666664,0.5359999999999999
sigma_xl_1.0000,1.0,1399.0,20.10638540943618,4.037194530310042,18.663333825656544,14.088625387293003,0.0,0.0,0.050866666666666664,0.5359999999999999
sigma_xl_1.0000,1.0,1400.0,20.120252076102844,4.040661196976708,18.67720049232321,14.099025387293004,0.0,0.0,0.050866666666666664,0.5359999999999999
sigma_xl_1.0000,1.0,1401.0,20.134118742769513,4.044127863643375,18.69106715898988,14.109425387293003,0.0,0.0,0.050866666666666664,0.5359999999999999
sigma_xl_1.0000,1.0,1402.0,20.147985409436178,4.047594530310041,18.704933825656546,14.119825387293004,0.0,0.0,0.050866666666666664,0.5359999999999999
sigma_xl_1.0000,1.0,1403.0,20.161852076102846,4.0510611969767085,18.71880049232321,14.130225387293004,0.0,0.0,0.050866666666666664,0.5359999999999999
sigma_xl_1.0000,1.0,1404.0,20.17571874276951,4.054527863643375,18.732667158989877,14.140625387293003,0.0,0.0,0.050866666666666664,0.5359999999999999
sigma_xl_1.0000,1.0,1405.0,20.189585409436177,4.057994530310041,18.74653382565654,14.151025387293004,0.0,0.0,0.050866666666666664,0.5359999999999999
sigma_xl_1.0000,1.0,1406.0,20.203452076102845,4.061461196976708,18.760400492323214,14.161425387293004,0.0,0.0,0.050866666666666664,0.5359999999999999
sigma_xl_1.0000,1.0,1407.0,20.21731874276951,4.0649278636433746,18.77426715898988,14.171825387293003,0.0,0.0,0.050866666666666664,0.5359999999999999
sigma_xl_1.0000,1.0,1408.0,20.23118540943618,4.068394530310042,18.788133825656544,14.182225387293004,0.0,0.0,0.050866666666666664,0.5359999999999999
sigma_xl_1.0000,1.0,1409.0,20.245052076102844,4.071861196976708,18.80200049232321,14.192625387293004,0.0,0.0,0.050866666666666664,0.5359999999999999
sigma_xl_1.0000,1.0,1410.0,20.258918742769513,4.075327863643375,18.81586715898988,14.203025387293003,0.0,0.0,0.050866666666666664,0.5359999999999999
sigma_xl_1.0000,1.0,1411.0,20.272785409436178,4.0787945303100415,18.829733825656547,14.213425387293004,0.0,0.0,0.050866666666666664,0.5359999999999999
sigma_xl_1.0000,1.0,1412.0,20.286652076102843,4.082261196976708,18.843600492323212,14.223825387293003,0.0,0.0,0.050866666666666664,0.5359999999999999
sigma_xl_1.0000,1.0,1413.0,20.300518742769512,4.085727863643375,18.857467158989877,14.234225387293003,0.0,0.0,0.050866666666666664,0.5359999999999999
sigma_xl_1.0000,1.0,1414.0,20.314385409436177,4.089194530310041,18.871333825656542,14.244625387293004,0.0,0.0,0.050866666666666664,0.5359999999999999
sigma_xl_1.0000,1.0,1415.0,20.328252076102846,4.092661196976708,18.885200492323214,14.255025387293003,0.0,0.0,0.050866666666666664,0.5359999999999999
sigma_xl_1.0000,1.0,1416.0,20.34211874276951,4.096127863643375,18.89906715898988,14.265425387293003,0.0,0.0,0.050866666666666664,0.5359999999999999
sigma_xl_1.0000,1.0,1417.0,20.35598540943618,4.099594530310042,18.912933825656545,14.275825387293004,0.0,0.0,0.050866666666666664,0.5359999999999999
sigma_xl_1.0000,1.0,1418.0,20.369852076102845,4.103061196976708,18.92680049232321,14.286225387293003,0.0,0.0,0.050866666666666664,0.5359999999999999
sigma_xl_1.0000,1.0,1419.0,20.38371874276951,4.106527863643374,18.940667158989875,14.296625387293004,0.0,0.0,0.050866666666666664,0.5359999999999999
sigma_xl_1.0000,1.0,1420.0,20.39758540943618,4.109994530310042,18.954533825656547,14.307025387293004,0.0,0.0,0.050866666666666664,0.5359999999999999
sigma_xl_1.0000,1.0,1421.0,20.411452076102844,4.113461196976708,18.968400492323212,14.317425387293003,0.0,0.0,0.050866666666666664,0.5359999999999999
sigma_xl_1.0000,1.0,1422.0,20.425318742769512,4.116927863643375,18.982267158989877,14.327825387293004,0.0,0.0,0.050866666666666664,0.5359999999999999
sigma_xl_1.0000,1.0,1423.0,20.439185409436178,4.120394530310041,18.996133825656543,14.338225387293004,0.0,0.0,0.050866666666666664,0.5359999999999999
sigma_xl_1.0000,1.0,1424.0,20.453052076102846,4.1238611969767085,19.010000492323215,14.348625387293003,0.0,0.0,0.050866666666666664,0.5359999999999999
sigma_xl_1.0000,1.0,1425.0,20.46691874276951,4.127327863643375,19.02386715898988,14.359025387293004,0.0,0.0,0.050866666666666664,0.5359999999999999
sigma_xl_1.0000,1.0,1426.0,20.480785409436177,4.130794530310041,19.037733825656545,14.369425387293003,0.0,0.0,0.050866666666666664,0.5359999999999999
sigma_xl_1.0000,1.0,1427.0,20.494652076102845,4.134261196976708,19.05160049232321,14.379825387293003,0.0,0.0,0.050866666666666664,0.5359999999999999
sigma_xl_1.0000,1.0,1428.0,20.50851874276951,4.1377278636433745,19.065467158989875,14.390225387293004,0.0,0.0,0.050866666666666664,0.5359999999999999
sigma_xl_1.0000,1.0,1429.0,20.52238540943618,4.141194530310042,19.079333825656548,14.400625387293003,0.0,0.0,0.050866666666666664,0.5359999999999999
sigma_xl_1.0000,1.0,1430.0,20.536252076102844,4.144661196976708,19.093200492323213,14.411025387293003,0.0,0.0,0.050866666666666664,0.5359999999999999
sigma_xl_1.0000,1.0,1431.0,20.550118742769513,4.148127863643375,19.107067158989878,14.421425387293004,0.0,0.0,0.050866666666666664,0.5359999999999999
sigma_xl_1.0000,1.0,1432.0,20.563985409436178,4.151594530310041,19.120933825656543,14.431825387293003,0.0,0.0,0.050866666666666664,0.5359999999999999
sigma_xl_1.0000,1.0,1433.0,20.577852076102843,4.155061196976708,19.13480049232321,14.442225387293004,0.0,0.0,0.050866666666666664,0.5359999999999999
sigma_xl_1.0000,1.0,1434.0,20.591718742769512,4.158527863643375,19.14866715898988,14.452625387293004,0.0,0.0,0.050866666666666664,0.5359999999999999
sigma_xl_1.0000,1.0,1435.0,20.605585409436177,4.161994530310041,19.162533825656546,14.463025387293003,0.0,0.0,0.050866666666666664,0.5359999999999999
sigma_xl_1.0000,1.0,1436.0,20.619452076102846,4.165461196976708,19.17640049232321,14.473425387293004,0.0,0.0,0.050866666666666664,0.5359999999999999
sigma_xl_1.0000,1.0,1437.0,20.63331874276951,4.168927863643375,19.190267158989876,14.483825387293004,0.0,0.0,0.050866666666666664,0.5359999999999999
sigma_xl_1.0000,1.0,1438.0,20.64718540943618,4.172394530310042,19.204133825656548,14.494225387293003,0.0,0.0,0.050866666666666664,0.5359999999999999
sigma_xl_1.0000,1.0,1439.0,20.661052076102845,4.175861196976708,19.218000492323213,14.504625387293004,0.0,0.0,0.050866666666666664,0.5359999999999999
sigma_xl_1.0000,1.0,1440.0,20.67491874276951,4.179327863643374,19.23186715898988,14.515025387293004,0.0,0.0,0.050866666666666664,0.5359999999999999
sigma_xl_1.0000,1.0,1441.0,20.68878540943618,4.182794530310042,19.245733825656544,14.525425387293003,0.0,0.0,0.050866666666666664,0.5359999999999999
sigma_xl_1.0000,1.0,1442.0,20.702652076102844,4.186261196976708,19.25960049232321,14.535825387293004,0.0,0.0,0.050866666666666664,0.5359999999999999
sigma_xl_1.0000,1.0,1443.0,20.716518742769512,4.189727863643375,19.27346715898988,14.546225387293003,0.0,0.0,0.050866666666666664,0.5359999999999999
sigma_xl_1.0000,1.0,1444.0,20.730385409436177,4.193194530310041,19.287333825656546,14.556625387293003,0.0,0.0,0.050866666666666664,0.5359999999999999
sigma_xl_1.0000,1.0,1445.0,20.744252076102846,4.1966611969767085,19.30120049232321,14.567025387293004,0.0,0.0,0.050866666666666664,0.5359999999999999
sigma_xl_1.0000,1.0,1446.0,20.75811874276951,4.200127863643375,19.315067158989876,14.577425387293003,0.0,0.0,0.050866666666666664,0.5359999999999999
sigma_xl_1.0000,1.0,1447.0,20.771985409436176,4.203594530310041,19.32893382565654,14.587825387293003,0.0,0.0,0.050866666666666664,0.5359999999999999
sigma_xl_1.0000,1.0,1448.0,20.785852076102845,4.207061196976708,19.342800492323214,14.598225387293004,0.0,0.0,0.050866666666666664,0.5359999999999999
sigma_xl_1.0000,1.0,1449.0,20.79971874276951,4.2105278636433745,19.35666715898988,14.608625387293003,0.0,0.0,0.050866666666666664,0.5359999999999999
sigma_xl_1.0000,1.0,1450.0,20.81358540943618,4.213994530310042,19.370533825656544,14.619025387293004,0.0,0.0,0.050866666666666664,0.5359999999999999
sigma_xl_1.0000,1.0,1451.0,20.827452076102844,4.217461196976708,19.38440049232321,14.629425387293004,0.0,0.0,0.050866666666666664,0.5359999999999999
sigma_xl_1.0000,1.0,1452.0,20.841318742769513,4.220927863643375,19.39826715898988,14.639825387293003,0.0,0.0,0.050866666666666664,0.5359999999999999
sigma_xl_1.0000,1.0,1453.0,20.855185409436178,4.224394530310041,19.412133825656547,14.650225387293004,0.0,0.0,0.050866666666666664,0.5359999999999999
sigma_xl_1.0000,1.0,1454.0,20.869052076102843,4.227861196976708,19.42600049232321,14.660625387293004,0.0,0.0,0.050866666666666664,0.5359999999999999
sigma_xl_1.0000,1.0,1455.0,20.88291874276951,4.231327863643375,19.439867158989877,14.671025387293003,0.0,0.0,0.050866666666666664,0.5359999999999999
sigma_xl_1.0000,1.0,1456.0,20.896785409436177,4.234794530310041,19.453733825656542,14.681425387293004,0.0,0.0,0.050866666666666664,0.5359999999999999
sigma_xl_1.0000,1.0,1457.0,20.910652076102846,4.238261196976708,19.467600492323214,14.691825387293004,0.0,0.0,0.050866666666666664,0.5359999999999999
sigma_xl_1.0000,1.0,1458.0,20.92451874276951,4.241727863643375,19.48146715898988,14.702225387293003,0.0,0.0,0.050866666666666664,0.5359999999999999
sigma_xl_1.0000,1.0,1459.0,20.93838540943618,4.245194530310042,19.495333825656544,14.712625387293004,0.0,0.0,0.050866666666666664,0.5359999999999999
sigma_xl_1.0000,1.0,1460.0,20.952252076102845,4.248661196976708,19.50920049232321,14.723025387293003,0.0,0.0,0.050866666666666664,0.5359999999999999
sigma_xl_1.0000,1.0,1461.0,20.96611874276951,4.252127863643374,19.523067158989875,14.733425387293003,0.0,0.0,0.050866666666666664,0.5359999999999999
sigma_xl_1.0000,1.0,1462.0,20.97998540943618,4.2555945303100415,19.536933825656547,14.743825387293004,0.0,0.0,0.050866666666666664,0.5359999999999999
sigma_xl_1.0000,1.0,1463.0,20.993852076102844,4.259061196976708,19.550800492323212,14.754225387293003,0.0,0.0,0.050866666666666664,0.5359999999999999
sigma_xl_1.0000,1.0,1464.0,21.007718742769512,4.262527863643375,19.564667158989877,14.764625387293004,0.0,0.0,0.050866666666666664,0.5359999999999999
sigma_xl_1.0000,1.0,1465.0,21.021585409436177,4.265994530310041,19.578533825656542,14.775025387293004,0.0,0.0,0.050866666666666664,0.5359999999999999
sigma_xl_1.0000,1.0,1466.0,21.035452076102846,4.2694611969767085,19.592400492323215,14.785425387293003,0.0,0.0,0.050866666666666664,0.5359999999999999
sigma_xl_1.0000,1.0,1467.0,21.04931874276951,4.272927863643375,19.60626715898988,14.795825387293004,0.0,0.0,0.050866666666666664,0.5359999999999999
sigma_xl_1.0000,1.0,1468.0,21.063185409436176,4.276394530310041,19.620133825656545,14.806225387293004,0.0,0.0,0.050866666666666664,0.5359999999999999
sigma_xl_1.0000,1.0,1469.0,21.077052076102845,4.279861196976708,19.63400049232321,14.816625387293003,0.0,0.0,0.050866666666666664,0.5359999999999999
sigma_xl_1.0000,1.0,1470.0,21.09091874276951,4.2833278636433745,19.647867158989875,14.827025387293004,0.0,0.0,0.050866666666666664,0.5359999999999999
sigma_xl_1.0000,1.0,1471.0,21.10478540943618,4.286794530310042,19.661733825656547,14.837425387293004,0.0,0.0,0.050866666666666664,0.5359999999999999
sigma_xl_1.0000,1.0,1472.0,21.118652076102844,4.290261196976708,19.675600492323213,14.847825387293003,0.0,0.0,0.050866666666666664,0.5359999999999999
sigma_xl_1.0000,1.0,1473.0,21.132518742769513,4.293727863643375,19.689467158989878,14.858225387293004,0.0,0.0,0.050866666666666664,0.5359999999999999
sigma_xl_1.0000,1.0,1474.0,21.146385409436178,4.297194530310041,19.703333825656543,14.868625387293003,0.0,0.0,0.050866666666666664,0.5359999999999999
sigma_xl_1.0000,1.0,1475.0,21.160252076102847,4.300661196976709,19.717200492323215,14.879025387293003,0.0,0.0,0.050866666666666664,0.5359999999999999
sigma_xl_1.0000,1.0,1476.0,21.17411874276951,4.304127863643375,19.73106715898988,14.889425387293004,0.0,0.0,0.050866666666666664,0.5359999999999999
sigma_xl_1.0000,1.0,1477.0,21.187985409436177,4.307594530310041,19.744933825656545,14.899825387293003,0.0,0.0,0.050866666666666664,0.5359999999999999
sigma_xl_1.0000,1.0,1478.0,21.201852076102846,4.311061196976708,19.75880049232321,14.910225387293004,0.0,0.0,0.050866666666666664,0.5359999999999999
sigma_xl_1.0000,1.0,1479.0,21.21571874276951,4.314527863643375,19.772667158989876,14.920625387293004,0.0,0.0,0.050866666666666664,0.5359999999999999
sigma_xl_1.0000,1.0,1480.0,21.22958540943618,4.317994530310042,19.786533825656548,14.931025387293003,0.0,0.0,0.050866666666666664,0.5359999999999999
sigma_xl_1.0000,1.0,1481.0,21.243452076102844,4.321461196976708,19.800400492323213,14.941425387293004,0.0,0.0,0.050866666666666664,0.5359999999999999
sigma_xl_1.0000,1.0,1482.0,21.257318742769513,4.324927863643375,19.81426715898988,14.951825387293004,0.0,0.0,0.050866666666666664,0.5359999999999999
sigma_xl_1.0000,1.0,1483.0,21.27118540943618,4.3283945303100415,19.828133825656543,14.962225387293003,0.0,0.0,0.050866666666666664,0.5359999999999999
sigma_xl_1.0000,1.0,1484.0,21.285052076102843,4.331861196976708,19.84200049232321,14.972625387293004,0.0,0.0,0.050866666666666664,0.5359999999999999
sigma_xl_1.0000,1.0,1485.0,21.298918742769512,4.335327863643375,19.85586715898988,14.983025387293004,0.0,0.0,0.050866666666666664,0.5359999999999999
sigma_xl_1.0000,1.0,1486.0,21.312785409436177,4.338794530310041,19.869733825656546,14.993425387293003,0.0,0.0,0.050866666666666664,0.5359999999999999
sigma_xl_1.0000,1.0,1487.0,21.326652076102846,4.342261196976708,19.88360049232321,15.003825387293004,0.0,0.0,0.050866666666666664,0.5359999999999999
sigma_xl_1.0000,1.0,1488.0,21.34051874276951,4.345727863643375,19.897467158989876,15.014225387293004,0.0,0.0,0.050866666666666664,0.5359999999999999
sigma_xl_1.0000,1.0,1489.0,21.35438540943618,4.349194530310042,19.91133382565655,15.024625387293003,0.0,0.0,0.050866666666666664,0.5359999999999999
sigma_xl_1.0000,1.0,1490.0,21.368252076102845,4.352661196976708,19.925200492323214,15.035025387293004,0.0,0.0,0.050866666666666664,0.5359999999999999
sigma_xl_1.0000,1.0,1491.0,21.38211874276951,4.3561278636433745,19.93906715898988,15.045425387293003,0.0,0.0,0.050866666666666664,0.5359999999999999
sigma_xl_1.0000,1.0,1492.0,21.39598540943618,4.359594530310042,19.952933825656544,15.055825387293003,0.0,0.0,0.050866666666666664,0.5359999999999999
sigma_xl_1.0000,1.0,1493.0,21.409852076102844,4.363061196976708,19.96680049232321,15.066225387293004,0.0,0.0,0.050866666666666664,0.5359999999999999
sigma_xl_1.0000,1.0,1494.0,21.423718742769513,4.366527863643375,19.98066715898988,15.076625387293003,0.0,0.0,0.050866666666666664,0.5359999999999999
sigma_xl_1.0000,1.0,1495.0,21.437585409436178,4.369994530310041,19.994533825656546,15.087025387293004,0.0,0.0,0.050866666666666664,0.5359999999999999
sigma_xl_1.0000,1.0,1496.0,21.451452076102846,4.3734611969767085,20.00840049232321,15.097425387293004,0.0,0.0,0.050866666666666664,0.5359999999999999
sigma_xl_1.0000,1.0,1497.0,21.46531874276951,4.376927863643375,20.022267158989877,15.107825387293003,0.0,0.0,0.050866666666666664,0.5359999999999999
sigma_xl_1.0000,1.0,1498.0,21.479185409436177,4.380394530310041,20.03613382565654,15.118225387293004,0.0,0.0,0.050866666666666664,0.5359999999999999
sigma_xl_1.0000,1.0,1499.0,21.493052076102845,4.383861196976708,20.050000492323214,15.128625387293004,0.0,0.0,0.050866666666666664,0.5359999999999999
sigma_xl_1.0000,1.0,1500.0,21.50691874276951,4.387327863643375,20.06386715898988,15.139025387293003,0.0,0.0,0.050866666666666664,0.5359999999999999
sigma_xl_1.0000,1.0,1501.0,21.52078540943618,4.390794530310042,20.077733825656544,15.149425387293004,0.0,0.0,0.050866666666666664,0.5359999999999999
sigma_xl_1.0000,1.0,1502.0,21.534652076102844,4.394261196976708,20.09160049232321,15.159825387293004,0.0,0.0,0.050866666666666664,0.5359999999999999
sigma_xl_1.0000,1.0,1503.0,21.548518742769513,4.397727863643375,20.10546715898988,15.170225387293003,0.0,0.0,0.050866666666666664,0.5359999999999999
sigma_xl_1.0000,1.0,1504.0,21.562385409436178,4.4011945303100415,20.119333825656547,15.180625387293004,0.0,0.0,0.050866666666666664,0.5359999999999999
sigma_xl_1.0000,1.0,1505.0,21.576252076102843,4.404661196976708,20.133200492323212,15.191025387293003,0.0,0.0,0.050866666666666664,0.5359999999999999
sigma_xl_1.0000,1.0,1506.0,21.590118742769512,4.408127863643375,20.147067158989877,15.201425387293003,0.0,0.0,0.050866666666666664,0.5359999999999999
sigma_xl_1.0000,1.0,1507.0,21.603985409436177,4.411594530310041,20.160933825656542,15.211825387293004,0.0,0.0,0.050866666666666664,0.5359999999999999
sigma_xl_1.0000,1.0,1508.0,21.617852076102846,4.415061196976708,20.174800492323214,15.222225387293003,0.0,0.0,0.050866666666666664,0.5359999999999999
sigma_xl_1.0000,1.0,1509.0,21.63171874276951,4.418527863643375,20.18866715898988,15.232625387293004,0.0,0.0,0.050866666666666664,0.5359999999999999
sigma_xl_1.0000,1.0,1510.0,21.64558540943618,4.421994530310042,20.202533825656545,15.243025387293004,0.0,0.0,0.050866666666666664,0.5359999999999999
sigma_xl_1.0000,1.0,1511.0,21.659452076102845,4.425461196976708,20.21640049232321,15.253425387293003,0.0,0.0,0.050866666666666664,0.5359999999999999
sigma_xl_1.0000,1.0,1512.0,21.67331874276951,4.428927863643374,20.230267158989875,15.263825387293004,0.0,0.0,0.050866666666666664,0.5359999999999999
sigma_xl_1.0000,1.0,1513.0,21.68718540943618,4.432394530310042,20.244133825656547,15.274225387293004,0.0,0.0,0.050866666666666664,0.5359999999999999
sigma_xl_1.0000,1.0,1514.0,21.701052076102844,4.435861196976708,20.258000492323212,15.284625387293003,0.0,0.0,0.050866666666666664,0.5359999999999999
sigma_xl_1.0000,1.0,1515.0,21.714918742769513,4.439327863643375,20.271867158989878,15.295025387293004,0.0,0.0,0.050866666666666664,0.5359999999999999
sigma_xl_1.0000,1.0,1516.0,21.728785409436178,4.442794530310041,20.285733825656543,15.305425387293004,0.0,0.0,0.050866666666666664,0.5359999999999999
sigma_xl_1.0000,1.0,1517.0,21.742652076102846,4.4462611969767085,20.299600492323215,15.315825387293003,0.0,0.0,0.050866666666666664,0.5359999999999999
sigma_xl_1.0000,1.0,1518.0,21.75651874276951,4.449727863643375,20.31346715898988,15.326225387293004,0.0,0.0,0.050866666666666664,0.5359999999999999
sigma_xl_1.0000,1.0,1519.0,21.770385409436177,4.453194530310041,20.327333825656545,15.336625387293005,0.0,0.0,0.050866666666666664,0.5359999999999999
sigma_xl_1.0000,1.0,1520.0,21.784252076102845,4.456661196976708,20.34120049232321,15.347025387293003,0.0,0.0,0.050866666666666664,0.5359999999999999
sigma_xl_1.0000,1.0,1521.0,21.79811874276951,4.4601278636433745,20.355067158989876,15.357425387293004,0.0,0.0,0.050866666666666664,0.5359999999999999
sigma_xl_1.0000,1.0,1522.0,21.81198540943618,4.463594530310042,20.368933825656548,15.367825387293003,0.0,0.0,0.050866666666666664,0.5359999999999999
sigma_xl_1.0000,1.0,1523.0,21.825852076102844,4.467061196976708,20.382800492323213,15.378225387293003,0.0,0.0,0.050866666666666664,0.5359999999999999
sigma_xl_1.0000,1.0,1524.0,21.839718742769513,4.470527863643375,20.396667158989878,15.388625387293004,0.0,0.0,0.050866666666666664,0.5359999999999999
sigma_xl_1.0000,1.0,1525.0,21.853585409436178,4.4739945303100415,20.410533825656543,15.399025387293003,0.0,0.0,0.050866666666666664,0.5359999999999999
sigma_xl_1.0000,1.0,1526.0,21.867452076102843,4.477461196976708,20.42440049232321,15.409425387293004,0.0,0.0,0.050866666666666664,0.5359999999999999
sigma_xl_1.0000,1.0,1527.0,21.881318742769512,4.480927863643375,20.43826715898988,15.419825387293004,0.0,0.0,0.050866666666666664,0.5359999999999999
sigma_xl_1.0000,1.0,1528.0,21.895185409436177,4.484394530310041,20.452133825656546,15.430225387293003,0.0,0.0,0.050866666666666664,0.5359999999999999
sigma_xl_1.0000,1.0,1529.0,21.909052076102846,4.487861196976708,20.46600049232321,15.440625387293004,0.0,0.0,0.050866666666666664,0.5359999999999999
sigma_xl_1.0000,1.0,1530.0,21.92291874276951,4.491327863643375,20.479867158989876,15.451025387293004,0.0,0.0,0.050866666666666664,0.5359999999999999
sigma_xl_1.0000,1.0,1531.0,21.93678540943618,4.494794530310042,20.493733825656548,15.461425387293003,0.0,0.0,0.050866666666666664,0.5359999999999999
sigma_xl_1.0000,1.0,1532.0,21.950652076102845,4.498261196976708,20.507600492323213,15.471825387293004,0.0,0.0,0.050866666666666664,0.5359999999999999
sigma_xl_1.0000,1.0,1533.0,21.96451874276951,4.501727863643374,20.52146715898988,15.482225387293004,0.0,0.0,0.050866666666666664,0.5359999999999999
sigma_xl_1.0000,1.0,1534.0,21.97838540943618,4.505194530310042,20.535333825656544,15.492625387293003,0.0,0.0,0.050866666666666664,0.5359999999999999
sigma_xl_1.0000,1.0,1535.0,21.992252076102844,4.508661196976708,20.54920049232321,15.503025387293004,0.0,0.0,0.050866666666666664,0.5359999999999999
sigma_xl_1.0000,1.0,1536.0,22.006118742769512,4.512127863643375,20.56306715898988,15.513425387293005,0.0,0.0,0.050866666666666664,0.5359999999999999
sigma_xl_1.0000,1.0,1537.0,22.019985409436178,4.515594530310041,20.576933825656546,15.523825387293003,0.0,0.0,0.050866666666666664,0.5359999999999999
sigma_xl_1.0000,1.0,1538.0,22.033852076102846,4.5190611969767085,20.59080049232321,15.534225387293004,0.0,0.0,0.050866666666666664,0.5359999999999999
sigma_xl_1.0000,1.0,1539.0,22.04771874276951,4.522527863643375,20.604667158989876,15.544625387293003,0.0,0.0,0.050866666666666664,0.5359999999999999
sigma_xl_1.0000,1.0,1540.0,22.061585409436177,4.525994530310041,20.61853382565654,15.555025387293004,0.0,0.0,0.050866666666666664,0.5359999999999999
sigma_xl_1.0000,1.0,1541.0,22.075452076102845,4.529461196976708,20.632400492323214,15.565425387293004,0.0,0.0,0.050866666666666664,0.5359999999999999
sigma_xl_1.0000,1.0,1542.0,22.08931874276951,4.5329278636433745,20.64626715898988,15.575825387293005,0.0,0.0,0.050866666666666664,0.5359999999999999
sigma_xl_1.0000,1.0,1543.0,22.10318540943618,4.536394530310042,20.660133825656544,15.586225387293005,0.0,0.0,0.050866666666666664,0.5359999999999999
sigma_xl_1.0000,1.0,1544.0,22.117052076102844,4.539861196976708,20.67400049232321,15.596625387293003,0.0,0.0,0.050866666666666664,0.5359999999999999
sigma_xl_1.0000,1.0,1545.0,22.130918742769513,4.543327863643375,20.68786715898988,15.607025387293003,0.0,0.0,0.050866666666666664,0.5359999999999999
sigma_xl_1.0000,1.0,1546.0,22.144785409436178,4.546794530310041,20.701733825656547,15.617425387293004,0.0,0.0,0.050866666666666664,0.5359999999999999
sigma_xl_1.0000,1.0,1547.0,22.158652076102843,4.550261196976708,20.71560049232321,15.627825387293004,0.0,0.0,0.050866666666666664,0.5359999999999999
sigma_xl_1.0000,1.0,1548.0,22.172518742769512,4.553727863643375,20.729467158989877,15.638225387293005,0.0,0.0,0.050866666666666664,0.5359999999999999
sigma_xl_1.0000,1.0,1549.0,22.186385409436177,4.557194530310041,20.743333825656542,15.648625387293002,0.0,0.0,0.050866666666666664,0.5359999999999999
sigma_xl_1.0000,1.0,1550.0,22.200252076102846,4.560661196976708,20.757200492323214,15.659025387293003,0.0,0.0,0.050866666666666664,0.5359999999999999
sigma_xl_1.0000,1.0,1551.0,22.21411874276951,4.564127863643375,20.77106715898988,15.669425387293003,0.0,0.0,0.050866666666666664,0.5359999999999999
sigma_xl_1.0000,1.0,1552.0,22.22798540943618,4.567594530310042,20.784933825656545,15.679825387293004,0.0,0.0,0.050866666666666664,0.5359999999999999
sigma_xl_1.0000,1.0,1553.0,22.241852076102845,4.571061196976708,20.79880049232321,15.690225387293005,0.0,0.0,0.050866666666666664,0.5359999999999999
sigma_xl_1.0000,1.0,1554.0,22.25571874276951,4.574527863643374,20.812667158989875,15.700625387293005,0.0,0.0,0.050866666666666664,0.5359999999999999
sigma_xl_1.0000,1.0,1555.0,22.26958540943618,4.5779945303100416,20.826533825656547,15.711025387293002,0.0,0.0,0.050866666666666664,0.5359999999999999
sigma_xl_1.0000,1.0,1556.0,22.283452076102844,4.581461196976708,20.840400492323212,15.721425387293003,0.0,0.0,0.050866666666666664,0.5359999999999999
sigma_xl_1.0000,1.0,1557.0,22.297318742769512,4.584927863643375,20.854267158989877,15.731825387293004,0.0,0.0,0.050866666666666664,0.5359999999999999
sigma_xl_1.0000,1.0,1558.0,22.311185409436177,4.588394530310041,20.868133825656543,15.742225387293004,0.0,0.0,0.050866666666666664,0.5359999999999999
sigma_xl_1.0000,1.0,1559.0,22.325052076102846,4.5918611969767085,20.882000492323215,15.752625387293005,0.0,0.0,0.050866666666666664,0.5359999999999999
sigma_xl_1.0000,1.0,1560.0,22.33891874276951,4.595327863643375,20.89586715898988,15.763025387293002,0.0,0.0,0.050866666666666664,0.5359999999999999
sigma_xl_1.0000,1.0,1561.0,22.35278540943618,4.598794530310042,20.909733825656545,15.773425387293003,0.0,0.0,0.050866666666666664,0.5359999999999999
sigma_xl_1.0000,1.0,1562.0,22.366652076102845,4.602261196976708,20.92360049232321,15.783825387293003,0.0,0.0,0.050866666666666664,0.5359999999999999
sigma_xl_1.0000,1.0,1563.0,22.38051874276951,4.6057278636433745,20.937467158989875,15.794225387293004,0.0,0.0,0.050866666666666664,0.5359999999999999
sigma_xl_1.0000,1.0,1564.0,22.39438540943618,4.609194530310042,20.951333825656548,15.804625387293004,0.0,0.0,0.050866666666666664,0.5359999999999999
sigma_xl_1.0000,1.0,1565.0,22.408252076102844,4.612661196976708,20.965200492323213,15.815025387293005,0.0,0.0,0.050866666666666664,0.5359999999999999
sigma_xl_1.0000,1.0,1566.0,22.422118742769513,4.616127863643375,20.979067158989878,15.825425387293002,0.0,0.0,0.050866666666666664,0.5359999999999999
sigma_xl_1.0000,1.0,1567.0,22.435985409436178,4.619594530310041,20.992933825656543,15.835825387293003,0.0,0.0,0.050866666666666664,0.5359999999999999
sigma_xl_1.0000,1.0,1568.0,22.449852076102847,4.623061196976709,21.006800492323215,15.846225387293003,0.0,0.0,0.050866666666666664,0.5359999999999999
sigma_xl_1.0000,1.0,1569.0,22.46371874276951,4.626527863643375,21.02066715898988,15.856625387293004,0.0,0.0,0.050866666666666664,0.5359999999999999
sigma_xl_1.0000,1.0,1570.0,22.477585409436177,4.629994530310041,21.034533825656546,15.867025387293005,0.0,0.0,0.050866666666666664,0.5359999999999999
sigma_xl_1.0000,1.0,1571.0,22.491452076102846,4.633461196976708,21.04840049232321,15.877425387293005,0.0,0.0,0.050866666666666664,0.5359999999999999
sigma_xl_1.0000,1.0,1572.0,22.50531874276951,4.636927863643375,21.062267158989876,15.887825387293002,0.0,0.0,0.050866666666666664,0.5359999999999999
sigma_xl_1.0000,1.0,1573.0,22.51918540943618,4.640394530310042,21.076133825656548,15.898225387293003,0.0,0.0,0.050866666666666664,0.5359999999999999
sigma_xl_1.0000,1.0,1574.0,22.533052076102845,4.643861196976708,21.090000492323213,15.908625387293004,0.0,0.0,0.050866666666666664,0.5359999999999999
sigma_xl_1.0000,1.0,1575.0,22.546918742769513,4.647327863643375,21.10386715898988,15.919025387293004,0.0,0.0,0.050866666666666664,0.5359999999999999
sigma_xl_1.0000,1.0,1576.0,22.56078540943618,4.6507945303100415,21.117733825656543,15.929425387293005,0.0,0.0,0.050866666666666664,0.5359999999999999
sigma_xl_1.0000,1.0,1577.0,22.574652076102844,4.654261196976708,21.13160049232321,15.939825387293002,0.0,0.0,0.050866666666666664,0.5359999999999999
sigma_xl_1.0000,1.0,1578.0,22.588518742769512,4.657727863643375,21.14546715898988,15.950225387293003,0.0,0.0,0.050866666666666664,0.5359999999999999
sigma_xl_1.0000,1.0,1579.0,22.602385409436177,4.661194530310041,21.159333825656546,15.960625387293003,0.0,0.0,0.050866666666666664,0.5359999999999999
sigma_xl_1.0000,1.0,1580.0,22.616252076102846,4.6646611969767084,21.17320049232321,15.971025387293004,0.0,0.0,0.050866666666666664,0.5359999999999999
sigma_xl_1.0000,1.0,1581.0,22.63011874276951,4.668127863643375,21.187067158989876,15.981425387293005,0.0,0.0,0.050866666666666664,0.5359999999999999
sigma_xl_1.0000,1.0,1582.0,22.64398540943618,4.671594530310042,21.20093382565655,15.991825387293005,0.0,0.0,0.050866666666666664,0.5359999999999999
sigma_xl_1.0000,1.0,1583.0,22.657852076102845,4.675061196976708,21.214800492323214,16.002225387293002,0.0,0.0,0.050866666666666664,0.5359999999999999
sigma_xl_1.0000,1.0,1584.0,22.67171874276951,4.6785278636433745,21.22866715898988,16.012625387293003,0.0,0.0,0.050866666666666664,0.5359999999999999
sigma_xl_1.0000,1.0,1585.0,22.68558540943618,4.681994530310042,21.242533825656544,16.023025387293004,0.0,0.0,0.050866666666666664,0.5359999999999999
sigma_xl_1.0000,1.0,1586.0,22.699452076102844,4.685461196976708,21.25640049232321,16.033425387293004,0.0,0.0,0.050866666666666664,0.5359999999999999
sigma_xl_1.0000,1.0,1587.0,22.713318742769513,4.688927863643375,21.27026715898988,16.043825387293005,0.0,0.0,0.050866666666666664,0.5359999999999999
sigma_xl_1.0000,1.0,1588.0,22.727185409436178,4.692394530310041,21.284133825656546,16.054225387293005,0.0,0.0,0.050866666666666664,0.5359999999999999
sigma_xl_1.0000,1.0,1589.0,22.741052076102847,4.695861196976709,21.29800049232321,16.064625387293002,0.0,0.0,0.050866666666666664,0.5359999999999999
sigma_xl_1.0000,1.0,1590.0,22.75491874276951,4.699327863643375,21.311867158989877,16.075025387293003,0.0,0.0,0.050866666666666664,0.5359999999999999
sigma_xl_1.0000,1.0,1591.0,22.768785409436177,4.702794530310041,21.325733825656542,16.085425387293004,0.0,0.0,0.050866666666666664,0.5359999999999999
sigma_xl_1.0000,1.0,1592.0,22.782652076102845,4.706261196976708,21.339600492323214,16.095825387293004,0.0,0.0,0.050866666666666664,0.5359999999999999
sigma_xl_1.0000,1.0,1593.0,22.79651874276951,4.709727863643375,21.35346715898988,16.106225387293005,0.0,0.0,0.050866666666666664,0.5359999999999999
sigma_xl_1.0000,1.0,1594.0,22.81038540943618,4.713194530310042,21.367333825656544,16.116625387293002,0.0,0.0,0.050866666666666664,0.5359999999999999
sigma_xl_1.0000,1.0,1595.0,22.824252076102844,4.716661196976708,21.38120049232321,16.127025387293003,0.0,0.0,0.050866666666666664,0.5359999999999999
sigma_xl_1.0000,1.0,1596.0,22.838118742769513,4.720127863643375,21.39506715898988,16.137425387293003,0.0,0.0,0.050866666666666664,0.5359999999999999
sigma_xl_1.0000,1.0,1597.0,22.85198540943618,4.7235945303100415,21.408933825656547,16.147825387293004,0.0,0.0,0.050866666666666664,0.5359999999999999
sigma_xl_1.0000,1.0,1598.0,22.865852076102843,4.727061196976708,21.422800492323212,16.158225387293005,0.0,0.0,0.050866666666666664,0.5359999999999999
sigma_xl_1.0000,1.0,1599.0,22.879718742769512,4.730527863643375,21.436667158989877,16.168625387293005,0.0,0.0,0.050866666666666664,0.5359999999999999
sigma_xl_1.0000,1.0,1600.0,22.893585409436177,4.733994530310041,21.450533825656542,16.179025387293002,0.0,0.0,0.050866666666666664,0.5359999999999999
sigma_xl_1.0000,1.0,1601.0,22.907452076102846,4.737461196976708,21.464400492323215,16.189425387293003,0.0,0.0,0.050866666666666664,0.5359999999999999
sigma_xl_1.0000,1.0,1602.0,22.92131874276951,4.740927863643375,21.47826715898988,16.199825387293004,0.0,0.0,0.050866666666666664,0.5359999999999999
sigma_xl_1.0000,1.0,1603.0,22.93518540943618,4.744394530310042,21.492133825656545,16.210225387293004,0.0,0.0,0.050866666666666664,0.5359999999999999
sigma_xl_1.0000,1.0,1604.0,22.949052076102845,4.747861196976708,21.50600049232321,16.220625387293005,0.0,0.0,0.050866666666666664,0.5359999999999999
sigma_xl_1.0000,1.0,1605.0,22.96291874276951,4.7513278636433744,21.519867158989875,16.231025387293005,0.0,0.0,0.050866666666666664,0.5359999999999999
sigma_xl_1.0000,1.0,1606.0,22.97678540943618,4.754794530310042,21.533733825656547,16.241425387293003,0.0,0.0,0.050866666666666664,0.5359999999999999
sigma_xl_1.0000,1.0,1607.0,22.990652076102844,4.758261196976708,21.547600492323213,16.251825387293003,0.0,0.0,0.050866666666666664,0.5359999999999999
sigma_xl_1.0000,1.0,1608.0,23.004518742769513,4.761727863643375,21.561467158989878,16.262225387293004,0.0,0.0,0.050866666666666664,0.5359999999999999
sigma_xl_1.0000,1.0,1609.0,23.018385409436178,4.765194530310041,21.575333825656543,16.272625387293004,0.0,0.0,0.050866666666666664,0.5359999999999999
sigma_xl_1.0000,1.0,1610.0,23.032252076102846,4.7686611969767085,21.589200492323215,16.283025387293005,0.0,0.0,0.050866666666666664,0.5359999999999999
sigma_xl_1.0000,1.0,1611.0,23.04611874276951,4.772127863643375,21.60306715898988,16.293425387293002,0.0,0.0,0.050866666666666664,0.5359999999999999
sigma_xl_1.0000,1.0,1612.0,23.059985409436177,4.775594530310041,21.616933825656545,16.303825387293003,0.0,0.0,0.050866666666666664,0.5359999999999999
sigma_xl_1.0000,1.0,1613.0,23.073852076102845,4.779061196976708,21.63080049232321,16.314225387293003,0.0,0.0,0.050866666666666664,0.5359999999999999
sigma_xl_1.0000,1.0,1614.0,23.08771874276951,4.782527863643375,21.644667158989876,16.324625387293004,0.0,0.0,0.050866666666666664,0.5359999999999999
sigma_xl_1.0000,1.0,1615.0,23.10158540943618,4.785994530310042,21.658533825656548,16.335025387293005,0.0,0.0,0.050866666666666664,0.5359999999999999
sigma_xl_1.0000,1.0,1616.0,23.115452076102844,4.789461196976708,21.672400492323213,16.345425387293005,0.0,0.0,0.050866666666666664,0.5359999999999999
sigma_xl_1.0000,1.0,1617.0,23.129318742769513,4.792927863643375,21.686267158989878,16.355825387293002,0.0,0.0,0.050866666666666664,0.5359999999999999
sigma_xl_1.0000,1.0,1618.0,23.143185409436178,4.7963945303100415,21.700133825656543,16.366225387293003,0.0,0.0,0.050866666666666664,0.5359999999999999
sigma_xl_1.0000,1.0,1619.0,23.157052076102843,4.799861196976708,21.71400049232321,16.376625387293004,0.0,0.0,0.050866666666666664,0.5359999999999999
sigma_xl_1.0000,1.0,1620.0,23.170918742769512,4.803327863643375,21.72786715898988,16.387025387293004,0.0,0.0,0.050866666666666664,0.5359999999999999
sigma_xl_1.0000,1.0,1621.0,23.184785409436177,4.806794530310041,21.741733825656546,16.397425387293005,0.0,0.0,0.050866666666666664,0.5359999999999999
sigma_xl_1.0000,1.0,1622.0,23.198652076102846,4.810261196976708,21.75560049232321,16.407825387293006,0.0,0.0,0.050866666666666664,0.5359999999999999
sigma_xl_1.0000,1.0,1623.0,23.21251874276951,4.813727863643375,21.769467158989876,16.418225387293003,0.0,0.0,0.050866666666666664,0.5359999999999999
sigma_xl_1.0000,1.0,1624.0,23.22638540943618,4.817194530310042,21.78333382565655,16.428625387293003,0.0,0.0,0.050866666666666664,0.5359999999999999
sigma_xl_1.0000,1.0,1625.0,23.240252076102845,4.820661196976708,21.797200492323213,16.439025387293004,0.0,0.0,0.050866666666666664,0.5359999999999999
sigma_xl_1.0000,1.0,1626.0,23.25411874276951,4.824127863643374,21.81106715898988,16.449425387293005,0.0,0.0,0.050866666666666664,0.5359999999999999
sigma_xl_1.0000,1.0,1627.0,23.26798540943618,4.827594530310042,21.824933825656544,16.459825387293005,0.0,0.0,0.050866666666666664,0.5359999999999999
sigma_xl_1.0000,1.0,1628.0,23.281852076102844,4.831061196976708,21.83880049232321,16.470225387293002,0.0,0.0,0.050866666666666664,0.5359999999999999
sigma_xl_1.0000,1.0,1629.0,23.295718742769512,4.834527863643375,21.85266715898988,16.480625387293003,0.0,0.0,0.050866666666666664,0.5359999999999999
sigma_xl_1.0000,1.0,1630.0,23.309585409436178,4.837994530310041,21.866533825656546,16.491025387293003,0.0,0.0,0.050866666666666664,0.5359999999999999
sigma_xl_1.0000,1.0,1631.0,23.323452076102846,4.8414611969767085,21.88040049232321,16.501425387293004,0.0,0.0,0.050866666666666664,0.5359999999999999
sigma_xl_1.0000,1.0,1632.0,23.33731874276951,4.844927863643375,21.894267158989877,16.511825387293005,0.0,0.0,0.050866666666666664,0.5359999999999999
sigma_xl_1.0000,1.0,1633.0,23.351185409436177,4.848394530310041,21.90813382565654,16.522225387293005,0.0,0.0,0.050866666666666664,0.5359999999999999
sigma_xl_1.0000,1.0,1634.0,23.365052076102845,4.851861196976708,21.922000492323214,16.532625387293002,0.0,0.0,0.050866666666666664,0.5359999999999999
sigma_xl_1.0000,1.0,1635.0,23.37891874276951,4.8553278636433745,21.93586715898988,16.543025387293003,0.0,0.0,0.050866666666666664,0.5359999999999999
sigma_xl_1.0000,1.0,1636.0,23.39278540943618,4.858794530310042,21.949733825656544,16.553425387293004,0.0,0.0,0.050866666666666664,0.5359999999999999
sigma_xl_1.0000,1.0,1637.0,23.406652076102844,4.862261196976708,21.96360049232321,16.563825387293004,0.0,0.0,0.050866666666666664,0.5359999999999999
sigma_xl_1.0000,1.0,1638.0,23.420518742769513,4.865727863643375,21.97746715898988,16.574225387293005,0.0,0.0,0.050866666666666664,0.5359999999999999
sigma_xl_1.0000,1.0,1639.0,23.434385409436178,4.8691945303100415,21.991333825656547,16.584625387293002,0.0,0.0,0.050866666666666664,0.5359999999999999
sigma_xl_1.0000,1.0,1640.0,23.448252076102843,4.872661196976708,22.005200492323212,16.595025387293003,0.0,0.0,0.050866666666666664,0.5359999999999999
sigma_xl_1.0000,1.0,1641.0,23.462118742769512,4.876127863643375,22.019067158989877,16.605425387293003,0.0,0.0,0.050866666666666664,0.5359999999999999
sigma_xl_1.0000,1.0,1642.0,23.475985409436177,4.879594530310041,22.032933825656542,16.615825387293004,0.0,0.0,0.050866666666666664,0.5359999999999999
sigma_xl_1.0000,1.0,1643.0,23.489852076102846,4.883061196976708,22.046800492323214,16.626225387293005,0.0,0.0,0.050866666666666664,0.5359999999999999
sigma_xl_1.0000,1.0,1644.0,23.50371874276951,4.886527863643375,22.06066715898988,16.636625387293005,0.0,0.0,0.050866666666666664,0.5359999999999999
sigma_xl_1.0000,1.0,1645.0,23.51758540943618,4.889994530310042,22.074533825656545,16.647025387293002,0.0,0.0,0.050866666666666664,0.5359999999999999
sigma_xl_1.0000,1.0,1646.0,23.531452076102845,4.893461196976708,22.08840049232321,16.657425387293003,0.0,0.0,0.050866666666666664,0.5359999999999999
sigma_xl_1.0000,1.0,1647.0,23.54531874276951,4.896927863643374,22.102267158989875,16.667825387293004,0.0,0.0,0.050866666666666664,0.5359999999999999
sigma_xl_1.0000,1.0,1648.0,23.55918540943618,4.900394530310042,22.116133825656547,16.678225387293004,0.0,0.0,0.050866666666666664,0.5359999999999999
sigma_xl_1.0000,1.0,1649.0,23.573052076102844,4.903861196976708,22.130000492323212,16.688625387293005,0.0,0.0,0.050866666666666664,0.5359999999999999
sigma_xl_1.0000,1.0,1650.0,23.586918742769512,4.907327863643375,22.143867158989877,16.699025387293005,0.0,0.0,0.050866666666666664,0.5359999999999999
sigma_xl_1.0000,1.0,1651.0,23.600785409436178,4.910794530310041,22.157733825656543,16.709425387293003,0.0,0.0,0.050866666666666664,0.5359999999999999
sigma_xl_1.0000,1.0,1652.0,23.614652076102846,4.9142611969767085,22.171600492323215,16.719825387293003,0.0,0.0,0.050866666666666664,0.5359999999999999
sigma_xl_1.0000,1.0,1653.0,23.62851874276951,4.917727863643375,22.18546715898988,16.730225387293004,0.0,0.0,0.050866666666666664,0.5359999999999999
sigma_xl_1.0000,1.0,1654.0,23.64238540943618,4.921194530310042,22.199333825656545,16.740625387293004,0.0,0.0,0.050866666666666664,0.5359999999999999
sigma_xl_1.0000,1.0,1655.0,23.656252076102845,4.924661196976708,22.21320049232321,16.751025387293005,0.0,0.0,0.050866666666666664,0.5359999999999999
sigma_xl_1.0000,1.0,1656.0,23.67011874276951,4.9281278636433745,22.227067158989875,16.761425387293002,0.0,0.0,0.050866666666666664,0.5359999999999999
sigma_xl_1.0000,1.0,1657.0,23.68398540943618,4.931594530310042,22.240933825656548,16.771825387293003,0.0,0.0,0.050866666666666664,0.5359999999999999
sigma_xl_1.0000,1.0,1658.0,23.697852076102844,4.935061196976708,22.254800492323213,16.782225387293003,0.0,0.0,0.050866666666666664,0.5359999999999999
sigma_xl_1.0000,1.0,1659.0,23.711718742769513,4.938527863643375,22.268667158989878,16.792625387293004,0.0,0.0,0.050866666666666664,0.5359999999999999
sigma_xl_1.0000,1.0,1660.0,23.725585409436178,4.941994530310041,22.282533825656543,16.803025387293005,0.0,0.0,0.050866666666666664,0.5359999999999999
sigma_xl_1.0000,1.0,1661.0,23.739452076102847,4.945461196976709,22.296400492323215,16.813425387293005,0.0,0.0,0.050866666666666664,0.5359999999999999
sigma_xl_1.0000,1.0,1662.0,23.753318742769512,4.948927863643375,22.31026715898988,16.823825387293002,0.0,0.0,0.050866666666666664,0.5359999999999999
sigma_xl_1.0000,1.0,1663.0,23.767185409436177,4.952394530310041,22.324133825656546,16.834225387293003,0.0,0.0,0.050866666666666664,0.5359999999999999
sigma_xl_1.0000,1.0,1664.0,23.781052076102846,4.955861196976708,22.33800049232321,16.844625387293004,0.0,0.0,0.050866666666666664,0.5359999999999999
sigma_xl_1.0000,1.0,1665.0,23.79491874276951,4.959327863643375,22.351867158989876,16.855025387293004,0.0,0.0,0.050866666666666664,0.5359999999999999
sigma_xl_1.0000,1.0,1666.0,23.80878540943618,4.962794530310042,22.365733825656548,16.865425387293005,0.0,0.0,0.050866666666666664,0.5359999999999999
sigma_xl_1.0000,1.0,1667.0,23.822652076102845,4.966261196976708,22.379600492323213,16.875825387293006,0.0,0.0,0.050866666666666664,0.5359999999999999
sigma_xl_1.0000,1.0,1668.0,23.836518742769513,4.969727863643375,22.39346715898988,16.886225387293003,0.0,0.0,0.050866666666666664,0.5359999999999999
sigma_xl_1.0000,1.0,1669.0,23.85038540943618,4.9731945303100416,22.407333825656544,16.896625387293003,0.0,0.0,0.050866666666666664,0.5359999999999999
sigma_xl_1.0000,1.0,1670.0,23.864252076102844,4.976661196976708,22.42120049232321,16.907025387293004,0.0,0.0,0.050866666666666664,0.5359999999999999
sigma_xl_1.0000,1.0,1671.0,23.878118742769512,4.980127863643375,22.43506715898988,16.917425387293004,0.0,0.0,0.050866666666666664,0.5359999999999999
sigma_xl_1.0000,1.0,1672.0,23.891985409436177,4.983594530310041,22.448933825656546,16.927825387293005,0.0,0.0,0.050866666666666664,0.5359999999999999
sigma_xl_1.0000,1.0,1673.0,23.905852076102846,4.9870611969767085,22.46280049232321,16.938225387293002,0.0,0.0,0.050866666666666664,0.5359999999999999
sigma_xl_1.0000,1.0,1674.0,23.91971874276951,4.990527863643375,22.476667158989876,16.948625387293003,0.0,0.0,0.050866666666666664,0.5359999999999999
sigma_xl_1.0000,1.0,1675.0,23.93358540943618,4.993994530310042,22.49053382565655,16.959025387293003,0.0,0.0,0.050866666666666664,0.5359999999999999
sigma_xl_1.0000,1.0,1676.0,23.947452076102845,4.997461196976708,22.504400492323214,16.969425387293004,0.0,0.0,0.050866666666666664,0.5359999999999999
sigma_xl_1.0000,1.0,1677.0,23.96131874276951,5.0009278636433745,22.51826715898988,16.979825387293005,0.0,0.0,0.050866666666666664,0.5359999999999999
sigma_xl_1.0000,1.0,1678.0,23.97518540943618,5.004394530310042,22.532133825656544,16.990225387293005,0.0,0.0,0.050866666666666664,0.5359999999999999
sigma_xl_1.0000,1.0,1679.0,23.989052076102844,5.007861196976708,22.54600049232321,17.000625387293002,0.0,0.0,0.050866666666666664,0.5359999999999999
sigma_xl_1.0000,1.0,1680.0,24.002918742769513,5.011327863643375,22.55986715898988,17.011025387293003,0.0,0.0,0.050866666666666664,0.5359999999999999
sigma_xl_1.0000,1.0,1681.0,24.016785409436178,5.014794530310041,22.573733825656547,17.021425387293004,0.0,0.0,0.050866666666666664,0.5359999999999999
sigma_xl_1.0000,1.0,1682.0,24.030652076102847,5.018261196976709,22.58760049232321,17.031825387293004,0.0,0.0,0.050866666666666664,0.5359999999999999
sigma_xl_1.0000,1.0,1683.0,24.04451874276951,5.021727863643375,22.601467158989877,17.042225387293005,0.0,0.0,0.050866666666666664,0.5359999999999999
sigma_xl_1.0000,1.0,1684.0,24.058385409436177,5.025194530310041,22.615333825656542,17.052625387293006,0.0,0.0,0.050866666666666664,0.5359999999999999
sigma_xl_1.0000,1.0,1685.0,24.072252076102846,5.028661196976708,22.629200492323214,17.063025387293003,0.0,0.0,0.050866666666666664,0.5359999999999999
sigma_xl_1.0000,1.0,1686.0,24.08611874276951,5.032127863643375,22.64306715898988,17.073425387293003,0.0,0.0,0.050866666666666664,0.5359999999999999
sigma_xl_1.0000,1.0,1687.0,24.09998540943618,5.035594530310042,22.656933825656544,17.083825387293004,0.0,0.0,0.050866666666666664,0.5359999999999999
sigma_xl_1.0000,1.0,1688.0,24.113852076102845,5.039061196976708,22.67080049232321,17.094225387293005,0.0,0.0,0.050866666666666664,0.5359999999999999
sigma_xl_1.0000,1.0,1689.0,24.127718742769513,5.042527863643375,22.684667158989882,17.104625387293005,0.0,0.0,0.050866666666666664,0.5359999999999999
sigma_xl_1.0000,1.0,1690.0,24.14158540943618,5.0459945303100415,22.698533825656547,17.115025387293002,0.0,0.0,0.050866666666666664,0.5359999999999999
sigma_xl_1.0000,1.0,1691.0,24.155452076102844,5.049461196976708,22.712400492323212,17.125425387293003,0.0,0.0,0.050866666666666664,0.5359999999999999
sigma_xl_1.0000,1.0,1692.0,24.169318742769512,5.052927863643375,22.726267158989877,17.135825387293004,0.0,0.0,0.050866666666666664,0.5359999999999999
sigma_xl_1.0000,1.0,1693.0,24.183185409436177,5.056394530310041,22.740133825656542,17.146225387293004,0.0,0.0,0.050866666666666664,0.5359999999999999
sigma_xl_1.0000,1.0,1694.0,24.197052076102846,5.059861196976708,22.754000492323215,17.156625387293005,0.0,0.0,0.050866666666666664,0.5359999999999999
sigma_xl_1.0000,1.0,1695.0,24.21091874276951,5.063327863643375,22.76786715898988,17.167025387293005,0.0,0.0,0.050866666666666664,0.5359999999999999
sigma_xl_1.0000,1.0,1696.0,24.22478540943618,5.066794530310042,22.781733825656545,17.177425387293003,0.0,0.0,0.050866666666666664,0.5359999999999999
sigma_xl_1.0000,1.0,1697.0,24.238652076102845,5.070261196976708,22.79560049232321,17.187825387293003,0.0,0.0,0.050866666666666664,0.5359999999999999
sigma_xl_1.0000,1.0,1698.0,24.25251874276951,5.0737278636433745,22.809467158989875,17.198225387293004,0.0,0.0,0.050866666666666664,0.5359999999999999
sigma_xl_1.0000,1.0,1699.0,24.26638540943618,5.077194530310042,22.823333825656547,17.208625387293004,0.0,0.0,0.050866666666666664,0.5359999999999999
sigma_xl_1.0000,1.0,1700.0,24.280252076102844,5.080661196976708,22.837200492323213,17.219025387293005,0.0,0.0,0.050866666666666664,0.5359999999999999
sigma_xl_1.0000,1.0,1701.0,24.294118742769513,5.084127863643375,22.851067158989878,17.229425387293006,0.0,0.0,0.050866666666666664,0.5359999999999999
sigma_xl_1.0000,1.0,1702.0,24.307985409436178,5.087594530310041,22.864933825656543,17.239825387293003,0.0,0.0,0.050866666666666664,0.5359999999999999
sigma_xl_1.0000,1.0,1703.0,24.321852076102846,5.091061196976709,22.878800492323215,17.250225387293003,0.0,0.0,0.050866666666666664,0.5359999999999999
sigma_xl_1.0000,1.0,1704.0,24.33571874276951,5.094527863643375,22.89266715898988,17.260625387293004,0.0,0.0,0.050866666666666664,0.5359999999999999
sigma_xl_1.0000,1.0,1705.0,24.349585409436177,5.097994530310041,22.906533825656545,17.271025387293005,0.0,0.0,0.050866666666666664,0.5359999999999999
sigma_xl_1.0000,1.0,1706.0,24.363452076102845,5.101461196976708,22.92040049232321,17.281425387293005,0.0,0.0,0.050866666666666664,0.5359999999999999
sigma_xl_1.0000,1.0,1707.0,24.37731874276951,5.104927863643375,22.934267158989876,17.291825387293002,0.0,0.0,0.050866666666666664,0.5359999999999999
sigma_xl_1.0000,1.0,1708.0,24.39118540943618,5.108394530310042,22.948133825656548,17.302225387293003,0.0,0.0,0.050866666666666664,0.5359999999999999
sigma_xl_1.0000,1.0,1709.0,24.405052076102844,5.111861196976708,22.962000492323213,17.312625387293004,0.0,0.0,0.050866666666666664,0.5359999999999999
sigma_xl_1.0000,1.0,1710.0,24.418918742769513,5.115327863643375,22.975867158989878,17.323025387293004,0.0,0.0,0.050866666666666664,0.5359999999999999
sigma_xl_1.0000,1.0,1711.0,24.43278540943618,5.1187945303100415,22.989733825656543,17.333425387293005,0.0,0.0,0.050866666666666664,0.5359999999999999
sigma_xl_1.0000,1.0,1712.0,24.446652076102843,5.122261196976708,23.00360049232321,17.343825387293005,0.0,0.0,0.050866666666666664,0.5359999999999999
sigma_xl_1.0000,1.0,1713.0,24.460518742769512,5.125727863643375,23.01746715898988,17.354225387293003,0.0,0.0,0.050866666666666664,0.5359999999999999
sigma_xl_1.0000,1.0,1714.0,24.474385409436177,5.129194530310041,23.031333825656546,17.364625387293003,0.0,0.0,0.050866666666666664,0.5359999999999999
sigma_xl_1.0000,1.0,1715.0,24.488252076102846,5.132661196976708,23.04520049232321,17.375025387293004,0.0,0.0,0.050866666666666664,0.5359999999999999
sigma_xl_1.0000,1.0,1716.0,24.50211874276951,5.136127863643375,23.059067158989876,17.385425387293004,0.0,0.0,0.050866666666666664,0.5359999999999999
sigma_xl_1.0000,1.0,1717.0,24.51598540943618,5.139594530310042,23.07293382565655,17.395825387293005,0.0,0.0,0.050866666666666664,0.5359999999999999
sigma_xl_1.0000,1.0,1718.0,24.529852076102845,5.143061196976708,23.086800492323214,17.406225387293002,0.0,0.0,0.050866666666666664,0.5359999999999999
sigma_xl_1.0000,1.0,1719.0,24.54371874276951,5.1465278636433744,23.10066715898988,17.416625387293003,0.0,0.0,0.050866666666666664,0.5359999999999999
sigma_xl_1.0000,1.0,1720.0,24.55758540943618,5.149994530310042,23.114533825656544,17.427025387293003,0.0,0.0,0.050866666666666664,0.5359999999999999
sigma_xl_1.0000,1.0,1721.0,24.571452076102844,5.153461196976708,23.12840049232321,17.437425387293004,0.0,0.0,0.050866666666666664,0.5359999999999999
sigma_xl_1.0000,1.0,1722.0,24.585318742769513,5.156927863643375,23.14226715898988,17.447825387293005,0.0,0.0,0.050866666666666664,0.5359999999999999
sigma_xl_1.0000,1.0,1723.0,24.599185409436178,5.160394530310041,23.156133825656546,17.458225387293005,0.0,0.0,0.050866666666666664,0.5359999999999999
sigma_xl_1.0000,1.0,1724.0,24.613052076102846,5.1638611969767085,23.17000049232321,17.468625387293002,0.0,0.0,0.050866666666666664,0.5359999999999999
sigma_xl_1.0000,1.0,1725.0,24.62691874276951,5.167327863643375,23.183867158989877,17.479025387293003,0.0,0.0,0.050866666666666664,0.5359999999999999
sigma_xl_1.0000,1.0,1726.0,24.640785409436177,5.170794530310041,23.19773382565654,17.489425387293004,0.0,0.0,0.050866666666666664,0.5359999999999999
sigma_xl_1.0000,1.0,1727.0,24.654652076102845,5.174261196976708,23.211600492323214,17.499825387293004,0.0,0.0,0.050866666666666664,0.5359999999999999
sigma_xl_1.0000,1.0,1728.0,24.66851874276951,5.177727863643375,23.22546715898988,17.510225387293005,0.0,0.0,0.050866666666666664,0.5359999999999999
sigma_xl_1.0000,1.0,1729.0,24.68238540943618,5.181194530310042,23.239333825656544,17.520625387293006,0.0,0.0,0.050866666666666664,0.5359999999999999
sigma_xl_1.0000,1.0,1730.0,24.696252076102844,5.184661196976708,23.25320049232321,17.531025387293003,0.0,0.0,0.050866666666666664,0.5359999999999999
sigma_xl_1.0000,1.0,1731.0,24.710118742769513,5.188127863643375,23.26706715898988,17.541425387293003,0.0,0.0,0.050866666666666664,0.5359999999999999
sigma_xl_1.0000,1.0,1732.0,24.723985409436178,5.1915945303100415,23.280933825656547,17.551825387293004,0.0,0.0,0.050866666666666664,0.5359999999999999
sigma_xl_1.0000,1.0,1733.0,24.737852076102843,5.195061196976708,23.294800492323212,17.562225387293005,0.0,0.0,0.050866666666666664,0.5359999999999999
sigma_xl_1.0000,1.0,1734.0,24.751718742769512,5.198527863643375,23.308667158989877,17.572625387293005,0.0,0.0,0.050866666666666664,0.5359999999999999
sigma_xl_1.0000,1.0,1735.0,24.765585409436177,5.201994530310041,23.322533825656542,17.583025387293002,0.0,0.0,0.050866666666666664,0.5359999999999999
sigma_xl_1.0000,1.0,1736.0,24.779452076102846,5.205461196976708,23.336400492323214,17.593425387293003,0.0,0.0,0.050866666666666664,0.5359999999999999
sigma_xl_1.0000,1.0,1737.0,24.79331874276951,5.208927863643375,23.35026715898988,17.603825387293004,0.0,0.0,0.050866666666666664,0.5359999999999999
sigma_xl_1.0000,1.0,1738.0,24.80718540943618,5.212394530310042,23.364133825656545,17.614225387293004,0.0,0.0,0.050866666666666664,0.5359999999999999
sigma_xl_1.0000,1.0,1739.0,24.821052076102845,5.215861196976708,23.37800049232321,17.624625387293005,0.0,0.0,0.050866666666666664,0.5359999999999999
sigma_xl_1.0000,1.0,1740.0,24.834918742769513,5.219327863643375,23.391867158989882,17.635025387293005,0.0,0.0,0.050866666666666664,0.5359999999999999
sigma_xl_1.0000,1.0,1741.0,24.84878540943618,5.222794530310042,23.405733825656547,17.645425387293002,0.0,0.0,0.050866666666666664,0.5359999999999999
sigma_xl_1.0000,1.0,1742.0,24.862652076102844,5.226261196976708,23.419600492323212,17.655825387293003,0.0,0.0,0.050866666666666664,0.5359999999999999
sigma_xl_1.0000,1.0,1743.0,24.876518742769512,5.229727863643375,23.433467158989878,17.666225387293004,0.0,0.0,0.050866666666666664,0.5359999999999999
sigma_xl_1.0000,1.0,1744.0,24.890385409436178,5.233194530310041,23.447333825656543,17.676625387293004,0.0,0.0,0.050866666666666664,0.5359999999999999
sigma_xl_1.0000,1.0,1745.0,24.904252076102846,5.2366611969767085,23.461200492323215,17.687025387293005,0.0,0.0,0.050866666666666664,0.5359999999999999
sigma_xl_1.0000,1.0,1746.0,24.91811874276951,5.240127863643375,23.47506715898988,17.697425387293006,0.0,0.0,0.050866666666666664,0.5359999999999999
sigma_xl_1.0000,1.0,1747.0,24.93198540943618,5.243594530310042,23.488933825656545,17.707825387293003,0.0,0.0,0.050866666666666664,0.5359999999999999
sigma_xl_1.0000,1.0,1748.0,24.945852076102845,5.247061196976708,23.50280049232321,17.718225387293003,0.0,0.0,0.050866666666666664,0.5359999999999999
sigma_xl_1.0000,1.0,1749.0,24.95971874276951,5.2505278636433745,23.516667158989875,17.728625387293004,0.0,0.0,0.050866666666666664,0.5359999999999999
sigma_xl_1.0000,1.0,1750.0,24.97358540943618,5.253994530310042,23.530533825656548,17.739025387293005,0.0,0.0,0.050866666666666664,0.5359999999999999
sigma_xl_1.0000,1.0,1751.0,24.987452076102844,5.257461196976708,23.544400492323213,17.749425387293005,0.0,0.0,0.050866666666666664,0.5359999999999999
sigma_xl_1.0000,1.0,1752.0,25.001318742769513,5.260927863643375,23.558267158989878,17.759825387293002,0.0,0.0,0.050866666666666664,0.5359999999999999
sigma_xl_1.0000,1.0,1753.0,25.015185409436178,5.2643945303100415,23.572133825656543,17.770225387293003,0.0,0.0,0.050866666666666664,0.5359999999999999
sigma_xl_1.0000,1.0,1754.0,25.029052076102847,5.267861196976709,23.586000492323215,17.780625387293004,0.0,0.0,0.050866666666666664,0.5359999999999999
sigma_xl_1.0000,1.0,1755.0,25.042918742769512,5.271327863643375,23.59986715898988,17.791025387293004,0.0,0.0,0.050866666666666664,0.5359999999999999
sigma_xl_1.0000,1.0,1756.0,25.056785409436177,5.274794530310041,23.613733825656546,17.801425387293005,0.0,0.0,0.050866666666666664,0.5359999999999999
sigma_xl_1.0000,1.0,1757.0,25.070652076102846,5.278261196976708,23.62760049232321,17.811825387293005,0.0,0.0,0.050866666666666664,0.5359999999999999
sigma_xl_1.0000,1.0,1758.0,25.08451874276951,5.281727863643375,23.641467158989876,17.822225387293003,0.0,0.0,0.050866666666666664,0.5359999999999999
sigma_xl_1.0000,1.0,1759.0,25.09838540943618,5.285194530310042,23.655333825656548,17.832625387293003,0.0,0.0,0.050866666666666664,0.5359999999999999
sigma_xl_1.0000,1.0,1760.0,25.112252076102845,5.288661196976708,23.669200492323213,17.843025387293004,0.0,0.0,0.050866666666666664,0.5359999999999999
sigma_xl_1.0000,1.0,1761.0,25.126118742769513,5.292127863643375,23.68306715898988,17.853425387293004,0.0,0.0,0.050866666666666664,0.5359999999999999
sigma_xl_1.0000,1.0,1762.0,25.13998540943618,5.295594530310042,23.696933825656544,17.863825387293005,0.0,0.0,0.050866666666666664,0.5359999999999999
sigma_xl_1.0000,1.0,1763.0,25.153852076102844,5.299061196976708,23.71080049232321,17.874225387293006,0.0,0.0,0.050866666666666664,0.5359999999999999
sigma_xl_1.0000,1.0,1764.0,25.167718742769512,5.302527863643375,23.72466715898988,17.884625387293003,0.0,0.0,0.050866666666666664,0.5359999999999999
sigma_xl_1.0000,1.0,1765.0,25.181585409436178,5.305994530310041,23.738533825656546,17.895025387293003,0.0,0.0,0.050866666666666664,0.5359999999999999
sigma_xl_1.0000,1.0,1766.0,25.195452076102846,5.3094611969767085,23.75240049232321,17.905425387293004,0.0,0.0,0.050866666666666664,0.5359999999999999
sigma_xl_1.0000,1.0,1767.0,25.20931874276951,5.312927863643375,23.766267158989876,17.915825387293005,0.0,0.0,0.050866666666666664,0.5359999999999999
sigma_xl_1.0000,1.0,1768.0,25.22318540943618,5.316394530310042,23.78013382565655,17.926225387293005,0.0,0.0,0.050866666666666664,0.5359999999999999
sigma_xl_1.0000,1.0,1769.0,25.237052076102845,5.319861196976708,23.794000492323214,17.936625387293002,0.0,0.0,0.050866666666666664,0.5359999999999999
sigma_xl_1.0000,1.0,1770.0,25.25091874276951,5.3233278636433745,23.80786715898988,17.947025387293003,0.0,0.0,0.050866666666666664,0.5359999999999999
sigma_xl_1.0000,1.0,1771.0,25.26478540943618,5.326794530310042,23.821733825656544,17.957425387293004,0.0,0.0,0.050866666666666664,0.5359999999999999
sigma_xl_1.0000,1.0,1772.0,25.278652076102844,5.330261196976708,23.83560049232321,17.967825387293004,0.0,0.0,0.050866666666666664,0.5359999999999999
sigma_xl_1.0000,1.0,1773.0,25.292518742769513,5.333727863643375,23.84946715898988,17.978225387293005,0.0,0.0,0.050866666666666664,0.5359999999999999
sigma_xl_1.0000,1.0,1774.0,25.306385409436178,5.337194530310041,23.863333825656547,17.988625387293006,0.0,0.0,0.050866666666666664,0.5359999999999999
sigma_xl_1.0000,1.0,1775.0,25.320252076102847,5.340661196976709,23.87720049232321,17.999025387293003,0.0,0.0,0.050866666666666664,0.5359999999999999
sigma_xl_1.0000,1.0,1776.0,25.334118742769512,5.344127863643375,23.891067158989877,18.009425387293003,0.0,0.0,0.050866666666666664,0.5359999999999999
sigma_xl_1.0000,1.0,1777.0,25.347985409436177,5.347594530310041,23.904933825656542,18.019825387293004,0.0,0.0,0.050866666666666664,0.5359999999999999
sigma_xl_1.0000,1.0,1778.0,25.361852076102846,5.351061196976708,23.918800492323214,18.030225387293005,0.0,0.0,0.050866666666666664,0.5359999999999999
sigma_xl_1.0000,1.0,1779.0,25.37571874276951,5.354527863643375,23.93266715898988,18.040625387293005,0.0,0.0,0.050866666666666664,0.5359999999999999
sigma_xl_1.0000,1.0,1780.0,25.38958540943618,5.357994530310042,23.946533825656545,18.051025387293006,0.0,0.0,0.050866666666666664,0.5359999999999999
sigma_xl_1.0000,1.0,1781.0,25.403452076102845,5.361461196976708,23.96040049232321,18.061425387293003,0.0,0.0,0.050866666666666664,0.5359999999999999
sigma_xl_1.0000,1.0,1782.0,25.417318742769513,5.364927863643375,23.974267158989882,18.071825387293003,0.0,0.0,0.050866666666666664,0.5359999999999999
sigma_xl_1.0000,1.0,1783.0,25.43118540943618,5.3683945303100415,23.988133825656547,18.082225387293004,0.0,0.0,0.050866666666666664,0.5359999999999999
sigma_xl_1.0000,1.0,1784.0,25.445052076102844,5.371861196976708,24.002000492323212,18.092625387293005,0.0,0.0,0.050866666666666664,0.5359999999999999
sigma_xl_1.0000,1.0,1785.0,25.458918742769512,5.375327863643375,24.015867158989877,18.103025387293005,0.0,0.0,0.050866666666666664,0.5359999999999999
sigma_xl_1.0000,1.0,1786.0,25.472785409436177,5.378794530310041,24.029733825656542,18.113425387293002,0.0,0.0,0.050866666666666664,0.5359999999999999
sigma_xl_1.0000,1.0,1787.0,25.486652076102846,5.3822611969767085,24.043600492323215,18.123825387293003,0.0,0.0,0.050866666666666664,0.5359999999999999
sigma_xl_1.0000,1.0,1788.0,25.50051874276951,5.385727863643375,24.05746715898988,18.134225387293004,0.0,0.0,0.050866666666666664,0.5359999999999999
sigma_xl_1.0000,1.0,1789.0,25.51438540943618,5.389194530310042,24.071333825656545,18.144625387293004,0.0,0.0,0.050866666666666664,0.5359999999999999
sigma_xl_1.0000,1.0,1790.0,25.528252076102845,5.392661196976708,24.08520049232321,18.155025387293005,0.0,0.0,0.050866666666666664,0.5359999999999999
sigma_xl_1.0000,1.0,1791.0,25.54211874276951,5.3961278636433745,24.099067158989875,18.165425387293006,0.0,0.0,0.050866666666666664,0.5359999999999999
sigma_xl_1.0000,1.0,1792.0,25.55598540943618,5.399594530310042,24.112933825656548,18.175825387293003,0.0,0.0,0.050866666666666664,0.5359999999999999
sigma_xl_1.0000,1.0,1793.0,25.569852076102844,5.403061196976708,24.126800492323213,18.186225387293003,0.0,0.0,0.050866666666666664,0.5359999999999999
sigma_xl_1.0000,1.0,1794.0,25.583718742769513,5.406527863643375,24.140667158989878,18.196625387293004,0.0,0.0,0.050866666666666664,0.5359999999999999
sigma_xl_1.0000,1.0,1795.0,25.597585409436178,5.409994530310041,24.154533825656543,18.207025387293005,0.0,0.0,0.050866666666666664,0.5359999999999999
sigma_xl_1.0000,1.0,1796.0,25.611452076102847,5.413461196976709,24.168400492323215,18.217425387293005,0.0,0.0,0.050866666666666664,0.5359999999999999
sigma_xl_1.0000,1.0,1797.0,25.62531874276951,5.416927863643375,24.18226715898988,18.227825387293002,0.0,0.0,0.050866666666666664,0.5359999999999999
sigma_xl_1.0000,1.0,1798.0,25.639185409436177,5.420394530310041,24.196133825656545,18.238225387293003,0.0,0.0,0.050866666666666664,0.5359999999999999
sigma_xl_1.0000,1.0,1799.0,25.653052076102846,5.423861196976708,24.21000049232321,18.248625387293004,0.0,0.0,0.050866666666666664,0.5359999999999999
sigma_xl_1.0000,1.0,1800.0,25.66691874276951,5.427327863643375,24.223867158989876,18.259025387293004,0.0,0.0,0.050866666666666664,0.5359999999999999
sigma_xl_1.0000,1.0,1801.0,25.68078540943618,5.430794530310042,24.237733825656548,18.269425387293005,0.0,0.0,0.050866666666666664,0.5359999999999999
sigma_xl_1.0000,1.0,1802.0,25.694652076102845,5.434261196976708,24.251600492323213,18.279825387293005,0.0,0.0,0.050866666666666664,0.5359999999999999
sigma_xl_1.0000,1.0,1803.0,25.708518742769513,5.437727863643375,24.26546715898988,18.290225387293003,0.0,0.0,0.050866666666666664,0.5359999999999999
sigma_xl_1.0000,1.0,1804.0,25.72238540943618,5.4411945303100415,24.279333825656543,18.300625387293003,0.0,0.0,0.050866666666666664,0.5359999999999999
sigma_xl_1.0000,1.0,1805.0,25.736252076102843,5.444661196976708,24.29320049232321,18.311025387293004,0.0,0.0,0.050866666666666664,0.5359999999999999
sigma_xl_1.0000,1.0,1806.0,25.750118742769512,5.448127863643375,24.30706715898988,18.321425387293004,0.0,0.0,0.050866666666666664,0.5359999999999999
sigma_xl_1.0000,1.0,1807.0,25.763985409436177,5.451594530310041,24.320933825656546,18.331825387293005,0.0,0.0,0.050866666666666664,0.5359999999999999
sigma_xl_1.0000,1.0,1808.0,25.777852076102846,5.455061196976708,24.33480049232321,18.342225387293006,0.0,0.0,0.050866666666666664,0.5359999999999999
sigma_xl_1.0000,1.0,1809.0,25.79171874276951,5.458527863643375,24.348667158989876,18.352625387293003,0.0,0.0,0.050866666666666664,0.5359999999999999
sigma_xl_1.0000,1.0,1810.0,25.80558540943618,5.461994530310042,24.36253382565655,18.363025387293003,0.0,0.0,0.050866666666666664,0.5359999999999999
sigma_xl_1.0000,1.0,1811.0,25.819452076102845,5.465461196976708,24.376400492323214,18.373425387293004,0.0,0.0,0.050866666666666664,0.5359999999999999
sigma_xl_1.0000,1.0,1812.0,25.83331874276951,5.4689278636433745,24.39026715898988,18.383825387293005,0.0,0.0,0.050866666666666664,0.5359999999999999
sigma_xl_1.0000,1.0,1813.0,25.84718540943618,5.472394530310042,24.404133825656544,18.394225387293005,0.0,0.0,0.050866666666666664,0.5359999999999999
sigma_xl_1.0000,1.0,1814.0,25.861052076102844,5.475861196976708,24.41800049232321,18.404625387293002,0.0,0.0,0.050866666666666664,0.5359999999999999
sigma_xl_1.0000,1.0,1815.0,25.874918742769513,5.479327863643375,24.43186715898988,18.415025387293003,0.0,0.0,0.050866666666666664,0.5359999999999999
sigma_xl_1.0000,1.0,1816.0,25.888785409436178,5.482794530310041,24.445733825656546,18.425425387293004,0.0,0.0,0.050866666666666664,0.5359999999999999
sigma_xl_1.0000,1.0,1817.0,25.902652076102846,5.4862611969767086,24.45960049232321,18.435825387293004,0.0,0.0,0.050866666666666664,0.5359999999999999
sigma_xl_1.0000,1.0,1818.0,25.91651874276951,5.489727863643375,24.473467158989877,18.446225387293005,0.0,0.0,0.050866666666666664,0.5359999999999999
sigma_xl_1.0000,1.0,1819.0,25.930385409436177,5.493194530310041,24.487333825656542,18.456625387293006,0.0,0.0,0.050866666666666664,0.5359999999999999
sigma_xl_1.0000,1.0,1820.0,25.944252076102845,5.496661196976708,24.501200492323214,18.467025387293003,0.0,0.0,0.050866666666666664,0.5359999999999999
sigma_xl_1.0000,1.0,1821.0,25.95811874276951,5.500127863643375,24.51506715898988,18.477425387293003,0.0,0.0,0.050866666666666664,0.5359999999999999
sigma_xl_1.0000,1.0,1822.0,25.97198540943618,5.503594530310042,24.528933825656544,18.487825387293004,0.0,0.0,0.050866666666666664,0.5359999999999999
sigma_xl_1.0000,1.0,1823.0,25.985852076102844,5.507061196976708,24.54280049232321,18.498225387293004,0.0,0.0,0.050866666666666664,0.5359999999999999
sigma_xl_1.0000,1.0,1824.0,25.999718742769513,5.510527863643375,24.55666715898988,18.508625387293005,0.0,0.0,0.050866666666666664,0.5359999999999999
sigma_xl_1.0000,1.0,1825.0,26.01358540943618,5.5139945303100415,24.570533825656547,18.519025387293006,0.0,0.0,0.050866666666666664,0.5359999999999999
sigma_xl_1.0000,1.0,1826.0,26.027452076102847,5.517461196976709,24.584400492323212,18.529425387293003,0.0,0.0,0.050866666666666664,0.5359999999999999
sigma_xl_1.0000,1.0,1827.0,26.041318742769512,5.520927863643375,24.598267158989877,18.539825387293003,0.0,0.0,0.050866666666666664,0.5359999999999999
sigma_xl_1.0000,1.0,1828.0,26.055185409436177,5.524394530310041,24.612133825656542,18.550225387293004,0.0,0.0,0.050866666666666664,0.5359999999999999
sigma_xl_1.0000,1.0,1829.0,26.069052076102846,5.527861196976708,24.626000492323215,18.560625387293005,0.0,0.0,0.050866666666666664,0.5359999999999999
sigma_xl_1.0000,1.0,1830.0,26.08291874276951,5.531327863643375,24.63986715898988,18.571025387293005,0.0,0.0,0.050866666666666664,0.5359999999999999
sigma_xl_1.0000,1.0,1831.0,26.09678540943618,5.534794530310042,24.653733825656545,18.581425387293002,0.0,0.0,0.050866666666666664,0.5359999999999999
sigma_xl_1.0000,1.0,1832.0,26.110652076102845,5.538261196976708,24.66760049232321,18.591825387293003,0.0,0.0,0.050866666666666664,0.5359999999999999
sigma_xl_1.0000,1.0,1833.0,26.124518742769514,5.541727863643375,24.681467158989882,18.602225387293004,0.0,0.0,0.050866666666666664,0.5359999999999999
sigma_xl_1.0000,1.0,1834.0,26.13838540943618,5.545194530310042,24.695333825656547,18.612625387293004,0.0,0.0,0.050866666666666664,0.5359999999999999
sigma_xl_1.0000,1.0,1835.0,26.152252076102844,5.548661196976708,24.709200492323212,18.623025387293005,0.0,0.0,0.050866666666666664,0.5359999999999999
sigma_xl_1.0000,1.0,1836.0,26.166118742769513,5.552127863643375,24.723067158989878,18.633425387293006,0.0,0.0,0.050866666666666664,0.5359999999999999
sigma_xl_1.0000,1.0,1837.0,26.179985409436178,5.555594530310041,24.736933825656543,18.643825387293003,0.0,0.0,0.050866666666666664,0.5359999999999999
sigma_xl_1.0000,1.0,1838.0,26.193852076102846,5.5590611969767085,24.750800492323215,18.654225387293003,0.0,0.0,0.050866666666666664,0.5359999999999999
sigma_xl_1.0000,1.0,1839.0,26.20771874276951,5.562527863643375,24.76466715898988,18.664625387293004,0.0,0.0,0.050866666666666664,0.5359999999999999
sigma_xl_1.0000,1.0,1840.0,26.22158540943618,5.565994530310042,24.778533825656545,18.675025387293005,0.0,0.0,0.050866666666666664,0.5359999999999999
sigma_xl_1.0000,1.0,1841.0,26.235452076102845,5.569461196976708,24.79240049232321,18.685425387293005,0.0,0.0,0.050866666666666664,0.5359999999999999
sigma_xl_1.0000,1.0,1842.0,26.24931874276951,5.572927863643375,24.806267158989876,18.695825387293006,0.0,0.0,0.050866666666666664,0.5359999999999999
sigma_xl_1.0000,1.0,1843.0,26.26318540943618,5.576394530310042,24.820133825656548,18.706225387293003,0.0,0.0,0.050866666666666664,0.5359999999999999
sigma_xl_1.0000,1.0,1844.0,26.277052076102844,5.579861196976708,24.834000492323213,18.716625387293004,0.0,0.0,0.050866666666666664,0.5359999999999999
sigma_xl_1.0000,1.0,1845.0,26.290918742769513,5.583327863643375,24.847867158989878,18.727025387293004,0.0,0.0,0.050866666666666664,0.5359999999999999
sigma_xl_1.0000,1.0,1846.0,26.304785409436178,5.5867945303100415,24.861733825656543,18.737425387293005,0.0,0.0,0.050866666666666664,0.5359999999999999
sigma_xl_1.0000,1.0,1847.0,26.318652076102847,5.590261196976709,24.875600492323215,18.747825387293005,0.0,0.0,0.050866666666666664,0.5359999999999999
sigma_xl_1.0000,1.0,1848.0,26.332518742769512,5.593727863643375,24.88946715898988,18.758225387293002,0.0,0.0,0.050866666666666664,0.5359999999999999
sigma_xl_1.0000,1.0,1849.0,26.346385409436177,5.597194530310041,24.903333825656546,18.768625387293003,0.0,0.0,0.050866666666666664,0.5359999999999999
sigma_xl_1.0000,1.0,1850.0,26.360252076102846,5.600661196976708,24.91720049232321,18.779025387293004,0.0,0.0,0.050866666666666664,0.5359999999999999
sigma_xl_1.0000,1.0,1851.0,26.37411874276951,5.604127863643375,24.931067158989876,18.789425387293004,0.0,0.0,0.050866666666666664,0.5359999999999999
sigma_xl_1.0000,1.0,1852.0,26.38798540943618,5.607594530310042,24.94493382565655,18.799825387293005,0.0,0.0,0.050866666666666664,0.5359999999999999
sigma_xl_1.0000,1.0,1853.0,26.401852076102845,5.611061196976708,24.958800492323213,18.810225387293006,0.0,0.0,0.050866666666666664,0.5359999999999999
sigma_xl_1.0000,1.0,1854.0,26.415718742769513,5.614527863643375,24.97266715898988,18.820625387293003,0.0,0.0,0.050866666666666664,0.5359999999999999
sigma_xl_1.0000,1.0,1855.0,26.42958540943618,5.617994530310042,24.986533825656544,18.831025387293003,0.0,0.0,0.050866666666666664,0.5359999999999999
sigma_xl_1.0000,1.0,1856.0,26.443452076102844,5.621461196976708,25.00040049232321,18.841425387293004,0.0,0.0,0.050866666666666664,0.5359999999999999
sigma_xl_1.0000,1.0,1857.0,26.457318742769512,5.624927863643375,25.01426715898988,18.851825387293005,0.0,0.0,0.050866666666666664,0.5359999999999999
sigma_xl_1.0000,1.0,1858.0,26.471185409436178,5.628394530310041,25.028133825656546,18.862225387293005,0.0,0.0,0.050866666666666664,0.5359999999999999
sigma_xl_1.0000,1.0,1859.0,26.485052076102846,5.6318611969767085,25.04200049232321,18.872625387293002,0.0,0.0,0.050866666666666664,0.5359999999999999
sigma_xl_1.0000,1.0,1860.0,26.49891874276951,5.635327863643375,25.055867158989876,18.883025387293003,0.0,0.0,0.050866666666666664,0.5359999999999999
sigma_xl_1.0000,1.0,1861.0,26.51278540943618,5.638794530310042,25.06973382565655,18.893425387293004,0.0,0.0,0.050866666666666664,0.5359999999999999
sigma_xl_1.0000,1.0,1862.0,26.526652076102845,5.642261196976708,25.083600492323214,18.903825387293004,0.0,0.0,0.050866666666666664,0.5359999999999999
sigma_xl_1.0000,1.0,1863.0,26.54051874276951,5.6457278636433745,25.09746715898988,18.914225387293005,0.0,0.0,0.050866666666666664,0.5359999999999999
sigma_xl_1.0000,1.0,1864.0,26.55438540943618,5.649194530310042,25.111333825656544,18.924625387293005,0.0,0.0,0.050866666666666664,0.5359999999999999
sigma_xl_1.0000,1.0,1865.0,26.568252076102844,5.652661196976708,25.12520049232321,18.935025387293003,0.0,0.0,0.050866666666666664,0.5359999999999999
sigma_xl_1.0000,1.0,1866.0,26.582118742769513,5.656127863643375,25.13906715898988,18.945425387293003,0.0,0.0,0.050866666666666664,0.5359999999999999
sigma_xl_1.0000,1.0,1867.0,26.595985409436178,5.6595945303100414,25.152933825656547,18.955825387293004,0.0,0.0,0.050866666666666664,0.5359999999999999
sigma_xl_1.0000,1.0,1868.0,26.609852076102847,5.663061196976709,25.166800492323212,18.966225387293004,0.0,0.0,0.050866666666666664,0.5359999999999999
sigma_xl_1.0000,1.0,1869.0,26.623718742769512,5.666527863643375,25.180667158989877,18.976625387293005,0.0,0.0,0.050866666666666664,0.5359999999999999
sigma_xl_1.0000,1.0,1870.0,26.637585409436177,5.669994530310041,25.194533825656542,18.987025387293006,0.0,0.0,0.050866666666666664,0.5359999999999999
sigma_xl_1.0000,1.0,1871.0,26.651452076102846,5.673461196976708,25.208400492323214,18.997425387293003,0.0,0.0,0.050866666666666664,0.5359999999999999
sigma_xl_1.0000,1.0,1872.0,26.66531874276951,5.676927863643375,25.22226715898988,19.007825387293003,0.0,0.0,0.050866666666666664,0.5359999999999999
sigma_xl_1.0000,1.0,1873.0,26.67918540943618,5.680394530310042,25.236133825656545,19.018225387293004,0.0,0.0,0.050866666666666664,0.5359999999999999
sigma_xl_1.0000,1.0,1874.0,26.693052076102845,5.683861196976708,25.25000049232321,19.028625387293005,0.0,0.0,0.050866666666666664,0.5359999999999999
sigma_xl_1.0000,1.0,1875.0,26.706918742769513,5.687327863643375,25.263867158989882,19.039025387293005,0.0,0.0,0.050866666666666664,0.5359999999999999
sigma_xl_1.0000,1.0,1876.0,26.72078540943618,5.690794530310042,25.277733825656547,19.049425387293002,0.0,0.0,0.050866666666666664,0.5359999999999999
sigma_xl_1.0000,1.0,1877.0,26.734652076102844,5.694261196976708,25.291600492323212,19.059825387293003,0.0,0.0,0.050866666666666664,0.5359999999999999
sigma_xl_1.0000,1.0,1878.0,26.748518742769512,5.697727863643375,25.305467158989877,19.070225387293004,0.0,0.0,0.050866666666666664,0.5359999999999999
sigma_xl_1.0000,1.0,1879.0,26.762385409436177,5.701194530310041,25.319333825656543,19.080625387293004,0.0,0.0,0.050866666666666664,0.5359999999999999
sigma_xl_1.0000,1.0,1880.0,26.776252076102846,5.7046611969767085,25.333200492323215,19.091025387293005,0.0,0.0,0.050866666666666664,0.5359999999999999
sigma_xl_1.0000,1.0,1881.0,26.79011874276951,5.708127863643375,25.34706715898988,19.101425387293006,0.0,0.0,0.050866666666666664,0.5359999999999999
sigma_xl_1.0000,1.0,1882.0,26.80398540943618,5.711594530310042,25.360933825656545,19.111825387293003,0.0,0.0,0.050866666666666664,0.5359999999999999
sigma_xl_1.0000,1.0,1883.0,26.817852076102845,5.715061196976708,25.37480049232321,19.122225387293003,0.0,0.0,0.050866666666666664,0.5359999999999999
sigma_xl_1.0000,1.0,1884.0,26.83171874276951,5.7185278636433745,25.388667158989875,19.132625387293004,0.0,0.0,0.050866666666666664,0.5359999999999999
sigma_xl_1.0000,1.0,1885.0,26.84558540943618,5.721994530310042,25.402533825656548,19.143025387293005,0.0,0.0,0.050866666666666664,0.5359999999999999
sigma_xl_1.0000,1.0,1886.0,26.859452076102844,5.725461196976708,25.416400492323213,19.153425387293005,0.0,0.0,0.050866666666666664,0.5359999999999999
sigma_xl_1.0000,1.0,1887.0,26.873318742769513,5.728927863643375,25.430267158989878,19.163825387293006,0.0,0.0,0.050866666666666664,0.5359999999999999
sigma_xl_1.0000,1.0,1888.0,26.887185409436178,5.732394530310041,25.444133825656543,19.174225387293003,0.0,0.0,0.050866666666666664,0.5359999999999999
sigma_xl_1.0000,1.0,1889.0,26.901052076102847,5.735861196976709,25.458000492323215,19.184625387293003,0.0,0.0,0.050866666666666664,0.5359999999999999
sigma_xl_1.0000,1.0,1890.0,26.914918742769512,5.739327863643375,25.47186715898988,19.195025387293004,0.0,0.0,0.050866666666666664,0.5359999999999999
sigma_xl_1.0000,1.0,1891.0,26.928785409436177,5.742794530310041,25.485733825656546,19.205425387293005,0.0,0.0,0.050866666666666664,0.5359999999999999
sigma_xl_1.0000,1.0,1892.0,26.942652076102846,5.746261196976708,25.49960049232321,19.215825387293005,0.0,0.0,0.050866666666666664,0.5359999999999999
sigma_xl_1.0000,1.0,1893.0,26.95651874276951,5.749727863643375,25.513467158989876,19.226225387293002,0.0,0.0,0.050866666666666664,0.5359999999999999
sigma_xl_1.0000,1.0,1894.0,26.97038540943618,5.753194530310042,25.527333825656548,19.236625387293003,0.0,0.0,0.050866666666666664,0.5359999999999999
sigma_xl_1.0000,1.0,1895.0,26.984252076102845,5.756661196976708,25.541200492323213,19.247025387293004,0.0,0.0,0.050866666666666664,0.5359999999999999
sigma_xl_1.0000,1.0,1896.0,26.998118742769513,5.760127863643375,25.55506715898988,19.257425387293004,0.0,0.0,0.050866666666666664,0.5359999999999999
sigma_xl_1.0000,1.0,1897.0,27.01198540943618,5.7635945303100415,25.568933825656543,19.267825387293005,0.0,0.0,0.050866666666666664,0.5359999999999999
sigma_xl_1.0000,1.0,1898.0,27.025852076102844,5.767061196976708,25.58280049232321,19.278225387293006,0.0,0.0,0.050866666666666664,0.5359999999999999
sigma_xl_1.0000,1.0,1899.0,27.039718742769512,5.770527863643375,25.59666715898988,19.288625387293003,0.0,0.0,0.050866666666666664,0.5359999999999999
sigma_xl_1.0000,1.0,1900.0,27.053585409436177,5.773994530310041,25.610533825656546,19.299025387293003,0.0,0.0,0.050866666666666664,0.5359999999999999
sigma_xl_1.0000,1.0,1901.0,27.067452076102846,5.7774611969767085,25.62440049232321,19.309425387293004,0.0,0.0,0.050866666666666664,0.5359999999999999
sigma_xl_1.0000,1.0,1902.0,27.08131874276951,5.780927863643375,25.638267158989876,19.319825387293005,0.0,0.0,0.050866666666666664,0.5359999999999999
sigma_xl_1.0000,1.0,1903.0,27.09518540943618,5.784394530310042,25.65213382565655,19.330225387293005,0.0,0.0,0.050866666666666664,0.5359999999999999
sigma_xl_1.0000,1.0,1904.0,27.109052076102845,5.787861196976708,25.666000492323214,19.340625387293006,0.0,0.0,0.050866666666666664,0.5359999999999999
sigma_xl_1.0000,1.0,1905.0,27.12291874276951,5.7913278636433745,25.67986715898988,19.351025387293003,0.0,0.0,0.050866666666666664,0.5359999999999999
sigma_xl_1.0000,1.0,1906.0,27.13678540943618,5.794794530310042,25.693733825656544,19.361425387293004,0.0,0.0,0.050866666666666664,0.5359999999999999
sigma_xl_1.0000,1.0,1907.0,27.150652076102844,5.798261196976708,25.70760049232321,19.371825387293004,0.0,0.0,0.050866666666666664,0.5359999999999999
sigma_xl_1.0000,1.0,1908.0,27.164518742769513,5.801727863643375,25.72146715898988,19.382225387293005,0.0,0.0,0.050866666666666664,0.5359999999999999
sigma_xl_1.0000,1.0,1909.0,27.178385409436178,5.805194530310041,25.735333825656546,19.392625387293005,0.0,0.0,0.050866666666666664,0.5359999999999999
sigma_xl_1.0000,1.0,1910.0,27.192252076102847,5.808661196976709,25.74920049232321,19.403025387293003,0.0,0.0,0.050866666666666664,0.5359999999999999
sigma_xl_1.0000,1.0,1911.0,27.20611874276951,5.812127863643375,25.763067158989877,19.413425387293003,0.0,0.0,0.050866666666666664,0.5359999999999999
sigma_xl_1.0000,1.0,1912.0,27.219985409436177,5.815594530310041,25.776933825656542,19.423825387293004,0.0,0.0,0.050866666666666664,0.5359999999999999
sigma_xl_1.0000,1.0,1913.0,27.233852076102846,5.819061196976708,25.790800492323214,19.434225387293004,0.0,0.0,0.050866666666666664,0.5359999999999999
sigma_xl_1.0000,1.0,1914.0,27.24771874276951,5.822527863643375,25.80466715898988,19.444625387293005,0.0,0.0,0.050866666666666664,0.5359999999999999
sigma_xl_1.0000,1.0,1915.0,27.26158540943618,5.825994530310042,25.818533825656544,19.455025387293006,0.0,0.0,0.050866666666666664,0.5359999999999999
sigma_xl_1.0000,1.0,1916.0,27.275452076102845,5.829461196976708,25.83240049232321,19.465425387293003,0.0,0.0,0.050866666666666664,0.5359999999999999
sigma_xl_1.0000,1.0,1917.0,27.289318742769513,5.832927863643375,25.846267158989882,19.475825387293003,0.0,0.0,0.050866666666666664,0.5359999999999999
sigma_xl_1.0000,1.0,1918.0,27.30318540943618,5.8363945303100415,25.860133825656547,19.486225387293004,0.0,0.0,0.050866666666666664,0.5359999999999999
sigma_xl_1.0000,1.0,1919.0,27.317052076102847,5.839861196976709,25.874000492323212,19.496625387293005,0.0,0.0,0.050866666666666664,0.5359999999999999
sigma_xl_1.0000,1.0,1920.0,27.330918742769512,5.843327863643375,25.887867158989877,19.507025387293005,0.0,0.0,0.050866666666666664,0.5359999999999999
sigma_xl_1.0000,1.0,1921.0,27.344785409436177,5.846794530310041,25.901733825656542,19.517425387293006,0.0,0.0,0.050866666666666664,0.5359999999999999
sigma_xl_1.0000,1.0,1922.0,27.358652076102846,5.850261196976708,25.915600492323215,19.527825387293003,0.0,0.0,0.050866666666666664,0.5359999999999999
sigma_xl_1.0000,1.0,1923.0,27.37251874276951,5.853727863643375,25.92946715898988,19.538225387293004,0.0,0.0,0.050866666666666664,0.5359999999999999
sigma_xl_1.0000,1.0,1924.0,27.38638540943618,5.857194530310042,25.943333825656545,19.548625387293004,0.0,0.0,0.050866666666666664,0.5359999999999999
sigma_xl_1.0000,1.0,1925.0,27.400252076102845,5.860661196976708,25.95720049232321,19.559025387293005,0.0,0.0,0.050866666666666664,0.5359999999999999
sigma_xl_1.0000,1.0,1926.0,27.414118742769514,5.864127863643375,25.971067158989882,19.569425387293006,0.0,0.0,0.050866666666666664,0.5359999999999999
sigma_xl_1.0000,1.0,1927.0,27.42798540943618,5.867594530310042,25.984933825656547,19.579825387293003,0.0,0.0,0.050866666666666664,0.5359999999999999
sigma_xl_1.0000,1.0,1928.0,27.441852076102844,5.871061196976708,25.998800492323213,19.590225387293003,0.0,0.0,0.050866666666666664,0.5359999999999999
sigma_xl_1.0000,1.0,1929.0,27.455718742769513,5.874527863643375,26.012667158989878,19.600625387293004,0.0,0.0,0.050866666666666664,0.5359999999999999
sigma_xl_1.0000,1.0,1930.0,27.469585409436178,5.877994530310041,26.026533825656543,19.611025387293004,0.0,0.0,0.050866666666666664,0.5359999999999999
sigma_xl_1.0000,1.0,1931.0,27.483452076102846,5.8814611969767085,26.040400492323215,19.621425387293005,0.0,0.0,0.050866666666666664,0.5359999999999999
sigma_xl_1.0000,1.0,1932.0,27.49731874276951,5.884927863643375,26.05426715898988,19.631825387293006,0.0,0.0,0.050866666666666664,0.5359999999999999
sigma_xl_1.0000,1.0,1933.0,27.51118540943618,5.888394530310042,26.068133825656545,19.642225387293003,0.0,0.0,0.050866666666666664,0.5359999999999999
sigma_xl_1.0000,1.0,1934.0,27.525052076102845,5.891861196976708,26.08200049232321,19.652625387293003,0.0,0.0,0.050866666666666664,0.5359999999999999
sigma_xl_1.0000,1.0,1935.0,27.53891874276951,5.895327863643375,26.095867158989876,19.663025387293004,0.0,0.0,0.050866666666666664,0.5359999999999999
sigma_xl_1.0000,1.0,1936.0,27.55278540943618,5.898794530310042,26.109733825656548,19.673425387293005,0.0,0.0,0.050866666666666664,0.5359999999999999
sigma_xl_1.0000,1.0,1937.0,27.566652076102844,5.902261196976708,26.123600492323213,19.683825387293005,0.0,0.0,0.050866666666666664,0.5359999999999999
sigma_xl_1.0000,1.0,1938.0,27.580518742769513,5.905727863643375,26.137467158989878,19.694225387293002,0.0,0.0,0.050866666666666664,0.5359999999999999
sigma_xl_1.0000,1.0,1939.0,27.59438540943618,5.9091945303100415,26.151333825656543,19.704625387293003,0.0,0.0,0.050866666666666664,0.5359999999999999
sigma_xl_1.0000,1.0,1940.0,27.608252076102847,5.912661196976709,26.165200492323216,19.715025387293004,0.0,0.0,0.050866666666666664,0.5359999999999999
sigma_xl_1.0000,1.0,1941.0,27.622118742769512,5.916127863643375,26.17906715898988,19.725425387293004,0.0,0.0,0.050866666666666664,0.5359999999999999
sigma_xl_1.0000,1.0,1942.0,27.635985409436177,5.919594530310041,26.192933825656546,19.735825387293005,0.0,0.0,0.050866666666666664,0.5359999999999999
sigma_xl_1.0000,1.0,1943.0,27.649852076102846,5.923061196976708,26.20680049232321,19.746225387293006,0.0,0.0,0.050866666666666664,0.5359999999999999
sigma_xl_1.0000,1.0,1944.0,27.66371874276951,5.926527863643375,26.220667158989876,19.756625387293003,0.0,0.0,0.050866666666666664,0.5359999999999999
sigma_xl_1.0000,1.0,1945.0,27.67758540943618,5.929994530310042,26.23453382565655,19.767025387293003,0.0,0.0,0.050866666666666664,0.5359999999999999
sigma_xl_1.0000,1.0,1946.0,27.691452076102845,5.933461196976708,26.248400492323213,19.777425387293004,0.0,0.0,0.050866666666666664,0.5359999999999999
sigma_xl_1.0000,1.0,1947.0,27.705318742769514,5.936927863643375,26.26226715898988,19.787825387293005,0.0,0.0,0.050866666666666664,0.5359999999999999
sigma_xl_1.0000,1.0,1948.0,27.71918540943618,5.940394530310042,26.276133825656544,19.798225387293005,0.0,0.0,0.050866666666666664,0.5359999999999999
sigma_xl_1.0000,1.0,1949.0,27.733052076102844,5.943861196976708,26.29000049232321,19.808625387293006,0.0,0.0,0.050866666666666664,0.5359999999999999
sigma_xl_1.0000,1.0,1950.0,27.746918742769513,5.947327863643375,26.30386715898988,19.819025387293003,0.0,0.0,0.050866666666666664,0.5359999999999999
sigma_xl_1.0000,1.0,1951.0,27.760785409436178,5.950794530310041,26.317733825656546,19.829425387293004,0.0,0.0,0.050866666666666664,0.5359999999999999
sigma_xl_1.0000,1.0,1952.0,27.774652076102846,5.9542611969767085,26.33160049232321,19.839825387293004,0.0,0.0,0.050866666666666664,0.5359999999999999
sigma_xl_1.0000,1.0,1953.0,27.78851874276951,5.957727863643375,26.345467158989877,19.850225387293005,0.0,0.0,0.050866666666666664,0.5359999999999999
sigma_xl_1.0000,1.0,1954.0,27.80238540943618,5.961194530310042,26.35933382565655,19.860625387293005,0.0,0.0,0.050866666666666664,0.5359999999999999
sigma_xl_1.0000,1.0,1955.0,27.816252076102845,5.964661196976708,26.373200492323214,19.871025387293002,0.0,0.0,0.050866666666666664,0.5359999999999999
sigma_xl_1.0000,1.0,1956.0,27.83011874276951,5.9681278636433746,26.38706715898988,19.881425387293003,0.0,0.0,0.050866666666666664,0.5359999999999999
sigma_xl_1.0000,1.0,1957.0,27.84398540943618,5.971594530310042,26.400933825656544,19.891825387293004,0.0,0.0,0.050866666666666664,0.5359999999999999
sigma_xl_1.0000,1.0,1958.0,27.857852076102844,5.975061196976708,26.41480049232321,19.902225387293004,0.0,0.0,0.050866666666666664,0.5359999999999999
sigma_xl_1.0000,1.0,1959.0,27.871718742769513,5.978527863643375,26.42866715898988,19.912625387293005,0.0,0.0,0.050866666666666664,0.5359999999999999
sigma_xl_1.0000,1.0,1960.0,27.885585409436178,5.9819945303100415,26.442533825656547,19.923025387293006,0.0,0.0,0.050866666666666664,0.5359999999999999
sigma_xl_1.0000,1.0,1961.0,27.899452076102847,5.985461196976709,26.456400492323212,19.933425387293003,0.0,0.0,0.050866666666666664,0.5359999999999999
sigma_xl_1.0000,1.0,1962.0,27.913318742769512,5.988927863643375,26.470267158989877,19.943825387293003,0.0,0.0,0.050866666666666664,0.5359999999999999
sigma_xl_1.0000,1.0,1963.0,27.927185409436177,5.992394530310041,26.484133825656542,19.954225387293004,0.0,0.0,0.050866666666666664,0.5359999999999999
sigma_xl_1.0000,1.0,1964.0,27.941052076102846,5.995861196976708,26.498000492323214,19.964625387293005,0.0,0.0,0.050866666666666664,0.5359999999999999
sigma_xl_1.0000,1.0,1965.0,27.95491874276951,5.999327863643375,26.51186715898988,19.975025387293005,0.0,0.0,0.050866666666666664,0.5359999999999999
sigma_xl_1.0000,1.0,1966.0,27.96878540943618,6.002794530310042,26.525733825656545,19.985425387293006,0.0,0.0,0.050866666666666664,0.5359999999999999
sigma_xl_1.0000,1.0,1967.0,27.982652076102845,6.006261196976708,26.53960049232321,19.995825387293003,0.0,0.0,0.050866666666666664,0.5359999999999999
sigma_xl_1.0000,1.0,1968.0,27.996518742769513,6.009727863643375,26.553467158989882,20.006225387293004,0.0,0.0,0.050866666666666664,0.5359999999999999
sigma_xl_1.0000,1.0,1969.0,28.01038540943618,6.013194530310042,26.567333825656547,20.016625387293004,0.0,0.0,0.050866666666666664,0.5359999999999999
sigma_xl_1.0000,1.0,1970.0,28.024252076102844,6.016661196976708,26.581200492323212,20.027025387293005,0.0,0.0,0.050866666666666664,0.5359999999999999
sigma_xl_1.0000,1.0,1971.0,28.038118742769512,6.020127863643375,26.595067158989877,20.037425387293005,0.0,0.0,0.050866666666666664,0.5359999999999999
sigma_xl_1.0000,1.0,1972.0,28.051985409436178,6.023594530310041,26.608933825656543,20.047825387293003,0.0,0.0,0.050866666666666664,0.5359999999999999
sigma_xl_1.0000,1.0,1973.0,28.065852076102846,6.0270611969767085,26.622800492323215,20.058225387293003,0.0,0.0,0.050866666666666664,0.5359999999999999
sigma_xl_1.0000,1.0,1974.0,28.07971874276951,6.030527863643375,26.63666715898988,20.068625387293004,0.0,0.0,0.050866666666666664,0.5359999999999999
sigma_xl_1.0000,1.0,1975.0,28.09358540943618,6.033994530310042,26.650533825656545,20.079025387293004,0.0,0.0,0.050866666666666664,0.5359999999999999
sigma_xl_1.0000,1.0,1976.0,28.107452076102845,6.037461196976708,26.66440049232321,20.089425387293005,0.0,0.0,0.050866666666666664,0.5359999999999999
sigma_xl_1.0000,1.0,1977.0,28.12131874276951,6.0409278636433745,26.678267158989875,20.099825387293006,0.0,0.0,0.050866666666666664,0.5359999999999999
sigma_xl_1.0000,1.0,1978.0,28.13518540943618,6.044394530310042,26.692133825656548,20.110225387293003,0.0,0.0,0.050866666666666664,0.5359999999999999
sigma_xl_1.0000,1.0,1979.0,28.149052076102844,6.047861196976708,26.706000492323213,20.120625387293003,0.0,0.0,0.050866666666666664,0.5359999999999999
sigma_xl_1.0000,1.0,1980.0,28.162918742769513,6.051327863643375,26.719867158989878,20.131025387293004,0.0,0.0,0.050866666666666664,0.5359999999999999
sigma_xl_1.0000,1.0,1981.0,28.176785409436178,6.0547945303100414,26.733733825656543,20.141425387293005,0.0,0.0,0.050866666666666664,0.5359999999999999
sigma_xl_1.0000,1.0,1982.0,28.190652076102847,6.058261196976709,26.747600492323215,20.151825387293005,0.0,0.0,0.050866666666666664,0.5359999999999999
sigma_xl_1.0000,1.0,1983.0,28.204518742769512,6.061727863643375,26.76146715898988,20.162225387293006,0.0,0.0,0.050866666666666664,0.5359999999999999
sigma_xl_1.0000,1.0,1984.0,28.218385409436177,6.065194530310041,26.775333825656546,20.172625387293003,0.0,0.0,0.050866666666666664,0.5359999999999999
sigma_xl_1.0000,1.0,1985.0,28.232252076102846,6.068661196976708,26.78920049232321,20.183025387293004,0.0,0.0,0.050866666666666664,0.5359999999999999
sigma_xl_1.0000,1.0,1986.0,28.24611874276951,6.072127863643375,26.803067158989876,20.193425387293004,0.0,0.0,0.050866666666666664,0.5359999999999999
sigma_xl_1.0000,1.0,1987.0,28.25998540943618,6.075594530310042,26.816933825656548,20.203825387293005,0.0,0.0,0.050866666666666664,0.5359999999999999
sigma_xl_1.0000,1.0,1988.0,28.273852076102845,6.079061196976708,26.830800492323213,20.214225387293006,0.0,0.0,0.050866666666666664,0.5359999999999999
sigma_xl_1.0000,1.0,1989.0,28.287718742769513,6.082527863643375,26.84466715898988,20.224625387293003,0.0,0.0,0.050866666666666664,0.5359999999999999
sigma_xl_1.0000,1.0,1990.0,28.30158540943618,6.085994530310042,26.858533825656544,20.235025387293003,0.0,0.0,0.050866666666666664,0.5359999999999999
sigma_xl_1.0000,1.0,1991.0,28.315452076102844,6.089461196976708,26.87240049232321,20.245425387293004,0.0,0.0,0.050866666666666664,0.5359999999999999
sigma_xl_1.0000,1.0,1992.0,28.329318742769512,6.092927863643375,26.88626715898988,20.255825387293005,0.0,0.0,0.050866666666666664,0.5359999999999999
sigma_xl_1.0000,1.0,1993.0,28.343185409436177,6.096394530310041,26.900133825656546,20.266225387293005,0.0,0.0,0.050866666666666664,0.5359999999999999
sigma_xl_1.0000,1.0,1994.0,28.357052076102846,6.0998611969767085,26.91400049232321,20.276625387293006,0.0,0.0,0.050866666666666664,0.5359999999999999
sigma_xl_1.0000,1.0,1995.0,28.37091874276951,6.103327863643375,26.927867158989876,20.287025387293003,0.0,0.0,0.050866666666666664,0.5359999999999999
sigma_xl_1.0000,1.0,1996.0,28.38478540943618,6.106794530310042,26.94173382565655,20.297425387293003,0.0,0.0,0.050866666666666664,0.5359999999999999
sigma_xl_1.0000,1.0,1997.0,28.398652076102845,6.110261196976708,26.955600492323214,20.307825387293004,0.0,0.0,0.050866666666666664,0.5359999999999999
sigma_xl_1.0000,1.0,1998.0,28.41251874276951,6.1137278636433745,26.96946715898988,20.318225387293005,0.0,0.0,0.050866666666666664,0.5359999999999999
sigma_xl_1.0000,1.0,1999.0,28.42638540943618,6.117194530310042,26.983333825656544,20.328625387293005,0.0,0.0,0.050866666666666664,0.5359999999999999
sigma_xl_1.0000,1.0,2000.0,28.440252076102844,6.120661196976708,26.99720049232321,20.339025387293006,0.0,0.0,0.050866666666666664,0.5359999999999999
sigma_xl_1.0000,1.0,2001.0,28.454118742769513,6.124127863643375,27.01106715898988,20.349425387293003,0.0,0.0,0.050866666666666664,0.5359999999999999
sigma_xl_1.0000,1.0,2002.0,28.467985409436178,6.127594530310041,27.024933825656547,20.359825387293004,0.0,0.0,0.050866666666666664,0.5359999999999999
sigma_xl_1.0000,1.0,2003.0,28.481852076102847,6.131061196976709,27.03880049232321,20.370225387293004,0.0,0.0,0.050866666666666664,0.5359999999999999
sigma_xl_1.0000,1.0,2004.0,28.495718742769512,6.134527863643375,27.052667158989877,20.380625387293005,0.0,0.0,0.050866666666666664,0.5359999999999999
sigma_xl_1.0000,1.0,2005.0,28.50958540943618,6.137994530310042,27.06653382565655,20.391025387293006,0.0,0.0,0.050866666666666664,0.5359999999999999
sigma_xl_1.0000,1.0,2006.0,28.523452076102846,6.141461196976708,27.080400492323214,20.401425387293003,0.0,0.0,0.050866666666666664,0.5359999999999999
sigma_xl_1.0000,1.0,2007.0,28.53731874276951,6.144927863643375,27.09426715898988,20.411825387293003,0.0,0.0,0.050866666666666664,0.5359999999999999
sigma_xl_1.0000,1.0,2008.0,28.55118540943618,6.148394530310042,27.108133825656545,20.422225387293004,0.0,0.0,0.050866666666666664,0.5359999999999999
sigma_xl_1.0000,1.0,2009.0,28.565052076102845,6.151861196976708,27.12200049232321,20.432625387293005,0.0,0.0,0.050866666666666664,0.5359999999999999
sigma_xl_1.0000,1.0,2010.0,28.578918742769513,6.155327863643375,27.135867158989882,20.443025387293005,0.0,0.0,0.050866666666666664,0.5359999999999999
sigma_xl_1.0000,1.0,2011.0,28.59278540943618,6.1587945303100415,27.149733825656547,20.453425387293006,0.0,0.0,0.050866666666666664,0.5359999999999999
sigma_xl_1.0000,1.0,2012.0,28.606652076102847,6.162261196976709,27.163600492323212,20.463825387293003,0.0,0.0,0.050866666666666664,0.5359999999999999
sigma_xl_1.0000,1.0,2013.0,28.620518742769512,6.165727863643375,27.177467158989877,20.474225387293004,0.0,0.0,0.050866666666666664,0.5359999999999999
sigma_xl_1.0000,1.0,2014.0,28.634385409436177,6.169194530310041,27.191333825656542,20.484625387293004,0.0,0.0,0.050866666666666664,0.5359999999999999
sigma_xl_1.0000,1.0,2015.0,28.648252076102846,6.1726611969767085,27.205200492323215,20.495025387293005,0.0,0.0,0.050866666666666664,0.5359999999999999
sigma_xl_1.0000,1.0,2016.0,28.66211874276951,6.176127863643375,27.21906715898988,20.505425387293005,0.0,0.0,0.050866666666666664,0.5359999999999999
sigma_xl_1.0000,1.0,2017.0,28.67598540943618,6.179594530310042,27.232933825656545,20.515825387293003,0.0,0.0,0.050866666666666664,0.5359999999999999
sigma_xl_1.0000,1.0,2018.0,28.689852076102845,6.183061196976708,27.24680049232321,20.526225387293003,0.0,0.0,0.050866666666666664,0.5359999999999999
sigma_xl_1.0000,1.0,2019.0,28.703718742769514,6.186527863643375,27.260667158989882,20.536625387293004,0.0,0.0,0.050866666666666664,0.5359999999999999
sigma_xl_1.0000,1.0,2020.0,28.71758540943618,6.189994530310042,27.274533825656547,20.547025387293004,0.0,0.0,0.050866666666666664,0.5359999999999999
sigma_xl_1.0000,1.0,2021.0,28.731452076102844,6.193461196976708,27.288400492323213,20.557425387293005,0.0,0.0,0.050866666666666664,0.5359999999999999
sigma_xl_1.0000,1.0,2022.0,28.745318742769513,6.196927863643375,27.302267158989878,20.567825387293006,0.0,0.0,0.050866666666666664,0.5359999999999999
sigma_xl_1.0000,1.0,2023.0,28.759185409436178,6.200394530310041,27.316133825656543,20.578225387293003,0.0,0.0,0.050866666666666664,0.5359999999999999
sigma_xl_1.0000,1.0,2024.0,28.773052076102847,6.203861196976709,27.330000492323215,20.588625387293003,0.0,0.0,0.050866666666666664,0.5359999999999999
sigma_xl_1.0000,1.0,2025.0,28.78691874276951,6.207327863643375,27.34386715898988,20.599025387293004,0.0,0.0,0.050866666666666664,0.5359999999999999
sigma_xl_1.0000,1.0,2026.0,28.80078540943618,6.210794530310042,27.357733825656545,20.609425387293005,0.0,0.0,0.050866666666666664,0.5359999999999999
sigma_xl_1.0000,1.0,2027.0,28.814652076102846,6.214261196976708,27.37160049232321,20.619825387293005,0.0,0.0,0.050866666666666664,0.5359999999999999
sigma_xl_1.0000,1.0,2028.0,28.82851874276951,6.217727863643375,27.385467158989876,20.630225387293006,0.0,0.0,0.050866666666666664,0.5359999999999999
sigma_xl_1.0000,1.0,2029.0,28.84238540943618,6.221194530310042,27.399333825656548,20.640625387293003,0.0,0.0,0.050866666666666664,0.5359999999999999
sigma_xl_1.0000,1.0,2030.0,28.856252076102844,6.224661196976708,27.413200492323213,20.651025387293004,0.0,0.0,0.050866666666666664,0.5359999999999999
sigma_xl_1.0000,1.0,2031.0,28.870118742769513,6.228127863643375,27.42706715898988,20.661425387293004,0.0,0.0,0.050866666666666664,0.5359999999999999
sigma_xl_1.0000,1.0,2032.0,28.88398540943618,6.2315945303100415,27.440933825656543,20.671825387293005,0.0,0.0,0.050866666666666664,0.5359999999999999
sigma_xl_1.0000,1.0,2033.0,28.897852076102847,6.235061196976709,27.454800492323216,20.682225387293006,0.0,0.0,0.050866666666666664,0.5359999999999999
sigma_xl_1.0000,1.0,2034.0,28.911718742769512,6.238527863643375,27.46866715898988,20.692625387293003,0.0,0.0,0.050866666666666664,0.5359999999999999
sigma_xl_1.0000,1.0,2035.0,28.925585409436177,6.241994530310041,27.482533825656546,20.703025387293003,0.0,0.0,0.050866666666666664,0.5359999999999999
sigma_xl_1.0000,1.0,2036.0,28.939452076102846,6.245461196976708,27.49640049232321,20.713425387293004,0.0,0.0,0.050866666666666664,0.5359999999999999
sigma_xl_1.0000,1.0,2037.0,28.95331874276951,6.248927863643375,27.510267158989876,20.723825387293004,0.0,0.0,0.050866666666666664,0.5359999999999999
sigma_xl_1.0000,1.0,2038.0,28.96718540943618,6.252394530310042,27.52413382565655,20.734225387293005,0.0,0.0,0.050866666666666664,0.5359999999999999
sigma_xl_1.0000,1.0,2039.0,28.981052076102845,6.255861196976708,27.538000492323214,20.744625387293006,0.0,0.0,0.050866666666666664,0.5359999999999999
sigma_xl_1.0000,1.0,2040.0,28.994918742769514,6.259327863643375,27.55186715898988,20.755025387293003,0.0,0.0,0.050866666666666664,0.5359999999999999
sigma_xl_1.0000,1.0,2041.0,29.00878540943618,6.262794530310042,27.565733825656544,20.765425387293003,0.0,0.0,0.050866666666666664,0.5359999999999999
sigma_xl_1.0000,1.0,2042.0,29.022652076102844,6.266261196976708,27.57960049232321,20.775825387293004,0.0,0.0,0.050866666666666664,0.5359999999999999
sigma_xl_1.0000,1.0,2043.0,29.036518742769513,6.269727863643375,27.59346715898988,20.786225387293005,0.0,0.0,0.050866666666666664,0.5359999999999999
sigma_xl_1.0000,1.0,2044.0,29.050385409436178,6.273194530310041,27.607333825656546,20.796625387293005,0.0,0.0,0.050866666666666664,0.5359999999999999
sigma_xl_1.0000,1.0,2045.0,29.064252076102846,6.2766611969767085,27.62120049232321,20.807025387293006,0.0,0.0,0.050866666666666664,0.5359999999999999
sigma_xl_1.0000,1.0,2046.0,29.07811874276951,6.280127863643375,27.635067158989877,20.817425387293003,0.0,0.0,0.050866666666666664,0.5359999999999999
sigma_xl_1.0000,1.0,2047.0,29.09198540943618,6.283594530310042,27.64893382565655,20.827825387293004,0.0,0.0,0.050866666666666664,0.5359999999999999
sigma_xl_1.0000,1.0,2048.0,29.105852076102845,6.287061196976708,27.662800492323214,20.838225387293004,0.0,0.0,0.050866666666666664,0.5359999999999999
sigma_xl_1.0000,1.0,2049.0,29.11971874276951,6.290527863643375,27.67666715898988,20.848625387293005,0.0,0.0,0.050866666666666664,0.5359999999999999
sigma_xl_1.0000,1.0,2050.0,29.13358540943618,6.293994530310042,27.690533825656544,20.859025387293006,0.0,0.0,0.050866666666666664,0.5359999999999999
sigma_xl_1.0000,1.0,2051.0,29.147452076102844,6.297461196976708,27.70440049232321,20.869425387293003,0.0,0.0,0.050866666666666664,0.5359999999999999
sigma_xl_1.0000,1.0,2052.0,29.161318742769513,6.300927863643375,27.71826715898988,20.879825387293003,0.0,0.0,0.050866666666666664,0.5359999999999999
sigma_xl_1.0000,1.0,2053.0,29.175185409436178,6.3043945303100415,27.732133825656547,20.890225387293004,0.0,0.0,0.050866666666666664,0.5359999999999999
sigma_xl_1.0000,1.0,2054.0,29.189052076102847,6.307861196976709,27.746000492323212,20.900625387293005,0.0,0.0,0.050866666666666664,0.5359999999999999
sigma_xl_1.0000,1.0,2055.0,29.202918742769512,6.311327863643375,27.759867158989877,20.911025387293005,0.0,0.0,0.050866666666666664,0.5359999999999999
sigma_xl_1.0000,1.0,2056.0,29.216785409436177,6.314794530310041,27.773733825656542,20.921425387293006,0.0,0.0,0.050866666666666664,0.5359999999999999
sigma_xl_1.0000,1.0,2057.0,29.230652076102846,6.318261196976708,27.787600492323214,20.931825387293003,0.0,0.0,0.050866666666666664,0.5359999999999999
sigma_xl_1.0000,1.0,2058.0,29.24451874276951,6.321727863643375,27.80146715898988,20.942225387293004,0.0,0.0,0.050866666666666664,0.5359999999999999
sigma_xl_1.0000,1.0,2059.0,29.25838540943618,6.325194530310042,27.815333825656545,20.952625387293004,0.0,0.0,0.050866666666666664,0.5359999999999999
sigma_xl_1.0000,1.0,2060.0,29.272252076102845,6.328661196976708,27.82920049232321,20.963025387293005,0.0,0.0,0.050866666666666664,0.5359999999999999
sigma_xl_1.0000,1.0,2061.0,29.286118742769514,6.332127863643375,27.843067158989882,20.973425387293005,0.0,0.0,0.050866666666666664,0.5359999999999999
sigma_xl_1.0000,1.0,2062.0,29.29998540943618,6.335594530310042,27.856933825656547,20.983825387293006,0.0,0.0,0.050866666666666664,0.5359999999999999
sigma_xl_1.0000,1.0,2063.0,29.313852076102844,6.339061196976708,27.870800492323212,20.994225387293003,0.0,0.0,0.050866666666666664,0.5359999999999999
sigma_xl_1.0000,1.0,2064.0,29.327718742769513,6.342527863643375,27.884667158989878,21.004625387293004,0.0,0.0,0.050866666666666664,0.5359999999999999
sigma_xl_1.0000,1.0,2065.0,29.341585409436178,6.345994530310041,27.898533825656543,21.015025387293004,0.0,0.0,0.050866666666666664,0.5359999999999999
sigma_xl_1.0000,1.0,2066.0,29.355452076102846,6.3494611969767085,27.912400492323215,21.025425387293005,0.0,0.0,0.050866666666666664,0.5359999999999999
sigma_xl_1.0000,1.0,2067.0,29.36931874276951,6.352927863643375,27.92626715898988,21.035825387293006,0.0,0.0,0.050866666666666664,0.5359999999999999
sigma_xl_1.0000,1.0,2068.0,29.38318540943618,6.356394530310042,27.940133825656545,21.046225387293003,0.0,0.0,0.050866666666666664,0.5359999999999999
sigma_xl_1.0000,1.0,2069.0,29.397052076102845,6.359861196976708,27.95400049232321,21.056625387293003,0.0,0.0,0.050866666666666664,0.5359999999999999
sigma_xl_1.0000,1.0,2070.0,29.41091874276951,6.3633278636433745,27.967867158989876,21.067025387293004,0.0,0.0,0.050866666666666664,0.5359999999999999
sigma_xl_1.0000,1.0,2071.0,29.42478540943618,6.366794530310042,27.981733825656548,21.077425387293005,0.0,0.0,0.050866666666666664,0.5359999999999999
sigma_xl_1.0000,1.0,2072.0,29.438652076102844,6.370261196976708,27.995600492323213,21.087825387293005,0.0,0.0,0.050866666666666664,0.5359999999999999
sigma_xl_1.0000,1.0,2073.0,29.452518742769513,6.373727863643375,28.009467158989878,21.098225387293006,0.0,0.0,0.050866666666666664,0.5359999999999999
sigma_xl_1.0000,1.0,2074.0,29.466385409436178,6.3771945303100415,28.023333825656543,21.108625387293003,0.0,0.0,0.050866666666666664,0.5359999999999999
sigma_xl_1.0000,1.0,2075.0,29.480252076102847,6.380661196976709,28.037200492323215,21.119025387293004,0.0,0.0,0.050866666666666664,0.5359999999999999
sigma_xl_1.0000,1.0,2076.0,29.494118742769512,6.384127863643375,28.05106715898988,21.129425387293004,0.0,0.0,0.050866666666666664,0.5359999999999999
sigma_xl_1.0000,1.0,2077.0,29.507985409436177,6.387594530310041,28.064933825656546,21.139825387293005,0.0,0.0,0.050866666666666664,0.5359999999999999
sigma_xl_1.0000,1.0,2078.0,29.521852076102846,6.391061196976708,28.07880049232321,21.150225387293005,0.0,0.0,0.050866666666666664,0.5359999999999999
sigma_xl_1.0000,1.0,2079.0,29.53571874276951,6.394527863643375,28.092667158989876,21.160625387293006,0.0,0.0,0.050866666666666664,0.5359999999999999
sigma_xl_1.0000,1.0,2080.0,29.54958540943618,6.397994530310042,28.10653382565655,21.171025387293003,0.0,0.0,0.050866666666666664,0.5359999999999999
sigma_xl_1.0000,1.0,2081.0,29.563452076102845,6.401461196976708,28.120400492323213,21.181425387293004,0.0,0.0,0.050866666666666664,0.5359999999999999
sigma_xl_1.0000,1.0,2082.0,29.577318742769513,6.404927863643375,28.13426715898988,21.191825387293004,0.0,0.0,0.050866666666666664,0.5359999999999999
sigma_xl_1.0000,1.0,2083.0,29.59118540943618,6.408394530310042,28.148133825656544,21.202225387293005,0.0,0.0,0.050866666666666664,0.5359999999999999
sigma_xl_1.0000,1.0,2084.0,29.605052076102844,6.411861196976708,28.16200049232321,21.212625387293006,0.0,0.0,0.050866666666666664,0.5359999999999999
sigma_xl_1.0000,1.0,2085.0,29.618918742769512,6.415327863643375,28.17586715898988,21.223025387293003,0.0,0.0,0.050866666666666664,0.5359999999999999
sigma_xl_1.0000,1.0,2086.0,29.632785409436178,6.418794530310041,28.189733825656546,21.233425387293003,0.0,0.0,0.050866666666666664,0.5359999999999999
sigma_xl_1.0000,1.0,2087.0,29.646652076102846,6.4222611969767085,28.20360049232321,21.243825387293004,0.0,0.0,0.050866666666666664,0.5359999999999999
sigma_xl_1.0000,1.0,2088.0,29.66051874276951,6.425727863643375,28.217467158989876,21.254225387293005,0.0,0.0,0.050866666666666664,0.5359999999999999
sigma_xl_1.0000,1.0,2089.0,29.67438540943618,6.429194530310042,28.23133382565655,21.264625387293005,0.0,0.0,0.050866666666666664,0.5359999999999999
sigma_xl_1.0000,1.0,2090.0,29.688252076102845,6.432661196976708,28.245200492323214,21.275025387293006,0.0,0.0,0.050866666666666664,0.5359999999999999
sigma_xl_1.0000,1.0,2091.0,29.70211874276951,6.4361278636433745,28.25906715898988,21.285425387293003,0.0,0.0,0.050866666666666664,0.5359999999999999
sigma_xl_1.0000,1.0,2092.0,29.71598540943618,6.439594530310042,28.272933825656544,21.295825387293004,0.0,0.0,0.050866666666666664,0.5359999999999999
sigma_xl_1.0000,1.0,2093.0,29.729852076102844,6.443061196976708,28.28680049232321,21.306225387293004,0.0,0.0,0.050866666666666664,0.5359999999999999
sigma_xl_1.0000,1.0,2094.0,29.743718742769513,6.446527863643375,28.30066715898988,21.316625387293005,0.0,0.0,0.050866666666666664,0.5359999999999999
sigma_xl_1.0000,1.0,2095.0,29.757585409436178,6.449994530310041,28.314533825656547,21.327025387293006,0.0,0.0,0.050866666666666664,0.5359999999999999
sigma_xl_1.0000,1.0,2096.0,29.771452076102847,6.453461196976709,28.328400492323212,21.337425387293003,0.0,0.0,0.050866666666666664,0.5359999999999999
sigma_xl_1.0000,1.0,2097.0,29.785318742769512,6.456927863643375,28.342267158989877,21.347825387293003,0.0,0.0,0.050866666666666664,0.5359999999999999
sigma_xl_1.0000,1.0,2098.0,29.79918540943618,6.460394530310042,28.35613382565655,21.358225387293004,0.0,0.0,0.050866666666666664,0.5359999999999999
sigma_xl_1.0000,1.0,2099.0,29.813052076102846,6.463861196976708,28.370000492323214,21.368625387293005,0.0,0.0,0.050866666666666664,0.5359999999999999
sigma_xl_1.0000,1.0,2100.0,29.82691874276951,6.467327863643375,28.38386715898988,21.379025387293005,0.0,0.0,0.050866666666666664,0.5359999999999999
sigma_xl_1.0000,1.0,2101.0,29.84078540943618,6.470794530310042,28.397733825656545,21.389425387293006,0.0,0.0,0.050866666666666664,0.5359999999999999
sigma_xl_1.0000,1.0,2102.0,29.854652076102845,6.474261196976708,28.41160049232321,21.399825387293003,0.0,0.0,0.050866666666666664,0.5359999999999999
sigma_xl_1.0000,1.0,2103.0,29.868518742769513,6.477727863643375,28.425467158989882,21.410225387293004,0.0,0.0,0.050866666666666664,0.5359999999999999
sigma_xl_1.0000,1.0,2104.0,29.88238540943618,6.481194530310042,28.439333825656547,21.420625387293004,0.0,0.0,0.050866666666666664,0.5359999999999999
sigma_xl_1.0000,1.0,2105.0,29.896252076102847,6.484661196976709,28.453200492323212,21.431025387293005,0.0,0.0,0.050866666666666664,0.5359999999999999
sigma_xl_1.0000,1.0,2106.0,29.910118742769512,6.488127863643375,28.467067158989877,21.441425387293005,0.0,0.0,0.050866666666666664,0.5359999999999999
sigma_xl_1.0000,1.0,2107.0,29.923985409436177,6.491594530310041,28.480933825656543,21.451825387293006,0.0,0.0,0.050866666666666664,0.5359999999999999
sigma_xl_1.0000,1.0,2108.0,29.937852076102846,6.4950611969767085,28.494800492323215,21.462225387293003,0.0,0.0,0.050866666666666664,0.5359999999999999
sigma_xl_1.0000,1.0,2109.0,29.95171874276951,6.498527863643375,28.50866715898988,21.472625387293004,0.0,0.0,0.050866666666666664,0.5359999999999999
sigma_xl_1.0000,1.0,2110.0,29.96558540943618,6.501994530310042,28.522533825656545,21.483025387293004,0.0,0.0,0.050866666666666664,0.5359999999999999
sigma_xl_1.0000,1.0,2111.0,29.979452076102845,6.505461196976708,28.53640049232321,21.493425387293005,0.0,0.0,0.050866666666666664,0.5359999999999999
sigma_xl_1.0000,1.0,2112.0,29.993318742769514,6.508927863643375,28.550267158989882,21.503825387293006,0.0,0.0,0.050866666666666664,0.5359999999999999
sigma_xl_1.0000,1.0,2113.0,30.00718540943618,6.512394530310042,28.564133825656548,21.514225387293003,0.0,0.0,0.050866666666666664,0.5359999999999999
sigma_xl_1.0000,1.0,2114.0,30.021052076102844,6.515861196976708,28.578000492323213,21.524625387293003,0.0,0.0,0.050866666666666664,0.5359999999999999
sigma_xl_1.0000,1.0,2115.0,30.034918742769513,6.519327863643375,28.591867158989878,21.535025387293004,0.0,0.0,0.050866666666666664,0.5359999999999999
sigma_xl_1.0000,1.0,2116.0,30.048785409436178,6.522794530310041,28.605733825656543,21.545425387293005,0.0,0.0,0.050866666666666664,0.5359999999999999
sigma_xl_1.0000,1.0,2117.0,30.062652076102847,6.526261196976709,28.619600492323215,21.555825387293005,0.0,0.0,0.050866666666666664,0.5359999999999999
sigma_xl_1.0000,1.0,2118.0,30.07651874276951,6.529727863643375,28.63346715898988,21.566225387293006,0.0,0.0,0.050866666666666664,0.5359999999999999
sigma_xl_1.0000,1.0,2119.0,30.09038540943618,6.533194530310042,28.647333825656546,21.576625387293003,0.0,0.0,0.050866666666666664,0.5359999999999999
sigma_xl_1.0000,1.0,2120.0,30.104252076102846,6.536661196976708,28.66120049232321,21.587025387293004,0.0,0.0,0.050866666666666664,0.5359999999999999
sigma_xl_1.0000,1.0,2121.0,30.11811874276951,6.540127863643375,28.675067158989876,21.597425387293004,0.0,0.0,0.050866666666666664,0.5359999999999999
sigma_xl_1.0000,1.0,2122.0,30.13198540943618,6.543594530310042,28.688933825656548,21.607825387293005,0.0,0.0,0.050866666666666664,0.5359999999999999
sigma_xl_1.0000,1.0,2123.0,30.145852076102845,6.547061196976708,28.702800492323213,21.618225387293005,0.0,0.0,0.050866666666666664,0.5359999999999999
sigma_xl_1.0000,1.0,2124.0,30.159718742769513,6.550527863643375,28.71666715898988,21.628625387293006,0.0,0.0,0.050866666666666664,0.5359999999999999
sigma_xl_1.0000,1.0,2125.0,30.17358540943618,6.5539945303100415,28.730533825656543,21.639025387293003,0.0,0.0,0.050866666666666664,0.5359999999999999
sigma_xl_1.0000,1.0,2126.0,30.187452076102847,6.557461196976709,28.744400492323216,21.649425387293004,0.0,0.0,0.050866666666666664,0.5359999999999999
sigma_xl_1.0000,1.0,2127.0,30.201318742769512,6.560927863643375,28.75826715898988,21.659825387293004,0.0,0.0,0.050866666666666664,0.5359999999999999
sigma_xl_1.0000,1.0,2128.0,30.215185409436177,6.564394530310041,28.772133825656546,21.670225387293005,0.0,0.0,0.050866666666666664,0.5359999999999999
sigma_xl_1.0000,1.0,2129.0,30.229052076102846,6.5678611969767084,28.78600049232321,21.680625387293006,0.0,0.0,0.050866666666666664,0.5359999999999999
sigma_xl_1.0000,1.0,2130.0,30.24291874276951,6.571327863643375,28.799867158989876,21.691025387293003,0.0,0.0,0.050866666666666664,0.5359999999999999
sigma_xl_1.0000,1.0,2131.0,30.25678540943618,6.574794530310042,28.81373382565655,21.701425387293003,0.0,0.0,0.050866666666666664,0.5359999999999999
sigma_xl_1.0000,1.0,2132.0,30.270652076102845,6.578261196976708,28.827600492323214,21.711825387293004,0.0,0.0,0.050866666666666664,0.5359999999999999
sigma_xl_1.0000,1.0,2133.0,30.284518742769514,6.581727863643375,28.84146715898988,21.722225387293005,0.0,0.0,0.050866666666666664,0.5359999999999999
sigma_xl_1.0000,1.0,2134.0,30.29838540943618,6.585194530310042,28.855333825656544,21.732625387293005,0.0,0.0,0.050866666666666664,0.5359999999999999
sigma_xl_1.0000,1.0,2135.0,30.312252076102844,6.588661196976708,28.86920049232321,21.743025387293006,0.0,0.0,0.050866666666666664,0.5359999999999999
sigma_xl_1.0000,1.0,2136.0,30.326118742769513,6.592127863643375,28.88306715898988,21.753425387293003,0.0,0.0,0.050866666666666664,0.5359999999999999
sigma_xl_1.0000,1.0,2137.0,30.339985409436178,6.595594530310041,28.896933825656546,21.763825387293004,0.0,0.0,0.050866666666666664,0.5359999999999999
sigma_xl_1.0000,1.0,2138.0,30.353852076102847,6.599061196976709,28.91080049232321,21.774225387293004,0.0,0.0,0.050866666666666664,0.5359999999999999
sigma_xl_1.0000,1.0,2139.0,30.36771874276951,6.602527863643375,28.924667158989877,21.784625387293005,0.0,0.0,0.050866666666666664,0.5359999999999999
sigma_xl_1.0000,1.0,2140.0,30.38158540943618,6.605994530310042,28.93853382565655,21.795025387293006,0.0,0.0,0.050866666666666664,0.5359999999999999
sigma_xl_1.0000,1.0,2141.0,30.395452076102845,6.609461196976708,28.952400492323214,21.805425387293006,0.0,0.0,0.050866666666666664,0.5359999999999999
sigma_xl_1.0000,1.0,2142.0,30.40931874276951,6.612927863643375,28.96626715898988,21.815825387293003,0.0,0.0,0.050866666666666664,0.5359999999999999
sigma_xl_1.0000,1.0,2143.0,30.42318540943618,6.616394530310042,28.980133825656544,21.826225387293004,0.0,0.0,0.050866666666666664,0.5359999999999999
sigma_xl_1.0000,1.0,2144.0,30.437052076102844,6.619861196976708,28.99400049232321,21.836625387293005,0.0,0.0,0.050866666666666664,0.5359999999999999
sigma_xl_1.0000,1.0,2145.0,30.450918742769513,6.623327863643375,29.00786715898988,21.847025387293005,0.0,0.0,0.050866666666666664,0.5359999999999999
sigma_xl_1.0000,1.0,2146.0,30.46478540943618,6.6267945303100415,29.021733825656547,21.857425387293006,0.0,0.0,0.050866666666666664,0.5359999999999999
sigma_xl_1.0000,1.0,2147.0,30.478652076102847,6.630261196976709,29.035600492323212,21.867825387293003,0.0,0.0,0.050866666666666664,0.5359999999999999
sigma_xl_1.0000,1.0,2148.0,30.492518742769512,6.633727863643375,29.049467158989877,21.878225387293003,0.0,0.0,0.050866666666666664,0.5359999999999999
sigma_xl_1.0000,1.0,2149.0,30.506385409436177,6.637194530310041,29.063333825656542,21.888625387293004,0.0,0.0,0.050866666666666664,0.5359999999999999
sigma_xl_1.0000,1.0,2150.0,30.520252076102846,6.640661196976708,29.077200492323215,21.899025387293005,0.0,0.0,0.050866666666666664,0.5359999999999999
sigma_xl_1.0000,1.0,2151.0,30.53411874276951,6.644127863643375,29.09106715898988,21.909425387293005,0.0,0.0,0.050866666666666664,0.5359999999999999
sigma_xl_1.0000,1.0,2152.0,30.54798540943618,6.647594530310042,29.104933825656545,21.919825387293006,0.0,0.0,0.050866666666666664,0.5359999999999999
sigma_xl_1.0000,1.0,2153.0,30.561852076102845,6.651061196976708,29.11880049232321,21.930225387293003,0.0,0.0,0.050866666666666664,0.5359999999999999
sigma_xl_1.0000,1.0,2154.0,30.575718742769514,6.654527863643375,29.132667158989882,21.940625387293004,0.0,0.0,0.050866666666666664,0.5359999999999999
sigma_xl_1.0000,1.0,2155.0,30.58958540943618,6.657994530310042,29.146533825656547,21.951025387293004,0.0,0.0,0.050866666666666664,0.5359999999999999
sigma_xl_1.0000,1.0,2156.0,30.603452076102844,6.661461196976708,29.160400492323213,21.961425387293005,0.0,0.0,0.050866666666666664,0.5359999999999999
sigma_xl_1.0000,1.0,2157.0,30.617318742769513,6.664927863643375,29.174267158989878,21.971825387293006,0.0,0.0,0.050866666666666664,0.5359999999999999
sigma_xl_1.0000,1.0,2158.0,30.631185409436178,6.668394530310041,29.188133825656543,21.982225387293006,0.0,0.0,0.050866666666666664,0.5359999999999999
sigma_xl_1.0000,1.0,2159.0,30.645052076102846,6.6718611969767085,29.202000492323215,21.992625387293003,0.0,0.0,0.050866666666666664,0.5359999999999999
sigma_xl_1.0000,1.0,2160.0,30.65891874276951,6.675327863643375,29.21586715898988,22.003025387293004,0.0,0.0,0.050866666666666664,0.5359999999999999
sigma_xl_1.0000,1.0,2161.0,30.67278540943618,6.678794530310042,29.229733825656545,22.013425387293005,0.0,0.0,0.050866666666666664,0.5359999999999999
sigma_xl_1.0000,1.0,2162.0,30.686652076102845,6.682261196976708,29.24360049232321,22.023825387293005,0.0,0.0,0.050866666666666664,0.5359999999999999
sigma_xl_1.0000,1.0,2163.0,30.70051874276951,6.685727863643375,29.257467158989876,22.034225387293006,0.0,0.0,0.050866666666666664,0.5359999999999999
sigma_xl_1.0000,1.0,2164.0,30.71438540943618,6.689194530310042,29.271333825656548,22.044625387293003,0.0,0.0,0.050866666666666664,0.5359999999999999
sigma_xl_1.0000,1.0,2165.0,30.728252076102844,6.692661196976708,29.285200492323213,22.055025387293004,0.0,0.0,0.050866666666666664,0.5359999999999999
sigma_xl_1.0000,1.0,2166.0,30.742118742769513,6.696127863643375,29.299067158989878,22.065425387293004,0.0,0.0,0.050866666666666664,0.5359999999999999
sigma_xl_1.0000,1.0,2167.0,30.755985409436178,6.6995945303100415,29.312933825656543,22.075825387293005,0.0,0.0,0.050866666666666664,0.5359999999999999
sigma_xl_1.0000,1.0,2168.0,30.769852076102847,6.703061196976709,29.326800492323216,22.086225387293005,0.0,0.0,0.050866666666666664,0.5359999999999999
sigma_xl_1.0000,1.0,2169.0,30.783718742769512,6.706527863643375,29.34066715898988,22.096625387293006,0.0,0.0,0.050866666666666664,0.5359999999999999
sigma_xl_1.0000,1.0,2170.0,30.797585409436177,6.709994530310041,29.354533825656546,22.107025387293003,0.0,0.0,0.050866666666666664,0.5359999999999999
sigma_xl_1.0000,1.0,2171.0,30.811452076102846,6.713461196976708,29.36840049232321,22.117425387293004,0.0,0.0,0.050866666666666664,0.5359999999999999
sigma_xl_1.0000,1.0,2172.0,30.82531874276951,6.716927863643375,29.382267158989876,22.127825387293004,0.0,0.0,0.050866666666666664,0.5359999999999999
sigma_xl_1.0000,1.0,2173.0,30.83918540943618,6.720394530310042,29.39613382565655,22.138225387293005,0.0,0.0,0.050866666666666664,0.5359999999999999
sigma_xl_1.0000,1.0,2174.0,30.853052076102845,6.723861196976708,29.410000492323213,22.148625387293006,0.0,0.0,0.050866666666666664,0.5359999999999999
sigma_xl_1.0000,1.0,2175.0,30.866918742769514,6.727327863643375,29.42386715898988,22.159025387293003,0.0,0.0,0.050866666666666664,0.5359999999999999
sigma_xl_1.0000,1.0,2176.0,30.88078540943618,6.730794530310042,29.437733825656544,22.169425387293003,0.0,0.0,0.050866666666666664,0.5359999999999999
sigma_xl_1.0000,1.0,2177.0,30.894652076102844,6.734261196976708,29.45160049232321,22.179825387293004,0.0,0.0,0.050866666666666664,0.5359999999999999
sigma_xl_1.0000,1.0,2178.0,30.908518742769512,6.737727863643375,29.46546715898988,22.190225387293005,0.0,0.0,0.050866666666666664,0.5359999999999999
sigma_xl_1.0000,1.0,2179.0,30.922385409436178,6.741194530310041,29.479333825656546,22.200625387293005,0.0,0.0,0.050866666666666664,0.5359999999999999
sigma_xl_1.0000,1.0,2180.0,30.936252076102846,6.7446611969767085,29.49320049232321,22.211025387293006,0.0,0.0,0.050866666666666664,0.5359999999999999
sigma_xl_1.0000,1.0,2181.0,30.95011874276951,6.748127863643375,29.507067158989877,22.221425387293003,0.0,0.0,0.050866666666666664,0.5359999999999999
sigma_xl_1.0000,1.0,2182.0,30.96398540943618,6.751594530310042,29.52093382565655,22.231825387293004,0.0,0.0,0.050866666666666664,0.5359999999999999
sigma_xl_1.0000,1.0,2183.0,30.977852076102845,6.755061196976708,29.534800492323214,22.242225387293004,0.0,0.0,0.050866666666666664,0.5359999999999999
sigma_xl_1.0000,1.0,2184.0,30.991718742769514,6.758527863643375,29.54866715898988,22.252625387293005,0.0,0.0,0.050866666666666664,0.5359999999999999
sigma_xl_1.0000,1.0,2185.0,31.00558540943618,6.761994530310042,29.562533825656544,22.263025387293006,0.0,0.0,0.050866666666666664,0.5359999999999999
sigma_xl_1.0000,1.0,2186.0,31.019452076102844,6.765461196976708,29.57640049232321,22.273425387293006,0.0,0.0,0.050866666666666664,0.5359999999999999
sigma_xl_1.0000,1.0,2187.0,31.033318742769513,6.768927863643375,29.59026715898988,22.283825387293003,0.0,0.0,0.050866666666666664,0.5359999999999999
sigma_xl_1.0000,1.0,2188.0,31.047185409436178,6.7723945303100415,29.604133825656547,22.294225387293004,0.0,0.0,0.050866666666666664,0.5359999999999999
sigma_xl_1.0000,1.0,2189.0,31.061052076102847,6.775861196976709,29.618000492323212,22.304625387293004,0.0,0.0,0.050866666666666664,0.5359999999999999
sigma_xl_1.0000,1.0,2190.0,31.074918742769512,6.779327863643375,29.631867158989877,22.315025387293005,0.0,0.0,0.050866666666666664,0.5359999999999999
sigma_xl_1.0000,1.0,2191.0,31.08878540943618,6.782794530310042,29.64573382565655,22.325425387293006,0.0,0.0,0.050866666666666664,0.5359999999999999
sigma_xl_1.0000,1.0,2192.0,31.102652076102846,6.786261196976708,29.659600492323214,22.335825387293003,0.0,0.0,0.050866666666666664,0.5359999999999999
sigma_xl_1.0000,1.0,2193.0,31.11651874276951,6.789727863643375,29.67346715898988,22.346225387293003,0.0,0.0,0.050866666666666664,0.5359999999999999
sigma_xl_1.0000,1.0,2194.0,31.13038540943618,6.793194530310042,29.687333825656545,22.356625387293004,0.0,0.0,0.050866666666666664,0.5359999999999999
sigma_xl_1.0000,1.0,2195.0,31.144252076102845,6.796661196976708,29.70120049232321,22.367025387293005,0.0,0.0,0.050866666666666664,0.5359999999999999
sigma_xl_1.0000,1.0,2196.0,31.158118742769513,6.800127863643375,29.715067158989882,22.377425387293005,0.0,0.0,0.050866666666666664,0.5359999999999999
sigma_xl_1.0000,1.0,2197.0,31.17198540943618,6.803594530310042,29.728933825656547,22.387825387293006,0.0,0.0,0.050866666666666664,0.5359999999999999
sigma_xl_1.0000,1.0,2198.0,31.185852076102847,6.807061196976709,29.742800492323212,22.398225387293003,0.0,0.0,0.050866666666666664,0.5359999999999999
sigma_xl_1.0000,1.0,2199.0,31.199718742769512,6.810527863643375,29.756667158989877,22.408625387293004,0.0,0.0,0.050866666666666664,0.5359999999999999
sigma_xl_1.0000,1.0,2200.0,31.213585409436178,6.813994530310041,29.770533825656543,22.419025387293004,0.0,0.0,0.050866666666666664,0.5359999999999999
sigma_xl_1.0000,1.0,2201.0,31.227452076102846,6.8174611969767085,29.784400492323215,22.429425387293005,0.0,0.0,0.050866666666666664,0.5359999999999999
sigma_xl_1.0000,1.0,2202.0,31.24131874276951,6.820927863643375,29.79826715898988,22.439825387293006,0.0,0.0,0.050866666666666664,0.5359999999999999
sigma_xl_1.0000,1.0,2203.0,31.25518540943618,6.824394530310042,29.812133825656545,22.450225387293006,0.0,0.0,0.050866666666666664,0.5359999999999999
sigma_xl_1.0000,1.0,2204.0,31.269052076102845,6.827861196976708,29.82600049232321,22.460625387293003,0.0,0.0,0.050866666666666664,0.5359999999999999
sigma_xl_1.0000,1.0,2205.0,31.282918742769514,6.831327863643375,29.839867158989883,22.471025387293004,0.0,0.0,0.050866666666666664,0.5359999999999999
sigma_xl_1.0000,1.0,2206.0,31.29678540943618,6.834794530310042,29.853733825656548,22.481425387293005,0.0,0.0,0.050866666666666664,0.5359999999999999
sigma_xl_1.0000,1.0,2207.0,31.310652076102844,6.838261196976708,29.867600492323213,22.491825387293005,0.0,0.0,0.050866666666666664,0.5359999999999999
sigma_xl_1.0000,1.0,2208.0,31.324518742769513,6.841727863643375,29.881467158989878,22.502225387293006,0.0,0.0,0.050866666666666664,0.5359999999999999
sigma_xl_1.0000,1.0,2209.0,31.338385409436178,6.845194530310041,29.895333825656543,22.512625387293003,0.0,0.0,0.050866666666666664,0.5359999999999999
sigma_xl_1.0000,1.0,2210.0,31.352252076102847,6.848661196976709,29.909200492323215,22.523025387293004,0.0,0.0,0.050866666666666664,0.5359999999999999
sigma_xl_1.0000,1.0,2211.0,31.366118742769512,6.852127863643375,29.92306715898988,22.533425387293004,0.0,0.0,0.050866666666666664,0.5359999999999999
sigma_xl_1.0000,1.0,2212.0,31.37998540943618,6.855594530310042,29.936933825656546,22.543825387293005,0.0,0.0,0.050866666666666664,0.5359999999999999
sigma_xl_1.0000,1.0,2213.0,31.393852076102846,6.859061196976708,29.95080049232321,22.554225387293005,0.0,0.0,0.050866666666666664,0.5359999999999999
sigma_xl_1.0000,1.0,2214.0,31.40771874276951,6.862527863643375,29.964667158989876,22.564625387293006,0.0,0.0,0.050866666666666664,0.5359999999999999
sigma_xl_1.0000,1.0,2215.0,31.42158540943618,6.865994530310042,29.978533825656548,22.575025387293003,0.0,0.0,0.050866666666666664,0.5359999999999999
sigma_xl_1.0000,1.0,2216.0,31.435452076102845,6.869461196976708,29.992400492323213,22.585425387293004,0.0,0.0,0.050866666666666664,0.5359999999999999
sigma_xl_1.0000,1.0,2217.0,31.449318742769513,6.872927863643375,30.00626715898988,22.595825387293004,0.0,0.0,0.050866666666666664,0.5359999999999999
sigma_xl_1.0000,1.0,2218.0,31.46318540943618,6.8763945303100416,30.020133825656544,22.606225387293005,0.0,0.0,0.050866666666666664,0.5359999999999999
sigma_xl_1.0000,1.0,2219.0,31.477052076102847,6.879861196976709,30.034000492323216,22.616625387293006,0.0,0.0,0.050866666666666664,0.5359999999999999
sigma_xl_1.0000,1.0,2220.0,31.490918742769512,6.883327863643375,30.04786715898988,22.627025387293006,0.0,0.0,0.050866666666666664,0.5359999999999999
sigma_xl_1.0000,1.0,2221.0,31.504785409436177,6.886794530310041,30.061733825656546,22.637425387293003,0.0,0.0,0.050866666666666664,0.5359999999999999
sigma_xl_1.0000,1.0,2222.0,31.518652076102846,6.8902611969767085,30.07560049232321,22.647825387293004,0.0,0.0,0.050866666666666664,0.5359999999999999
sigma_xl_1.0000,1.0,2223.0,31.53251874276951,6.893727863643375,30.089467158989876,22.658225387293005,0.0,0.0,0.050866666666666664,0.5359999999999999
sigma_xl_1.0000,1.0,2224.0,31.54638540943618,6.897194530310042,30.10333382565655,22.668625387293005,0.0,0.0,0.050866666666666664,0.5359999999999999
sigma_xl_1.0000,1.0,2225.0,31.560252076102845,6.900661196976708,30.117200492323214,22.679025387293006,0.0,0.0,0.050866666666666664,0.5359999999999999
sigma_xl_1.0000,1.0,2226.0,31.574118742769514,6.904127863643375,30.13106715898988,22.689425387293003,0.0,0.0,0.050866666666666664,0.5359999999999999
sigma_xl_1.0000,1.0,2227.0,31.58798540943618,6.907594530310042,30.144933825656544,22.699825387293004,0.0,0.0,0.050866666666666664,0.5359999999999999
sigma_xl_1.0000,1.0,2228.0,31.601852076102844,6.911061196976708,30.15880049232321,22.710225387293004,0.0,0.0,0.050866666666666664,0.5359999999999999
sigma_xl_1.0000,1.0,2229.0,31.615718742769513,6.914527863643375,30.17266715898988,22.720625387293005,0.0,0.0,0.050866666666666664,0.5359999999999999
sigma_xl_1.0000,1.0,2230.0,31.629585409436178,6.917994530310041,30.186533825656547,22.731025387293005,0.0,0.0,0.050866666666666664,0.5359999999999999
sigma_xl_1.0000,1.0,2231.0,31.643452076102847,6.921461196976709,30.20040049232321,22.741425387293006,0.0,0.0,0.050866666666666664,0.5359999999999999
sigma_xl_1.0000,1.0,2232.0,31.65731874276951,6.924927863643375,30.214267158989877,22.751825387293003,0.0,0.0,0.050866666666666664,0.5359999999999999
sigma_xl_1.0000,1.0,2233.0,31.67118540943618,6.928394530310042,30.22813382565655,22.762225387293004,0.0,0.0,0.050866666666666664,0.5359999999999999
sigma_xl_1.0000,1.0,2234.0,31.685052076102846,6.931861196976708,30.242000492323214,22.772625387293004,0.0,0.0,0.050866666666666664,0.5359999999999999
sigma_xl_1.0000,1.0,2235.0,31.69891874276951,6.935327863643375,30.25586715898988,22.783025387293005,0.0,0.0,0.050866666666666664,0.5359999999999999
sigma_xl_1.0000,1.0,2236.0,31.71278540943618,6.938794530310042,30.269733825656544,22.793425387293006,0.0,0.0,0.050866666666666664,0.5359999999999999
sigma_xl_1.0000,1.0,2237.0,31.726652076102845,6.942261196976708,30.28360049232321,22.803825387293006,0.0,0.0,0.050866666666666664,0.5359999999999999
sigma_xl_1.0000,1.0,2238.0,31.740518742769513,6.945727863643375,30.297467158989882,22.814225387293003,0.0,0.0,0.050866666666666664,0.5359999999999999
sigma_xl_1.0000,1.0,2239.0,31.75438540943618,6.9491945303100415,30.311333825656547,22.824625387293004,0.0,0.0,0.050866666666666664,0.5359999999999999
sigma_xl_1.0000,1.0,2240.0,31.768252076102847,6.952661196976709,30.325200492323212,22.835025387293005,0.0,0.0,0.050866666666666664,0.5359999999999999
sigma_xl_1.0000,1.0,2241.0,31.782118742769512,6.956127863643375,30.339067158989877,22.845425387293005,0.0,0.0,0.050866666666666664,0.5359999999999999
sigma_xl_1.0000,1.0,2242.0,31.795985409436177,6.959594530310041,30.352933825656542,22.855825387293006,0.0,0.0,0.050866666666666664,0.5359999999999999
sigma_xl_1.0000,1.0,2243.0,31.809852076102846,6.9630611969767084,30.366800492323215,22.866225387293003,0.0,0.0,0.050866666666666664,0.5359999999999999
sigma_xl_1.0000,1.0,2244.0,31.82371874276951,6.966527863643375,30.38066715898988,22.876625387293004,0.0,0.0,0.050866666666666664,0.5359999999999999
sigma_xl_1.0000,1.0,2245.0,31.83758540943618,6.969994530310042,30.394533825656545,22.887025387293004,0.0,0.0,0.050866666666666664,0.5359999999999999
sigma_xl_1.0000,1.0,2246.0,31.851452076102845,6.973461196976708,30.40840049232321,22.897425387293005,0.0,0.0,0.050866666666666664,0.5359999999999999
sigma_xl_1.0000,1.0,2247.0,31.865318742769514,6.976927863643375,30.422267158989882,22.907825387293006,0.0,0.0,0.050866666666666664,0.5359999999999999
sigma_xl_1.0000,1.0,2248.0,31.87918540943618,6.980394530310042,30.436133825656547,22.918225387293006,0.0,0.0,0.050866666666666664,0.5359999999999999
sigma_xl_1.0000,1.0,2249.0,31.893052076102844,6.983861196976708,30.450000492323213,22.928625387293003,0.0,0.0,0.050866666666666664,0.5359999999999999
sigma_xl_1.0000,1.0,2250.0,31.906918742769513,6.987327863643375,30.463867158989878,22.939025387293004,0.0,0.0,0.050866666666666664,0.5359999999999999
sigma_xl_1.0000,1.0,2251.0,31.920785409436178,6.990794530310041,30.477733825656543,22.949425387293005,0.0,0.0,0.050866666666666664,0.5359999999999999
sigma_xl_1.0000,1.0,2252.0,31.934652076102847,6.994261196976709,30.491600492323215,22.959825387293005,0.0,0.0,0.050866666666666664,0.5359999999999999
sigma_xl_1.0000,1.0,2253.0,31.94851874276951,6.997727863643375,30.50546715898988,22.970225387293006,0.0,0.0,0.050866666666666664,0.5359999999999999
sigma_xl_1.0000,1.0,2254.0,31.96238540943618,7.001194530310042,30.519333825656545,22.980625387293003,0.0,0.0,0.050866666666666664,0.5359999999999999
sigma_xl_1.0000,1.0,2255.0,31.976252076102845,7.004661196976708,30.53320049232321,22.991025387293003,0.0,0.0,0.050866666666666664,0.5359999999999999
sigma_xl_1.0000,1.0,2256.0,31.99011874276951,7.008127863643375,30.547067158989876,23.001425387293004,0.0,0.0,0.050866666666666664,0.5359999999999999
sigma_xl_1.0000,1.0,2257.0,32.003985409436176,7.011594530310042,30.560933825656548,23.011825387293005,0.0,0.0,0.050866666666666664,0.5359999999999999
sigma_xl_1.0000,1.0,2258.0,32.01785207610284,7.015061196976708,30.574800492323213,23.022225387293005,0.0,0.0,0.050866666666666664,0.5359999999999999
sigma_xl_1.0000,1.0,2259.0,32.03171874276951,7.018527863643375,30.588667158989878,23.032625387293006,0.0,0.0,0.050866666666666664,0.5359999999999999
sigma_xl_1.0000,1.0,2260.0,32.04558540943618,7.0219945303100415,30.602533825656543,23.043025387293003,0.0,0.0,0.050866666666666664,0.5359999999999999
sigma_xl_1.0000,1.0,2261.0,32.05945207610284,7.025461196976709,30.616400492323216,23.053425387293004,0.0,0.0,0.050866666666666664,0.5359999999999999
sigma_xl_1.0000,1.0,2262.0,32.07331874276951,7.028927863643375,30.63026715898988,23.063825387293004,0.0,0.0,0.050866666666666664,0.5359999999999999
sigma_xl_1.0000,1.0,2263.0,32.087185409436174,7.032394530310041,30.644133825656546,23.074225387293005,0.0,0.0,0.050866666666666664,0.5359999999999999
sigma_xl_1.0000,1.0,2264.0,32.101052076102846,7.035861196976708,30.65800049232321,23.084625387293006,0.0,0.0,0.050866666666666664,0.5359999999999999
sigma_xl_1.0000,1.0,2265.0,32.11491874276951,7.039327863643375,30.671867158989876,23.095025387293006,0.0,0.0,0.050866666666666664,0.5359999999999999
sigma_xl_1.0000,1.0,2266.0,32.128785409436176,7.042794530310042,30.68573382565655,23.105425387293003,0.0,0.0,0.050866666666666664,0.5359999999999999
sigma_xl_1.0000,1.0,2267.0,32.14265207610284,7.046261196976708,30.699600492323214,23.115825387293004,0.0,0.0,0.050866666666666664,0.5359999999999999
sigma_xl_1.0000,1.0,2268.0,32.156518742769514,7.049727863643375,30.71346715898988,23.126225387293005,0.0,0.0,0.050866666666666664,0.5359999999999999
sigma_xl_1.0000,1.0,2269.0,32.17038540943618,7.053194530310042,30.727333825656544,23.136625387293005,0.0,0.0,0.050866666666666664,0.5359999999999999
sigma_xl_1.0000,1.0,2270.0,32.184252076102844,7.056661196976708,30.74120049232321,23.147025387293006,0.0,0.0,0.050866666666666664,0.5359999999999999
sigma_xl_1.0000,1.0,2271.0,32.19811874276951,7.060127863643375,30.75506715898988,23.157425387293003,0.0,0.0,0.050866666666666664,0.5359999999999999
sigma_xl_1.0000,1.0,2272.0,32.211985409436174,7.063594530310041,30.768933825656546,23.167825387293004,0.0,0.0,0.050866666666666664,0.5359999999999999
sigma_xl_1.0000,1.0,2273.0,32.225852076102846,7.0670611969767085,30.78280049232321,23.178225387293004,0.0,0.0,0.050866666666666664,0.5359999999999999
sigma_xl_1.0000,1.0,2274.0,32.23971874276951,7.070527863643375,30.796667158989877,23.188625387293005,0.0,0.0,0.050866666666666664,0.5359999999999999
sigma_xl_1.0000,1.0,2275.0,32.25358540943618,7.073994530310042,30.81053382565655,23.199025387293005,0.0,0.0,0.050866666666666664,0.5359999999999999
sigma_xl_1.0000,1.0,2276.0,32.26745207610284,7.077461196976708,30.824400492323214,23.209425387293006,0.0,0.0,0.050866666666666664,0.5359999999999999
sigma_xl_1.0000,1.0,2277.0,32.281318742769514,7.0809278636433755,30.83826715898988,23.219825387293003,0.0,0.0,0.050866666666666664,0.5359999999999999
sigma_xl_1.0000,1.0,2278.0,32.29518540943618,7.084394530310042,30.852133825656544,23.230225387293004,0.0,0.0,0.050866666666666664,0.5359999999999999
sigma_xl_1.0000,1.0,2279.0,32.309052076102844,7.087861196976708,30.86600049232321,23.240625387293004,0.0,0.0,0.050866666666666664,0.5359999999999999
sigma_xl_1.0000,1.0,2280.0,32.32291874276951,7.091327863643375,30.87986715898988,23.251025387293005,0.0,0.0,0.050866666666666664,0.5359999999999999
sigma_xl_1.0000,1.0,2281.0,32.336785409436175,7.0947945303100415,30.893733825656547,23.261425387293006,0.0,0.0,0.050866666666666664,0.5359999999999999
sigma_xl_1.0000,1.0,2282.0,32.35065207610285,7.098261196976709,30.907600492323212,23.271825387293006,0.0,0.0,0.050866666666666664,0.5359999999999999
sigma_xl_1.0000,1.0,2283.0,32.36451874276951,7.101727863643375,30.921467158989877,23.282225387293003,0.0,0.0,0.050866666666666664,0.5359999999999999
sigma_xl_1.0000,1.0,2284.0,32.37838540943618,7.105194530310042,30.93533382565655,23.292625387293004,0.0,0.0,0.050866666666666664,0.5359999999999999
sigma_xl_1.0000,1.0,2285.0,32.39225207610284,7.108661196976708,30.949200492323214,23.303025387293005,0.0,0.0,0.050866666666666664,0.5359999999999999
sigma_xl_1.0000,1.0,2286.0,32.40611874276951,7.112127863643375,30.96306715898988,23.313425387293005,0.0,0.0,0.050866666666666664,0.5359999999999999
sigma_xl_1.0000,1.0,2287.0,32.41998540943618,7.115594530310042,30.976933825656545,23.323825387293006,0.0,0.0,0.050866666666666664,0.5359999999999999
sigma_xl_1.0000,1.0,2288.0,32.433852076102845,7.119061196976708,30.99080049232321,23.334225387293003,0.0,0.0,0.050866666666666664,0.5359999999999999
sigma_xl_1.0000,1.0,2289.0,32.44771874276951,7.122527863643375,31.004667158989882,23.344625387293004,0.0,0.0,0.050866666666666664,0.5359999999999999
sigma_xl_1.0000,1.0,2290.0,32.461585409436175,7.125994530310042,31.018533825656547,23.355025387293004,0.0,0.0,0.050866666666666664,0.5359999999999999
sigma_xl_1.0000,1.0,2291.0,32.47545207610285,7.129461196976709,31.032400492323212,23.365425387293005,0.0,0.0,0.050866666666666664,0.5359999999999999
sigma_xl_1.0000,1.0,2292.0,32.48931874276951,7.132927863643375,31.046267158989878,23.375825387293006,0.0,0.0,0.050866666666666664,0.5359999999999999
sigma_xl_1.0000,1.0,2293.0,32.50318540943618,7.136394530310041,31.060133825656543,23.386225387293006,0.0,0.0,0.050866666666666664,0.5359999999999999
sigma_xl_1.0000,1.0,2294.0,32.51705207610284,7.1398611969767085,31.074000492323215,23.396625387293003,0.0,0.0,0.050866666666666664,0.5359999999999999
sigma_xl_1.0000,1.0,2295.0,32.53091874276951,7.143327863643375,31.08786715898988,23.407025387293004,0.0,0.0,0.050866666666666664,0.5359999999999999
sigma_xl_1.0000,1.0,2296.0,32.54478540943618,7.146794530310042,31.101733825656545,23.417425387293004,0.0,0.0,0.050866666666666664,0.5359999999999999
sigma_xl_1.0000,1.0,2297.0,32.558652076102845,7.150261196976708,31.11560049232321,23.427825387293005,0.0,0.0,0.050866666666666664,0.5359999999999999
sigma_xl_1.0000,1.0,2298.0,32.57251874276951,7.153727863643375,31.129467158989883,23.438225387293006,0.0,0.0,0.050866666666666664,0.5359999999999999
sigma_xl_1.0000,1.0,2299.0,32.586385409436176,7.157194530310042,31.143333825656548,23.448625387293006,0.0,0.0,0.050866666666666664,0.5359999999999999
sigma_xl_1.0000,1.0,2300.0,32.60025207610284,7.160661196976708,31.157200492323213,23.459025387293003,0.0,0.0,0.050866666666666664,0.5359999999999999
sigma_xl_1.0000,1.0,2301.0,32.61411874276951,7.164127863643375,31.171067158989878,23.469425387293004,0.0,0.0,0.050866666666666664,0.5359999999999999
sigma_xl_1.0000,1.0,2302.0,32.62798540943618,7.1675945303100415,31.184933825656543,23.479825387293005,0.0,0.0,0.050866666666666664,0.5359999999999999
sigma_xl_1.0000,1.0,2303.0,32.64185207610284,7.171061196976709,31.198800492323215,23.490225387293005,0.0,0.0,0.050866666666666664,0.5359999999999999
sigma_xl_1.0000,1.0,2304.0,32.65571874276951,7.174527863643375,31.21266715898988,23.500625387293006,0.0,0.0,0.050866666666666664,0.5359999999999999
sigma_xl_1.0000,1.0,2305.0,32.66958540943618,7.177994530310042,31.226533825656546,23.511025387293003,0.0,0.0,0.050866666666666664,0.5359999999999999
sigma_xl_1.0000,1.0,2306.0,32.683452076102846,7.181461196976708,31.24040049232321,23.521425387293004,0.0,0.0,0.050866666666666664,0.5359999999999999
sigma_xl_1.0000,1.0,2307.0,32.69731874276951,7.184927863643375,31.254267158989876,23.531825387293004,0.0,0.0,0.050866666666666664,0.5359999999999999
sigma_xl_1.0000,1.0,2308.0,32.711185409436176,7.188394530310041,31.26813382565654,23.542225387293005,0.0,0.0,0.050866666666666664,0.5359999999999999
sigma_xl_1.0000,1.0,2309.0,32.72505207610285,7.191861196976709,31.282000492323213,23.552625387293006,0.0,0.0,0.050866666666666664,0.5359999999999999
sigma_xl_1.0000,1.0,2310.0,32.73891874276951,7.195327863643375,31.29586715898988,23.563025387293006,0.0,0.0,0.050866666666666664,0.5359999999999999
sigma_xl_1.0000,1.0,2311.0,32.75278540943618,7.198794530310042,31.309733825656544,23.573425387293003,0.0,0.0,0.050866666666666664,0.5359999999999999
sigma_xl_1.0000,1.0,2312.0,32.766652076102844,7.202261196976708,31.32360049232321,23.583825387293004,0.0,0.0,0.050866666666666664,0.5359999999999999
sigma_xl_1.0000,1.0,2313.0,32.78051874276951,7.205727863643374,31.337467158989874,23.594225387293005,0.0,0.0,0.050866666666666664,0.5359999999999999
sigma_xl_1.0000,1.0,2314.0,32.79438540943618,7.209194530310042,31.351333825656546,23.604625387293005,0.0,0.0,0.050866666666666664,0.5359999999999999
sigma_xl_1.0000,1.0,2315.0,32.808252076102846,7.2126611969767085,31.36520049232321,23.615025387293006,0.0,0.0,0.050866666666666664,0.5359999999999999
sigma_xl_1.0000,1.0,2316.0,32.82211874276951,7.216127863643375,31.379067158989876,23.625425387293003,0.0,0.0,0.050866666666666664,0.5359999999999999
sigma_xl_1.0000,1.0,2317.0,32.83598540943618,7.219594530310041,31.39293382565654,23.635825387293004,0.0,0.0,0.050866666666666664,0.5359999999999999
sigma_xl_1.0000,1.0,2318.0,32.84985207610285,7.223061196976709,31.406800492323214,23.646225387293004,0.0,0.0,0.050866666666666664,0.5359999999999999
sigma_xl_1.0000,1.0,2319.0,32.863718742769514,7.226527863643375,31.42066715898988,23.656625387293005,0.0,0.0,0.050866666666666664,0.5359999999999999
sigma_xl_1.0000,1.0,2320.0,32.87758540943618,7.229994530310042,31.434533825656544,23.667025387293005,0.0,0.0,0.050866666666666664,0.5359999999999999
sigma_xl_1.0000,1.0,2321.0,32.891452076102844,7.233461196976708,31.44840049232321,23.677425387293006,0.0,0.0,0.050866666666666664,0.5359999999999999
sigma_xl_1.0000,1.0,2322.0,32.90531874276951,7.236927863643374,31.462267158989874,23.687825387293003,0.0,0.0,0.050866666666666664,0.5359999999999999
sigma_xl_1.0000,1.0,2323.0,32.91918540943618,7.240394530310042,31.476133825656547,23.698225387293004,0.0,0.0,0.050866666666666664,0.5359999999999999
sigma_xl_1.0000,1.0,2324.0,32.93305207610285,7.243861196976709,31.49000049232321,23.708625387293004,0.0,0.0,0.050866666666666664,0.5359999999999999
sigma_xl_1.0000,1.0,2325.0,32.94691874276951,7.247327863643375,31.503867158989877,23.719025387293005,0.0,0.0,0.050866666666666664,0.5359999999999999
sigma_xl_1.0000,1.0,2326.0,32.96078540943618,7.250794530310041,31.517733825656542,23.729425387293006,0.0,0.0,0.050866666666666664,0.5359999999999999
sigma_xl_1.0000,1.0,2327.0,32.97465207610285,7.254261196976709,31.531600492323214,23.739825387293006,0.0,0.0,0.050866666666666664,0.5359999999999999
sigma_xl_1.0000,1.0,2328.0,32.988518742769514,7.2577278636433755,31.54546715898988,23.750225387293003,0.0,0.0,0.050866666666666664,0.5359999999999999
sigma_xl_1.0000,1.0,2329.0,33.00238540943618,7.261194530310042,31.559333825656545,23.760625387293004,0.0,0.0,0.050866666666666664,0.5359999999999999
sigma_xl_1.0000,1.0,2330.0,33.016252076102845,7.264661196976708,31.57320049232321,23.771025387293005,0.0,0.0,0.050866666666666664,0.5359999999999999
sigma_xl_1.0000,1.0,2331.0,33.03011874276951,7.268127863643374,31.587067158989875,23.781425387293005,0.0,0.0,0.050866666666666664,0.5359999999999999
sigma_xl_1.0000,1.0,2332.0,33.04398540943618,7.271594530310042,31.600933825656547,23.791825387293006,0.0,0.0,0.050866666666666664,0.5359999999999999
sigma_xl_1.0000,1.0,2333.0,33.05785207610285,7.275061196976709,31.614800492323212,23.802225387293003,0.0,0.0,0.050866666666666664,0.5359999999999999
sigma_xl_1.0000,1.0,2334.0,33.07171874276951,7.278527863643375,31.628667158989877,23.812625387293004,0.0,0.0,0.050866666666666664,0.5359999999999999
sigma_xl_1.0000,1.0,2335.0,33.08558540943618,7.281994530310041,31.642533825656542,23.823025387293004,0.0,0.0,0.050866666666666664,0.5359999999999999
sigma_xl_1.0000,1.0,2336.0,33.09945207610284,7.285461196976708,31.656400492323208,23.833425387293005,0.0,0.0,0.050866666666666664,0.5359999999999999
sigma_xl_1.0000,1.0,2337.0,33.113318742769515,7.288927863643376,31.67026715898988,23.843825387293005,0.0,0.0,0.050866666666666664,0.5359999999999999
sigma_xl_1.0000,1.0,2338.0,33.12718540943618,7.292394530310042,31.684133825656545,23.854225387293006,0.0,0.0,0.050866666666666664,0.5359999999999999
sigma_xl_1.0000,1.0,2339.0,33.141052076102845,7.295861196976708,31.69800049232321,23.864625387293003,0.0,0.0,0.050866666666666664,0.5359999999999999
sigma_xl_1.0000,1.0,2340.0,33.15491874276951,7.2993278636433745,31.711867158989875,23.875025387293004,0.0,0.0,0.050866666666666664,0.5359999999999999
sigma_xl_1.0000,1.0,2341.0,33.16878540943618,7.3027945303100426,31.725733825656548,23.885425387293004,0.0,0.0,0.050866666666666664,0.5359999999999999
sigma_xl_1.0000,1.0,2342.0,33.18265207610285,7.306261196976709,31.739600492323213,23.895825387293005,0.0,0.0,0.050866666666666664,0.5359999999999999
sigma_xl_1.0000,1.0,2343.0,33.19651874276951,7.309727863643375,31.753467158989878,23.906225387293006,0.0,0.0,0.050866666666666664,0.5359999999999999
sigma_xl_1.0000,1.0,2344.0,33.21038540943618,7.313194530310041,31.767333825656543,23.916625387293006,0.0,0.0,0.050866666666666664,0.5359999999999999
sigma_xl_1.0000,1.0,2345.0,33.22425207610284,7.316661196976708,31.781200492323208,23.927025387293003,0.0,0.0,0.050866666666666664,0.5359999999999999
sigma_xl_1.0000,1.0,2346.0,33.238118742769515,7.320127863643376,31.79506715898988,23.937425387293004,0.0,0.0,0.050866666666666664,0.5359999999999999
sigma_xl_1.0000,1.0,2347.0,33.25198540943618,7.323594530310042,31.808933825656545,23.947825387293005,0.0,0.0,0.050866666666666664,0.5359999999999999
sigma_xl_1.0000,1.0,2348.0,33.265852076102846,7.327061196976708,31.82280049232321,23.958225387293005,0.0,0.0,0.050866666666666664,0.5359999999999999
sigma_xl_1.0000,1.0,2349.0,33.27971874276951,7.330527863643375,31.836667158989876,23.968625387293006,0.0,0.0,0.050866666666666664,0.5359999999999999
sigma_xl_1.0000,1.0,2350.0,33.293585409436176,7.333994530310041,31.85053382565654,23.979025387293003,0.0,0.0,0.050866666666666664,0.5359999999999999
sigma_xl_1.0000,1.0,2351.0,33.30745207610285,7.337461196976709,31.864400492323213,23.989425387293004,0.0,0.0,0.050866666666666664,0.5359999999999999
sigma_xl_1.0000,1.0,2352.0,33.32131874276951,7.340927863643375,31.87826715898988,23.999825387293004,0.0,0.0,0.050866666666666664,0.5359999999999999
sigma_xl_1.0000,1.0,2353.0,33.33518540943618,7.3443945303100415,31.892133825656543,24.010225387293005,0.0,0.0,0.050866666666666664,0.5359999999999999
sigma_xl_1.0000,1.0,2354.0,33.34905207610284,7.347861196976708,31.90600049232321,24.020625387293006,0.0,0.0,0.050866666666666664,0.5359999999999999
sigma_xl_1.0000,1.0,2355.0,33.362918742769516,7.351327863643376,31.91986715898988,24.031025387293006,0.0,0.0,0.050866666666666664,0.5359999999999999
sigma_xl_1.0000,1.0,2356.0,33.37678540943618,7.354794530310042,31.933733825656546,24.041425387293003,0.0,0.0,0.050866666666666664,0.5359999999999999
sigma_xl_1.0000,1.0,2357.0,33.390652076102846,7.358261196976708,31.94760049232321,24.051825387293004,0.0,0.0,0.050866666666666664,0.5359999999999999
sigma_xl_1.0000,1.0,2358.0,33.40451874276951,7.361727863643375,31.961467158989876,24.062225387293005,0.0,0.0,0.050866666666666664,0.5359999999999999
sigma_xl_1.0000,1.0,2359.0,33.418385409436176,7.365194530310041,31.97533382565654,24.072625387293005,0.0,0.0,0.050866666666666664,0.5359999999999999
sigma_xl_1.0000,1.0,2360.0,33.43225207610285,7.368661196976709,31.989200492323214,24.083025387293006,0.0,0.0,0.050866666666666664,0.5359999999999999
sigma_xl_1.0000,1.0,2361.0,33.446118742769514,7.372127863643375,32.00306715898988,24.093425387293006,0.0,0.0,0.050866666666666664,0.5359999999999999
sigma_xl_1.0000,1.0,2362.0,33.45998540943618,7.375594530310042,32.016933825656544,24.103825387293004,0.0,0.0,0.050866666666666664,0.5359999999999999
sigma_xl_1.0000,1.0,2363.0,33.473852076102844,7.379061196976708,32.03080049232321,24.114225387293004,0.0,0.0,0.050866666666666664,0.5359999999999999
sigma_xl_1.0000,1.0,2364.0,33.48771874276951,7.382527863643374,32.044667158989874,24.124625387293005,0.0,0.0,0.050866666666666664,0.5359999999999999
sigma_xl_1.0000,1.0,2365.0,33.50158540943618,7.385994530310042,32.058533825656546,24.135025387293005,0.0,0.0,0.050866666666666664,0.5359999999999999
sigma_xl_1.0000,1.0,2366.0,33.51545207610285,7.389461196976709,32.07240049232321,24.145425387293006,0.0,0.0,0.050866666666666664,0.5359999999999999
sigma_xl_1.0000,1.0,2367.0,33.52931874276951,7.392927863643375,32.08626715898988,24.155825387293003,0.0,0.0,0.050866666666666664,0.5359999999999999
sigma_xl_1.0000,1.0,2368.0,33.54318540943618,7.396394530310041,32.10013382565654,24.166225387293004,0.0,0.0,0.050866666666666664,0.5359999999999999
sigma_xl_1.0000,1.0,2369.0,33.55705207610285,7.399861196976709,32.114000492323214,24.176625387293004,0.0,0.0,0.050866666666666664,0.5359999999999999
sigma_xl_1.0000,1.0,2370.0,33.570918742769514,7.4033278636433755,32.12786715898988,24.187025387293005,0.0,0.0,0.050866666666666664,0.5359999999999999
sigma_xl_1.0000,1.0,2371.0,33.58478540943618,7.406794530310042,32.141733825656544,24.197425387293006,0.0,0.0,0.050866666666666664,0.5359999999999999
sigma_xl_1.0000,1.0,2372.0,33.598652076102844,7.410261196976708,32.15560049232321,24.207825387293006,0.0,0.0,0.050866666666666664,0.5359999999999999
sigma_xl_1.0000,1.0,2373.0,33.61251874276951,7.413727863643374,32.169467158989875,24.218225387293003,0.0,0.0,0.050866666666666664,0.5359999999999999
sigma_xl_1.0000,1.0,2374.0,33.62638540943618,7.417194530310042,32.18333382565655,24.228625387293004,0.0,0.0,0.050866666666666664,0.5359999999999999
sigma_xl_1.0000,1.0,2375.0,33.64025207610285,7.420661196976709,32.19720049232321,24.239025387293005,0.0,0.0,0.050866666666666664,0.5359999999999999
sigma_xl_1.0000,1.0,2376.0,33.65411874276951,7.424127863643375,32.21106715898988,24.249425387293005,0.0,0.0,0.050866666666666664,0.5359999999999999
sigma_xl_1.0000,1.0,2377.0,33.66798540943618,7.427594530310041,32.22493382565654,24.259825387293006,0.0,0.0,0.050866666666666664,0.5359999999999999
sigma_xl_1.0000,1.0,2378.0,33.68185207610284,7.4310611969767075,32.23880049232321,24.270225387293006,0.0,0.0,0.050866666666666664,0.5359999999999999
sigma_xl_1.0000,1.0,2379.0,33.695718742769515,7.434527863643376,32.25266715898988,24.280625387293004,0.0,0.0,0.050866666666666664,0.5359999999999999
sigma_xl_1.0000,1.0,2380.0,33.70958540943618,7.437994530310042,32.266533825656545,24.291025387293004,0.0,0.0,0.050866666666666664,0.5359999999999999
sigma_xl_1.0000,1.0,2381.0,33.723452076102845,7.441461196976708,32.28040049232321,24.301425387293005,0.0,0.0,0.050866666666666664,0.5359999999999999
sigma_xl_1.0000,1.0,2382.0,33.73731874276951,7.444927863643374,32.294267158989875,24.311825387293005,0.0,0.0,0.050866666666666664,0.5359999999999999
sigma_xl_1.0000,1.0,2383.0,33.75118540943618,7.4483945303100425,32.30813382565655,24.322225387293006,0.0,0.0,0.050866666666666664,0.5359999999999999
sigma_xl_1.0000,1.0,2384.0,33.76505207610285,7.451861196976709,32.32200049232321,24.332625387293003,0.0,0.0,0.050866666666666664,0.5359999999999999
sigma_xl_1.0000,1.0,2385.0,33.77891874276951,7.455327863643375,32.33586715898988,24.343025387293004,0.0,0.0,0.050866666666666664,0.5359999999999999
sigma_xl_1.0000,1.0,2386.0,33.79278540943618,7.458794530310041,32.34973382565654,24.353425387293004,0.0,0.0,0.050866666666666664,0.5359999999999999
sigma_xl_1.0000,1.0,2387.0,33.80665207610284,7.462261196976708,32.36360049232321,24.363825387293005,0.0,0.0,0.050866666666666664,0.5359999999999999
sigma_xl_1.0000,1.0,2388.0,33.820518742769515,7.465727863643376,32.37746715898988,24.374225387293006,0.0,0.0,0.050866666666666664,0.5359999999999999
sigma_xl_1.0000,1.0,2389.0,33.83438540943618,7.469194530310042,32.391333825656545,24.384625387293006,0.0,0.0,0.050866666666666664,0.5359999999999999
sigma_xl_1.0000,1.0,2390.0,33.848252076102845,7.472661196976708,32.40520049232321,24.395025387293003,0.0,0.0,0.050866666666666664,0.5359999999999999
sigma_xl_1.0000,1.0,2391.0,33.86211874276951,7.476127863643375,32.419067158989876,24.405425387293004,0.0,0.0,0.050866666666666664,0.5359999999999999
sigma_xl_1.0000,1.0,2392.0,33.875985409436176,7.479594530310041,32.43293382565654,24.415825387293005,0.0,0.0,0.050866666666666664,0.5359999999999999
sigma_xl_1.0000,1.0,2393.0,33.88985207610285,7.483061196976709,32.44680049232321,24.426225387293005,0.0,0.0,0.050866666666666664,0.5359999999999999
sigma_xl_1.0000,1.0,2394.0,33.90371874276951,7.486527863643375,32.46066715898988,24.436625387293006,0.0,0.0,0.050866666666666664,0.5359999999999999
sigma_xl_1.0000,1.0,2395.0,33.91758540943618,7.4899945303100415,32.47453382565654,24.447025387293003,0.0,0.0,0.050866666666666664,0.5359999999999999
sigma_xl_1.0000,1.0,2396.0,33.93145207610284,7.493461196976708,32.48840049232321,24.457425387293004,0.0,0.0,0.050866666666666664,0.5359999999999999
sigma_xl_1.0000,1.0,2397.0,33.945318742769516,7.496927863643376,32.50226715898988,24.467825387293004,0.0,0.0,0.050866666666666664,0.5359999999999999
sigma_xl_1.0000,1.0,2398.0,33.95918540943618,7.500394530310042,32.516133825656546,24.478225387293005,0.0,0.0,0.050866666666666664,0.5359999999999999
sigma_xl_1.0000,1.0,2399.0,33.973052076102846,7.503861196976708,32.53000049232321,24.488625387293006,0.0,0.0,0.050866666666666664,0.5359999999999999
sigma_xl_1.0000,1.0,2400.0,33.98691874276951,7.507327863643375,32.543867158989876,24.499025387293006,0.0,0.0,0.050866666666666664,0.5359999999999999
sigma_xl_1.0000,1.0,2401.0,34.000785409436176,7.510794530310041,32.55773382565654,24.509425387293003,0.0,0.0,0.050866666666666664,0.5359999999999999
sigma_xl_1.0000,1.0,2402.0,34.01465207610285,7.514261196976709,32.57160049232321,24.519825387293004,0.0,0.0,0.050866666666666664,0.5359999999999999
sigma_xl_1.0000,1.0,2403.0,34.02851874276951,7.517727863643375,32.58546715898988,24.530225387293005,0.0,0.0,0.050866666666666664,0.5359999999999999
sigma_xl_1.0000,1.0,2404.0,34.04238540943618,7.521194530310042,32.599333825656544,24.540625387293005,0.0,0.0,0.050866666666666664,0.5359999999999999
sigma_xl_1.0000,1.0,2405.0,34.056252076102844,7.524661196976708,32.61320049232321,24.551025387293006,0.0,0.0,0.050866666666666664,0.5359999999999999
sigma_xl_1.0000,1.0,2406.0,34.070118742769516,7.528127863643376,32.62706715898988,24.561425387293006,0.0,0.0,0.050866666666666664,0.5359999999999999
sigma_xl_1.0000,1.0,2407.0,34.08398540943618,7.531594530310042,32.640933825656546,24.571825387293003,0.0,0.0,0.050866666666666664,0.5359999999999999
sigma_xl_1.0000,1.0,2408.0,34.097852076102846,7.5350611969767085,32.65480049232321,24.582225387293004,0.0,0.0,0.050866666666666664,0.5359999999999999
sigma_xl_1.0000,1.0,2409.0,34.11171874276951,7.538527863643375,32.66866715898988,24.592625387293005,0.0,0.0,0.050866666666666664,0.5359999999999999
sigma_xl_1.0000,1.0,2410.0,34.12558540943618,7.541994530310041,32.68253382565654,24.603025387293005,0.0,0.0,0.050866666666666664,0.5359999999999999
sigma_xl_1.0000,1.0,2411.0,34.13945207610285,7.545461196976709,32.696400492323214,24.613425387293006,0.0,0.0,0.050866666666666664,0.5359999999999999
sigma_xl_1.0000,1.0,2412.0,34.153318742769514,7.548927863643375,32.71026715898988,24.623825387293003,0.0,0.0,0.050866666666666664,0.5359999999999999
sigma_xl_1.0000,1.0,2413.0,34.16718540943618,7.552394530310042,32.724133825656544,24.634225387293004,0.0,0.0,0.050866666666666664,0.5359999999999999
sigma_xl_1.0000,1.0,2414.0,34.181052076102844,7.555861196976708,32.73800049232321,24.644625387293004,0.0,0.0,0.050866666666666664,0.5359999999999999
sigma_xl_1.0000,1.0,2415.0,34.19491874276951,7.559327863643374,32.751867158989874,24.655025387293005,0.0,0.0,0.050866666666666664,0.5359999999999999
sigma_xl_1.0000,1.0,2416.0,34.20878540943618,7.562794530310042,32.76573382565655,24.665425387293006,0.0,0.0,0.050866666666666664,0.5359999999999999
sigma_xl_1.0000,1.0,2417.0,34.22265207610285,7.566261196976709,32.77960049232321,24.675825387293006,0.0,0.0,0.050866666666666664,0.5359999999999999
sigma_xl_1.0000,1.0,2418.0,34.23651874276951,7.569727863643375,32.79346715898988,24.686225387293003,0.0,0.0,0.050866666666666664,0.5359999999999999
sigma_xl_1.0000,1.0,2419.0,34.25038540943618,7.573194530310041,32.80733382565654,24.696625387293004,0.0,0.0,0.050866666666666664,0.5359999999999999
sigma_xl_1.0000,1.0,2420.0,34.26425207610285,7.576661196976709,32.821200492323214,24.707025387293005,0.0,0.0,0.050866666666666664,0.5359999999999999
sigma_xl_1.0000,1.0,2421.0,34.278118742769514,7.5801278636433755,32.83506715898988,24.717425387293005,0.0,0.0,0.050866666666666664,0.5359999999999999
sigma_xl_1.0000,1.0,2422.0,34.29198540943618,7.583594530310042,32.848933825656545,24.727825387293006,0.0,0.0,0.050866666666666664,0.5359999999999999
sigma_xl_1.0000,1.0,2423.0,34.305852076102845,7.587061196976708,32.86280049232321,24.738225387293006,0.0,0.0,0.050866666666666664,0.5359999999999999
sigma_xl_1.0000,1.0,2424.0,34.31971874276951,7.590527863643374,32.876667158989875,24.748625387293004,0.0,0.0,0.050866666666666664,0.5359999999999999
sigma_xl_1.0000,1.0,2425.0,34.33358540943618,7.5939945303100425,32.89053382565655,24.759025387293004,0.0,0.0,0.050866666666666664,0.5359999999999999
sigma_xl_1.0000,1.0,2426.0,34.34745207610285,7.597461196976709,32.90440049232321,24.769425387293005,0.0,0.0,0.050866666666666664,0.5359999999999999
sigma_xl_1.0000,1.0,2427.0,34.36131874276951,7.600927863643375,32.91826715898988,24.779825387293005,0.0,0.0,0.050866666666666664,0.5359999999999999
sigma_xl_1.0000,1.0,2428.0,34.37518540943618,7.604394530310041,32.93213382565654,24.790225387293006,0.0,0.0,0.050866666666666664,0.5359999999999999
sigma_xl_1.0000,1.0,2429.0,34.38905207610284,7.607861196976708,32.94600049232321,24.800625387293003,0.0,0.0,0.050866666666666664,0.5359999999999999
sigma_xl_1.0000,1.0,2430.0,34.402918742769515,7.611327863643376,32.95986715898988,24.811025387293004,0.0,0.0,0.050866666666666664,0.5359999999999999
sigma_xl_1.0000,1.0,2431.0,34.41678540943618,7.614794530310042,32.973733825656545,24.821425387293004,0.0,0.0,0.050866666666666664,0.5359999999999999
sigma_xl_1.0000,1.0,2432.0,34.430652076102845,7.618261196976708,32.98760049232321,24.831825387293005,0.0,0.0,0.050866666666666664,0.5359999999999999
sigma_xl_1.0000,1.0,2433.0,34.44451874276951,7.6217278636433745,33.001467158989875,24.842225387293006,0.0,0.0,0.050866666666666664,0.5359999999999999
sigma_xl_1.0000,1.0,2434.0,34.45838540943618,7.625194530310043,33.01533382565655,24.852625387293006,0.0,0.0,0.050866666666666664,0.5359999999999999
sigma_xl_1.0000,1.0,2435.0,34.47225207610285,7.628661196976709,33.02920049232321,24.863025387293003,0.0,0.0,0.050866666666666664,0.5359999999999999
sigma_xl_1.0000,1.0,2436.0,34.48611874276951,7.632127863643375,33.04306715898988,24.873425387293004,0.0,0.0,0.050866666666666664,0.5359999999999999
sigma_xl_1.0000,1.0,2437.0,34.49998540943618,7.635594530310041,33.05693382565654,24.883825387293005,0.0,0.0,0.050866666666666664,0.5359999999999999
sigma_xl_1.0000,1.0,2438.0,34.51385207610284,7.639061196976708,33.07080049232321,24.894225387293005,0.0,0.0,0.050866666666666664,0.5359999999999999
sigma_xl_1.0000,1.0,2439.0,34.527718742769515,7.642527863643376,33.08466715898988,24.904625387293006,0.0,0.0,0.050866666666666664,0.5359999999999999
sigma_xl_1.0000,1.0,2440.0,34.54158540943618,7.645994530310042,33.098533825656546,24.915025387293007,0.0,0.0,0.050866666666666664,0.5359999999999999
sigma_xl_1.0000,1.0,2441.0,34.555452076102846,7.649461196976708,33.11240049232321,24.925425387293004,0.0,0.0,0.050866666666666664,0.5359999999999999
sigma_xl_1.0000,1.0,2442.0,34.56931874276951,7.652927863643375,33.126267158989876,24.935825387293004,0.0,0.0,0.050866666666666664,0.5359999999999999
sigma_xl_1.0000,1.0,2443.0,34.583185409436176,7.656394530310041,33.14013382565654,24.946225387293005,0.0,0.0,0.050866666666666664,0.5359999999999999
sigma_xl_1.0000,1.0,2444.0,34.59705207610285,7.659861196976709,33.15400049232321,24.956625387293006,0.0,0.0,0.050866666666666664,0.5359999999999999
sigma_xl_1.0000,1.0,2445.0,34.61091874276951,7.663327863643375,33.16786715898988,24.967025387293006,0.0,0.0,0.050866666666666664,0.5359999999999999
sigma_xl_1.0000,1.0,2446.0,34.62478540943618,7.6667945303100415,33.18173382565654,24.977425387293003,0.0,0.0,0.050866666666666664,0.5359999999999999
sigma_xl_1.0000,1.0,2447.0,34.638652076102844,7.670261196976708,33.19560049232321,24.987825387293004,0.0,0.0,0.050866666666666664,0.5359999999999999
sigma_xl_1.0000,1.0,2448.0,34.652518742769516,7.673727863643376,33.20946715898988,24.998225387293004,0.0,0.0,0.050866666666666664,0.5359999999999999
sigma_xl_1.0000,1.0,2449.0,34.66638540943618,7.677194530310042,33.223333825656546,25.008625387293005,0.0,0.0,0.050866666666666664,0.5359999999999999
sigma_xl_1.0000,1.0,2450.0,34.680252076102846,7.6806611969767085,33.23720049232321,25.019025387293006,0.0,0.0,0.050866666666666664,0.5359999999999999
sigma_xl_1.0000,1.0,2451.0,34.69411874276951,7.684127863643375,33.251067158989876,25.029425387293006,0.0,0.0,0.050866666666666664,0.5359999999999999
sigma_xl_1.0000,1.0,2452.0,34.707985409436176,7.687594530310041,33.26493382565654,25.039825387293003,0.0,0.0,0.050866666666666664,0.5359999999999999
sigma_xl_1.0000,1.0,2453.0,34.72185207610285,7.691061196976709,33.278800492323214,25.050225387293004,0.0,0.0,0.050866666666666664,0.5359999999999999
sigma_xl_1.0000,1.0,2454.0,34.735718742769514,7.694527863643375,33.29266715898988,25.060625387293005,0.0,0.0,0.050866666666666664,0.5359999999999999
sigma_xl_1.0000,1.0,2455.0,34.74958540943618,7.697994530310042,33.306533825656544,25.071025387293005,0.0,0.0,0.050866666666666664,0.5359999999999999
sigma_xl_1.0000,1.0,2456.0,34.763452076102844,7.701461196976708,33.32040049232321,25.081425387293006,0.0,0.0,0.050866666666666664,0.5359999999999999
sigma_xl_1.0000,1.0,2457.0,34.77731874276951,7.704927863643374,33.334267158989874,25.091825387293007,0.0,0.0,0.050866666666666664,0.5359999999999999
sigma_xl_1.0000,1.0,2458.0,34.79118540943618,7.708394530310042,33.34813382565655,25.102225387293004,0.0,0.0,0.050866666666666664,0.5359999999999999
sigma_xl_1.0000,1.0,2459.0,34.80505207610285,7.711861196976709,33.36200049232321,25.112625387293004,0.0,0.0,0.050866666666666664,0.5359999999999999
sigma_xl_1.0000,1.0,2460.0,34.81891874276951,7.715327863643375,33.37586715898988,25.123025387293005,0.0,0.0,0.050866666666666664,0.5359999999999999
sigma_xl_1.0000,1.0,2461.0,34.83278540943618,7.718794530310041,33.38973382565654,25.133425387293006,0.0,0.0,0.050866666666666664,0.5359999999999999
sigma_xl_1.0000,1.0,2462.0,34.84665207610285,7.722261196976709,33.403600492323214,25.143825387293006,0.0,0.0,0.050866666666666664,0.5359999999999999
sigma_xl_1.0000,1.0,2463.0,34.860518742769514,7.7257278636433755,33.41746715898988,25.154225387293003,0.0,0.0,0.050866666666666664,0.5359999999999999
sigma_xl_1.0000,1.0,2464.0,34.87438540943618,7.729194530310042,33.431333825656544,25.164625387293004,0.0,0.0,0.050866666666666664,0.5359999999999999
sigma_xl_1.0000,1.0,2465.0,34.888252076102845,7.732661196976708,33.44520049232321,25.175025387293005,0.0,0.0,0.050866666666666664,0.5359999999999999
sigma_xl_1.0000,1.0,2466.0,34.90211874276951,7.736127863643374,33.459067158989875,25.185425387293005,0.0,0.0,0.050866666666666664,0.5359999999999999
sigma_xl_1.0000,1.0,2467.0,34.91598540943618,7.739594530310042,33.47293382565655,25.195825387293006,0.0,0.0,0.050866666666666664,0.5359999999999999
sigma_xl_1.0000,1.0,2468.0,34.92985207610285,7.743061196976709,33.48680049232321,25.206225387293006,0.0,0.0,0.050866666666666664,0.5359999999999999
sigma_xl_1.0000,1.0,2469.0,34.94371874276951,7.746527863643375,33.50066715898988,25.216625387293004,0.0,0.0,0.050866666666666664,0.5359999999999999
sigma_xl_1.0000,1.0,2470.0,34.95758540943618,7.749994530310041,33.51453382565654,25.227025387293004,0.0,0.0,0.050866666666666664,0.5359999999999999
sigma_xl_1.0000,1.0,2471.0,34.97145207610284,7.7534611969767075,33.52840049232321,25.237425387293005,0.0,0.0,0.050866666666666664,0.5359999999999999
sigma_xl_1.0000,1.0,2472.0,34.985318742769515,7.756927863643376,33.54226715898988,25.247825387293005,0.0,0.0,0.050866666666666664,0.5359999999999999
sigma_xl_1.0000,1.0,2473.0,34.99918540943618,7.760394530310042,33.556133825656545,25.258225387293006,0.0,0.0,0.050866666666666664,0.5359999999999999
sigma_xl_1.0000,1.0,2474.0,35.013052076102845,7.763861196976708,33.57000049232321,25.268625387293003,0.0,0.0,0.050866666666666664,0.5359999999999999
sigma_xl_1.0000,1.0,2475.0,35.02691874276951,7.7673278636433745,33.583867158989875,25.279025387293004,0.0,0.0,0.050866666666666664,0.5359999999999999
sigma_xl_1.0000,1.0,2476.0,35.04078540943618,7.7707945303100425,33.59773382565655,25.289425387293004,0.0,0.0,0.050866666666666664,0.5359999999999999
sigma_xl_1.0000,1.0,2477.0,35.05465207610285,7.774261196976709,33.61160049232321,25.299825387293005,0.0,0.0,0.050866666666666664,0.5359999999999999
sigma_xl_1.0000,1.0,2478.0,35.06851874276951,7.777727863643375,33.62546715898988,25.310225387293006,0.0,0.0,0.050866666666666664,0.5359999999999999
sigma_xl_1.0000,1.0,2479.0,35.08238540943618,7.781194530310041,33.63933382565654,25.320625387293006,0.0,0.0,0.050866666666666664,0.5359999999999999
sigma_xl_1.0000,1.0,2480.0,35.09625207610284,7.784661196976708,33.65320049232321,25.331025387293003,0.0,0.0,0.050866666666666664,0.5359999999999999
sigma_xl_1.0000,1.0,2481.0,35.110118742769515,7.788127863643376,33.66706715898988,25.341425387293004,0.0,0.0,0.050866666666666664,0.5359999999999999
sigma_xl_1.0000,1.0,2482.0,35.12398540943618,7.791594530310042,33.680933825656545,25.351825387293005,0.0,0.0,0.050866666666666664,0.5359999999999999
sigma_xl_1.0000,1.0,2483.0,35.137852076102845,7.795061196976708,33.69480049232321,25.362225387293005,0.0,0.0,0.050866666666666664,0.5359999999999999
sigma_xl_1.0000,1.0,2484.0,35.15171874276951,7.798527863643375,33.708667158989876,25.372625387293006,0.0,0.0,0.050866666666666664,0.5359999999999999
sigma_xl_1.0000,1.0,2485.0,35.165585409436176,7.801994530310041,33.72253382565654,25.383025387293007,0.0,0.0,0.050866666666666664,0.5359999999999999
sigma_xl_1.0000,1.0,2486.0,35.17945207610285,7.805461196976709,33.73640049232321,25.393425387293004,0.0,0.0,0.050866666666666664,0.5359999999999999
sigma_xl_1.0000,1.0,2487.0,35.19331874276951,7.808927863643375,33.75026715898988,25.403825387293004,0.0,0.0,0.050866666666666664,0.5359999999999999
sigma_xl_1.0000,1.0,2488.0,35.20718540943618,7.8123945303100415,33.76413382565654,25.414225387293005,0.0,0.0,0.050866666666666664,0.5359999999999999
sigma_xl_1.0000,1.0,2489.0,35.22105207610284,7.815861196976708,33.77800049232321,25.424625387293005,0.0,0.0,0.050866666666666664,0.5359999999999999
sigma_xl_1.0000,1.0,2490.0,35.234918742769516,7.819327863643376,33.79186715898988,25.435025387293006,0.0,0.0,0.050866666666666664,0.5359999999999999
sigma_xl_1.0000,1.0,2491.0,35.24878540943618,7.822794530310042,33.805733825656546,25.445425387293003,0.0,0.0,0.050866666666666664,0.5359999999999999
sigma_xl_1.0000,1.0,2492.0,35.262652076102846,7.826261196976708,33.81960049232321,25.455825387293004,0.0,0.0,0.050866666666666664,0.5359999999999999
sigma_xl_1.0000,1.0,2493.0,35.27651874276951,7.829727863643375,33.833467158989876,25.466225387293004,0.0,0.0,0.050866666666666664,0.5359999999999999
sigma_xl_1.0000,1.0,2494.0,35.290385409436176,7.833194530310041,33.84733382565654,25.476625387293005,0.0,0.0,0.050866666666666664,0.5359999999999999
sigma_xl_1.0000,1.0,2495.0,35.30425207610285,7.836661196976709,33.86120049232321,25.487025387293006,0.0,0.0,0.050866666666666664,0.5359999999999999
sigma_xl_1.0000,1.0,2496.0,35.318118742769514,7.840127863643375,33.87506715898988,25.497425387293006,0.0,0.0,0.050866666666666664,0.5359999999999999
sigma_xl_1.0000,1.0,2497.0,35.33198540943618,7.843594530310042,33.888933825656544,25.507825387293003,0.0,0.0,0.050866666666666664,0.5359999999999999
sigma_xl_1.0000,1.0,2498.0,35.345852076102844,7.847061196976708,33.90280049232321,25.518225387293004,0.0,0.0,0.050866666666666664,0.5359999999999999
sigma_xl_1.0000,1.0,2499.0,35.359718742769516,7.850527863643376,33.91666715898988,25.528625387293005,0.0,0.0,0.050866666666666664,0.5359999999999999
sigma_xl_1.0000,1.0,2500.0,35.37358540943618,7.853994530310042,33.930533825656546,25.539025387293005,0.0,0.0,0.050866666666666664,0.5359999999999999
