sigma_xl,alpha,omega_x,log_ai_labor_ratio,log_composite_relative_to_unit,ai_share,production_labor_payment_share,gross_ai_service_payment_share
0.9,0.33,0.2,0.0,-0.0,0.2,0.5359999999999999,0.13399999999999998
0.9,0.33,0.2,0.25,-0.0005524706735794971,0.19559256755533658,0.5389529797379244,0.1310470202620755
0.9,0.33,0.2,0.5,-0.0021975571891584,0.19125904182062708,0.5418564419801798,0.12814355801982014
0.9,0.33,0.2,0.75,-0.004916808537482498,0.18699920917251306,0.5447105298544163,0.12528947014558373
0.9,0.33,0.2,1.0,-0.008691833241423308,0.1828128073051321,0.5475154191055615,0.1224845808944385
0.9,0.33,0.2,1.25,-0.013504311280203407,0.17869952720338664,0.5502713167737309,0.11972868322626903
0.9,0.33,0.2,1.5,-0.019336005519058286,0.17465901512498105,0.5529784598662626,0.11702154013373729
0.9,0.33,0.2,1.75,-0.026168772642909066,0.17069087458562074,0.555637114027634,0.11436288597236588
0.9,0.33,0.2,2.0,-0.03398457359387175,0.16679466834205514,0.558247572210823,0.11175242778917693
0.9,0.33,0.2,2.25,-0.04276548351382259,0.16296992036794183,0.560810153353479,0.10918984664652101
0.9,0.33,0.2,2.5,-0.05249370119437752,0.15921611781780842,0.5633252010620683,0.10667479893793164
0.9,0.33,0.2,2.75,-0.06315155803783062,0.15553271297468907,0.5657930823069582,0.10420691769304166
0.9,0.33,0.2,3.0,-0.07472152653367092,0.1519191251773159,0.5682141861311983,0.10178581386880164
0.9,0.33,0.2,3.25,-0.08718622825624078,0.1483747427230442,0.5705889223755604,0.09941107762443961
0.9,0.33,0.2,3.5,-0.1005284413900801,0.14489892474299018,0.5729177204221966,0.09708227957780341
0.9,0.33,0.2,3.75,-0.11473110779029072,0.14149100304615153,0.5752010279590783,0.09479897204092151
0.9,0.33,0.2,4.0,-0.12977733958605497,0.13815028392957096,0.5774393097671874,0.09256069023281253
0.9,0.33,0.2,4.25,-0.1456504253361547,0.13487604995188418,0.5796330465322376,0.0903669534677624
0.9,0.33,0.2,4.5,-0.16233383574590343,0.13166756166786708,0.581782733682529,0.08821726631747094
0.9,0.33,0.2,4.75,-0.1798112289555679,0.128524059321865,0.5838888802543504,0.08611111974564954
0.9,0.33,0.2,5.0,-0.1980664554107483,0.12544476449824132,0.5859520077861783,0.08404799221382168
0.9,0.33,0.2,5.25,-0.21708356232570547,0.12242888172723186,0.5879726492427546,0.08202735075724533
0.9,0.33,0.2,5.5,-0.23684679775092743,0.11947560004482703,0.5899513479699658,0.0800486520300341
0.9,0.33,0.2,5.75,-0.25734061425661436,0.11658409450553084,0.5918886566812943,0.07811134331870566
0.9,0.33,0.2,6.0,-0.27854967224394145,0.11375352764706097,0.5937851364764691,0.07621486352353084
0.9,0.33,0.2,6.25,-0.3004588428962548,0.11098305090625799,0.5956413558928071,0.07435864410719284
0.9,0.33,0.2,6.5,-0.3230532107824289,0.10827180598566513,0.5974578899896044,0.07254211001039564
0.9,0.33,0.2,6.75,-0.34631807612479726,0.1056189261704213,0.5992353194658177,0.07076468053418226
0.9,0.33,0.2,7.0,-0.3702389567440796,0.10302353759527977,0.6009742298111626,0.06902577018883743
0.9,0.33,0.2,7.25,-0.39480158969380175,0.10048476046172487,0.6026752104906443,0.06732478950935565
0.9,0.33,0.2,7.5,-0.4199919325966712,0.09800171020530564,0.6043388541624451,0.06566114583755477
0.9,0.33,0.2,7.75,-0.4457961646952886,0.09557349861344261,0.6059657559289934,0.06403424407100654
0.9,0.33,0.2,8.0,-0.47220068762959055,0.0931992348940902,0.6075565126209594,0.06244348737904042
0.9,0.33,0.2,8.25,-0.4991921259532086,0.09087802669575229,0.6091117221138459,0.06088827788615403
0.9,0.33,0.2,8.5,-0.5267573274008306,0.08860898107945456,0.6106319826767653,0.059368017323234545
0.9,0.33,0.2,8.75,-0.5548833629185215,0.08639120544337203,0.6121178923529407,0.057882107647059255
0.9,0.33,0.2,9.0,-0.5835575264687134,0.08422380840089741,0.6135700483713987,0.05642995162860126
0.9,0.33,0.2,9.25,-0.6127673346214131,0.08210590061301232,0.6149890465892818,0.055010953410718245
0.9,0.33,0.2,9.5,-0.6425005259429324,0.08003659557589184,0.6163754809641524,0.05362451903584752
0.9,0.33,0.2,9.75,-0.6727450601932059,0.07801501036473393,0.6177299430556282,0.05227005694437173
0.9,0.33,0.2,10.0,-0.703489117342526,0.07604026633485636,0.6190530215556461,0.05094697844435376
0.9,0.33,0.2,10.25,-0.7347210964182165,0.07411148978114951,0.6203453018466298,0.04965469815337017
0.9,0.33,0.2,10.5,-0.7664296141915494,0.07222781255701131,0.6216073655868024,0.04839263441319758
0.9,0.33,0.2,10.75,-0.7986035037148569,0.0703883726539212,0.6228397903218728,0.0471602096781272
0.9,0.33,0.2,11.0,-0.8312318127185565,0.06859231474283595,0.6240431491222999,0.04595685087770008
0.9,0.33,0.2,11.25,-0.8643038018774696,0.06683879067860869,0.6252180102453322,0.044781989754667816
0.9,0.33,0.2,11.5,-0.8978089429555376,0.06512695996864702,0.6263649368210065,0.0436350631789935
0.9,0.33,0.2,11.75,-0.931736916837705,0.06345599020703482,0.6274844865612866,0.04251551343871333
0.9,0.33,0.2,12.0,-0.9660776114574703,0.06182505747534631,0.6285772114915179,0.04142278850848202
0.9,0.33,0.2,12.25,-1.00082111962827,0.06023334671138172,0.6296436577033742,0.04035634229662575
0.9,0.33,0.2,12.5,-1.0359577367865476,0.05868005204704945,0.6306843651284768,0.03931563487152313
0.9,0.33,0.2,12.75,-1.0714779586541021,0.05716437711661261,0.6316998673318694,0.03830013266813045
0.9,0.33,0.2,13.0,-1.1073724788269312,0.055685535336506935,0.6326906913245404,0.03730930867545964
0.9,0.33,0.2,13.25,-1.143632186297568,0.05424275015792388,0.6336573573941909,0.036342642605808995
0.9,0.33,0.2,13.5,-1.1802481629175408,0.05283525529333618,0.6346003789534647,0.03539962104653523
0.9,0.33,0.2,13.75,-1.2172116808063485,0.05146229491812496,0.6355202624048563,0.034479737595143715
0.9,0.33,0.2,14.0,-1.2545141997130138,0.050123123848446804,0.6364175070215407,0.033582492978459354
0.9,0.33,0.2,14.25,-1.2921473643360186,0.048817007696456985,0.6372926048433737,0.03270739515662618
0.9,0.33,0.2,14.5,-1.3301030016071738,0.04754322300398029,0.6381460405873332,0.03185395941266679
0.9,0.33,0.2,14.75,-1.3683731179446204,0.04630105735569728,0.6389782915716828,0.031021708428317172
0.9,0.33,0.2,15.0,-1.4069498964800173,0.04508980947288499,0.6397898276531669,0.03021017234683294
0.9,0.33,0.2,15.25,-1.4458256942646008,0.04390878928872584,0.6405811111765536,0.02941888882344631
0.9,0.33,0.2,15.5,-1.4849930394586133,0.04275731800616871,0.6413525969358669,0.02864740306413303
0.9,0.33,0.2,15.75,-1.5244446285083726,0.04163472813929805,0.6421047321466703,0.02789526785332969
0.9,0.33,0.2,16.0,-1.5641733233149324,0.04054036353913735,0.642837956428778,0.02716204357122202
0.9,0.33,0.2,16.25,-1.604172148398171,0.03947357940478354,0.643552701798795,0.02644729820120497
0.9,0.33,0.2,16.5,-1.6444342880598242,0.03843374228073925,0.6442493926719046,0.025750607328095296
0.9,0.33,0.2,16.75,-1.6849530835488191,0.0374202300412798,0.6449284458723424,0.02507155412765746
0.9,0.33,0.2,17.0,-1.7257220302320695,0.036432431862661624,0.6455902706520166,0.024409729347983286
0.9,0.33,0.2,17.25,-1.7667347747736464,0.03546974818394985,0.6462352687167535,0.023764731283246396
0.9,0.33,0.2,17.5,-1.8079851123250819,0.03453159065721196,0.6468638342596679,0.02313616574033201
0.9,0.33,0.2,17.75,-1.8494669837293896,0.033617382087796535,0.6474763540011763,0.022523645998823675
0.9,0.33,0.2,18.0,-1.8911744727411752,0.03272655636538607,0.6480732072351914,0.021926792764808665
0.9,0.33,0.2,18.25,-1.9331018032650773,0.03185855838648501,0.648654765881055,0.021345234118944956
0.9,0.33,0.2,18.5,-1.9752433366145663,0.03101284396897595,0.649221394540786,0.020778605459213884
0.9,0.33,0.2,18.75,-2.01759356879307,0.030188879759349384,0.6497734505612358,0.020226549438764084
0.9,0.33,0.2,19.0,-2.0601471277991155,0.02938614313318577,0.6503112841007654,0.019688715899234464
0.9,0.33,0.2,19.25,-2.1028987709571445,0.028604122089441963,0.6508352382000738,0.019164761799926114
0.9,0.33,0.2,19.5,-2.1458433822754905,0.027842315139068978,0.6513456488568237,0.018654351143176214
0.9,0.33,0.2,19.75,-2.1889759698328364,0.02710023118846224,0.6518428451037303,0.0181571548962697
0.9,0.33,0.2,20.0,-2.2322916631944203,0.02637738941822226,0.6523271490897911,0.017672850910208912
0.9,0.33,0.2,20.25,-2.275785710859083,0.02567331915767895,0.6527988761643551,0.017201123835644896
0.9,0.33,0.2,20.5,-2.319453477738173,0.024987559755610674,0.6532583349637409,0.01674166503625915
0.9,0.33,0.2,20.75,-2.363290442667197,0.024319660447566567,0.6537058275001303,0.0162941724998696
0.9,0.33,0.2,21.0,-2.4072921959510376,0.02366918022017928,0.6541416492524799,0.015858350747520115
0.9,0.33,0.2,21.25,-2.451454436943415,0.02303568767283464,0.6545660892592008,0.015433910740799209
0.9,0.33,0.2,21.5,-2.495772971661239,0.02241876087704458,0.6549794302123801,0.015020569787619866
0.9,0.33,0.2,21.75,-2.5402437104343587,0.02181798723385046,0.6553819485533201,0.014618051446679808
0.9,0.33,0.2,22.0,-2.5848626655911824,0.02123296332956543,0.6557739145691911,0.014226085430808838
0.9,0.33,0.2,22.25,-2.6296259491805403,0.020663294790146208,0.656155592490602,0.013844407509397957
0.9,0.33,0.2,22.5,-2.674529770730091,0.020108596134468124,0.6565272405899063,0.013472759410093642
0.9,0.33,0.2,22.75,-2.719570435041523,0.019568490626760162,0.6568891112800707,0.013110888719929307
0.9,0.33,0.2,23.0,-2.7647443400227303,0.019042610128441294,0.6572414512139443,0.012758548786055665
0.9,0.33,0.2,23.25,-2.81004797455707,0.018530594949584072,0.6575845013837786,0.012415498616221326
0.9,0.33,0.2,23.5,-2.8554779164097885,0.0180320937002171,0.6579184972208545,0.012081502779145456
0.9,0.33,0.2,23.75,-2.901030830171622,0.01754676314166391,0.6582436686950851,0.011756331304914817
0.9,0.33,0.2,24.0,-2.9467034652395268,0.017074268038102757,0.6585602404144711,0.011439759585528847
0.9,0.33,0.2,24.25,-2.992492653834483,0.016614281008519048,0.6588684317242922,0.011131568275707762
0.9,0.33,0.2,24.5,-3.0383953090562446,0.01616648237921,0.6591684568059292,0.010831543194070698
0.9,0.33,0.2,24.75,-3.0844084229748816,0.015730560036989787,0.6594605247752168,0.010539475224783157
0.9,0.33,0.2,25.0,-3.130529064758905,0.015306209283232479,0.6597448397802342,0.01025516021976576
0.9,0.33,0.2,25.25,-3.1767543788397754,0.014893132688879335,0.6600216010984508,0.009978398901549154
0.9,0.33,0.2,25.5,-3.2230815831125295,0.014491039950527605,0.6602910032331465,0.009708996766853495
0.9,0.33,0.2,25.75,-3.2695079671722214,0.014099647747708189,0.6605532360090354,0.009446763990964486
0.9,0.33,0.2,26.0,-3.3160308905859077,0.01371867960145077,0.6608084846670279,0.009191515332972015
0.9,0.33,0.2,26.25,-3.362647781199805,0.013347865734226532,0.6610569299580682,0.008943070041931777
0.9,0.33,0.2,26.5,-3.409356133481282,0.012986942931350531,0.6612987482359951,0.008701251764004854
0.9,0.33,0.2,26.75,-3.4561535068953164,0.012635654403918305,0.6615341115493747,0.008465888450625264
0.9,0.33,0.2,27.0,-3.503037524315018,0.012293749653343887,0.6617631877322595,0.008236812267740404
0.9,0.33,0.2,27.25,-3.550005870465813,0.011960984337559958,0.6619861404938348,0.00801385950616517
0.9,0.33,0.2,27.5,-3.597056290402847,0.011637120138934216,0.662203129506914,0.007796870493085924
0.9,0.33,0.2,27.75,-3.644186588021225,0.011321924633950015,0.6624143104952535,0.007585689504746509
0.9,0.33,0.2,28.0,-3.6913946245985585,0.011015171164693863,0.6626198353196551,0.007380164680344888
0.9,0.33,0.2,28.25,-3.7386783173694633,0.010716638712186687,0.6628198520628349,0.0071801479371650795
0.9,0.33,0.2,28.5,-3.7860356381314464,0.010426111771591074,0.663014505113034,0.006985494886966019
0.9,0.33,0.2,28.75,-3.83346461188178,0.010143380229321701,0.6632039352463543,0.006796064753645539
0.9,0.33,0.2,29.0,-3.880963315484844,0.009868239242081902,0.663388279707805,0.006611720292194874
0.9,0.33,0.2,29.25,-3.9285298763694714,0.009600489117845131,0.6635676722910436,0.006432327708956237
0.9,0.33,0.2,29.5,-3.976162471255819,0.009339935198796034,0.6637422434168065,0.006257756583193342
0.9,0.33,0.2,29.75,-4.023859324911216,0.009086387746242524,0.6639121202100174,0.00608787978998249
0.9,0.33,0.2,30.0,-4.0716187089345866,0.008839661827506501,0.6640774265755706,0.005922573424429355
0.9,0.33,0.2,30.25,-4.119438940568863,0.008599577204797957,0.6642382832727853,0.005761716727214631
0.9,0.33,0.2,30.5,-4.167318381540962,0.008365958226074062,0.6643948079885302,0.0056051920114696206
0.9,0.33,0.2,30.75,-4.215255436928765,0.008138633717882263,0.6645471154090188,0.0054528845909811155
0.9,0.33,0.2,31.0,-4.263248554054675,0.007917436880183697,0.6646953172902769,0.005304682709723076
0.9,0.33,0.2,31.25,-4.311296221405197,0.007702205183150984,0.6648395225272887,0.0051604774727111585
0.9,0.33,0.2,31.5,-4.3593969675760835,0.007492780265932247,0.6649798372218253,0.0050201627781746045
0.9,0.33,0.2,31.75,-4.407549360242543,0.007289007837371162,0.6651163647489612,0.0048836352510386784
0.9,0.33,0.2,32.0,-4.455752005154013,0.007090737578670958,0.6652492058222904,0.0047507941777095416
0.9,0.33,0.2,32.25,-4.504003545153047,0.006897823047988695,0.6653784585578475,0.004621541442152425
0.9,0.33,0.2,32.5,-4.552302659217803,0.006710121586944415,0.6655042185367472,0.004495781463252758
0.9,0.33,0.2,32.75,-4.600648061527654,0.006527494229028462,0.6656265788665509,0.004373421133449069
0.9,0.33,0.2,33.0,-4.649038500551485,0.006349805609888849,0.6657456302413745,0.004254369758625528
0.9,0.33,0.2,33.25,-4.69747275815817,0.00617692387947946,0.6658614610007487,0.004138538999251238
0.9,0.33,0.2,33.5,-4.745949648748785,0.006008720616048719,0.6659741571872473,0.004025842812752641
0.9,0.33,0.2,33.75,-4.794468018410095,0.005845070741947408,0.6660838026028951,0.003916197397104763
0.9,0.33,0.2,34.0,-4.843026744088866,0.005685852441233472,0.6661904788643735,0.003809521135626426
0.9,0.33,0.2,34.25,-4.891624732786552,0.005530947079050851,0.6662942654570359,0.00370573454296407
0.9,0.33,0.2,34.5,-4.94026092077392,0.005380239122758616,0.6663952397877516,0.003604760212248272
0.9,0.33,0.2,34.75,-4.988934272825171,0.005233616064786254,0.6664934772365931,0.0035065227634067894
0.9,0.33,0.2,35.0,-5.037643781471148,0.0050909683471902145,0.6665890512073824,0.0034109487926174435
0.9,0.33,0.2,35.25,-5.086388466271174,0.004952189287886515,0.6666820331771159,0.003317966822883965
0.9,0.33,0.2,35.5,-5.135167373103136,0.004817175008533736,0.6667724927442823,0.003227507255717603
0.9,0.33,0.2,35.75,-5.183979573471403,0.004685824364040445,0.6668604976760929,0.003139502323907098
0.9,0.33,0.2,36.0,-5.23282416383215,0.0045580388736708105,0.6669461139546405,0.0030538860453594428
0.9,0.33,0.2,36.25,-5.281700264935727,0.004433722653721955,0.6670294058220062,0.0029705941779937096
0.9,0.33,0.2,36.5,-5.330607021185646,0.004312782351746452,0.6671104358243298,0.0028895641756701224
0.9,0.33,0.2,36.75,-5.379543600013823,0.004195127082293187,0.6671892648548635,0.002810735145136435
0.9,0.33,0.2,37.0,-5.428509191271731,0.00408066836413988,0.6672659521960262,0.002734047803973719
0.9,0.33,0.2,37.25,-5.47750300663701,0.0039693200589903934,0.6673405555604763,0.0026594444395235633
0.9,0.33,0.2,37.5,-5.526524279035266,0.0038609983116100286,0.6674131311312212,0.002586868868778719
0.9,0.33,0.2,37.75,-5.575572262076632,0.0037556214913720826,0.6674837336007806,0.002516266399219295
0.9,0.33,0.2,38.0,-5.624646229506775,0.0036531101351889705,0.6675524162094233,0.00244758379057661
0.9,0.33,0.2,38.25,-5.673745474672019,0.0035533868918013597,0.667619230782493,0.002380769217506911
0.9,0.33,0.2,38.5,-5.7228693099981935,0.0034563764673989166,0.6676842277668427,0.0023157722331572737
0.9,0.33,0.2,38.75,-5.772017066482947,0.0033620055725463558,0.6677474562663939,0.002252543733606058
0.9,0.33,0.2,39.0,-5.821188093201146,0.003270202870388807,0.6678089640768394,0.0021910359231605003
0.9,0.33,0.2,39.25,-5.870381756823075,0.003180898926110577,0.6678687977195058,0.0021312022804940863
0.9,0.33,0.2,39.5,-5.91959744114512,0.0030940261576217288,0.6679270024743933,0.002072997525606558
0.9,0.33,0.2,39.75,-5.968834546632619,0.00300951878744708,0.6679836224124104,0.002016377587589543
0.9,0.33,0.2,40.0,-6.018092489974608,0.002927312795792527,0.6680387004268189,0.001961299573180993
0.9,0.33,0.2,40.25,-6.067370703650137,0.0028473458747638623,0.6680922782639082,0.0019077217360917876
0.9,0.33,0.2,40.5,-6.116668635505904,0.002769557383713547,0.6681443965529119,0.0018556034470880761
0.9,0.33,0.2,40.75,-6.165985748344919,0.002693888305691207,0.6681950948351868,0.0018049051648131084
0.9,0.33,0.2,41.0,-6.215321519525895,0.002620281204973962,0.6682444115926673,0.0017555884073325544
0.9,0.33,0.2,41.25,-6.264675440573146,0.0025486801856529446,0.6682923842756124,0.0017076157243874727
0.9,0.33,0.2,41.5,-6.314047016796712,0.0024790308512528097,0.6683390493296606,0.0016609506703393823
0.9,0.33,0.2,41.75,-6.363435766922425,0.00241128026536128,0.6683844422222078,0.0016155577777920574
0.9,0.33,0.2,42.0,-6.412841222731728,0.0023453769132461694,0.668428597468125,0.0015714025318749334
0.9,0.33,0.2,42.25,-6.46226292871094,0.0022812706644376544,0.6684715486548267,0.0015284513451732282
0.9,0.33,0.2,42.5,-6.5117004417097695,0.0022189127362539345,0.6685133284667097,0.001486671533290136
0.9,0.33,0.2,42.75,-6.561153330608844,0.0021582556582487675,0.6685539687089732,0.001446031291026674
0.9,0.33,0.2,43.0,-6.6106211759959885,0.002099253237559738,0.6685935003308349,0.0014064996691650245
0.9,0.33,0.2,43.25,-6.660103569851072,0.002041860525136471,0.6686319534481585,0.0013680465518414355
0.9,0.33,0.2,43.5,-6.709600115239187,0.001986033782828377,0.6686693573655049,0.0013306426344950125
0.9,0.33,0.2,43.75,-6.759110426011947,0.0019317304513118572,0.668705740597621,0.0012942594023789443
0.9,0.33,0.2,44.0,-6.808634126516713,0.0018789091188373044,0.668741130890379,0.0012588691096209938
0.9,0.33,0.2,44.25,-6.858170851313514,0.0018275294907765536,0.6687755552411796,0.0012244447588202908
0.9,0.33,0.2,44.5,-6.907720244899495,0.0017775523599518352,0.6688090399188322,0.0011909600811677295
0.9,0.33,0.2,44.75,-6.9572819614406844,0.0017289395777276197,0.6688416104829225,0.001158389517077505
0.9,0.33,0.2,45.0,-7.006855664510889,0.0016816540258471303,0.6688732918026824,0.0011267081973175771
0.9,0.33,0.2,45.25,-7.056441026837552,0.0016356595889956312,0.6689041080753729,0.0010958919246270727
0.9,0.33,0.2,45.5,-7.106037730054368,0.001590921128072979,0.668934082844191,0.0010659171558088957
0.9,0.33,0.2,45.75,-7.1556454644605,0.001547404454158262,0.6689632390157139,0.0010367609842860356
0.9,0.33,0.2,46.0,-7.205263928786215,0.0015050763031497166,0.6689915988768896,0.00100840112311031
0.9,0.33,0.2,46.25,-7.254892829964782,0.0014639043110634307,0.6690191841115875,0.0009808158884124984
0.9,0.33,0.2,46.5,-7.304531882910468,0.0014238569899747335,0.6690460158167169,0.0009539841832830714
0.9,0.33,0.2,46.75,-7.3541808103024575,0.0013849037045864602,0.669072114517927,0.0009278854820729283
0.9,0.33,0.2,47.0,-7.4038393423745665,0.001347014649408652,0.6690975001848961,0.0009024998151037967
0.9,0.33,0.2,47.25,-7.4535072167105785,0.0013101608265345666,0.6691221922462217,0.0008778077537781596
0.9,0.33,0.2,47.5,-7.503184178045063,0.0012743140239982065,0.6691462096039211,0.0008537903960787983
0.9,0.33,0.2,47.75,-7.552869978069544,0.001239446794698899,0.6691695706475517,0.0008304293524482623
0.9,0.33,0.2,48.0,-7.602564375243854,0.00120553243587877,0.6691922932679611,0.0008077067320387758
0.9,0.33,0.2,48.25,-7.652267134612556,0.0011725449691392849,0.6692143948706766,0.0007856051293233208
0.9,0.33,0.2,48.5,-7.701978027626305,0.001140459120983314,0.6692358923889411,0.0007641076110588203
0.9,0.33,0.2,48.75,-7.751696831967997,0.001109250303869516,0.6692568022964074,0.0007431977035925756
0.9,0.33,0.2,49.0,-7.801423331383591,0.0010788945977661044,0.6692771406194966,0.0007228593805032899
0.9,0.33,0.2,49.25,-7.851157315517493,0.0010493687321913713,0.6692969229494317,0.0007030770505682186
0.9,0.33,0.2,49.5,-7.900898579752361,0.0010206500687286316,0.6693161644539517,0.0006838355460481832
0.9,0.33,0.2,49.75,-7.95064692505323,0.0009927165840035305,0.6693348798887175,0.0006651201112823653
0.9,0.33,0.2,50.0,-8.000402157815822,0.000965546853111941,0.669353083608415,0.0006469163915850004
0.9,0.33,0.2,50.25,-8.050164089718974,0.0009391200334869543,0.6693707895775637,0.0006292104224362593
0.9,0.33,0.2,50.5,-8.099932537581001,0.0009134158491937308,0.6693880113810402,0.0006119886189597996
0.9,0.33,0.2,50.75,-8.149707323219971,0.0008884145756412509,0.6694047622343203,0.000595237765679638
0.9,0.33,0.2,51.0,-8.199488273317746,0.0008640970247002523,0.6694210549934507,0.000578945006549169
0.9,0.33,0.2,51.25,-8.249275219287663,0.0008404445302169176,0.6694369021647546,0.0005630978352453347
0.9,0.33,0.2,51.5,-8.299067997145828,0.000817438933912101,0.6694523159142789,0.0005476840857211076
0.9,0.33,0.2,51.75,-8.348866447385872,0.0007950625716561453,0.6694673080769903,0.0005326919230096173
0.9,0.33,0.2,52.0,-8.398670414857072,0.0007732982601095733,0.6694818901657266,0.000518109834273414
0.9,0.33,0.2,52.25,-8.448479748645816,0.0007521292837201735,0.6694960733799075,0.0005039266200925162
0.9,0.33,0.2,52.5,-8.498294301960215,0.0007315393820672346,0.6695098686140148,0.0004901313859850472
0.9,0.33,0.2,52.75,-8.548113932017886,0.0007115127375439032,0.6695232864658456,0.0004767135341544151
0.9,0.33,0.2,53.0,-8.597938499936747,0.0006920339633688623,0.6695363372445429,0.0004636627554571377
0.9,0.33,0.2,53.25,-8.647767870628773,0.0006730880919187532,0.6695490309784143,0.00045096902158556457
0.9,0.33,0.2,53.5,-8.697601912696646,0.0006546605633729513,0.6695613774225401,0.00043862257745987734
0.9,0.33,0.2,53.75,-8.747440498333173,0.0006367372146625487,0.669573386066176,0.0004266139338239075
0.9,0.33,0.2,54.0,-8.797283503223461,0.0006193042687155662,0.6695850661399605,0.0004149338600394293
0.9,0.33,0.2,54.25,-8.84713080644973,0.0006023483239906357,0.6695964266229262,0.0004035733770737259
0.9,0.33,0.2,54.5,-8.8969822903987,0.0005858563442915795,0.6696074762493246,0.0003925237506753582
0.9,0.33,0.2,54.75,-8.94683784067152,0.0005698156488555059,0.6696182235152668,0.0003817764847331889
0.9,0.33,0.2,55.0,-8.996697345996099,0.0005542139027072253,0.6696286766851861,0.0003713233148138409
0.9,0.33,0.2,55.25,-9.04656069814185,0.0005390391072729702,0.6696388437981271,0.00036115620187289
0.9,0.33,0.2,55.5,-9.096427791836732,0.0005242795912465821,0.6696487326738647,0.0003512673261352099
0.9,0.33,0.2,55.75,-9.146298524686546,0.000509924001701503,0.66965835091886,0.000341649081140007
0.9,0.33,0.2,56.0,-9.196172797096443,0.000495961295442068,0.6696677059320537,0.00033229406794618553
0.9,0.33,0.2,56.25,-9.246050512194522,0.00048238073058777813,0.6696768049105061,0.0003231950894938113
0.9,0.33,0.2,56.5,-9.295931575757553,0.0004691718583843782,0.6696856548548824,0.0003143451451175334
0.9,0.33,0.2,56.75,-9.345815896138681,0.0004563245152357281,0.669694262574792,0.0003057374252079378
0.9,0.33,0.2,57.0,-9.395703384197112,0.0004438288149506123,0.669702634693983,0.0002973653060169102
0.9,0.33,0.2,57.25,-9.445593953229723,0.000431675141198777,0.6697107776553968,0.0002892223446031806
0.9,0.33,0.2,57.5,-9.495487518904497,0.00041985414017063676,0.6697186977260856,0.0002813022739143266
0.9,0.33,0.2,57.75,-9.545383999195803,0.0004083567134352303,0.6697264010019983,0.00027359899800160427
0.9,0.33,0.2,58.0,-9.595283314321426,0.00039717401099114666,0.6697338934126359,0.00026610658736406825
0.9,0.33,0.2,58.25,-9.645185386681298,0.000386297424505287,0.6697411807255814,0.0002588192744185423
0.9,0.33,0.2,58.5,-9.695090140797916,0.00037571858073444256,0.6697482685509079,0.0002517314490920765
0.9,0.33,0.2,58.75,-9.744997503258368,0.00036542933512481447,0.6697551623454663,0.0002448376545336257
0.9,0.33,0.2,59.0,-9.794907402657948,0.00035542176558473257,0.6697618674170581,0.00023813258294177079
0.9,0.33,0.2,59.25,-9.844819769545296,0.0003456881664259242,0.6697683889284946,0.00023161107150536917
0.9,0.33,0.2,59.5,-9.894734536369036,0.00033622104246884863,0.6697747319015458,0.00022526809845412857
0.9,0.33,0.2,59.75,-9.944651637425881,0.000327013103307685,0.6697809012207837,0.00021909877921614894
0.9,0.33,0.2,60.0,-9.994571008810121,0.00031805725773071595,0.6697869016373204,0.00021309836267957967
0.9,0.33,0.2,60.25,-10.044492588364527,0.0003093466082919287,0.6697927377724443,0.0002072622275555922
0.9,0.33,0.2,60.5,-10.094416315632555,0.00030087444602979114,0.66979841412116,0.00020158587883996004
0.9,0.33,0.2,60.75,-10.144342131811879,0.0002926342453292442,0.6698039350556294,0.00019606494437059358
0.9,0.33,0.2,61.0,-10.19426997970918,0.00028461965892306916,0.6698093048285214,0.00019069517147845633
0.9,0.33,0.2,61.25,-10.244199803696175,0.0002768245130288931,0.6698145275762706,0.00018547242372935835
0.9,0.33,0.2,61.5,-10.294131549666831,0.0002692428026181727,0.6698196073222458,0.0001803926777541757
0.9,0.33,0.2,61.75,-10.344065164995762,0.0002618686868136244,0.6698245479798348,0.00017545202016512834
0.9,0.33,0.2,62.0,-10.394000598497739,0.0002546964844116286,0.6698293533554441,0.00017064664455579114
0.9,0.33,0.2,62.25,-10.443937800388346,0.00024772066952625897,0.6698340271514174,0.0001659728485825935
0.9,0.33,0.2,62.5,-10.493876722245659,0.00024093586735164866,0.6698385729688744,0.00016142703112560457
0.9,0.33,0.2,62.75,-10.543817316972996,0.00023433685003951645,0.6698429943104734,0.000157005689526476
0.9,0.33,0.2,63.0,-10.593759538762695,0.00022791853268873622,0.6698472945830984,0.00015270541690145324
0.9,0.33,0.2,63.25,-10.643703343060851,0.00022167596944394163,0.6698514771004725,0.00014852289952744087
0.9,0.33,0.2,63.5,-10.693648686533047,0.00021560434970021265,0.6698555450857008,0.00014445491429914247
0.9,0.33,0.2,63.75,-10.743595527030987,0.00020969899441098587,0.6698595016737445,0.0001404983262553605
0.9,0.33,0.2,64.0,-10.793543823560071,0.00020395535249640405,0.6698633499138273,0.0001366500861725907
0.9,0.33,0.2,64.25,-10.843493536247845,0.0001983689973493829,0.6698670927717758,0.00013290722822408653
0.9,0.33,0.2,64.5,-10.893444626313286,0.00019293562343676603,0.6698707331322973,0.00012926686770263322
0.9,0.33,0.2,64.75,-10.943397056036988,0.00018765104299298482,0.6698742738011946,0.00012572619880529983
0.9,0.33,0.2,65.0,-10.99335078873208,0.00018251118280373388,0.6698777175075215,0.0001222824924785017
0.9,0.33,0.2,65.25,-11.043305788716015,0.00017751208107721504,0.6698810669056782,0.00011893309432173407
0.9,0.33,0.2,65.5,-11.09326202128308,0.00017264988440059094,0.6698843245774515,0.00011567542254839591
0.9,0.33,0.2,65.75,-11.143219452677677,0.00016792084477933216,0.6698874930339977,0.00011250696600215253
0.9,0.33,0.2,66.0,-11.193178050068333,0.00016332131675721794,0.6698905747177726,0.000109425282227336
0.9,0.33,0.2,66.25,-11.243137781522412,0.00015884775461480664,0.669893572004408,0.00010642799559192044
0.9,0.33,0.2,66.5,-11.293098615981526,0.0001544967096442435,0.6698964872045382,0.00010351279546164314
0.9,0.33,0.2,66.75,-11.343060523237611,0.00015026482749834477,0.669899322565576,0.00010067743442389098
0.9,0.33,0.2,67.0,-11.393023473909668,0.0001461488456119352,0.6699020802734399,9.791972655999658e-05
0.9,0.33,0.2,67.25,-11.442987439421131,0.00014214559069348812,0.6699047624542352,9.523754576463703e-05
0.9,0.33,0.2,67.5,-11.492952391977848,0.0001382519762851525,0.6699073711758888,9.262882411105217e-05
0.9,0.33,0.2,67.75,-11.542918304546674,0.00013446500038931868,0.6699099084497391,9.009155026084351e-05
0.9,0.33,0.2,68.0,-11.592885150834652,0.00013078174315991014,0.6699123762320828,8.762376791713979e-05
0.9,0.33,0.2,68.25,-11.64285290526875,0.00012719936465664756,0.66991477642568,8.522357431995385e-05
0.9,0.33,0.2,68.5,-11.692821542976159,0.0001237151026605758,0.6699171108812173,8.288911878258578e-05
0.9,0.33,0.2,68.75,-11.742791039765132,0.00012032627054918488,0.669919381398732,8.061860126795386e-05
0.9,0.33,0.2,69.0,-11.79276137210635,0.00011703025522951222,0.6699215897289962,7.841027100377318e-05
0.9,0.33,0.2,69.25,-11.842732517114777,0.00011382451512764352,0.6699237375748645,7.626242513552114e-05
0.9,0.33,0.2,69.5,-11.892704452532039,0.00011070657823308597,0.6699258265925837,7.41734074161676e-05
0.9,0.33,0.2,69.75,-11.942677156709271,0.00010767404019651518,0.6699278583930682,7.214160693166516e-05
0.9,0.33,0.2,70.0,-11.992650608590425,0.00010472456247945088,0.6699298345431387,7.016545686123209e-05
0.9,0.33,0.2,70.25,-12.042624787696054,0.00010185587055444261,0.6699317565667284,6.824343327147655e-05
0.9,0.33,0.2,70.5,-12.092599674107523,9.906575215439693e-05,0.6699336259460565,6.637405394344593e-05
0.9,0.33,0.2,70.75,-12.142575248451656,9.635205556970483e-05,0.6699354441227683,6.455587723170223e-05
0.9,0.33,0.2,71.0,-12.192551491885816,9.371268799186962e-05,0.6699372124990454,6.278750095455264e-05
0.9,0.33,0.2,71.25,-12.242528386083357,9.114561390237174e-05,0.6699389324386854,6.106756131458905e-05
0.9,0.33,0.2,71.5,-12.29250591321954,8.864885350553426e-05,0.6699406052681512,5.9394731848707945e-05
0.9,0.33,0.2,71.75,-12.342484055957746,8.622048120419636e-05,0.6699422322775931,5.7767722406811553e-05
0.9,0.33,0.2,72.0,-12.392462797436146,8.385862411702359e-05,0.6699438147218416,5.61852781584058e-05
0.9,0.33,0.2,72.25,-12.44244212125469,8.156146063632563e-05,0.6699453538213735,5.4646178626338166e-05
0.9,0.33,0.2,72.5,-12.492422011462471,7.932721902527346e-05,0.669946850763253,5.314923674693321e-05
0.9,0.33,0.2,72.75,-12.542402452545423,7.715417605344685e-05,0.6699483067020441,5.169329795580938e-05
0.9,0.33,0.2,73.0,-12.592383429414358,7.5040655669663e-05,0.6699497227607013,5.0277239298674206e-05
0.9,0.33,0.2,73.25,-12.642364927393341,7.298502771107488e-05,0.6699511000314335,4.889996856642017e-05
0.9,0.33,0.2,73.5,-12.69234693220838,7.098570664754588e-05,0.669952439576546,4.756042345385574e-05
0.9,0.33,0.2,73.75,-12.742329429976404,6.904115036034363e-05,0.6699537424292585,4.625757074143023e-05
0.9,0.33,0.2,74.0,-12.792312407194574,6.714985895421292e-05,0.6699550095945006,4.499040549932265e-05
0.9,0.33,0.2,74.25,-12.842295850729869,6.531037360192108e-05,0.6699562420496866,4.375795031328712e-05
0.9,0.33,0.2,74.5,-12.89227974780895,6.35212754203876e-05,0.6699574407454683,4.255925453165969e-05
0.9,0.33,0.2,74.75,-12.942264086008334,6.178118437753734e-05,0.669958606606467,4.139339353295001e-05
0.9,0.33,0.2,75.0,-12.992248853244789,6.008875822904027e-05,0.6699597405319865,4.025946801345698e-05
0.9,0.33,0.2,75.25,-13.042234037766034,5.844269148411983e-05,0.6699608433967056,3.915660329436028e-05
0.9,0.33,0.2,75.5,-13.092219628141674,5.684171439963971e-05,0.6699619160513521,3.80839486477586e-05
0.9,0.33,0.2,75.75,-13.142205613254372,5.5284592001694236e-05,0.6699629593233588,3.7040676641135135e-05
0.9,0.33,0.2,76.0,-13.192191982291302,5.377012313395494e-05,0.6699639740175002,3.6025982499749806e-05
0.9,0.33,0.2,76.25,-13.242178724735787,5.229713953203964e-05,0.6699649609165135,3.5039083486466554e-05
0.9,0.33,0.2,76.5,-13.292165830359208,5.08645049231969e-05,0.6699659207817014,3.407921829854192e-05
0.9,0.33,0.2,76.75,-13.34215328921309,4.947111415061221e-05,0.669966854353519,3.3145646480910175e-05
0.9,0.33,0.2,77.0,-13.392141091621468,4.81158923216646e-05,0.6699677623521444,3.223764785551528e-05
0.9,0.33,0.2,77.25,-13.442129228173386,4.679779397948065e-05,0.6699686454780336,3.135452196625203e-05
0.9,0.33,0.2,77.5,-13.492117689715666,4.5515802297147304e-05,0.6699695044124608,3.049558753908869e-05
0.9,0.33,0.2,77.75,-13.542106467345839,4.426892829396758e-05,0.669970339818043,2.9660181956958273e-05
0.9,0.33,0.2,78.0,-13.59209555240528,4.3056210073154174e-05,0.6699711523392509,2.8847660749013294e-05
0.9,0.33,0.2,78.25,-13.642084936472521,4.187671208037817e-05,0.6699719426029062,2.8057397093853373e-05
0.9,0.33,0.2,78.5,-13.692074611356784,4.072952438260051e-05,0.6699727112186635,2.728878133634234e-05
0.9,0.33,0.2,78.75,-13.742064569091623,3.9613761966634504e-05,0.6699734587794823,2.6541220517645115e-05
0.9,0.33,0.2,79.0,-13.792054801928822,3.8528564056898175e-05,0.6699741858620818,2.5814137918121775e-05
0.9,0.33,0.2,79.25,-13.842045302332384,3.747309345183396e-05,0.6699748930273872,2.510697261272875e-05
0.9,0.33,0.2,79.5,-13.892036062972739,3.644653587848416e-05,0.6699755808209613,2.4419179038584384e-05
0.9,0.33,0.2,79.75,-13.942027076721084,3.544809936472669e-05,0.6699762497734255,2.3750226574366878e-05
0.9,0.33,0.2,80.0,-13.992018336643882,3.447701362868889e-05,0.6699769004008687,2.3099599131221554e-05
0.95,0.33,0.2,0.0,-0.0,0.2,0.5359999999999999,0.13399999999999998
0.95,0.33,0.2,0.25,-0.00026246553132972666,0.197903044551594,0.5374049601504319,0.13259503984956797
0.95,0.33,0.2,0.5,-0.001047094018106029,0.19582269348966472,0.5387987953619245,0.13120120463807536
0.95,0.33,0.2,0.75,-0.0023497366215861626,0.19375892832150524,0.5401815180245915,0.1298184819754085
0.95,0.33,0.2,1.0,-0.004166249446532044,0.19171172799958466,0.5415531422402782,0.1284468577597217
0.95,0.33,0.2,1.25,-0.006492494174082264,0.18968106896814016,0.542913683791346,0.1270863162086539
0.95,0.33,0.2,1.5,-0.009324338682979993,0.1876669252099734,0.5442631601093177,0.12573683989068218
0.95,0.33,0.2,1.75,-0.012657657659051358,0.18566926829341918,0.5456015902434092,0.12439840975659083
0.95,0.33,0.2,2.0,-0.01648833319294335,0.1836880674194544,0.5469289948289655,0.12307100517103443
0.95,0.33,0.2,2.25,-0.020812255366059795,0.18172328946891542,0.5482453960558267,0.12175460394417331
0.95,0.33,0.2,2.5,-0.025625322824685992,0.17977489904979374,0.5495508176366382,0.12044918236336179
0.95,0.33,0.2,2.75,-0.030923443342285806,0.1778428585445799,0.5508452847751314,0.11915471522486852
0.95,0.33,0.2,3.0,-0.03670253436995752,0.1759271281576258,0.5521288241343907,0.11787117586560926
0.95,0.33,0.2,3.25,-0.042958523575032714,0.17402766596249847,0.553401463805126,0.11659853619487397
0.95,0.33,0.2,3.5,-0.04968734936788899,0.17214442794929546,0.554663233273972,0.11533676672602795
0.95,0.33,0.2,3.75,-0.056884961416876934,0.17027736807189706,0.5559141633918289,0.11408583660817101
0.95,0.33,0.2,4.0,-0.06454732115149353,0.16842643829512752,0.5571542863422645,0.11284571365773542
0.95,0.33,0.2,4.25,-0.07267040225376209,0.16659158864180051,0.5583836356099936,0.11161636439000633
0.95,0.33,0.2,4.5,-0.08125019113786436,0.16477276723962414,0.5596022459494517,0.11039775405054816
0.95,0.33,0.2,4.75,-0.0902826874180711,0.1629699203679418,0.560810153353479,0.109189846646521
0.95,0.33,0.2,5.0,-0.09976390436501681,0.16118299250428458,0.5620073950221293,0.10799260497787067
0.95,0.33,0.2,5.25,-0.10968986935034142,0.15941192637071455,0.5631940093316212,0.10680599066837874
0.95,0.33,0.2,5.5,-0.12005662427980424,0.1576566629799362,0.5643700358034427,0.10562996419655724
0.95,0.33,0.2,5.75,-0.13086022601488012,0.15591714168115478,0.5655355150736262,0.1044644849263737
0.95,0.33,0.2,6.0,-0.1420967467829195,0.1541933002056633,0.5666904888622055,0.1033095111377944
0.95,0.33,0.2,6.25,-0.15376227457597325,0.15248507471213615,0.5678349999428688,0.10216500005713121
0.95,0.33,0.2,6.5,-0.16585291353831333,0.1507923998316134,0.568969092112819,0.10103090788718097
0.95,0.33,0.2,6.75,-0.17836478434274716,0.1491152087121563,0.5700928101628552,0.09990718983714471
0.95,0.33,0.2,7.0,-0.19129402455582167,0.14745343306315686,0.5712061998476848,0.09879380015231509
0.95,0.33,0.2,7.25,-0.20463678899198867,0.14580700319928658,0.5723093078564779,0.097690692143522
0.95,0.33,0.2,7.5,-0.21838925005682475,0.14417584808406675,0.5734021817836753,0.09659781821632471
0.95,0.33,0.2,7.75,-0.23254759807942582,0.14255989537304684,0.5744848701000586,0.09551512989994138
0.95,0.33,0.2,8.0,-0.247108041634025,0.14095907145657624,0.5755574221240939,0.09444257787590607
0.95,0.33,0.2,8.25,-0.26206680785101955,0.13937330150215574,0.5766198879935556,0.09338011200644433
0.95,0.33,0.2,8.5,-0.2774201427173977,0.13780250949635603,0.5776723186374414,0.09232768136255853
0.95,0.33,0.2,8.75,-0.29316431136681387,0.136246618286291,0.5787147657481849,0.09128523425181496
0.95,0.33,0.2,9.0,-0.3092955983592829,0.13470554962063502,0.5797472817541744,0.09025271824582545
0.95,0.33,0.2,9.25,-0.3258103079507324,0.13317922419017184,0.5807699197925849,0.08923008020741512
0.95,0.33,0.2,9.5,-0.342704764352465,0.13166756166786703,0.581782733682529,0.0882172663174709
0.95,0.33,0.2,9.75,-0.3599753119806184,0.13017048074845228,0.5827857778985369,0.08721422210146301
0.95,0.33,0.2,10.0,-0.37761831569586235,0.12868789918751478,0.583779107544365,0.08622089245563488
0.95,0.33,0.2,10.25,-0.3956301610333395,0.12721973384008134,0.5847627783271454,0.08523722167285448
0.95,0.33,0.2,10.5,-0.4140072544230269,0.1257659006986911,0.5857368465318769,0.08426315346812302
0.95,0.33,0.2,10.75,-0.4327460234006686,0.12432631493094946,0.5867013689962638,0.08329863100373613
0.95,0.33,0.2,11.0,-0.45184291680935407,0.12290089091655537,0.5876564030859078,0.08234359691409208
0.95,0.33,0.2,11.25,-0.4712944049919354,0.12148954228379848,0.588602006669855,0.08139799333014497
0.95,0.33,0.2,11.5,-0.4910969799743623,0.12009218194551818,0.5895382380965027,0.08046176190349717
0.95,0.33,0.2,11.75,-0.511247155640109,0.11870872213452148,0.5904651561698706,0.07953484383012939
0.95,0.33,0.2,12.0,-0.5317414678958257,0.11733907443845437,0.5913828201262356,0.07861717987376442
0.95,0.33,0.2,12.25,-0.552576474828302,0.11598314983412339,0.5922912896111373,0.07770871038886266
0.95,0.33,0.2,12.5,-0.5737487568529624,0.11464085872126381,0.5931906246567532,0.07680937534324675
0.95,0.33,0.2,12.75,-0.595254916853972,0.11331211095575124,0.5940808856596467,0.07591911434035332
0.95,0.33,0.2,13.0,-0.6170915803160908,0.11199681588225502,0.594962133358889,0.07503786664111085
0.95,0.33,0.2,13.25,-0.6392553954484717,0.11069488236633077,0.5958344288145584,0.0741655711854416
0.95,0.33,0.2,13.5,-0.6617430333004717,0.10940621882595092,0.5966978333866129,0.0733021666133871
0.95,0.33,0.2,13.75,-0.6845511878696793,0.10813073326247209,0.5975524087141436,0.07244759128585629
0.95,0.33,0.2,14.0,-0.7076765762022434,0.10686833329103847,0.5983982166950041,0.07160178330499577
0.95,0.33,0.2,14.25,-0.7311159384856856,0.10561892617042119,0.5992353194658178,0.0707646805341822
0.95,0.33,0.2,14.5,-0.7548660381343293,0.10438241883229382,0.6000637793823631,0.06993622061763685
0.95,0.33,0.2,14.75,-0.7789236618674726,0.10315871790994398,0.6008836590003375,0.06911634099966246
0.95,0.33,0.2,15.0,-0.8032856197804468,0.10194772976642288,0.6016950210564966,0.06830497894350332
0.95,0.33,0.2,15.25,-0.8279487454087238,0.1007493605221327,0.602497928450171,0.0675020715498289
0.95,0.33,0.2,15.5,-0.8529098957851873,0.09956351608185457,0.6032924442251574,0.06670755577484255
0.95,0.33,0.2,15.75,-0.8781659514907085,0.09839010216121834,0.6040786315519836,0.06592136844801628
0.95,0.33,0.2,16.0,-0.9037138166981937,0.09722902431261618,0.6048565537105471,0.06514344628945283
0.95,0.33,0.2,16.25,-0.9295504192102064,0.09608018795056324,0.6056262740731225,0.06437372592687736
0.95,0.33,0.2,16.5,-0.9556727104903309,0.09494349837650685,0.6063878560877404,0.06361214391225958
0.95,0.33,0.2,16.75,-0.9820776656883883,0.09381886080308871,0.6071413632619305,0.06285863673806943
0.95,0.33,0.2,17.0,-1.0087622836596561,0.09270618037786223,0.6078868591468323,0.062113140853167687
0.95,0.33,0.2,17.25,-1.0357235869782504,0.09160536220646895,0.6086244073216657,0.06137559267833419
0.95,0.33,0.2,17.5,-1.0629586219447438,0.09051631137527807,0.6093540713785637,0.06064592862143631
0.95,0.33,0.2,17.75,-1.0904644585882277,0.08943893297349219,0.6100759149077601,0.05992408509223976
0.95,0.33,0.2,18.0,-1.1182381906628738,0.08837313211472479,0.6107900014831343,0.059209998516865606
0.95,0.33,0.2,18.25,-1.1462769356392086,0.08731881395805245,0.6114963946481048,0.05850360535189514
0.95,0.33,0.2,18.5,-1.1745778346901576,0.08627588372854726,0.6121951579018733,0.05780484209812666
0.95,0.33,0.2,18.75,-1.2031380526720383,0.08524424673729417,0.6128863546860128,0.057113645313987084
0.95,0.33,0.2,19.0,-1.2319547781006168,0.08422380840089731,0.6135700483713987,0.05642995162860119
0.95,0.33,0.2,19.25,-1.261025223122323,0.0832144742604821,0.6142463022454769,0.055753697754523004
0.95,0.33,0.2,19.5,-1.2903466234808154,0.08221615000019637,0.6149151794998684,0.05508482050013156
0.95,0.33,0.2,19.75,-1.3199162384789456,0.08122874146521736,0.6155767432183044,0.05442325678169562
0.95,0.33,0.2,20.0,-1.3497313509363282,0.08025215467926977,0.6162310563648892,0.05376894363511074
0.95,0.33,0.2,20.25,-1.3797892671425394,0.0792862958616597,0.6168781817726879,0.05312181822731199
0.95,0.33,0.2,20.5,-1.4100873168061492,0.07833107144383186,0.6175181821326325,0.052481817867367345
0.95,0.33,0.2,20.75,-1.4406228529996814,0.07738638808545403,0.6181511199827457,0.0518488800172542
0.95,0.33,0.2,21.0,-1.471393252100563,0.0764521526900363,0.6187770576976755,0.05122294230232432
0.95,0.33,0.2,21.25,-1.5023959137283005,0.0755282724200903,0.6193960574785394,0.0506039425214605
0.95,0.33,0.2,21.5,-1.5336282606778435,0.07461465471183444,0.6200081813430708,0.04999181865692907
0.95,0.33,0.2,21.75,-1.5650877388493978,0.07371120728945242,0.6206134911160668,0.04938650888393312
0.95,0.33,0.2,22.0,-1.5967718171746745,0.07281783817890981,0.6212120484201303,0.04878795157986957
0.95,0.33,0.2,22.25,-1.6286779875397728,0.07193445572133617,0.6218039146667047,0.048196085333295224
0.95,0.33,0.2,22.5,-1.6608037647047689,0.07106096858597857,0.6223891510473943,0.04761084895260564
0.95,0.33,0.2,22.75,-1.6931466862200883,0.07019728578273325,0.6229678185255687,0.04703218147443127
0.95,0.33,0.2,23.0,-1.7257043123398499,0.06934331667426148,0.6235399778282447,0.04646002217175519
0.95,0.33,0.2,23.25,-1.7584742259321757,0.06849897098769632,0.6241056894382434,0.04589431056175653
0.95,0.33,0.2,23.5,-1.7914540323866746,0.06766415882594731,0.6246650135866152,0.045334986413384695
0.95,0.33,0.2,23.75,-1.8246413595191062,0.06683879067860857,0.6252180102453322,0.04478198975466773
0.95,0.33,0.2,24.0,-1.8580338574733997,0.0660227774324779,0.6257647391202398,0.044235260879760194
0.95,0.33,0.2,24.25,-1.8916291986210796,0.06521603038169303,0.6263052596442656,0.04369474035573433
0.95,0.33,0.2,24.5,-1.9254250774581925,0.06441846123749118,0.6268396309708808,0.043160369029119086
0.95,0.33,0.2,24.75,-1.95941921049985,0.06362998213759974,0.6273679119678081,0.04263208803219182
0.95,0.33,0.2,25.0,-1.9936093361724923,0.06285050565526304,0.6278901612109736,0.04210983878902623
0.95,0.33,0.2,25.25,-2.0279932147038946,0.06207994480791317,0.6284064369786981,0.04159356302130182
0.95,0.33,0.2,25.5,-2.062568628011074,0.06131821306549067,0.6289167972461212,0.04108320275387874
0.95,0.33,0.2,25.75,-2.097333379586172,0.06056522435842147,0.6294212996798575,0.04057870032014238
0.95,0.33,0.2,26.0,-2.132285294380356,0.05982089308525762,0.6299200016328773,0.0400799983671226
0.95,0.33,0.2,26.25,-2.1674222186858887,0.05908513411998685,0.6304129601396088,0.039587039860391186
0.95,0.33,0.2,26.5,-2.2027420200163634,0.05835786281901861,0.6309002319112574,0.039099768088742465
0.95,0.33,0.2,26.75,-2.2382425869852733,0.05763899502785257,0.6313818733313388,0.03861812666866122
0.95,0.33,0.2,27.0,-2.2739218291829344,0.05692844708743555,0.6318579404514181,0.03814205954858182
0.95,0.33,0.2,27.25,-2.309777677051864,0.05622613584021431,0.6323284889870564,0.03767151101294358
0.95,0.33,0.2,27.5,-2.345808081760677,0.05553197863588925,0.6327935743139541,0.03720642568604579
0.95,0.33,0.2,27.75,-2.3820110150765834,0.05484589333687618,0.6332532514642929,0.03674674853570704
0.95,0.33,0.2,28.0,-2.4183844692365573,0.054167798323482154,0.6337075751232669,0.03629242487673304
0.95,0.33,0.2,28.25,-2.454926456817249,0.05349761249880107,0.6341565996258033,0.03584340037419671
0.95,0.33,0.2,28.5,-2.491635010603701,0.052835255293336054,0.6346003789534648,0.03539962104653515
0.95,0.33,0.2,28.75,-2.5285081834569443,0.052180646669353764,0.6350389667315329,0.034961033268467015
0.95,0.33,0.2,29.0,-2.5655440481805547,0.05153370712497708,0.6354724162262653,0.03452758377373464
0.95,0.33,0.2,29.25,-2.6027406973861793,0.05089435769802236,0.635900780342325,0.03409921965767498
0.95,0.33,0.2,29.5,-2.6400962433581863,0.050262519969586285,0.636324111620377,0.033675888379622806
0.95,0.33,0.2,29.75,-2.6776088179173945,0.049638116067389285,0.6367424622348491,0.033257537765150814
0.95,0.33,0.2,30.0,-2.715276572284053,0.049021068668880154,0.6371558839918503,0.0328441160081497
0.95,0.33,0.2,30.25,-2.7530976769400204,0.04841130100410838,0.6375644283272474,0.03243557167275261
0.95,0.33,0.2,30.5,-2.791070321490296,0.04780873685836932,0.6379681463048925,0.03203185369510744
0.95,0.33,0.2,30.75,-2.82919271452389,0.047213300574628074,0.6383670886149991,0.03163291138500081
0.95,0.33,0.2,31.0,-2.867463083474139,0.046624917055727404,0.6387613055726626,0.031238694427337357
0.95,0.33,0.2,31.25,-2.9058796744784603,0.04604351176638484,0.639150847116522,0.03084915288347784
0.95,0.33,0.2,31.5,-2.9444407522376865,0.04546901073498512,0.6395357628075599,0.030464237192440027
0.95,0.33,0.2,31.75,-2.98314459987491,0.044901340555172184,0.6399161018280346,0.03008389817196536
0.95,0.33,0.2,32.0,-3.0219895187940207,0.04434042838724671,0.6402919129805447,0.029708087019455293
0.95,0.33,0.2,32.25,-3.0609738285378643,0.043786201959374126,0.6406632446872192,0.02933675531278066
0.95,0.33,0.2,32.5,-3.100095866646156,0.04323858956860765,0.6410301449890329,0.028969855010967122
0.95,0.33,0.2,32.75,-3.139353988513154,0.04269752008173233,0.6413926615452392,0.02860733845476066
0.95,0.33,0.2,33.0,-3.1787465672451205,0.042162922935933884,0.6417508416329242,0.0282491583670757
0.95,0.33,0.2,33.25,-3.218271993517676,0.041634728139297944,0.6421047321466703,0.02789526785332962
0.95,0.33,0.2,33.5,-3.25792867543302,0.04111286627114421,0.6424543795983333,0.027545620401666616
0.95,0.33,0.2,33.75,-3.297715038377089,0.04059726848219988,0.642799830116926,0.02720016988307392
0.95,0.33,0.2,34.0,-3.3376295248767245,0.040087866494617666,0.643141129448606,0.026858870551393833
0.95,0.33,0.2,34.25,-3.3776705944568017,0.03958459260184205,0.6434783229567658,0.02652167704323417
0.95,0.33,0.2,34.5,-3.4178367234974503,0.03908737966832895,0.6438114556222195,0.026188544377780395
0.95,0.33,0.2,34.75,-3.45812640509136,0.03859616112912283,0.6441405720434876,0.02585942795651229
0.95,0.33,0.2,35.0,-3.4985381489011886,0.038110870989295324,0.6444657164371721,0.025534283562827866
0.95,0.33,0.2,35.25,-3.5390704810171467,0.03763144382325034,0.6447869326384222,0.02521306736157773
0.95,0.33,0.2,35.5,-3.579721943814749,0.037157814773898824,0.6451042641014877,0.02489573589851221
0.95,0.33,0.2,35.75,-3.6204910958128362,0.03668991955170795,0.6454177539003556,0.024582246099644326
0.95,0.33,0.2,36.0,-3.6613765115317918,0.036227694433628624,0.6457274447294687,0.024272555270531175
0.95,0.33,0.2,36.25,-3.7023767813520623,0.03577107626190475,0.6460333789045237,0.02396662109547618
0.95,0.33,0.2,36.5,-3.7434905113730204,0.03532000244276887,0.6463355983633448,0.023664401636655143
0.95,0.33,0.2,36.75,-3.7847163232721206,0.03487441094502715,0.6466341446668317,0.023365855333168185
0.95,0.33,0.2,37.0,-3.826052854164454,0.03443424029853804,0.6469290589999794,0.023070941000020485
0.95,0.33,0.2,37.25,-3.8674987564626875,0.033999429592587935,0.647220382172966,0.022779617827033916
0.95,0.33,0.2,37.5,-3.9090526977374105,0.03356991847416725,0.6475081546223079,0.022491845377692055
0.95,0.33,0.2,37.75,-3.9507133605779416,0.03314564714615091,0.6477924164120789,0.022207583587921107
0.95,0.33,0.2,38.0,-3.992479442453597,0.03272655636538599,0.6480732072351914,0.02192679276480861
0.95,0.33,0.2,38.25,-4.034349655575438,0.0323125874406904,0.6483505664147373,0.021649433585262563
0.95,0.33,0.2,38.5,-4.076322726758541,0.03190368223076562,0.6486245329053869,0.021375467094612962
0.95,0.33,0.2,38.75,-4.118397397284806,0.03149978314202659,0.648895145294842,0.021104854705157813
0.95,0.33,0.2,39.0,-4.1605724227662835,0.031100833126352364,0.6491624418053439,0.020837558194656082
0.95,0.33,0.2,39.25,-4.202846573009126,0.030706775678759787,0.6494264602952309,0.020573539704769054
0.95,0.33,0.2,39.5,-4.245218631878078,0.030317554835004177,0.6496872382605471,0.020312761739452796
0.95,0.33,0.2,39.75,-4.287687397161623,0.029933115169109067,0.6499448128366969,0.02005518716330307
0.95,0.33,0.2,40.0,-4.330251680437701,0.0295534017908283,0.6501992208001449,0.019800779199854956
0.95,0.33,0.2,40.25,-4.37291030694014,0.029178360343043455,0.6504504985701608,0.019549501429839113
0.95,0.33,0.2,40.5,-4.415662115425658,0.028807936999098758,0.6506986822106038,0.019301317789396165
0.95,0.33,0.2,40.75,-4.458505958041636,0.028442078460076837,0.6509438074317484,0.01905619256825148
0.95,0.33,0.2,41.0,-4.501440700194493,0.028080731952017397,0.6511859095921483,0.018814090407851654
0.95,0.33,0.2,41.25,-4.544465220418811,0.027723845223081564,0.6514250237005352,0.018574976299464648
0.95,0.33,0.2,41.5,-4.587578410247179,0.027371366540664636,0.6516611844177547,0.018338815582245305
0.95,0.33,0.2,41.75,-4.630779174080722,0.0270232446884591,0.6518944260587324,0.018105573941267595
0.95,0.33,0.2,42.0,-4.6740664290604315,0.026679428963470954,0.6521247825944744,0.017875217405525536
0.95,0.33,0.2,42.25,-4.717439104939185,0.026339869172991158,0.6523522876540959,0.017647712345904076
0.95,0.33,0.2,42.5,-4.760896143954582,0.026004515631524557,0.6525769745268785,0.01742302547312145
0.95,0.33,0.2,42.75,-4.804436500702515,0.025673319157678877,0.6527988761643551,0.017201123835644847
0.95,0.33,0.2,43.0,-4.848059142011525,0.025346231071015274,0.6530180251824197,0.016981974817580233
0.95,0.33,0.2,43.25,-4.891763046818001,0.025023203188863176,0.6532344538634616,0.016765546136538325
0.95,0.33,0.2,43.5,-4.935547206042096,0.024704187823100958,0.6534481941585223,0.01655180584147764
0.95,0.33,0.2,43.75,-4.979410622464511,0.02438913777690485,0.6536592776894736,0.01634072231052625
0.95,0.33,0.2,44.0,-5.023352310604091,0.024078006341467686,0.6538677357512166,0.01613226424878335
0.95,0.33,0.2,44.25,-5.067371296596226,0.023770747292689458,0.654073599313898,0.015926400686101936
0.95,0.33,0.2,44.5,-5.1114666180720825,0.02346731488784186,0.654276899025146,0.015723100974854045
0.95,0.33,0.2,44.75,-5.155637324038691,0.02316766386220788,0.6544776652123206,0.015522334787679278
0.95,0.33,0.2,45.0,-5.199882474759859,0.022871749425699046,0.6546759278847816,0.015324072115218359
0.95,0.33,0.2,45.25,-5.244201141637949,0.022579527259451313,0.6548717167361675,0.015128283263832379
0.95,0.33,0.2,45.5,-5.288592407096488,0.022290953512401505,0.6550650611466909,0.014934938853309007
0.95,0.33,0.2,45.75,-5.333055364463654,0.022005984797846174,0.655255990185443,0.014744009814556935
0.95,0.33,0.2,46.0,-5.377589117856613,0.021724578189983797,0.6554445326127109,0.014555467387289142
0.95,0.33,0.2,46.25,-5.422192782066732,0.02144669122044256,0.6556307168823035,0.014369283117696514
0.95,0.33,0.2,46.5,-5.466865482445655,0.021172281874794602,0.6558145711438875,0.014185428856112382
0.95,0.33,0.2,46.75,-5.511606354792248,0.020901308589058372,0.6559961232453309,0.014003876754669107
0.95,0.33,0.2,47.0,-5.556414545240448,0.020633730246190668,0.6561754007350522,0.013824599264947746
0.95,0.33,0.2,47.25,-5.6012892101479395,0.02036950617256929,0.6563524308643786,0.013647569135621424
0.95,0.33,0.2,47.5,-5.646229515985748,0.020108596134468058,0.6565272405899063,0.013472759410093597
0.95,0.33,0.2,47.75,-5.691234639228727,0.019850960334525054,0.6566998565758682,0.013300143424131786
0.95,0.33,0.2,48.0,-5.736303766246879,0.019596559408205566,0.6568703051965021,0.013129694803497727
0.95,0.33,0.2,48.25,-5.781436093197609,0.019345354420260932,0.6570386125384251,0.012961387461574823
0.95,0.33,0.2,48.5,-5.826630825918848,0.01909730686118418,0.6572048044030065,0.0127951955969934
0.95,0.33,0.2,48.75,-5.871887179823049,0.01885237864366397,0.6573689063087451,0.012631093691254858
0.95,0.33,0.2,49.0,-5.9172043797920955,0.018610532099037527,0.6575309434936448,0.012469056506355143
0.95,0.33,0.2,49.25,-5.962581660073067,0.018371729973743846,0.6576909409175916,0.012309059082408376
0.95,0.33,0.2,49.5,-6.008018264174911,0.0181359354257782,0.6578489232647285,0.012151076735271393
0.95,0.33,0.2,49.75,-6.05351344476602,0.017903112021148675,0.6580049149458304,0.01199508505416961
0.95,0.33,0.2,50.0,-6.099066463572633,0.017673223730336085,0.6581589401006748,0.011841059899325176
0.95,0.33,0.2,50.25,-6.144676591278187,0.017446234924757754,0.6583110226004123,0.011688977399587694
0.95,0.33,0.2,50.5,-6.190343107423513,0.017222110373236305,0.6584611860499316,0.011538813950068323
0.95,0.33,0.2,50.75,-6.236065300307922,0.01700081523847435,0.6586094537902222,0.011390546209777813
0.95,0.33,0.2,51.0,-6.281842466891199,0.016782315073535614,0.6587558489007311,0.01124415109926886
0.95,0.33,0.2,51.25,-6.327673912696406,0.01656657581833374,0.6589003942017163,0.011099605798283606
0.95,0.33,0.2,51.5,-6.373558951713667,0.016353563796128956,0.6590431122565935,0.0109568877434064
0.95,0.33,0.2,51.75,-6.419496906304714,0.01614324571003402,0.6591840253742771,0.010815974625722794
0.95,0.33,0.2,52.0,-6.465487107108389,0.015935588639529544,0.6593231556115151,0.010676844388484794
0.95,0.33,0.2,52.25,-6.511528892946979,0.015730560036989732,0.6594605247752169,0.010539475224783119
0.95,0.33,0.2,52.5,-6.5576216107334275,0.01552812772421919,0.659596154424773,0.010403845575226858
0.95,0.33,0.2,52.75,-6.603764615379413,0.015328259889001184,0.6597300658743691,0.010269934125630792
0.95,0.33,0.2,53.0,-6.64995726970427,0.015130925081658333,0.6598622801952888,0.010137719804711082
0.95,0.33,0.2,53.25,-6.696198944344795,0.01493609221162599,0.6599928182182105,0.010007181781789413
0.95,0.33,0.2,53.5,-6.742489017665898,0.014743730544038998,0.6601217005354938,0.009878299464506128
0.95,0.33,0.2,53.75,-6.788826875672086,0.014553809696332545,0.6602489475034571,0.009751052496542803
0.95,0.33,0.2,54.0,-6.835211911919838,0.014366299634857218,0.6603745792446456,0.009625420755354335
0.95,0.33,0.2,54.25,-6.881643527430766,0.014181170671509258,0.6604986156500887,0.009501384349911202
0.95,0.33,0.2,54.5,-6.928121130605673,0.013998393460376058,0.660621076381548,0.009378923618451957
0.95,0.33,0.2,54.75,-6.974644137139414,0.013817938994397582,0.6607419808737536,0.009258019126246379
0.95,0.33,0.2,55.0,-7.021211969936594,0.013639778602044208,0.6608613483366302,0.009138651663369619
0.95,0.33,0.2,55.25,-7.067824059028111,0.013463883944011115,0.6609791977575125,0.009020802242487446
0.95,0.33,0.2,55.5,-7.114479841488501,0.013290227009930006,0.6610955479033468,0.008904452096653104
0.95,0.33,0.2,55.75,-7.161178761354105,0.013118780115098207,0.6612104173228841,0.008789582677115798
0.95,0.33,0.2,56.0,-7.207920269542088,0.012949515897225643,0.6613238243488588,0.00867617565114118
0.95,0.33,0.2,56.25,-7.2547038237702175,0.012782407313200145,0.6614357871001558,0.008564212899844097
0.95,0.33,0.2,56.5,-7.301528888477467,0.012617427635871169,0.6615463234839662,0.008453676516033681
0.95,0.33,0.2,56.75,-7.348394934745449,0.012454550450852458,0.6616554511979288,0.008344548802071146
0.95,0.33,0.2,57.0,-7.3953014402205985,0.012293749653343842,0.6617631877322595,0.008236812267740373
0.95,0.33,0.2,57.25,-7.4422478890371915,0.012134999444972398,0.6618695503718685,0.008130449628131507
0.95,0.33,0.2,57.5,-7.489233771741108,0.011978274330653436,0.6619745561984621,0.008025443801537802
0.95,0.33,0.2,57.75,-7.536258585214429,0.011823549115471278,0.6620782220926342,0.007921777907365755
0.95,0.33,0.2,58.0,-7.583321832600751,0.011670798901580355,0.6621805647359411,0.007819435264058837
0.95,0.33,0.2,58.25,-7.630423023231327,0.011519999085126601,0.6622816006129651,0.0077183993870348225
0.95,0.33,0.2,58.5,-7.677561672551943,0.011371125353189461,0.662381346013363,0.007618653986636938
0.95,0.33,0.2,58.75,-7.724737302050567,0.011224153680744791,0.6624798170339009,0.007520182966099009
0.95,0.33,0.2,59.0,-7.771949439185743,0.011079060327648589,0.6625770295804754,0.007422970419524554
0.95,0.33,0.2,59.25,-7.819197617315758,0.010935821835642031,0.6626729993701198,0.00732700062988016
0.95,0.33,0.2,59.5,-7.866481375628541,0.010794415025377648,0.6627677419329969,0.007232258067003023
0.95,0.33,0.2,59.75,-7.913800259072298,0.010654816993467122,0.6628612726143769,0.007138727385622971
0.95,0.33,0.2,60.0,-7.96115381828689,0.01051700510955053,0.6629536065766011,0.007046393423398854
0.95,0.33,0.2,60.25,-8.008541609535953,0.010380957013387322,0.6630447588010304,0.006955241198969505
0.95,0.33,0.2,60.5,-8.055963194639705,0.010246650611969194,0.6631347440899806,0.006865255910019359
0.95,0.33,0.2,60.75,-8.10341814090852,0.010114064076654742,0.6632235770686413,0.006776422931358677
0.95,0.33,0.2,61.0,-8.150906021077182,0.009983175840326266,0.6633112721869814,0.006688727813018597
0.95,0.33,0.2,61.25,-8.19842641323985,0.00985396459456855,0.663397843721639,0.006602156278360928
0.95,0.33,0.2,61.5,-8.24597890078576,0.00972640928686984,0.6634833057777971,0.006516694222202793
0.95,0.33,0.2,61.75,-8.293563072335557,0.009600489117845097,0.6635676722910437,0.006432327708956214
0.95,0.33,0.2,62.0,-8.341178521678389,0.00947618353848142,0.6636509570292174,0.006349042970782551
0.95,0.33,0.2,62.25,-8.388824847709639,0.009353472247405901,0.663733173594238,0.006266826405761953
0.95,0.33,0.2,62.5,-8.436501654369371,0.009232335188175773,0.6638143354239221,0.0061856645760777675
0.95,0.33,0.2,62.75,-8.48420855058141,0.009112752546590941,0.663894455793784,0.00610554420621593
0.95,0.33,0.2,63.0,-8.531945150193147,0.00899470474802898,0.6639735478188205,0.006026452181179416
0.95,0.33,0.2,63.25,-8.579711071915936,0.008878172454802475,0.6640516244552822,0.005948375544717658
0.95,0.33,0.2,63.5,-8.627505939266229,0.008763136563538882,0.6641286985024288,0.00587130149757105
0.95,0.33,0.2,63.75,-8.675329380507279,0.008649578202582739,0.6642047826042695,0.005795217395730435
0.95,0.33,0.2,64.0,-8.723181028591583,0.008537478729420312,0.6642798892512883,0.005720110748711608
0.95,0.33,0.2,64.25,-8.77106052110387,0.008426819728126714,0.664354030782155,0.005645969217844897
0.95,0.33,0.2,64.5,-8.818967500204801,0.008317583006835293,0.6644272193854203,0.005572780614579645
0.95,0.33,0.2,64.75,-8.866901612575255,0.008209750595229515,0.6644994671011961,0.005500532898803774
0.95,0.33,0.2,65.0,-8.914862509361253,0.008103304742057067,0.6645707858228217,0.005429214177178235
0.95,0.33,0.2,65.25,-8.962849846119504,0.00799822791266628,0.6646411872985135,0.005358812701486406
0.95,0.33,0.2,65.5,-9.010863282763568,0.007894502786564853,0.6647106831330014,0.005289316866998451
0.95,0.33,0.2,65.75,-9.05890248351059,0.007792112255000682,0.6647792847891495,0.005220715210850457
0.95,0.33,0.2,66.0,-9.106967116828711,0.007691039418564931,0.6648470035895614,0.0051529964104385035
0.95,0.33,0.2,66.25,-9.155056855384988,0.007591267584817112,0.6649138507181724,0.005086149281827464
0.95,0.33,0.2,66.5,-9.20317137599396,0.007492780265932214,0.6649798372218253,0.005020162778174583
0.95,0.33,0.2,66.75,-9.251310359566801,0.007395561176369823,0.6650449740118322,0.004955025988167781
0.95,0.33,0.2,67.0,-9.299473491061011,0.007299594230565057,0.6651092718655214,0.0048907281344785876
0.95,0.33,0.2,67.25,-9.347660459430735,0.007204863540641389,0.6651727414277702,0.00482725857222973
0.95,0.33,0.2,67.5,-9.39587095757761,0.007111353414145103,0.6652353932125227,0.004764606787477218
0.95,0.33,0.2,67.75,-9.444104682302182,0.007019048351801502,0.6652972376042929,0.0047027623957070054
0.95,0.33,0.2,68.0,-9.492361334255913,0.006927933045292584,0.6653582848596539,0.004641715140346031
0.95,0.33,0.2,68.25,-9.540640617893697,0.006837992375056208,0.6654185451087122,0.004581454891287659
0.95,0.33,0.2,68.5,-9.58894224142696,0.006749211408106676,0.6654780283565684,0.004521971643431473
0.95,0.33,0.2,68.75,-9.637265916777256,0.006661575395876512,0.6655367444847626,0.004463255515237262
0.95,0.33,0.2,69.0,-9.685611359530483,0.0065750697720794804,0.6655947032527068,0.004405296747293251
0.95,0.33,0.2,69.25,-9.733978288891521,0.0064896801505946455,0.6656519142991015,0.004348085700898412
0.95,0.33,0.2,69.5,-9.782366427639484,0.006405392323371371,0.6657083871433411,0.004291612856658818
0.95,0.33,0.2,69.75,-9.830775502083466,0.0063221922583552356,0.6657641311869019,0.004235868813098008
0.95,0.33,0.2,70.0,-9.879205242018777,0.006240066097434616,0.6658191557147187,0.004180844285281192
0.95,0.33,0.2,70.25,-9.927655380683731,0.006159000154407972,0.6658734698965466,0.004126530103453341
0.95,0.33,0.2,70.5,-9.976125654716906,0.006078980912971594,0.665927082788309,0.004072917211690967
0.95,0.33,0.2,70.75,-10.024615804114937,0.00599999502472774,0.6659800033334323,0.0040199966665675855
0.95,0.33,0.2,71.0,-10.073125572190772,0.005922029307213109,0.6660322403641672,0.003967759635832783
0.95,0.33,0.2,71.25,-10.121654705532428,0.005845070741947377,0.6660838026028951,0.003916197397104742
0.95,0.33,0.2,71.5,-10.170202953962258,0.005769106472501845,0.6661346986634237,0.003865301336576236
0.95,0.33,0.2,71.75,-10.218770070496657,0.0056941238025879325,0.666184937052266,0.0038150629477339145
0.95,0.33,0.2,72.0,-10.267355811306274,0.005620110194165447,0.6662345261699091,0.003765473830090849
0.95,0.33,0.2,72.25,-10.315959935676682,0.005547053265570551,0.6662834743120676,0.003716525687932269
0.95,0.33,0.2,72.5,-10.364582205969521,0.005474940789663158,0.6663317896709257,0.0036682103290743154
0.95,0.33,0.2,72.75,-10.413222387584083,0.005403760691993804,0.6663794803363641,0.003620519663635848
0.95,0.33,0.2,73.0,-10.461880248919385,0.005333501048989693,0.6664265542971769,0.003573445702823094
0.95,0.33,0.2,73.25,-10.51055556133665,0.005264150086159886,0.6664730194422728,0.0035269805577271235
0.95,0.33,0.2,73.5,-10.559248099122293,0.00519569617631949,0.6665188835618658,0.003481116438134058
0.95,0.33,0.2,73.75,-10.607957639451278,0.005128127837832636,0.666564154348652,0.003435845651347866
0.95,0.33,0.2,74.0,-10.656683962350979,0.005061433732874232,0.6666088393989742,0.0033911606010257355
0.95,0.33,0.2,74.25,-10.705426850665415,0.004995602665710228,0.6666529462139741,0.0033470537860258525
0.95,0.33,0.2,74.5,-10.754186090019967,0.00493062358099631,0.6666964822007324,0.0033035177992675278
0.95,0.33,0.2,74.75,-10.802961468786478,0.004866485562094939,0.6667394546733963,0.0032605453266036093
0.95,0.33,0.2,75.0,-10.85175277804878,0.0048031778294104575,0.666781870854295,0.0032181291457050063
0.95,0.33,0.2,75.25,-10.900559811568645,0.004740689738742282,0.6668237378750426,0.0031762621249573288
0.95,0.33,0.2,75.5,-10.949382365752145,0.004679010779655884,0.6668650627776305,0.003134937222369442
0.95,0.33,0.2,75.75,-10.998220239616405,0.00461813057387157,0.6669058525155059,0.0030941474844939517
0.95,0.33,0.2,76.0,-11.04707323475677,0.004558038873670786,0.6669461139546405,0.0030538860453594263
0.95,0.33,0.2,76.25,-11.095941155314353,0.004498725560319872,0.6669858538745856,0.003014146125414314
0.95,0.33,0.2,76.5,-11.144823807943997,0.004440180642511148,0.6670250789695175,0.0029749210304824687
0.95,0.33,0.2,76.75,-11.1937210017826,0.004382394254821101,0.6670637958492698,0.0029362041507301376
0.95,0.33,0.2,77.0,-11.242632548417838,0.004325356656185612,0.6671020110403556,0.0028979889596443594
0.95,0.33,0.2,77.25,-11.291558261857272,0.004269058228392049,0.6671397309869772,0.0028602690130226727
0.95,0.33,0.2,77.5,-11.34049795849781,0.004213489474588061,0.6671769620520259,0.0028230379479740005
0.95,0.33,0.2,77.75,-11.389451457095557,0.004158641017806977,0.6672137105180693,0.002786289481930674
0.95,0.33,0.2,78.0,-11.438418578736027,0.004104503599509628,0.6672499825883285,0.002750017411671451
0.95,0.33,0.2,78.25,-11.487399146804712,0.004051068078142442,0.6672857843876445,0.0027142156123554357
0.95,0.33,0.2,78.5,-11.536392986958028,0.003998325427711731,0.6673211219634331,0.0026788780365668598
0.95,0.33,0.2,78.75,-11.585399927094578,0.003946266736373933,0.6673560012866294,0.002643998713370535
0.95,0.33,0.2,79.0,-11.634419797326814,0.003894883205041761,0.667390428252622,0.0026095717473779796
0.95,0.33,0.2,79.25,-11.683452429953004,0.003844166146006046,0.6674244086821759,0.0025755913178240504
0.95,0.33,0.2,79.5,-11.732497659429562,0.003794106981573144,0.667457948322346,0.0025420516776540063
0.95,0.33,0.2,79.75,-11.781555322343717,0.0037446972427178293,0.667491052847379,0.0025089471526209455
0.95,0.33,0.2,80.0,-11.830625257386508,0.00369592856775141,0.6675237278596066,0.0024762721403934445
1.0,0.33,0.2,0.0,0.0,0.2,0.5359999999999999,0.13399999999999998
1.0,0.33,0.2,0.25,0.0,0.2,0.5359999999999999,0.13399999999999998
1.0,0.33,0.2,0.5,0.0,0.2,0.5359999999999999,0.13399999999999998
1.0,0.33,0.2,0.75,0.0,0.2,0.5359999999999999,0.13399999999999998
1.0,0.33,0.2,1.0,0.0,0.2,0.5359999999999999,0.13399999999999998
1.0,0.33,0.2,1.25,0.0,0.2,0.5359999999999999,0.13399999999999998
1.0,0.33,0.2,1.5,0.0,0.2,0.5359999999999999,0.13399999999999998
1.0,0.33,0.2,1.75,0.0,0.2,0.5359999999999999,0.13399999999999998
1.0,0.33,0.2,2.0,0.0,0.2,0.5359999999999999,0.13399999999999998
1.0,0.33,0.2,2.25,0.0,0.2,0.5359999999999999,0.13399999999999998
1.0,0.33,0.2,2.5,0.0,0.2,0.5359999999999999,0.13399999999999998
1.0,0.33,0.2,2.75,0.0,0.2,0.5359999999999999,0.13399999999999998
1.0,0.33,0.2,3.0,0.0,0.2,0.5359999999999999,0.13399999999999998
1.0,0.33,0.2,3.25,0.0,0.2,0.5359999999999999,0.13399999999999998
1.0,0.33,0.2,3.5,0.0,0.2,0.5359999999999999,0.13399999999999998
1.0,0.33,0.2,3.75,0.0,0.2,0.5359999999999999,0.13399999999999998
1.0,0.33,0.2,4.0,0.0,0.2,0.5359999999999999,0.13399999999999998
1.0,0.33,0.2,4.25,0.0,0.2,0.5359999999999999,0.13399999999999998
1.0,0.33,0.2,4.5,0.0,0.2,0.5359999999999999,0.13399999999999998
1.0,0.33,0.2,4.75,0.0,0.2,0.5359999999999999,0.13399999999999998
1.0,0.33,0.2,5.0,0.0,0.2,0.5359999999999999,0.13399999999999998
1.0,0.33,0.2,5.25,0.0,0.2,0.5359999999999999,0.13399999999999998
1.0,0.33,0.2,5.5,0.0,0.2,0.5359999999999999,0.13399999999999998
1.0,0.33,0.2,5.75,0.0,0.2,0.5359999999999999,0.13399999999999998
1.0,0.33,0.2,6.0,0.0,0.2,0.5359999999999999,0.13399999999999998
1.0,0.33,0.2,6.25,0.0,0.2,0.5359999999999999,0.13399999999999998
1.0,0.33,0.2,6.5,0.0,0.2,0.5359999999999999,0.13399999999999998
1.0,0.33,0.2,6.75,0.0,0.2,0.5359999999999999,0.13399999999999998
1.0,0.33,0.2,7.0,0.0,0.2,0.5359999999999999,0.13399999999999998
1.0,0.33,0.2,7.25,0.0,0.2,0.5359999999999999,0.13399999999999998
1.0,0.33,0.2,7.5,0.0,0.2,0.5359999999999999,0.13399999999999998
1.0,0.33,0.2,7.75,0.0,0.2,0.5359999999999999,0.13399999999999998
1.0,0.33,0.2,8.0,0.0,0.2,0.5359999999999999,0.13399999999999998
1.0,0.33,0.2,8.25,0.0,0.2,0.5359999999999999,0.13399999999999998
1.0,0.33,0.2,8.5,0.0,0.2,0.5359999999999999,0.13399999999999998
1.0,0.33,0.2,8.75,0.0,0.2,0.5359999999999999,0.13399999999999998
1.0,0.33,0.2,9.0,0.0,0.2,0.5359999999999999,0.13399999999999998
1.0,0.33,0.2,9.25,0.0,0.2,0.5359999999999999,0.13399999999999998
1.0,0.33,0.2,9.5,0.0,0.2,0.5359999999999999,0.13399999999999998
1.0,0.33,0.2,9.75,0.0,0.2,0.5359999999999999,0.13399999999999998
1.0,0.33,0.2,10.0,0.0,0.2,0.5359999999999999,0.13399999999999998
1.0,0.33,0.2,10.25,0.0,0.2,0.5359999999999999,0.13399999999999998
1.0,0.33,0.2,10.5,0.0,0.2,0.5359999999999999,0.13399999999999998
1.0,0.33,0.2,10.75,0.0,0.2,0.5359999999999999,0.13399999999999998
1.0,0.33,0.2,11.0,0.0,0.2,0.5359999999999999,0.13399999999999998
1.0,0.33,0.2,11.25,0.0,0.2,0.5359999999999999,0.13399999999999998
1.0,0.33,0.2,11.5,0.0,0.2,0.5359999999999999,0.13399999999999998
1.0,0.33,0.2,11.75,0.0,0.2,0.5359999999999999,0.13399999999999998
1.0,0.33,0.2,12.0,0.0,0.2,0.5359999999999999,0.13399999999999998
1.0,0.33,0.2,12.25,0.0,0.2,0.5359999999999999,0.13399999999999998
1.0,0.33,0.2,12.5,0.0,0.2,0.5359999999999999,0.13399999999999998
1.0,0.33,0.2,12.75,0.0,0.2,0.5359999999999999,0.13399999999999998
1.0,0.33,0.2,13.0,0.0,0.2,0.5359999999999999,0.13399999999999998
1.0,0.33,0.2,13.25,0.0,0.2,0.5359999999999999,0.13399999999999998
1.0,0.33,0.2,13.5,0.0,0.2,0.5359999999999999,0.13399999999999998
1.0,0.33,0.2,13.75,0.0,0.2,0.5359999999999999,0.13399999999999998
1.0,0.33,0.2,14.0,0.0,0.2,0.5359999999999999,0.13399999999999998
1.0,0.33,0.2,14.25,0.0,0.2,0.5359999999999999,0.13399999999999998
1.0,0.33,0.2,14.5,0.0,0.2,0.5359999999999999,0.13399999999999998
1.0,0.33,0.2,14.75,0.0,0.2,0.5359999999999999,0.13399999999999998
1.0,0.33,0.2,15.0,0.0,0.2,0.5359999999999999,0.13399999999999998
1.0,0.33,0.2,15.25,0.0,0.2,0.5359999999999999,0.13399999999999998
1.0,0.33,0.2,15.5,0.0,0.2,0.5359999999999999,0.13399999999999998
1.0,0.33,0.2,15.75,0.0,0.2,0.5359999999999999,0.13399999999999998
1.0,0.33,0.2,16.0,0.0,0.2,0.5359999999999999,0.13399999999999998
1.0,0.33,0.2,16.25,0.0,0.2,0.5359999999999999,0.13399999999999998
1.0,0.33,0.2,16.5,0.0,0.2,0.5359999999999999,0.13399999999999998
1.0,0.33,0.2,16.75,0.0,0.2,0.5359999999999999,0.13399999999999998
1.0,0.33,0.2,17.0,0.0,0.2,0.5359999999999999,0.13399999999999998
1.0,0.33,0.2,17.25,0.0,0.2,0.5359999999999999,0.13399999999999998
1.0,0.33,0.2,17.5,0.0,0.2,0.5359999999999999,0.13399999999999998
1.0,0.33,0.2,17.75,0.0,0.2,0.5359999999999999,0.13399999999999998
1.0,0.33,0.2,18.0,0.0,0.2,0.5359999999999999,0.13399999999999998
1.0,0.33,0.2,18.25,0.0,0.2,0.5359999999999999,0.13399999999999998
1.0,0.33,0.2,18.5,0.0,0.2,0.5359999999999999,0.13399999999999998
1.0,0.33,0.2,18.75,0.0,0.2,0.5359999999999999,0.13399999999999998
1.0,0.33,0.2,19.0,0.0,0.2,0.5359999999999999,0.13399999999999998
1.0,0.33,0.2,19.25,0.0,0.2,0.5359999999999999,0.13399999999999998
1.0,0.33,0.2,19.5,0.0,0.2,0.5359999999999999,0.13399999999999998
1.0,0.33,0.2,19.75,0.0,0.2,0.5359999999999999,0.13399999999999998
1.0,0.33,0.2,20.0,0.0,0.2,0.5359999999999999,0.13399999999999998
1.0,0.33,0.2,20.25,0.0,0.2,0.5359999999999999,0.13399999999999998
1.0,0.33,0.2,20.5,0.0,0.2,0.5359999999999999,0.13399999999999998
1.0,0.33,0.2,20.75,0.0,0.2,0.5359999999999999,0.13399999999999998
1.0,0.33,0.2,21.0,0.0,0.2,0.5359999999999999,0.13399999999999998
1.0,0.33,0.2,21.25,0.0,0.2,0.5359999999999999,0.13399999999999998
1.0,0.33,0.2,21.5,0.0,0.2,0.5359999999999999,0.13399999999999998
1.0,0.33,0.2,21.75,0.0,0.2,0.5359999999999999,0.13399999999999998
1.0,0.33,0.2,22.0,0.0,0.2,0.5359999999999999,0.13399999999999998
1.0,0.33,0.2,22.25,0.0,0.2,0.5359999999999999,0.13399999999999998
1.0,0.33,0.2,22.5,0.0,0.2,0.5359999999999999,0.13399999999999998
1.0,0.33,0.2,22.75,0.0,0.2,0.5359999999999999,0.13399999999999998
1.0,0.33,0.2,23.0,0.0,0.2,0.5359999999999999,0.13399999999999998
1.0,0.33,0.2,23.25,0.0,0.2,0.5359999999999999,0.13399999999999998
1.0,0.33,0.2,23.5,0.0,0.2,0.5359999999999999,0.13399999999999998
1.0,0.33,0.2,23.75,0.0,0.2,0.5359999999999999,0.13399999999999998
1.0,0.33,0.2,24.0,0.0,0.2,0.5359999999999999,0.13399999999999998
1.0,0.33,0.2,24.25,0.0,0.2,0.5359999999999999,0.13399999999999998
1.0,0.33,0.2,24.5,0.0,0.2,0.5359999999999999,0.13399999999999998
1.0,0.33,0.2,24.75,0.0,0.2,0.5359999999999999,0.13399999999999998
1.0,0.33,0.2,25.0,0.0,0.2,0.5359999999999999,0.13399999999999998
1.0,0.33,0.2,25.25,0.0,0.2,0.5359999999999999,0.13399999999999998
1.0,0.33,0.2,25.5,0.0,0.2,0.5359999999999999,0.13399999999999998
1.0,0.33,0.2,25.75,0.0,0.2,0.5359999999999999,0.13399999999999998
1.0,0.33,0.2,26.0,0.0,0.2,0.5359999999999999,0.13399999999999998
1.0,0.33,0.2,26.25,0.0,0.2,0.5359999999999999,0.13399999999999998
1.0,0.33,0.2,26.5,0.0,0.2,0.5359999999999999,0.13399999999999998
1.0,0.33,0.2,26.75,0.0,0.2,0.5359999999999999,0.13399999999999998
1.0,0.33,0.2,27.0,0.0,0.2,0.5359999999999999,0.13399999999999998
1.0,0.33,0.2,27.25,0.0,0.2,0.5359999999999999,0.13399999999999998
1.0,0.33,0.2,27.5,0.0,0.2,0.5359999999999999,0.13399999999999998
1.0,0.33,0.2,27.75,0.0,0.2,0.5359999999999999,0.13399999999999998
1.0,0.33,0.2,28.0,0.0,0.2,0.5359999999999999,0.13399999999999998
1.0,0.33,0.2,28.25,0.0,0.2,0.5359999999999999,0.13399999999999998
1.0,0.33,0.2,28.5,0.0,0.2,0.5359999999999999,0.13399999999999998
1.0,0.33,0.2,28.75,0.0,0.2,0.5359999999999999,0.13399999999999998
1.0,0.33,0.2,29.0,0.0,0.2,0.5359999999999999,0.13399999999999998
1.0,0.33,0.2,29.25,0.0,0.2,0.5359999999999999,0.13399999999999998
1.0,0.33,0.2,29.5,0.0,0.2,0.5359999999999999,0.13399999999999998
1.0,0.33,0.2,29.75,0.0,0.2,0.5359999999999999,0.13399999999999998
1.0,0.33,0.2,30.0,0.0,0.2,0.5359999999999999,0.13399999999999998
1.0,0.33,0.2,30.25,0.0,0.2,0.5359999999999999,0.13399999999999998
1.0,0.33,0.2,30.5,0.0,0.2,0.5359999999999999,0.13399999999999998
1.0,0.33,0.2,30.75,0.0,0.2,0.5359999999999999,0.13399999999999998
1.0,0.33,0.2,31.0,0.0,0.2,0.5359999999999999,0.13399999999999998
1.0,0.33,0.2,31.25,0.0,0.2,0.5359999999999999,0.13399999999999998
1.0,0.33,0.2,31.5,0.0,0.2,0.5359999999999999,0.13399999999999998
1.0,0.33,0.2,31.75,0.0,0.2,0.5359999999999999,0.13399999999999998
1.0,0.33,0.2,32.0,0.0,0.2,0.5359999999999999,0.13399999999999998
1.0,0.33,0.2,32.25,0.0,0.2,0.5359999999999999,0.13399999999999998
1.0,0.33,0.2,32.5,0.0,0.2,0.5359999999999999,0.13399999999999998
1.0,0.33,0.2,32.75,0.0,0.2,0.5359999999999999,0.13399999999999998
1.0,0.33,0.2,33.0,0.0,0.2,0.5359999999999999,0.13399999999999998
1.0,0.33,0.2,33.25,0.0,0.2,0.5359999999999999,0.13399999999999998
1.0,0.33,0.2,33.5,0.0,0.2,0.5359999999999999,0.13399999999999998
1.0,0.33,0.2,33.75,0.0,0.2,0.5359999999999999,0.13399999999999998
1.0,0.33,0.2,34.0,0.0,0.2,0.5359999999999999,0.13399999999999998
1.0,0.33,0.2,34.25,0.0,0.2,0.5359999999999999,0.13399999999999998
1.0,0.33,0.2,34.5,0.0,0.2,0.5359999999999999,0.13399999999999998
1.0,0.33,0.2,34.75,0.0,0.2,0.5359999999999999,0.13399999999999998
1.0,0.33,0.2,35.0,0.0,0.2,0.5359999999999999,0.13399999999999998
1.0,0.33,0.2,35.25,0.0,0.2,0.5359999999999999,0.13399999999999998
1.0,0.33,0.2,35.5,0.0,0.2,0.5359999999999999,0.13399999999999998
1.0,0.33,0.2,35.75,0.0,0.2,0.5359999999999999,0.13399999999999998
1.0,0.33,0.2,36.0,0.0,0.2,0.5359999999999999,0.13399999999999998
1.0,0.33,0.2,36.25,0.0,0.2,0.5359999999999999,0.13399999999999998
1.0,0.33,0.2,36.5,0.0,0.2,0.5359999999999999,0.13399999999999998
1.0,0.33,0.2,36.75,0.0,0.2,0.5359999999999999,0.13399999999999998
1.0,0.33,0.2,37.0,0.0,0.2,0.5359999999999999,0.13399999999999998
1.0,0.33,0.2,37.25,0.0,0.2,0.5359999999999999,0.13399999999999998
1.0,0.33,0.2,37.5,0.0,0.2,0.5359999999999999,0.13399999999999998
1.0,0.33,0.2,37.75,0.0,0.2,0.5359999999999999,0.13399999999999998
1.0,0.33,0.2,38.0,0.0,0.2,0.5359999999999999,0.13399999999999998
1.0,0.33,0.2,38.25,0.0,0.2,0.5359999999999999,0.13399999999999998
1.0,0.33,0.2,38.5,0.0,0.2,0.5359999999999999,0.13399999999999998
1.0,0.33,0.2,38.75,0.0,0.2,0.5359999999999999,0.13399999999999998
1.0,0.33,0.2,39.0,0.0,0.2,0.5359999999999999,0.13399999999999998
1.0,0.33,0.2,39.25,0.0,0.2,0.5359999999999999,0.13399999999999998
1.0,0.33,0.2,39.5,0.0,0.2,0.5359999999999999,0.13399999999999998
1.0,0.33,0.2,39.75,0.0,0.2,0.5359999999999999,0.13399999999999998
1.0,0.33,0.2,40.0,0.0,0.2,0.5359999999999999,0.13399999999999998
1.0,0.33,0.2,40.25,0.0,0.2,0.5359999999999999,0.13399999999999998
1.0,0.33,0.2,40.5,0.0,0.2,0.5359999999999999,0.13399999999999998
1.0,0.33,0.2,40.75,0.0,0.2,0.5359999999999999,0.13399999999999998
1.0,0.33,0.2,41.0,0.0,0.2,0.5359999999999999,0.13399999999999998
1.0,0.33,0.2,41.25,0.0,0.2,0.5359999999999999,0.13399999999999998
1.0,0.33,0.2,41.5,0.0,0.2,0.5359999999999999,0.13399999999999998
1.0,0.33,0.2,41.75,0.0,0.2,0.5359999999999999,0.13399999999999998
1.0,0.33,0.2,42.0,0.0,0.2,0.5359999999999999,0.13399999999999998
1.0,0.33,0.2,42.25,0.0,0.2,0.5359999999999999,0.13399999999999998
1.0,0.33,0.2,42.5,0.0,0.2,0.5359999999999999,0.13399999999999998
1.0,0.33,0.2,42.75,0.0,0.2,0.5359999999999999,0.13399999999999998
1.0,0.33,0.2,43.0,0.0,0.2,0.5359999999999999,0.13399999999999998
1.0,0.33,0.2,43.25,0.0,0.2,0.5359999999999999,0.13399999999999998
1.0,0.33,0.2,43.5,0.0,0.2,0.5359999999999999,0.13399999999999998
1.0,0.33,0.2,43.75,0.0,0.2,0.5359999999999999,0.13399999999999998
1.0,0.33,0.2,44.0,0.0,0.2,0.5359999999999999,0.13399999999999998
1.0,0.33,0.2,44.25,0.0,0.2,0.5359999999999999,0.13399999999999998
1.0,0.33,0.2,44.5,0.0,0.2,0.5359999999999999,0.13399999999999998
1.0,0.33,0.2,44.75,0.0,0.2,0.5359999999999999,0.13399999999999998
1.0,0.33,0.2,45.0,0.0,0.2,0.5359999999999999,0.13399999999999998
1.0,0.33,0.2,45.25,0.0,0.2,0.5359999999999999,0.13399999999999998
1.0,0.33,0.2,45.5,0.0,0.2,0.5359999999999999,0.13399999999999998
1.0,0.33,0.2,45.75,0.0,0.2,0.5359999999999999,0.13399999999999998
1.0,0.33,0.2,46.0,0.0,0.2,0.5359999999999999,0.13399999999999998
1.0,0.33,0.2,46.25,0.0,0.2,0.5359999999999999,0.13399999999999998
1.0,0.33,0.2,46.5,0.0,0.2,0.5359999999999999,0.13399999999999998
1.0,0.33,0.2,46.75,0.0,0.2,0.5359999999999999,0.13399999999999998
1.0,0.33,0.2,47.0,0.0,0.2,0.5359999999999999,0.13399999999999998
1.0,0.33,0.2,47.25,0.0,0.2,0.5359999999999999,0.13399999999999998
1.0,0.33,0.2,47.5,0.0,0.2,0.5359999999999999,0.13399999999999998
1.0,0.33,0.2,47.75,0.0,0.2,0.5359999999999999,0.13399999999999998
1.0,0.33,0.2,48.0,0.0,0.2,0.5359999999999999,0.13399999999999998
1.0,0.33,0.2,48.25,0.0,0.2,0.5359999999999999,0.13399999999999998
1.0,0.33,0.2,48.5,0.0,0.2,0.5359999999999999,0.13399999999999998
1.0,0.33,0.2,48.75,0.0,0.2,0.5359999999999999,0.13399999999999998
1.0,0.33,0.2,49.0,0.0,0.2,0.5359999999999999,0.13399999999999998
1.0,0.33,0.2,49.25,0.0,0.2,0.5359999999999999,0.13399999999999998
1.0,0.33,0.2,49.5,0.0,0.2,0.5359999999999999,0.13399999999999998
1.0,0.33,0.2,49.75,0.0,0.2,0.5359999999999999,0.13399999999999998
1.0,0.33,0.2,50.0,0.0,0.2,0.5359999999999999,0.13399999999999998
1.0,0.33,0.2,50.25,0.0,0.2,0.5359999999999999,0.13399999999999998
1.0,0.33,0.2,50.5,0.0,0.2,0.5359999999999999,0.13399999999999998
1.0,0.33,0.2,50.75,0.0,0.2,0.5359999999999999,0.13399999999999998
1.0,0.33,0.2,51.0,0.0,0.2,0.5359999999999999,0.13399999999999998
1.0,0.33,0.2,51.25,0.0,0.2,0.5359999999999999,0.13399999999999998
1.0,0.33,0.2,51.5,0.0,0.2,0.5359999999999999,0.13399999999999998
1.0,0.33,0.2,51.75,0.0,0.2,0.5359999999999999,0.13399999999999998
1.0,0.33,0.2,52.0,0.0,0.2,0.5359999999999999,0.13399999999999998
1.0,0.33,0.2,52.25,0.0,0.2,0.5359999999999999,0.13399999999999998
1.0,0.33,0.2,52.5,0.0,0.2,0.5359999999999999,0.13399999999999998
1.0,0.33,0.2,52.75,0.0,0.2,0.5359999999999999,0.13399999999999998
1.0,0.33,0.2,53.0,0.0,0.2,0.5359999999999999,0.13399999999999998
1.0,0.33,0.2,53.25,0.0,0.2,0.5359999999999999,0.13399999999999998
1.0,0.33,0.2,53.5,0.0,0.2,0.5359999999999999,0.13399999999999998
1.0,0.33,0.2,53.75,0.0,0.2,0.5359999999999999,0.13399999999999998
1.0,0.33,0.2,54.0,0.0,0.2,0.5359999999999999,0.13399999999999998
1.0,0.33,0.2,54.25,0.0,0.2,0.5359999999999999,0.13399999999999998
1.0,0.33,0.2,54.5,0.0,0.2,0.5359999999999999,0.13399999999999998
1.0,0.33,0.2,54.75,0.0,0.2,0.5359999999999999,0.13399999999999998
1.0,0.33,0.2,55.0,0.0,0.2,0.5359999999999999,0.13399999999999998
1.0,0.33,0.2,55.25,0.0,0.2,0.5359999999999999,0.13399999999999998
1.0,0.33,0.2,55.5,0.0,0.2,0.5359999999999999,0.13399999999999998
1.0,0.33,0.2,55.75,0.0,0.2,0.5359999999999999,0.13399999999999998
1.0,0.33,0.2,56.0,0.0,0.2,0.5359999999999999,0.13399999999999998
1.0,0.33,0.2,56.25,0.0,0.2,0.5359999999999999,0.13399999999999998
1.0,0.33,0.2,56.5,0.0,0.2,0.5359999999999999,0.13399999999999998
1.0,0.33,0.2,56.75,0.0,0.2,0.5359999999999999,0.13399999999999998
1.0,0.33,0.2,57.0,0.0,0.2,0.5359999999999999,0.13399999999999998
1.0,0.33,0.2,57.25,0.0,0.2,0.5359999999999999,0.13399999999999998
1.0,0.33,0.2,57.5,0.0,0.2,0.5359999999999999,0.13399999999999998
1.0,0.33,0.2,57.75,0.0,0.2,0.5359999999999999,0.13399999999999998
1.0,0.33,0.2,58.0,0.0,0.2,0.5359999999999999,0.13399999999999998
1.0,0.33,0.2,58.25,0.0,0.2,0.5359999999999999,0.13399999999999998
1.0,0.33,0.2,58.5,0.0,0.2,0.5359999999999999,0.13399999999999998
1.0,0.33,0.2,58.75,0.0,0.2,0.5359999999999999,0.13399999999999998
1.0,0.33,0.2,59.0,0.0,0.2,0.5359999999999999,0.13399999999999998
1.0,0.33,0.2,59.25,0.0,0.2,0.5359999999999999,0.13399999999999998
1.0,0.33,0.2,59.5,0.0,0.2,0.5359999999999999,0.13399999999999998
1.0,0.33,0.2,59.75,0.0,0.2,0.5359999999999999,0.13399999999999998
1.0,0.33,0.2,60.0,0.0,0.2,0.5359999999999999,0.13399999999999998
1.0,0.33,0.2,60.25,0.0,0.2,0.5359999999999999,0.13399999999999998
1.0,0.33,0.2,60.5,0.0,0.2,0.5359999999999999,0.13399999999999998
1.0,0.33,0.2,60.75,0.0,0.2,0.5359999999999999,0.13399999999999998
1.0,0.33,0.2,61.0,0.0,0.2,0.5359999999999999,0.13399999999999998
1.0,0.33,0.2,61.25,0.0,0.2,0.5359999999999999,0.13399999999999998
1.0,0.33,0.2,61.5,0.0,0.2,0.5359999999999999,0.13399999999999998
1.0,0.33,0.2,61.75,0.0,0.2,0.5359999999999999,0.13399999999999998
1.0,0.33,0.2,62.0,0.0,0.2,0.5359999999999999,0.13399999999999998
1.0,0.33,0.2,62.25,0.0,0.2,0.5359999999999999,0.13399999999999998
1.0,0.33,0.2,62.5,0.0,0.2,0.5359999999999999,0.13399999999999998
1.0,0.33,0.2,62.75,0.0,0.2,0.5359999999999999,0.13399999999999998
1.0,0.33,0.2,63.0,0.0,0.2,0.5359999999999999,0.13399999999999998
1.0,0.33,0.2,63.25,0.0,0.2,0.5359999999999999,0.13399999999999998
1.0,0.33,0.2,63.5,0.0,0.2,0.5359999999999999,0.13399999999999998
1.0,0.33,0.2,63.75,0.0,0.2,0.5359999999999999,0.13399999999999998
1.0,0.33,0.2,64.0,0.0,0.2,0.5359999999999999,0.13399999999999998
1.0,0.33,0.2,64.25,0.0,0.2,0.5359999999999999,0.13399999999999998
1.0,0.33,0.2,64.5,0.0,0.2,0.5359999999999999,0.13399999999999998
1.0,0.33,0.2,64.75,0.0,0.2,0.5359999999999999,0.13399999999999998
1.0,0.33,0.2,65.0,0.0,0.2,0.5359999999999999,0.13399999999999998
1.0,0.33,0.2,65.25,0.0,0.2,0.5359999999999999,0.13399999999999998
1.0,0.33,0.2,65.5,0.0,0.2,0.5359999999999999,0.13399999999999998
1.0,0.33,0.2,65.75,0.0,0.2,0.5359999999999999,0.13399999999999998
1.0,0.33,0.2,66.0,0.0,0.2,0.5359999999999999,0.13399999999999998
1.0,0.33,0.2,66.25,0.0,0.2,0.5359999999999999,0.13399999999999998
1.0,0.33,0.2,66.5,0.0,0.2,0.5359999999999999,0.13399999999999998
1.0,0.33,0.2,66.75,0.0,0.2,0.5359999999999999,0.13399999999999998
1.0,0.33,0.2,67.0,0.0,0.2,0.5359999999999999,0.13399999999999998
1.0,0.33,0.2,67.25,0.0,0.2,0.5359999999999999,0.13399999999999998
1.0,0.33,0.2,67.5,0.0,0.2,0.5359999999999999,0.13399999999999998
1.0,0.33,0.2,67.75,0.0,0.2,0.5359999999999999,0.13399999999999998
1.0,0.33,0.2,68.0,0.0,0.2,0.5359999999999999,0.13399999999999998
1.0,0.33,0.2,68.25,0.0,0.2,0.5359999999999999,0.13399999999999998
1.0,0.33,0.2,68.5,0.0,0.2,0.5359999999999999,0.13399999999999998
1.0,0.33,0.2,68.75,0.0,0.2,0.5359999999999999,0.13399999999999998
1.0,0.33,0.2,69.0,0.0,0.2,0.5359999999999999,0.13399999999999998
1.0,0.33,0.2,69.25,0.0,0.2,0.5359999999999999,0.13399999999999998
1.0,0.33,0.2,69.5,0.0,0.2,0.5359999999999999,0.13399999999999998
1.0,0.33,0.2,69.75,0.0,0.2,0.5359999999999999,0.13399999999999998
1.0,0.33,0.2,70.0,0.0,0.2,0.5359999999999999,0.13399999999999998
1.0,0.33,0.2,70.25,0.0,0.2,0.5359999999999999,0.13399999999999998
1.0,0.33,0.2,70.5,0.0,0.2,0.5359999999999999,0.13399999999999998
1.0,0.33,0.2,70.75,0.0,0.2,0.5359999999999999,0.13399999999999998
1.0,0.33,0.2,71.0,0.0,0.2,0.5359999999999999,0.13399999999999998
1.0,0.33,0.2,71.25,0.0,0.2,0.5359999999999999,0.13399999999999998
1.0,0.33,0.2,71.5,0.0,0.2,0.5359999999999999,0.13399999999999998
1.0,0.33,0.2,71.75,0.0,0.2,0.5359999999999999,0.13399999999999998
1.0,0.33,0.2,72.0,0.0,0.2,0.5359999999999999,0.13399999999999998
1.0,0.33,0.2,72.25,0.0,0.2,0.5359999999999999,0.13399999999999998
1.0,0.33,0.2,72.5,0.0,0.2,0.5359999999999999,0.13399999999999998
1.0,0.33,0.2,72.75,0.0,0.2,0.5359999999999999,0.13399999999999998
1.0,0.33,0.2,73.0,0.0,0.2,0.5359999999999999,0.13399999999999998
1.0,0.33,0.2,73.25,0.0,0.2,0.5359999999999999,0.13399999999999998
1.0,0.33,0.2,73.5,0.0,0.2,0.5359999999999999,0.13399999999999998
1.0,0.33,0.2,73.75,0.0,0.2,0.5359999999999999,0.13399999999999998
1.0,0.33,0.2,74.0,0.0,0.2,0.5359999999999999,0.13399999999999998
1.0,0.33,0.2,74.25,0.0,0.2,0.5359999999999999,0.13399999999999998
1.0,0.33,0.2,74.5,0.0,0.2,0.5359999999999999,0.13399999999999998
1.0,0.33,0.2,74.75,0.0,0.2,0.5359999999999999,0.13399999999999998
1.0,0.33,0.2,75.0,0.0,0.2,0.5359999999999999,0.13399999999999998
1.0,0.33,0.2,75.25,0.0,0.2,0.5359999999999999,0.13399999999999998
1.0,0.33,0.2,75.5,0.0,0.2,0.5359999999999999,0.13399999999999998
1.0,0.33,0.2,75.75,0.0,0.2,0.5359999999999999,0.13399999999999998
1.0,0.33,0.2,76.0,0.0,0.2,0.5359999999999999,0.13399999999999998
1.0,0.33,0.2,76.25,0.0,0.2,0.5359999999999999,0.13399999999999998
1.0,0.33,0.2,76.5,0.0,0.2,0.5359999999999999,0.13399999999999998
1.0,0.33,0.2,76.75,0.0,0.2,0.5359999999999999,0.13399999999999998
1.0,0.33,0.2,77.0,0.0,0.2,0.5359999999999999,0.13399999999999998
1.0,0.33,0.2,77.25,0.0,0.2,0.5359999999999999,0.13399999999999998
1.0,0.33,0.2,77.5,0.0,0.2,0.5359999999999999,0.13399999999999998
1.0,0.33,0.2,77.75,0.0,0.2,0.5359999999999999,0.13399999999999998
1.0,0.33,0.2,78.0,0.0,0.2,0.5359999999999999,0.13399999999999998
1.0,0.33,0.2,78.25,0.0,0.2,0.5359999999999999,0.13399999999999998
1.0,0.33,0.2,78.5,0.0,0.2,0.5359999999999999,0.13399999999999998
1.0,0.33,0.2,78.75,0.0,0.2,0.5359999999999999,0.13399999999999998
1.0,0.33,0.2,79.0,0.0,0.2,0.5359999999999999,0.13399999999999998
1.0,0.33,0.2,79.25,0.0,0.2,0.5359999999999999,0.13399999999999998
1.0,0.33,0.2,79.5,0.0,0.2,0.5359999999999999,0.13399999999999998
1.0,0.33,0.2,79.75,0.0,0.2,0.5359999999999999,0.13399999999999998
1.0,0.33,0.2,80.0,0.0,0.2,0.5359999999999999,0.13399999999999998
1.05,0.33,0.2,0.0,0.0,0.2,0.5359999999999999,0.13399999999999998
1.05,0.33,0.2,0.25,0.00023866224029109318,0.2019115663513655,0.534719250544585,0.13528074945541488
1.05,0.33,0.2,0.5,0.0009569177805535123,0.20383674790112424,0.5334293789062466,0.13657062109375323
1.05,0.33,0.2,0.75,0.0021581714709979494,0.20577555275163578,0.532130379656404,0.13786962034359596
1.05,0.33,0.2,1.0,0.0038458299593505663,0.2077279871759971,0.5308222485920818,0.13917775140791805
1.05,0.33,0.2,1.25,0.006023301230089595,0.2096940555906712,0.5295049827542502,0.1404950172457497
1.05,0.33,0.2,1.5,0.008693994136907635,0.21167376052833584,0.528178580446015,0.141821419553985
1.05,0.33,0.2,1.75,0.01186131792838896,0.21366710261097352,0.5268430412506476,0.14315695874935225
1.05,0.33,0.2,2.0,0.015528681766986518,0.21567408052321874,0.5254983660494434,0.14450163395055654
1.05,0.33,0.2,2.25,0.019699494241399662,0.21769469098598396,0.5241445570393907,0.14585544296060923
1.05,0.33,0.2,2.5,0.024377162872379232,0.2197289287303804,0.522781617750645,0.14721838224935485
1.05,0.33,0.2,2.75,0.02956509361202453,0.22177678647195567,0.5214095530637897,0.1485904469362103
1.05,0.33,0.2,3.0,0.03526669033673857,0.2238382548852645,0.5200283692268728,0.1499716307731272
1.05,0.33,0.2,3.25,0.04148535433381839,0.22591332257879565,0.5186380738722068,0.15136192612779306
1.05,0.33,0.2,3.5,0.048224483781841965,0.22800197607027167,0.517238676032918,0.152761323967082
1.05,0.33,0.2,3.75,0.05548747322494452,0.23010419976234278,0.5158301861592303,0.15416981384076964
1.05,0.33,0.2,4.0,0.06327771304104557,0.23221997591869512,0.5144126161344742,0.1555873838655257
1.05,0.33,0.2,4.25,0.07159858890415771,0.23434928464059254,0.5129859792908029,0.15701402070919698
1.05,0.33,0.2,4.5,0.08045348124092044,0.23649210384387342,0.5115502904246048,0.15844970957539517
1.05,0.33,0.2,4.75,0.08984576468139716,0.23864840923642136,0.5101055658115976,0.1598944341884023
1.05,0.33,0.2,5.0,0.09977880750431445,0.24081817429613173,0.5086518232215916,0.16134817677840824
1.05,0.33,0.2,5.25,0.11025597107690266,0.24300137024939314,0.5071890819329066,0.16281091806709339
1.05,0.33,0.2,5.5,0.12128060928933548,0.24519796605010571,0.5057173627464291,0.1642826372535708
1.05,0.33,0.2,5.75,0.1328560679840829,0.2474079283592554,0.5042366879992988,0.1657633120007011
1.05,0.33,0.2,6.0,0.14498568438016335,0.24963122152506587,0.5027470815782058,0.1672529184217941
1.05,0.33,0.2,6.25,0.15767278649255112,0.2518678075637482,0.5012485689322886,0.1687514310677113
1.05,0.33,0.2,6.5,0.17092069254682185,0.2541176461408685,0.49974117708561805,0.17025882291438188
1.05,0.33,0.2,6.75,0.18473271038922778,0.2563806945533547,0.4982249346492523,0.17177506535074763
1.05,0.33,0.2,7.0,0.19911213689236806,0.2586569077121625,0.496699871832851,0.17330012816714885
1.05,0.33,0.2,7.25,0.21406225735658135,0.2609462381256201,0.49516602045583447,0.17483397954416546
1.05,0.33,0.2,7.5,0.229586344907301,0.2632486358834735,0.49362341395807263,0.17637658604192724
1.05,0.33,0.2,7.75,0.24568765988847918,0.26556404864165106,0.49207208741009373,0.1779279125899062
1.05,0.33,0.2,8.0,0.26236944925229677,0.2678924216077674,0.4905120775227958,0.17948792247720413
1.05,0.33,0.2,8.25,0.2796349459453631,0.2702336975273873,0.4889434226566504,0.18105657734334946
1.05,0.33,0.2,8.5,0.29748736829156974,0.2725878166710676,0.4873661628303847,0.18263383716961526
1.05,0.33,0.2,8.75,0.3159299193717935,0.2749547168221982,0.48578033972912715,0.18421966027087278
1.05,0.33,0.2,9.0,0.33496578640066876,0.2773343332656598,0.48418599671200785,0.18581400328799205
1.05,0.33,0.2,9.25,0.35459814010063484,0.2797265987773174,0.48258317881919727,0.18741682118080266
1.05,0.33,0.2,9.5,0.3748301340734612,0.282131443614369,0.48097193277837275,0.1890280672216272
1.05,0.33,0.2,9.75,0.39566490416945754,0.2845487955065663,0.4793523070106005,0.1906476929893994
1.05,0.33,0.2,10.0,0.41710556785460673,0.2869785796483268,0.47772435163562094,0.19227564836437894
1.05,0.33,0.2,10.25,0.4391552235758396,0.2894207186917532,0.47608811847652527,0.1939118815234746
1.05,0.33,0.2,10.5,0.4618169501246925,0.2918751327405784,0.4744436610638124,0.1955563389361875
1.05,0.33,0.2,10.75,0.4850938059995378,0.29434173934505226,0.47279103463881494,0.19720896536118498
1.05,0.33,0.2,11.0,0.5089888287666882,0.29682045349778663,0.4711302961564829,0.19886970384351702
1.05,0.33,0.2,11.25,0.5335050344205552,0.2993111876305741,0.4694615042875153,0.20053849571248464
1.05,0.33,0.2,11.5,0.5586454167431656,0.3018138516121965,0.46778471941982835,0.20221528058017163
1.05,0.33,0.2,11.75,0.5844129466632269,0.30432835274723685,0.4661000036593512,0.20389999634064868
1.05,0.33,0.2,12.0,0.6108105716150423,0.30685459577591073,0.46440742083013975,0.20559257916986018
1.05,0.33,0.2,12.25,0.6378412148974943,0.30939248287492904,0.4627070364737975,0.20729296352620244
1.05,0.33,0.2,12.5,0.6655077750334026,0.3119419136594063,0.4609989178481977,0.20900108215180221
1.05,0.33,0.2,12.75,0.6938131251294579,0.3145027851858277,0.45928313392549536,0.21071686607450454
1.05,0.33,0.2,13.0,0.7227601122370517,0.3170749919560847,0.45755975538942323,0.21244024461057673
1.05,0.33,0.2,13.25,0.7523515567142502,0.3196584259225939,0.45582885463186207,0.2141711453681379
1.05,0.33,0.2,13.5,0.7825902515891761,0.32225297649450607,0.4540905057486809,0.21590949425131906
1.05,0.33,0.2,13.75,0.8134789619250791,0.3248585305450186,0.45234478453483745,0.21765521546516245
1.05,0.33,0.2,14.0,0.8450204241873691,0.3274749724197985,0.45059176847873494,0.21940823152126498
1.05,0.33,0.2,14.25,0.8772173456129377,0.3301021839465256,0.4488315367558278,0.2211684632441721
1.05,0.33,0.2,14.5,0.9100724035819239,0.3327400444455635,0.44706417022147243,0.22293582977852752
1.05,0.33,0.2,14.75,0.943588244992378,0.3353884307417655,0.4452897514030171,0.22471024859698285
1.05,0.33,0.2,15.0,0.9777674856379517,0.3380472171774216,0.4435083644911275,0.22649163550887244
1.05,0.33,0.2,15.25,1.012612709589011,0.340716275626352,0.4417200953303441,0.2282799046696558
1.05,0.33,0.2,15.5,1.0481264685773888,0.34339547550915217,0.439925031408868,0.23007496859113194
1.05,0.33,0.2,15.75,1.0843112813851121,0.34608468380959345,0.43812326184757233,0.2318767381524276
1.05,0.33,0.2,16.0,1.1211696332373666,0.3487837650921811,0.4363148773882386,0.23368512261176133
1.05,0.33,0.2,16.25,1.158703975199991,0.3514925815208736,0.4344999703810146,0.23550002961898528
1.05,0.33,0.2,16.5,1.1969167235818046,0.35421099287896324,0.43267863477109464,0.23732136522890535
1.05,0.33,0.2,16.75,1.235810259342053,0.35693885659011876,0.43085096608462037,0.23914903391537953
1.05,0.33,0.2,17.0,1.2753869275032343,0.35967602774059015,0.4290170614138046,0.24098293858619538
1.05,0.33,0.2,17.25,1.3156490365696678,0.36242235910257287,0.42717701940127617,0.2428229805987238
1.05,0.33,0.2,17.5,1.3565988579519956,0.36517770115873055,0.42533094022365053,0.24466905977634945
1.05,0.33,0.2,17.75,1.3982386253979953,0.36794190212787203,0.4234789255743257,0.24652107442567422
1.05,0.33,0.2,18.0,1.4405705344299604,0.370714807991779,0.421621078645508,0.2483789213544919
1.05,0.33,0.2,18.25,1.4835967417888982,0.3734962625231787,0.4197575041094702,0.2502424958905297
1.05,0.33,0.2,18.5,1.52731936488588,0.37628610731485607,0.4178883080990464,0.25211169190095356
1.05,0.33,0.2,18.75,1.571740481260825,0.37908418180989767,0.4160135981873685,0.25398640181263143
1.05,0.33,0.2,19.0,1.6168621280489703,0.38189032333306033,0.4141334833668495,0.2558665166331504
1.05,0.33,0.2,19.25,1.66268630145531,0.3847043671232544,0.41224807402741953,0.2577519259725804
1.05,0.33,0.2,19.5,1.7092149562373384,0.3875261463671324,0.4103574819340212,0.25964251806597866
1.05,0.33,0.2,19.75,1.7564500051962781,0.3903554922337722,0.40846182020337257,0.26153817979662736
1.05,0.33,0.2,20.0,1.804393318677131,0.3931922339104424,0.4065612032800036,0.26343879671999637
1.05,0.33,0.2,20.25,1.8530467240778217,0.39603619863943745,0.4046557469115769,0.2653442530884231
1.05,0.33,0.2,20.5,1.902412005367668,0.3988872117559688,0.4027455681235009,0.26725443187649905
1.05,0.33,0.2,20.75,1.9524909026154358,0.4017450967270972,0.4008307851928448,0.2691692148071551
1.05,0.33,0.2,21.0,2.0032851115273047,0.4046096751916899,0.39891151762156773,0.2710884823784322
1.05,0.33,0.2,21.25,2.0547962829948894,0.40748076700138763,0.39698788610907026,0.27301211389092966
1.05,0.33,0.2,21.5,2.1070260226536828,0.4103581902625621,0.3950600125240833,0.2749399874759166
1.05,0.33,0.2,21.75,2.159975890452068,0.41324176137924695,0.3931280198759045,0.2768719801240954
1.05,0.33,0.2,22.0,2.2136474002312134,0.4161312950970217,0.3911920322849954,0.2788079677150045
1.05,0.33,0.2,22.25,2.268042019316021,0.4190266045478289,0.3892521749529546,0.2807478250470453
1.05,0.33,0.2,22.5,2.3231611681174424,0.42192750129570417,0.38730857413187814,0.28269142586812174
1.05,0.33,0.2,22.75,2.3790062197462856,0.4248337953833948,0.3853613570931255,0.28463864290687446
1.05,0.33,0.2,23.0,2.4355784996388294,0.4277452953798469,0.38341065209550257,0.2865893479044974
1.05,0.33,0.2,23.25,2.492879285194385,0.4306618084285353,0.3814565883528813,0.2885434116471186
1.05,0.33,0.2,23.5,2.5509098054250643,0.4335831402966122,0.3794992960012698,0.2905007039987301
1.05,0.33,0.2,23.75,2.6096712406179146,0.4365090954248501,0.3775389060653504,0.29246109393464953
1.05,0.33,0.2,24.0,2.669164722009662,0.4394394769783515,0.37557555042450447,0.29442444957549546
1.05,0.33,0.2,24.25,2.7293913314741944,0.44237408689799984,0.3736093617783401,0.29639063822165984
1.05,0.33,0.2,24.5,2.790352101223019,0.4453127259526228,0.3716404736117427,0.29835952638825725
1.05,0.33,0.2,24.75,2.8520480135188455,0.44825519379184114,0.36966902015946645,0.30033097984053353
1.05,0.33,0.2,25.0,2.914480000402457,0.451201288999573,0.36769513637028606,0.30230486362971387
1.05,0.33,0.2,25.25,2.9776489434330298,0.45415080914816436,0.3657189578707299,0.3042810421292701
1.05,0.33,0.2,25.5,3.0415556734420752,0.45710355085311516,0.3637406209284128,0.3062593790715871
1.05,0.33,0.2,25.75,3.106200970301126,0.46005930982837134,0.36176026241499115,0.3082397375850088
1.05,0.33,0.2,26.0,3.1715855627033287,0.4630178809421494,0.35977801976875984,0.3102219802312401
1.05,0.33,0.2,26.25,3.2377101279590175,0.46597905827326397,0.35779403095691314,0.31220596904308684
1.05,0.33,0.2,26.5,3.3045752918054667,0.468942635167923,0.35580843443749155,0.3141915655625084
1.05,0.33,0.2,26.75,3.3721816282308934,0.47190840429696124,0.35382136912103596,0.316178630878964
1.05,0.33,0.2,27.0,3.4405296593127925,0.4748761577134745,0.35183297433197197,0.3181670256680279
1.05,0.33,0.2,27.25,3.5096198550707607,0.4778456869108249,0.3498433897697472,0.32015661023025266
1.05,0.33,0.2,27.5,3.5794526333338386,0.48081678288097973,0.34785275546974354,0.3221472445302564
1.05,0.33,0.2,27.75,3.6500283596224836,0.4837892361731514,0.34586121176398854,0.3241387882360114
1.05,0.33,0.2,28.0,3.7213473470452607,0.4867628369527025,0.3438688992416893,0.32613110075831064
1.05,0.33,0.2,28.25,3.793409856210241,0.48973737506028214,0.3418759587096109,0.328124041290389
1.05,0.33,0.2,28.5,3.866216095151251,0.4927126400711563,0.3398825311523252,0.3301174688476747
1.05,0.33,0.2,28.75,3.9397662192689484,0.4956884213546986,0.3378887576923519,0.33211124230764805
1.05,0.33,0.2,29.0,4.014060331286817,0.49866450813400476,0.3358947795502168,0.33410522044978314
1.05,0.33,0.2,29.25,4.08909848122205,0.501640689545595,0.3339007380044513,0.3360992619955486
1.05,0.33,0.2,29.5,4.164880666371358,0.5046167546991691,0.33190677435155663,0.3380932256484433
1.05,0.33,0.2,29.75,4.241406831311765,0.507592492737376,0.329913029865958,0.34008697013404193
1.05,0.33,0.2,30.0,4.318676867916286,0.5105676928955659,0.3279196457599708,0.34208035424002914
1.05,0.33,0.2,30.25,4.396690615384598,0.513542144561485,0.32592676314380503,0.3440732368561949
1.05,0.33,0.2,30.5,4.4754478602885674,0.5165156373348782,0.3239345229856316,0.34606547701436835
1.05,0.33,0.2,30.75,4.554948336632679,0.5194879610869659,0.3219430660717328,0.34805693392826714
1.05,0.33,0.2,31.0,4.635191725929356,0.5224589060197563,0.31995253296676324,0.3500474670332367
1.05,0.33,0.2,31.25,4.716177657289027,0.5254282627251584,0.3179630639741438,0.3520369360258561
1.05,0.33,0.2,31.5,4.79790570752497,0.5283958222438631,0.3159747990966117,0.35402520090338824
1.05,0.33,0.2,31.75,4.880375401272837,0.531361376123952,0.31398787799695216,0.35601212200304777
1.05,0.33,0.2,32.0,4.9635862111248095,0.5343247164792057,0.3120024399589322,0.35799756004106775
1.05,0.33,0.2,32.25,5.047537557778264,0.5372856360470708,0.3100186238484625,0.3599813761515374
1.05,0.33,0.2,32.5,5.132228810198901,0.5402439282462559,0.3080365680750085,0.3619634319249914
1.05,0.33,0.2,32.75,5.217659285798222,0.5431993872339207,0.3060564105532731,0.36394358944672683
1.05,0.33,0.2,33.0,5.3038282506252346,0.5461518079624252,0.30407828866517506,0.3659217113348249
1.05,0.33,0.2,33.25,5.390734919572306,0.5491009862356073,0.3021023392221431,0.36789766077785685
1.05,0.33,0.2,33.5,5.478378456595011,0.5520467187645542,0.30012869842774864,0.3698713015722513
1.05,0.33,0.2,33.75,5.566757974945867,0.5549888032228373,0.298157501840699,0.3718424981593009
1.05,0.33,0.2,34.0,5.655872537421791,0.5579270383011791,0.29618888433821,0.37381111566178993
1.05,0.33,0.2,34.25,5.745721156625165,0.5608612237615208,0.29422298007978104,0.3757770199202189
1.05,0.33,0.2,34.5,5.836302795238334,0.5637911604904611,0.29225992247139104,0.3777400775286089
1.05,0.33,0.2,34.75,5.927616366311368,0.5667166505520352,0.2902998441301364,0.37970015586986355
1.05,0.33,0.2,35.0,6.019660733562974,0.5696374972398067,0.28834287684932947,0.38165712315067046
1.05,0.33,0.2,35.25,6.112434711694293,0.5725535051282443,0.2863891515640763,0.38361084843592363
1.05,0.33,0.2,35.5,6.205937066715481,0.5754644801233535,0.28443879831735314,0.3855612016826468
1.05,0.33,0.2,35.75,6.300166516284838,0.5783702295125395,0.2824919462265985,0.3875080537734014
1.05,0.33,0.2,36.0,6.395121730060306,0.5812705620136726,0.28054872345083937,0.38945127654916056
1.05,0.33,0.2,36.25,6.490801330063144,0.5841652878233338,0.2786092571583663,0.3913907428416336
1.05,0.33,0.2,36.5,6.587203891053539,0.5870542186642128,0.2766736734949774,0.3933263265050225
1.05,0.33,0.2,36.75,6.684327940917966,0.5899371678316376,0.27474209755280277,0.39525790244719716
1.05,0.33,0.2,37.0,6.7821719610680855,0.5928139502392109,0.27281465333972865,0.3971853466602713
1.05,0.33,0.2,37.25,6.880734386850892,0.5956843824635333,0.2708914637494327,0.39910853625056725
1.05,0.33,0.2,37.5,6.980013607970001,0.5985482827879897,0.2689726505320469,0.40102734946795304
1.05,0.33,0.2,37.75,7.080007968917672,0.6014054712455822,0.2670583342654599,0.40294166573454004
1.05,0.33,0.2,38.0,7.180715769417504,0.6042557696607865,0.265148634327273,0.40485136567272695
1.05,0.33,0.2,38.25,7.2821352648773985,0.6070990016904155,0.26324366886742157,0.40675633113257836
1.05,0.33,0.2,38.5,7.3842646668526895,0.6099349928634727,0.26134355478147325,0.4086564452185267
1.05,0.33,0.2,38.75,7.487102143519012,0.6127635706199792,0.2594484076846139,0.410551592315386
1.05,0.33,0.2,39.0,7.590645820154853,0.6155845643487554,0.25755834188633386,0.41244165811366607
1.05,0.33,0.2,39.25,7.694893779633326,0.6183978054241486,0.25567347036582044,0.4143265296341795
1.05,0.33,0.2,39.5,7.799844062923061,0.6212031272416874,0.25379390474806945,0.4162060952519305
1.05,0.33,0.2,39.75,7.905494669597817,0.6240003652526529,0.2519197552807225,0.4180802447192774
1.05,0.33,0.2,40.0,8.011843558354656,0.6267893569975553,0.2500511308116379,0.41994886918836205
1.05,0.33,0.2,40.25,8.118888647540285,0.6295699421385025,0.2481881387672033,0.4218118612327966
1.05,0.33,0.2,40.5,8.226627815685424,0.6323419624904539,0.24633088513139584,0.4236691148686041
1.05,0.33,0.2,40.75,8.33505890204678,0.6351052620513491,0.2444794744255961,0.42552052557440384
1.05,0.33,0.2,41.0,8.444179707156446,0.6378596870311032,0.24263400968916085,0.4273659903108391
1.05,0.33,0.2,41.25,8.55398799337842,0.640605085879462,0.24079459246076046,0.42920540753923947
1.05,0.33,0.2,41.5,8.664481485471889,0.6433413093127126,0.23896132276048254,0.4310386772395174
1.05,0.33,0.2,41.75,8.77565787116111,0.6460682103392418,0.23713429907270797,0.43286570092729193
1.05,0.33,0.2,42.0,8.887514801711527,0.6487856442839397,0.2353136183297604,0.43468638167023954
1.05,0.33,0.2,42.25,9.000049892511756,0.6514934688114464,0.23349937589633088,0.4365006241036691
1.05,0.33,0.2,42.5,9.113260723661401,0.6541915439482366,0.23169166555468143,0.4383083344453185
1.05,0.33,0.2,42.75,9.227144840564076,0.656879732103543,0.22989057949062616,0.44010942050937374
1.05,0.33,0.2,43.0,9.341699754525633,0.6595578980891186,0.22809620828029054,0.4419037917197094
1.05,0.33,0.2,43.25,9.456922943357123,0.662225909137836,0.22630864087764987,0.44369135912235
1.05,0.33,0.2,43.5,9.572811851982278,0.6648836349211273,0.22452796460284466,0.4454720353971553
1.05,0.33,0.2,43.75,9.689363893049233,0.667530947565266,0.22275426513127178,0.44724573486872815
1.05,0.33,0.2,44.0,9.806576447546107,0.6701677216664927,0.22098762648344983,0.4490123735165501
1.05,0.33,0.2,44.25,9.924446865420313,0.6727938343049925,0.219228131015655,0.45077186898434496
1.05,0.33,0.2,44.5,10.042972466201151,0.6754091650577235,0.21747585941132522,0.45252414058867474
1.05,0.33,0.2,44.75,10.16215053962548,0.6780135960101066,0.21573089067322856,0.45426910932677134
1.05,0.33,0.2,45.0,10.28197834626619,0.6806070117665801,0.2139933021163913,0.45600669788360865
1.05,0.33,0.2,45.25,10.402453118163141,0.6831892994600279,0.21226316936178127,0.4577368306382187
1.05,0.33,0.2,45.5,10.52357205945635,0.6857603487600883,0.21054056633074084,0.4594594336692591
1.05,0.33,0.2,45.75,10.645332347021112,0.6883200518803522,0.20882556524016402,0.4611744347598359
1.05,0.33,0.2,46.0,10.767731131104755,0.6908683035844612,0.207118236598411,0.46288176340158893
1.05,0.33,0.2,46.25,10.890765535964785,0.693405001191113,0.20541864920195424,0.4645813507980457
1.05,0.33,0.2,46.5,11.014432660508213,0.6959300445779889,0.2037268701327474,0.4662731298672525
1.05,0.33,0.2,46.75,11.138729578931637,0.6984433361846102,0.20204296475631114,0.46795703524368876
1.05,0.33,0.2,47.0,11.263653341361968,0.7009447810141392,0.20036699672052674,0.46963300327947316
1.05,0.33,0.2,47.25,11.38920097449745,0.703434286634136,0.19869902795512887,0.47130097204487104
1.05,0.33,0.2,47.5,11.515369482248758,0.7059117631762839,0.19703911867188975,0.47296088132811015
1.05,0.33,0.2,47.75,11.642155846379868,0.7083771233350986,0.19538732736548392,0.474612672634516
1.05,0.33,0.2,48.0,11.769557027148512,0.7108302823656338,0.1937437108150253,0.47625628918497465
1.05,0.33,0.2,48.25,11.897569963945935,0.7132711580801998,0.1921083240862661,0.4778916759137338
1.05,0.33,0.2,48.5,12.02619157593565,0.7156996708441093,0.19048122053444672,0.4795187794655532
1.05,0.33,0.2,48.75,12.155418762691134,0.718115743570467,0.18886245180778707,0.4811375481922129
1.05,0.33,0.2,49.0,12.285248404831947,0.7205193017140189,0.1872520678516073,0.4827479321483926
1.05,0.33,0.2,49.25,12.415677364658329,0.7229102732640778,0.18565011691306788,0.48434988308693205
1.05,0.33,0.2,49.5,12.546702486783856,0.725288588736543,0.18405664554651616,0.48594335445348374
1.05,0.33,0.2,49.75,12.678320598765966,0.7276541811650312,0.18247169861942905,0.48752830138057085
1.05,0.33,0.2,50.0,12.810528511734233,0.7300069860911363,0.18089531931893862,0.4891046806810613
1.05,0.33,0.2,50.25,12.94332302101602,0.7323469415538364,0.1793275491589296,0.4906724508410703
1.05,0.33,0.2,50.5,13.07670090675941,0.734673988078067,0.17776842798769504,0.4922315720123049
1.05,0.33,0.2,50.75,13.210658934553228,0.7369880686624791,0.17621799399613897,0.49378200600386096
1.05,0.33,0.2,51.0,13.345193856043815,0.7392891287664004,0.1746762837265117,0.4953237162734882
1.05,0.33,0.2,51.25,13.480302409548482,0.7415771162960204,0.1731433320816663,0.4968566679183336
1.05,0.33,0.2,51.5,13.615981320665455,0.743851981589818,0.1716191723348219,0.49838082766517805
1.05,0.33,0.2,51.75,13.752227302880023,0.7461136774032502,0.17010383613982236,0.49989616386017754
1.05,0.33,0.2,52.0,13.889037058166794,0.7483621588927261,0.16859735354187352,0.5014026464581264
1.05,0.33,0.2,52.25,14.026407277587863,0.75059738359888,0.1670997529887504,0.5029002470112495
1.05,0.33,0.2,52.5,14.164334641886725,0.7528193114291694,0.1656110613424565,0.5043889386575434
1.05,0.33,0.2,52.75,14.30281582207768,0.7550279046398148,0.16413130389132405,0.5058686961086759
1.05,0.33,0.2,53.0,14.441847480030763,0.7572231278171039,0.16266050436254037,0.5073394956374595
1.05,0.33,0.2,53.25,14.581426269051837,0.7594049478580778,0.16119868493508788,0.5088013150649121
1.05,0.33,0.2,53.5,14.721548834457794,0.7615733339506239,0.159745866253082,0.510254133746918
1.05,0.33,0.2,53.75,14.862211814146722,0.7637282575529917,0.15830206743949557,0.5116979325605043
1.05,0.33,0.2,54.0,15.00341183916288,0.7658696923727548,0.15686730611025426,0.5131326938897457
1.05,0.33,0.2,54.25,15.145145534256361,0.767997614345239,0.15544159838868982,0.5145584016113101
1.05,0.33,0.2,54.5,15.287409518437252,0.7701120016114374,0.1540249589203369,0.5159750410796631
1.05,0.33,0.2,54.75,15.430200405524237,0.7722128344954307,0.15261740088806144,0.5173825991119385
1.05,0.33,0.2,55.0,15.573514804687523,0.774300095481337,0.15121893602750416,0.5187810639724958
1.05,0.33,0.2,55.25,15.71734932098591,0.7763737691898082,0.1498295746428285,0.5201704253571714
1.05,0.33,0.2,55.5,15.861700555897944,0.7784338423540943,0.1484493256227568,0.5215506743772431
1.05,0.33,0.2,55.75,16.006565107847003,0.780480303795697,0.147078196456883,0.5229218035431169
1.05,0.33,0.2,56.0,16.151939572720323,0.7825131443996295,0.14571619325224822,0.5242838067477517
1.05,0.33,0.2,56.25,16.297820544381704,0.7845323570893059,0.14436332075016503,0.5256366792498349
1.05,0.33,0.2,56.5,16.444204615177963,0.7865379368010769,0.1430195823432785,0.5269804176567214
1.05,0.33,0.2,56.75,16.591088376438933,0.7885298804584349,0.14168498009284863,0.5283150199071514
1.05,0.33,0.2,57.0,16.73846841897099,0.7905081869459026,0.14035951474624522,0.5296404852537547
1.05,0.33,0.2,57.25,16.886341333544024,0.7924728570826304,0.13904318575463764,0.5309568142453623
1.05,0.33,0.2,57.5,17.034703711371773,0.7944238935957153,0.13773599129087075,0.5322640087091292
1.05,0.33,0.2,57.75,17.183552144585434,0.7963613010932667,0.13643792826751128,0.5335620717324887
1.05,0.33,0.2,58.0,17.332883226700528,0.7982850860372308,0.13514899235505534,0.5348510076449445
1.05,0.33,0.2,58.25,17.48269355307695,0.8001952567159974,0.1338691780002817,0.5361308219997183
1.05,0.33,0.2,58.5,17.63297972137211,0.8020918232168031,0.13259847844474193,0.537401521555258
1.05,0.33,0.2,58.75,17.783738331987205,0.8039747973979529,0.13133688574337157,0.5386631142566284
1.05,0.33,0.2,59.0,17.934965988506477,0.8058441928608714,0.13008439078321615,0.5399156092167837
1.05,0.33,0.2,59.25,18.086659298129476,0.8077000249220092,0.12884098330225383,0.5411590166977461
1.05,0.33,0.2,59.5,18.238814872096327,0.8095423105846123,0.12760665190830972,0.5423933480916903
1.05,0.33,0.2,59.75,18.39142932610585,0.8113710685103792,0.12638138409804592,0.543618615901954
1.05,0.33,0.2,60.0,18.54449928072664,0.8131863189910155,0.12516516627601962,0.5448348337239803
1.05,0.33,0.2,60.25,18.698021361800997,0.8149880839197079,0.1239579837737957,0.5460420162262042
1.05,0.33,0.2,60.5,18.851992200841714,0.8167763867625281,0.12275982086910618,0.5472401791308937
1.05,0.33,0.2,60.75,19.006408435421747,0.8185512525297848,0.12157066080504418,0.5484293391949557
1.05,0.33,0.2,61.0,19.161266709556678,0.8203127077473396,0.12039048580928248,0.5496095141907175
1.05,0.33,0.2,61.25,19.31656367407996,0.8220607804278981,0.11921927711330826,0.5507807228866917
1.05,0.33,0.2,61.5,19.472295987011133,0.8237955000422958,0.11805701497166177,0.5519429850283382
1.05,0.33,0.2,61.75,19.62846031391672,0.8255168974907866,0.11690367868117296,0.553096321318827
1.05,0.33,0.2,62.0,19.785053328263977,0.8272250050743535,0.11575924660018315,0.5542407533998168
1.05,0.33,0.2,62.25,19.942071711767504,0.8289198564660514,0.11462369616774556,0.5553763038322543
1.05,0.33,0.2,62.5,20.09951215472873,0.8306014866823961,0.11349700392279462,0.5565029960772053
1.05,0.33,0.2,62.75,20.25737135636813,0.8322699320548127,0.11237914552327548,0.5576208544767245
1.05,0.33,0.2,63.0,20.415646025150473,0.8339252302011544,0.11127009576522655,0.5587299042347734
1.05,0.33,0.2,63.25,20.57433287910279,0.8355674199973053,0.11016982860180542,0.5598301713981945
1.05,0.33,0.2,63.5,20.733428646125404,0.8371965415488797,0.1090783171622506,0.5609216828377493
1.05,0.33,0.2,63.75,20.892930064295847,0.8388126361630236,0.10799553377077419,0.5620044662292257
1.05,0.33,0.2,64.0,21.052833882165668,0.840415746320339,0.10692144996537287,0.563078550034627
1.05,0.33,0.2,64.25,21.21313685905035,0.8420059156469326,0.10585603651655513,0.5641439634834448
1.05,0.33,0.2,64.5,21.373835765312194,0.8435831888866046,0.10479926344597494,0.565200736554025
1.05,0.33,0.2,64.75,21.53492738263627,0.8451476118731849,0.10375110004496613,0.5662488999550338
1.05,0.33,0.2,65.0,21.696408504299512,0.8466992315030291,0.10271151489297052,0.5672884851070294
1.05,0.33,0.2,65.25,21.858275935432896,0.84823809570768,0.10168047587585435,0.5683195241241455
1.05,0.33,0.2,65.5,22.020526493276833,0.8497642534267073,0.10065795020410613,0.5693420497958938
1.05,0.33,0.2,65.75,22.18315700742985,0.8512777545807306,0.09964390443091047,0.5703560955690895
1.05,0.33,0.2,66.0,22.346164320090445,0.8527786500446379,0.09863830447009257,0.5713616955299073
1.05,0.33,0.2,66.25,22.509545286292365,0.8542669916210037,0.09764111561392749,0.5723588843860724
1.05,0.33,0.2,66.5,22.67329677413321,0.8557428320137161,0.09665230255081017,0.5733476974491898
1.05,0.33,0.2,66.75,22.837415664996477,0.8572062248018226,0.09567182938277884,0.5743281706172211
1.05,0.33,0.2,67.0,23.001898853767138,0.858657224413596,0.09469965964289064,0.5753003403571093
1.05,0.33,0.2,67.25,23.166743249040685,0.8600958861008338,0.09373575631244137,0.5762642436875586
1.05,0.33,0.2,67.5,23.331945773325856,0.8615222659133902,0.09278008183802855,0.5772199181619714
1.05,0.33,0.2,67.75,23.49750336324097,0.8629364206739552,0.09183259814845005,0.5781674018515499
1.05,0.33,0.2,68.0,23.663412969704034,0.8643384079530784,0.09089326667143749,0.5791067333285624
1.05,0.33,0.2,68.25,23.829671558116587,0.8657282860444486,0.08996204835021941,0.5800379516497806
1.05,0.33,0.2,68.5,23.99627610854143,0.867106113940432,0.08903890365991053,0.5809610963400894
1.05,0.33,0.2,68.75,24.16322361587428,0.8684719513078741,0.08812379262372431,0.5818762073762757
1.05,0.33,0.2,69.0,24.33051109000937,0.8698258584641705,0.08721667482900576,0.5827833251709942
1.05,0.33,0.2,69.25,24.49813555599912,0.8711678963536115,0.08631750944308031,0.5836824905569197
1.05,0.33,0.2,69.5,24.66609405420798,0.8724981265240014,0.08542625522891907,0.5845737447710808
1.05,0.33,0.2,69.75,24.834383640460338,0.8738166111035615,0.08454287056061381,0.5854571294393861
1.05,0.33,0.2,70.0,25.003001386182852,0.8751234127781151,0.08366731343866286,0.5863326865613371
1.05,0.33,0.2,70.25,25.17194437854096,0.8764185947685621,0.08279954150506338,0.5872004584949365
1.05,0.33,0.2,70.5,25.341209720569907,0.8777022208086421,0.08193951205820976,0.5880604879417901
1.05,0.33,0.2,70.75,25.51079453130017,0.8789743551229932,0.08108718206759458,0.5889128179324054
1.05,0.33,0.2,71.0,25.680695945877495,0.8802350624055053,0.08024250818831144,0.5897574918116885
1.05,0.33,0.2,71.25,25.85091111567756,0.8814844077979718,0.0794054467753589,0.590594553224641
1.05,0.33,0.2,71.5,26.021437208415247,0.8827224568690425,0.07857595389774152,0.5914240461022584
1.05,0.33,0.2,71.75,26.1922714082488,0.883949275593478,0.07775398535236971,0.5922460146476302
1.05,0.33,0.2,72.0,26.363410915878788,0.8851649303317076,0.07693949667775589,0.593060503322244
1.05,0.33,0.2,72.25,26.534852948642005,0.8863694878096935,0.07613244316750535,0.5938675568324946
1.05,0.33,0.2,72.5,26.706594740600345,0.8875630150990997,0.07533277988360317,0.5946672201163967
1.05,0.33,0.2,72.75,26.8786335426248,0.8887455795977706,0.07454046166949371,0.5954595383305062
1.05,0.33,0.2,73.0,27.050966622474597,0.889917249010515,0.0737554431629549,0.596244556837045
1.05,0.33,0.2,73.25,27.22359126487156,0.8910780913302017,0.07297767880876488,0.597022321191235
1.05,0.33,0.2,73.5,27.396504771569766,0.8922281748191617,0.07220712287116164,0.5977928771288383
1.05,0.33,0.2,73.75,27.569704461420734,0.8933675679909019,0.07144372944609573,0.5985562705539043
1.05,0.33,0.2,74.0,27.74318767043376,0.8944963395921267,0.0706874524732751,0.5993125475267248
1.05,0.33,0.2,74.25,27.916951751832215,0.8956145585850698,0.06993824574800324,0.6000617542519967
1.05,0.33,0.2,74.5,28.090994076105133,0.8967222941301347,0.06919606293280973,0.6008039370671902
1.05,0.33,0.2,74.75,28.265312031054627,0.897819615568844,0.06846085756887449,0.6015391424311255
1.05,0.33,0.2,75.0,28.439903021839108,0.898906592407097,0.06773258308724499,0.602267416912755
1.05,0.33,0.2,75.25,28.614764471012254,0.8999832942987328,0.06701119281984902,0.6029888071801509
1.05,0.33,0.2,75.5,28.789893818558063,0.9010497910294026,0.06629664001030022,0.6037033599896997
1.05,0.33,0.2,75.75,28.96528852192175,0.9021061525007452,0.0655888778245007,0.6044111221754992
1.05,0.33,0.2,76.0,29.140946056036768,0.9031524487148663,0.06488785936103955,0.6051121406389603
1.05,0.33,0.2,76.25,29.316863913348158,0.9041887497591237,0.06419353766138713,0.6058064623386128
1.05,0.33,0.2,76.5,29.49303960383182,0.905215125791209,0.06350586571988996,0.60649413428011
1.05,0.33,0.2,76.75,29.669470655010414,0.9062316470245347,0.06282479649356172,0.6071752035064382
1.05,0.33,0.2,77.0,29.846154611965353,0.9072383837139149,0.06215028291167704,0.6078497170883229
1.05,0.33,0.2,77.25,30.023089037345514,0.9082354061415449,0.06148227788516494,0.608517722114835
1.05,0.33,0.2,77.5,30.200271511372293,0.9092227846032745,0.06082073431580605,0.6091792656841939
1.05,0.33,0.2,77.75,30.37769963184137,0.9102005893951752,0.06016560510523259,0.6098343948947673
1.05,0.33,0.2,78.0,30.555371014121086,0.9111688908003956,0.05951684316373491,0.610483156836265
1.05,0.33,0.2,78.25,30.73328329114758,0.9121277590763074,0.058874401418874046,0.6111255985811259
1.05,0.33,0.2,78.5,30.911434113416846,0.9130772644419357,0.05823823282390307,0.6117617671760969
1.05,0.33,0.2,78.75,31.089821148973563,0.9140174770656756,0.05760829036599734,0.6123917096340026
1.05,0.33,0.2,79.0,31.26844208339688,0.9149484670532866,0.056984527074297985,0.6130154729257019
1.05,0.33,0.2,79.25,31.447294619783378,0.9158703044361698,0.05636689602776623,0.6136331039722337
1.05,0.33,0.2,79.5,31.626376478726975,0.9167830591599175,0.05575535036285525,0.6142446496371446
1.05,0.33,0.2,79.75,31.805685398296085,0.9176868010731412,0.05514984328099542,0.6148501567190046
1.05,0.33,0.2,80.0,31.985219134008055,0.9185815999165649,0.05455032805590154,0.6154496719440984
1.1,0.33,0.2,0.0,0.0,0.2,0.5359999999999999,0.13399999999999998
1.1,0.33,0.2,0.25,0.00045661230353116755,0.20366116855900074,0.5335470170654695,0.13645298293453048
1.1,0.33,0.2,0.5,0.0018347216791415877,0.20737198510486296,0.5310607699797417,0.13893923002025818
1.1,0.33,0.2,0.75,0.004146745499973903,0.21113248854694242,0.5285412326735485,0.1414587673264514
1.1,0.33,0.2,1.0,0.007405107761281948,0.21494269283841605,0.5259883957982612,0.14401160420173872
1.1,0.33,0.2,1.25,0.011622232756083317,0.21880258629585592,0.5234022671817765,0.14659773281822344
1.1,0.33,0.2,1.5,0.01681053858231618,0.22271213093198508,0.52078287227557,0.14921712772443
1.1,0.33,0.2,1.75,0.022982430484998373,0.22667126180337227,0.5181302545917406,0.1518697454082594
1.1,0.33,0.2,2.0,0.03015029403737579,0.23067988637485481,0.5154444761288473,0.1545555238711527
1.1,0.33,0.2,2.25,0.03832648816546197,0.23473788390251316,0.5127256177853161,0.1572743822146838
1.1,0.33,0.2,2.5,0.04752333802082165,0.23884510483704258,0.5099737797591815,0.1600262202408185
1.1,0.33,0.2,2.75,0.05775312770694907,0.24300137024939314,0.5071890819329066,0.16281091806709339
1.1,0.33,0.2,3.0,0.06902809286502465,0.2472064712805601,0.5043716642420247,0.16562833575797525
1.1,0.33,0.2,3.25,0.08136041312535325,0.25146016861742054,0.5015216870263283,0.16847831297367175
1.1,0.33,0.2,3.5,0.09476220443119943,0.255762191996515,0.4986393313623349,0.17136066863766503
1.1,0.33,0.2,3.75,0.10924551124226989,0.2601122397376696,0.4957247993757613,0.17427520062423862
1.1,0.33,0.2,4.0,0.12482229862551442,0.26450997830934875,0.4927783145327363,0.17722168546726363
1.1,0.33,0.2,4.25,0.14150444424144237,0.2689550419276078,0.48980012190850275,0.18019987809149718
1.1,0.33,0.2,4.5,0.15930373023456712,0.27344703219049865,0.48679048843236583,0.18320951156763407
1.1,0.33,0.2,4.75,0.1782318350370563,0.2779855177497469,0.4837497031076695,0.18625029689233039
1.1,0.33,0.2,5.0,0.19830032509517315,0.28257003402148256,0.4806780772056067,0.1893219227943933
1.1,0.33,0.2,5.25,0.21952064652844228,0.2872000829377639,0.47757594443169815,0.19242405556830178
1.1,0.33,0.2,5.5,0.24190411673198176,0.2918751327405784,0.4744436610638124,0.1955563389361875
1.1,0.33,0.2,5.75,0.26546191593281554,0.2965946178199457,0.47128160606063635,0.1987183939393636
1.1,0.33,0.2,6.0,0.2902050787113817,0.30135793859767807,0.4680901811395556,0.2019098188604443
1.1,0.33,0.2,6.25,0.31614448549984764,0.30616446145827847,0.46486981082295337,0.20513018917704656
1.1,0.33,0.2,6.5,0.3432908540691859,0.3110135187283713,0.46162094245199115,0.20837905754800876
1.1,0.33,0.2,6.75,0.37165473101731106,0.31590440870596814,0.4583440461670013,0.21165595383299862
1.1,0.33,0.2,7.0,0.40124648327088797,0.32083639574077283,0.45503961485368216,0.21496038514631777
1.1,0.33,0.2,7.25,0.43207628961371936,0.32580871036661924,0.4517081640543651,0.21829183594563487
1.1,0.33,0.2,7.5,0.46415413225484814,0.33082054948702483,0.44835023184369327,0.2216497681563066
1.1,0.33,0.2,7.75,0.49748978844979264,0.33587107661471693,0.4449663786681396,0.22503362133186033
1.1,0.33,0.2,8.0,0.5320928221884764,0.340959422165862,0.4415571871488724,0.22844281285112752
1.1,0.33,0.2,8.25,0.56797257596363,0.34608468380959345,0.43812326184757233,0.2318767381524276
1.1,0.33,0.2,8.5,0.605138162633513,0.3512459268732908,0.4346652289948951,0.23533477100510483
1.1,0.33,0.2,8.75,0.6435984573929909,0.35644218480391665,0.4311837361813758,0.23881626381862414
1.1,0.33,0.2,9.0,0.6833620898669339,0.36167245968556777,0.42767945201066954,0.2423205479893304
1.1,0.33,0.2,9.25,0.7244374363400694,0.36693572281323766,0.4241530657151307,0.2458469342848692
1.1,0.33,0.2,9.5,0.766832612137254,0.3722309153226293,0.42060528673383835,0.2493947132661616
1.1,0.33,0.2,9.75,0.8105554641681878,0.3775569488756934,0.4170368442532854,0.2529631557467146
1.1,0.33,0.2,10.0,0.8556135636504418,0.38291270640139935,0.41344848671106244,0.25655151328893755
1.1,0.33,0.2,10.25,0.902014199024483,0.3882970428910802,0.40984098126297624,0.2601590187370237
1.1,0.33,0.2,10.5,0.9497643690743041,0.3937087862475223,0.40621511321416,0.26378488678583994
1.1,0.33,0.2,10.75,0.9988707762669224,0.3991467381868006,0.40257168541484356,0.26742831458515637
1.1,0.33,0.2,11.0,1.049339820323826,0.4046096751916899,0.39891151762156773,0.2710884823784322
1.1,0.33,0.2,11.25,1.1011775920370601,0.4100963495153178,0.395235445824737,0.2747645541752629
1.1,0.33,0.2,11.5,1.1543898673423767,0.41560549023355237,0.3915443215435198,0.27845567845648006
1.1,0.33,0.2,11.75,1.208982101661388,0.42113580434446,0.38783901108921176,0.28216098891078817
1.1,0.33,0.2,12.0,1.2649594245242701,0.42668597791300467,0.38412039479828686,0.28587960520171307
1.1,0.33,0.2,12.25,1.3223266344841234,0.4322546772590048,0.38038936623646674,0.2896106337635332
1.1,0.33,0.2,12.5,1.3810881943334654,0.4378405501862151,0.37664683137523586,0.29335316862476407
1.1,0.33,0.2,12.75,1.4412482266329327,0.4434422272502526,0.3728937077423307,0.2971062922576692
1.1,0.33,0.2,13.0,1.5028105095615607,0.4490583230629519,0.3691309235478222,0.30086907645217775
1.1,0.33,0.2,13.25,1.5657784730974305,0.45468743763060043,0.3653594167874976,0.30464058321250226
1.1,0.33,0.2,13.5,1.6301551955368474,0.46032815772338465,0.36158013432533226,0.30841986567466767
1.1,0.33,0.2,13.75,1.6959434003594858,0.4659790582732639,0.35779403095691314,0.3122059690430868
1.1,0.33,0.2,14.0,1.7631454534462532,0.4716387037973835,0.35400206845575305,0.3159979315442469
1.1,0.33,0.2,14.25,1.8317633606559034,0.47730564984404567,0.3502052146044894,0.31979478539551054
1.1,0.33,0.2,14.5,1.901798765765629,0.4829784444581737,0.3464044422130236,0.32359555778697635
1.1,0.33,0.2,14.75,1.9732529487801358,0.48865562966313003,0.34260072812570286,0.32739927187429707
1.1,0.33,0.2,15.0,2.046126824612891,0.49433574295569116,0.33879505221968687,0.33120494778031306
1.1,0.33,0.2,15.25,2.120420942142401,0.5000173188109297,0.33498839639667705,0.3350116036033229
1.1,0.33,0.2,15.5,2.1961354836456386,0.5056988901937202,0.33118174357020747,0.33881825642979246
1.1,0.33,0.2,15.75,2.2732702646097938,0.5113789900735551,0.327376076650718,0.34262392334928193
1.1,0.33,0.2,16.0,2.3518247339228253,0.5170561529393546,0.3235723775306324,0.34642762246936754
1.1,0.33,0.2,16.25,2.4317979744423504,0.5227289163109392,0.3197716260716707,0.35022837392832923
1.1,0.33,0.2,16.5,2.51318870394165,0.528395822243863,0.3159747990966118,0.3540252009033881
1.1,0.33,0.2,16.75,2.595995276430704,0.5340554188243172,0.31218286938770745,0.3578171306122925
1.1,0.33,0.2,17.0,2.6802156838493714,0.5397062616508587,0.30839680469392466,0.36160319530607526
1.1,0.33,0.2,17.25,2.7658475581290345,0.5453469152997646,0.30461756674915763,0.3653824332508423
1.1,0.33,0.2,17.5,2.8528881736181884,0.5509759547708749,0.30084611030351377,0.36915388969648616
1.1,0.33,0.2,17.75,2.9413344498667446,0.5565919669108589,0.2970833821697245,0.3729166178302754
1.1,0.33,0.2,18.0,3.0311829547630196,0.5621935518109241,0.2933303202866808,0.3766696797133191
1.1,0.33,0.2,18.25,3.1224299080166418,0.5677793241760808,0.2895878528020258,0.3804121471979741
1.1,0.33,0.2,18.5,3.2150711849799434,0.5733479146631786,0.2858568971756703,0.3841431028243296
1.1,0.33,0.2,18.75,3.3091023207996617,0.5788979711850473,0.2821383593060183,0.3878616406939816
1.1,0.33,0.2,19.0,3.4045185148901917,0.5844281601781934,0.2784331326806104,0.39156686731938956
1.1,0.33,0.2,19.25,3.5013146357189346,0.5899371678316376,0.27474209755280277,0.39525790244719716
1.1,0.33,0.2,19.5,3.599485225893777,0.5954237012746144,0.27106612014600834,0.3989338798539916
1.1,0.33,0.2,19.75,3.699024507542112,0.6008864897210019,0.26740605188692873,0.4025939481130712
1.1,0.33,0.2,20.0,3.799926387970366,0.606324285568497,0.26376272866910694,0.406237271330893
1.1,0.33,0.2,20.25,3.9021844655924616,0.6117358654507127,0.26013697014802245,0.4098630298519775
1.1,0.33,0.2,20.5,4.005792036115246,0.6171200312405267,0.25652957906884705,0.4134704209311529
1.1,0.33,0.2,20.75,4.110742098968515,0.6224756110031843,0.2529413406278665,0.41705865937213343
1.1,0.33,0.2,21.0,4.217027363966868,0.6278014598978144,0.2493730218684643,0.42062697813153566
1.1,0.33,0.2,21.25,4.32464025819039,0.6330964610261945,0.24582537111244962,0.4241746288875503
1.1,0.33,0.2,21.5,4.43357293307083,0.6383595262277653,0.24229911742739724,0.4277008825726027
1.1,0.33,0.2,21.75,4.5438172716696945,0.6435895968200672,0.23879497013055492,0.431205029869445
1.1,0.33,0.2,22.0,4.655364896134609,0.6487856442839397,0.2353136183297604,0.43468638167023954
1.1,0.33,0.2,22.25,4.768207175319952,0.6539466708929932,0.23185573050169453,0.43814426949830537
1.1,0.33,0.2,22.5,4.882335232557935,0.6590717102870299,0.22842195410768992,0.44157804589231003
1.1,0.33,0.2,22.75,4.99773995356595,0.6641598279892509,0.22501291524720188,0.444987084752798
1.1,0.33,0.2,23.0,5.11441199447622,0.6692101218672522,0.22162921834894103,0.44837078165105887
1.1,0.33,0.2,23.25,5.232341789973676,0.6742217225379612,0.21827144589956599,0.45172855410043394
1.1,0.33,0.2,23.5,5.351519561528106,0.6791937937168279,0.2149401582097253,0.45505984179027464
1.1,0.33,0.2,23.75,5.471935325706655,0.684125532511717,0.21163589321714957,0.4583641067828504
1.1,0.33,0.2,24.0,5.5935789025529665,0.6890161696621038,0.20835916632639045,0.4616408336736095
1.1,0.33,0.2,24.25,5.71643992401937,0.6938649697243007,0.20511047028471852,0.4648895297152814
1.1,0.33,0.2,24.5,5.840507842438665,0.6986712312035742,0.20189027509360524,0.4681097249063947
1.1,0.33,0.2,24.75,5.965771939022475,0.703434286634136,0.19869902795512887,0.47130097204487104
1.1,0.33,0.2,25.0,6.092221332373125,0.7081535026081003,0.1955371532525728,0.4744628467474271
1.1,0.33,0.2,25.25,6.219844986996533,0.7128282797546148,0.19240505256440804,0.4775949474355919
1.1,0.33,0.2,25.5,6.3486317218038275,0.7174580526704679,0.18930310471078649,0.48069689528921344
1.1,0.33,0.2,25.75,6.478570218589612,0.7220422898035649,0.18623166583161152,0.48376833416838844
1.1,0.33,0.2,26.0,6.60964903047543,0.7265804932907588,0.1831910694951916,0.48680893050480833
1.1,0.33,0.2,26.25,6.74185659030713,0.7310721987515861,0.18018162683643726,0.48981837316356264
1.1,0.33,0.2,26.5,6.875181218995291,0.7355169750395372,0.1772036267235101,0.49279637327648984
1.1,0.33,0.2,26.75,7.009611133788376,0.7399144239525444,0.17425733595179527,0.49574266404820466
1.1,0.33,0.2,27.0,7.14513445646854,0.7442641799044252,0.1713429994640351,0.4986570005359648
1.1,0.33,0.2,27.25,7.281739221460669,0.7485659095590671,0.16846084059542502,0.5015391594045749
1.1,0.33,0.2,27.5,7.4194133838454235,0.7528193114291694,0.1656110613424565,0.5043889386575434
1.1,0.33,0.2,27.75,7.558144827267791,0.7570241154413968,0.1627938426542641,0.5072061573457358
1.1,0.33,0.2,28.0,7.697921371732879,0.7611800824698143,0.1600093447452244,0.5099906552547755
1.1,0.33,0.2,28.25,7.838730781281331,0.765287003839492,0.15725770742754033,0.5127422925724596
1.1,0.33,0.2,28.5,7.9805607715371005,0.769344700802178,0.15453905046254074,0.5154609495374592
1.1,0.33,0.2,28.75,8.12339901712083,0.7733530239859349,0.15185347392942364,0.5181465260705763
1.1,0.33,0.2,29.0,8.267233158922625,0.7773118528206395,0.1492010586101715,0.5207989413898284
1.1,0.33,0.2,29.25,8.412050811228337,0.7812210949412233,0.1465818663893804,0.5234181336106195
1.1,0.33,0.2,29.5,8.55783956869409,0.785080685570529,0.14399594066774554,0.5260040593322544
1.1,0.33,0.2,29.75,8.70458701316419,0.7888905868836261,0.14144330678797049,0.5285566932120295
1.1,0.33,0.2,30.0,8.85228072032792,0.7926507873554091,0.1389239724718759,0.531076027528124
1.1,0.33,0.2,30.25,9.000908266211418,0.7963613010932667,0.13643792826751128,0.5335620717324887
1.1,0.33,0.2,30.5,9.150457233500951,0.8000221671565824,0.1339851480050898,0.5360148519949102
1.1,0.33,0.2,30.75,9.300915217694671,0.8036334488647768,0.1315655892605995,0.5384344107394005
1.1,0.33,0.2,31.0,9.452269833080088,0.8071952330955718,0.12917919382596685,0.540820806174033
1.1,0.33,0.2,31.25,9.604508718535042,0.8107076295751015,0.12682588818468202,0.5431741118153179
1.1,0.33,0.2,31.5,9.757619543150394,0.8141707701614523,0.12450558399182692,0.545494416008173
1.1,0.33,0.2,31.75,9.911590011672917,0.8175848081231579,0.12221817855748418,0.5477818214425157
1.1,0.33,0.2,32.0,10.066407869767309,0.8209499174141285,0.1199635553325339,0.550036444667466
1.1,0.33,0.2,32.25,10.22206090909668,0.824266291946431,0.11774158439589123,0.5522584156041087
1.1,0.33,0.2,32.5,10.378536972221092,0.8275341448622847,0.11555212294226923,0.5544478770577307
1.1,0.33,0.2,32.75,10.535823957314143,0.8307537078065791,0.113395015769592,0.5566049842304079
1.1,0.33,0.2,33.0,10.693909822697862,0.8339252302011542,0.1112700957652267,0.5587299042347732
1.1,0.33,0.2,33.25,10.852782591196538,0.8370489785220382,0.1091771843902344,0.5608228156097655
1.1,0.33,0.2,33.5,11.012430354310315,0.8401252355807579,0.10711609216089218,0.5628839078391077
1.1,0.33,0.2,33.75,11.172841276209766,0.8431542998107946,0.10508661912676762,0.5649133808732323
1.1,0.33,0.2,34.0,11.334003597552844,0.8461364845601861,0.10308855534467531,0.5669114446553246
1.1,0.33,0.2,34.25,11.49590563912577,0.8490721173912185,0.10112168134788362,0.5688783186521164
1.1,0.33,0.2,34.5,11.658535805309947,0.8519615393880932,0.09918576860997758,0.5708142313900224
1.1,0.33,0.2,34.75,11.821882587376734,0.8548051044733936,0.09728058000282624,0.5727194199971737
1.1,0.33,0.2,35.0,11.985934566612652,0.8576031787341157,0.09540587024814245,0.5745941297518575
1.1,0.33,0.2,35.25,12.150680417277258,0.8603561397579738,0.09356138636215758,0.5764386136378423
1.1,0.33,0.2,35.5,12.316108909396519,0.8630643759806298,0.09174686809297802,0.5782531319070219
1.1,0.33,0.2,35.75,12.482208911394403,0.8657282860444486,0.08996204835021941,0.5800379516497806
1.1,0.33,0.2,36.0,12.648969392565611,0.8683482781693154,0.08820665362655869,0.5817933463734413
1.1,0.33,0.2,36.25,12.816379425392668,0.8709247695360102,0.08648040441087318,0.5835195955891268
1.1,0.33,0.2,36.5,12.984428187710371,0.8734581856825786,0.08478301559267233,0.5852169844073276
1.1,0.33,0.2,36.75,13.153104964721066,0.8759489599140878,0.08311419685756115,0.5868858031424388
1.1,0.33,0.2,37.0,13.322399150864053,0.87839753272611,0.0814736530735063,0.5885263469264936
1.1,0.33,0.2,37.25,13.49230025154258,0.880804351242233,0.07986108466770388,0.590138915332296
1.1,0.33,0.2,37.5,13.662797884712056,0.8831698686658481,0.07827618799388175,0.5917238120061182
1.1,0.33,0.2,37.75,13.83388178233296,0.885494543746427,0.0767186556898939,0.593281344310106
1.1,0.33,0.2,38.0,14.005541791692167,0.887778840260458,0.07518817702549317,0.5948118229745067
1.1,0.33,0.2,38.25,14.177767876596382,0.8900232265071732,0.07368443824019391,0.596315561759806
1.1,0.33,0.2,38.5,14.350550118441312,0.8922281748191617,0.07220712287116164,0.5977928771288383
1.1,0.33,0.2,38.75,14.523878717160422,0.8943941610879287,0.07075591207108778,0.5992440879289122
1.1,0.33,0.2,39.0,14.697743992056882,0.8965216643044287,0.06933048491603276,0.6006695150839672
1.1,0.33,0.2,39.25,14.872136382522594,0.8986111661145695,0.06793051870323843,0.6020694812967615
1.1,0.33,0.2,39.5,15.047046448647892,0.9006631503896524,0.06655568923893289,0.6034443107610671
1.1,0.33,0.2,39.75,15.222464871725755,0.9026781028116893,0.06520567111616819,0.6047943288838318
1.1,0.33,0.2,40.0,15.398382454654204,0.9046565104735114,0.06388013798274737,0.6061198620172525
1.1,0.33,0.2,40.25,15.574790122240543,0.9065988614935584,0.06257876279931587,0.6074212372006841
1.1,0.33,0.2,40.5,15.751678921411129,0.9085056446452159,0.061301218087705354,0.6086987819122945
1.1,0.33,0.2,40.75,15.929040021330254,0.9103773490005486,0.060047176169632455,0.6099528238303674
1.1,0.33,0.2,41.0,16.106864713431797,0.9122144635882583,0.05881630939586693,0.611183690604133
1.1,0.33,0.2,41.25,16.285144411367106,0.9140174770656756,0.05760829036599734,0.6123917096340026
1.1,0.33,0.2,41.5,16.463870650872508,0.9157868774045796,0.05642279213893163,0.6135772078610683
1.1,0.33,0.2,41.75,16.643035089560193,0.9175231515906306,0.055259488434277505,0.6147405115657224
1.1,0.33,0.2,42.0,16.82262950663541,0.9192267853361749,0.05411805382476284,0.6158819461752371
1.1,0.33,0.2,42.25,17.002645802543682,0.9208982628061841,0.05299816391985662,0.6170018360801434
1.1,0.33,0.2,42.5,17.183075998550965,0.9225380663570709,0.05189949554076248,0.6181005044592375
1.1,0.33,0.2,42.75,17.36391223626027,0.9241466762881152,0.05082172688696281,0.6191782731130371
1.1,0.33,0.2,43.0,17.545146777067536,0.9257245706052317,0.049764537694494744,0.6202354623055052
1.1,0.33,0.2,43.25,17.726772001560015,0.927272224796796,0.04872760938614664,0.6212723906138533
1.1,0.33,0.2,43.5,17.908780408860146,0.9287901116212467,0.04771062521376471,0.6222893747862352
1.1,0.33,0.2,43.75,18.091164615917684,0.9302787009061689,0.04671327039286681,0.6232867296071332
1.1,0.33,0.2,44.0,18.27391735675302,0.9317384593585718,0.04573523222975689,0.6242647677702431
1.1,0.33,0.2,44.25,18.457031481654525,0.933169850386054,0.04477620024134379,0.6252237997586562
1.1,0.33,0.2,44.5,18.64049995633237,0.9345733339285656,0.04383586626786107,0.6261641337321389
1.1,0.33,0.2,44.75,18.824315861031735,0.9359493663004584,0.04291392457869284,0.6270860754213071
1.1,0.33,0.2,45.0,19.008472389607654,0.937298400042529,0.042010071971505594,0.6279899280284943
1.1,0.33,0.2,45.25,19.19296284856416,0.9386208837837479,0.04112400786488893,0.628875992135111
1.1,0.33,0.2,45.5,19.37778065606004,0.9399172621123774,0.04025543438470716,0.6297445656152928
1.1,0.33,0.2,45.75,19.562919340883482,0.9411879754561745,0.03940405644436308,0.6305959435556369
1.1,0.33,0.2,46.0,19.74837254139789,0.9424334599713852,0.03856958181917193,0.631430418180828
1.1,0.33,0.2,46.25,19.93413400446105,0.9436541474402302,0.03775172121504573,0.6322482787849542
1.1,0.33,0.2,46.5,20.12019758431962,0.9448504651765917,0.036950188331683585,0.6330498116683163
1.1,0.33,0.2,46.75,20.306557241481116,0.9460228359396105,0.036164699920460994,0.6338353000795389
1.1,0.33,0.2,47.0,20.493207041565192,0.947171677854907,0.03539497583721233,0.6346050241627876
1.1,0.33,0.2,47.25,20.68014115413623,0.9482974043431454,0.03464073909009261,0.6353592609099074
1.1,0.33,0.2,47.5,20.867353851518867,0.9494004240556598,0.03390171588270791,0.636098284117292
1.1,0.33,0.2,47.75,21.054839507598334,0.9504811408168734,0.03317763565269482,0.6368223643473051
1.1,0.33,0.2,48.0,21.24259259660724,0.9515399535732371,0.03246823110593117,0.6375317688940688
1.1,0.33,0.2,48.25,21.430607691900313,0.9525772563484292,0.03177323824655246,0.6382267617534475
1.1,0.33,0.2,48.5,21.618879464718745,0.953593438204553,0.031092396402949488,0.6389076035970505
1.1,0.33,0.2,48.75,21.80740268294557,0.9545888832090836,0.03042544824991396,0.6395745517500859
1.1,0.33,0.2,49.0,21.996172209853437,0.9555639704073128,0.029772139827100436,0.6402278601728995
1.1,0.33,0.2,49.25,22.185183002846166,0.956519073800054,0.02913222055396384,0.6408677794460361
1.1,0.33,0.2,49.5,22.374430112195363,0.9574545623263684,0.028505443241333178,0.6414945567586667
1.1,0.33,0.2,49.75,22.563908679773327,0.9583707998510851,0.02789156409977299,0.6421084359002269
1.1,0.33,0.2,50.0,22.753613937783463,0.9592681451568877,0.02729034274488521,0.6427096572551148
1.1,0.33,0.2,50.25,22.94354120748908,0.9601469519407541,0.02670154219969478,0.6432984578003051
1.1,0.33,0.2,50.5,23.1336858979421,0.9610075688145314,0.026124928894263946,0.6438750711057359
1.1,0.33,0.2,50.75,23.324043504712193,0.9618503393094471,0.025560272662670455,0.6444397273373295
1.1,0.33,0.2,51.0,23.514609608617555,0.9626756018843485,0.02500734673748648,0.6449926532625134
1.1,0.33,0.2,51.25,23.705379874458238,0.9634836899374843,0.024465927741885485,0.6455340722581144
1.1,0.33,0.2,51.5,23.896350049752836,0.9642749318216334,0.023935795679505635,0.6460642043204943
1.1,0.33,0.2,51.75,24.087515963479348,0.965049650862404,0.023416733922189306,0.6465832660778106
1.1,0.33,0.2,52.0,24.278873524820916,0.9658081653795231,0.022908529195719538,0.6470914708042804
1.1,0.33,0.2,52.25,24.470418721917397,0.9665507887109482,0.02241097156366468,0.6475890284363353
1.1,0.33,0.2,52.5,24.66214762062318,0.9672778292396361,0.021923854409443794,0.6480761455905562
1.1,0.33,0.2,52.75,24.85405636327202,0.9679895904228075,0.02144697441671896,0.648553025583281
1.1,0.33,0.2,53.0,25.04614116744954,0.9686863708235584,0.020980131548215902,0.649019868451784
1.1,0.33,0.2,53.25,25.23839832477389,0.9693684641446657,0.020523129023073974,0.649476870976926
1.1,0.33,0.2,53.5,25.43082419968507,0.9700361592644472,0.020075773292820377,0.6499242267071795
1.1,0.33,0.2,53.75,25.623415228243502,0.9706897402745384,0.019637874016059296,0.6503621259839406
1.1,0.33,0.2,54.0,25.8161679169383,0.971329486519453,0.019209244031966523,0.6507907559680334
1.1,0.33,0.2,54.25,26.009078841505634,0.9719556726378015,0.018789699332673014,0.6512103006673269
1.1,0.33,0.2,54.5,26.20214464575745,0.9725685686050446,0.018379059034620122,0.6516209409653798
1.1,0.33,0.2,54.75,26.395362040421304,0.9731684397776657,0.017977145348964014,0.6520228546510359
1.1,0.33,0.2,55.0,26.58872780199121,0.9737555469386479,0.017583783551105937,0.652416216448894
1.1,0.33,0.2,55.25,26.78223877159012,0.9743301463441514,0.01719880194941857,0.6528011980505813
1.1,0.33,0.2,55.5,26.975891853844068,0.9748924897712843,0.016822031853239525,0.6531779681467604
1.1,0.33,0.2,55.75,27.16968401576863,0.9754428245668699,0.016453307540197148,0.6535466924598028
1.1,0.33,0.2,56.0,27.36361228566743,0.9759813936971167,0.01609246622293183,0.6539075337770681
1.1,0.33,0.2,56.25,27.557673752043307,0.976508435798098,0.015739348015274348,0.6542606519847256
1.1,0.33,0.2,56.5,27.7518655625222,0.9770241852269591,0.015393795897937396,0.6546062041020625
1.1,0.33,0.2,56.75,27.946184922789875,0.9775288721137646,0.015055655683777714,0.6549443443162222
1.1,0.33,0.2,57.0,28.140629095541655,0.978022722413911,0.014724775982679647,0.6552752240173203
1.1,0.33,0.2,57.25,28.335195399445375,0.97850595796103,0.014401008166109888,0.65559899183389
1.1,0.33,0.2,57.5,28.529881208117658,0.9789787965203065,0.014084206331394641,0.6559157936686053
1.1,0.33,0.2,57.75,28.724683949113416,0.9794414518421497,0.013774227265759699,0.6562257727342402
1.1,0.33,0.2,58.0,28.919601102928937,0.9798941337161484,0.013470930410180559,0.6565290695898194
1.1,0.33,0.2,58.25,29.114630202018446,0.980337048025251,0.01317417782308182,0.6568258221769181
1.1,0.33,0.2,58.5,29.309768829824257,0.9807703968001114,0.012883834143925391,0.6571161658560746
1.1,0.33,0.2,58.75,29.50501461982045,0.9811943782735464,0.01259976655672392,0.657400233443276
1.1,0.33,0.2,59.0,29.700365254570283,0.9816091869350522,0.012321844753515046,0.6576781552464849
1.1,0.33,0.2,59.25,29.89581846479713,0.9820150135853299,0.012049940897828937,0.657950059102171
1.1,0.33,0.2,59.5,30.09137202846916,0.9824120453907739,0.011783929588181506,0.6582160704118184
1.1,0.33,0.2,59.75,30.287023769897452,0.9828004659378795,0.011523687821620728,0.6584763121783792
1.1,0.33,0.2,60.0,30.482771558847944,0.9831804552875273,0.011269094957356715,0.6587309050426432
1.1,0.33,0.2,60.25,30.678613309666712,0.9835521900291055,0.011020032680499284,0.6589799673195006
1.1,0.33,0.2,60.5,30.874546980418828,0.9839158433344344,0.010776384965928964,0.659223615034071
1.1,0.33,0.2,60.75,31.070570572040765,0.9842715850114547,0.01053803804232533,0.6594619619576746
1.1,0.33,0.2,61.0,31.26668212750603,0.9846195815576545,0.010304880356371483,0.6596951196436285
1.1,0.33,0.2,61.25,31.46287973100427,0.9849599962131951,0.010076802537159297,0.6599231974628407
1.1,0.33,0.2,61.5,31.659161507133465,0.9852929890137149,0.009853697360811035,0.6601463026391889
1.1,0.33,0.2,61.75,31.855525620105446,0.9856187168427808,0.009635459715336867,0.6603645402846631
1.1,0.33,0.2,62.0,32.05197027296434,0.985937333483965,0.009421986565743482,0.6605780134342565
1.1,0.33,0.2,62.25,32.24849370681803,0.9862489896725197,0.009213176919411783,0.6607868230805881
1.1,0.33,0.2,62.5,32.44509420008257,0.9865538331466349,0.009008931791754604,0.6609910682082453
1.1,0.33,0.2,62.75,32.64177006773919,0.9868520086982523,0.008809154172170963,0.6611908458278289
1.1,0.33,0.2,63.0,32.83851966060407,0.9871436582234235,0.008613748990306229,0.6613862510096937
1.1,0.33,0.2,63.25,33.03534136461063,0.9874289207721921,0.00842262308263127,0.6615773769173686
1.1,0.33,0.2,63.5,33.23223360010421,0.9877079325979827,0.00823568515935157,0.6617643148406483
1.1,0.33,0.2,63.75,33.42919482114902,0.9879808272064887,0.008052845771652556,0.6619471542283474
1.1,0.33,0.2,64.0,33.626223514847254,0.9882477354040398,0.007874017279293358,0.6621259827207066
1.1,0.33,0.2,64.25,33.82331820067026,0.98850878534544,0.007699113818555229,0.6623008861814447
1.1,0.33,0.2,64.5,34.020477429801616,0.9887641025812662,0.007528051270551621,0.6624719487294483
1.1,0.33,0.2,64.75,34.21769978449183,0.9890138101046191,0.007360747229905213,0.6626392527700947
1.1,0.33,0.2,65.0,34.41498387742487,0.9892580283973121,0.007197120973800866,0.662802879026199
1.1,0.33,0.2,65.25,34.612328351096,0.9894968754754989,0.0070370934314157255,0.6629629065685843
1.1,0.33,0.2,65.5,34.80973187720098,0.9897304669347269,0.006880587153732988,0.663119412846267
1.1,0.33,0.2,65.75,35.00719315603655,0.989958915994415,0.006727526283741956,0.663272473716258
1.1,0.33,0.2,66.0,35.20471091591184,0.9901823335417475,0.006577836527029208,0.6634221634729707
1.1,0.33,0.2,66.25,35.40228391257082,0.9904008281749825,0.0064314451227616976,0.6635685548772382
1.1,0.33,0.2,66.5,35.59991092862529,0.9906145062461732,0.006288280815063956,0.663711719184936
1.1,0.33,0.2,66.75,35.79759077299874,0.9908234719032925,0.006148273824794056,0.6638517261752058
1.1,0.33,0.2,67.0,35.99532228038046,0.9910278271317691,0.0060113558217147235,0.6639886441782852
1.1,0.33,0.2,67.25,36.193104310689996,0.9912276717954251,0.005877459897065151,0.6641225401029348
1.1,0.33,0.2,67.5,36.39093574855197,0.9914231036768207,0.005746520536530105,0.6642534794634698
1.1,0.33,0.2,67.75,36.588815502780534,0.9916142185170005,0.0056184735936096715,0.6643815264063903
1.1,0.33,0.2,68.0,36.78674250587405,0.991801110054648,0.005493256263385844,0.6645067437366141
1.1,0.33,0.2,68.25,36.98471571351925,0.9919838700646441,0.005370807056688481,0.6646291929433115
1.1,0.33,0.2,68.5,37.18273410410506,0.9921625883960329,0.005251065774657966,0.664748934225342
1.1,0.33,0.2,68.75,37.38079667824591,0.992337353009399,0.005133973483702697,0.6648660265162972
1.1,0.33,0.2,69.0,37.57890245831405,0.9925082500136537,0.005019472490852004,0.6649805275091479
1.1,0.33,0.2,69.25,37.77705048798136,0.9926753637022377,0.0049075063195007105,0.6650924936804992
1.1,0.33,0.2,69.5,37.97523983176984,0.9928387765887408,0.004798019685543693,0.6652019803144562
1.1,0.33,0.2,69.75,38.17346957461104,0.9929985694419422,0.0046909584738987235,0.6653090415261012
1.1,0.33,0.2,70.0,38.37173882141423,0.9931548213202755,0.004586269715415382,0.6654137302845845
1.1,0.33,0.2,70.25,38.570046696643004,0.9933076096057231,0.004483901564165547,0.6655160984358344
1.1,0.33,0.2,70.5,38.768392343900395,0.9934570100371428,0.004383803275114311,0.6656161967248856
1.1,0.33,0.2,70.75,38.96677492552217,0.993603096743032,0.004285925182168531,0.6657140748178314
1.1,0.33,0.2,71.0,39.165193622178265,0.9937459422737349,0.004190218676597605,0.6658097813234023
1.1,0.33,0.2,71.25,39.36364763248229,0.9938856176330966,0.004096636185825295,0.6659033638141746
1.1,0.33,0.2,71.5,39.5621361726087,0.9940221923095692,0.004005131152588616,0.6659948688474113
1.1,0.33,0.2,71.75,39.76065847591784,0.9941557343067772,0.003915658014459294,0.6660843419855407
1.1,0.33,0.2,72.0,39.95921379258852,0.9942863101735443,0.003828172183725321,0.6661718278162746
1.1,0.33,0.2,72.25,40.157801389257926,0.9944139850333917,0.0037426300276275377,0.6662573699723724
1.1,0.33,0.2,72.5,40.356420548669035,0.9945388226135088,0.0036589888489491113,0.6663410111510508
1.1,0.33,0.2,72.75,40.555070569325025,0.9946608852732076,0.0035772068669508955,0.6664227931330491
1.1,0.33,0.2,73.0,40.753750765150876,0.9947802340318608,0.003497243198653279,0.6665027568013466
1.1,0.33,0.2,73.25,40.95246046516169,0.9948969285963364,0.003419057840454623,0.6665809421595453
1.1,0.33,0.2,73.5,41.15119901313812,0.9950110273879287,0.003342611650087783,0.6666573883499122
1.1,0.33,0.2,73.75,41.349965767308184,0.9951225875687968,0.00326786632890615,0.6667321336710937
1.1,0.33,0.2,74.0,41.548760100035736,0.9952316650679145,0.003194784404497288,0.6668052155955027
1.1,0.33,0.2,74.25,41.74758139751538,0.9953383146065383,0.0031233292136193243,0.6668766707863806
1.1,0.33,0.2,74.5,41.94642905947372,0.995442589723201,0.0030534648854553376,0.6669465351145446
1.1,0.33,0.2,74.75,42.14530249887667,0.9955445427982366,0.002985156325181501,0.6670148436748184
1.1,0.33,0.2,75.0,42.34420114164297,0.995644225077842,0.0029183691978458565,0.6670816308021541
1.1,0.33,0.2,75.25,42.54312442636363,0.9957416866976859,0.002853069912550431,0.6671469300874495
1.1,0.33,0.2,75.5,42.74207180402715,0.9958369767060656,0.0027892256069360242,0.6672107743930639
1.1,0.33,0.2,75.75,42.94104273775058,0.9959301430866238,0.0027268041319620847,0.6672731958680378
1.1,0.33,0.2,76.0,43.140036702516085,0.9960212327806289,0.0026657740369786173,0.6673342259630213
1.1,0.33,0.2,76.25,43.339053184913176,0.996110291708826,0.0026061045550865567,0.6673938954449133
1.1,0.33,0.2,76.5,43.538091682886204,0.9961973647928655,0.002547765588780135,0.6674522344112198
1.1,0.33,0.2,76.75,43.73715170548722,0.9962824959763157,0.0024907276958684907,0.6675092723041315
1.1,0.33,0.2,77.0,43.93623277263409,0.9963657282452661,0.0024349620756716813,0.6675650379243282
1.1,0.33,0.2,77.25,44.1353344148736,0.9964471036485274,0.0023804405554866425,0.6676195594445132
1.1,0.33,0.2,77.5,44.33445617314965,0.9965266633174342,0.002327135577319069,0.6676728644226808
1.1,0.33,0.2,77.75,44.53359759857632,0.9966044474852594,0.0022750201848761695,0.6677249798151238
1.1,0.33,0.2,78.0,44.73275825221576,0.9966804955062438,0.0022240680108166376,0.6677759319891833
1.1,0.33,0.2,78.25,44.93193770486071,0.9967548458742478,0.0021742532642539834,0.6678257467357459
1.1,0.33,0.2,78.5,45.13113553682174,0.9968275362410327,0.0021255507185080854,0.6678744492814919
1.1,0.33,0.2,78.75,45.330351337718994,0.996898603434178,0.0020779356991007256,0.6679220643008992
1.1,0.33,0.2,79.0,45.5295847062783,0.9969680834746381,0.0020313840719925025,0.6679686159280074
1.1,0.33,0.2,79.25,45.728835250131695,0.9970360115939481,0.0019858722320548017,0.6680141277679451
1.1,0.33,0.2,79.5,45.92810258562219,0.9971024222510834,0.0019413770917741456,0.6680586229082258
1.1,0.33,0.2,79.75,46.127386337612684,0.9971673491489776,0.0018978760701849782,0.6681021239298149
1.1,0.33,0.2,80.0,46.326686139299014,0.9972308252507068,0.0018553470820264226,0.6681446529179735
